key	value
Figure_S8|ax00|xlim	-0.6,1.6
Figure_S8|ax00|ylim	-48.6100244,86.4112836
Figure_S8|ax00|xscale	linear
Figure_S8|ax00|yscale	linear
Figure_S8|ax00|xlabel	CheckM2-based curation filter
Figure_S8|ax00|ylabel	Signed completeness error (pp)
Figure_S8|ax00|title	
Figure_S8|ax00|xticks	0,1
Figure_S8|ax00|yticks	-60,-40,-20,0,20,40,60,80,100
Figure_S8|ax00|xticklabels	would have
PASSED␟would have
FAILED
Figure_S8|ax00|yticklabels	−60␟−40␟−20␟0␟20␟40␟60␟80␟100
Figure_S8|ax00|line000|xy	-0.2925,-0.5404925,-0.2925,-11.255125
Figure_S8|ax00|line000|marker	
Figure_S8|ax00|line000|ls	-
Figure_S8|ax00|line001|xy	-0.2925,6.67884425,-0.2925,17.49291
Figure_S8|ax00|line001|marker	
Figure_S8|ax00|line001|ls	-
Figure_S8|ax00|line002|xy	-0.309075,-11.255125,-0.275925,-11.255125
Figure_S8|ax00|line002|marker	
Figure_S8|ax00|line002|ls	-
Figure_S8|ax00|line003|xy	-0.309075,17.49291,-0.275925,17.49291
Figure_S8|ax00|line003|marker	
Figure_S8|ax00|line003|ls	-
Figure_S8|ax00|line004|xy	-0.32565,2.122695,-0.25935,2.122695
Figure_S8|ax00|line004|marker	
Figure_S8|ax00|line004|ls	-
Figure_S8|ax00|line005|xy	-0.2925,3.26356271
Figure_S8|ax00|line005|marker	o
Figure_S8|ax00|line005|ls	None
Figure_S8|ax00|line006|xy	-0.0975,3.13559025,-0.0975,-21.186892
Figure_S8|ax00|line006|marker	
Figure_S8|ax00|line006|ls	-
Figure_S8|ax00|line007|xy	-0.0975,20.2962365,-0.0975,45.359044
Figure_S8|ax00|line007|marker	
Figure_S8|ax00|line007|ls	-
Figure_S8|ax00|line008|xy	-0.114075,-21.186892,-0.080925,-21.186892
Figure_S8|ax00|line008|marker	
Figure_S8|ax00|line008|ls	-
Figure_S8|ax00|line009|xy	-0.114075,45.359044,-0.080925,45.359044
Figure_S8|ax00|line009|marker	
Figure_S8|ax00|line009|ls	-
Figure_S8|ax00|line010|xy	-0.13065,12.4260165,-0.06435,12.4260165
Figure_S8|ax00|line010|marker	
Figure_S8|ax00|line010|ls	-
Figure_S8|ax00|line011|xy	-0.0975,12.8070541
Figure_S8|ax00|line011|marker	^
Figure_S8|ax00|line011|ls	None
Figure_S8|ax00|line012|xy	0.0975,0,0.0975,-15.0498979
Figure_S8|ax00|line012|marker	
Figure_S8|ax00|line012|ls	-
Figure_S8|ax00|line013|xy	0.0975,10.2497882,0.0975,25.326927
Figure_S8|ax00|line013|marker	
Figure_S8|ax00|line013|ls	-
Figure_S8|ax00|line014|xy	0.080925,-15.0498979,0.114075,-15.0498979
Figure_S8|ax00|line014|marker	
Figure_S8|ax00|line014|ls	-
Figure_S8|ax00|line015|xy	0.080925,25.326927,0.114075,25.326927
Figure_S8|ax00|line015|marker	
Figure_S8|ax00|line015|ls	-
Figure_S8|ax00|line016|xy	0.06435,4.68792769,0.13065,4.68792769
Figure_S8|ax00|line016|marker	
Figure_S8|ax00|line016|ls	-
Figure_S8|ax00|line017|xy	0.0975,5.40447351
Figure_S8|ax00|line017|marker	D
Figure_S8|ax00|line017|ls	None
Figure_S8|ax00|line018|xy	0.2925,4.72895847,0.2925,-22.7376555
Figure_S8|ax00|line018|marker	
Figure_S8|ax00|line018|ls	-
Figure_S8|ax00|line019|xy	0.2925,23.943988,0.2925,52.3595463
Figure_S8|ax00|line019|marker	
Figure_S8|ax00|line019|ls	-
Figure_S8|ax00|line020|xy	0.275925,-22.7376555,0.309075,-22.7376555
Figure_S8|ax00|line020|marker	
Figure_S8|ax00|line020|ls	-
Figure_S8|ax00|line021|xy	0.275925,52.3595463,0.309075,52.3595463
Figure_S8|ax00|line021|marker	
Figure_S8|ax00|line021|ls	-
Figure_S8|ax00|line022|xy	0.25935,13.4061825,0.32565,13.4061825
Figure_S8|ax00|line022|marker	
Figure_S8|ax00|line022|ls	-
Figure_S8|ax00|line023|xy	0.2925,15.1645615
Figure_S8|ax00|line023|marker	v
Figure_S8|ax00|line023|ls	None
Figure_S8|ax00|line024|xy	0.7075,-0.92008875,0.7075,-12.67842
Figure_S8|ax00|line024|marker	
Figure_S8|ax00|line024|ls	-
Figure_S8|ax00|line025|xy	0.7075,6.987501,0.7075,18.693416
Figure_S8|ax00|line025|marker	
Figure_S8|ax00|line025|ls	-
Figure_S8|ax00|line026|xy	0.690925,-12.67842,0.724075,-12.67842
Figure_S8|ax00|line026|marker	
Figure_S8|ax00|line026|ls	-
Figure_S8|ax00|line027|xy	0.690925,18.693416,0.724075,18.693416
Figure_S8|ax00|line027|marker	
Figure_S8|ax00|line027|ls	-
Figure_S8|ax00|line028|xy	0.67435,2.2838845,0.74065,2.2838845
Figure_S8|ax00|line028|marker	
Figure_S8|ax00|line028|ls	-
Figure_S8|ax00|line029|xy	0.7075,3.23559547
Figure_S8|ax00|line029|marker	o
Figure_S8|ax00|line029|ls	None
Figure_S8|ax00|line030|xy	0.9025,0,0.9025,-26.94
Figure_S8|ax00|line030|marker	
Figure_S8|ax00|line030|ls	-
Figure_S8|ax00|line031|xy	0.9025,19.9193965,0.9025,49.775765
Figure_S8|ax00|line031|marker	
Figure_S8|ax00|line031|ls	-
Figure_S8|ax00|line032|xy	0.885925,-26.94,0.919075,-26.94
Figure_S8|ax00|line032|marker	
Figure_S8|ax00|line032|ls	-
Figure_S8|ax00|line033|xy	0.885925,49.775765,0.919075,49.775765
Figure_S8|ax00|line033|marker	
Figure_S8|ax00|line033|ls	-
Figure_S8|ax00|line034|xy	0.86935,10.570948,0.93565,10.570948
Figure_S8|ax00|line034|marker	
Figure_S8|ax00|line034|ls	-
Figure_S8|ax00|line035|xy	0.9025,10.6259505
Figure_S8|ax00|line035|marker	^
Figure_S8|ax00|line035|ls	None
Figure_S8|ax00|line036|xy	1.0975,0,1.0975,-16.1998288
Figure_S8|ax00|line036|marker	
Figure_S8|ax00|line036|ls	-
Figure_S8|ax00|line037|xy	1.0975,10.8561933,1.0975,27.1067328
Figure_S8|ax00|line037|marker	
Figure_S8|ax00|line037|ls	-
Figure_S8|ax00|line038|xy	1.080925,-16.1998288,1.114075,-16.1998288
Figure_S8|ax00|line038|marker	
Figure_S8|ax00|line038|ls	-
Figure_S8|ax00|line039|xy	1.080925,27.1067328,1.114075,27.1067328
Figure_S8|ax00|line039|marker	
Figure_S8|ax00|line039|ls	-
Figure_S8|ax00|line040|xy	1.06435,5.53008215,1.13065,5.53008215
Figure_S8|ax00|line040|marker	
Figure_S8|ax00|line040|ls	-
Figure_S8|ax00|line041|xy	1.0975,5.75897599
Figure_S8|ax00|line041|marker	D
Figure_S8|ax00|line041|ls	None
Figure_S8|ax00|line042|xy	1.2925,0.800686694,1.2925,-30.6051559
Figure_S8|ax00|line042|marker	
Figure_S8|ax00|line042|ls	-
Figure_S8|ax00|line043|xy	1.2925,21.7697033,1.2925,53.0878517
Figure_S8|ax00|line043|marker	
Figure_S8|ax00|line043|ls	-
Figure_S8|ax00|line044|xy	1.275925,-30.6051559,1.309075,-30.6051559
Figure_S8|ax00|line044|marker	
Figure_S8|ax00|line044|ls	-
Figure_S8|ax00|line045|xy	1.275925,53.0878517,1.309075,53.0878517
Figure_S8|ax00|line045|marker	
Figure_S8|ax00|line045|ls	-
Figure_S8|ax00|line046|xy	1.25935,10.4522988,1.32565,10.4522988
Figure_S8|ax00|line046|marker	
Figure_S8|ax00|line046|ls	-
Figure_S8|ax00|line047|xy	1.2925,11.8743101
Figure_S8|ax00|line047|marker	v
Figure_S8|ax00|line047|ls	None
Figure_S8|ax00|line048|xy	0,0,1,0
Figure_S8|ax00|line048|marker	None
Figure_S8|ax00|line048|ls	--
Figure_S8|ax00|coll000|offsets	0,0
Figure_S8|ax00|coll000|verts	-0.292349034,-38.595387,-0.292650966,-38.595387,-0.292653686,-37.7485119,-0.292660795,-36.9016368,-0.29270231,-36.0547616,-0.292770732,-35.2078865,-0.292823355,-34.3610114,-0.29282784,-33.5141363,-0.292789024,-32.6672612,-0.292728097,-31.820386,-0.292659417,-30.9735109,-0.29259446,-30.1266358,-0.292546744,-29.2797607,-0.292525263,-28.4328855,-0.292533813,-27.5860104,-0.292576665,-26.7391353,-0.292653833,-25.8922602,-0.292747821,-25.0453851,-0.292825927,-24.1985099,-0.292866105,-23.3516348,-0.292877863,-22.5047597,-0.292893588,-21.6578846,-0.292943841,-20.8110095,-0.293042337,-19.9641343,-0.293189129,-19.1172592,-0.293382683,-18.2703841,-0.293626269,-17.423509,-0.293924964,-16.5766338,-0.294277063,-15.7297587,-0.294672973,-14.8828836,-0.295128313,-14.0360085,-0.295723175,-13.1891334,-0.296553124,-12.3422582,-0.297603136,-11.4953831,-0.29871811,-10.648508,-0.29976657,-9.80163288,-0.30083471,-8.95475776,-0.302213926,-8.10788264,-0.304211219,-7.26100752,-0.307044007,-6.41413239,-0.310950894,-5.56725727,-0.31643931,-4.72038215,-0.324476084,-3.87350703,-0.336176234,-3.02663191,-0.351521157,-2.17975679,-0.367822564,-1.33288167,-0.380236025,-0.486006545,-0.385125,0.360868576,-0.382835251,1.2077437,-0.376514892,2.05461882,-0.368953031,2.90149394,-0.361265664,3.74836906,-0.35366523,4.59524418,-0.34634165,5.4421193,-0.33963722,6.28899442,-0.33386071,7.13586955,-0.32908091,7.98274467,-0.325100286,8.82961979,-0.321667621,9.67649491,-0.318649381,10.52337,-0.31596488,11.3702452,-0.313523482,12.2171203,-0.311285316,13.0639954,-0.309227452,13.9108705,-0.30722607,14.7577456,-0.305120539,15.6046208,-0.302951707,16.4514959,-0.301045133,17.298371,-0.299733302,18.1452461,-0.298981241,18.9921212,-0.2983975,19.8389964,-0.297656073,20.6858715,-0.296804147,21.5327466,-0.296104397,22.3796217,-0.29568272,23.2264968,-0.295424584,24.073372,-0.295155066,24.9202471,-0.29480638,25.7671222,-0.29441061,26.6139973,-0.294025222,27.4608725,-0.293693865,28.3077476,-0.293428004,29.1546227,-0.293215955,30.0014978,-0.293060987,30.8483729,-0.292984811,31.6952481,-0.292986748,32.5421232,-0.293023888,33.3889983,-0.293036518,34.2358734,-0.292986828,35.0827485,-0.292878546,35.9296237,-0.29274724,36.7764988,-0.292633152,37.6233739,-0.292558019,38.470249,-0.292520215,39.3171242,-0.292506346,40.1639993,-0.292505415,41.0108744,-0.29251529,41.8577495,-0.292540332,42.7046246,-0.292581256,43.5514998,-0.29262374,44.3983749,-0.292642363,45.24525,-0.292357637,45.24525,-0.292357637,45.24525,-0.29237626,44.3983749,-0.292418744,43.5514998,-0.292459668,42.7046246,-0.29248471,41.8577495,-0.292494585,41.0108744,-0.292493654,40.1639993,-0.292479785,39.3171242,-0.292441981,38.470249,-0.292366848,37.6233739,-0.29225276,36.7764988,-0.292121454,35.9296237,-0.292013172,35.0827485,-0.291963482,34.2358734,-0.291976112,33.3889983,-0.292013252,32.5421232,-0.292015189,31.6952481,-0.291939013,30.8483729,-0.291784045,30.0014978,-0.291571996,29.1546227,-0.291306135,28.3077476,-0.290974778,27.4608725,-0.29058939,26.6139973,-0.29019362,25.7671222,-0.289844934,24.9202471,-0.289575416,24.073372,-0.28931728,23.2264968,-0.288895603,22.3796217,-0.288195853,21.5327466,-0.287343927,20.6858715,-0.2866025,19.8389964,-0.286018759,18.9921212,-0.285266698,18.1452461,-0.283954867,17.298371,-0.282048293,16.4514959,-0.279879461,15.6046208,-0.27777393,14.7577456,-0.275772548,13.9108705,-0.273714684,13.0639954,-0.271476518,12.2171203,-0.26903512,11.3702452,-0.266350619,10.52337,-0.263332379,9.67649491,-0.259899714,8.82961979,-0.25591909,7.98274467,-0.25113929,7.13586955,-0.24536278,6.28899442,-0.23865835,5.4421193,-0.23133477,4.59524418,-0.223734336,3.74836906,-0.216046969,2.90149394,-0.208485108,2.05461882,-0.202164749,1.2077437,-0.199875,0.360868576,-0.204763975,-0.486006545,-0.217177436,-1.33288167,-0.233478843,-2.17975679,-0.248823766,-3.02663191,-0.260523916,-3.87350703,-0.26856069,-4.72038215,-0.274049106,-5.56725727,-0.277955993,-6.41413239,-0.280788781,-7.26100752,-0.282786074,-8.10788264,-0.28416529,-8.95475776,-0.28523343,-9.80163288,-0.28628189,-10.648508,-0.287396864,-11.4953831,-0.288446876,-12.3422582,-0.289276825,-13.1891334,-0.289871687,-14.0360085,-0.290327027,-14.8828836,-0.290722937,-15.7297587,-0.291075036,-16.5766338,-0.291373731,-17.423509,-0.291617317,-18.2703841,-0.291810871,-19.1172592,-0.291957663,-19.9641343,-0.292056159,-20.8110095,-0.292106412,-21.6578846,-0.292122137,-22.5047597,-0.292133895,-23.3516348,-0.292174073,-24.1985099,-0.292252179,-25.0453851,-0.292346167,-25.8922602,-0.292423335,-26.7391353,-0.292466187,-27.5860104,-0.292474737,-28.4328855,-0.292453256,-29.2797607,-0.29240554,-30.1266358,-0.292340583,-30.9735109,-0.292271903,-31.820386,-0.292210976,-32.6672612,-0.29217216,-33.5141363,-0.292176645,-34.3610114,-0.292229268,-35.2078865,-0.29229769,-36.0547616,-0.292339205,-36.9016368,-0.292346314,-37.7485119,-0.292349034,-38.595387,-0.292349034,-38.595387
Figure_S8|ax00|coll001|offsets	0,0
Figure_S8|ax00|coll001|verts	-0.0971923041,-33.262707,-0.0978076959,-33.262707,-0.0978406938,-32.4268537,-0.0978615255,-31.5910004,-0.0978731884,-30.7551471,-0.0978810925,-29.9192937,-0.0978920967,-29.0834404,-0.0979129687,-28.2475871,-0.0979478732,-27.4117338,-0.0979958535,-26.5758805,-0.0980504143,-25.7400272,-0.0981024733,-24.9041739,-0.0981454968,-24.0683206,-0.0981799764,-23.2324672,-0.0982153029,-22.3966139,-0.0982694186,-21.5607606,-0.098367566,-20.7249073,-0.0985399156,-19.889054,-0.0988161279,-19.0532007,-0.0992162,-18.2173474,-0.0997412869,-17.3814941,-0.100371382,-16.5456407,-0.101074248,-15.7097874,-0.101822121,-14.8739341,-0.102605734,-14.0380808,-0.103436226,-13.2022275,-0.104335187,-12.3663742,-0.105323703,-11.5305209,-0.10642319,-10.6946675,-0.107671912,-9.85881423,-0.109150141,-9.02296092,-0.111004823,-8.18710761,-0.113471397,-7.35125429,-0.116891888,-6.51540098,-0.121710201,-5.67954767,-0.128396902,-4.84369435,-0.1372559,-4.00784104,-0.148134144,-3.17198773,-0.160175928,-2.33613441,-0.171837759,-1.5002811,-0.181293959,-0.664427788,-0.18711626,0.171425525,-0.188872788,1.00727884,-0.187282375,1.84313215,-0.183828835,2.67898546,-0.180086947,3.51483878,-0.17716185,4.35069209,-0.175500262,5.1865454,-0.175048455,6.02239872,-0.17554128,6.85825203,-0.176714622,7.69410534,-0.17836998,8.52995866,-0.180345413,9.36581197,-0.182479414,10.2016653,-0.184608223,11.0375186,-0.186580307,11.8733719,-0.18825677,12.7092252,-0.189492866,13.5450785,-0.190125,14.3809318,-0.189986403,15.2167852,-0.188947234,16.0526385,-0.186952335,16.8884918,-0.184034791,17.7243451,-0.180307197,18.5601984,-0.175947488,19.3960517,-0.171187537,20.231905,-0.166293576,21.0677584,-0.161523651,21.9036117,-0.157067703,22.739465,-0.153002118,23.5753183,-0.149294134,24.4111716,-0.145862614,25.2470249,-0.142659895,26.0828782,-0.139718609,26.9187315,-0.13712778,27.7545849,-0.134952394,28.5904382,-0.133153468,29.4262915,-0.131567501,30.2621448,-0.12996282,31.0979981,-0.128137552,31.9338514,-0.125999455,32.7697047,-0.123586329,33.6055581,-0.121027522,34.4414114,-0.11847932,35.2772647,-0.116071143,36.113118,-0.113881476,36.9489713,-0.111940635,37.7848246,-0.110246114,38.6206779,-0.108777502,39.4565312,-0.107505438,40.2923846,-0.106395672,41.1282379,-0.105411871,41.9640912,-0.104519951,42.7999445,-0.103694084,43.6357978,-0.102921432,44.4716511,-0.102201561,45.3075044,-0.101539268,46.1433577,-0.100935,46.9792111,-0.100380186,47.8150644,-0.099861592,48.6509177,-0.0993713664,49.486771,-0.0956286336,49.486771,-0.0956286336,49.486771,-0.095138408,48.6509177,-0.094619814,47.8150644,-0.0940649999,46.9792111,-0.093460732,46.1433577,-0.0927984389,45.3075044,-0.0920785681,44.4716511,-0.0913059161,43.6357978,-0.0904800493,42.7999445,-0.0895881293,41.9640912,-0.0886043276,41.1282379,-0.0874945623,40.2923846,-0.0862224977,39.4565312,-0.0847538856,38.6206779,-0.083059365,37.7848246,-0.081118524,36.9489713,-0.0789288572,36.113118,-0.0765206801,35.2772647,-0.0739724778,34.4414114,-0.0714136713,33.6055581,-0.0690005449,32.7697047,-0.0668624483,31.9338514,-0.0650371799,31.0979981,-0.063432499,30.2621448,-0.0618465318,29.4262915,-0.0600476064,28.5904382,-0.0578722204,27.7545849,-0.0552813906,26.9187315,-0.0523401052,26.0828782,-0.0491373859,25.2470249,-0.0457058663,24.4111716,-0.0419978819,23.5753183,-0.0379322968,22.739465,-0.0334763489,21.9036117,-0.0287064237,21.0677584,-0.0238124633,20.231905,-0.0190525117,19.3960517,-0.0146928032,18.5601984,-0.0109652088,17.7243451,-0.00804766466,16.8884918,-0.00605276573,16.0526385,-0.00501359747,15.2167852,-0.004875,14.3809318,-0.00550713395,13.5450785,-0.00674322995,12.7092252,-0.00841969282,11.8733719,-0.0103917775,11.0375186,-0.0125205856,10.2016653,-0.0146545871,9.36581197,-0.0166300198,8.52995866,-0.0182853778,7.69410534,-0.0194587197,6.85825203,-0.0199515455,6.02239872,-0.0194997383,5.1865454,-0.0178381501,4.35069209,-0.0149130526,3.51483878,-0.0111711647,2.67898546,-0.00771762458,1.84313215,-0.00612721153,1.00727884,-0.00788373957,0.171425525,-0.0137060413,-0.664427788,-0.023162241,-1.5002811,-0.0348240716,-2.33613441,-0.0468658563,-3.17198773,-0.0577441004,-4.00784104,-0.0666030981,-4.84369435,-0.0732897991,-5.67954767,-0.0781081122,-6.51540098,-0.0815286026,-7.35125429,-0.0839951772,-8.18710761,-0.0858498585,-9.02296092,-0.0873280881,-9.85881423,-0.0885768103,-10.6946675,-0.0896762975,-11.5305209,-0.090664813,-12.3663742,-0.0915637738,-13.2022275,-0.0923942664,-14.0380808,-0.0931778792,-14.8739341,-0.0939257522,-15.7097874,-0.0946286183,-16.5456407,-0.0952587131,-17.3814941,-0.0957838,-18.2173474,-0.0961838721,-19.0532007,-0.0964600844,-19.889054,-0.096632434,-20.7249073,-0.0967305814,-21.5607606,-0.0967846971,-22.3966139,-0.0968200236,-23.2324672,-0.0968545032,-24.0683206,-0.0968975267,-24.9041739,-0.0969495857,-25.7400272,-0.0970041465,-26.5758805,-0.0970521268,-27.4117338,-0.0970870313,-28.2475871,-0.0971079033,-29.0834404,-0.0971189075,-29.9192937,-0.0971268116,-30.7551471,-0.0971384745,-31.5910004,-0.0971593062,-32.4268537,-0.0971923041,-33.262707,-0.0971923041,-33.262707
Figure_S8|ax00|coll002|offsets	0,0
Figure_S8|ax00|coll002|verts	0.0978886264,-45.6100244,0.0971113736,-45.6100244,0.0970234643,-44.6452895,0.0969808345,-43.6805546,0.0969820371,-42.7158197,0.0970200237,-41.7510848,0.0970865458,-40.7863498,0.0971627325,-39.8216149,0.0972165599,-38.85688,0.0972238552,-37.8921451,0.0971952247,-36.9274101,0.0971717453,-35.9626752,0.0971850103,-34.9979403,0.0972269352,-34.0332054,0.0972669331,-33.0684704,0.0972909578,-32.1037355,0.0973092876,-31.1390006,0.0973295033,-30.1742657,0.0973407774,-29.2095307,0.097330587,-28.2447958,0.0972994015,-27.2800609,0.0972415757,-26.315326,0.0971196214,-25.350591,0.0968848675,-24.3858561,0.0965369165,-23.4211212,0.0961417366,-22.4563863,0.0957691541,-21.4916514,0.0954317192,-20.5269164,0.09511023,-19.5621815,0.0948118872,-18.5974466,0.0945630141,-17.6327117,0.0943559956,-16.6679767,0.0941340304,-15.7032418,0.093832929,-14.7385069,0.0934306515,-13.773772,0.092944629,-12.809037,0.0923794145,-11.8443021,0.0917098215,-10.8795672,0.0909313632,-9.91483227,0.0900672155,-8.95009735,0.0890381448,-7.98536242,0.087476985,-7.0206275,0.0846416751,-6.05589257,0.0794555156,-5.09115765,0.0706427653,-4.12642273,0.0572303939,-3.1616878,0.0398321205,-2.19695288,0.0219595778,-1.23221796,0.00908857426,-0.267483032,0.004875,0.697251891,0.00815645455,1.66198682,0.0144060627,2.62672174,0.0198128513,3.59145666,0.0233630438,4.55619159,0.0257715775,5.52092651,0.0277299074,6.48566143,0.0294393667,7.45039636,0.0311826137,8.41513128,0.0337558829,9.3798662,0.0381083758,10.3446011,0.0444965848,11.3093361,0.0520576197,12.274071,0.0593341361,13.2388059,0.0652461691,14.2035408,0.0696045458,15.1682757,0.0729052686,16.1330107,0.075798418,17.0977456,0.078653396,18.0624805,0.081425234,19.0272154,0.0838518839,19.9919504,0.0857917934,20.9566853,0.0873701544,21.9214202,0.0888169616,22.8861551,0.0902385034,23.8508901,0.0915719263,24.815625,0.0926918352,25.7803599,0.0935158038,26.7450948,0.0940549309,27.7098298,0.0944150377,28.6745647,0.0947289187,29.6392996,0.0950538948,30.6040345,0.0953528316,31.5687694,0.0955870083,32.5335044,0.0957862421,33.4982393,0.0960037658,34.4629742,0.0962410167,35.4277091,0.0964522084,36.3924441,0.0966057905,37.357179,0.096713933,38.3219139,0.096808252,39.2866488,0.0969098527,40.2513838,0.0970252584,41.2161187,0.0971517164,42.1808536,0.0972758299,43.1455885,0.097376704,44.1103235,0.0974387138,45.0750584,0.0974587973,46.0397933,0.0974426718,47.0045282,0.0974025185,47.9692632,0.0973601644,48.9339981,0.097341913,49.898733,0.097658087,49.898733,0.097658087,49.898733,0.0976398356,48.9339981,0.0975974815,47.9692632,0.0975573282,47.0045282,0.0975412027,46.0397933,0.0975612862,45.0750584,0.097623296,44.1103235,0.0977241701,43.1455885,0.0978482836,42.1808536,0.0979747416,41.2161187,0.0980901473,40.2513838,0.098191748,39.2866488,0.098286067,38.3219139,0.0983942095,37.357179,0.0985477916,36.3924441,0.0987589833,35.4277091,0.0989962342,34.4629742,0.0992137579,33.4982393,0.0994129917,32.5335044,0.0996471684,31.5687694,0.0999461052,30.6040345,0.100271081,29.6392996,0.100584962,28.6745647,0.100945069,27.7098298,0.101484196,26.7450948,0.102308165,25.7803599,0.103428074,24.815625,0.104761497,23.8508901,0.106183038,22.8861551,0.107629846,21.9214202,0.109208207,20.9566853,0.111148116,19.9919504,0.113574766,19.0272154,0.116346604,18.0624805,0.119201582,17.0977456,0.122094731,16.1330107,0.125395454,15.1682757,0.129753831,14.2035408,0.135665864,13.2388059,0.14294238,12.274071,0.150503415,11.3093361,0.156891624,10.3446011,0.161244117,9.3798662,0.163817386,8.41513128,0.165560633,7.45039636,0.167270093,6.48566143,0.169228422,5.52092651,0.171636956,4.55619159,0.175187149,3.59145666,0.180593937,2.62672174,0.186843545,1.66198682,0.190125,0.697251891,0.185911426,-0.267483032,0.173040422,-1.23221796,0.15516788,-2.19695288,0.137769606,-3.1616878,0.124357235,-4.12642273,0.115544484,-5.09115765,0.110358325,-6.05589257,0.107523015,-7.0206275,0.105961855,-7.98536242,0.104932785,-8.95009735,0.104068637,-9.91483227,0.103290178,-10.8795672,0.102620585,-11.8443021,0.102055371,-12.809037,0.101569348,-13.773772,0.101167071,-14.7385069,0.10086597,-15.7032418,0.100644004,-16.6679767,0.100436986,-17.6327117,0.100188113,-18.5974466,0.09988977,-19.5621815,0.0995682808,-20.5269164,0.0992308459,-21.4916514,0.0988582634,-22.4563863,0.0984630835,-23.4211212,0.0981151325,-24.3858561,0.0978803786,-25.350591,0.0977584243,-26.315326,0.0977005985,-27.2800609,0.097669413,-28.2447958,0.0976592226,-29.2095307,0.0976704967,-30.1742657,0.0976907124,-31.1390006,0.0977090422,-32.1037355,0.0977330669,-33.0684704,0.0977730648,-34.0332054,0.0978149897,-34.9979403,0.0978282547,-35.9626752,0.0978047753,-36.9274101,0.0977761448,-37.8921451,0.0977834401,-38.85688,0.0978372675,-39.8216149,0.0979134542,-40.7863498,0.0979799763,-41.7510848,0.0980179629,-42.7158197,0.0980191655,-43.6805546,0.0979765357,-44.6452895,0.0978886264,-45.6100244,0.0978886264,-45.6100244
Figure_S8|ax00|coll003|offsets	0,0
Figure_S8|ax00|coll003|verts	0.293105856,-28.6469421,0.291894144,-28.6469421,0.291797223,-27.5150409,0.291728832,-26.3831396,0.291665051,-25.2512383,0.291567959,-24.1193371,0.291404201,-22.9874358,0.291160178,-21.8555345,0.290843614,-20.7236333,0.290471449,-19.591732,0.290054329,-18.4598307,0.289589424,-17.3279294,0.289063897,-16.1960282,0.288458914,-15.0641269,0.287741045,-13.9322256,0.286838451,-12.8003244,0.285614529,-11.6684231,0.28385741,-10.5365218,0.281293934,-9.40462055,0.277620152,-8.27271928,0.272537933,-7.14081801,0.265810783,-6.00891675,0.257375729,-4.87701548,0.247513828,-3.74511421,0.236978227,-2.61321294,0.226910324,-1.48131167,0.218475039,-0.349410397,0.212382109,0.782490873,0.208604426,1.91439214,0.206484444,3.04629341,0.20513866,4.17819468,0.203888549,5.31009595,0.202490286,6.44199722,0.201107949,7.57389849,0.200117528,8.70579976,0.199875,9.83770103,0.20055123,10.9696023,0.202073688,12.1015036,0.204162709,13.2334048,0.206434674,14.3653061,0.208549139,15.4972074,0.210358782,16.6291086,0.211983338,17.7610099,0.213738755,18.8929112,0.215947365,20.0248125,0.218758377,21.1567137,0.222103921,22.288615,0.225795879,23.4205163,0.229656715,24.5524175,0.233583269,25.6843188,0.237533721,26.8162201,0.241487152,27.9481213,0.245407228,29.0800226,0.249211447,30.2119239,0.252760527,31.3438252,0.255900841,32.4757264,0.258557853,33.6076277,0.260815326,34.739529,0.262903953,35.8714302,0.265089159,37.0033315,0.267528547,38.1352328,0.270191936,39.267134,0.272890739,40.3990353,0.275391732,41.5309366,0.27754119,42.6628379,0.279324918,43.7947391,0.280837188,44.9266404,0.282195506,46.0585417,0.283469452,47.1904429,0.284666078,48.3223442,0.285760641,49.4542455,0.286732123,50.5861467,0.287576358,51.718048,0.288298778,52.8499493,0.288902387,53.9818505,0.289381842,55.1137518,0.289726844,56.2456531,0.289934474,57.3775544,0.290025677,58.5094556,0.290053774,59.6413569,0.290092502,60.7732582,0.290205416,61.9051594,0.290416729,63.0370607,0.290705359,64.168962,0.291024797,65.3008632,0.291331111,66.4327645,0.291599482,67.5646658,0.291823703,68.6965671,0.29200632,69.8284683,0.292149402,70.9603696,0.292250998,72.0922709,0.292307008,73.2241721,0.292315644,74.3560734,0.292281324,75.4879747,0.292215844,76.6198759,0.292136416,77.7517772,0.292061895,78.8836785,0.292009156,80.0155797,0.291990563,81.147481,0.292011977,82.2793823,0.292070929,83.4112836,0.292929071,83.4112836,0.292929071,83.4112836,0.292988023,82.2793823,0.293009437,81.147481,0.292990844,80.0155797,0.292938105,78.8836785,0.292863584,77.7517772,0.292784156,76.6198759,0.292718676,75.4879747,0.292684356,74.3560734,0.292692992,73.2241721,0.292749002,72.0922709,0.292850598,70.9603696,0.29299368,69.8284683,0.293176297,68.6965671,0.293400518,67.5646658,0.293668889,66.4327645,0.293975203,65.3008632,0.294294641,64.168962,0.294583271,63.0370607,0.294794584,61.9051594,0.294907498,60.7732582,0.294946226,59.6413569,0.294974323,58.5094556,0.295065526,57.3775544,0.295273156,56.2456531,0.295618158,55.1137518,0.296097613,53.9818505,0.296701222,52.8499493,0.297423642,51.718048,0.298267877,50.5861467,0.299239359,49.4542455,0.300333922,48.3223442,0.301530548,47.1904429,0.302804494,46.0585417,0.304162812,44.9266404,0.305675082,43.7947391,0.30745881,42.6628379,0.309608268,41.5309366,0.312109261,40.3990353,0.314808064,39.267134,0.317471453,38.1352328,0.319910841,37.0033315,0.322096047,35.8714302,0.324184674,34.739529,0.326442147,33.6076277,0.329099159,32.4757264,0.332239473,31.3438252,0.335788553,30.2119239,0.339592772,29.0800226,0.343512848,27.9481213,0.347466279,26.8162201,0.351416731,25.6843188,0.355343285,24.5524175,0.359204121,23.4205163,0.362896079,22.288615,0.366241623,21.1567137,0.369052635,20.0248125,0.371261245,18.8929112,0.373016662,17.7610099,0.374641218,16.6291086,0.376450861,15.4972074,0.378565326,14.3653061,0.380837291,13.2334048,0.382926312,12.1015036,0.38444877,10.9696023,0.385125,9.83770103,0.384882472,8.70579976,0.383892051,7.57389849,0.382509714,6.44199722,0.381111451,5.31009595,0.37986134,4.17819468,0.378515556,3.04629341,0.376395574,1.91439214,0.372617891,0.782490873,0.366524961,-0.349410397,0.358089676,-1.48131167,0.348021773,-2.61321294,0.337486172,-3.74511421,0.327624271,-4.87701548,0.319189217,-6.00891675,0.312462067,-7.14081801,0.307379848,-8.27271928,0.303706066,-9.40462055,0.30114259,-10.5365218,0.299385471,-11.6684231,0.298161549,-12.8003244,0.297258955,-13.9322256,0.296541086,-15.0641269,0.295936103,-16.1960282,0.295410576,-17.3279294,0.294945671,-18.4598307,0.294528551,-19.591732,0.294156386,-20.7236333,0.293839822,-21.8555345,0.293595799,-22.9874358,0.293432041,-24.1193371,0.293334949,-25.2512383,0.293271168,-26.3831396,0.293202777,-27.5150409,0.293105856,-28.6469421,0.293105856,-28.6469421
Figure_S8|ax00|coll004|offsets	0,0
Figure_S8|ax00|coll004|verts	0.707665902,-36.91057,0.707334098,-36.91057,0.707322912,-36.1110149,0.707320399,-35.3114598,0.707320177,-34.5119047,0.707323189,-33.7123496,0.70733423,-32.9127945,0.707351766,-32.1132394,0.707365125,-31.3136843,0.707363579,-30.5141292,0.70734603,-29.7145741,0.707318027,-28.915019,0.707277272,-28.1154639,0.707203866,-27.3159088,0.707069692,-26.5163537,0.706861637,-25.7167986,0.706596224,-24.9172435,0.70631012,-24.1176884,0.706035611,-23.3181333,0.705782935,-22.5185782,0.705540911,-21.7190231,0.70529236,-20.919468,0.705034299,-20.1199129,0.704787811,-19.3203578,0.704584355,-18.5208027,0.704435252,-17.7212476,0.704309126,-16.9216925,0.704132929,-16.1221374,0.703812139,-15.3225823,0.703260439,-14.5230272,0.702430065,-13.7234721,0.70132984,-12.923917,0.700019321,-12.1243619,0.698580848,-11.3248068,0.697084771,-10.5252517,0.69556232,-9.72569657,0.693983402,-8.92614146,0.69222877,-8.12658636,0.690068616,-7.32703126,0.687173491,-6.52747616,0.683143904,-5.72792106,0.677514933,-4.92836596,0.669778187,-4.12881086,0.659599327,-3.32925576,0.647327654,-2.52970066,0.634476282,-1.73014556,0.623515836,-0.930590455,0.616727326,-0.131035354,0.614875,0.668519747,0.616901341,1.46807485,0.620944418,2.26762995,0.62569037,3.06718505,0.630899945,3.86674015,0.636915056,4.66629525,0.643847669,5.46585035,0.65120971,6.26540545,0.658181473,7.06496056,0.664146949,7.86451566,0.668991895,8.66407076,0.672982465,9.46362586,0.676444809,10.263181,0.679568756,11.0627361,0.682435557,11.8622912,0.685112862,12.6618463,0.687646712,13.4614014,0.689982573,14.2609565,0.691976666,15.0605116,0.693535453,15.8600667,0.6947259,16.6596218,0.695720421,17.4591769,0.696651168,18.258732,0.697550806,19.0582871,0.698422629,19.8578422,0.699316334,20.6573973,0.700304258,21.4569524,0.701396886,22.2565075,0.702503705,23.0560626,0.703480302,23.8556177,0.70421488,24.6551728,0.704686019,25.4547279,0.704958139,26.254283,0.705128251,27.0538381,0.705268433,27.8533932,0.70540441,28.6529483,0.705533286,29.4525034,0.70564956,30.2520585,0.705753865,31.0516136,0.705848856,31.8511687,0.705938356,32.6507238,0.706031694,33.4502789,0.706143288,34.249834,0.706283319,35.0493891,0.706446934,35.8489442,0.706612227,36.6484993,0.706750166,37.4480544,0.706840234,38.2476095,0.706881481,39.0471646,0.706892859,39.8467197,0.706904363,40.6462748,0.706944001,41.4458299,0.707025021,42.245385,0.707974979,42.245385,0.707974979,42.245385,0.708055999,41.4458299,0.708095637,40.6462748,0.708107141,39.8467197,0.708118519,39.0471646,0.708159766,38.2476095,0.708249834,37.4480544,0.708387773,36.6484993,0.708553066,35.8489442,0.708716681,35.0493891,0.708856712,34.249834,0.708968306,33.4502789,0.709061644,32.6507238,0.709151144,31.8511687,0.709246135,31.0516136,0.70935044,30.2520585,0.709466714,29.4525034,0.70959559,28.6529483,0.709731567,27.8533932,0.709871749,27.0538381,0.710041861,26.254283,0.710313981,25.4547279,0.71078512,24.6551728,0.711519698,23.8556177,0.712496295,23.0560626,0.713603114,22.2565075,0.714695742,21.4569524,0.715683666,20.6573973,0.716577371,19.8578422,0.717449194,19.0582871,0.718348832,18.258732,0.719279579,17.4591769,0.7202741,16.6596218,0.721464547,15.8600667,0.723023334,15.0605116,0.725017427,14.2609565,0.727353288,13.4614014,0.729887138,12.6618463,0.732564443,11.8622912,0.735431244,11.0627361,0.738555191,10.263181,0.742017535,9.46362586,0.746008105,8.66407076,0.750853051,7.86451566,0.756818527,7.06496056,0.76379029,6.26540545,0.771152331,5.46585035,0.778084944,4.66629525,0.784100055,3.86674015,0.78930963,3.06718505,0.794055582,2.26762995,0.798098659,1.46807485,0.800125,0.668519747,0.798272674,-0.131035354,0.791484164,-0.930590455,0.780523718,-1.73014556,0.767672346,-2.52970066,0.755400673,-3.32925576,0.745221813,-4.12881086,0.737485067,-4.92836596,0.731856096,-5.72792106,0.727826509,-6.52747616,0.724931384,-7.32703126,0.72277123,-8.12658636,0.721016598,-8.92614146,0.71943768,-9.72569657,0.717915229,-10.5252517,0.716419152,-11.3248068,0.714980679,-12.1243619,0.71367016,-12.923917,0.712569935,-13.7234721,0.711739561,-14.5230272,0.711187861,-15.3225823,0.710867071,-16.1221374,0.710690874,-16.9216925,0.710564748,-17.7212476,0.710415645,-18.5208027,0.710212189,-19.3203578,0.709965701,-20.1199129,0.70970764,-20.919468,0.709459089,-21.7190231,0.709217065,-22.5185782,0.708964389,-23.3181333,0.70868988,-24.1176884,0.708403776,-24.9172435,0.708138363,-25.7167986,0.707930308,-26.5163537,0.707796134,-27.3159088,0.707722728,-28.1154639,0.707681973,-28.915019,0.70765397,-29.7145741,0.707636421,-30.5141292,0.707634875,-31.3136843,0.707648234,-32.1132394,0.70766577,-32.9127945,0.707676811,-33.7123496,0.707679823,-34.5119047,0.707679601,-35.3114598,0.707677088,-36.1110149,0.707665902,-36.91057,0.707665902,-36.91057
Figure_S8|ax00|coll005|offsets	0,0
Figure_S8|ax00|coll005|verts	0.902832197,-40.7879,0.902167803,-40.7879,0.902100574,-39.8721402,0.902022069,-38.9563803,0.901929804,-38.0406205,0.901827184,-37.1248606,0.90172426,-36.2091008,0.901634366,-35.2933409,0.901567976,-34.3775811,0.9015268,-33.4618212,0.90150103,-32.5460614,0.901470873,-31.6303015,0.90141161,-30.7145417,0.901300137,-29.7987818,0.901120769,-28.883022,0.900868517,-27.9672621,0.900548911,-27.0515023,0.900174406,-26.1357424,0.899758245,-25.2199826,0.899307096,-24.3042227,0.898814044,-23.3884629,0.898253703,-22.472703,0.897581256,-21.5569432,0.896736522,-20.6411833,0.895652691,-19.7254235,0.894267769,-18.8096636,0.89253619,-17.8939038,0.890438817,-16.9781439,0.887990477,-16.0623841,0.885243595,-15.1466242,0.882284515,-14.2308644,0.879218471,-13.3151045,0.876143051,-12.3993447,0.873117878,-11.4835848,0.870143967,-10.567825,0.867162922,-9.65206515,0.864073794,-8.7363053,0.860754114,-7.82054545,0.857073524,-6.90478561,0.85290552,-5.98902576,0.84815957,-5.07326591,0.842850037,-4.15750606,0.837182341,-3.24174621,0.831594287,-2.32598636,0.826685012,-1.41022652,0.823020555,-0.494466667,0.820895761,0.421293182,0.820186287,1.33705303,0.820387341,2.25281288,0.820824655,3.16857273,0.820919436,4.08433258,0.82036844,5.00009242,0.81916955,5.91585227,0.817521578,6.83161212,0.815685276,7.74737197,0.813885187,8.66313182,0.81228267,9.57889167,0.811000515,10.4946515,0.810156923,11.4104114,0.809875,12.3261712,0.810260135,13.2419311,0.811363,14.1576909,0.813155796,15.0734508,0.815539238,15.9892106,0.818375922,16.9049705,0.821528626,17.8207303,0.824882562,18.7364902,0.828346803,19.65225,0.831846413,20.5680098,0.835318665,21.4837697,0.838715333,22.3995295,0.842003606,23.3152894,0.845162174,24.2310492,0.848180309,25.1468091,0.851069399,26.0625689,0.853881655,26.9783288,0.856714095,27.8940886,0.859678646,28.8098485,0.862844991,29.7256083,0.866190423,30.6413682,0.869593809,31.557128,0.872883281,32.4728879,0.875910752,33.3886477,0.878609127,34.3044076,0.881001487,35.2201674,0.883163058,36.1359273,0.885163887,37.0516871,0.887027269,37.967447,0.888725383,38.8832068,0.890209941,39.7989667,0.891455827,40.7147265,0.892490275,41.6304864,0.893390926,42.5462462,0.894255552,43.4620061,0.895162027,44.3777659,0.896140274,45.2935258,0.897168291,46.2092856,0.898189867,47.1250455,0.899141442,48.0408053,0.899974337,48.9565652,0.900664672,49.872325,0.904335328,49.872325,0.904335328,49.872325,0.905025663,48.9565652,0.905858558,48.0408053,0.906810133,47.1250455,0.907831709,46.2092856,0.908859726,45.2935258,0.909837973,44.3777659,0.910744448,43.4620061,0.911609074,42.5462462,0.912509725,41.6304864,0.913544173,40.7147265,0.914790059,39.7989667,0.916274617,38.8832068,0.917972731,37.967447,0.919836113,37.0516871,0.921836942,36.1359273,0.923998513,35.2201674,0.926390873,34.3044076,0.929089248,33.3886477,0.932116719,32.4728879,0.935406191,31.557128,0.938809577,30.6413682,0.942155009,29.7256083,0.945321354,28.8098485,0.948285905,27.8940886,0.951118345,26.9783288,0.953930601,26.0625689,0.956819691,25.1468091,0.959837826,24.2310492,0.962996394,23.3152894,0.966284667,22.3995295,0.969681335,21.4837697,0.973153587,20.5680098,0.976653197,19.65225,0.980117438,18.7364902,0.983471374,17.8207303,0.986624078,16.9049705,0.989460762,15.9892106,0.991844204,15.0734508,0.993637,14.1576909,0.994739865,13.2419311,0.995125,12.3261712,0.994843077,11.4104114,0.993999485,10.4946515,0.99271733,9.57889167,0.991114813,8.66313182,0.989314724,7.74737197,0.987478422,6.83161212,0.98583045,5.91585227,0.98463156,5.00009242,0.984080564,4.08433258,0.984175345,3.16857273,0.984612659,2.25281288,0.984813713,1.33705303,0.984104239,0.421293182,0.981979445,-0.494466667,0.978314988,-1.41022652,0.973405713,-2.32598636,0.967817659,-3.24174621,0.962149963,-4.15750606,0.95684043,-5.07326591,0.95209448,-5.98902576,0.947926476,-6.90478561,0.944245886,-7.82054545,0.940926206,-8.7363053,0.937837078,-9.65206515,0.934856033,-10.567825,0.931882122,-11.4835848,0.928856949,-12.3993447,0.925781529,-13.3151045,0.922715485,-14.2308644,0.919756405,-15.1466242,0.917009523,-16.0623841,0.914561183,-16.9781439,0.91246381,-17.8939038,0.910732231,-18.8096636,0.909347309,-19.7254235,0.908263478,-20.6411833,0.907418744,-21.5569432,0.906746297,-22.472703,0.906185956,-23.3884629,0.905692904,-24.3042227,0.905241755,-25.2199826,0.904825594,-26.1357424,0.904451089,-27.0515023,0.904131483,-27.9672621,0.903879231,-28.883022,0.903699863,-29.7987818,0.90358839,-30.7145417,0.903529127,-31.6303015,0.90349897,-32.5460614,0.9034732,-33.4618212,0.903432024,-34.3775811,0.903365634,-35.2933409,0.90327574,-36.2091008,0.903172816,-37.1248606,0.903070196,-38.0406205,0.902977931,-38.9563803,0.902899426,-39.8721402,0.902832197,-40.7879,0.902832197,-40.7879
Figure_S8|ax00|coll006|offsets	0,0
Figure_S8|ax00|coll006|verts	1.09788142,-41.5529993,1.09711858,-41.5529993,1.09705793,-40.6326352,1.09702684,-39.7122711,1.09700445,-38.791907,1.09696443,-37.8715429,1.0968973,-36.9511788,1.09682274,-36.0308147,1.09678002,-35.1104506,1.09679958,-34.1900865,1.09687815,-33.2697224,1.09697802,-32.3493583,1.09704595,-31.4289942,1.09703416,-30.5086301,1.09691881,-29.588266,1.09671702,-28.6679019,1.09648893,-27.7475378,1.09630702,-26.8271737,1.09620349,-25.9068096,1.09614001,-24.9864455,1.09603505,-24.0660814,1.0958286,-23.1457173,1.09552379,-22.2253532,1.09517082,-21.3049891,1.09482017,-20.384625,1.09449218,-19.4642609,1.09417205,-18.5438968,1.09380957,-17.6235327,1.09332391,-16.7031686,1.09263715,-15.7828045,1.09172857,-14.8624404,1.0906552,-13.9420763,1.08950256,-13.0217122,1.08830672,-12.1013481,1.08701989,-11.180984,1.08553041,-10.2606199,1.08368928,-9.34025576,1.08132249,-8.41989166,1.07824047,-7.49952756,1.07421556,-6.57916346,1.06889449,-5.65879936,1.06173739,-4.73843526,1.05219304,-3.81807116,1.04024185,-2.89770706,1.02707845,-1.97734296,1.01522572,-1.05697886,1.00743738,-0.136614759,1.004875,0.783749342,1.00619553,1.70411344,1.00856952,2.62447754,1.00967522,3.54484164,1.00887748,4.46520574,1.00698192,5.38556984,1.00534524,6.30593394,1.00520166,7.22629804,1.0073524,8.14666214,1.01198985,9.06702624,1.0186129,9.98739034,1.02621304,10.9077544,1.0337666,11.8281185,1.04070717,12.7484826,1.04697812,13.6688467,1.05268712,14.5892108,1.05781778,15.5095749,1.06230398,16.429939,1.06625466,17.3503031,1.06995668,18.2706672,1.07363067,19.1910313,1.07722606,20.1113954,1.08046184,21.0317595,1.08304953,21.9521236,1.08489657,22.8724877,1.08615069,23.7928518,1.08709243,24.7132159,1.08798121,25.63358,1.08895567,26.5539441,1.09002273,27.4743082,1.0911137,28.3946723,1.09215828,29.3150364,1.09312049,30.2354005,1.09397789,31.1557646,1.09468926,32.0761287,1.09520437,32.9964928,1.09550872,33.9168569,1.09564861,34.837221,1.09570764,35.7575851,1.09576044,36.6779492,1.09584717,37.5983133,1.09598226,38.5186774,1.09617254,39.4390415,1.09641659,40.3594056,1.09668838,41.2797697,1.09693429,42.2001338,1.0970981,43.1204979,1.09715568,44.040862,1.09713025,44.9612261,1.09707646,45.8815902,1.09704576,46.8019543,1.09706025,47.7223184,1.0971133,48.6426825,1.09718799,49.5630466,1.09781201,49.5630466,1.09781201,49.5630466,1.0978867,48.6426825,1.09793975,47.7223184,1.09795424,46.8019543,1.09792354,45.8815902,1.09786975,44.9612261,1.09784432,44.040862,1.0979019,43.1204979,1.09806571,42.2001338,1.09831162,41.2797697,1.09858341,40.3594056,1.09882746,39.4390415,1.09901774,38.5186774,1.09915283,37.5983133,1.09923956,36.6779492,1.09929236,35.7575851,1.09935139,34.837221,1.09949128,33.9168569,1.09979563,32.9964928,1.10031074,32.0761287,1.10102211,31.1557646,1.10187951,30.2354005,1.10284172,29.3150364,1.1038863,28.3946723,1.10497727,27.4743082,1.10604433,26.5539441,1.10701879,25.63358,1.10790757,24.7132159,1.10884931,23.7928518,1.11010343,22.8724877,1.11195047,21.9521236,1.11453816,21.0317595,1.11777394,20.1113954,1.12136933,19.1910313,1.12504332,18.2706672,1.12874534,17.3503031,1.13269602,16.429939,1.13718222,15.5095749,1.14231288,14.5892108,1.14802188,13.6688467,1.15429283,12.7484826,1.1612334,11.8281185,1.16878696,10.9077544,1.1763871,9.98739034,1.18301015,9.06702624,1.1876476,8.14666214,1.18979834,7.22629804,1.18965476,6.30593394,1.18801808,5.38556984,1.18612252,4.46520574,1.18532478,3.54484164,1.18643048,2.62447754,1.18880447,1.70411344,1.190125,0.783749342,1.18756262,-0.136614759,1.17977428,-1.05697886,1.16792155,-1.97734296,1.15475815,-2.89770706,1.14280696,-3.81807116,1.13326261,-4.73843526,1.12610551,-5.65879936,1.12078444,-6.57916346,1.11675953,-7.49952756,1.11367751,-8.41989166,1.11131072,-9.34025576,1.10946959,-10.2606199,1.10798011,-11.180984,1.10669328,-12.1013481,1.10549744,-13.0217122,1.1043448,-13.9420763,1.10327143,-14.8624404,1.10236285,-15.7828045,1.10167609,-16.7031686,1.10119043,-17.6235327,1.10082795,-18.5438968,1.10050782,-19.4642609,1.10017983,-20.384625,1.09982918,-21.3049891,1.09947621,-22.2253532,1.0991714,-23.1457173,1.09896495,-24.0660814,1.09885999,-24.9864455,1.09879651,-25.9068096,1.09869298,-26.8271737,1.09851107,-27.7475378,1.09828298,-28.6679019,1.09808119,-29.588266,1.09796584,-30.5086301,1.09795405,-31.4289942,1.09802198,-32.3493583,1.09812185,-33.2697224,1.09820042,-34.1900865,1.09821998,-35.1104506,1.09817726,-36.0308147,1.0981027,-36.9511788,1.09803557,-37.8715429,1.09799555,-38.791907,1.09797316,-39.7122711,1.09794207,-40.6326352,1.09788142,-41.5529993,1.09788142,-41.5529993
Figure_S8|ax00|coll007|offsets	0,0
Figure_S8|ax00|coll007|verts	1.29302059,-43.2164208,1.29197941,-43.2164208,1.29184367,-41.9863719,1.29171543,-40.756323,1.2916039,-39.5262741,1.29151367,-38.2962253,1.29144181,-37.0661764,1.29137789,-35.8361275,1.29130908,-34.6060786,1.29122791,-33.3760297,1.29113566,-32.1459808,1.29103506,-30.9159319,1.29091441,-29.685883,1.29073418,-28.4558341,1.29042849,-27.2257852,1.28992351,-25.9957364,1.28916096,-24.7656875,1.28811116,-23.5356386,1.28677098,-22.3055897,1.28515495,-21.0755408,1.28328876,-19.8454919,1.28120233,-18.615443,1.27891348,-17.3853941,1.27640294,-16.1553452,1.27359798,-14.9252963,1.27038414,-13.6952475,1.26664862,-12.4651986,1.26233554,-11.2351497,1.25748069,-10.0051008,1.25220045,-8.77505189,1.24663915,-7.545003,1.24091331,-6.31495411,1.23510083,-5.08490522,1.22928703,-3.85485633,1.22362238,-2.62480744,1.21832437,-1.39475855,1.21360398,-0.164709664,1.2095762,1.06533923,1.20623964,2.29538812,1.20354837,3.52543701,1.20151173,4.7554859,1.20023542,5.98553479,1.199875,7.21558368,1.20054458,8.44563257,1.20224188,9.67568146,1.20481714,10.9057303,1.20797944,12.1357792,1.2113359,13.3658281,1.21447814,14.595877,1.21711665,15.8259259,1.21920963,17.0559748,1.22099355,18.2860237,1.22286204,19.5160726,1.22514756,20.7461215,1.22794721,21.9761704,1.23111194,23.2062192,1.23439604,24.4362681,1.23764281,25.666317,1.24086833,26.8963659,1.24420381,28.1264148,1.24777131,29.3564637,1.25159645,30.5865126,1.25559889,31.8165615,1.25962797,33.0466104,1.2634983,34.2766593,1.26701784,35.5067081,1.27002684,36.736757,1.27245005,37.9668059,1.27433256,39.1968548,1.27582536,40.4269037,1.277119,41.6569526,1.27836268,42.8870015,1.27961696,44.1170504,1.28086153,45.3470993,1.2820397,46.5771482,1.28310235,47.807197,1.28402719,49.0372459,1.28481647,50.2672948,1.28548989,51.4973437,1.28608306,52.7273926,1.28664721,53.9574415,1.28723965,55.1874904,1.28790278,56.4175393,1.28864258,57.6475882,1.28942235,58.8776371,1.29017745,60.1076859,1.29084132,61.3377348,1.29136692,62.5677837,1.29173478,63.7978326,1.29195049,65.0278815,1.292039,66.2579304,1.29203887,67.4879793,1.29199521,68.7180282,1.29194963,69.9480771,1.29193002,71.178126,1.29194516,72.4081748,1.29198764,73.6382237,1.29204293,74.8682726,1.29209923,76.0983215,1.29215262,77.3283704,1.29220549,78.5584193,1.29279451,78.5584193,1.29279451,78.5584193,1.29284738,77.3283704,1.29290077,76.0983215,1.29295707,74.8682726,1.29301236,73.6382237,1.29305484,72.4081748,1.29306998,71.178126,1.29305037,69.9480771,1.29300479,68.7180282,1.29296113,67.4879793,1.292961,66.2579304,1.29304951,65.0278815,1.29326522,63.7978326,1.29363308,62.5677837,1.29415868,61.3377348,1.29482255,60.1076859,1.29557765,58.8776371,1.29635742,57.6475882,1.29709722,56.4175393,1.29776035,55.1874904,1.29835279,53.9574415,1.29891694,52.7273926,1.29951011,51.4973437,1.30018353,50.2672948,1.30097281,49.0372459,1.30189765,47.807197,1.3029603,46.5771482,1.30413847,45.3470993,1.30538304,44.1170504,1.30663732,42.8870015,1.307881,41.6569526,1.30917464,40.4269037,1.31066744,39.1968548,1.31254995,37.9668059,1.31497316,36.736757,1.31798216,35.5067081,1.3215017,34.2766593,1.32537203,33.0466104,1.32940111,31.8165615,1.33340355,30.5865126,1.33722869,29.3564637,1.34079619,28.1264148,1.34413167,26.8963659,1.34735719,25.666317,1.35060396,24.4362681,1.35388806,23.2062192,1.35705279,21.9761704,1.35985244,20.7461215,1.36213796,19.5160726,1.36400645,18.2860237,1.36579037,17.0559748,1.36788335,15.8259259,1.37052186,14.595877,1.3736641,13.3658281,1.37702056,12.1357792,1.38018286,10.9057303,1.38275812,9.67568146,1.38445542,8.44563257,1.385125,7.21558368,1.38476458,5.98553479,1.38348827,4.7554859,1.38145163,3.52543701,1.37876036,2.29538812,1.3754238,1.06533923,1.37139602,-0.164709664,1.36667563,-1.39475855,1.36137762,-2.62480744,1.35571297,-3.85485633,1.34989917,-5.08490522,1.34408669,-6.31495411,1.33836085,-7.545003,1.33279955,-8.77505189,1.32751931,-10.0051008,1.32266446,-11.2351497,1.31835138,-12.4651986,1.31461586,-13.6952475,1.31140202,-14.9252963,1.30859706,-16.1553452,1.30608652,-17.3853941,1.30379767,-18.615443,1.30171124,-19.8454919,1.29984505,-21.0755408,1.29822902,-22.3055897,1.29688884,-23.5356386,1.29583904,-24.7656875,1.29507649,-25.9957364,1.29457151,-27.2257852,1.29426582,-28.4558341,1.29408559,-29.685883,1.29396494,-30.9159319,1.29386434,-32.1459808,1.29377209,-33.3760297,1.29369092,-34.6060786,1.29362211,-35.8361275,1.29355819,-37.0661764,1.29348633,-38.2962253,1.2933961,-39.5262741,1.29328457,-40.756323,1.29315633,-41.9863719,1.29302059,-43.2164208,1.29302059,-43.2164208
Figure_S8|ax00|patch000|verts	-0.32565,-0.5404925,-0.25935,-0.5404925,-0.25935,6.67884425,-0.32565,6.67884425,-0.32565,-0.5404925,-0.32565,-0.5404925
Figure_S8|ax00|patch001|verts	-0.13065,3.13559025,-0.06435,3.13559025,-0.06435,20.2962365,-0.13065,20.2962365,-0.13065,3.13559025,-0.13065,3.13559025
Figure_S8|ax00|patch002|verts	0.06435,0,0.13065,0,0.13065,10.2497882,0.06435,10.2497882,0.06435,0,0.06435,0
Figure_S8|ax00|patch003|verts	0.25935,4.72895847,0.32565,4.72895847,0.32565,23.943988,0.25935,23.943988,0.25935,4.72895847,0.25935,4.72895847
Figure_S8|ax00|patch004|verts	0.67435,-0.92008875,0.74065,-0.92008875,0.74065,6.987501,0.67435,6.987501,0.67435,-0.92008875,0.67435,-0.92008875
Figure_S8|ax00|patch005|verts	0.86935,0,0.93565,0,0.93565,19.9193965,0.86935,19.9193965,0.86935,0,0.86935,0
Figure_S8|ax00|patch006|verts	1.06435,0,1.13065,0,1.13065,10.8561933,1.06435,10.8561933,1.06435,0,1.06435,0
Figure_S8|ax00|patch007|verts	1.25935,0.800686694,1.32565,0.800686694,1.32565,21.7697033,1.25935,21.7697033,1.25935,0.800686694,1.25935,0.800686694
Figure_S8|ax00|text000	-0.17,1.14␟a
Figure_S8|ax00|legend	MAGICC␟CheckM2␟CoCoPyE␟DeepCheck
Figure_S8|ax01|xlim	-0.6,1.6
Figure_S8|ax01|ylim	-89.7845808,334.85409
Figure_S8|ax01|xscale	linear
Figure_S8|ax01|yscale	linear
Figure_S8|ax01|xlabel	CheckM2-based curation filter
Figure_S8|ax01|ylabel	Signed contamination error (pp)
Figure_S8|ax01|title	
Figure_S8|ax01|xticks	0,1
Figure_S8|ax01|yticks	-100,-50,0,50,100,150,200,250,300,350
Figure_S8|ax01|xticklabels	would have
PASSED␟would have
FAILED
Figure_S8|ax01|yticklabels	−100␟−50␟0␟50␟100␟150␟200␟250␟300␟350
Figure_S8|ax01|line000|xy	-0.2925,-5.33126725,-0.2925,-15.5665
Figure_S8|ax01|line000|marker	
Figure_S8|ax01|line000|ls	-
Figure_S8|ax01|line001|xy	-0.2925,1.54212625,-0.2925,11.830615
Figure_S8|ax01|line001|marker	
Figure_S8|ax01|line001|ls	-
Figure_S8|ax01|line002|xy	-0.309075,-15.5665,-0.275925,-15.5665
Figure_S8|ax01|line002|marker	
Figure_S8|ax01|line002|ls	-
Figure_S8|ax01|line003|xy	-0.309075,11.830615,-0.275925,11.830615
Figure_S8|ax01|line003|marker	
Figure_S8|ax01|line003|ls	-
Figure_S8|ax01|line004|xy	-0.32565,-1.463541,-0.25935,-1.463541
Figure_S8|ax01|line004|marker	
Figure_S8|ax01|line004|ls	-
Figure_S8|ax01|line005|xy	-0.2925,-1.79510001
Figure_S8|ax01|line005|marker	o
Figure_S8|ax01|line005|ls	None
Figure_S8|ax01|line006|xy	-0.0975,-35.5975988,-0.0975,-80.12152
Figure_S8|ax01|line006|marker	
Figure_S8|ax01|line006|ls	-
Figure_S8|ax01|line007|xy	-0.0975,-5.018016,-0.0975,37.042877
Figure_S8|ax01|line007|marker	
Figure_S8|ax01|line007|ls	-
Figure_S8|ax01|line008|xy	-0.114075,-80.12152,-0.080925,-80.12152
Figure_S8|ax01|line008|marker	
Figure_S8|ax01|line008|ls	-
Figure_S8|ax01|line009|xy	-0.114075,37.042877,-0.080925,37.042877
Figure_S8|ax01|line009|marker	
Figure_S8|ax01|line009|ls	-
Figure_S8|ax01|line010|xy	-0.13065,-18.3372975,-0.06435,-18.3372975
Figure_S8|ax01|line010|marker	
Figure_S8|ax01|line010|ls	-
Figure_S8|ax01|line011|xy	-0.0975,-20.6151152
Figure_S8|ax01|line011|marker	^
Figure_S8|ax01|line011|ls	None
Figure_S8|ax01|line012|xy	0.0975,-21.4214728,0.0975,-53.8516948
Figure_S8|ax01|line012|marker	
Figure_S8|ax01|line012|ls	-
Figure_S8|ax01|line013|xy	0.0975,0.655279934,0.0975,32.5144539
Figure_S8|ax01|line013|marker	
Figure_S8|ax01|line013|ls	-
Figure_S8|ax01|line014|xy	0.080925,-53.8516948,0.114075,-53.8516948
Figure_S8|ax01|line014|marker	
Figure_S8|ax01|line014|ls	-
Figure_S8|ax01|line015|xy	0.080925,32.5144539,0.114075,32.5144539
Figure_S8|ax01|line015|marker	
Figure_S8|ax01|line015|ls	-
Figure_S8|ax01|line016|xy	0.06435,-7.28906205,0.13065,-7.28906205
Figure_S8|ax01|line016|marker	
Figure_S8|ax01|line016|ls	-
Figure_S8|ax01|line017|xy	0.0975,-7.99406377
Figure_S8|ax01|line017|marker	D
Figure_S8|ax01|line017|ls	None
Figure_S8|ax01|line018|xy	0.2925,-44.6728296,0.2925,-86.7845808
Figure_S8|ax01|line018|marker	
Figure_S8|ax01|line018|ls	-
Figure_S8|ax01|line019|xy	0.2925,-10.7706528,0.2925,39.6727987
Figure_S8|ax01|line019|marker	
Figure_S8|ax01|line019|ls	-
Figure_S8|ax01|line020|xy	0.275925,-86.7845808,0.309075,-86.7845808
Figure_S8|ax01|line020|marker	
Figure_S8|ax01|line020|ls	-
Figure_S8|ax01|line021|xy	0.275925,39.6727987,0.309075,39.6727987
Figure_S8|ax01|line021|marker	
Figure_S8|ax01|line021|ls	-
Figure_S8|ax01|line022|xy	0.25935,-26.971752,0.32565,-26.971752
Figure_S8|ax01|line022|marker	
Figure_S8|ax01|line022|ls	-
Figure_S8|ax01|line023|xy	0.2925,-25.5230718
Figure_S8|ax01|line023|marker	v
Figure_S8|ax01|line023|ls	None
Figure_S8|ax01|line024|xy	0.7075,-5.850315,0.7075,-17.90583
Figure_S8|ax01|line024|marker	
Figure_S8|ax01|line024|ls	-
Figure_S8|ax01|line025|xy	0.7075,2.2130095,0.7075,13.895847
Figure_S8|ax01|line025|marker	
Figure_S8|ax01|line025|ls	-
Figure_S8|ax01|line026|xy	0.690925,-17.90583,0.724075,-17.90583
Figure_S8|ax01|line026|marker	
Figure_S8|ax01|line026|ls	-
Figure_S8|ax01|line027|xy	0.690925,13.895847,0.724075,13.895847
Figure_S8|ax01|line027|marker	
Figure_S8|ax01|line027|ls	-
Figure_S8|ax01|line028|xy	0.67435,-1.442047,0.74065,-1.442047
Figure_S8|ax01|line028|marker	
Figure_S8|ax01|line028|ls	-
Figure_S8|ax01|line029|xy	0.7075,-1.40644561
Figure_S8|ax01|line029|marker	o
Figure_S8|ax01|line029|ls	None
Figure_S8|ax01|line030|xy	0.9025,-35.009815,0.9025,-75.982854
Figure_S8|ax01|line030|marker	
Figure_S8|ax01|line030|ls	-
Figure_S8|ax01|line031|xy	0.9025,-4.940956,0.9025,38.049709
Figure_S8|ax01|line031|marker	
Figure_S8|ax01|line031|ls	-
Figure_S8|ax01|line032|xy	0.885925,-75.982854,0.919075,-75.982854
Figure_S8|ax01|line032|marker	
Figure_S8|ax01|line032|ls	-
Figure_S8|ax01|line033|xy	0.885925,38.049709,0.919075,38.049709
Figure_S8|ax01|line033|marker	
Figure_S8|ax01|line033|ls	-
Figure_S8|ax01|line034|xy	0.86935,-18.5701845,0.93565,-18.5701845
Figure_S8|ax01|line034|marker	
Figure_S8|ax01|line034|ls	-
Figure_S8|ax01|line035|xy	0.9025,-20.4713862
Figure_S8|ax01|line035|marker	^
Figure_S8|ax01|line035|ls	None
Figure_S8|ax01|line036|xy	1.0975,-16.098299,1.0975,-52.6386656
Figure_S8|ax01|line036|marker	
Figure_S8|ax01|line036|ls	-
Figure_S8|ax01|line037|xy	1.0975,8.26731436,1.0975,44.7154235
Figure_S8|ax01|line037|marker	
Figure_S8|ax01|line037|ls	-
Figure_S8|ax01|line038|xy	1.080925,-52.6386656,1.114075,-52.6386656
Figure_S8|ax01|line038|marker	
Figure_S8|ax01|line038|ls	-
Figure_S8|ax01|line039|xy	1.080925,44.7154235,1.114075,44.7154235
Figure_S8|ax01|line039|marker	
Figure_S8|ax01|line039|ls	-
Figure_S8|ax01|line040|xy	1.06435,-2.38656214,1.13065,-2.38656214
Figure_S8|ax01|line040|marker	
Figure_S8|ax01|line040|ls	-
Figure_S8|ax01|line041|xy	1.0975,-1.11940488
Figure_S8|ax01|line041|marker	D
Figure_S8|ax01|line041|ls	None
Figure_S8|ax01|line042|xy	1.2925,-43.028248,1.2925,-84.9726179
Figure_S8|ax01|line042|marker	
Figure_S8|ax01|line042|ls	-
Figure_S8|ax01|line043|xy	1.2925,-10.4441519,1.2925,37.6750408
Figure_S8|ax01|line043|marker	
Figure_S8|ax01|line043|ls	-
Figure_S8|ax01|line044|xy	1.275925,-84.9726179,1.309075,-84.9726179
Figure_S8|ax01|line044|marker	
Figure_S8|ax01|line044|ls	-
Figure_S8|ax01|line045|xy	1.275925,37.6750408,1.309075,37.6750408
Figure_S8|ax01|line045|marker	
Figure_S8|ax01|line045|ls	-
Figure_S8|ax01|line046|xy	1.25935,-26.8220634,1.32565,-26.8220634
Figure_S8|ax01|line046|marker	
Figure_S8|ax01|line046|ls	-
Figure_S8|ax01|line047|xy	1.2925,-24.0191053
Figure_S8|ax01|line047|marker	v
Figure_S8|ax01|line047|ls	None
Figure_S8|ax01|line048|xy	0,0,1,0
Figure_S8|ax01|line048|marker	None
Figure_S8|ax01|line048|ls	--
Figure_S8|ax01|coll000|offsets	0,0
Figure_S8|ax01|coll000|verts	-0.292357505,-43.880242,-0.292642495,-43.880242,-0.292624175,-42.9653552,-0.292583102,-42.0504684,-0.292547422,-41.1355816,-0.292537512,-40.2206948,-0.292559519,-39.3058081,-0.292608152,-38.3909213,-0.292671471,-37.4760345,-0.29274498,-36.5611477,-0.292842437,-35.6462609,-0.29297474,-34.7313741,-0.293114401,-33.8164873,-0.293202015,-32.9016005,-0.293202303,-31.9867138,-0.293150023,-31.071827,-0.293134502,-30.1569402,-0.293238382,-29.2420534,-0.293485855,-28.3271666,-0.293829555,-27.4122798,-0.294171073,-26.497393,-0.294414961,-25.5825062,-0.294550218,-24.6676195,-0.294699781,-23.7527327,-0.295062054,-22.8378459,-0.295760007,-21.9229591,-0.296727025,-21.0080723,-0.29775401,-20.0931855,-0.298669342,-19.1782987,-0.299469234,-18.2634119,-0.300263684,-17.3485252,-0.301127702,-16.4336384,-0.302070229,-15.5187516,-0.303173717,-14.6038648,-0.304690105,-13.688978,-0.306891714,-12.7740912,-0.309820883,-11.8592044,-0.313265591,-10.9443176,-0.317029117,-10.0294308,-0.321234219,-9.11454406,-0.326367846,-8.19965727,-0.332983879,-7.28477048,-0.341254488,-6.3698837,-0.350695254,-5.45499691,-0.360324191,-4.54011012,-0.36922223,-3.62522333,-0.376882478,-2.71033655,-0.382688793,-1.79544976,-0.385125,-0.88056297,-0.382250308,0.0343238182,-0.37352988,0.949210606,-0.360911409,1.86409739,-0.347629875,2.77898418,-0.336081445,3.69387097,-0.327006013,4.60875776,-0.320195243,5.52364455,-0.315316136,6.43853133,-0.312001704,7.35341812,-0.309640751,8.26830491,-0.307533655,9.1831917,-0.305313325,10.0980785,-0.303090691,11.0129653,-0.301180177,11.9278521,-0.299738822,12.8427388,-0.298661832,13.7576256,-0.297750587,14.6725124,-0.296907597,15.5873992,-0.296167116,16.502286,-0.295585176,17.4171728,-0.295146585,18.3320596,-0.294797685,19.2469464,-0.29452402,20.1618332,-0.294339981,21.0767199,-0.294226322,21.9916067,-0.294125832,22.9064935,-0.293998673,23.8213803,-0.293857642,24.7362671,-0.293732455,25.6511539,-0.293609971,26.5660407,-0.293444945,27.4809275,-0.293229921,28.3958142,-0.29301316,29.310701,-0.292841287,30.2255878,-0.292718915,31.1404746,-0.292629625,32.0553614,-0.292565884,32.9702482,-0.292528276,33.885135,-0.292514954,34.8000218,-0.292522948,35.7149085,-0.292551529,36.6297953,-0.29259483,37.5446821,-0.292632842,38.4595689,-0.292640914,39.3744557,-0.292613772,40.2893425,-0.292573092,41.2042293,-0.292549291,42.1191161,-0.292563298,43.0340028,-0.292620272,43.9488896,-0.292702308,44.8637764,-0.292766223,45.7786632,-0.292769715,46.69355,-0.292230285,46.69355,-0.292230285,46.69355,-0.292233777,45.7786632,-0.292297692,44.8637764,-0.292379728,43.9488896,-0.292436702,43.0340028,-0.292450709,42.1191161,-0.292426908,41.2042293,-0.292386228,40.2893425,-0.292359086,39.3744557,-0.292367158,38.4595689,-0.29240517,37.5446821,-0.292448471,36.6297953,-0.292477052,35.7149085,-0.292485046,34.8000218,-0.292471724,33.885135,-0.292434116,32.9702482,-0.292370375,32.0553614,-0.292281085,31.1404746,-0.292158713,30.2255878,-0.29198684,29.310701,-0.291770079,28.3958142,-0.291555055,27.4809275,-0.291390029,26.5660407,-0.291267545,25.6511539,-0.291142358,24.7362671,-0.291001327,23.8213803,-0.290874168,22.9064935,-0.290773678,21.9916067,-0.290660019,21.0767199,-0.29047598,20.1618332,-0.290202315,19.2469464,-0.289853415,18.3320596,-0.289414824,17.4171728,-0.288832884,16.502286,-0.288092403,15.5873992,-0.287249413,14.6725124,-0.286338168,13.7576256,-0.285261178,12.8427388,-0.283819823,11.9278521,-0.281909309,11.0129653,-0.279686675,10.0980785,-0.277466345,9.1831917,-0.275359249,8.26830491,-0.272998296,7.35341812,-0.269683864,6.43853133,-0.264804757,5.52364455,-0.257993987,4.60875776,-0.248918555,3.69387097,-0.237370125,2.77898418,-0.224088591,1.86409739,-0.21147012,0.949210606,-0.202749692,0.0343238182,-0.199875,-0.88056297,-0.202311207,-1.79544976,-0.208117522,-2.71033655,-0.21577777,-3.62522333,-0.224675809,-4.54011012,-0.234304746,-5.45499691,-0.243745512,-6.3698837,-0.252016121,-7.28477048,-0.258632154,-8.19965727,-0.263765781,-9.11454406,-0.267970883,-10.0294308,-0.271734409,-10.9443176,-0.275179117,-11.8592044,-0.278108286,-12.7740912,-0.280309895,-13.688978,-0.281826283,-14.6038648,-0.282929771,-15.5187516,-0.283872298,-16.4336384,-0.284736316,-17.3485252,-0.285530766,-18.2634119,-0.286330658,-19.1782987,-0.28724599,-20.0931855,-0.288272975,-21.0080723,-0.289239993,-21.9229591,-0.289937946,-22.8378459,-0.290300219,-23.7527327,-0.290449782,-24.6676195,-0.290585039,-25.5825062,-0.290828927,-26.497393,-0.291170445,-27.4122798,-0.291514145,-28.3271666,-0.291761618,-29.2420534,-0.291865498,-30.1569402,-0.291849977,-31.071827,-0.291797697,-31.9867138,-0.291797985,-32.9016005,-0.291885599,-33.8164873,-0.29202526,-34.7313741,-0.292157563,-35.6462609,-0.29225502,-36.5611477,-0.292328529,-37.4760345,-0.292391848,-38.3909213,-0.292440481,-39.3058081,-0.292462488,-40.2206948,-0.292452578,-41.1355816,-0.292416898,-42.0504684,-0.292375825,-42.9653552,-0.292357505,-43.880242,-0.292357505,-43.880242
Figure_S8|ax01|coll001|offsets	0,0
Figure_S8|ax01|coll001|verts	-0.0961979465,-80.12152,-0.0988020535,-80.12152,-0.0997216591,-77.0553404,-0.101026127,-73.9891608,-0.102882927,-70.9229812,-0.105538245,-67.8568015,-0.109139307,-64.7906219,-0.113360957,-61.7244423,-0.11773795,-58.6582627,-0.122480595,-55.5920831,-0.128166031,-52.5259035,-0.134619054,-49.4597238,-0.141002303,-46.3935442,-0.146701888,-43.3273646,-0.151403544,-40.261185,-0.154943399,-37.1950054,-0.157474077,-34.1288258,-0.15950573,-31.0626461,-0.1618237,-27.9964665,-0.164834112,-24.9302869,-0.168060335,-21.8641073,-0.171214409,-18.7979277,-0.174953416,-15.7317481,-0.180018849,-12.6655684,-0.18597896,-9.59938883,-0.190125,-6.53320921,-0.187741863,-3.4670296,-0.175547436,-0.40084998,-0.156063503,2.66532964,-0.136448778,5.73150925,-0.122107418,8.79768887,-0.113581184,11.8638685,-0.10895506,14.9300481,-0.106368172,17.9962277,-0.104461653,21.0624073,-0.102636401,24.1285869,-0.101099452,27.1947666,-0.10007768,30.2609462,-0.0994112222,33.3271258,-0.0988715141,36.3933054,-0.0984213189,39.459485,-0.0981205808,42.5256646,-0.0979486492,45.5918443,-0.0978556826,48.6580239,-0.0978522225,51.7242035,-0.0979325449,54.7903831,-0.0980183096,57.8565627,-0.0980259957,60.9227423,-0.0979467965,63.988922,-0.0978263443,67.0551016,-0.0976986315,70.1212812,-0.0975916643,73.1874608,-0.0975294767,76.2536404,-0.0975063071,79.31982,-0.09750088,82.3859997,-0.0975000794,85.4521793,-0.0975000046,88.5183589,-0.0975000002,91.5845385,-0.0975,94.6507181,-0.0975,97.7168977,-0.0975,100.783077,-0.0975,103.849257,-0.0975,106.915437,-0.0975,109.981616,-0.0975,113.047796,-0.0975,116.113975,-0.0975,119.180155,-0.0975,122.246335,-0.0975,125.312514,-0.0975,128.378694,-0.0975,131.444874,-0.0975,134.511053,-0.0975,137.577233,-0.0975,140.643412,-0.0975,143.709592,-0.0975,146.775772,-0.0975,149.841951,-0.0975,152.908131,-0.0975,155.97431,-0.0975,159.04049,-0.0975,162.10667,-0.0975,165.172849,-0.0975,168.239029,-0.0975,171.305209,-0.0975,174.371388,-0.0975,177.437568,-0.0975,180.503747,-0.0975,183.569927,-0.0975,186.636107,-0.0975,189.702286,-0.0975,192.768466,-0.0975,195.834645,-0.0975000001,198.900825,-0.0975000039,201.967005,-0.0975000692,205.033184,-0.0975007816,208.099364,-0.0975056825,211.165544,-0.0975265852,214.231723,-0.0975800356,217.297903,-0.0976550491,220.364082,-0.0976932849,223.430262,-0.0973067151,223.430262,-0.0973067151,223.430262,-0.0973449509,220.364082,-0.0974199644,217.297903,-0.0974734148,214.231723,-0.0974943175,211.165544,-0.0974992184,208.099364,-0.0974999308,205.033184,-0.0974999961,201.967005,-0.0974999999,198.900825,-0.0975,195.834645,-0.0975,192.768466,-0.0975,189.702286,-0.0975,186.636107,-0.0975,183.569927,-0.0975,180.503747,-0.0975,177.437568,-0.0975,174.371388,-0.0975,171.305209,-0.0975,168.239029,-0.0975,165.172849,-0.0975,162.10667,-0.0975,159.04049,-0.0975,155.97431,-0.0975,152.908131,-0.0975,149.841951,-0.0975,146.775772,-0.0975,143.709592,-0.0975,140.643412,-0.0975,137.577233,-0.0975,134.511053,-0.0975,131.444874,-0.0975,128.378694,-0.0975,125.312514,-0.0975,122.246335,-0.0975,119.180155,-0.0975,116.113975,-0.0975,113.047796,-0.0975,109.981616,-0.0975,106.915437,-0.0975,103.849257,-0.0975,100.783077,-0.0975,97.7168977,-0.0975,94.6507181,-0.0974999998,91.5845385,-0.0974999954,88.5183589,-0.0974999206,85.4521793,-0.09749912,82.3859997,-0.0974936929,79.31982,-0.0974705233,76.2536404,-0.0974083357,73.1874608,-0.0973013685,70.1212812,-0.0971736557,67.0551016,-0.0970532035,63.988922,-0.0969740043,60.9227423,-0.0969816904,57.8565627,-0.0970674551,54.7903831,-0.0971477775,51.7242035,-0.0971443174,48.6580239,-0.0970513508,45.5918443,-0.0968794192,42.5256646,-0.0965786811,39.459485,-0.0961284859,36.3933054,-0.0955887778,33.3271258,-0.0949223197,30.2609462,-0.0939005485,27.1947666,-0.0923635995,24.1285869,-0.0905383469,21.0624073,-0.0886318275,17.9962277,-0.0860449401,14.9300481,-0.0814188159,11.8638685,-0.0728925824,8.79768887,-0.0585512221,5.73150925,-0.0389364972,2.66532964,-0.0194525635,-0.40084998,-0.00725813718,-3.4670296,-0.004875,-6.53320921,-0.00902103952,-9.59938883,-0.0149811509,-12.6655684,-0.0200465842,-15.7317481,-0.0237855907,-18.7979277,-0.0269396648,-21.8641073,-0.0301658882,-24.9302869,-0.0331763003,-27.9964665,-0.03549427,-31.0626461,-0.0375259225,-34.1288258,-0.0400566009,-37.1950054,-0.0435964561,-40.261185,-0.0482981119,-43.3273646,-0.0539976972,-46.3935442,-0.0603809463,-49.4597238,-0.0668339687,-52.5259035,-0.0725194049,-55.5920831,-0.0772620502,-58.6582627,-0.0816390426,-61.7244423,-0.0858606927,-64.7906219,-0.0894617545,-67.8568015,-0.0921170731,-70.9229812,-0.0939738727,-73.9891608,-0.0952783409,-77.0553404,-0.0961979465,-80.12152,-0.0961979465,-80.12152
Figure_S8|ax01|coll002|offsets	0,0
Figure_S8|ax01|coll002|verts	0.09782955,-65.3876283,0.09717045,-65.3876283,0.0971109386,-62.6851818,0.0969592838,-59.9827352,0.0965726679,-57.2802887,0.0958634047,-54.5778422,0.0946776674,-51.8753956,0.0926894394,-49.1729491,0.0896170915,-46.4705026,0.0854784107,-43.768056,0.080499572,-41.0656095,0.0748919296,-38.363163,0.0688682045,-35.6607164,0.0628235104,-32.9582699,0.0571795905,-30.2558234,0.0520654624,-27.5533768,0.0476144966,-24.8509303,0.0442772665,-22.1484838,0.0421878008,-19.4460372,0.0404164039,-16.7435907,0.0371935865,-14.0411442,0.0310055979,-11.3386976,0.0217898978,-8.63625109,0.0116189815,-5.93380456,0.004875,-3.23135802,0.00681948487,-0.528911489,0.0195381231,2.17353504,0.0390906078,4.87598158,0.0583729001,7.57842811,0.0725110755,10.2808746,0.0807082189,12.9833212,0.0844819719,15.6857677,0.0857897646,18.3882142,0.0863067583,21.0906608,0.0871263673,23.7931073,0.0884913954,26.4955538,0.0899348244,29.1980004,0.0909646671,31.9004469,0.091611906,34.6028934,0.0922483453,37.30534,0.0930272797,40.0077865,0.0937629065,42.710233,0.0943119102,45.4126796,0.0947579776,48.1151261,0.0951843029,50.8175726,0.0955086543,53.5200192,0.0956502455,56.2224657,0.0957187937,58.9249122,0.0959019679,61.6273588,0.0962455327,64.3298053,0.0966444576,67.0322518,0.0969752551,69.7346984,0.0971735137,72.4371449,0.0972450765,75.1395914,0.0972440579,77.842038,0.09722397,80.5444845,0.0972118999,83.246931,0.0972206963,85.9493776,0.0972496732,88.6518241,0.0972690878,91.3542706,0.0972414892,94.0567172,0.0971786904,96.7591637,0.0971373433,99.4616102,0.0971379996,102.164057,0.0971422614,104.866503,0.0971226584,107.56895,0.0971041609,110.271396,0.0971184255,112.973843,0.0971472497,115.676289,0.0971584208,118.378736,0.0971763922,121.081183,0.0972451387,123.783629,0.0973481616,126.486076,0.0974287248,129.188522,0.0974548361,131.890969,0.0974305275,134.593415,0.0973826784,137.295862,0.0973534375,139.998308,0.097370846,142.700755,0.0974200529,145.403201,0.0974652505,148.105648,0.0974893945,150.808094,0.0974977272,153.510541,0.097499658,156.212987,0.0974999639,158.915434,0.0974999973,161.617881,0.0974999999,164.320327,0.0975,167.022774,0.0975,169.72522,0.0975,172.427667,0.0975,175.130113,0.0974999999,177.83256,0.0974999982,180.535006,0.0974999746,183.237453,0.0974997469,185.939899,0.0974982305,188.642346,0.0974913126,191.344792,0.0974700524,194.047239,0.0974275111,196.749685,0.0973767982,199.452132,0.0973529723,202.154579,0.0976470277,202.154579,0.0976470277,202.154579,0.0976232018,199.452132,0.0975724889,196.749685,0.0975299476,194.047239,0.0975086874,191.344792,0.0975017695,188.642346,0.0975002531,185.939899,0.0975000254,183.237453,0.0975000018,180.535006,0.0975000001,177.83256,0.0975,175.130113,0.0975,172.427667,0.0975,169.72522,0.0975,167.022774,0.0975000001,164.320327,0.0975000027,161.617881,0.0975000361,158.915434,0.097500342,156.212987,0.0975022728,153.510541,0.0975106055,150.808094,0.0975347495,148.105648,0.0975799471,145.403201,0.097629154,142.700755,0.0976465625,139.998308,0.0976173216,137.295862,0.0975694725,134.593415,0.0975451639,131.890969,0.0975712752,129.188522,0.0976518384,126.486076,0.0977548613,123.783629,0.0978236078,121.081183,0.0978415792,118.378736,0.0978527503,115.676289,0.0978815745,112.973843,0.0978958391,110.271396,0.0978773416,107.56895,0.0978577386,104.866503,0.0978620004,102.164057,0.0978626567,99.4616102,0.0978213096,96.7591637,0.0977585108,94.0567172,0.0977309122,91.3542706,0.0977503268,88.6518241,0.0977793037,85.9493776,0.0977881001,83.246931,0.09777603,80.5444845,0.0977559421,77.842038,0.0977549235,75.1395914,0.0978264863,72.4371449,0.0980247449,69.7346984,0.0983555424,67.0322518,0.0987544673,64.3298053,0.0990980321,61.6273588,0.0992812063,58.9249122,0.0993497545,56.2224657,0.0994913457,53.5200192,0.0998156971,50.8175726,0.100242022,48.1151261,0.10068809,45.4126796,0.101237093,42.710233,0.10197272,40.0077865,0.102751655,37.30534,0.103388094,34.6028934,0.104035333,31.9004469,0.105065176,29.1980004,0.106508605,26.4955538,0.107873633,23.7931073,0.108693242,21.0906608,0.109210235,18.3882142,0.110518028,15.6857677,0.114291781,12.9833212,0.122488924,10.2808746,0.1366271,7.57842811,0.155909392,4.87598158,0.175461877,2.17353504,0.188180515,-0.528911489,0.190125,-3.23135802,0.183381019,-5.93380456,0.173210102,-8.63625109,0.163994402,-11.3386976,0.157806414,-14.0411442,0.154583596,-16.7435907,0.152812199,-19.4460372,0.150722733,-22.1484838,0.147385503,-24.8509303,0.142934538,-27.5533768,0.137820409,-30.2558234,0.13217649,-32.9582699,0.126131795,-35.6607164,0.12010807,-38.363163,0.114500428,-41.0656095,0.109521589,-43.768056,0.105382908,-46.4705026,0.102310561,-49.1729491,0.100322333,-51.8753956,0.0991365953,-54.5778422,0.0984273321,-57.2802887,0.0980407162,-59.9827352,0.0978890614,-62.6851818,0.09782955,-65.3876283,0.09782955,-65.3876283
Figure_S8|ax01|coll003|offsets	0,0
Figure_S8|ax01|coll003|verts	0.294372149,-86.7845808,0.290627851,-86.7845808,0.289008031,-83.512892,0.286509892,-80.2412031,0.282996097,-76.9695143,0.278468116,-73.6978254,0.273032295,-70.4261366,0.266738336,-67.1544477,0.259388687,-63.8827589,0.250639479,-60.61107,0.240567299,-57.3393811,0.230189269,-54.0676923,0.221178222,-50.7960034,0.214870826,-47.5243146,0.211487601,-44.2526257,0.210174686,-40.9809369,0.209676369,-37.709248,0.209059133,-34.4375592,0.207994124,-31.1658703,0.206530142,-27.8941815,0.204767645,-24.6224926,0.202815232,-21.3508038,0.200961788,-18.0791149,0.199875,-14.8074261,0.20078397,-11.5357372,0.205405497,-8.26404837,0.215192194,-4.99235952,0.230031142,-1.72067067,0.247458083,1.55101819,0.263563534,4.82270704,0.275260191,8.09439589,0.281894052,11.3660847,0.284841265,14.6377736,0.285981095,17.9094624,0.286623734,21.1811513,0.287310887,24.4528402,0.288049533,27.724529,0.288635767,30.9962179,0.288938002,34.2679067,0.289020177,37.5395956,0.289053879,40.8112844,0.289147158,44.0829733,0.289289457,47.3546621,0.289442131,50.626351,0.289617227,53.8980398,0.289852446,57.1697287,0.290157145,60.4414175,0.290504283,63.7131064,0.290848397,66.9847952,0.291140434,70.2564841,0.291347162,73.5281729,0.291470273,76.7998618,0.291537193,80.0715506,0.291566127,83.3432395,0.291554737,86.6149283,0.291514442,89.8866172,0.291493144,93.158306,0.291539278,96.4299949,0.29165749,99.7016837,0.291816147,102.973373,0.291975967,106.245061,0.292092795,109.51675,0.292117258,112.788439,0.292021482,116.060128,0.291829556,119.331817,0.29161808,122.603506,0.29148202,125.875195,0.291482913,129.146883,0.291613124,132.418572,0.291808277,135.690261,0.291999414,138.96195,0.292153687,142.233639,0.29226678,145.505328,0.292331026,148.777017,0.292326921,152.048705,0.292246428,155.320394,0.292118945,158.592083,0.292008997,161.863772,0.291975625,165.135461,0.292023501,168.40715,0.292100175,171.678838,0.292149491,174.950527,0.292161648,178.222216,0.292168471,181.493905,0.292203293,184.765594,0.292272345,188.037283,0.292355175,191.308972,0.292424211,194.58066,0.292463207,197.852349,0.292469257,201.124038,0.292444602,204.395727,0.292396221,207.667416,0.292344158,210.939105,0.292318276,214.210794,0.292335001,217.482482,0.292379255,220.754171,0.292415945,224.02586,0.292417797,227.297549,0.292383476,230.569238,0.292338374,233.840927,0.29231803,237.112616,0.29268197,237.112616,0.29268197,237.112616,0.292661626,233.840927,0.292616524,230.569238,0.292582203,227.297549,0.292584055,224.02586,0.292620745,220.754171,0.292664999,217.482482,0.292681724,214.210794,0.292655842,210.939105,0.292603779,207.667416,0.292555398,204.395727,0.292530743,201.124038,0.292536793,197.852349,0.292575789,194.58066,0.292644825,191.308972,0.292727655,188.037283,0.292796707,184.765594,0.292831529,181.493905,0.292838352,178.222216,0.292850509,174.950527,0.292899825,171.678838,0.292976499,168.40715,0.293024375,165.135461,0.292991003,161.863772,0.292881055,158.592083,0.292753572,155.320394,0.292673079,152.048705,0.292668974,148.777017,0.29273322,145.505328,0.292846313,142.233639,0.293000586,138.96195,0.293191723,135.690261,0.293386876,132.418572,0.293517087,129.146883,0.29351798,125.875195,0.29338192,122.603506,0.293170444,119.331817,0.292978518,116.060128,0.292882742,112.788439,0.292907205,109.51675,0.293024033,106.245061,0.293183853,102.973373,0.29334251,99.7016837,0.293460722,96.4299949,0.293506856,93.158306,0.293485558,89.8866172,0.293445263,86.6149283,0.293433873,83.3432395,0.293462807,80.0715506,0.293529727,76.7998618,0.293652838,73.5281729,0.293859566,70.2564841,0.294151603,66.9847952,0.294495717,63.7131064,0.294842855,60.4414175,0.295147554,57.1697287,0.295382773,53.8980398,0.295557869,50.626351,0.295710543,47.3546621,0.295852842,44.0829733,0.295946121,40.8112844,0.295979823,37.5395956,0.296061998,34.2679067,0.296364233,30.9962179,0.296950467,27.724529,0.297689113,24.4528402,0.298376266,21.1811513,0.299018905,17.9094624,0.300158735,14.6377736,0.303105948,11.3660847,0.309739809,8.09439589,0.321436466,4.82270704,0.337541917,1.55101819,0.354968858,-1.72067067,0.369807806,-4.99235952,0.379594503,-8.26404837,0.38421603,-11.5357372,0.385125,-14.8074261,0.384038212,-18.0791149,0.382184768,-21.3508038,0.380232355,-24.6224926,0.378469858,-27.8941815,0.377005876,-31.1658703,0.375940867,-34.4375592,0.375323631,-37.709248,0.374825314,-40.9809369,0.373512399,-44.2526257,0.370129174,-47.5243146,0.363821778,-50.7960034,0.354810731,-54.0676923,0.344432701,-57.3393811,0.334360521,-60.61107,0.325611313,-63.8827589,0.318261664,-67.1544477,0.311967705,-70.4261366,0.306531884,-73.6978254,0.302003903,-76.9695143,0.298490108,-80.2412031,0.295991969,-83.512892,0.294372149,-86.7845808,0.294372149,-86.7845808
Figure_S8|ax01|coll004|offsets	0,0
Figure_S8|ax01|coll004|verts	0.707688936,-39.133831,0.707311064,-39.133831,0.707247966,-38.2173982,0.707137438,-37.3009654,0.706947861,-36.3845326,0.706677606,-35.4680998,0.706372414,-34.551667,0.706106898,-33.6352342,0.705933336,-32.7188013,0.705839037,-31.8023685,0.705759338,-30.8859357,0.70563952,-29.9695029,0.705478157,-29.0530701,0.705301948,-28.1366373,0.705108814,-27.2202045,0.704857456,-26.3037717,0.704516188,-25.3873389,0.704102487,-24.4709061,0.703663334,-23.5544733,0.703231459,-22.6380405,0.702814433,-21.7216076,0.702408721,-20.8051748,0.70199158,-19.888742,0.701488298,-18.9723092,0.700764503,-18.0558764,0.69967658,-17.1394436,0.698148134,-16.2230108,0.696202318,-15.306578,0.693918977,-14.3901452,0.691357585,-13.4737124,0.688500778,-12.5572796,0.685237508,-11.6408468,0.681393581,-10.7244139,0.676809623,-9.80798114,0.671417957,-8.89154833,0.665246556,-7.97511553,0.65834263,-7.05868272,0.650710538,-6.14224991,0.642391615,-5.2258171,0.633691602,-4.30938429,0.625375993,-3.39295148,0.618646656,-2.47651868,0.614875,-1.56008587,0.615154093,-0.643653061,0.619788677,0.272779747,0.628014756,1.18921256,0.638246523,2.10564536,0.648765726,3.02207817,0.658395765,3.93851098,0.666748829,4.85494379,0.673979164,5.7713766,0.680317543,6.6878094,0.685778592,7.60424221,0.690216215,8.52067502,0.693557752,9.43710783,0.695936774,10.3535406,0.697620565,11.2699734,0.698839844,12.1864063,0.699687383,13.1028391,0.700162781,14.0192719,0.700303686,14.9357047,0.700272335,15.8521375,0.700314625,16.7685703,0.700627741,17.6850031,0.701253398,18.6014359,0.702086014,19.5178687,0.702976782,20.4343015,0.703829149,21.3507343,0.704604204,22.2671671,0.705263177,23.1835999,0.705742921,24.1000328,0.706002084,25.0164656,0.706071303,25.9328984,0.706036394,26.8493312,0.705976219,27.765764,0.705926976,28.6821968,0.705895124,29.5986296,0.705882887,30.5150624,0.705897365,31.4314952,0.705948019,32.347928,0.706043463,33.2643608,0.706186919,34.1807936,0.706368512,35.0972265,0.706561905,36.0136593,0.706735497,36.9300921,0.706873664,37.8465249,0.706985738,38.7629577,0.70708931,39.6793905,0.707185159,40.5958233,0.707252162,41.5122561,0.707267022,42.4286889,0.707228033,43.3451217,0.707161602,44.2615545,0.707107027,45.1779873,0.707091418,46.0944202,0.707114159,47.010853,0.707153477,47.9272858,0.707188141,48.8437186,0.707213616,49.7601514,0.707240133,50.6765842,0.707279019,51.593017,0.707720981,51.593017,0.707720981,51.593017,0.707759867,50.6765842,0.707786384,49.7601514,0.707811859,48.8437186,0.707846523,47.9272858,0.707885841,47.010853,0.707908582,46.0944202,0.707892973,45.1779873,0.707838398,44.2615545,0.707771967,43.3451217,0.707732978,42.4286889,0.707747838,41.5122561,0.707814841,40.5958233,0.70791069,39.6793905,0.708014262,38.7629577,0.708126336,37.8465249,0.708264503,36.9300921,0.708438095,36.0136593,0.708631488,35.0972265,0.708813081,34.1807936,0.708956537,33.2643608,0.709051981,32.347928,0.709102635,31.4314952,0.709117113,30.5150624,0.709104876,29.5986296,0.709073024,28.6821968,0.709023781,27.765764,0.708963606,26.8493312,0.708928697,25.9328984,0.708997916,25.0164656,0.709257079,24.1000328,0.709736823,23.1835999,0.710395796,22.2671671,0.711170851,21.3507343,0.712023218,20.4343015,0.712913986,19.5178687,0.713746602,18.6014359,0.714372259,17.6850031,0.714685375,16.7685703,0.714727665,15.8521375,0.714696314,14.9357047,0.714837219,14.0192719,0.715312617,13.1028391,0.716160156,12.1864063,0.717379435,11.2699734,0.719063226,10.3535406,0.721442248,9.43710783,0.724783785,8.52067502,0.729221408,7.60424221,0.734682457,6.6878094,0.741020836,5.7713766,0.748251171,4.85494379,0.756604235,3.93851098,0.766234274,3.02207817,0.776753477,2.10564536,0.786985244,1.18921256,0.795211323,0.272779747,0.799845907,-0.643653061,0.800125,-1.56008587,0.796353344,-2.47651868,0.789624007,-3.39295148,0.781308398,-4.30938429,0.772608385,-5.2258171,0.764289462,-6.14224991,0.75665737,-7.05868272,0.749753444,-7.97511553,0.743582043,-8.89154833,0.738190377,-9.80798114,0.733606419,-10.7244139,0.729762492,-11.6408468,0.726499222,-12.5572796,0.723642415,-13.4737124,0.721081023,-14.3901452,0.718797682,-15.306578,0.716851866,-16.2230108,0.71532342,-17.1394436,0.714235497,-18.0558764,0.713511702,-18.9723092,0.71300842,-19.888742,0.712591279,-20.8051748,0.712185567,-21.7216076,0.711768541,-22.6380405,0.711336666,-23.5544733,0.710897513,-24.4709061,0.710483812,-25.3873389,0.710142544,-26.3037717,0.709891186,-27.2202045,0.709698052,-28.1366373,0.709521843,-29.0530701,0.70936048,-29.9695029,0.709240662,-30.8859357,0.709160963,-31.8023685,0.709066664,-32.7188013,0.708893102,-33.6352342,0.708627586,-34.551667,0.708322394,-35.4680998,0.708052139,-36.3845326,0.707862562,-37.3009654,0.707752034,-38.2173982,0.707688936,-39.133831,0.707688936,-39.133831
Figure_S8|ax01|coll005|offsets	0,0
Figure_S8|ax01|coll005|verts	0.903691764,-82.512933,0.901308236,-82.512933,0.900973153,-81.0155296,0.900563341,-79.5181262,0.900040758,-78.0207228,0.899371498,-76.5233195,0.898541164,-75.0259161,0.897561123,-73.5285127,0.896460563,-72.0311093,0.895267071,-70.5337059,0.893985181,-69.0363025,0.892584218,-67.5388992,0.891002471,-66.0414958,0.889166601,-64.5440924,0.887018366,-63.046689,0.884538768,-61.5492856,0.881762309,-60.0518822,0.878777832,-58.5544789,0.875715171,-57.0570755,0.872718783,-55.5596721,0.869912532,-54.0622687,0.867364736,-52.5648653,0.865066967,-51.0674619,0.862938712,-49.5700586,0.860859542,-48.0726552,0.858714812,-46.5752518,0.856430946,-45.0778484,0.853981853,-43.580445,0.851368728,-42.0830416,0.848597715,-40.5856383,0.845684498,-39.0882349,0.842692667,-37.5908315,0.839776237,-36.0934281,0.837176176,-34.5960247,0.83514166,-33.0986213,0.833803357,-31.6012179,0.833076728,-30.1038146,0.832670156,-28.6064112,0.832207383,-27.1090078,0.831393183,-25.6116044,0.830121113,-24.114201,0.82846709,-22.6167976,0.826593544,-21.1193943,0.824640245,-19.6219909,0.822667044,-18.1245875,0.820663336,-16.6271841,0.818597048,-15.1297807,0.816467947,-13.6323773,0.814344868,-12.134974,0.812380083,-10.6375706,0.810799681,-9.14016719,0.809875,-7.64276381,0.809889168,-6.14536042,0.811112595,-4.64795704,0.813784532,-3.15055366,0.818078891,-1.65315027,0.824036659,-0.155746889,0.83148104,1.34165649,0.839969048,2.83905988,0.848836568,4.33646326,0.857348144,5.83386665,0.864895263,7.33127003,0.871148574,8.82867341,0.876092424,10.3260768,0.879938972,11.8234802,0.882983725,13.3208836,0.885481923,14.8182869,0.887593386,16.3156903,0.889394197,17.8130937,0.890921443,19.3104971,0.89221401,20.8079005,0.8933287,22.3053039,0.894331138,23.8027073,0.895274687,25.3001106,0.896184043,26.797514,0.897053794,28.2949174,0.897861005,29.7923208,0.898582398,31.2897242,0.899206267,32.7871276,0.899735339,34.2845309,0.900183113,35.7819343,0.900567991,37.2793377,0.900907733,38.7767411,0.901214872,40.2741445,0.90149365,41.7715479,0.90173968,43.2689512,0.901943172,44.7663546,0.902094876,46.263758,0.902192145,47.7611614,0.902242134,49.2585648,0.902260436,50.7559682,0.902265711,52.2533715,0.902272875,53.7507749,0.902288181,55.2481783,0.902308561,56.7455817,0.902325401,58.2429851,0.902330624,59.7403885,0.902321914,61.2377918,0.902304484,62.7351952,0.902288709,64.2325986,0.902285061,65.730002,0.902714939,65.730002,0.902714939,65.730002,0.902711291,64.2325986,0.902695516,62.7351952,0.902678086,61.2377918,0.902669376,59.7403885,0.902674599,58.2429851,0.902691439,56.7455817,0.902711819,55.2481783,0.902727125,53.7507749,0.902734289,52.2533715,0.902739564,50.7559682,0.902757866,49.2585648,0.902807855,47.7611614,0.902905124,46.263758,0.903056828,44.7663546,0.90326032,43.2689512,0.90350635,41.7715479,0.903785128,40.2741445,0.904092267,38.7767411,0.904432009,37.2793377,0.904816887,35.7819343,0.905264661,34.2845309,0.905793733,32.7871276,0.906417602,31.2897242,0.907138995,29.7923208,0.907946206,28.2949174,0.908815957,26.797514,0.909725313,25.3001106,0.910668862,23.8027073,0.9116713,22.3053039,0.91278599,20.8079005,0.914078557,19.3104971,0.915605803,17.8130937,0.917406614,16.3156903,0.919518077,14.8182869,0.922016275,13.3208836,0.925061028,11.8234802,0.928907576,10.3260768,0.933851426,8.82867341,0.940104737,7.33127003,0.947651856,5.83386665,0.956163432,4.33646326,0.965030952,2.83905988,0.97351896,1.34165649,0.980963341,-0.155746889,0.986921109,-1.65315027,0.991215468,-3.15055366,0.993887405,-4.64795704,0.995110832,-6.14536042,0.995125,-7.64276381,0.994200319,-9.14016719,0.992619917,-10.6375706,0.990655132,-12.134974,0.988532053,-13.6323773,0.986402952,-15.1297807,0.984336664,-16.6271841,0.982332956,-18.1245875,0.980359755,-19.6219909,0.978406456,-21.1193943,0.97653291,-22.6167976,0.974878887,-24.114201,0.973606817,-25.6116044,0.972792617,-27.1090078,0.972329844,-28.6064112,0.971923272,-30.1038146,0.971196643,-31.6012179,0.96985834,-33.0986213,0.967823824,-34.5960247,0.965223763,-36.0934281,0.962307333,-37.5908315,0.959315502,-39.0882349,0.956402285,-40.5856383,0.953631272,-42.0830416,0.951018147,-43.580445,0.948569054,-45.0778484,0.946285188,-46.5752518,0.944140458,-48.0726552,0.942061288,-49.5700586,0.939933033,-51.0674619,0.937635264,-52.5648653,0.935087468,-54.0622687,0.932281217,-55.5596721,0.929284829,-57.0570755,0.926222168,-58.5544789,0.923237691,-60.0518822,0.920461232,-61.5492856,0.917981634,-63.046689,0.915833399,-64.5440924,0.913997529,-66.0414958,0.912415782,-67.5388992,0.911014819,-69.0363025,0.909732929,-70.5337059,0.908539437,-72.0311093,0.907438877,-73.5285127,0.906458836,-75.0259161,0.905628502,-76.5233195,0.904959242,-78.0207228,0.904436659,-79.5181262,0.904026847,-81.0155296,0.903691764,-82.512933,0.903691764,-82.512933
Figure_S8|ax01|coll006|offsets	0,0
Figure_S8|ax01|coll006|verts	1.09832821,-61.5686507,1.09667179,-61.5686507,1.09603645,-58.5458738,1.09523398,-55.5230969,1.09423522,-52.5003201,1.0927849,-49.4775432,1.09054757,-46.4547664,1.08746897,-43.4319895,1.08377577,-40.4092126,1.079471,-37.3864358,1.07406773,-34.3636589,1.06717803,-31.340882,1.05925733,-28.3181052,1.05143401,-25.2953283,1.04466907,-22.2725515,1.03919037,-19.2497746,1.03447716,-16.2269977,1.02949458,-13.2042209,1.02315146,-10.181444,1.01534109,-7.15866716,1.00806606,-4.13589029,1.004875,-1.11311343,1.00818726,1.90966343,1.01726919,4.93244029,1.02919698,7.95521715,1.0412911,10.977994,1.05233586,14.0007709,1.0620224,17.0235477,1.0699365,20.0463246,1.07547112,23.0691015,1.07860323,26.0918783,1.08031969,29.1146552,1.08193591,32.137432,1.08399112,35.1602089,1.08605056,38.1829858,1.08760891,41.2057626,1.08880916,44.2285395,1.09008715,47.2513164,1.09148434,50.2740932,1.09264004,53.2968701,1.09329638,56.3196469,1.09355565,59.3424238,1.09369892,62.3652007,1.09394655,65.3879775,1.0943728,68.4107544,1.09489569,71.4335312,1.09535599,74.4563081,1.09567933,77.479085,1.0959253,80.5018618,1.09617502,83.5246387,1.09643346,86.5474156,1.09664437,89.5701924,1.09676755,92.5929693,1.09682,95.6157461,1.09684212,98.638523,1.09685863,101.6613,1.09688597,104.684077,1.09694667,107.706854,1.09705644,110.72963,1.0971975,113.752407,1.09731609,116.775184,1.09736626,119.797961,1.09735471,122.820738,1.0973295,125.843515,1.09732336,128.866292,1.09732262,131.889068,1.09730248,134.911845,1.09726757,137.934622,1.09723712,140.957399,1.09721886,143.980176,1.09721617,147.002953,1.09723901,150.02573,1.09729393,153.048507,1.09736841,156.071283,1.09743519,159.09406,1.09747615,162.116837,1.09749356,165.139614,1.09749874,168.162391,1.09749982,171.185168,1.09749998,174.207945,1.0975,177.230721,1.0975,180.253498,1.0975,183.276275,1.0975,186.299052,1.0975,189.321829,1.0975,192.344606,1.0975,195.367383,1.0975,198.390159,1.0975,201.412936,1.0975,204.435713,1.0975,207.45849,1.0975,210.481267,1.0975,213.504044,1.09749995,216.526821,1.09749959,219.549597,1.09749749,222.572374,1.0974889,225.595151,1.09746478,228.617928,1.09741965,231.640705,1.09736819,234.663482,1.09734454,237.686259,1.09765546,237.686259,1.09765546,237.686259,1.09763181,234.663482,1.09758035,231.640705,1.09753522,228.617928,1.0975111,225.595151,1.09750251,222.572374,1.09750041,219.549597,1.09750005,216.526821,1.0975,213.504044,1.0975,210.481267,1.0975,207.45849,1.0975,204.435713,1.0975,201.412936,1.0975,198.390159,1.0975,195.367383,1.0975,192.344606,1.0975,189.321829,1.0975,186.299052,1.0975,183.276275,1.0975,180.253498,1.0975,177.230721,1.09750002,174.207945,1.09750018,171.185168,1.09750126,168.162391,1.09750644,165.139614,1.09752385,162.116837,1.09756481,159.09406,1.09763159,156.071283,1.09770607,153.048507,1.09776099,150.02573,1.09778383,147.002953,1.09778114,143.980176,1.09776288,140.957399,1.09773243,137.934622,1.09769752,134.911845,1.09767738,131.889068,1.09767664,128.866292,1.0976705,125.843515,1.09764529,122.820738,1.09763374,119.797961,1.09768391,116.775184,1.0978025,113.752407,1.09794356,110.72963,1.09805333,107.706854,1.09811403,104.684077,1.09814137,101.6613,1.09815788,98.638523,1.09818,95.6157461,1.09823245,92.5929693,1.09835563,89.5701924,1.09856654,86.5474156,1.09882498,83.5246387,1.0990747,80.5018618,1.09932067,77.479085,1.09964401,74.4563081,1.10010431,71.4335312,1.1006272,68.4107544,1.10105345,65.3879775,1.10130108,62.3652007,1.10144435,59.3424238,1.10170362,56.3196469,1.10235996,53.2968701,1.10351566,50.2740932,1.10491285,47.2513164,1.10619084,44.2285395,1.10739109,41.2057626,1.10894944,38.1829858,1.11100888,35.1602089,1.11306409,32.137432,1.11468031,29.1146552,1.11639677,26.0918783,1.11952888,23.0691015,1.1250635,20.0463246,1.1329776,17.0235477,1.14266414,14.0007709,1.1537089,10.977994,1.16580302,7.95521715,1.17773081,4.93244029,1.18681274,1.90966343,1.190125,-1.11311343,1.18693394,-4.13589029,1.17965891,-7.15866716,1.17184854,-10.181444,1.16550542,-13.2042209,1.16052284,-16.2269977,1.15580963,-19.2497746,1.15033093,-22.2725515,1.14356599,-25.2953283,1.13574267,-28.3181052,1.12782197,-31.340882,1.12093227,-34.3636589,1.115529,-37.3864358,1.11122423,-40.4092126,1.10753103,-43.4319895,1.10445243,-46.4547664,1.1022151,-49.4775432,1.10076478,-52.5003201,1.09976602,-55.5230969,1.09896355,-58.5458738,1.09832821,-61.5686507,1.09832821,-61.5686507
Figure_S8|ax01|coll007|offsets	0,0
Figure_S8|ax01|coll007|verts	1.29637124,-84.9726179,1.28862876,-84.9726179,1.28545131,-80.7622471,1.28102495,-76.5518763,1.27517734,-72.3415055,1.26777775,-68.1311347,1.25901619,-63.920764,1.24935714,-59.7103932,1.2390917,-55.5000224,1.22830197,-51.2896516,1.21758462,-47.0792808,1.20857274,-42.86891,1.20311819,-38.6585392,1.20157925,-34.4481685,1.20217672,-30.2377977,1.20245029,-26.0274269,1.20134748,-21.8170561,1.199875,-17.6066853,1.2002475,-13.3963145,1.20491898,-9.18594375,1.21582745,-4.97557296,1.23287582,-0.765202175,1.2525133,3.44516861,1.26929038,7.6555394,1.2797957,11.8659102,1.28450098,16.076281,1.28600908,20.2866518,1.28656505,24.4970225,1.28715258,28.7073933,1.28791261,32.9177641,1.28871397,37.1281349,1.28941454,41.3385057,1.28994883,45.5488765,1.29030929,49.7592473,1.29047671,53.969618,1.29043373,58.1799888,1.29023806,62.3903596,1.29001531,66.6007304,1.28988385,70.8111012,1.2899063,75.021472,1.29006402,79.2318428,1.29028312,83.4422135,1.29051819,87.6525843,1.29075773,91.8629551,1.29096457,96.0733259,1.29111079,100.283697,1.29124567,104.494067,1.29143653,108.704438,1.29165336,112.914809,1.29178926,117.12518,1.29180288,121.335551,1.29176587,125.545921,1.29175733,129.756292,1.29177953,133.966663,1.29179498,138.177034,1.29180652,142.387405,1.29184979,146.597775,1.29191389,150.808146,1.29194909,155.018517,1.29195209,159.228888,1.29196763,163.439258,1.29201601,167.649629,1.29207914,171.86,1.29214369,176.070371,1.29220661,180.280742,1.29225042,184.491112,1.29225761,188.701483,1.29224132,192.911854,1.29223187,197.122225,1.29224738,201.332596,1.29228387,205.542966,1.292315,209.753337,1.29231929,213.963708,1.29231641,218.174079,1.29234329,222.384449,1.29239992,226.59482,1.29245396,230.805191,1.29248491,235.015562,1.29249648,239.225933,1.29249942,243.436303,1.29249993,247.646674,1.29249999,251.857045,1.2925,256.067416,1.29249998,260.277787,1.29249982,264.488157,1.29249869,268.698528,1.29249318,272.908899,1.29247472,277.11927,1.29243345,281.32964,1.2923756,285.540011,1.2923349,289.750382,1.29234441,293.960753,1.29239589,298.171124,1.2924505,302.381494,1.29248296,306.591865,1.29249368,310.802236,1.29248846,315.012607,1.29246391,319.222978,1.29241522,323.433348,1.29235831,327.643719,1.29233185,331.85409,1.29266815,331.85409,1.29266815,331.85409,1.29264169,327.643719,1.29258478,323.433348,1.29253609,319.222978,1.29251154,315.012607,1.29250632,310.802236,1.29251704,306.591865,1.2925495,302.381494,1.29260411,298.171124,1.29265559,293.960753,1.2926651,289.750382,1.2926244,285.540011,1.29256655,281.32964,1.29252528,277.11927,1.29250682,272.908899,1.29250131,268.698528,1.29250018,264.488157,1.29250002,260.277787,1.2925,256.067416,1.29250001,251.857045,1.29250007,247.646674,1.29250058,243.436303,1.29250352,239.225933,1.29251509,235.015562,1.29254604,230.805191,1.29260008,226.59482,1.29265671,222.384449,1.29268359,218.174079,1.29268071,213.963708,1.292685,209.753337,1.29271613,205.542966,1.29275262,201.332596,1.29276813,197.122225,1.29275868,192.911854,1.29274239,188.701483,1.29274958,184.491112,1.29279339,180.280742,1.29285631,176.070371,1.29292086,171.86,1.29298399,167.649629,1.29303237,163.439258,1.29304791,159.228888,1.29305091,155.018517,1.29308611,150.808146,1.29315021,146.597775,1.29319348,142.387405,1.29320502,138.177034,1.29322047,133.966663,1.29324267,129.756292,1.29323413,125.545921,1.29319712,121.335551,1.29321074,117.12518,1.29334664,112.914809,1.29356347,108.704438,1.29375433,104.494067,1.29388921,100.283697,1.29403543,96.0733259,1.29424227,91.8629551,1.29448181,87.6525843,1.29471688,83.4422135,1.29493598,79.2318428,1.2950937,75.021472,1.29511615,70.8111012,1.29498469,66.6007304,1.29476194,62.3903596,1.29456627,58.1799888,1.29452329,53.969618,1.29469071,49.7592473,1.29505117,45.5488765,1.29558546,41.3385057,1.29628603,37.1281349,1.29708739,32.9177641,1.29784742,28.7073933,1.29843495,24.4970225,1.29899092,20.2866518,1.30049902,16.076281,1.3052043,11.8659102,1.31570962,7.6555394,1.3324867,3.44516861,1.35212418,-0.765202175,1.36917255,-4.97557296,1.38008102,-9.18594375,1.3847525,-13.3963145,1.385125,-17.6066853,1.38365252,-21.8170561,1.38254971,-26.0274269,1.38282328,-30.2377977,1.38342075,-34.4481685,1.38188181,-38.6585392,1.37642726,-42.86891,1.36741538,-47.0792808,1.35669803,-51.2896516,1.3459083,-55.5000224,1.33564286,-59.7103932,1.32598381,-63.920764,1.31722225,-68.1311347,1.30982266,-72.3415055,1.30397505,-76.5518763,1.29954869,-80.7622471,1.29637124,-84.9726179,1.29637124,-84.9726179
Figure_S8|ax01|patch000|verts	-0.32565,-5.33126725,-0.25935,-5.33126725,-0.25935,1.54212625,-0.32565,1.54212625,-0.32565,-5.33126725,-0.32565,-5.33126725
Figure_S8|ax01|patch001|verts	-0.13065,-35.5975988,-0.06435,-35.5975988,-0.06435,-5.018016,-0.13065,-5.018016,-0.13065,-35.5975988,-0.13065,-35.5975988
Figure_S8|ax01|patch002|verts	0.06435,-21.4214728,0.13065,-21.4214728,0.13065,0.655279934,0.06435,0.655279934,0.06435,-21.4214728,0.06435,-21.4214728
Figure_S8|ax01|patch003|verts	0.25935,-44.6728296,0.32565,-44.6728296,0.32565,-10.7706528,0.25935,-10.7706528,0.25935,-44.6728296,0.25935,-44.6728296
Figure_S8|ax01|patch004|verts	0.67435,-5.850315,0.74065,-5.850315,0.74065,2.2130095,0.67435,2.2130095,0.67435,-5.850315,0.67435,-5.850315
Figure_S8|ax01|patch005|verts	0.86935,-35.009815,0.93565,-35.009815,0.93565,-4.940956,0.86935,-4.940956,0.86935,-35.009815,0.86935,-35.009815
Figure_S8|ax01|patch006|verts	1.06435,-16.098299,1.13065,-16.098299,1.13065,8.26731436,1.06435,8.26731436,1.06435,-16.098299,1.06435,-16.098299
Figure_S8|ax01|patch007|verts	1.25935,-43.028248,1.32565,-43.028248,1.32565,-10.4441519,1.25935,-10.4441519,1.25935,-43.028248,1.25935,-43.028248
Figure_S8|ax01|text000	-0.17,1.14␟b
Figure_S8|ax02|xlim	-0.6,1.6
Figure_S8|ax02|ylim	-1.62098,2.25938
Figure_S8|ax02|xscale	linear
Figure_S8|ax02|yscale	linear
Figure_S8|ax02|xlabel	Metric
Figure_S8|ax02|ylabel	D = MAE(failed) − MAE(passed) (pp)
Figure_S8|ax02|title	
Figure_S8|ax02|xticks	0,1
Figure_S8|ax02|yticks	-2,-1.5,-1,-0.5,0,0.5,1,1.5,2,2.5
Figure_S8|ax02|xticklabels	completeness␟contamination
Figure_S8|ax02|yticklabels	−2.0␟−1.5␟−1.0␟−0.5␟0.0␟0.5␟1.0␟1.5␟2.0␟2.5
Figure_S8|ax02|line000|xy	-0.285,0.7681
Figure_S8|ax02|line000|marker	o
Figure_S8|ax02|line000|ls	None
Figure_S8|ax02|line001|xy	-0.285,0.2994
Figure_S8|ax02|line001|marker	_
Figure_S8|ax02|line001|ls	None
Figure_S8|ax02|line002|xy	-0.285,1.2756
Figure_S8|ax02|line002|marker	_
Figure_S8|ax02|line002|ls	None
Figure_S8|ax02|line003|xy	-0.095,0.057
Figure_S8|ax02|line003|marker	^
Figure_S8|ax02|line003|ls	None
Figure_S8|ax02|line004|xy	-0.095,-0.4671
Figure_S8|ax02|line004|marker	_
Figure_S8|ax02|line004|ls	None
Figure_S8|ax02|line005|xy	-0.095,0.6021
Figure_S8|ax02|line005|marker	_
Figure_S8|ax02|line005|ls	None
Figure_S8|ax02|line006|xy	0.095,0.9003
Figure_S8|ax02|line006|marker	D
Figure_S8|ax02|line006|ls	None
Figure_S8|ax02|line007|xy	0.095,0.531
Figure_S8|ax02|line007|marker	_
Figure_S8|ax02|line007|ls	None
Figure_S8|ax02|line008|xy	0.095,1.2931
Figure_S8|ax02|line008|marker	_
Figure_S8|ax02|line008|ls	None
Figure_S8|ax02|line009|xy	0.285,-0.8371
Figure_S8|ax02|line009|marker	v
Figure_S8|ax02|line009|ls	None
Figure_S8|ax02|line010|xy	0.285,-1.4446
Figure_S8|ax02|line010|marker	_
Figure_S8|ax02|line010|ls	None
Figure_S8|ax02|line011|xy	0.285,-0.2251
Figure_S8|ax02|line011|marker	_
Figure_S8|ax02|line011|ls	None
Figure_S8|ax02|line012|xy	0.715,0.8224
Figure_S8|ax02|line012|marker	o
Figure_S8|ax02|line012|ls	None
Figure_S8|ax02|line013|xy	0.715,0.3192
Figure_S8|ax02|line013|marker	_
Figure_S8|ax02|line013|ls	None
Figure_S8|ax02|line014|xy	0.715,1.3874
Figure_S8|ax02|line014|marker	_
Figure_S8|ax02|line014|ls	None
Figure_S8|ax02|line015|xy	0.905,0.2183
Figure_S8|ax02|line015|marker	^
Figure_S8|ax02|line015|ls	None
Figure_S8|ax02|line016|xy	0.905,-0.4526
Figure_S8|ax02|line016|marker	_
Figure_S8|ax02|line016|ls	None
Figure_S8|ax02|line017|xy	0.905,0.9043
Figure_S8|ax02|line017|marker	_
Figure_S8|ax02|line017|ls	None
Figure_S8|ax02|line018|xy	1.095,0.918
Figure_S8|ax02|line018|marker	D
Figure_S8|ax02|line018|ls	None
Figure_S8|ax02|line019|xy	1.095,-0.2159
Figure_S8|ax02|line019|marker	_
Figure_S8|ax02|line019|ls	None
Figure_S8|ax02|line020|xy	1.095,2.083
Figure_S8|ax02|line020|marker	_
Figure_S8|ax02|line020|ls	None
Figure_S8|ax02|line021|xy	1.285,0.4839
Figure_S8|ax02|line021|marker	v
Figure_S8|ax02|line021|ls	None
Figure_S8|ax02|line022|xy	1.285,-0.5111
Figure_S8|ax02|line022|marker	_
Figure_S8|ax02|line022|ls	None
Figure_S8|ax02|line023|xy	1.285,1.4526
Figure_S8|ax02|line023|marker	_
Figure_S8|ax02|line023|ls	None
Figure_S8|ax02|line024|xy	0,0,1,0
Figure_S8|ax02|line024|marker	None
Figure_S8|ax02|line024|ls	--
Figure_S8|ax02|coll000|offsets	0,0
Figure_S8|ax02|coll000|verts	-0.285,0.2994,-0.285,1.2756
Figure_S8|ax02|coll001|offsets	0,0
Figure_S8|ax02|coll001|verts	-0.095,-0.4671,-0.095,0.6021
Figure_S8|ax02|coll002|offsets	0,0
Figure_S8|ax02|coll002|verts	0.095,0.531,0.095,1.2931
Figure_S8|ax02|coll003|offsets	0,0
Figure_S8|ax02|coll003|verts	0.285,-1.4446,0.285,-0.2251
Figure_S8|ax02|coll004|offsets	0,0
Figure_S8|ax02|coll004|verts	0.715,0.3192,0.715,1.3874
Figure_S8|ax02|coll005|offsets	0,0
Figure_S8|ax02|coll005|verts	0.905,-0.4526,0.905,0.9043
Figure_S8|ax02|coll006|offsets	0,0
Figure_S8|ax02|coll006|verts	1.095,-0.2159,1.095,2.083
Figure_S8|ax02|coll007|offsets	0,0
Figure_S8|ax02|coll007|verts	1.285,-0.5111,1.285,1.4526
Figure_S8|ax02|text000	-0.17,1.14␟c
Figure_S8|ax02|legend	MAGICC␟CheckM2␟CoCoPyE␟DeepCheck
Figure_S8|ax03|xlim	-0.6,2.6
Figure_S8|ax03|ylim	3.16762,20.33818
Figure_S8|ax03|xscale	linear
Figure_S8|ax03|yscale	linear
Figure_S8|ax03|xlabel	CheckM2-deficit severity of the reference
Figure_S8|ax03|ylabel	Completeness MAE (pp)
Figure_S8|ax03|title	
Figure_S8|ax03|xticks	0,1,2
Figure_S8|ax03|yticks	2,4,6,8,10,12,14,16,18,20,22
Figure_S8|ax03|xticklabels	mild
(n = 870)␟moderate
(n = 670)␟severe
(n = 460)
Figure_S8|ax03|yticklabels	2␟4␟6␟8␟10␟12␟14␟16␟18␟20␟22
Figure_S8|ax03|line000|xy	-0.3025,5.9841
Figure_S8|ax03|line000|marker	o
Figure_S8|ax03|line000|ls	None
Figure_S8|ax03|line001|xy	-0.3025,5.3498
Figure_S8|ax03|line001|marker	_
Figure_S8|ax03|line001|ls	None
Figure_S8|ax03|line002|xy	-0.3025,6.68
Figure_S8|ax03|line002|marker	_
Figure_S8|ax03|line002|ls	None
Figure_S8|ax03|line003|xy	-0.2275,15.0125
Figure_S8|ax03|line003|marker	^
Figure_S8|ax03|line003|ls	None
Figure_S8|ax03|line004|xy	-0.2275,13.9041
Figure_S8|ax03|line004|marker	_
Figure_S8|ax03|line004|ls	None
Figure_S8|ax03|line005|xy	-0.2275,16.1997
Figure_S8|ax03|line005|marker	_
Figure_S8|ax03|line005|ls	None
Figure_S8|ax03|line006|xy	-0.1525,8.0829
Figure_S8|ax03|line006|marker	D
Figure_S8|ax03|line006|ls	None
Figure_S8|ax03|line007|xy	-0.1525,7.4053
Figure_S8|ax03|line007|marker	_
Figure_S8|ax03|line007|ls	None
Figure_S8|ax03|line008|xy	-0.1525,8.8148
Figure_S8|ax03|line008|marker	_
Figure_S8|ax03|line008|ls	None
Figure_S8|ax03|line009|xy	-0.0775,17.8443
Figure_S8|ax03|line009|marker	v
Figure_S8|ax03|line009|ls	None
Figure_S8|ax03|line010|xy	-0.0775,16.2336
Figure_S8|ax03|line010|marker	_
Figure_S8|ax03|line010|ls	None
Figure_S8|ax03|line011|xy	-0.0775,19.5577
Figure_S8|ax03|line011|marker	_
Figure_S8|ax03|line011|ls	None
Figure_S8|ax03|line012|xy	0.0775,6.5366
Figure_S8|ax03|line012|marker	o
Figure_S8|ax03|line012|ls	None
Figure_S8|ax03|line013|xy	0.0775,5.7668
Figure_S8|ax03|line013|marker	_
Figure_S8|ax03|line013|ls	None
Figure_S8|ax03|line014|xy	0.0775,7.346
Figure_S8|ax03|line014|marker	_
Figure_S8|ax03|line014|ls	None
Figure_S8|ax03|line015|xy	0.1525,15.1615
Figure_S8|ax03|line015|marker	^
Figure_S8|ax03|line015|ls	None
Figure_S8|ax03|line016|xy	0.1525,13.9534
Figure_S8|ax03|line016|marker	_
Figure_S8|ax03|line016|ls	None
Figure_S8|ax03|line017|xy	0.1525,16.3409
Figure_S8|ax03|line017|marker	_
Figure_S8|ax03|line017|ls	None
Figure_S8|ax03|line018|xy	0.2275,8.6369
Figure_S8|ax03|line018|marker	D
Figure_S8|ax03|line018|ls	None
Figure_S8|ax03|line019|xy	0.2275,7.9296
Figure_S8|ax03|line019|marker	_
Figure_S8|ax03|line019|ls	None
Figure_S8|ax03|line020|xy	0.2275,9.3351
Figure_S8|ax03|line020|marker	_
Figure_S8|ax03|line020|ls	None
Figure_S8|ax03|line021|xy	0.3025,17.1546
Figure_S8|ax03|line021|marker	v
Figure_S8|ax03|line021|ls	None
Figure_S8|ax03|line022|xy	0.3025,15.4923
Figure_S8|ax03|line022|marker	_
Figure_S8|ax03|line022|ls	None
Figure_S8|ax03|line023|xy	0.3025,18.8606
Figure_S8|ax03|line023|marker	_
Figure_S8|ax03|line023|ls	None
Figure_S8|ax03|line024|xy	0.6975,5.597
Figure_S8|ax03|line024|marker	o
Figure_S8|ax03|line024|ls	None
Figure_S8|ax03|line025|xy	0.6975,4.8891
Figure_S8|ax03|line025|marker	_
Figure_S8|ax03|line025|ls	None
Figure_S8|ax03|line026|xy	0.6975,6.4035
Figure_S8|ax03|line026|marker	_
Figure_S8|ax03|line026|ls	None
Figure_S8|ax03|line027|xy	0.7725,12.9118
Figure_S8|ax03|line027|marker	^
Figure_S8|ax03|line027|ls	None
Figure_S8|ax03|line028|xy	0.7725,11.6328
Figure_S8|ax03|line028|marker	_
Figure_S8|ax03|line028|ls	None
Figure_S8|ax03|line029|xy	0.7725,14.1565
Figure_S8|ax03|line029|marker	_
Figure_S8|ax03|line029|ls	None
Figure_S8|ax03|line030|xy	0.8475,7.4543
Figure_S8|ax03|line030|marker	D
Figure_S8|ax03|line030|ls	None
Figure_S8|ax03|line031|xy	0.8475,6.5018
Figure_S8|ax03|line031|marker	_
Figure_S8|ax03|line031|ls	None
Figure_S8|ax03|line032|xy	0.8475,8.394
Figure_S8|ax03|line032|marker	_
Figure_S8|ax03|line032|ls	None
Figure_S8|ax03|line033|xy	0.9225,15.6143
Figure_S8|ax03|line033|marker	v
Figure_S8|ax03|line033|ls	None
Figure_S8|ax03|line034|xy	0.9225,13.7746
Figure_S8|ax03|line034|marker	_
Figure_S8|ax03|line034|ls	None
Figure_S8|ax03|line035|xy	0.9225,17.5743
Figure_S8|ax03|line035|marker	_
Figure_S8|ax03|line035|ls	None
Figure_S8|ax03|line036|xy	1.0775,6.5836
Figure_S8|ax03|line036|marker	o
Figure_S8|ax03|line036|ls	None
Figure_S8|ax03|line037|xy	1.0775,5.5964
Figure_S8|ax03|line037|marker	_
Figure_S8|ax03|line037|ls	None
Figure_S8|ax03|line038|xy	1.0775,7.7145
Figure_S8|ax03|line038|marker	_
Figure_S8|ax03|line038|ls	None
Figure_S8|ax03|line039|xy	1.1525,13.5297
Figure_S8|ax03|line039|marker	^
Figure_S8|ax03|line039|ls	None
Figure_S8|ax03|line040|xy	1.1525,12.2173
Figure_S8|ax03|line040|marker	_
Figure_S8|ax03|line040|ls	None
Figure_S8|ax03|line041|xy	1.1525,14.815
Figure_S8|ax03|line041|marker	_
Figure_S8|ax03|line041|ls	None
Figure_S8|ax03|line042|xy	1.2275,8.4479
Figure_S8|ax03|line042|marker	D
Figure_S8|ax03|line042|ls	None
Figure_S8|ax03|line043|xy	1.2275,7.547
Figure_S8|ax03|line043|marker	_
Figure_S8|ax03|line043|ls	None
Figure_S8|ax03|line044|xy	1.2275,9.3628
Figure_S8|ax03|line044|marker	_
Figure_S8|ax03|line044|ls	None
Figure_S8|ax03|line045|xy	1.3025,15.1712
Figure_S8|ax03|line045|marker	v
Figure_S8|ax03|line045|ls	None
Figure_S8|ax03|line046|xy	1.3025,13.3218
Figure_S8|ax03|line046|marker	_
Figure_S8|ax03|line046|ls	None
Figure_S8|ax03|line047|xy	1.3025,17.1022
Figure_S8|ax03|line047|marker	_
Figure_S8|ax03|line047|ls	None
Figure_S8|ax03|line048|xy	1.6975,4.6055
Figure_S8|ax03|line048|marker	o
Figure_S8|ax03|line048|ls	None
Figure_S8|ax03|line049|xy	1.6975,3.9481
Figure_S8|ax03|line049|marker	_
Figure_S8|ax03|line049|ls	None
Figure_S8|ax03|line050|xy	1.6975,5.3515
Figure_S8|ax03|line050|marker	_
Figure_S8|ax03|line050|ls	None
Figure_S8|ax03|line051|xy	1.7725,13.1803
Figure_S8|ax03|line051|marker	^
Figure_S8|ax03|line051|ls	None
Figure_S8|ax03|line052|xy	1.7725,11.7539
Figure_S8|ax03|line052|marker	_
Figure_S8|ax03|line052|ls	None
Figure_S8|ax03|line053|xy	1.7725,14.6079
Figure_S8|ax03|line053|marker	_
Figure_S8|ax03|line053|ls	None
Figure_S8|ax03|line054|xy	1.8475,6.4404
Figure_S8|ax03|line054|marker	D
Figure_S8|ax03|line054|ls	None
Figure_S8|ax03|line055|xy	1.8475,5.6532
Figure_S8|ax03|line055|marker	_
Figure_S8|ax03|line055|ls	None
Figure_S8|ax03|line056|xy	1.8475,7.2741
Figure_S8|ax03|line056|marker	_
Figure_S8|ax03|line056|ls	None
Figure_S8|ax03|line057|xy	1.9225,14.1548
Figure_S8|ax03|line057|marker	v
Figure_S8|ax03|line057|ls	None
Figure_S8|ax03|line058|xy	1.9225,12.365
Figure_S8|ax03|line058|marker	_
Figure_S8|ax03|line058|ls	None
Figure_S8|ax03|line059|xy	1.9225,16.0067
Figure_S8|ax03|line059|marker	_
Figure_S8|ax03|line059|ls	None
Figure_S8|ax03|line060|xy	2.0775,5.4631
Figure_S8|ax03|line060|marker	o
Figure_S8|ax03|line060|ls	None
Figure_S8|ax03|line061|xy	2.0775,4.4035
Figure_S8|ax03|line061|marker	_
Figure_S8|ax03|line061|ls	None
Figure_S8|ax03|line062|xy	2.0775,6.6603
Figure_S8|ax03|line062|marker	_
Figure_S8|ax03|line062|ls	None
Figure_S8|ax03|line063|xy	2.1525,12.2461
Figure_S8|ax03|line063|marker	^
Figure_S8|ax03|line063|ls	None
Figure_S8|ax03|line064|xy	2.1525,11.0361
Figure_S8|ax03|line064|marker	_
Figure_S8|ax03|line064|ls	None
Figure_S8|ax03|line065|xy	2.1525,13.5012
Figure_S8|ax03|line065|marker	_
Figure_S8|ax03|line065|ls	None
Figure_S8|ax03|line066|xy	2.2275,7.8598
Figure_S8|ax03|line066|marker	D
Figure_S8|ax03|line066|ls	None
Figure_S8|ax03|line067|xy	2.2275,7.1416
Figure_S8|ax03|line067|marker	_
Figure_S8|ax03|line067|ls	None
Figure_S8|ax03|line068|xy	2.2275,8.6002
Figure_S8|ax03|line068|marker	_
Figure_S8|ax03|line068|ls	None
Figure_S8|ax03|line069|xy	2.3025,12.4652
Figure_S8|ax03|line069|marker	v
Figure_S8|ax03|line069|ls	None
Figure_S8|ax03|line070|xy	2.3025,11.2323
Figure_S8|ax03|line070|marker	_
Figure_S8|ax03|line070|ls	None
Figure_S8|ax03|line071|xy	2.3025,13.8176
Figure_S8|ax03|line071|marker	_
Figure_S8|ax03|line071|ls	None
Figure_S8|ax03|coll000|offsets	0,0
Figure_S8|ax03|coll000|verts	-0.3025,5.3498,-0.3025,6.68
Figure_S8|ax03|coll001|offsets	0,0
Figure_S8|ax03|coll001|verts	-0.2275,13.9041,-0.2275,16.1997
Figure_S8|ax03|coll002|offsets	0,0
Figure_S8|ax03|coll002|verts	-0.1525,7.4053,-0.1525,8.8148
Figure_S8|ax03|coll003|offsets	0,0
Figure_S8|ax03|coll003|verts	-0.0775,16.2336,-0.0775,19.5577
Figure_S8|ax03|coll004|offsets	0,0
Figure_S8|ax03|coll004|verts	0.0775,5.7668,0.0775,7.346
Figure_S8|ax03|coll005|offsets	0,0
Figure_S8|ax03|coll005|verts	0.1525,13.9534,0.1525,16.3409
Figure_S8|ax03|coll006|offsets	0,0
Figure_S8|ax03|coll006|verts	0.2275,7.9296,0.2275,9.3351
Figure_S8|ax03|coll007|offsets	0,0
Figure_S8|ax03|coll007|verts	0.3025,15.4923,0.3025,18.8606
Figure_S8|ax03|coll008|offsets	0,0
Figure_S8|ax03|coll008|verts	0.6975,4.8891,0.6975,6.4035
Figure_S8|ax03|coll009|offsets	0,0
Figure_S8|ax03|coll009|verts	0.7725,11.6328,0.7725,14.1565
Figure_S8|ax03|coll010|offsets	0,0
Figure_S8|ax03|coll010|verts	0.8475,6.5018,0.8475,8.394
Figure_S8|ax03|coll011|offsets	0,0
Figure_S8|ax03|coll011|verts	0.9225,13.7746,0.9225,17.5743
Figure_S8|ax03|coll012|offsets	0,0
Figure_S8|ax03|coll012|verts	1.0775,5.5964,1.0775,7.7145
Figure_S8|ax03|coll013|offsets	0,0
Figure_S8|ax03|coll013|verts	1.1525,12.2173,1.1525,14.815
Figure_S8|ax03|coll014|offsets	0,0
Figure_S8|ax03|coll014|verts	1.2275,7.547,1.2275,9.3628
Figure_S8|ax03|coll015|offsets	0,0
Figure_S8|ax03|coll015|verts	1.3025,13.3218,1.3025,17.1022
Figure_S8|ax03|coll016|offsets	0,0
Figure_S8|ax03|coll016|verts	1.6975,3.9481,1.6975,5.3515
Figure_S8|ax03|coll017|offsets	0,0
Figure_S8|ax03|coll017|verts	1.7725,11.7539,1.7725,14.6079
Figure_S8|ax03|coll018|offsets	0,0
Figure_S8|ax03|coll018|verts	1.8475,5.6532,1.8475,7.2741
Figure_S8|ax03|coll019|offsets	0,0
Figure_S8|ax03|coll019|verts	1.9225,12.365,1.9225,16.0067
Figure_S8|ax03|coll020|offsets	0,0
Figure_S8|ax03|coll020|verts	2.0775,4.4035,2.0775,6.6603
Figure_S8|ax03|coll021|offsets	0,0
Figure_S8|ax03|coll021|verts	2.1525,11.0361,2.1525,13.5012
Figure_S8|ax03|coll022|offsets	0,0
Figure_S8|ax03|coll022|verts	2.2275,7.1416,2.2275,8.6002
Figure_S8|ax03|coll023|offsets	0,0
Figure_S8|ax03|coll023|verts	2.3025,11.2323,2.3025,13.8176
Figure_S8|ax03|text000	-0.17,1.14␟d
Figure_S8|ax03|legend	matched control (passed)␟would have failed
Figure_S8|ax04|xlim	-2.2395,47.0295
Figure_S8|ax04|ylim	-25,50
Figure_S8|ax04|xscale	linear
Figure_S8|ax04|yscale	linear
Figure_S8|ax04|xlabel	CheckM2 completeness deficit of the reference (pp below 98 %)
Figure_S8|ax04|ylabel	Per-reference mean signed
completeness error (pp)
Figure_S8|ax04|title	
Figure_S8|ax04|xticks	-10,0,10,20,30,40,50
Figure_S8|ax04|yticks	-30,-20,-10,0,10,20,30,40,50
Figure_S8|ax04|xticklabels	−10␟0␟10␟20␟30␟40␟50
Figure_S8|ax04|yticklabels	−30␟−20␟−10␟0␟10␟20␟30␟40␟50
Figure_S8|ax04|line000|xy	6.11,1.2213267,12.02,0.3334013,13.06,-1.1296111,0,10.303078,0,0.0150088,12.92,3.7694484,0,0.8136714,3.66,2.5517,0,-0.0014176,3.8,4.8039549,0,0.9493482,0,8.7919375,25.49,-10.3733339,0,-8.2551345,1.3,1.5992963,0,6.2057641,0,1.2946924,1.77,7.1210411,0.61,-1.844805,15.01,-5.9003015,0,4.0238591,6.62,9.6239196,14.72,2.5208711,32.87,-0.3787635,2.25,0.7582639,3.01,5.937761,0,15.3289708,34.28,4.9898791,0,2.9910048,3.65,-14.3264184,8.99,2.07927,6.4,4.4013626,0,0.3087925,14.96,4.0395799,1.88,4.8133314,3.92,0.7954098,13.61,2.7092799,0,1.4501186,0,-0.5616788,0,5.5962903,6.4,1.9474458,0,1.4904593,14.99,-0.5641271,0,1.1847714,1.3,10.2759961,0,5.7417922,0,-1.151494,21.63,0.8724388,0,5.4721267,0,6.9168297,0,4.0316414,0,5.3041563,13.74,-12.0057696,0,5.3039037,4.03,6.1498075,18.23,2.124417,0,4.0172518,2.41,-0.7374229,0,1.8342503,0,4.3267889,10.86,-6.4228359,0,-3.3624413,3.27,2.8627942,2.17,1.7666601,0,5.2460868,0,1.3103987,7.48,0.8976566,9.25,-1.1773092,4.19,-0.0343175,4.3,-0.5274067,0,-0.9726279,0,-1.4715322,4.81,-1.0001316,1.93,1.047369,0,3.8902766,3.54,3.8494686,2.64,2.4286896,3.61,5.0908115,14.82,5.4090755,0,3.0228469,0,3.3456886,14.62,4.6904985,16.13,2.3875626,9.07,3.4899015,9,6.036165,12.13,1.9491883,12.16,2.2449235,10.75,2.2482529,12.08,2.6021571,11.1,1.3328847,37.48,1.1551307,14.24,0.8990437,21.84,2.1586715,37.21,0.6890773,23.82,2.6503348,22.22,4.0073773,12.25,2.5633281,7.58,2.8717781,4.83,-2.6992834,13.18,2.3902038,3.58,3.2413339,3.83,2.9818872,2.46,5.29217,44.79,0.6848527,0,0.0347916,4.28,1.1065158,12.84,7.2831355,13.14,1.8283863,21.65,2.3646645,0,3.7731939,2.91,-10.8180049,2.18,0.5731297,31.19,7.6711859,14.14,0.3648282,9.61,6.2788302,1.7,3.7329918,0,2.2820755,4.21,4.3893191,0.29,-6.4718871,21.82,-12.4673708,0,13.5991847,0,0.6240656,0,5.7444638,0,8.3048754,0,1.8359682,0,5.837824,0,-0.8209835,3.33,-6.1376512,0,2.5849557,0,-4.3884675,0,2.5028985,0,1.4555871,0,-14.3198406,0,0.2121806,0,8.4553929,0,19.6370271,0,0.1258711,0,5.6365842,0,-4.2443197,0,3.971273,0,4.2270978,0,1.2448865,0,4.8296326,0,2.6642564,0,0.2596816,0,10.1781453,0,-4.1865341,2.02,-7.1149175,0,-1.8713784,0,2.1163375,0,2.9080172,0,-3.7297166,0,9.0200523,0,7.352242,0,6.1807021,0,4.1313451,0,1.795135,0,1.1580791,0,1.4015167,0,0.379827,0,-0.9964851,0,3.878835,0,4.1297026,0,6.3548846,0,6.7647938,0,6.3613859,0,9.7058957,0,5.2350037,0,2.674044,0,9.8367483,0,1.6769979,0,5.7434156,0,16.6858945,0,5.480504,0.85,-0.2970866,0,2.3542529,0,2.3992649,1.41,-5.4952436,0,0.8545406,0,5.7366404,0,-0.7046599,0,5.8436154,1.8,-1.4678846,0,22.7357266,0,20.1246478,0,9.9967581,0,-2.1458642,0,5.8346745,0,-0.5140607,0,3.5461299,0,1.7008639,0,0.9840073,0,5.1030695,0,2.2153336,0,3.7631639,0,-0.5543336,0,-0.8942264,0,4.4367438,0,0.3142294,0,6.9539593,0,6.0801183,0,14.9444416,0,6.207831,0,1.1759711,0,4.4436281,0,1.251017,0,4.5773309,0,-7.9211275,0,3.352463,0,3.5597778,0,8.5959418,0,2.7165894,0,0.9069368,0,4.7022902,0,3.2513044,0,-0.7231464,0.34,16.1006259,0,4.6239143,0,0.9506871,0,0.5208038,0,0.4274622,3.69,8.7770532,0,3.9647768,0,5.741147,0,5.4208247,0,2.5425962,0,9.7840781,0,-4.699003,0,6.7561079,0,20.0244491,0,1.0167453,0,0.7307331,0,3.7998238,2.84,-4.2392626,0,3.1650042,3.01,4.1333496,0,3.292687,0,19.3646215,0,10.6899348,0,10.4293607,0,4.571288,0,8.8452699,0,4.1970344,0,7.2859205,0,9.6089054,0,-0.3648316,0,6.4875628,0,4.7175551,0,9.1716527,0,1.8163577,0,6.9298592,0,3.5203994,0,1.8885192,0,0.3224102,0,4.0686954,0,1.8785354,0,6.6690905,0,-1.4402027,1.82,2.2263681,0,2.2107091,0,7.8850287,0,2.2313433,0,2.9685159,0,7.0413673,0,0.7417584,0,6.4074928,0,0.6534336,0,-0.6004758,0,0.0105765,0,7.6916874,1.81,0.209758,2.03,4.301689,0,1.9292239,0,14.348224,0,16.4429235,0,18.0481507,0,1.2839622,0,1.563013,0,-9.2709176,0,3.7880255,0,15.0173063,0,4.2201097,0,3.8819869,0,3.5542536,0,0.4864576,0,3.5752153,4.94,1.6834645,0,4.7213532,0,0.410166,0,0.9446833,0,9.5879741,0,8.2854295,0,7.7494539,0,-1.1197106,0,9.9584762,0,-1.6938953,0.48,-2.3088539,0,2.42226,0.18,-1.348933,0,3.6168159,0,0.9858237,0,1.295975,0,3.3832805,0,2.2756387,0,3.0210133,0,8.1046862,0,0.0006458,7.03,0.3981753,0,2.8099793,0,6.4718361,0,5.3253164,0.09,-1.1265255,0.01,2.7057999,0.43,0.4931804,0,-1.2599796,0,6.5085865,0,0.0325612,0,-2.1113185,0,7.0725148,0,7.7657106,0,6.3285273,0,2.5181821,0,1.5732803,0,2.78757,0,6.0561459,0,5.67061,0,8.4649233,0,4.9651998,3.98,5.5296183,1.91,-2.5780442,0,2.8579857,0,4.6112545,0,-1.9546465,0,1.5424986,0,8.1854058,0,5.7765083,0,2.3390097,0.71,-13.83547,2.07,5.3674943,0,11.3839137,0,1.7804431,1.44,3.561523,0,6.7071878,0,4.7587434,0,1.3887593,0.52,-3.7314939,0,3.1402278,0,1.9185163,0,-0.8723612,0,0.1647024,0,5.4557573,0,2.1368179,0,7.9056047,0,-5.2903498,0,9.57246,0,4.7201177,0,10.2827763,0,-1.6790021,0,4.9087747,0,-0.585122,0,3.5833972,0,4.0669248,0,5.2758522,0,1.3685492,2.39,6.832028,1.86,10.4600148,1.83,6.237971,1.51,7.3554411,1.81,10.1422311,0,2.5479095,0,-1.7041117,0,4.9879327,0,2.5892717,0,18.3842721,12.55,-2.2631212,0,7.419659,0,0.7737032,0.56,3.5333598,0,3.5465615,1.19,-0.3207947,0,4.951948,0,3.5082416,0,10.4669836,0,18.9243567,0,3.0745155,0,2.2171605,0,2.5126905,0,1.7176369,0,9.6683392,0,-0.2777177,0,4.1664289,0,7.8301245,0,5.4483284,2.46,-2.2603545,0,4.5803042,0,2.9096228,0.35,-2.0608086,0,9.0258798,0,4.7699601,0,4.6691564
Figure_S8|ax04|line000|marker	o
Figure_S8|ax04|line000|ls	None
Figure_S8|ax04|line001|xy	0,3.5729,0.914081633,3.45105292,1.82816327,3.32920584,2.7422449,3.20735876,3.65632653,3.08551167,4.57040816,2.96366459,5.4844898,2.84181751,6.39857143,2.71997043,7.31265306,2.59812335,8.22673469,2.47627627,9.14081633,2.35442918,10.054898,2.2325821,10.9689796,2.11073502,11.8830612,1.98888794,12.7971429,1.86704086,13.7112245,1.74519378,14.6253061,1.62334669,15.5393878,1.50149961,16.4534694,1.37965253,17.367551,1.25780545,18.2816327,1.13595837,19.1957143,1.01411129,20.1097959,0.892264204,21.0238776,0.770417122,21.9379592,0.648570041,22.8520408,0.526722959,23.7661224,0.404875878,24.6802041,0.283028796,25.5942857,0.161181714,26.5083673,0.0393346327,27.422449,-0.082512449,28.3365306,-0.204359531,29.2506122,-0.326206612,30.1646939,-0.448053694,31.0787755,-0.569900776,31.9928571,-0.691747857,32.9069388,-0.813594939,33.8210204,-0.93544202,34.735102,-1.0572891,35.6491837,-1.17913618,36.5632653,-1.30098327,37.4773469,-1.42283035,38.3914286,-1.54467743,39.3055102,-1.66652451,40.2195918,-1.78837159,41.1336735,-1.91021867,42.0477551,-2.03206576,42.9618367,-2.15391284,43.8759184,-2.27575992,44.79,-2.397607
Figure_S8|ax04|line001|marker	None
Figure_S8|ax04|line001|ls	-
Figure_S8|ax04|line002|xy	6.11,10.1638734,12.02,15.3897227,13.06,2.2178756,0,16.3257169,0,2.9858497,12.92,9.7086028,0,14.8131207,3.66,-8.325176,0,21.3884393,3.8,14.9111709,0,16.5719853,0,7.7907894,25.49,5.4130386,0,9.6815138,1.3,21.1847852,0,19.0015888,0,22.06505,1.77,17.2222458,0.61,13.2297213,15.01,12.5231419,0,9.962217,6.62,13.4360362,14.72,16.8951067,32.87,3.5355385,2.25,19.7436568,3.01,13.9558948,0,25.3327077,34.28,2.806425,0,22.6366665,3.65,-7.2058072,8.99,15.3600901,6.4,14.7906407,0,10.9270512,14.96,1.3976985,1.88,11.5635921,3.92,4.6754446,13.61,16.8680764,0,18.8545471,0,8.3751649,0,19.1795169,6.4,12.5559988,0,17.3962805,14.99,6.049394,0,22.3461404,1.3,23.2886066,0,22.1932742,0,14.2201486,21.63,9.6750664,0,11.6411236,0,8.8437177,0,11.0500629,0,10.0702477,13.74,-3.577377,0,14.3683486,4.03,12.9063015,18.23,6.5143744,0,22.4101728,2.41,2.3224567,0,7.4648163,0,15.5490092,10.86,-2.2084843,0,5.0915288,3.27,6.5852064,2.17,5.8670303,0,4.5432639,0,12.2693676,7.48,9.5775894,9.25,2.6134012,4.19,1.4729064,4.3,-0.8844654,0,0.9082265,0,0.6355321,4.81,-1.6849938,1.93,17.695032,0,15.8114187,3.54,9.2493442,2.64,10.1839926,3.61,5.3873557,14.82,13.1296684,0,16.098716,0,21.4082148,14.62,2.0963735,16.13,0.7863321,9.07,2.9662373,9,10.4371296,12.13,11.9452107,12.16,4.8211023,10.75,5.3948112,12.08,5.6641046,11.1,7.3616399,37.48,2.4068297,14.24,5.4441731,21.84,-7.0684105,37.21,-12.4464994,23.82,3.4619552,22.22,5.8057471,12.25,-0.9032766,7.58,11.0837103,4.83,18.8389079,13.18,15.1348734,3.58,-0.2153876,3.83,19.8714817,2.46,17.864819,44.79,-9.9282652,0,1.5240735,4.28,2.88085,12.84,5.6420961,13.14,3.1269379,21.65,14.3696546,0,5.5055587,2.91,-9.0906395,2.18,21.7148442,31.19,-16.1725792,14.14,-3.3445368,9.61,4.2630118,1.7,19.8262582,0,16.6012813,4.21,20.0612083,0.29,14.5820466,21.82,6.9379526,0,29.5638483,0,8.8969067,0,15.4637504,0,13.9890709,0,-5.8569982,0,25.7919555,0,10.0253208,3.33,-7.3914492,0,9.4737244,0,11.8092851,0,20.4769444,0,15.6747364,0,7.8561027,0,8.6408427,0,13.7926969,0,23.8182771,0,6.3622664,0,15.0415734,0,23.6224172,0,20.2261881,0,15.9882821,0,13.9431676,0,5.548725,0,17.8454368,0,5.2306919,0,-3.9380048,0,-6.5029783,2.02,-4.544306,0,13.173496,0,17.2495063,0,19.2547671,0,5.0443583,0,13.3377861,0,12.2520299,0,18.2276101,0,0.6386027,0,2.7505786,0,18.4430113,0,10.6982376,0,2.2321484,0,4.6746226,0,21.3880588,0,24.040308,0,18.067204,0,13.389242,0,16.0824424,0,9.6773658,0,14.5521183,0,12.9002721,0,16.8447662,0,10.4033239,0,17.6058508,0,26.9918589,0,7.9213357,0.85,-10.5514184,0,-9.106566,0,16.0277359,1.41,-6.9812256,0,15.1041472,0,10.1730848,0,11.7541954,0,26.2892797,1.8,-2.6845334,0,22.7507004,0,20.4394536,0,18.3663912,0,17.1460424,0,14.4903779,0,-5.0776846,0,1.4482871,0,15.6533432,0,10.1086209,0,24.6754791,0,15.4653184,0,12.9106117,0,12.114337,0,-5.6222172,0,9.4064456,0,9.9226899,0,22.7263697,0,14.7972107,0,20.9683964,0,22.5857983,0,16.3335037,0,12.9809625,0,16.1618131,0,13.2558838,0,15.3360546,0,17.9464473,0,15.4295968,0,0.0839436,0,-6.3780694,0,14.9834188,0,15.3173182,0,16.0631364,0,5.2051927,0.34,12.1414787,0,17.2886698,0,18.1868057,0,14.4871383,0,7.0303611,3.69,22.8881522,0,11.0912842,0,15.8443685,0,10.2248947,0,20.8321462,0,18.4375016,0,17.3744938,0,16.2394059,0,20.3808482,0,12.7607702,0,18.5731777,0,17.4680481,2.84,13.4769825,0,21.5137773,3.01,10.7278831,0,6.7364779,0,25.4187755,0,15.4953933,0,16.3576468,0,19.5762518,0,17.7837161,0,9.9006174,0,15.8289164,0,16.0242314,0,14.0511079,0,21.3916118,0,18.0179517,0,8.5930672,0,17.3544856,0,14.1678644,0,9.9632487,0,16.2480416,0,24.9139254,0,12.861388,0,18.2594364,0,7.6767989,0,-7.9258291,1.82,10.928302,0,10.5293885,0,17.0750716,0,12.9689083,0,20.5231372,0,17.4459851,0,10.6931817,0,19.459792,0,12.2517666,0,6.3328583,0,15.8575182,0,20.8409589,1.81,14.3883591,2.03,18.449867,0,9.9615751,0,18.4524826,0,25.1162715,0,14.9979857,0,10.3229906,0,20.9523259,0,11.0872113,0,14.0596453,0,22.2123452,0,12.0529123,0,14.0582253,0,21.0763593,0,12.3395164,0,14.5708485,4.94,0.4661951,0,15.3399799,0,7.2730672,0,6.6863333,0,19.426703,0,9.4032961,0,19.4332843,0,17.8499447,0,10.8555403,0,3.3839814,0.48,24.0456429,0,12.5081311,0.18,15.4877492,0,12.0623237,0,8.2964933,0,17.2540663,0,15.3213222,0,16.9045686,0,20.5344978,0,21.6015202,0,25.1165672,7.03,10.3954495,0,5.9848334,0,25.7203983,0,22.1791472,0.09,-2.4779318,0.01,0.3498604,0.43,9.8670531,0,8.8661461,0,20.2555912,0,1.4246678,0,5.3572429,0,20.651164,0,16.4823597,0,-2.4797583,0,7.8207792,0,19.1549437,0,14.2638378,0,7.8259423,0,15.6446815,0,16.5755453,0,9.2070255,3.98,7.1964404,1.91,15.7555933,0,15.8821116,0,18.842694,0,14.8602593,0,10.6520545,0,15.6215403,0,15.5035758,0,8.1637983,0.71,12.2538549,2.07,15.8241918,0,13.5620824,0,11.4645128,1.44,-7.746838,0,15.2147638,0,16.6824435,0,13.9782321,0.52,16.5408096,0,7.9559198,0,11.5434485,0,13.2414361,0,15.0534991,0,23.2497376,0,15.1966633,0,21.8361826,0,11.8592781,0,18.0979187,0,22.9786763,0,24.0466827,0,15.0134411,0,17.4265453,0,12.4821614,0,23.552559,0,14.4810435,0,20.6391212,0,6.8697777,2.39,-10.588246,1.86,-7.8954887,1.83,-10.6928192,1.51,-0.5687625,1.81,-3.7844433,0,17.5677864,0,-3.7594641,0,9.4785214,0,9.4140037,0,22.5370172,12.55,13.8055478,0,7.9729936,0,19.0040242,0.56,-2.6048023,0,14.3226761,1.19,23.5900055,0,25.6778228,0,17.4555511,0,11.805739,0,17.1574893,0,6.567817,0,10.8134167,0,7.059021,0,-6.0243134,0,22.4353402,0,9.2142798,0,11.5761972,0,-5.411224,0,-3.7992409,2.46,2.2091751,0,9.6756171,0,5.7732062,0.35,18.1658501,0,16.1001341,0,23.2873152,0,11.9454784
Figure_S8|ax04|line002|marker	^
Figure_S8|ax04|line002|ls	None
Figure_S8|ax04|line003|xy	0,12.8834,0.914081633,12.4435439,1.82816327,12.0036878,2.7422449,11.5638318,3.65632653,11.1239757,4.57040816,10.6841196,5.4844898,10.2442635,6.39857143,9.80440743,7.31265306,9.36455135,8.22673469,8.92469527,9.14081633,8.48483918,10.054898,8.0449831,10.9689796,7.60512702,11.8830612,7.16527094,12.7971429,6.72541486,13.7112245,6.28555878,14.6253061,5.84570269,15.5393878,5.40584661,16.4534694,4.96599053,17.367551,4.52613445,18.2816327,4.08627837,19.1957143,3.64642229,20.1097959,3.2065662,21.0238776,2.76671012,21.9379592,2.32685404,22.8520408,1.88699796,23.7661224,1.44714188,24.6802041,1.0072858,25.5942857,0.567429714,26.5083673,0.127573633,27.422449,-0.312282449,28.3365306,-0.752138531,29.2506122,-1.19199461,30.1646939,-1.63185069,31.0787755,-2.07170678,31.9928571,-2.51156286,32.9069388,-2.95141894,33.8210204,-3.39127502,34.735102,-3.8311311,35.6491837,-4.27098718,36.5632653,-4.71084327,37.4773469,-5.15069935,38.3914286,-5.59055543,39.3055102,-6.03041151,40.2195918,-6.47026759,41.1336735,-6.91012367,42.0477551,-7.34997976,42.9618367,-7.78983584,43.8759184,-8.22969192,44.79,-8.669548
Figure_S8|ax04|line003|marker	None
Figure_S8|ax04|line003|ls	:
Figure_S8|ax04|line004|xy	6.11,4.18884009,12.02,9.43754028,13.06,4.22053117,0,7.85892849,0,1.5038377,12.92,-1.30867465,0,4.28491613,3.66,-9.70259507,0,9.58322422,3.8,10.4000761,0,4.0339661,0,5.78407303,25.49,-4.97775611,0,3.28815515,1.3,7.19971929,0,6.46381439,0,6.29780295,1.77,8.09454546,0.61,7.75706756,15.01,-3.94648906,0,4.01013842,6.62,6.83300366,14.72,7.26894992,32.87,7.34506586,2.25,9.40209792,3.01,4.99700706,0,13.9438984,34.28,9.5533993,0,7.52702248,3.65,-3.54043918,8.99,7.86241345,6.4,10.9438186,0,4.83115116,14.96,5.43092745,1.88,5.2888755,3.92,3.23057248,13.61,13.6126211,0,5.75741875,0,2.51712441,0,5.54045311,6.4,8.86553011,0,6.11541228,14.99,6.57732429,0,6.14808978,1.3,15.6440229,0,13.2330593,0,8.26770418,21.63,7.76141724,0,2.99096526,0,5.89416645,0,6.47328457,0,4.02635483,13.74,-8.33772484,0,7.49996791,4.03,8.89558075,18.23,6.32331535,0,5.38042775,2.41,2.41389225,0,4.59288128,0,8.13435812,10.86,2.07258555,0,2.75354441,3.27,3.74027268,2.17,2.98012915,0,2.24707778,0,4.42035492,7.48,9.00812235,9.25,3.13689392,4.19,1.53331339,4.3,3.28391418,0,1.24032587,0,2.48355746,4.81,1.18992025,1.93,4.85858329,0,5.47771987,3.54,6.3660325,2.64,8.64660506,3.61,7.63021951,14.82,5.93042235,0,3.09720816,0,9.097708,14.62,5.82368665,16.13,4.02714696,9.07,4.66382265,9,9.74042693,12.13,8.22066014,12.16,5.55848946,10.75,6.58993272,12.08,5.64558196,11.1,5.44629911,37.48,7.9998269,14.24,5.81731265,21.84,6.30199834,37.21,3.36859826,23.82,6.23630299,22.22,8.76837229,12.25,3.17998756,7.58,8.12970038,4.83,0.649358531,13.18,9.81677396,3.58,4.4226827,3.83,7.59321201,2.46,5.67939744,44.79,7.2680944,0,0.370218044,4.28,2.62223868,12.84,9.50418889,13.14,6.56952058,21.65,13.199907,0,2.64142641,2.91,0.933908203,2.18,10.8571137,31.19,3.41459548,14.14,2.93022644,9.61,6.31894432,1.7,6.81625927,0,5.11992801,4.21,12.0900273,0.29,-1.09471157,21.82,-1.58444306,0,17.9455617,0,4.05283449,0,5.11066884,0,8.28819777,0,-5.59918448,0,13.6353084,0,4.92385156,3.33,2.14302216,0,5.56712224,0,4.66635868,0,11.1975608,0,10.1195898,0,5.70654628,0,5.76212609,0,3.10977799,0,12.3452416,0,2.87010352,0,7.64728428,0,15.1687728,0,7.93846408,0,8.92255,0,4.34880124,0,1.826509,0,8.75443549,0,3.24238857,0,-13.6241763,0,2.97207747,2.02,-1.45035591,0,3.86934876,0,4.33953061,0,11.3236617,0,3.36778154,0,3.07676519,0,6.39196645,0,9.41465424,0,-4.18495958,0,1.39929188,0,10.9091301,0,1.56081335,0,0.739153514,0,2.78816888,0,8.49439022,0,9.46301518,0,5.79902682,0,5.24633074,0,8.23441155,0,5.53599864,0,8.56782837,0,5.08347248,0,13.4910243,0,3.35176252,0,9.34100527,0,16.7735241,0,2.6395311,0.85,-11.5782405,0,-3.33876779,0,7.45358549,1.41,1.64784898,0,4.07926575,0,6.64371361,0,7.87458444,0,13.1574447,1.8,-10.1760838,0,15.4109655,0,10.724609,0,11.1597651,0,4.03282074,0,4.73274803,0,1.38013946,0,2.68552179,0,3.60910486,0,2.06939316,0,10.3903782,0,4.64763606,0,6.95650751,0,0.788435886,0,-15.8240642,0,3.66058969,0,2.10387775,0,9.90469288,0,4.68866435,0,9.27896567,0,9.94252474,0,5.46281111,0,9.64973013,0,14.2014168,0,7.87851999,0,13.684306,0,11.5753562,0,4.63845202,0,4.10366464,0,-9.25233449,0,2.9426005,0,6.88441596,0,8.15784758,0,3.20311814,0.34,9.93089876,0,10.3479014,0,9.62871289,0,7.03529051,0,0.903408733,3.69,12.155421,0,4.0846493,0,6.59403141,0,4.39550997,0,7.42946415,0,11.7004677,0,10.7813318,0,12.4209999,0,15.4627056,0,6.82630389,0,5.991049,0,5.93557937,2.84,11.8057183,0,7.36653374,3.01,8.18576682,0,3.53999532,0,12.1081933,0,6.13312648,0,7.93968404,0,10.2076636,0,10.3252682,0,1.55511408,0,13.7555245,0,7.32402054,0,3.92187375,0,7.96448088,0,5.32160606,0,4.57404065,0,7.79057903,0,7.4575057,0,4.58118958,0,5.33329303,0,10.2513951,0,5.54144532,0,4.06864802,0,6.69098855,0,-13.8668005,1.82,3.18456903,0,7.79022405,0,10.2329516,0,11.1506455,0,7.81936035,0,6.55062408,0,9.04644142,0,11.6632776,0,6.50192548,0,2.94216907,0,3.0969563,0,11.9844881,1.81,4.76730768,2.03,12.4898053,0,5.87426338,0,1.7732905,0,13.0223667,0,5.4895519,0,4.01253931,0,7.44057228,0,1.94469595,0,7.51967937,0,9.00468356,0,4.61124846,0,4.50497819,0,6.82340682,0,4.66616499,0,6.18171496,4.94,3.72224738,0,7.7396908,0,2.11538865,0,5.86253376,0,9.4961134,0,6.31982679,0,12.4403351,0,9.10640814,0,6.44959343,0,2.26875577,0.48,14.4394893,0,5.73002938,0.18,7.17938106,0,6.39698611,0,3.01836169,0,4.86308978,0,8.34003802,0,4.24137098,0,10.7265921,0,21.0688897,0,12.4457171,7.03,9.35939012,0,5.65369984,0,13.046635,0,5.83184863,0.09,-2.86610787,0.01,4.27737486,0.43,5.52622797,0,3.42954859,0,6.46111702,0,-0.511888653,0,3.89741851,0,6.91916071,0,8.20437043,0,-14.1751847,0,2.74960681,0,5.27238968,0,6.28865855,0,2.7821591,0,6.48432342,0,8.61138612,0,4.80628802,3.98,2.73853567,1.91,6.50578828,0,8.28982202,0,7.76146432,0,9.75135493,0,5.56383998,0,7.85189108,0,4.80722747,0,3.45247897,0.71,5.31068444,2.07,9.69711738,0,8.03515751,0,6.00270489,1.44,-17.5687966,0,11.2986607,0,10.7350835,0,7.46615432,0.52,6.22480823,0,4.24918468,0,0.0920809542,0,5.23447459,0,3.32754711,0,5.66749276,0,6.74962178,0,12.0808377,0,2.04304634,0,9.24553893,0,12.3523175,0,14.7692482,0,11.1619245,0,10.939995,0,9.14012933,0,9.99445375,0,3.31317844,0,7.41007505,0,3.27674892,2.39,-16.5461621,1.86,-9.97484573,1.83,-12.7234578,1.51,-2.30235646,1.81,-9.55718876,0,6.52193993,0,-3.34175329,0,5.19441973,0,6.30478823,0,14.2295688,12.55,13.0434865,0,6.15465081,0,8.98094529,0.56,1.58082935,0,6.60254375,1.19,13.1424411,0,10.5098051,0,4.74224049,0,3.36988676,0,2.79274648,0,2.16285008,0,0.791100095,0,1.62620843,0,-8.55893181,0,11.5335452,0,2.21769653,0,3.03575713,0,-10.5015425,0,-11.2291243,2.46,2.92204726,0,4.56660011,0,1.95246225,0.35,5.10989135,0,11.9960864,0,9.57484316,0,3.77107431
Figure_S8|ax04|line004|marker	D
Figure_S8|ax04|line004|ls	None
Figure_S8|ax04|line005|xy	0,5.6046,0.914081633,5.59600763,1.82816327,5.58741527,2.7422449,5.5788229,3.65632653,5.57023053,4.57040816,5.56163816,5.4844898,5.5530458,6.39857143,5.54445343,7.31265306,5.53586106,8.22673469,5.52726869,9.14081633,5.51867633,10.054898,5.51008396,10.9689796,5.50149159,11.8830612,5.49289922,12.7971429,5.48430686,13.7112245,5.47571449,14.6253061,5.46712212,15.5393878,5.45852976,16.4534694,5.44993739,17.367551,5.44134502,18.2816327,5.43275265,19.1957143,5.42416029,20.1097959,5.41556792,21.0238776,5.40697555,21.9379592,5.39838318,22.8520408,5.38979082,23.7661224,5.38119845,24.6802041,5.37260608,25.5942857,5.36401371,26.5083673,5.35542135,27.422449,5.34682898,28.3365306,5.33823661,29.2506122,5.32964424,30.1646939,5.32105188,31.0787755,5.31245951,31.9928571,5.30386714,32.9069388,5.29527478,33.8210204,5.28668241,34.735102,5.27809004,35.6491837,5.26949767,36.5632653,5.26090531,37.4773469,5.25231294,38.3914286,5.24372057,39.3055102,5.2351282,40.2195918,5.22653584,41.1336735,5.21794347,42.0477551,5.2093511,42.9618367,5.20075873,43.8759184,5.19216637,44.79,5.183574
Figure_S8|ax04|line005|marker	None
Figure_S8|ax04|line005|ls	-
Figure_S8|ax04|line006|xy	6.11,10.6952022,12.02,14.6822535,13.06,2.57839945,0,29.1835177,0,2.80899866,12.92,6.25756697,0,14.9940751,3.66,2.85402093,0,32.3755144,3.8,19.296672,0,16.02216,0,5.98217749,25.49,10.2610613,0,12.6203009,1.3,24.6126579,0,23.5300748,0,20.4013302,1.77,13.0550718,0.61,18.1793844,15.01,12.9805793,0,7.62082345,6.62,9.02377427,14.72,12.879767,32.87,3.69370403,2.25,23.9077138,3.01,14.237613,0,33.4090175,34.28,5.09020614,0,19.4228132,3.65,-8.22206283,8.99,13.6887418,6.4,10.0686574,0,7.11301232,14.96,2.06657268,1.88,10.1101195,3.92,3.73801836,13.61,21.3389919,0,18.2402603,0,8.78528322,0,17.8581099,6.4,11.6127273,0,18.878462,14.99,7.82389093,0,20.7950358,1.3,30.7805932,0,25.2345662,0,14.4924819,21.63,7.30568166,0,14.443515,0,8.94477874,0,11.2113658,0,8.85411023,13.74,-4.09467301,0,14.2312595,4.03,10.8769247,18.23,4.54666255,0,23.0721757,2.41,2.64577851,0,8.36626833,0,15.2697526,10.86,-2.38804926,0,3.97796462,3.27,0.857218775,2.17,6.63606146,0,4.2939944,0,14.6713603,7.48,10.6724256,9.25,4.01327312,4.19,-1.02470717,4.3,-1.29427186,0,-1.24634441,0,-1.3720069,4.81,-3.23218496,1.93,14.1352855,0,19.4227432,3.54,8.97155355,2.64,10.7867034,3.61,2.36459317,14.82,12.5380874,0,16.4226168,0,24.5245545,14.62,2.6300036,16.13,-0.279528572,9.07,2.18477987,9,7.6631422,12.13,9.52512817,12.16,4.47253246,10.75,4.68162932,12.08,-0.231956496,11.1,4.25928361,37.48,-4.4622335,14.24,0.0963367963,21.84,-11.6770916,37.21,-20.5489394,23.82,-6.76442033,22.22,6.76327104,12.25,-1.35980278,7.58,8.16281705,4.83,21.6712885,13.18,13.5584421,3.58,-0.0860788842,3.83,20.1571988,2.46,16.074278,44.79,-8.37330507,0,0.866197951,4.28,1.76135067,12.84,3.928504,13.14,0.793421222,21.65,10.6371542,0,5.08126515,2.91,-4.28703966,2.18,31.9957904,31.19,-16.5279528,14.14,-6.47400575,9.61,4.19996036,1.7,20.9494916,0,17.4498484,4.21,19.2022705,0.29,15.387313,21.82,11.557165,0,36.1792668,0,9.09041328,0,15.7878046,0,18.2042386,0,11.2308699,0,36.8003202,0,11.7413912,3.33,-2.90415187,0,6.94730147,0,20.0779363,0,24.9028977,0,17.1048274,0,6.92750291,0,10.0931723,0,12.0200338,0,25.2719031,0,5.2409651,0,19.3084276,0,35.0856611,0,30.8556141,0,30.8427996,0,18.7279565,0,4.14173727,0,20.1023695,0,5.27771128,0,8.80807474,0,-4.3940384,2.02,-3.89678313,0,16.7481647,0,16.220975,0,25.8327435,0,5.36395705,0,10.2691666,0,12.0097858,0,25.1454159,0,7.56631973,0,3.71336403,0,22.4729298,0,12.1158151,0,2.05035836,0,3.1053903,0,22.758448,0,26.5153061,0,19.4686019,0,17.7875377,0,21.2754124,0,9.85719969,0,13.3255252,0,11.2561268,0,21.7245931,0,5.96947774,0,17.7580466,0,43.6237507,0,6.41497475,0.85,0.10709811,0,2.89862042,0,23.5334578,1.41,-7.39123614,0,12.2051097,0,9.4786281,0,15.8455232,0,31.7739951,1.8,3.08574358,0,25.9578115,0,20.5234333,0,21.3983276,0,17.0636282,0,16.7359441,0,-6.74946939,0,0.765457571,0,14.8286276,0,9.55998626,0,30.419381,0,16.2513145,0,13.417678,0,9.13673971,0,1.63483193,0,8.44896002,0,15.3845587,0,24.1481802,0,18.5883138,0,26.1612964,0,20.9113002,0,15.1078674,0,10.5414702,0,21.4032844,0,13.8658423,0,14.2859937,0,25.2244253,0,21.916017,0,-2.98054201,0,2.90976385,0,15.9674104,0,26.7651064,0,16.155493,0,9.87662227,0.34,13.5517404,0,22.1388427,0,30.9049439,0,15.924309,0,7.6511169,3.69,35.0163713,0,6.65002891,0,14.216465,0,8.47435323,0,34.1254029,0,24.2714846,0,16.0234499,0,20.8191833,0,28.5984334,0,10.4811506,0,19.7451068,0,14.834954,2.84,12.9412067,0,21.980329,3.01,13.0956282,0,6.03537867,0,31.2286982,0,18.0105858,0,15.421498,0,30.3381772,0,17.9071476,0,8.81577624,0,17.7137319,0,12.8020935,0,15.6529733,0,25.2830352,0,19.9210845,0,13.3711129,0,21.5780055,0,13.8692555,0,5.75451802,0,21.6447308,0,33.7161668,0,21.8197664,0,17.7151217,0,8.86608796,0,0.919849153,1.82,7.9270822,0,13.4444878,0,19.7854672,0,19.4945913,0,16.287364,0,22.1896092,0,10.8493935,0,19.5684053,0,15.7767133,0,4.36174065,0,17.0479723,0,19.8070657,1.81,16.3513589,2.03,16.9796534,0,9.33473834,0,19.1682228,0,36.0679143,0,14.9321696,0,9.19680557,0,21.6625871,0,8.28987524,0,15.8275925,0,21.177276,0,9.35943304,0,13.5981709,0,21.9467693,0,16.7987712,0,15.8621273,4.94,1.99916626,0,20.0525661,0,8.43529434,0,8.74538576,0,22.9650137,0,11.1559298,0,21.7097008,0,21.4769955,0,15.1624456,0,2.43325505,0.48,34.8242689,0,11.3321997,0.18,14.1348435,0,10.9912439,0,9.3034815,0,16.9053454,0,15.2471063,0,17.3510609,0,18.9503443,0,23.7117491,0,45.2646016,7.03,13.3173231,0,7.84786239,0,35.6016951,0,22.0524192,0.09,-8.21900851,0.01,-0.819147519,0.43,9.88113325,0,4.96092273,0,24.3952038,0,-0.445106767,0,4.11667979,0,23.5660958,0,17.9373712,0,8.85525119,0,7.73502874,0,22.5488856,0,15.8777519,0,11.5603515,0,19.5320889,0,26.5512223,0,11.5475521,3.98,4.17538522,1.91,14.595143,0,19.3880285,0,22.5722302,0,19.8766407,0,12.0690346,0,16.0845258,0,16.9821854,0,7.91361236,0.71,10.7780289,2.07,18.0637136,0,17.0368545,0,20.0947563,1.44,-0.453396472,0,20.3098364,0,19.829493,0,15.2195897,0.52,18.4245305,0,9.38763104,0,10.2613835,0,12.3775011,0,14.2226524,0,20.4133162,0,17.8984121,0,38.2494929,0,18.9537886,0,28.3171968,0,28.8708864,0,32.1769192,0,16.9786553,0,23.6899638,0,17.1384059,0,25.545514,0,15.2120146,0,21.7560702,0,7.72297692,2.39,-3.06882388,1.86,0.610256143,1.83,-1.71583997,1.51,12.327446,1.81,5.29085821,0,21.1857186,0,-1.31528371,0,10.1099684,0,10.5738355,0,34.3618533,12.55,13.5609831,0,9.70827299,0,24.7948646,0.56,-3.82393801,0,12.6394852,1.19,38.2083794,0,32.4044621,0,20.1396959,0,9.04407681,0,12.2004169,0,8.58341215,0,6.31708716,0,4.66738724,0,4.45929683,0,22.07706,0,8.73309161,0,9.30096548,0,-0.42537613,0,8.12881766,2.46,-0.862200846,0,7.67662181,0,5.38064416,0.35,19.4916117,0,16.9523662,0,26.8444967,0,9.41365995
Figure_S8|ax04|line006|marker	v
Figure_S8|ax04|line006|ls	None
Figure_S8|ax04|line007|xy	0,15.1096,0.914081633,14.5102367,1.82816327,13.9108733,2.7422449,13.31151,3.65632653,12.7121467,4.57040816,12.1127834,5.4844898,11.51342,6.39857143,10.9140567,7.31265306,10.3146934,8.22673469,9.71533006,9.14081633,9.11596673,10.054898,8.51660341,10.9689796,7.91724008,11.8830612,7.31787676,12.7971429,6.71851343,13.7112245,6.1191501,14.6253061,5.51978678,15.5393878,4.92042345,16.4534694,4.32106012,17.367551,3.7216968,18.2816327,3.12233347,19.1957143,2.52297014,20.1097959,1.92360682,21.0238776,1.32424349,21.9379592,0.724880163,22.8520408,0.125516837,23.7661224,-0.47384649,24.6802041,-1.07320982,25.5942857,-1.67257314,26.5083673,-2.27193647,27.422449,-2.8712998,28.3365306,-3.47066312,29.2506122,-4.07002645,30.1646939,-4.66938978,31.0787755,-5.2687531,31.9928571,-5.86811643,32.9069388,-6.46747976,33.8210204,-7.06684308,34.735102,-7.66620641,35.6491837,-8.26556973,36.5632653,-8.86493306,37.4773469,-9.46429639,38.3914286,-10.0636597,39.3055102,-10.663023,40.2195918,-11.2623864,41.1336735,-11.8617497,42.0477551,-12.461113,42.9618367,-13.0604763,43.8759184,-13.6598397,44.79,-14.259203
Figure_S8|ax04|line007|marker	None
Figure_S8|ax04|line007|ls	-
Figure_S8|ax04|line008|xy	0,0,1,0
Figure_S8|ax04|line008|marker	None
Figure_S8|ax04|line008|ls	--
Figure_S8|ax04|text000	-0.17,1.14␟e
Figure_S8|ax04|legend	MAGICC -0.13␟CheckM2 -0.48 (circular)␟CoCoPyE -0.01␟DeepCheck -0.66
Figure_S8|ax05|xlim	-0.6,5.6
Figure_S8|ax05|ylim	-7.981865,11.548965
Figure_S8|ax05|xscale	linear
Figure_S8|ax05|yscale	linear
Figure_S8|ax05|xlabel	Estimator (n = 200 matched reference pairs)
Figure_S8|ax05|ylabel	Failed − passed on the unmodified
deposited assemblies (pp)
Figure_S8|ax05|title	
Figure_S8|ax05|xticks	0,1,2,3,4,5
Figure_S8|ax05|yticks	-10,-7.5,-5,-2.5,0,2.5,5,7.5,10,12.5
Figure_S8|ax05|xticklabels	MAGICC
comp.␟CheckM2
comp.␟CoCoPyE
comp.␟MAGICC
cont.␟CheckM2
cont.␟CoCoPyE
cont.
Figure_S8|ax05|yticklabels	−10.0␟−7.5␟−5.0␟−2.5␟0.0␟2.5␟5.0␟7.5␟10.0␟12.5
Figure_S8|ax05|line000|xy	0,-1.1179
Figure_S8|ax05|line000|marker	o
Figure_S8|ax05|line000|ls	None
Figure_S8|ax05|line001|xy	0,-1.7741
Figure_S8|ax05|line001|marker	_
Figure_S8|ax05|line001|ls	None
Figure_S8|ax05|line002|xy	0,-0.5308
Figure_S8|ax05|line002|marker	_
Figure_S8|ax05|line002|ls	None
Figure_S8|ax05|line003|xy	1,-5.8516
Figure_S8|ax05|line003|marker	^
Figure_S8|ax05|line003|ls	None
Figure_S8|ax05|line004|xy	1,-7.0941
Figure_S8|ax05|line004|marker	_
Figure_S8|ax05|line004|ls	None
Figure_S8|ax05|line005|xy	1,-4.7342
Figure_S8|ax05|line005|marker	_
Figure_S8|ax05|line005|ls	None
Figure_S8|ax05|line006|xy	2,-0.712
Figure_S8|ax05|line006|marker	D
Figure_S8|ax05|line006|ls	None
Figure_S8|ax05|line007|xy	2,-1.0729
Figure_S8|ax05|line007|marker	_
Figure_S8|ax05|line007|ls	None
Figure_S8|ax05|line008|xy	2,-0.3963
Figure_S8|ax05|line008|marker	_
Figure_S8|ax05|line008|ls	None
Figure_S8|ax05|line009|xy	3,1.5928
Figure_S8|ax05|line009|marker	o
Figure_S8|ax05|line009|ls	None
Figure_S8|ax05|line010|xy	3,0.4686
Figure_S8|ax05|line010|marker	_
Figure_S8|ax05|line010|ls	None
Figure_S8|ax05|line011|xy	3,3.0432
Figure_S8|ax05|line011|marker	_
Figure_S8|ax05|line011|ls	None
Figure_S8|ax05|line012|xy	4,2.435
Figure_S8|ax05|line012|marker	^
Figure_S8|ax05|line012|ls	None
Figure_S8|ax05|line013|xy	4,2.1391
Figure_S8|ax05|line013|marker	_
Figure_S8|ax05|line013|ls	None
Figure_S8|ax05|line014|xy	4,2.7647
Figure_S8|ax05|line014|marker	_
Figure_S8|ax05|line014|ls	None
Figure_S8|ax05|line015|xy	5,8.4569
Figure_S8|ax05|line015|marker	D
Figure_S8|ax05|line015|ls	None
Figure_S8|ax05|line016|xy	5,6.4846
Figure_S8|ax05|line016|marker	_
Figure_S8|ax05|line016|ls	None
Figure_S8|ax05|line017|xy	5,10.6612
Figure_S8|ax05|line017|marker	_
Figure_S8|ax05|line017|ls	None
Figure_S8|ax05|line018|xy	0,0,1,0
Figure_S8|ax05|line018|marker	None
Figure_S8|ax05|line018|ls	--
Figure_S8|ax05|coll000|offsets	0,0
Figure_S8|ax05|coll000|verts	0,-1.7741,0,-0.5308
Figure_S8|ax05|coll001|offsets	0,0
Figure_S8|ax05|coll001|verts	1,-7.0941,1,-4.7342
Figure_S8|ax05|coll002|offsets	0,0
Figure_S8|ax05|coll002|verts	2,-1.0729,2,-0.3963
Figure_S8|ax05|coll003|offsets	0,0
Figure_S8|ax05|coll003|verts	3,0.4686,3,3.0432
Figure_S8|ax05|coll004|offsets	0,0
Figure_S8|ax05|coll004|verts	4,2.1391,4,2.7647
Figure_S8|ax05|coll005|offsets	0,0
Figure_S8|ax05|coll005|verts	5,6.4846,5,10.6612
Figure_S8|ax05|text000	-0.17,1.14␟f
