cohort	clustering_unit	grouping	stratum	n_genomes	statistic	estimate	ci95_lo	ci95_hi	design_se	design_ci95_lo	design_ci95_hi	note
catalogue_weighted	family	overall	ALL	18647	p_class_change	0.328182	0.291088	0.363336	0.015118	0.298552	0.357813	post-stratified to frame counts on (stratum x size bin x published class); Hajek ratio; 1381 family clusters
catalogue_weighted	family	overall	ALL	18647	p_downgrade	0.235863	0.203458	0.268349	0.0133508	0.209696	0.26203	post-stratified to frame counts on (stratum x size bin x published class); Hajek ratio; 1381 family clusters
catalogue_weighted	family	overall	ALL	18647	p_upgrade	0.0923196	0.0741607	0.112563	0.0105706	0.0716017	0.113038	post-stratified to frame counts on (stratum x size bin x published class); Hajek ratio; 1381 family clusters
catalogue_weighted	family	overall	ALL	18647	p_HQ_checkm2	0.313457	0.277646	0.348533	0.0150292	0.284	0.342913	post-stratified to frame counts on (stratum x size bin x published class); Hajek ratio; 1381 family clusters
catalogue_weighted	family	overall	ALL	18647	p_HQ_magicc	0.236617	0.206194	0.267744	0.0146141	0.207974	0.26526	post-stratified to frame counts on (stratum x size bin x published class); Hajek ratio; 1381 family clusters
catalogue_weighted	family	overall	ALL	18647	HQ_downgrade_rate	0.539648	0.469744	0.606469	0.0300888	0.480675	0.598621	post-stratified to frame counts on (stratum x size bin x published class); Hajek ratio; 1381 family clusters
catalogue_weighted	family	overall	ALL	18647	HQ_to_MQ_rate	0.435692	0.366648	0.506207	0.0290778	0.378701	0.492684	post-stratified to frame counts on (stratum x size bin x published class); Hajek ratio; 1381 family clusters
catalogue_weighted	family	overall	ALL	18647	HQ_to_LQ_rate	0.103956	0.0677632	0.143295	0.0184445	0.067805	0.140106	post-stratified to frame counts on (stratum x size bin x published class); Hajek ratio; 1381 family clusters
catalogue_weighted	family	overall	ALL	18647	MQ_to_HQ_rate	0.134758	0.109461	0.162765	0.0148386	0.105675	0.163841	post-stratified to frame counts on (stratum x size bin x published class); Hajek ratio; 1381 family clusters
catalogue_weighted	family	overall	ALL	18647	MQ_to_LQ_rate	0.0973741	0.071647	0.127095	0.0112988	0.0752288	0.119519	post-stratified to frame counts on (stratum x size bin x published class); Hajek ratio; 1381 family clusters
catalogue_weighted	family	overall	ALL	18647	LQ_to_higher_rate	0.00199422	0	1	0.00218586	-0.00228999	0.00627843	post-stratified to frame counts on (stratum x size bin x published class); Hajek ratio; 1381 family clusters
catalogue_weighted	family	overall	ALL	18647	cont5_disagreement_rate	0.139274	0.110579	0.169769	0.0117819	0.116182	0.162366	post-stratified to frame counts on (stratum x size bin x published class); Hajek ratio; 1381 family clusters
catalogue_weighted	family	overall	ALL	18647	floor_rate	0.00585889	0.00288205	0.0105011	0.00105166	0.00379766	0.00792011	post-stratified to frame counts on (stratum x size bin x published class); Hajek ratio; 1381 family clusters
catalogue_weighted	family	overall	ALL	18647	floor_rate_exact50	0	0	0	0	0	0	post-stratified to frame counts on (stratum x size bin x published class); Hajek ratio; 1381 family clusters
catalogue_weighted	family	overall	ALL	18647	mean_d_comp	-2.12128	-3.05026	-1.18959	0.368181	-2.8429	-1.39966	post-stratified to frame counts on (stratum x size bin x published class); Hajek ratio; 1381 family clusters
catalogue_weighted	family	overall	ALL	18647	mean_d_cont	0.982918	0.301371	1.78065	0.304789	0.385544	1.58029	post-stratified to frame counts on (stratum x size bin x published class); Hajek ratio; 1381 family clusters
catalogue_weighted	family	overall	ALL	18647	mean_comp_checkm2	79.7092	78.5351	80.8495	0.463385	78.801	80.6174	post-stratified to frame counts on (stratum x size bin x published class); Hajek ratio; 1381 family clusters
catalogue_weighted	family	overall	ALL	18647	mean_comp_magicc	77.5879	76.2887	78.8724	0.487603	76.6322	78.5436	post-stratified to frame counts on (stratum x size bin x published class); Hajek ratio; 1381 family clusters
catalogue_weighted	family	overall	ALL	18647	mean_cont_checkm2	2.60123	2.43632	2.78409	0.0805876	2.44328	2.75917	post-stratified to frame counts on (stratum x size bin x published class); Hajek ratio; 1381 family clusters
catalogue_weighted	family	overall	ALL	18647	mean_cont_magicc	3.58414	2.92189	4.34764	0.305281	2.9858	4.18248	post-stratified to frame counts on (stratum x size bin x published class); Hajek ratio; 1381 family clusters
catalogue_weighted	family	overall	ALL	18647	cell_HQ_to_HQ	0.1443	0.117382	0.173429	0.0122705	0.120251	0.16835	post-stratified to frame counts on (stratum x size bin x published class); Hajek ratio; 1381 family clusters
catalogue_weighted	family	overall	ALL	18647	cell_HQ_to_MQ	0.136571	0.11013	0.164141	0.0106092	0.115777	0.157364	post-stratified to frame counts on (stratum x size bin x published class); Hajek ratio; 1381 family clusters
catalogue_weighted	family	overall	ALL	18647	cell_HQ_to_LQ	0.0325856	0.0211619	0.0454445	0.00599676	0.0208321	0.044339	post-stratified to frame counts on (stratum x size bin x published class); Hajek ratio; 1381 family clusters
catalogue_weighted	family	overall	ALL	18647	cell_MQ_to_HQ	0.0923166	0.0741525	0.112563	0.0105706	0.0715987	0.113035	post-stratified to frame counts on (stratum x size bin x published class); Hajek ratio; 1381 family clusters
catalogue_weighted	family	overall	ALL	18647	cell_MQ_to_MQ	0.52603	0.489667	0.565355	0.0155413	0.49557	0.556491	post-stratified to frame counts on (stratum x size bin x published class); Hajek ratio; 1381 family clusters
catalogue_weighted	family	overall	ALL	18647	cell_MQ_to_LQ	0.0667064	0.0487285	0.0874633	0.00790462	0.0512137	0.0821992	post-stratified to frame counts on (stratum x size bin x published class); Hajek ratio; 1381 family clusters
catalogue_weighted	family	overall	ALL	18647	cell_LQ_to_HQ	0	0	0	0	0	0	post-stratified to frame counts on (stratum x size bin x published class); Hajek ratio; 1381 family clusters
catalogue_weighted	family	overall	ALL	18647	cell_LQ_to_MQ	2.97156e-06	0	1.08063e-05	2.50374e-06	-1.93567e-06	7.8788e-06	post-stratified to frame counts on (stratum x size bin x published class); Hajek ratio; 1381 family clusters
catalogue_weighted	family	overall	ALL	18647	cell_LQ_to_LQ	0.00148712	0	0.00464977	0.00104767	-0.000566285	0.00354052	post-stratified to frame counts on (stratum x size bin x published class); Hajek ratio; 1381 family clusters
catalogue_weighted	family	overall	ALL	18647	slope_d_comp_per_log10Mbp	8.38013	5.05703	11.7578				post-stratified to frame counts on (stratum x size bin x published class); Hajek ratio; 1381 family clusters
catalogue_weighted	family	overall	ALL	18647	slope_d_cont_per_log10Mbp	-0.882972	-3.75453	1.98274				post-stratified to frame counts on (stratum x size bin x published class); Hajek ratio; 1381 family clusters
catalogue_weighted	family	size_bin	<1Mb	17201	p_class_change	0.183678	0.155611	0.216807	0.0025393	0.178701	0.188655	post-stratified to frame counts on (stratum x size bin x published class); Hajek ratio; 1381 family clusters
catalogue_weighted	family	size_bin	<1Mb	17201	p_downgrade	0.167429	0.1408	0.197824	0.00245661	0.162615	0.172244	post-stratified to frame counts on (stratum x size bin x published class); Hajek ratio; 1381 family clusters
catalogue_weighted	family	size_bin	<1Mb	17201	p_upgrade	0.0162483	0.0114779	0.0218558	0.000804369	0.0146718	0.0178249	post-stratified to frame counts on (stratum x size bin x published class); Hajek ratio; 1381 family clusters
catalogue_weighted	family	size_bin	<1Mb	17201	p_HQ_checkm2	0.160364	0.131813	0.19153	0.00245156	0.155559	0.165169	post-stratified to frame counts on (stratum x size bin x published class); Hajek ratio; 1381 family clusters
catalogue_weighted	family	size_bin	<1Mb	17201	p_HQ_magicc	0.0649897	0.0478597	0.084101	0.00163601	0.0617832	0.0681962	post-stratified to frame counts on (stratum x size bin x published class); Hajek ratio; 1381 family clusters
catalogue_weighted	family	size_bin	<1Mb	17201	HQ_downgrade_rate	0.695695	0.645867	0.750969	0.00775311	0.680499	0.710891	post-stratified to frame counts on (stratum x size bin x published class); Hajek ratio; 1381 family clusters
catalogue_weighted	family	size_bin	<1Mb	17201	HQ_to_MQ_rate	0.564574	0.519057	0.613396	0.00835467	0.5482	0.580949	post-stratified to frame counts on (stratum x size bin x published class); Hajek ratio; 1381 family clusters
catalogue_weighted	family	size_bin	<1Mb	17201	HQ_to_LQ_rate	0.131121	0.102795	0.163686	0.00568757	0.119973	0.142268	post-stratified to frame counts on (stratum x size bin x published class); Hajek ratio; 1381 family clusters
catalogue_weighted	family	size_bin	<1Mb	17201	MQ_to_HQ_rate	0.0192837	0.0132955	0.0267961	0.000954682	0.0174126	0.0211549	post-stratified to frame counts on (stratum x size bin x published class); Hajek ratio; 1381 family clusters
catalogue_weighted	family	size_bin	<1Mb	17201	MQ_to_LQ_rate	0.0665395	0.0499189	0.0877829	0.00173013	0.0631485	0.0699305	post-stratified to frame counts on (stratum x size bin x published class); Hajek ratio; 1381 family clusters
catalogue_weighted	family	size_bin	<1Mb	17201	LQ_to_higher_rate	1	1	1	0	1	1	post-stratified to frame counts on (stratum x size bin x published class); Hajek ratio; 1381 family clusters
catalogue_weighted	family	size_bin	<1Mb	17201	cont5_disagreement_rate	0.138371	0.110338	0.172651	0.00230889	0.133845	0.142896	post-stratified to frame counts on (stratum x size bin x published class); Hajek ratio; 1381 family clusters
catalogue_weighted	family	size_bin	<1Mb	17201	floor_rate	0.0809972	0.0550569	0.11712	0.0017371	0.0775925	0.0844018	post-stratified to frame counts on (stratum x size bin x published class); Hajek ratio; 1381 family clusters
catalogue_weighted	family	size_bin	<1Mb	17201	floor_rate_exact50	0	0	0	0	0	0	post-stratified to frame counts on (stratum x size bin x published class); Hajek ratio; 1381 family clusters
catalogue_weighted	family	size_bin	<1Mb	17201	mean_d_comp	-8.2056	-9.21455	-7.27627	0.0687976	-8.34044	-8.07076	post-stratified to frame counts on (stratum x size bin x published class); Hajek ratio; 1381 family clusters
catalogue_weighted	family	size_bin	<1Mb	17201	mean_d_cont	1.17621	0.765051	1.66998	0.0347595	1.10808	1.24434	post-stratified to frame counts on (stratum x size bin x published class); Hajek ratio; 1381 family clusters
catalogue_weighted	family	size_bin	<1Mb	17201	mean_comp_checkm2	71.1609	69.2218	73.2504	0.101473	70.962	71.3598	post-stratified to frame counts on (stratum x size bin x published class); Hajek ratio; 1381 family clusters
catalogue_weighted	family	size_bin	<1Mb	17201	mean_comp_magicc	62.9553	61.2082	64.7899	0.0916079	62.7757	63.1348	post-stratified to frame counts on (stratum x size bin x published class); Hajek ratio; 1381 family clusters
catalogue_weighted	family	size_bin	<1Mb	17201	mean_cont_checkm2	1.34539	1.18769	1.53473	0.0119362	1.322	1.36879	post-stratified to frame counts on (stratum x size bin x published class); Hajek ratio; 1381 family clusters
catalogue_weighted	family	size_bin	<1Mb	17201	mean_cont_magicc	2.5216	2.07346	3.05384	0.0346781	2.45364	2.58957	post-stratified to frame counts on (stratum x size bin x published class); Hajek ratio; 1381 family clusters
catalogue_weighted	family	size_bin	<1Mb	17201	cell_HQ_to_HQ	0.0487995	0.0354815	0.0636722	0.00144996	0.0459576	0.0516414	post-stratified to frame counts on (stratum x size bin x published class); Hajek ratio; 1381 family clusters
catalogue_weighted	family	size_bin	<1Mb	17201	cell_HQ_to_MQ	0.0905373	0.0746233	0.109362	0.00192632	0.0867617	0.0943128	post-stratified to frame counts on (stratum x size bin x published class); Hajek ratio; 1381 family clusters
catalogue_weighted	family	size_bin	<1Mb	17201	cell_HQ_to_LQ	0.021027	0.0155733	0.0275289	0.000967068	0.0191316	0.0229224	post-stratified to frame counts on (stratum x size bin x published class); Hajek ratio; 1381 family clusters
catalogue_weighted	family	size_bin	<1Mb	17201	cell_MQ_to_HQ	0.0161902	0.0114207	0.0218545	0.000802924	0.0146165	0.0177639	post-stratified to frame counts on (stratum x size bin x published class); Hajek ratio; 1381 family clusters
catalogue_weighted	family	size_bin	<1Mb	17201	cell_MQ_to_MQ	0.767523	0.726182	0.804362	0.00277297	0.762088	0.772958	post-stratified to frame counts on (stratum x size bin x published class); Hajek ratio; 1381 family clusters
catalogue_weighted	family	size_bin	<1Mb	17201	cell_MQ_to_LQ	0.0558651	0.0422264	0.0726657	0.00146171	0.0530002	0.05873	post-stratified to frame counts on (stratum x size bin x published class); Hajek ratio; 1381 family clusters
catalogue_weighted	family	size_bin	<1Mb	17201	cell_LQ_to_HQ	0	0	0	0	0	0	post-stratified to frame counts on (stratum x size bin x published class); Hajek ratio; 1381 family clusters
catalogue_weighted	family	size_bin	<1Mb	17201	cell_LQ_to_MQ	5.81367e-05	0	0.000207813	4.8984e-05	-3.78702e-05	0.000154144	post-stratified to frame counts on (stratum x size bin x published class); Hajek ratio; 1381 family clusters
catalogue_weighted	family	size_bin	<1Mb	17201	cell_LQ_to_LQ	0	0	0	0	0	0	post-stratified to frame counts on (stratum x size bin x published class); Hajek ratio; 1381 family clusters
catalogue_weighted	family	size_bin	<1Mb	17201	slope_d_comp_per_log10Mbp	21.0112	16.1683	25.4556				post-stratified to frame counts on (stratum x size bin x published class); Hajek ratio; 1381 family clusters
catalogue_weighted	family	size_bin	<1Mb	17201	slope_d_cont_per_log10Mbp	2.16691	0.448023	4.35233				post-stratified to frame counts on (stratum x size bin x published class); Hajek ratio; 1381 family clusters
catalogue_weighted	family	size_bin	1-2Mb	428	p_class_change	0.241002	0.182555	0.302165	0.0328026	0.176711	0.305294	post-stratified to frame counts on (stratum x size bin x published class); Hajek ratio; 1381 family clusters
catalogue_weighted	family	size_bin	1-2Mb	428	p_downgrade	0.170602	0.127054	0.216905	0.0292513	0.11327	0.227933	post-stratified to frame counts on (stratum x size bin x published class); Hajek ratio; 1381 family clusters
catalogue_weighted	family	size_bin	1-2Mb	428	p_upgrade	0.0704008	0.0402009	0.102378	0.0189801	0.0332005	0.107601	post-stratified to frame counts on (stratum x size bin x published class); Hajek ratio; 1381 family clusters
catalogue_weighted	family	size_bin	1-2Mb	428	p_HQ_checkm2	0.180925	0.130835	0.235955	0.0314882	0.11921	0.242641	post-stratified to frame counts on (stratum x size bin x published class); Hajek ratio; 1381 family clusters
catalogue_weighted	family	size_bin	1-2Mb	428	p_HQ_magicc	0.176169	0.125844	0.226824	0.0301991	0.116979	0.235358	post-stratified to frame counts on (stratum x size bin x published class); Hajek ratio; 1381 family clusters
catalogue_weighted	family	size_bin	1-2Mb	428	HQ_downgrade_rate	0.415407	0.270493	0.58166	0.096985	0.22532	0.605494	post-stratified to frame counts on (stratum x size bin x published class); Hajek ratio; 1381 family clusters
catalogue_weighted	family	size_bin	1-2Mb	428	HQ_to_MQ_rate	0.27244	0.157403	0.403009	0.0873107	0.101314	0.443566	post-stratified to frame counts on (stratum x size bin x published class); Hajek ratio; 1381 family clusters
catalogue_weighted	family	size_bin	1-2Mb	428	HQ_to_LQ_rate	0.142967	0.0592061	0.252421	0.068981	0.00776638	0.278167	post-stratified to frame counts on (stratum x size bin x published class); Hajek ratio; 1381 family clusters
catalogue_weighted	family	size_bin	1-2Mb	428	MQ_to_HQ_rate	0.0859516	0.049359	0.124743	0.0229363	0.0409973	0.130906	post-stratified to frame counts on (stratum x size bin x published class); Hajek ratio; 1381 family clusters
catalogue_weighted	family	size_bin	1-2Mb	428	MQ_to_LQ_rate	0.116527	0.0756142	0.164711	0.0262332	0.0651105	0.167943	post-stratified to frame counts on (stratum x size bin x published class); Hajek ratio; 1381 family clusters
catalogue_weighted	family	size_bin	1-2Mb	428	LQ_to_higher_rate	nan	nan	nan	nan	nan	nan	post-stratified to frame counts on (stratum x size bin x published class); Hajek ratio; 1381 family clusters
catalogue_weighted	family	size_bin	1-2Mb	428	cont5_disagreement_rate	0.145331	0.101841	0.199208	0.0300681	0.0863983	0.204263	post-stratified to frame counts on (stratum x size bin x published class); Hajek ratio; 1381 family clusters
catalogue_weighted	family	size_bin	1-2Mb	428	floor_rate	0.00416341	0	0.0147656	0.00475653	-0.00515923	0.013486	post-stratified to frame counts on (stratum x size bin x published class); Hajek ratio; 1381 family clusters
catalogue_weighted	family	size_bin	1-2Mb	428	floor_rate_exact50	0	0	0	0	0	0	post-stratified to frame counts on (stratum x size bin x published class); Hajek ratio; 1381 family clusters
catalogue_weighted	family	size_bin	1-2Mb	428	mean_d_comp	-1.69452	-3.4609	-0.120782	0.990336	-3.63555	0.2465	post-stratified to frame counts on (stratum x size bin x published class); Hajek ratio; 1381 family clusters
catalogue_weighted	family	size_bin	1-2Mb	428	mean_d_cont	1.59456	0.417817	2.9994	0.784775	0.0564273	3.13269	post-stratified to frame counts on (stratum x size bin x published class); Hajek ratio; 1381 family clusters
catalogue_weighted	family	size_bin	1-2Mb	428	mean_comp_checkm2	74.191	71.9589	76.6204	1.21803	71.8037	76.5782	post-stratified to frame counts on (stratum x size bin x published class); Hajek ratio; 1381 family clusters
catalogue_weighted	family	size_bin	1-2Mb	428	mean_comp_magicc	72.4964	69.9628	75.0541	1.26356	70.0199	74.973	post-stratified to frame counts on (stratum x size bin x published class); Hajek ratio; 1381 family clusters
catalogue_weighted	family	size_bin	1-2Mb	428	mean_cont_checkm2	2.56896	2.24501	2.89366	0.19722	2.18242	2.9555	post-stratified to frame counts on (stratum x size bin x published class); Hajek ratio; 1381 family clusters
catalogue_weighted	family	size_bin	1-2Mb	428	mean_cont_magicc	4.16352	3.00144	5.54572	0.781097	2.63259	5.69444	post-stratified to frame counts on (stratum x size bin x published class); Hajek ratio; 1381 family clusters
catalogue_weighted	family	size_bin	1-2Mb	428	cell_HQ_to_HQ	0.105768	0.0633948	0.156969	0.0255354	0.0557194	0.155816	post-stratified to frame counts on (stratum x size bin x published class); Hajek ratio; 1381 family clusters
catalogue_weighted	family	size_bin	1-2Mb	428	cell_HQ_to_MQ	0.0492913	0.0275318	0.0730557	0.0179085	0.0141914	0.0843913	post-stratified to frame counts on (stratum x size bin x published class); Hajek ratio; 1381 family clusters
catalogue_weighted	family	size_bin	1-2Mb	428	cell_HQ_to_LQ	0.0258663	0.010663	0.044735	0.0132664	-0.000135291	0.0518679	post-stratified to frame counts on (stratum x size bin x published class); Hajek ratio; 1381 family clusters
catalogue_weighted	family	size_bin	1-2Mb	428	cell_MQ_to_HQ	0.0704008	0.0402009	0.102378	0.0189801	0.0332005	0.107601	post-stratified to frame counts on (stratum x size bin x published class); Hajek ratio; 1381 family clusters
catalogue_weighted	family	size_bin	1-2Mb	428	cell_MQ_to_MQ	0.65323	0.586408	0.718132	0.0368274	0.581049	0.72541	post-stratified to frame counts on (stratum x size bin x published class); Hajek ratio; 1381 family clusters
catalogue_weighted	family	size_bin	1-2Mb	428	cell_MQ_to_LQ	0.0954441	0.061564	0.134196	0.0217962	0.0527244	0.138164	post-stratified to frame counts on (stratum x size bin x published class); Hajek ratio; 1381 family clusters
catalogue_weighted	family	size_bin	1-2Mb	428	cell_LQ_to_HQ	0	0	0	0	0	0	post-stratified to frame counts on (stratum x size bin x published class); Hajek ratio; 1381 family clusters
catalogue_weighted	family	size_bin	1-2Mb	428	cell_LQ_to_MQ	0	0	0	0	0	0	post-stratified to frame counts on (stratum x size bin x published class); Hajek ratio; 1381 family clusters
catalogue_weighted	family	size_bin	1-2Mb	428	cell_LQ_to_LQ	0	0	0	0	0	0	post-stratified to frame counts on (stratum x size bin x published class); Hajek ratio; 1381 family clusters
catalogue_weighted	family	size_bin	1-2Mb	428	slope_d_comp_per_log10Mbp	12.7935	-2.86917	28.5934				post-stratified to frame counts on (stratum x size bin x published class); Hajek ratio; 1381 family clusters
catalogue_weighted	family	size_bin	1-2Mb	428	slope_d_cont_per_log10Mbp	-7.60584	-22.163	5.8345				post-stratified to frame counts on (stratum x size bin x published class); Hajek ratio; 1381 family clusters
catalogue_weighted	family	size_bin	2-3Mb	418	p_class_change	0.383706	0.321561	0.4467	0.0405409	0.304247	0.463164	post-stratified to frame counts on (stratum x size bin x published class); Hajek ratio; 1381 family clusters
catalogue_weighted	family	size_bin	2-3Mb	418	p_downgrade	0.299763	0.237637	0.359641	0.0363597	0.2285	0.371027	post-stratified to frame counts on (stratum x size bin x published class); Hajek ratio; 1381 family clusters
catalogue_weighted	family	size_bin	2-3Mb	418	p_upgrade	0.0839423	0.0535515	0.119153	0.0257796	0.0334153	0.134469	post-stratified to frame counts on (stratum x size bin x published class); Hajek ratio; 1381 family clusters
catalogue_weighted	family	size_bin	2-3Mb	418	p_HQ_checkm2	0.401386	0.328583	0.46854	0.0389163	0.325112	0.477661	post-stratified to frame counts on (stratum x size bin x published class); Hajek ratio; 1381 family clusters
catalogue_weighted	family	size_bin	2-3Mb	418	p_HQ_magicc	0.224276	0.171863	0.275131	0.0343837	0.156885	0.291667	post-stratified to frame counts on (stratum x size bin x published class); Hajek ratio; 1381 family clusters
catalogue_weighted	family	size_bin	2-3Mb	418	HQ_downgrade_rate	0.650377	0.544689	0.756723	0.0546653	0.543235	0.757519	post-stratified to frame counts on (stratum x size bin x published class); Hajek ratio; 1381 family clusters
catalogue_weighted	family	size_bin	2-3Mb	418	HQ_to_MQ_rate	0.563054	0.443849	0.684349	0.0568962	0.45154	0.674569	post-stratified to frame counts on (stratum x size bin x published class); Hajek ratio; 1381 family clusters
catalogue_weighted	family	size_bin	2-3Mb	418	HQ_to_LQ_rate	0.0873231	0.0274468	0.161252	0.0323413	0.0239353	0.150711	post-stratified to frame counts on (stratum x size bin x published class); Hajek ratio; 1381 family clusters
catalogue_weighted	family	size_bin	2-3Mb	418	MQ_to_HQ_rate	0.141191	0.0923348	0.195917	0.0423679	0.0581512	0.22423	post-stratified to frame counts on (stratum x size bin x published class); Hajek ratio; 1381 family clusters
catalogue_weighted	family	size_bin	2-3Mb	418	MQ_to_LQ_rate	0.0651113	0.0250256	0.11087	0.0299264	0.00645668	0.123766	post-stratified to frame counts on (stratum x size bin x published class); Hajek ratio; 1381 family clusters
catalogue_weighted	family	size_bin	2-3Mb	418	LQ_to_higher_rate	0	0	0	0	0	0	post-stratified to frame counts on (stratum x size bin x published class); Hajek ratio; 1381 family clusters
catalogue_weighted	family	size_bin	2-3Mb	418	cont5_disagreement_rate	0.128724	0.0781773	0.180987	0.0298486	0.0702217	0.187226	post-stratified to frame counts on (stratum x size bin x published class); Hajek ratio; 1381 family clusters
catalogue_weighted	family	size_bin	2-3Mb	418	floor_rate	0	0	0	0	0	0	post-stratified to frame counts on (stratum x size bin x published class); Hajek ratio; 1381 family clusters
catalogue_weighted	family	size_bin	2-3Mb	418	floor_rate_exact50	0	0	0	0	0	0	post-stratified to frame counts on (stratum x size bin x published class); Hajek ratio; 1381 family clusters
catalogue_weighted	family	size_bin	2-3Mb	418	mean_d_comp	-3.34808	-4.91598	-1.70017	1.06367	-5.43283	-1.26333	post-stratified to frame counts on (stratum x size bin x published class); Hajek ratio; 1381 family clusters
catalogue_weighted	family	size_bin	2-3Mb	418	mean_d_cont	0.28149	-0.665956	1.28925	0.565982	-0.827815	1.3908	post-stratified to frame counts on (stratum x size bin x published class); Hajek ratio; 1381 family clusters
catalogue_weighted	family	size_bin	2-3Mb	418	mean_comp_checkm2	83.0698	81.3261	84.643	1.22669	80.6655	85.4741	post-stratified to frame counts on (stratum x size bin x published class); Hajek ratio; 1381 family clusters
catalogue_weighted	family	size_bin	2-3Mb	418	mean_comp_magicc	79.7217	77.9154	81.4417	1.20417	77.3616	82.0819	post-stratified to frame counts on (stratum x size bin x published class); Hajek ratio; 1381 family clusters
catalogue_weighted	family	size_bin	2-3Mb	418	mean_cont_checkm2	2.5129	2.20895	2.84242	0.209508	2.10227	2.92353	post-stratified to frame counts on (stratum x size bin x published class); Hajek ratio; 1381 family clusters
catalogue_weighted	family	size_bin	2-3Mb	418	mean_cont_magicc	2.79439	1.89193	3.81407	0.545992	1.72426	3.86451	post-stratified to frame counts on (stratum x size bin x published class); Hajek ratio; 1381 family clusters
catalogue_weighted	family	size_bin	2-3Mb	418	cell_HQ_to_HQ	0.140334	0.0902677	0.190207	0.0257821	0.0898018	0.190866	post-stratified to frame counts on (stratum x size bin x published class); Hajek ratio; 1381 family clusters
catalogue_weighted	family	size_bin	2-3Mb	418	cell_HQ_to_MQ	0.226002	0.168563	0.288215	0.031706	0.16386	0.288145	post-stratified to frame counts on (stratum x size bin x published class); Hajek ratio; 1381 family clusters
catalogue_weighted	family	size_bin	2-3Mb	418	cell_HQ_to_LQ	0.0350503	0.0111914	0.0655755	0.0134153	0.00875683	0.0613438	post-stratified to frame counts on (stratum x size bin x published class); Hajek ratio; 1381 family clusters
catalogue_weighted	family	size_bin	2-3Mb	418	cell_MQ_to_HQ	0.0839423	0.0535515	0.119153	0.0257796	0.0334153	0.134469	post-stratified to frame counts on (stratum x size bin x published class); Hajek ratio; 1381 family clusters
catalogue_weighted	family	size_bin	2-3Mb	418	cell_MQ_to_MQ	0.471878	0.409798	0.536165	0.0426865	0.388214	0.555542	post-stratified to frame counts on (stratum x size bin x published class); Hajek ratio; 1381 family clusters
catalogue_weighted	family	size_bin	2-3Mb	418	cell_MQ_to_LQ	0.0387107	0.0143737	0.0661089	0.017969	0.00349208	0.0739293	post-stratified to frame counts on (stratum x size bin x published class); Hajek ratio; 1381 family clusters
catalogue_weighted	family	size_bin	2-3Mb	418	cell_LQ_to_HQ	0	0	0	0	0	0	post-stratified to frame counts on (stratum x size bin x published class); Hajek ratio; 1381 family clusters
catalogue_weighted	family	size_bin	2-3Mb	418	cell_LQ_to_MQ	0	0	0	0	0	0	post-stratified to frame counts on (stratum x size bin x published class); Hajek ratio; 1381 family clusters
catalogue_weighted	family	size_bin	2-3Mb	418	cell_LQ_to_LQ	0.00408244	0	0.013638	0.00553318	-0.00676239	0.0149273	post-stratified to frame counts on (stratum x size bin x published class); Hajek ratio; 1381 family clusters
catalogue_weighted	family	size_bin	2-3Mb	418	slope_d_comp_per_log10Mbp	14.1758	-12.8015	43.1792				post-stratified to frame counts on (stratum x size bin x published class); Hajek ratio; 1381 family clusters
catalogue_weighted	family	size_bin	2-3Mb	418	slope_d_cont_per_log10Mbp	-7.22754	-26.6749	12.7979				post-stratified to frame counts on (stratum x size bin x published class); Hajek ratio; 1381 family clusters
catalogue_weighted	family	size_bin	3-5Mb	464	p_class_change	0.447337	0.388231	0.504634	0.104599	0.242327	0.652347	post-stratified to frame counts on (stratum x size bin x published class); Hajek ratio; 1381 family clusters
catalogue_weighted	family	size_bin	3-5Mb	464	p_downgrade	0.270566	0.221355	0.319006	0.0935912	0.0871311	0.454002	post-stratified to frame counts on (stratum x size bin x published class); Hajek ratio; 1381 family clusters
catalogue_weighted	family	size_bin	3-5Mb	464	p_upgrade	0.17677	0.132751	0.224965	0.0796623	0.0206352	0.332906	post-stratified to frame counts on (stratum x size bin x published class); Hajek ratio; 1381 family clusters
catalogue_weighted	family	size_bin	3-5Mb	464	p_HQ_checkm2	0.492648	0.434268	0.548097	0.105251	0.286361	0.698936	post-stratified to frame counts on (stratum x size bin x published class); Hajek ratio; 1381 family clusters
catalogue_weighted	family	size_bin	3-5Mb	464	p_HQ_magicc	0.443616	0.38241	0.503831	0.104599	0.238605	0.648627	post-stratified to frame counts on (stratum x size bin x published class); Hajek ratio; 1381 family clusters
catalogue_weighted	family	size_bin	3-5Mb	464	HQ_downgrade_rate	0.458344	0.379414	0.539994	0.150519	0.163332	0.753356	post-stratified to frame counts on (stratum x size bin x published class); Hajek ratio; 1381 family clusters
catalogue_weighted	family	size_bin	3-5Mb	464	HQ_to_MQ_rate	0.380765	0.305673	0.460115	0.147057	0.0925387	0.668991	post-stratified to frame counts on (stratum x size bin x published class); Hajek ratio; 1381 family clusters
catalogue_weighted	family	size_bin	3-5Mb	464	HQ_to_LQ_rate	0.0775791	0.0379809	0.128681	0.0780833	-0.0754614	0.230619	post-stratified to frame counts on (stratum x size bin x published class); Hajek ratio; 1381 family clusters
catalogue_weighted	family	size_bin	3-5Mb	464	MQ_to_HQ_rate	0.348418	0.270262	0.428597	0.139604	0.0747992	0.622037	post-stratified to frame counts on (stratum x size bin x published class); Hajek ratio; 1381 family clusters
catalogue_weighted	family	size_bin	3-5Mb	464	MQ_to_LQ_rate	0.0882306	0.0434677	0.137017	0.0818274	-0.0721481	0.248609	post-stratified to frame counts on (stratum x size bin x published class); Hajek ratio; 1381 family clusters
catalogue_weighted	family	size_bin	3-5Mb	464	LQ_to_higher_rate	nan	nan	nan	nan	nan	nan	post-stratified to frame counts on (stratum x size bin x published class); Hajek ratio; 1381 family clusters
catalogue_weighted	family	size_bin	3-5Mb	464	cont5_disagreement_rate	0.13441	0.0932016	0.182718	0.0805611	-0.0234868	0.292307	post-stratified to frame counts on (stratum x size bin x published class); Hajek ratio; 1381 family clusters
catalogue_weighted	family	size_bin	3-5Mb	464	floor_rate	0	0	0	0	0	0	post-stratified to frame counts on (stratum x size bin x published class); Hajek ratio; 1381 family clusters
catalogue_weighted	family	size_bin	3-5Mb	464	floor_rate_exact50	0	0	0	0	0	0	post-stratified to frame counts on (stratum x size bin x published class); Hajek ratio; 1381 family clusters
catalogue_weighted	family	size_bin	3-5Mb	464	mean_d_comp	1.00371	-0.323206	2.37533	2.19974	-3.3077	5.31513	post-stratified to frame counts on (stratum x size bin x published class); Hajek ratio; 1381 family clusters
catalogue_weighted	family	size_bin	3-5Mb	464	mean_d_cont	0.137393	-0.751319	1.0812	1.53609	-2.8733	3.14808	post-stratified to frame counts on (stratum x size bin x published class); Hajek ratio; 1381 family clusters
catalogue_weighted	family	size_bin	3-5Mb	464	mean_comp_checkm2	87.8693	86.4829	89.1515	2.53251	82.9056	92.8329	post-stratified to frame counts on (stratum x size bin x published class); Hajek ratio; 1381 family clusters
catalogue_weighted	family	size_bin	3-5Mb	464	mean_comp_magicc	88.873	87.4705	90.2435	2.49855	83.9759	93.77	post-stratified to frame counts on (stratum x size bin x published class); Hajek ratio; 1381 family clusters
catalogue_weighted	family	size_bin	3-5Mb	464	mean_cont_checkm2	3.07139	2.77496	3.39047	0.499554	2.09228	4.0505	post-stratified to frame counts on (stratum x size bin x published class); Hajek ratio; 1381 family clusters
catalogue_weighted	family	size_bin	3-5Mb	464	mean_cont_magicc	3.20878	2.30635	4.21597	1.54045	0.189552	6.22802	post-stratified to frame counts on (stratum x size bin x published class); Hajek ratio; 1381 family clusters
catalogue_weighted	family	size_bin	3-5Mb	464	cell_HQ_to_HQ	0.266846	0.212378	0.321056	0.0935872	0.0834184	0.450273	post-stratified to frame counts on (stratum x size bin x published class); Hajek ratio; 1381 family clusters
catalogue_weighted	family	size_bin	3-5Mb	464	cell_HQ_to_MQ	0.187583	0.146143	0.232667	0.0830366	0.0248345	0.350332	post-stratified to frame counts on (stratum x size bin x published class); Hajek ratio; 1381 family clusters
catalogue_weighted	family	size_bin	3-5Mb	464	cell_HQ_to_LQ	0.0382192	0.0186659	0.0638772	0.039202	-0.0386153	0.115054	post-stratified to frame counts on (stratum x size bin x published class); Hajek ratio; 1381 family clusters
catalogue_weighted	family	size_bin	3-5Mb	464	cell_MQ_to_HQ	0.17677	0.132751	0.224965	0.0796623	0.0206352	0.332906	post-stratified to frame counts on (stratum x size bin x published class); Hajek ratio; 1381 family clusters
catalogue_weighted	family	size_bin	3-5Mb	464	cell_MQ_to_MQ	0.285817	0.237498	0.337943	0.0949517	0.0997153	0.471919	post-stratified to frame counts on (stratum x size bin x published class); Hajek ratio; 1381 family clusters
catalogue_weighted	family	size_bin	3-5Mb	464	cell_MQ_to_LQ	0.044764	0.0213329	0.0717531	0.0424671	-0.03847	0.127998	post-stratified to frame counts on (stratum x size bin x published class); Hajek ratio; 1381 family clusters
catalogue_weighted	family	size_bin	3-5Mb	464	cell_LQ_to_HQ	0	0	0	0	0	0	post-stratified to frame counts on (stratum x size bin x published class); Hajek ratio; 1381 family clusters
catalogue_weighted	family	size_bin	3-5Mb	464	cell_LQ_to_MQ	0	0	0	0	0	0	post-stratified to frame counts on (stratum x size bin x published class); Hajek ratio; 1381 family clusters
catalogue_weighted	family	size_bin	3-5Mb	464	cell_LQ_to_LQ	0	0	0	0	0	0	post-stratified to frame counts on (stratum x size bin x published class); Hajek ratio; 1381 family clusters
catalogue_weighted	family	size_bin	3-5Mb	464	slope_d_comp_per_log10Mbp	30.3033	10.6463	50.0924				post-stratified to frame counts on (stratum x size bin x published class); Hajek ratio; 1381 family clusters
catalogue_weighted	family	size_bin	3-5Mb	464	slope_d_cont_per_log10Mbp	14.6594	3.21861	27.4985				post-stratified to frame counts on (stratum x size bin x published class); Hajek ratio; 1381 family clusters
catalogue_weighted	family	size_bin	>5Mb	136	p_class_change	0.564832	0.460334	0.675259	0.683263	-0.774339	1.904	post-stratified to frame counts on (stratum x size bin x published class); Hajek ratio; 1381 family clusters
catalogue_weighted	family	size_bin	>5Mb	136	p_downgrade	0.323176	0.22826	0.43484	0.6354	-0.922186	1.56854	post-stratified to frame counts on (stratum x size bin x published class); Hajek ratio; 1381 family clusters
catalogue_weighted	family	size_bin	>5Mb	136	p_upgrade	0.241656	0.145268	0.344348	0.598263	-0.930918	1.41423	post-stratified to frame counts on (stratum x size bin x published class); Hajek ratio; 1381 family clusters
catalogue_weighted	family	size_bin	>5Mb	136	p_HQ_checkm2	0.480861	0.375366	0.588208	0.687296	-0.866215	1.82794	post-stratified to frame counts on (stratum x size bin x published class); Hajek ratio; 1381 family clusters
catalogue_weighted	family	size_bin	>5Mb	136	p_HQ_magicc	0.560343	0.442329	0.670911	0.681261	-0.774904	1.89559	post-stratified to frame counts on (stratum x size bin x published class); Hajek ratio; 1381 family clusters
catalogue_weighted	family	size_bin	>5Mb	136	HQ_downgrade_rate	0.337257	0.212443	0.477831	0.922343	-1.4705	2.14502	post-stratified to frame counts on (stratum x size bin x published class); Hajek ratio; 1381 family clusters
catalogue_weighted	family	size_bin	>5Mb	136	HQ_to_MQ_rate	0.121368	0.0358223	0.214047	0.630952	-1.11527	1.35801	post-stratified to frame counts on (stratum x size bin x published class); Hajek ratio; 1381 family clusters
catalogue_weighted	family	size_bin	>5Mb	136	HQ_to_LQ_rate	0.215888	0.102961	0.360416	0.800684	-1.35342	1.7852	post-stratified to frame counts on (stratum x size bin x published class); Hajek ratio; 1381 family clusters
catalogue_weighted	family	size_bin	>5Mb	136	MQ_to_HQ_rate	0.465494	0.30197	0.625804	0.962324	-1.42063	2.35161	post-stratified to frame counts on (stratum x size bin x published class); Hajek ratio; 1381 family clusters
catalogue_weighted	family	size_bin	>5Mb	136	MQ_to_LQ_rate	0.310133	0.170396	0.467037	0.875844	-1.40649	2.02676	post-stratified to frame counts on (stratum x size bin x published class); Hajek ratio; 1381 family clusters
catalogue_weighted	family	size_bin	>5Mb	136	LQ_to_higher_rate	nan	nan	nan	nan	nan	nan	post-stratified to frame counts on (stratum x size bin x published class); Hajek ratio; 1381 family clusters
catalogue_weighted	family	size_bin	>5Mb	136	cont5_disagreement_rate	0.27937	0.160452	0.426631	0.799358	-1.28734	1.84608	post-stratified to frame counts on (stratum x size bin x published class); Hajek ratio; 1381 family clusters
catalogue_weighted	family	size_bin	>5Mb	136	floor_rate	0	0	0	0	0	0	post-stratified to frame counts on (stratum x size bin x published class); Hajek ratio; 1381 family clusters
catalogue_weighted	family	size_bin	>5Mb	136	floor_rate_exact50	0	0	0	0	0	0	post-stratified to frame counts on (stratum x size bin x published class); Hajek ratio; 1381 family clusters
catalogue_weighted	family	size_bin	>5Mb	136	mean_d_comp	2.9689	0.970618	5.01021	11.9336	-20.4205	26.3583	post-stratified to frame counts on (stratum x size bin x published class); Hajek ratio; 1381 family clusters
catalogue_weighted	family	size_bin	>5Mb	136	mean_d_cont	6.19011	2.17328	10.949	24.2355	-41.3105	53.6907	post-stratified to frame counts on (stratum x size bin x published class); Hajek ratio; 1381 family clusters
catalogue_weighted	family	size_bin	>5Mb	136	mean_comp_checkm2	91.7772	90.2944	93.3498	10.8482	70.5151	113.039	post-stratified to frame counts on (stratum x size bin x published class); Hajek ratio; 1381 family clusters
catalogue_weighted	family	size_bin	>5Mb	136	mean_comp_magicc	94.7461	93.1709	96.2686	9.42831	76.267	113.225	post-stratified to frame counts on (stratum x size bin x published class); Hajek ratio; 1381 family clusters
catalogue_weighted	family	size_bin	>5Mb	136	mean_cont_checkm2	4.33689	3.67995	5.05678	4.07511	-3.65019	12.324	post-stratified to frame counts on (stratum x size bin x published class); Hajek ratio; 1381 family clusters
catalogue_weighted	family	size_bin	>5Mb	136	mean_cont_magicc	10.527	6.50424	15.4292	24.1788	-36.8626	57.9166	post-stratified to frame counts on (stratum x size bin x published class); Hajek ratio; 1381 family clusters
catalogue_weighted	family	size_bin	>5Mb	136	cell_HQ_to_HQ	0.318688	0.219142	0.421006	0.641437	-0.938506	1.57588	post-stratified to frame counts on (stratum x size bin x published class); Hajek ratio; 1381 family clusters
catalogue_weighted	family	size_bin	>5Mb	136	cell_HQ_to_MQ	0.0583614	0.0174572	0.102306	0.313737	-0.556553	0.673276	post-stratified to frame counts on (stratum x size bin x published class); Hajek ratio; 1381 family clusters
catalogue_weighted	family	size_bin	>5Mb	136	cell_HQ_to_LQ	0.103812	0.0470841	0.178528	0.411002	-0.701737	0.909362	post-stratified to frame counts on (stratum x size bin x published class); Hajek ratio; 1381 family clusters
catalogue_weighted	family	size_bin	>5Mb	136	cell_MQ_to_HQ	0.241656	0.145268	0.344348	0.598263	-0.930918	1.41423	post-stratified to frame counts on (stratum x size bin x published class); Hajek ratio; 1381 family clusters
catalogue_weighted	family	size_bin	>5Mb	136	cell_MQ_to_MQ	0.116481	0.0530568	0.184349	0.448771	-0.763094	0.996055	post-stratified to frame counts on (stratum x size bin x published class); Hajek ratio; 1381 family clusters
catalogue_weighted	family	size_bin	>5Mb	136	cell_MQ_to_LQ	0.161002	0.0832403	0.255253	0.496779	-0.812667	1.13467	post-stratified to frame counts on (stratum x size bin x published class); Hajek ratio; 1381 family clusters
catalogue_weighted	family	size_bin	>5Mb	136	cell_LQ_to_HQ	0	0	0	0	0	0	post-stratified to frame counts on (stratum x size bin x published class); Hajek ratio; 1381 family clusters
catalogue_weighted	family	size_bin	>5Mb	136	cell_LQ_to_MQ	0	0	0	0	0	0	post-stratified to frame counts on (stratum x size bin x published class); Hajek ratio; 1381 family clusters
catalogue_weighted	family	size_bin	>5Mb	136	cell_LQ_to_LQ	0	0	0	0	0	0	post-stratified to frame counts on (stratum x size bin x published class); Hajek ratio; 1381 family clusters
catalogue_weighted	family	size_bin	>5Mb	136	slope_d_comp_per_log10Mbp	-2.74513	-19.6172	13.0811				post-stratified to frame counts on (stratum x size bin x published class); Hajek ratio; 1381 family clusters
catalogue_weighted	family	size_bin	>5Mb	136	slope_d_cont_per_log10Mbp	69.7466	20.2223	112.101				post-stratified to frame counts on (stratum x size bin x published class); Hajek ratio; 1381 family clusters
catalogue_weighted	family	lineage_reduction	<-1 (>=2x reduced)	6405	p_class_change	0.0252443	0.0123368	0.0447283	0.00731997	0.0108974	0.0395912	post-stratified to frame counts on (stratum x size bin x published class); Hajek ratio; 1381 family clusters
catalogue_weighted	family	lineage_reduction	<-1 (>=2x reduced)	6405	p_downgrade	0.0221142	0.0117429	0.0370565	0.00729497	0.00781628	0.036412	post-stratified to frame counts on (stratum x size bin x published class); Hajek ratio; 1381 family clusters
catalogue_weighted	family	lineage_reduction	<-1 (>=2x reduced)	6405	p_upgrade	0.00313017	0.000125486	0.00894	0.000637431	0.00188082	0.00437951	post-stratified to frame counts on (stratum x size bin x published class); Hajek ratio; 1381 family clusters
catalogue_weighted	family	lineage_reduction	<-1 (>=2x reduced)	6405	p_HQ_checkm2	0.0170684	0.00344576	0.038106	0.00155064	0.0140292	0.0201076	post-stratified to frame counts on (stratum x size bin x published class); Hajek ratio; 1381 family clusters
catalogue_weighted	family	lineage_reduction	<-1 (>=2x reduced)	6405	p_HQ_magicc	0.0107161	0.000444426	0.0271712	0.00121894	0.00832704	0.0131052	post-stratified to frame counts on (stratum x size bin x published class); Hajek ratio; 1381 family clusters
catalogue_weighted	family	lineage_reduction	<-1 (>=2x reduced)	6405	HQ_downgrade_rate	0.555556	0.446123	0.95506	0.0461285	0.465145	0.645966	post-stratified to frame counts on (stratum x size bin x published class); Hajek ratio; 1381 family clusters
catalogue_weighted	family	lineage_reduction	<-1 (>=2x reduced)	6405	HQ_to_MQ_rate	0.522222	0.416035	0.863189	0.04637	0.431339	0.613106	post-stratified to frame counts on (stratum x size bin x published class); Hajek ratio; 1381 family clusters
catalogue_weighted	family	lineage_reduction	<-1 (>=2x reduced)	6405	HQ_to_LQ_rate	0.0333333	0.00617628	0.172495	0.0166638	0.000672856	0.0659938	post-stratified to frame counts on (stratum x size bin x published class); Hajek ratio; 1381 family clusters
catalogue_weighted	family	lineage_reduction	<-1 (>=2x reduced)	6405	MQ_to_HQ_rate	0.00318452	0.000126221	0.00924697	0.000648431	0.00191362	0.00445542	post-stratified to frame counts on (stratum x size bin x published class); Hajek ratio; 1381 family clusters
catalogue_weighted	family	lineage_reduction	<-1 (>=2x reduced)	6405	MQ_to_LQ_rate	0.0128511	0.00634367	0.0234133	0.00733117	-0.00151777	0.0272199	post-stratified to frame counts on (stratum x size bin x published class); Hajek ratio; 1381 family clusters
catalogue_weighted	family	lineage_reduction	<-1 (>=2x reduced)	6405	LQ_to_higher_rate	nan	nan	nan	nan	nan	nan	post-stratified to frame counts on (stratum x size bin x published class); Hajek ratio; 1381 family clusters
catalogue_weighted	family	lineage_reduction	<-1 (>=2x reduced)	6405	cont5_disagreement_rate	0.0225532	0.0118838	0.0400535	0.009113	0.00469208	0.0404144	post-stratified to frame counts on (stratum x size bin x published class); Hajek ratio; 1381 family clusters
catalogue_weighted	family	lineage_reduction	<-1 (>=2x reduced)	6405	floor_rate	0.0793924	0.0448529	0.12982	0.00292648	0.0736566	0.0851282	post-stratified to frame counts on (stratum x size bin x published class); Hajek ratio; 1381 family clusters
catalogue_weighted	family	lineage_reduction	<-1 (>=2x reduced)	6405	floor_rate_exact50	0	0	0	0	0	0	post-stratified to frame counts on (stratum x size bin x published class); Hajek ratio; 1381 family clusters
catalogue_weighted	family	lineage_reduction	<-1 (>=2x reduced)	6405	mean_d_comp	-2.24378	-5.9597	1.39666	9.48718	-20.8383	16.3508	post-stratified to frame counts on (stratum x size bin x published class); Hajek ratio; 1381 family clusters
catalogue_weighted	family	lineage_reduction	<-1 (>=2x reduced)	6405	mean_d_cont	-0.668525	-1.45532	0.0284231	1.73338	-4.0659	2.72885	post-stratified to frame counts on (stratum x size bin x published class); Hajek ratio; 1381 family clusters
catalogue_weighted	family	lineage_reduction	<-1 (>=2x reduced)	6405	mean_comp_checkm2	62.907	58.8096	67.6029	10.5887	42.1536	83.6605	post-stratified to frame counts on (stratum x size bin x published class); Hajek ratio; 1381 family clusters
catalogue_weighted	family	lineage_reduction	<-1 (>=2x reduced)	6405	mean_comp_magicc	60.6633	56.994	64.4207	8.22922	44.5343	76.7922	post-stratified to frame counts on (stratum x size bin x published class); Hajek ratio; 1381 family clusters
catalogue_weighted	family	lineage_reduction	<-1 (>=2x reduced)	6405	mean_cont_checkm2	1.53155	0.909976	2.30593	1.70552	-1.8112	4.8743	post-stratified to frame counts on (stratum x size bin x published class); Hajek ratio; 1381 family clusters
catalogue_weighted	family	lineage_reduction	<-1 (>=2x reduced)	6405	mean_cont_magicc	0.863023	0.605116	1.21742	0.40486	0.0695132	1.65653	post-stratified to frame counts on (stratum x size bin x published class); Hajek ratio; 1381 family clusters
catalogue_weighted	family	lineage_reduction	<-1 (>=2x reduced)	6405	cell_HQ_to_HQ	0.00758595	0.000217802	0.0195429	0.00104636	0.00553513	0.00963678	post-stratified to frame counts on (stratum x size bin x published class); Hajek ratio; 1381 family clusters
catalogue_weighted	family	lineage_reduction	<-1 (>=2x reduced)	6405	cell_HQ_to_MQ	0.0089135	0.00257496	0.0186347	0.00113232	0.00669418	0.0111328	post-stratified to frame counts on (stratum x size bin x published class); Hajek ratio; 1381 family clusters
catalogue_weighted	family	lineage_reduction	<-1 (>=2x reduced)	6405	cell_HQ_to_LQ	0.000568947	0.000125597	0.00121647	0.000289083	2.35417e-06	0.00113554	post-stratified to frame counts on (stratum x size bin x published class); Hajek ratio; 1381 family clusters
catalogue_weighted	family	lineage_reduction	<-1 (>=2x reduced)	6405	cell_MQ_to_HQ	0.00313017	0.000125486	0.00894	0.000637431	0.00188082	0.00437951	post-stratified to frame counts on (stratum x size bin x published class); Hajek ratio; 1381 family clusters
catalogue_weighted	family	lineage_reduction	<-1 (>=2x reduced)	6405	cell_MQ_to_MQ	0.96717	0.938026	0.986455	0.0073858	0.952694	0.981646	post-stratified to frame counts on (stratum x size bin x published class); Hajek ratio; 1381 family clusters
catalogue_weighted	family	lineage_reduction	<-1 (>=2x reduced)	6405	cell_MQ_to_LQ	0.0126317	0.00627328	0.0230677	0.00720613	-0.00149204	0.0267555	post-stratified to frame counts on (stratum x size bin x published class); Hajek ratio; 1381 family clusters
catalogue_weighted	family	lineage_reduction	<-1 (>=2x reduced)	6405	cell_LQ_to_HQ	0	0	0	0	0	0	post-stratified to frame counts on (stratum x size bin x published class); Hajek ratio; 1381 family clusters
catalogue_weighted	family	lineage_reduction	<-1 (>=2x reduced)	6405	cell_LQ_to_MQ	0	0	0	0	0	0	post-stratified to frame counts on (stratum x size bin x published class); Hajek ratio; 1381 family clusters
catalogue_weighted	family	lineage_reduction	<-1 (>=2x reduced)	6405	cell_LQ_to_LQ	0	0	0	0	0	0	post-stratified to frame counts on (stratum x size bin x published class); Hajek ratio; 1381 family clusters
catalogue_weighted	family	lineage_reduction	<-1 (>=2x reduced)	6405	slope_d_comp_per_log10Mbp	30.7487	6.19212	47.4567				post-stratified to frame counts on (stratum x size bin x published class); Hajek ratio; 1381 family clusters
catalogue_weighted	family	lineage_reduction	<-1 (>=2x reduced)	6405	slope_d_cont_per_log10Mbp	-2.68379	-8.96607	0.81292				post-stratified to frame counts on (stratum x size bin x published class); Hajek ratio; 1381 family clusters
catalogue_weighted	family	lineage_reduction	-1 to -0.5	4082	p_class_change	0.136883	0.069406	0.210259	0.0847433	-0.0292103	0.302977	post-stratified to frame counts on (stratum x size bin x published class); Hajek ratio; 1381 family clusters
catalogue_weighted	family	lineage_reduction	-1 to -0.5	4082	p_downgrade	0.114473	0.0502256	0.18364	0.0778443	-0.0380989	0.267045	post-stratified to frame counts on (stratum x size bin x published class); Hajek ratio; 1381 family clusters
catalogue_weighted	family	lineage_reduction	-1 to -0.5	4082	p_upgrade	0.0224102	0	0.0588561	0.0385846	-0.0532143	0.0980347	post-stratified to frame counts on (stratum x size bin x published class); Hajek ratio; 1381 family clusters
catalogue_weighted	family	lineage_reduction	-1 to -0.5	4082	p_HQ_checkm2	0.108699	0.0408937	0.181043	0.0814182	-0.0508774	0.268276	post-stratified to frame counts on (stratum x size bin x published class); Hajek ratio; 1381 family clusters
catalogue_weighted	family	lineage_reduction	-1 to -0.5	4082	p_HQ_magicc	0.0721919	0.0232217	0.127643	0.0696694	-0.0643577	0.208741	post-stratified to frame counts on (stratum x size bin x published class); Hajek ratio; 1381 family clusters
catalogue_weighted	family	lineage_reduction	-1 to -0.5	4082	HQ_downgrade_rate	0.542024	0.251856	0.815249	0.403512	-0.248845	1.33289	post-stratified to frame counts on (stratum x size bin x published class); Hajek ratio; 1381 family clusters
catalogue_weighted	family	lineage_reduction	-1 to -0.5	4082	HQ_to_MQ_rate	0.539952	0.249338	0.812017	0.403394	-0.250687	1.33059	post-stratified to frame counts on (stratum x size bin x published class); Hajek ratio; 1381 family clusters
catalogue_weighted	family	lineage_reduction	-1 to -0.5	4082	HQ_to_LQ_rate	0.00207243	0.000375688	0.00639768	0.00196652	-0.00178188	0.00592675	post-stratified to frame counts on (stratum x size bin x published class); Hajek ratio; 1381 family clusters
catalogue_weighted	family	lineage_reduction	-1 to -0.5	4082	MQ_to_HQ_rate	0.0251432	0	0.0665626	0.043202	-0.0595311	0.109818	post-stratified to frame counts on (stratum x size bin x published class); Hajek ratio; 1381 family clusters
catalogue_weighted	family	lineage_reduction	-1 to -0.5	4082	MQ_to_LQ_rate	0.0623309	0.0164035	0.12514	0.0601365	-0.0555344	0.180196	post-stratified to frame counts on (stratum x size bin x published class); Hajek ratio; 1381 family clusters
catalogue_weighted	family	lineage_reduction	-1 to -0.5	4082	LQ_to_higher_rate	nan	nan	nan	nan	nan	nan	post-stratified to frame counts on (stratum x size bin x published class); Hajek ratio; 1381 family clusters
catalogue_weighted	family	lineage_reduction	-1 to -0.5	4082	cont5_disagreement_rate	0.107853	0.0427915	0.183419	0.0818668	-0.0526033	0.268309	post-stratified to frame counts on (stratum x size bin x published class); Hajek ratio; 1381 family clusters
catalogue_weighted	family	lineage_reduction	-1 to -0.5	4082	floor_rate	0.00514967	0.00330702	0.00762831	0.000790969	0.0035994	0.00669994	post-stratified to frame counts on (stratum x size bin x published class); Hajek ratio; 1381 family clusters
catalogue_weighted	family	lineage_reduction	-1 to -0.5	4082	floor_rate_exact50	0	0	0	0	0	0	post-stratified to frame counts on (stratum x size bin x published class); Hajek ratio; 1381 family clusters
catalogue_weighted	family	lineage_reduction	-1 to -0.5	4082	mean_d_comp	-4.64986	-6.65114	-2.49677	2.38626	-9.32686	0.0271258	post-stratified to frame counts on (stratum x size bin x published class); Hajek ratio; 1381 family clusters
catalogue_weighted	family	lineage_reduction	-1 to -0.5	4082	mean_d_cont	-0.417433	-1.38732	0.781606	1.15744	-2.68598	1.85111	post-stratified to frame counts on (stratum x size bin x published class); Hajek ratio; 1381 family clusters
catalogue_weighted	family	lineage_reduction	-1 to -0.5	4082	mean_comp_checkm2	69.2485	66.3614	72.067	3.38806	62.608	75.889	post-stratified to frame counts on (stratum x size bin x published class); Hajek ratio; 1381 family clusters
catalogue_weighted	family	lineage_reduction	-1 to -0.5	4082	mean_comp_magicc	64.5987	61.8478	67.444	3.21946	58.2886	70.9087	post-stratified to frame counts on (stratum x size bin x published class); Hajek ratio; 1381 family clusters
catalogue_weighted	family	lineage_reduction	-1 to -0.5	4082	mean_cont_checkm2	2.30468	1.82323	2.81062	0.599106	1.13045	3.4789	post-stratified to frame counts on (stratum x size bin x published class); Hajek ratio; 1381 family clusters
catalogue_weighted	family	lineage_reduction	-1 to -0.5	4082	mean_cont_magicc	1.88725	1.07491	2.91364	0.986048	-0.0453729	3.81986	post-stratified to frame counts on (stratum x size bin x published class); Hajek ratio; 1381 family clusters
catalogue_weighted	family	lineage_reduction	-1 to -0.5	4082	cell_HQ_to_HQ	0.0497817	0.0113013	0.0951186	0.0597411	-0.0673087	0.166872	post-stratified to frame counts on (stratum x size bin x published class); Hajek ratio; 1381 family clusters
catalogue_weighted	family	lineage_reduction	-1 to -0.5	4082	cell_HQ_to_MQ	0.0586924	0.0138646	0.105666	0.0597475	-0.0584105	0.175795	post-stratified to frame counts on (stratum x size bin x published class); Hajek ratio; 1381 family clusters
catalogue_weighted	family	lineage_reduction	-1 to -0.5	4082	cell_HQ_to_LQ	0.000225272	4.12649e-05	0.000505279	0.000131497	-3.24568e-05	0.000483001	post-stratified to frame counts on (stratum x size bin x published class); Hajek ratio; 1381 family clusters
catalogue_weighted	family	lineage_reduction	-1 to -0.5	4082	cell_MQ_to_HQ	0.0224102	0	0.0588561	0.0385846	-0.0532143	0.0980347	post-stratified to frame counts on (stratum x size bin x published class); Hajek ratio; 1381 family clusters
catalogue_weighted	family	lineage_reduction	-1 to -0.5	4082	cell_MQ_to_MQ	0.813335	0.724601	0.897097	0.0981261	0.621011	1.00566	post-stratified to frame counts on (stratum x size bin x published class); Hajek ratio; 1381 family clusters
catalogue_weighted	family	lineage_reduction	-1 to -0.5	4082	cell_MQ_to_LQ	0.0555556	0.0148741	0.112346	0.0538334	-0.0499559	0.161067	post-stratified to frame counts on (stratum x size bin x published class); Hajek ratio; 1381 family clusters
catalogue_weighted	family	lineage_reduction	-1 to -0.5	4082	cell_LQ_to_HQ	0	0	0	0	0	0	post-stratified to frame counts on (stratum x size bin x published class); Hajek ratio; 1381 family clusters
catalogue_weighted	family	lineage_reduction	-1 to -0.5	4082	cell_LQ_to_MQ	0	0	0	0	0	0	post-stratified to frame counts on (stratum x size bin x published class); Hajek ratio; 1381 family clusters
catalogue_weighted	family	lineage_reduction	-1 to -0.5	4082	cell_LQ_to_LQ	0	0	0	0	0	0	post-stratified to frame counts on (stratum x size bin x published class); Hajek ratio; 1381 family clusters
catalogue_weighted	family	lineage_reduction	-1 to -0.5	4082	slope_d_comp_per_log10Mbp	14.4575	6.51376	23.4506				post-stratified to frame counts on (stratum x size bin x published class); Hajek ratio; 1381 family clusters
catalogue_weighted	family	lineage_reduction	-1 to -0.5	4082	slope_d_cont_per_log10Mbp	-2.61659	-6.14932	1.26247				post-stratified to frame counts on (stratum x size bin x published class); Hajek ratio; 1381 family clusters
catalogue_weighted	family	lineage_reduction	-0.5 to -0.25	1766	p_class_change	0.22363	0.137866	0.318293	0.0912452	0.0447929	0.402467	post-stratified to frame counts on (stratum x size bin x published class); Hajek ratio; 1381 family clusters
catalogue_weighted	family	lineage_reduction	-0.5 to -0.25	1766	p_downgrade	0.177314	0.102094	0.262137	0.0817189	0.0171482	0.337481	post-stratified to frame counts on (stratum x size bin x published class); Hajek ratio; 1381 family clusters
catalogue_weighted	family	lineage_reduction	-0.5 to -0.25	1766	p_upgrade	0.0463157	0.0102955	0.0927964	0.0501516	-0.0519795	0.144611	post-stratified to frame counts on (stratum x size bin x published class); Hajek ratio; 1381 family clusters
catalogue_weighted	family	lineage_reduction	-0.5 to -0.25	1766	p_HQ_checkm2	0.24217	0.147033	0.349636	0.0984034	0.0493028	0.435037	post-stratified to frame counts on (stratum x size bin x published class); Hajek ratio; 1381 family clusters
catalogue_weighted	family	lineage_reduction	-0.5 to -0.25	1766	p_HQ_magicc	0.158713	0.0828656	0.253839	0.0895428	-0.0167874	0.334214	post-stratified to frame counts on (stratum x size bin x published class); Hajek ratio; 1381 family clusters
catalogue_weighted	family	lineage_reduction	-0.5 to -0.25	1766	HQ_downgrade_rate	0.535873	0.298055	0.767072	0.239541	0.0663821	1.00536	post-stratified to frame counts on (stratum x size bin x published class); Hajek ratio; 1381 family clusters
catalogue_weighted	family	lineage_reduction	-0.5 to -0.25	1766	HQ_to_MQ_rate	0.457745	0.22979	0.676013	0.23198	0.00307363	0.912417	post-stratified to frame counts on (stratum x size bin x published class); Hajek ratio; 1381 family clusters
catalogue_weighted	family	lineage_reduction	-0.5 to -0.25	1766	HQ_to_LQ_rate	0.0781281	0.00113217	0.207195	0.12917	-0.175041	0.331297	post-stratified to frame counts on (stratum x size bin x published class); Hajek ratio; 1381 family clusters
catalogue_weighted	family	lineage_reduction	-0.5 to -0.25	1766	MQ_to_HQ_rate	0.0611163	0.0138122	0.121175	0.0654878	-0.0672375	0.18947	post-stratified to frame counts on (stratum x size bin x published class); Hajek ratio; 1381 family clusters
catalogue_weighted	family	lineage_reduction	-0.5 to -0.25	1766	MQ_to_LQ_rate	0.0627343	0.0168383	0.128772	0.0590268	-0.0529562	0.178425	post-stratified to frame counts on (stratum x size bin x published class); Hajek ratio; 1381 family clusters
catalogue_weighted	family	lineage_reduction	-0.5 to -0.25	1766	LQ_to_higher_rate	nan	nan	nan	nan	nan	nan	post-stratified to frame counts on (stratum x size bin x published class); Hajek ratio; 1381 family clusters
catalogue_weighted	family	lineage_reduction	-0.5 to -0.25	1766	cont5_disagreement_rate	0.146017	0.0738153	0.23037	0.0884565	-0.0273545	0.319388	post-stratified to frame counts on (stratum x size bin x published class); Hajek ratio; 1381 family clusters
catalogue_weighted	family	lineage_reduction	-0.5 to -0.25	1766	floor_rate	0.0122201	0.000161423	0.0431148	0.0229334	-0.0327284	0.0571687	post-stratified to frame counts on (stratum x size bin x published class); Hajek ratio; 1381 family clusters
catalogue_weighted	family	lineage_reduction	-0.5 to -0.25	1766	floor_rate_exact50	0	0	0	0	0	0	post-stratified to frame counts on (stratum x size bin x published class); Hajek ratio; 1381 family clusters
catalogue_weighted	family	lineage_reduction	-0.5 to -0.25	1766	mean_d_comp	-2.92037	-5.21937	-0.716301	2.31022	-7.44832	1.60759	post-stratified to frame counts on (stratum x size bin x published class); Hajek ratio; 1381 family clusters
catalogue_weighted	family	lineage_reduction	-0.5 to -0.25	1766	mean_d_cont	-0.46481	-1.552	0.905218	1.31099	-3.0343	2.10468	post-stratified to frame counts on (stratum x size bin x published class); Hajek ratio; 1381 family clusters
catalogue_weighted	family	lineage_reduction	-0.5 to -0.25	1766	mean_comp_checkm2	74.2739	70.7137	78.2445	3.60938	67.1996	81.3481	post-stratified to frame counts on (stratum x size bin x published class); Hajek ratio; 1381 family clusters
catalogue_weighted	family	lineage_reduction	-0.5 to -0.25	1766	mean_comp_magicc	71.3535	68.0689	75.2014	3.72981	64.0432	78.6638	post-stratified to frame counts on (stratum x size bin x published class); Hajek ratio; 1381 family clusters
catalogue_weighted	family	lineage_reduction	-0.5 to -0.25	1766	mean_cont_checkm2	2.57728	2.06395	3.15193	0.591103	1.41874	3.73582	post-stratified to frame counts on (stratum x size bin x published class); Hajek ratio; 1381 family clusters
catalogue_weighted	family	lineage_reduction	-0.5 to -0.25	1766	mean_cont_magicc	2.11247	1.23275	3.40911	1.12305	-0.0886634	4.31361	post-stratified to frame counts on (stratum x size bin x published class); Hajek ratio; 1381 family clusters
catalogue_weighted	family	lineage_reduction	-0.5 to -0.25	1766	cell_HQ_to_HQ	0.112398	0.0444858	0.19984	0.079449	-0.0433197	0.268115	post-stratified to frame counts on (stratum x size bin x published class); Hajek ratio; 1381 family clusters
catalogue_weighted	family	lineage_reduction	-0.5 to -0.25	1766	cell_HQ_to_MQ	0.110852	0.0502336	0.182269	0.0657204	-0.0179574	0.239662	post-stratified to frame counts on (stratum x size bin x published class); Hajek ratio; 1381 family clusters
catalogue_weighted	family	lineage_reduction	-0.5 to -0.25	1766	cell_HQ_to_LQ	0.0189203	0.000273074	0.0492039	0.0322558	-0.0442999	0.0821404	post-stratified to frame counts on (stratum x size bin x published class); Hajek ratio; 1381 family clusters
catalogue_weighted	family	lineage_reduction	-0.5 to -0.25	1766	cell_MQ_to_HQ	0.0463157	0.0102955	0.0927964	0.0501516	-0.0519795	0.144611	post-stratified to frame counts on (stratum x size bin x published class); Hajek ratio; 1381 family clusters
catalogue_weighted	family	lineage_reduction	-0.5 to -0.25	1766	cell_MQ_to_MQ	0.663972	0.551426	0.768999	0.106773	0.454701	0.873244	post-stratified to frame counts on (stratum x size bin x published class); Hajek ratio; 1381 family clusters
catalogue_weighted	family	lineage_reduction	-0.5 to -0.25	1766	cell_MQ_to_LQ	0.0475419	0.0126965	0.0979928	0.0451156	-0.040883	0.135967	post-stratified to frame counts on (stratum x size bin x published class); Hajek ratio; 1381 family clusters
catalogue_weighted	family	lineage_reduction	-0.5 to -0.25	1766	cell_LQ_to_HQ	0	0	0	0	0	0	post-stratified to frame counts on (stratum x size bin x published class); Hajek ratio; 1381 family clusters
catalogue_weighted	family	lineage_reduction	-0.5 to -0.25	1766	cell_LQ_to_MQ	0	0	0	0	0	0	post-stratified to frame counts on (stratum x size bin x published class); Hajek ratio; 1381 family clusters
catalogue_weighted	family	lineage_reduction	-0.5 to -0.25	1766	cell_LQ_to_LQ	0	0	0	0	0	0	post-stratified to frame counts on (stratum x size bin x published class); Hajek ratio; 1381 family clusters
catalogue_weighted	family	lineage_reduction	-0.5 to -0.25	1766	slope_d_comp_per_log10Mbp	5.33613	-7.47994	19.0887				post-stratified to frame counts on (stratum x size bin x published class); Hajek ratio; 1381 family clusters
catalogue_weighted	family	lineage_reduction	-0.5 to -0.25	1766	slope_d_cont_per_log10Mbp	-2.1957	-10.3472	3.85982				post-stratified to frame counts on (stratum x size bin x published class); Hajek ratio; 1381 family clusters
catalogue_weighted	family	lineage_reduction	-0.25 to +0.25 (typical)	4150	p_class_change	0.321016	0.260059	0.382505	0.0394535	0.243689	0.398344	post-stratified to frame counts on (stratum x size bin x published class); Hajek ratio; 1381 family clusters
catalogue_weighted	family	lineage_reduction	-0.25 to +0.25 (typical)	4150	p_downgrade	0.239135	0.179882	0.304627	0.0344182	0.171676	0.306593	post-stratified to frame counts on (stratum x size bin x published class); Hajek ratio; 1381 family clusters
catalogue_weighted	family	lineage_reduction	-0.25 to +0.25 (typical)	4150	p_upgrade	0.0818815	0.053138	0.112294	0.0262863	0.0303613	0.133402	post-stratified to frame counts on (stratum x size bin x published class); Hajek ratio; 1381 family clusters
catalogue_weighted	family	lineage_reduction	-0.25 to +0.25 (typical)	4150	p_HQ_checkm2	0.31317	0.246088	0.381252	0.0379833	0.238724	0.387615	post-stratified to frame counts on (stratum x size bin x published class); Hajek ratio; 1381 family clusters
catalogue_weighted	family	lineage_reduction	-0.25 to +0.25 (typical)	4150	p_HQ_magicc	0.199854	0.150368	0.25083	0.0351043	0.131051	0.268657	post-stratified to frame counts on (stratum x size bin x published class); Hajek ratio; 1381 family clusters
catalogue_weighted	family	lineage_reduction	-0.25 to +0.25 (typical)	4150	HQ_downgrade_rate	0.62327	0.497809	0.740899	0.0699297	0.486211	0.76033	post-stratified to frame counts on (stratum x size bin x published class); Hajek ratio; 1381 family clusters
catalogue_weighted	family	lineage_reduction	-0.25 to +0.25 (typical)	4150	HQ_to_MQ_rate	0.580092	0.442922	0.710755	0.071123	0.440693	0.71949	post-stratified to frame counts on (stratum x size bin x published class); Hajek ratio; 1381 family clusters
catalogue_weighted	family	lineage_reduction	-0.25 to +0.25 (typical)	4150	HQ_to_LQ_rate	0.0431786	0.00998612	0.0904804	0.0326785	-0.0208701	0.107227	post-stratified to frame counts on (stratum x size bin x published class); Hajek ratio; 1381 family clusters
catalogue_weighted	family	lineage_reduction	-0.25 to +0.25 (typical)	4150	MQ_to_HQ_rate	0.119911	0.0794306	0.162611	0.037631	0.0461553	0.193666	post-stratified to frame counts on (stratum x size bin x published class); Hajek ratio; 1381 family clusters
catalogue_weighted	family	lineage_reduction	-0.25 to +0.25 (typical)	4150	MQ_to_LQ_rate	0.0643617	0.0311462	0.108093	0.0247843	0.0157854	0.112938	post-stratified to frame counts on (stratum x size bin x published class); Hajek ratio; 1381 family clusters
catalogue_weighted	family	lineage_reduction	-0.25 to +0.25 (typical)	4150	LQ_to_higher_rate	0.00199422	0	1	0.00446438	-0.00675581	0.0107443	post-stratified to frame counts on (stratum x size bin x published class); Hajek ratio; 1381 family clusters
catalogue_weighted	family	lineage_reduction	-0.25 to +0.25 (typical)	4150	cont5_disagreement_rate	0.0978903	0.0602658	0.137447	0.0272583	0.044465	0.151316	post-stratified to frame counts on (stratum x size bin x published class); Hajek ratio; 1381 family clusters
catalogue_weighted	family	lineage_reduction	-0.25 to +0.25 (typical)	4150	floor_rate	0.000163582	3.40455e-05	0.000384294	6.57464e-05	3.47219e-05	0.000292443	post-stratified to frame counts on (stratum x size bin x published class); Hajek ratio; 1381 family clusters
catalogue_weighted	family	lineage_reduction	-0.25 to +0.25 (typical)	4150	floor_rate_exact50	0	0	0	0	0	0	post-stratified to frame counts on (stratum x size bin x published class); Hajek ratio; 1381 family clusters
catalogue_weighted	family	lineage_reduction	-0.25 to +0.25 (typical)	4150	mean_d_comp	-3.59921	-5.31892	-1.95359	1.1252	-5.80457	-1.39385	post-stratified to frame counts on (stratum x size bin x published class); Hajek ratio; 1381 family clusters
catalogue_weighted	family	lineage_reduction	-0.25 to +0.25 (typical)	4150	mean_d_cont	-0.0618864	-0.842302	0.823796	0.560656	-1.16075	1.03698	post-stratified to frame counts on (stratum x size bin x published class); Hajek ratio; 1381 family clusters
catalogue_weighted	family	lineage_reduction	-0.25 to +0.25 (typical)	4150	mean_comp_checkm2	80.8341	78.7153	82.9386	1.23182	78.4198	83.2484	post-stratified to frame counts on (stratum x size bin x published class); Hajek ratio; 1381 family clusters
catalogue_weighted	family	lineage_reduction	-0.25 to +0.25 (typical)	4150	mean_comp_magicc	77.2349	75.3347	79.0774	1.22205	74.8397	79.63	post-stratified to frame counts on (stratum x size bin x published class); Hajek ratio; 1381 family clusters
catalogue_weighted	family	lineage_reduction	-0.25 to +0.25 (typical)	4150	mean_cont_checkm2	2.51993	2.17889	2.87595	0.207028	2.11416	2.92569	post-stratified to frame counts on (stratum x size bin x published class); Hajek ratio; 1381 family clusters
catalogue_weighted	family	lineage_reduction	-0.25 to +0.25 (typical)	4150	mean_cont_magicc	2.45804	1.70501	3.35878	0.543213	1.39336	3.52272	post-stratified to frame counts on (stratum x size bin x published class); Hajek ratio; 1381 family clusters
catalogue_weighted	family	lineage_reduction	-0.25 to +0.25 (typical)	4150	cell_HQ_to_HQ	0.11798	0.0770377	0.162146	0.0266962	0.0656568	0.170304	post-stratified to frame counts on (stratum x size bin x published class); Hajek ratio; 1381 family clusters
catalogue_weighted	family	lineage_reduction	-0.25 to +0.25 (typical)	4150	cell_HQ_to_MQ	0.181667	0.124975	0.241995	0.0302851	0.122309	0.241025	post-stratified to frame counts on (stratum x size bin x published class); Hajek ratio; 1381 family clusters
catalogue_weighted	family	lineage_reduction	-0.25 to +0.25 (typical)	4150	cell_HQ_to_LQ	0.0135222	0.0029663	0.0289312	0.0104389	-0.0069377	0.0339821	post-stratified to frame counts on (stratum x size bin x published class); Hajek ratio; 1381 family clusters
catalogue_weighted	family	lineage_reduction	-0.25 to +0.25 (typical)	4150	cell_MQ_to_HQ	0.0818734	0.053138	0.112292	0.0262863	0.0303532	0.133394	post-stratified to frame counts on (stratum x size bin x published class); Hajek ratio; 1381 family clusters
catalogue_weighted	family	lineage_reduction	-0.25 to +0.25 (typical)	4150	cell_MQ_to_MQ	0.556968	0.48373	0.625685	0.0420897	0.474474	0.639463	post-stratified to frame counts on (stratum x size bin x published class); Hajek ratio; 1381 family clusters
catalogue_weighted	family	lineage_reduction	-0.25 to +0.25 (typical)	4150	cell_MQ_to_LQ	0.0439453	0.0211902	0.0731545	0.017066	0.0104966	0.077394	post-stratified to frame counts on (stratum x size bin x published class); Hajek ratio; 1381 family clusters
catalogue_weighted	family	lineage_reduction	-0.25 to +0.25 (typical)	4150	cell_LQ_to_HQ	0	0	0	0	0	0	post-stratified to frame counts on (stratum x size bin x published class); Hajek ratio; 1381 family clusters
catalogue_weighted	family	lineage_reduction	-0.25 to +0.25 (typical)	4150	cell_LQ_to_MQ	8.06292e-06	0	2.63973e-05	1.47397e-05	-2.08264e-05	3.69522e-05	post-stratified to frame counts on (stratum x size bin x published class); Hajek ratio; 1381 family clusters
catalogue_weighted	family	lineage_reduction	-0.25 to +0.25 (typical)	4150	cell_LQ_to_LQ	0.00403508	0	0.0133382	0.00524524	-0.00624539	0.0143156	post-stratified to frame counts on (stratum x size bin x published class); Hajek ratio; 1381 family clusters
catalogue_weighted	family	lineage_reduction	-0.25 to +0.25 (typical)	4150	slope_d_comp_per_log10Mbp	11.3224	2.79424	20.2388				post-stratified to frame counts on (stratum x size bin x published class); Hajek ratio; 1381 family clusters
catalogue_weighted	family	lineage_reduction	-0.25 to +0.25 (typical)	4150	slope_d_cont_per_log10Mbp	-1.81625	-5.55734	1.59593				post-stratified to frame counts on (stratum x size bin x published class); Hajek ratio; 1381 family clusters
catalogue_weighted	family	lineage_reduction	>+0.25 (larger than lineage)	2244	p_class_change	0.504606	0.438186	0.570576	0.049694	0.407207	0.602004	post-stratified to frame counts on (stratum x size bin x published class); Hajek ratio; 1381 family clusters
catalogue_weighted	family	lineage_reduction	>+0.25 (larger than lineage)	2244	p_downgrade	0.338056	0.276	0.397558	0.0456023	0.248678	0.427435	post-stratified to frame counts on (stratum x size bin x published class); Hajek ratio; 1381 family clusters
catalogue_weighted	family	lineage_reduction	>+0.25 (larger than lineage)	2244	p_upgrade	0.166549	0.127623	0.210496	0.0384203	0.091247	0.241852	post-stratified to frame counts on (stratum x size bin x published class); Hajek ratio; 1381 family clusters
catalogue_weighted	family	lineage_reduction	>+0.25 (larger than lineage)	2244	p_HQ_checkm2	0.471546	0.420111	0.525055	0.0496684	0.374198	0.568894	post-stratified to frame counts on (stratum x size bin x published class); Hajek ratio; 1381 family clusters
catalogue_weighted	family	lineage_reduction	>+0.25 (larger than lineage)	2244	p_HQ_magicc	0.413992	0.362125	0.464743	0.0494932	0.316987	0.510997	post-stratified to frame counts on (stratum x size bin x published class); Hajek ratio; 1381 family clusters
catalogue_weighted	family	lineage_reduction	>+0.25 (larger than lineage)	2244	HQ_downgrade_rate	0.475252	0.389669	0.557146	0.0722995	0.333547	0.616956	post-stratified to frame counts on (stratum x size bin x published class); Hajek ratio; 1381 family clusters
catalogue_weighted	family	lineage_reduction	>+0.25 (larger than lineage)	2244	HQ_to_MQ_rate	0.30794	0.228324	0.388677	0.0669579	0.176705	0.439175	post-stratified to frame counts on (stratum x size bin x published class); Hajek ratio; 1381 family clusters
catalogue_weighted	family	lineage_reduction	>+0.25 (larger than lineage)	2244	HQ_to_LQ_rate	0.167312	0.0976982	0.242537	0.0492577	0.0707684	0.263855	post-stratified to frame counts on (stratum x size bin x published class); Hajek ratio; 1381 family clusters
catalogue_weighted	family	lineage_reduction	>+0.25 (larger than lineage)	2244	MQ_to_HQ_rate	0.315163	0.245647	0.386392	0.0649648	0.187835	0.442492	post-stratified to frame counts on (stratum x size bin x published class); Hajek ratio; 1381 family clusters
catalogue_weighted	family	lineage_reduction	>+0.25 (larger than lineage)	2244	MQ_to_LQ_rate	0.215635	0.13544	0.299084	0.0522804	0.113168	0.318103	post-stratified to frame counts on (stratum x size bin x published class); Hajek ratio; 1381 family clusters
catalogue_weighted	family	lineage_reduction	>+0.25 (larger than lineage)	2244	LQ_to_higher_rate	nan	nan	nan	nan	nan	nan	post-stratified to frame counts on (stratum x size bin x published class); Hajek ratio; 1381 family clusters
catalogue_weighted	family	lineage_reduction	>+0.25 (larger than lineage)	2244	cont5_disagreement_rate	0.219916	0.157433	0.290559	0.0417772	0.138035	0.301798	post-stratified to frame counts on (stratum x size bin x published class); Hajek ratio; 1381 family clusters
catalogue_weighted	family	lineage_reduction	>+0.25 (larger than lineage)	2244	floor_rate	0	0	0	0	0	0	post-stratified to frame counts on (stratum x size bin x published class); Hajek ratio; 1381 family clusters
catalogue_weighted	family	lineage_reduction	>+0.25 (larger than lineage)	2244	floor_rate_exact50	0	0	0	0	0	0	post-stratified to frame counts on (stratum x size bin x published class); Hajek ratio; 1381 family clusters
catalogue_weighted	family	lineage_reduction	>+0.25 (larger than lineage)	2244	mean_d_comp	1.04056	-0.415663	2.56791	1.0988	-1.11306	3.19418	post-stratified to frame counts on (stratum x size bin x published class); Hajek ratio; 1381 family clusters
catalogue_weighted	family	lineage_reduction	>+0.25 (larger than lineage)	2244	mean_d_cont	3.66674	1.83398	5.66121	1.20941	1.29634	6.03714	post-stratified to frame counts on (stratum x size bin x published class); Hajek ratio; 1381 family clusters
catalogue_weighted	family	lineage_reduction	>+0.25 (larger than lineage)	2244	mean_comp_checkm2	87.487	86.0901	88.8051	1.13846	85.2557	89.7184	post-stratified to frame counts on (stratum x size bin x published class); Hajek ratio; 1381 family clusters
catalogue_weighted	family	lineage_reduction	>+0.25 (larger than lineage)	2244	mean_comp_magicc	88.5276	87.0221	89.8994	1.14475	86.2839	90.7712	post-stratified to frame counts on (stratum x size bin x published class); Hajek ratio; 1381 family clusters
catalogue_weighted	family	lineage_reduction	>+0.25 (larger than lineage)	2244	mean_cont_checkm2	2.9756	2.69426	3.25761	0.258175	2.46959	3.48162	post-stratified to frame counts on (stratum x size bin x published class); Hajek ratio; 1381 family clusters
catalogue_weighted	family	lineage_reduction	>+0.25 (larger than lineage)	2244	mean_cont_magicc	6.64234	4.78668	8.67233	1.22145	4.24834	9.03635	post-stratified to frame counts on (stratum x size bin x published class); Hajek ratio; 1381 family clusters
catalogue_weighted	family	lineage_reduction	>+0.25 (larger than lineage)	2244	cell_HQ_to_HQ	0.247443	0.199645	0.299035	0.0441216	0.160966	0.33392	post-stratified to frame counts on (stratum x size bin x published class); Hajek ratio; 1381 family clusters
catalogue_weighted	family	lineage_reduction	>+0.25 (larger than lineage)	2244	cell_HQ_to_MQ	0.145208	0.10724	0.188045	0.0349923	0.0766242	0.213792	post-stratified to frame counts on (stratum x size bin x published class); Hajek ratio; 1381 family clusters
catalogue_weighted	family	lineage_reduction	>+0.25 (larger than lineage)	2244	cell_HQ_to_LQ	0.0788951	0.0453855	0.116206	0.0240522	0.0317537	0.126037	post-stratified to frame counts on (stratum x size bin x published class); Hajek ratio; 1381 family clusters
catalogue_weighted	family	lineage_reduction	>+0.25 (larger than lineage)	2244	cell_MQ_to_HQ	0.166549	0.127623	0.210496	0.0384203	0.091247	0.241852	post-stratified to frame counts on (stratum x size bin x published class); Hajek ratio; 1381 family clusters
catalogue_weighted	family	lineage_reduction	>+0.25 (larger than lineage)	2244	cell_MQ_to_MQ	0.247951	0.196378	0.300249	0.0428975	0.163874	0.332029	post-stratified to frame counts on (stratum x size bin x published class); Hajek ratio; 1381 family clusters
catalogue_weighted	family	lineage_reduction	>+0.25 (larger than lineage)	2244	cell_MQ_to_LQ	0.113953	0.0702203	0.160421	0.0289626	0.0571878	0.170719	post-stratified to frame counts on (stratum x size bin x published class); Hajek ratio; 1381 family clusters
catalogue_weighted	family	lineage_reduction	>+0.25 (larger than lineage)	2244	cell_LQ_to_HQ	0	0	0	0	0	0	post-stratified to frame counts on (stratum x size bin x published class); Hajek ratio; 1381 family clusters
catalogue_weighted	family	lineage_reduction	>+0.25 (larger than lineage)	2244	cell_LQ_to_MQ	0	0	0	0	0	0	post-stratified to frame counts on (stratum x size bin x published class); Hajek ratio; 1381 family clusters
catalogue_weighted	family	lineage_reduction	>+0.25 (larger than lineage)	2244	cell_LQ_to_LQ	0	0	0	0	0	0	post-stratified to frame counts on (stratum x size bin x published class); Hajek ratio; 1381 family clusters
catalogue_weighted	family	lineage_reduction	>+0.25 (larger than lineage)	2244	slope_d_comp_per_log10Mbp	-0.0295338	-7.09936	7.3089				post-stratified to frame counts on (stratum x size bin x published class); Hajek ratio; 1381 family clusters
catalogue_weighted	family	lineage_reduction	>+0.25 (larger than lineage)	2244	slope_d_cont_per_log10Mbp	-11.5719	-19.892	-3.96443				post-stratified to frame counts on (stratum x size bin x published class); Hajek ratio; 1381 family clusters
catalogue_weighted	family	phylum	Actinobacteriota	973	p_class_change	0.249203	0.136574	0.381551	0.138576	-0.0224021	0.520808	post-stratified to frame counts on (stratum x size bin x published class); Hajek ratio; 1381 family clusters
catalogue_weighted	family	phylum	Actinobacteriota	973	p_downgrade	0.154039	0.0684345	0.267627	0.112722	-0.0668923	0.37497	post-stratified to frame counts on (stratum x size bin x published class); Hajek ratio; 1381 family clusters
catalogue_weighted	family	phylum	Actinobacteriota	973	p_upgrade	0.095164	0.0190549	0.192066	0.0998116	-0.100463	0.290791	post-stratified to frame counts on (stratum x size bin x published class); Hajek ratio; 1381 family clusters
catalogue_weighted	family	phylum	Actinobacteriota	973	p_HQ_checkm2	0.241158	0.147347	0.352627	0.138574	-0.0304428	0.512758	post-stratified to frame counts on (stratum x size bin x published class); Hajek ratio; 1381 family clusters
catalogue_weighted	family	phylum	Actinobacteriota	973	p_HQ_magicc	0.230001	0.116193	0.35319	0.138574	-0.0415989	0.501602	post-stratified to frame counts on (stratum x size bin x published class); Hajek ratio; 1381 family clusters
catalogue_weighted	family	phylum	Actinobacteriota	973	HQ_downgrade_rate	0.440874	0.16522	0.734122	0.332722	-0.21125	1.093	post-stratified to frame counts on (stratum x size bin x published class); Hajek ratio; 1381 family clusters
catalogue_weighted	family	phylum	Actinobacteriota	973	HQ_to_MQ_rate	0.35483	0.108737	0.637739	0.326774	-0.285635	0.995295	post-stratified to frame counts on (stratum x size bin x published class); Hajek ratio; 1381 family clusters
catalogue_weighted	family	phylum	Actinobacteriota	973	HQ_to_LQ_rate	0.0860442	0	0.28848	0.144841	-0.19784	0.369928	post-stratified to frame counts on (stratum x size bin x published class); Hajek ratio; 1381 family clusters
catalogue_weighted	family	phylum	Actinobacteriota	973	MQ_to_HQ_rate	0.125407	0.0249732	0.259125	0.128469	-0.126388	0.377202	post-stratified to frame counts on (stratum x size bin x published class); Hajek ratio; 1381 family clusters
catalogue_weighted	family	phylum	Actinobacteriota	973	MQ_to_LQ_rate	0.0628835	0.00231289	0.148144	0.0786163	-0.0912017	0.216969	post-stratified to frame counts on (stratum x size bin x published class); Hajek ratio; 1381 family clusters
catalogue_weighted	family	phylum	Actinobacteriota	973	LQ_to_higher_rate	nan	nan	nan	nan	nan	nan	post-stratified to frame counts on (stratum x size bin x published class); Hajek ratio; 1381 family clusters
catalogue_weighted	family	phylum	Actinobacteriota	973	cont5_disagreement_rate	0.100853	0.0250899	0.206168	0.0895702	-0.0747013	0.276407	post-stratified to frame counts on (stratum x size bin x published class); Hajek ratio; 1381 family clusters
catalogue_weighted	family	phylum	Actinobacteriota	973	floor_rate	0.00084198	0.000194963	0.0021202	0.000567405	-0.000270114	0.00195407	post-stratified to frame counts on (stratum x size bin x published class); Hajek ratio; 1381 family clusters
catalogue_weighted	family	phylum	Actinobacteriota	973	floor_rate_exact50	0	0	0	0	0	0	post-stratified to frame counts on (stratum x size bin x published class); Hajek ratio; 1381 family clusters
catalogue_weighted	family	phylum	Actinobacteriota	973	mean_d_comp	-1.96712	-4.57328	0.821904	3.40367	-8.6382	4.70395	post-stratified to frame counts on (stratum x size bin x published class); Hajek ratio; 1381 family clusters
catalogue_weighted	family	phylum	Actinobacteriota	973	mean_d_cont	0.64512	-1.47712	3.69896	2.73433	-4.71407	6.00431	post-stratified to frame counts on (stratum x size bin x published class); Hajek ratio; 1381 family clusters
catalogue_weighted	family	phylum	Actinobacteriota	973	mean_comp_checkm2	75.5906	71.5128	79.4428	4.83261	66.1188	85.0623	post-stratified to frame counts on (stratum x size bin x published class); Hajek ratio; 1381 family clusters
catalogue_weighted	family	phylum	Actinobacteriota	973	mean_comp_magicc	73.6234	68.4164	78.8709	5.30586	63.2241	84.0227	post-stratified to frame counts on (stratum x size bin x published class); Hajek ratio; 1381 family clusters
catalogue_weighted	family	phylum	Actinobacteriota	973	mean_cont_checkm2	2.51494	2.04458	2.93534	0.754114	1.03691	3.99298	post-stratified to frame counts on (stratum x size bin x published class); Hajek ratio; 1381 family clusters
catalogue_weighted	family	phylum	Actinobacteriota	973	mean_cont_magicc	3.16006	1.14213	6.07408	2.56181	-1.86099	8.18111	post-stratified to frame counts on (stratum x size bin x published class); Hajek ratio; 1381 family clusters
catalogue_weighted	family	phylum	Actinobacteriota	973	cell_HQ_to_HQ	0.134837	0.0562568	0.218281	0.112719	-0.086088	0.355763	post-stratified to frame counts on (stratum x size bin x published class); Hajek ratio; 1381 family clusters
catalogue_weighted	family	phylum	Actinobacteriota	973	cell_HQ_to_MQ	0.0855699	0.0239428	0.179912	0.0947827	-0.100201	0.271341	post-stratified to frame counts on (stratum x size bin x published class); Hajek ratio; 1381 family clusters
catalogue_weighted	family	phylum	Actinobacteriota	973	cell_HQ_to_LQ	0.0207502	0	0.0772677	0.0351464	-0.0481354	0.0896358	post-stratified to frame counts on (stratum x size bin x published class); Hajek ratio; 1381 family clusters
catalogue_weighted	family	phylum	Actinobacteriota	973	cell_MQ_to_HQ	0.095164	0.0190549	0.192066	0.0998116	-0.100463	0.290791	post-stratified to frame counts on (stratum x size bin x published class); Hajek ratio; 1381 family clusters
catalogue_weighted	family	phylum	Actinobacteriota	973	cell_MQ_to_MQ	0.61596	0.469408	0.742838	0.154349	0.313441	0.918479	post-stratified to frame counts on (stratum x size bin x published class); Hajek ratio; 1381 family clusters
catalogue_weighted	family	phylum	Actinobacteriota	973	cell_MQ_to_LQ	0.0477186	0.00160784	0.107245	0.0600848	-0.0700454	0.165483	post-stratified to frame counts on (stratum x size bin x published class); Hajek ratio; 1381 family clusters
catalogue_weighted	family	phylum	Actinobacteriota	973	cell_LQ_to_HQ	0	0	0	0	0	0	post-stratified to frame counts on (stratum x size bin x published class); Hajek ratio; 1381 family clusters
catalogue_weighted	family	phylum	Actinobacteriota	973	cell_LQ_to_MQ	0	0	0	0	0	0	post-stratified to frame counts on (stratum x size bin x published class); Hajek ratio; 1381 family clusters
catalogue_weighted	family	phylum	Actinobacteriota	973	cell_LQ_to_LQ	0	0	0	0	0	0	post-stratified to frame counts on (stratum x size bin x published class); Hajek ratio; 1381 family clusters
catalogue_weighted	family	phylum	Actinobacteriota	973	slope_d_comp_per_log10Mbp	6.04163	-8.25645	20.046				post-stratified to frame counts on (stratum x size bin x published class); Hajek ratio; 1381 family clusters
catalogue_weighted	family	phylum	Actinobacteriota	973	slope_d_cont_per_log10Mbp	-1.74568	-14.5351	9.68067				post-stratified to frame counts on (stratum x size bin x published class); Hajek ratio; 1381 family clusters
catalogue_weighted	family	phylum	Bacteroidota	363	p_class_change	0.312976	0.228106	0.394141	0.124612	0.0687408	0.557211	post-stratified to frame counts on (stratum x size bin x published class); Hajek ratio; 1381 family clusters
catalogue_weighted	family	phylum	Bacteroidota	363	p_downgrade	0.236957	0.159611	0.303966	0.113343	0.014808	0.459106	post-stratified to frame counts on (stratum x size bin x published class); Hajek ratio; 1381 family clusters
catalogue_weighted	family	phylum	Bacteroidota	363	p_upgrade	0.076019	0.0318146	0.1309	0.0738394	-0.0687035	0.220741	post-stratified to frame counts on (stratum x size bin x published class); Hajek ratio; 1381 family clusters
catalogue_weighted	family	phylum	Bacteroidota	363	p_HQ_checkm2	0.348078	0.264643	0.426965	0.132941	0.0875194	0.608637	post-stratified to frame counts on (stratum x size bin x published class); Hajek ratio; 1381 family clusters
catalogue_weighted	family	phylum	Bacteroidota	363	p_HQ_magicc	0.224732	0.16217	0.300295	0.125391	-0.0210303	0.470495	post-stratified to frame counts on (stratum x size bin x published class); Hajek ratio; 1381 family clusters
catalogue_weighted	family	phylum	Bacteroidota	363	HQ_downgrade_rate	0.572758	0.40816	0.728521	0.257365	0.0683331	1.07718	post-stratified to frame counts on (stratum x size bin x published class); Hajek ratio; 1381 family clusters
catalogue_weighted	family	phylum	Bacteroidota	363	HQ_to_MQ_rate	0.55515	0.383658	0.703527	0.256243	0.0529231	1.05738	post-stratified to frame counts on (stratum x size bin x published class); Hajek ratio; 1381 family clusters
catalogue_weighted	family	phylum	Bacteroidota	363	HQ_to_LQ_rate	0.0176079	0	0.0554344	0.0930251	-0.164718	0.199934	post-stratified to frame counts on (stratum x size bin x published class); Hajek ratio; 1381 family clusters
catalogue_weighted	family	phylum	Bacteroidota	363	MQ_to_HQ_rate	0.116607	0.0503013	0.195206	0.109416	-0.0978437	0.331059	post-stratified to frame counts on (stratum x size bin x published class); Hajek ratio; 1381 family clusters
catalogue_weighted	family	phylum	Bacteroidota	363	MQ_to_LQ_rate	0.0576635	0.00722606	0.111601	0.0770514	-0.0933544	0.208681	post-stratified to frame counts on (stratum x size bin x published class); Hajek ratio; 1381 family clusters
catalogue_weighted	family	phylum	Bacteroidota	363	LQ_to_higher_rate	nan	nan	nan	nan	nan	nan	post-stratified to frame counts on (stratum x size bin x published class); Hajek ratio; 1381 family clusters
catalogue_weighted	family	phylum	Bacteroidota	363	cont5_disagreement_rate	0.0737622	0.0197463	0.137432	0.0755088	-0.0742323	0.221757	post-stratified to frame counts on (stratum x size bin x published class); Hajek ratio; 1381 family clusters
catalogue_weighted	family	phylum	Bacteroidota	363	floor_rate	0.000620943	0.000235337	0.00109754	0.000858696	-0.00106207	0.00230396	post-stratified to frame counts on (stratum x size bin x published class); Hajek ratio; 1381 family clusters
catalogue_weighted	family	phylum	Bacteroidota	363	floor_rate_exact50	0	0	0	0	0	0	post-stratified to frame counts on (stratum x size bin x published class); Hajek ratio; 1381 family clusters
catalogue_weighted	family	phylum	Bacteroidota	363	mean_d_comp	-4.66435	-6.93656	-2.40274	2.35072	-9.27169	-0.0570164	post-stratified to frame counts on (stratum x size bin x published class); Hajek ratio; 1381 family clusters
catalogue_weighted	family	phylum	Bacteroidota	363	mean_d_cont	-0.200005	-1.08291	0.594668	1.54767	-3.23339	2.83338	post-stratified to frame counts on (stratum x size bin x published class); Hajek ratio; 1381 family clusters
catalogue_weighted	family	phylum	Bacteroidota	363	mean_comp_checkm2	83.2816	81.1297	85.6374	3.29837	76.8169	89.7463	post-stratified to frame counts on (stratum x size bin x published class); Hajek ratio; 1381 family clusters
catalogue_weighted	family	phylum	Bacteroidota	363	mean_comp_magicc	78.6172	75.4049	81.7011	3.74028	71.2864	85.948	post-stratified to frame counts on (stratum x size bin x published class); Hajek ratio; 1381 family clusters
catalogue_weighted	family	phylum	Bacteroidota	363	mean_cont_checkm2	2.14186	1.72421	2.66352	0.639375	0.888712	3.39502	post-stratified to frame counts on (stratum x size bin x published class); Hajek ratio; 1381 family clusters
catalogue_weighted	family	phylum	Bacteroidota	363	mean_cont_magicc	1.94186	1.18028	2.72456	1.5541	-1.10413	4.98784	post-stratified to frame counts on (stratum x size bin x published class); Hajek ratio; 1381 family clusters
catalogue_weighted	family	phylum	Bacteroidota	363	cell_HQ_to_HQ	0.148714	0.0841964	0.218935	0.11459	-0.0758796	0.373307	post-stratified to frame counts on (stratum x size bin x published class); Hajek ratio; 1381 family clusters
catalogue_weighted	family	phylum	Bacteroidota	363	cell_HQ_to_MQ	0.193236	0.12024	0.262962	0.103094	-0.00882398	0.395296	post-stratified to frame counts on (stratum x size bin x published class); Hajek ratio; 1381 family clusters
catalogue_weighted	family	phylum	Bacteroidota	363	cell_HQ_to_LQ	0.00612892	0	0.0183211	0.0326259	-0.0578166	0.0700745	post-stratified to frame counts on (stratum x size bin x published class); Hajek ratio; 1381 family clusters
catalogue_weighted	family	phylum	Bacteroidota	363	cell_MQ_to_HQ	0.076019	0.0318146	0.1309	0.0738394	-0.0687035	0.220741	post-stratified to frame counts on (stratum x size bin x published class); Hajek ratio; 1381 family clusters
catalogue_weighted	family	phylum	Bacteroidota	363	cell_MQ_to_MQ	0.538311	0.45594	0.621306	0.133185	0.277272	0.799349	post-stratified to frame counts on (stratum x size bin x published class); Hajek ratio; 1381 family clusters
catalogue_weighted	family	phylum	Bacteroidota	363	cell_MQ_to_LQ	0.0375921	0.0047133	0.0726132	0.0509933	-0.0623529	0.137537	post-stratified to frame counts on (stratum x size bin x published class); Hajek ratio; 1381 family clusters
catalogue_weighted	family	phylum	Bacteroidota	363	cell_LQ_to_HQ	0	0	0	0	0	0	post-stratified to frame counts on (stratum x size bin x published class); Hajek ratio; 1381 family clusters
catalogue_weighted	family	phylum	Bacteroidota	363	cell_LQ_to_MQ	0	0	0	0	0	0	post-stratified to frame counts on (stratum x size bin x published class); Hajek ratio; 1381 family clusters
catalogue_weighted	family	phylum	Bacteroidota	363	cell_LQ_to_LQ	0	0	0	0	0	0	post-stratified to frame counts on (stratum x size bin x published class); Hajek ratio; 1381 family clusters
catalogue_weighted	family	phylum	Bacteroidota	363	slope_d_comp_per_log10Mbp	3.13097	-4.96886	13.0904				post-stratified to frame counts on (stratum x size bin x published class); Hajek ratio; 1381 family clusters
catalogue_weighted	family	phylum	Bacteroidota	363	slope_d_cont_per_log10Mbp	1.68479	-2.83388	6.74952				post-stratified to frame counts on (stratum x size bin x published class); Hajek ratio; 1381 family clusters
catalogue_weighted	family	phylum	Firmicutes	1884	p_class_change	0.28856	0.11199	0.547731	0.39092	-0.477629	1.05475	post-stratified to frame counts on (stratum x size bin x published class); Hajek ratio; 1381 family clusters
catalogue_weighted	family	phylum	Firmicutes	1884	p_downgrade	0.233005	0.0940011	0.420627	0.365672	-0.4837	0.94971	post-stratified to frame counts on (stratum x size bin x published class); Hajek ratio; 1381 family clusters
catalogue_weighted	family	phylum	Firmicutes	1884	p_upgrade	0.0555547	0	0.152858	0.220943	-0.377485	0.488594	post-stratified to frame counts on (stratum x size bin x published class); Hajek ratio; 1381 family clusters
catalogue_weighted	family	phylum	Firmicutes	1884	p_HQ_checkm2	0.190137	0.0956643	0.340878	0.379904	-0.554462	0.934736	post-stratified to frame counts on (stratum x size bin x published class); Hajek ratio; 1381 family clusters
catalogue_weighted	family	phylum	Firmicutes	1884	p_HQ_magicc	0.102586	0.0142747	0.251067	0.325763	-0.535897	0.74107	post-stratified to frame counts on (stratum x size bin x published class); Hajek ratio; 1381 family clusters
catalogue_weighted	family	phylum	Firmicutes	1884	HQ_downgrade_rate	0.752644	0.289265	0.996761	1.20043	-1.60015	3.10543	post-stratified to frame counts on (stratum x size bin x published class); Hajek ratio; 1381 family clusters
catalogue_weighted	family	phylum	Firmicutes	1884	HQ_to_MQ_rate	0.573239	0.114406	0.983231	1.2203	-1.8185	2.96498	post-stratified to frame counts on (stratum x size bin x published class); Hajek ratio; 1381 family clusters
catalogue_weighted	family	phylum	Firmicutes	1884	HQ_to_LQ_rate	0.179404	0.00104797	0.624627	0.808667	-1.40555	1.76436	post-stratified to frame counts on (stratum x size bin x published class); Hajek ratio; 1381 family clusters
catalogue_weighted	family	phylum	Firmicutes	1884	MQ_to_HQ_rate	0.0685977	0	0.197278	0.268164	-0.456994	0.594189	post-stratified to frame counts on (stratum x size bin x published class); Hajek ratio; 1381 family clusters
catalogue_weighted	family	phylum	Firmicutes	1884	MQ_to_LQ_rate	0.111006	0.00112397	0.312915	0.267198	-0.412692	0.634704	post-stratified to frame counts on (stratum x size bin x published class); Hajek ratio; 1381 family clusters
catalogue_weighted	family	phylum	Firmicutes	1884	LQ_to_higher_rate	nan	nan	nan	nan	nan	nan	post-stratified to frame counts on (stratum x size bin x published class); Hajek ratio; 1381 family clusters
catalogue_weighted	family	phylum	Firmicutes	1884	cont5_disagreement_rate	0.219876	0.0774451	0.465142	0.355809	-0.477496	0.917249	post-stratified to frame counts on (stratum x size bin x published class); Hajek ratio; 1381 family clusters
catalogue_weighted	family	phylum	Firmicutes	1884	floor_rate	0.0504382	0.00376371	0.208187	0.159601	-0.262374	0.36325	post-stratified to frame counts on (stratum x size bin x published class); Hajek ratio; 1381 family clusters
catalogue_weighted	family	phylum	Firmicutes	1884	floor_rate_exact50	0	0	0	0	0	0	post-stratified to frame counts on (stratum x size bin x published class); Hajek ratio; 1381 family clusters
catalogue_weighted	family	phylum	Firmicutes	1884	mean_d_comp	-0.882512	-7.10205	2.11616	9.99946	-20.4811	18.7161	post-stratified to frame counts on (stratum x size bin x published class); Hajek ratio; 1381 family clusters
catalogue_weighted	family	phylum	Firmicutes	1884	mean_d_cont	0.934633	-1.28412	5.74473	5.88469	-10.5992	12.4684	post-stratified to frame counts on (stratum x size bin x published class); Hajek ratio; 1381 family clusters
catalogue_weighted	family	phylum	Firmicutes	1884	mean_comp_checkm2	69.4118	64.9186	76.0802	14.2177	41.5457	97.2778	post-stratified to frame counts on (stratum x size bin x published class); Hajek ratio; 1381 family clusters
catalogue_weighted	family	phylum	Firmicutes	1884	mean_comp_magicc	68.5292	62.5277	74.6607	13.8754	41.334	95.7245	post-stratified to frame counts on (stratum x size bin x published class); Hajek ratio; 1381 family clusters
catalogue_weighted	family	phylum	Firmicutes	1884	mean_cont_checkm2	2.37285	1.31038	3.6538	2.15218	-1.84534	6.59104	post-stratified to frame counts on (stratum x size bin x published class); Hajek ratio; 1381 family clusters
catalogue_weighted	family	phylum	Firmicutes	1884	mean_cont_magicc	3.30748	1.09456	7.83574	5.82982	-8.11875	14.7337	post-stratified to frame counts on (stratum x size bin x published class); Hajek ratio; 1381 family clusters
catalogue_weighted	family	phylum	Firmicutes	1884	cell_HQ_to_HQ	0.0470317	0.000443107	0.186502	0.264651	-0.471675	0.565739	post-stratified to frame counts on (stratum x size bin x published class); Hajek ratio; 1381 family clusters
catalogue_weighted	family	phylum	Firmicutes	1884	cell_HQ_to_MQ	0.108994	0.0202498	0.156867	0.298569	-0.476191	0.694179	post-stratified to frame counts on (stratum x size bin x published class); Hajek ratio; 1381 family clusters
catalogue_weighted	family	phylum	Firmicutes	1884	cell_HQ_to_LQ	0.0341114	0.00015445	0.155627	0.159591	-0.278682	0.346905	post-stratified to frame counts on (stratum x size bin x published class); Hajek ratio; 1381 family clusters
catalogue_weighted	family	phylum	Firmicutes	1884	cell_MQ_to_HQ	0.0555547	0	0.152858	0.220943	-0.377485	0.488594	post-stratified to frame counts on (stratum x size bin x published class); Hajek ratio; 1381 family clusters
catalogue_weighted	family	phylum	Firmicutes	1884	cell_MQ_to_MQ	0.664409	0.402989	0.83546	0.406882	-0.133066	1.46188	post-stratified to frame counts on (stratum x size bin x published class); Hajek ratio; 1381 family clusters
catalogue_weighted	family	phylum	Firmicutes	1884	cell_MQ_to_LQ	0.0898994	0.000952883	0.245438	0.220946	-0.343148	0.522946	post-stratified to frame counts on (stratum x size bin x published class); Hajek ratio; 1381 family clusters
catalogue_weighted	family	phylum	Firmicutes	1884	cell_LQ_to_HQ	0	0	0	0	0	0	post-stratified to frame counts on (stratum x size bin x published class); Hajek ratio; 1381 family clusters
catalogue_weighted	family	phylum	Firmicutes	1884	cell_LQ_to_MQ	0	0	0	0	0	0	post-stratified to frame counts on (stratum x size bin x published class); Hajek ratio; 1381 family clusters
catalogue_weighted	family	phylum	Firmicutes	1884	cell_LQ_to_LQ	0	0	0	0	0	0	post-stratified to frame counts on (stratum x size bin x published class); Hajek ratio; 1381 family clusters
catalogue_weighted	family	phylum	Firmicutes	1884	slope_d_comp_per_log10Mbp	7.73453	-16.2042	39.4041				post-stratified to frame counts on (stratum x size bin x published class); Hajek ratio; 1381 family clusters
catalogue_weighted	family	phylum	Firmicutes	1884	slope_d_cont_per_log10Mbp	3.5049	-5.31551	21.7988				post-stratified to frame counts on (stratum x size bin x published class); Hajek ratio; 1381 family clusters
catalogue_weighted	family	phylum	Firmicutes_A	2487	p_class_change	0.2404	0.141487	0.379972	0.235338	-0.220855	0.701655	post-stratified to frame counts on (stratum x size bin x published class); Hajek ratio; 1381 family clusters
catalogue_weighted	family	phylum	Firmicutes_A	2487	p_downgrade	0.15304	0.0703168	0.288364	0.209334	-0.257246	0.563326	post-stratified to frame counts on (stratum x size bin x published class); Hajek ratio; 1381 family clusters
catalogue_weighted	family	phylum	Firmicutes_A	2487	p_upgrade	0.08736	0.0184909	0.181316	0.150062	-0.206756	0.381476	post-stratified to frame counts on (stratum x size bin x published class); Hajek ratio; 1381 family clusters
catalogue_weighted	family	phylum	Firmicutes_A	2487	p_HQ_checkm2	0.27057	0.0928828	0.444202	0.239822	-0.199473	0.740613	post-stratified to frame counts on (stratum x size bin x published class); Hajek ratio; 1381 family clusters
catalogue_weighted	family	phylum	Firmicutes_A	2487	p_HQ_magicc	0.244345	0.0661672	0.394148	0.230108	-0.206658	0.695349	post-stratified to frame counts on (stratum x size bin x published class); Hajek ratio; 1381 family clusters
catalogue_weighted	family	phylum	Firmicutes_A	2487	HQ_downgrade_rate	0.419798	0.117749	1	0.540575	-0.639709	1.47931	post-stratified to frame counts on (stratum x size bin x published class); Hajek ratio; 1381 family clusters
catalogue_weighted	family	phylum	Firmicutes_A	2487	HQ_to_MQ_rate	0.364001	0.0676133	0.896394	0.49828	-0.612609	1.34061	post-stratified to frame counts on (stratum x size bin x published class); Hajek ratio; 1381 family clusters
catalogue_weighted	family	phylum	Firmicutes_A	2487	HQ_to_LQ_rate	0.0557967	0	0.269873	0.389914	-0.708421	0.820014	post-stratified to frame counts on (stratum x size bin x published class); Hajek ratio; 1381 family clusters
catalogue_weighted	family	phylum	Firmicutes_A	2487	MQ_to_HQ_rate	0.119765	0.0275742	0.226739	0.200094	-0.272411	0.511941	post-stratified to frame counts on (stratum x size bin x published class); Hajek ratio; 1381 family clusters
catalogue_weighted	family	phylum	Firmicutes_A	2487	MQ_to_LQ_rate	0.0540905	0.00212869	0.132364	0.177812	-0.294415	0.402596	post-stratified to frame counts on (stratum x size bin x published class); Hajek ratio; 1381 family clusters
catalogue_weighted	family	phylum	Firmicutes_A	2487	LQ_to_higher_rate	nan	nan	nan	nan	nan	nan	post-stratified to frame counts on (stratum x size bin x published class); Hajek ratio; 1381 family clusters
catalogue_weighted	family	phylum	Firmicutes_A	2487	cont5_disagreement_rate	0.0712994	0.0136179	0.175669	0.210398	-0.341074	0.483673	post-stratified to frame counts on (stratum x size bin x published class); Hajek ratio; 1381 family clusters
catalogue_weighted	family	phylum	Firmicutes_A	2487	floor_rate	0.0206635	0.00340866	0.063173	0.00199036	0.0167625	0.0245646	post-stratified to frame counts on (stratum x size bin x published class); Hajek ratio; 1381 family clusters
catalogue_weighted	family	phylum	Firmicutes_A	2487	floor_rate_exact50	0	0	0	0	0	0	post-stratified to frame counts on (stratum x size bin x published class); Hajek ratio; 1381 family clusters
catalogue_weighted	family	phylum	Firmicutes_A	2487	mean_d_comp	-0.39166	-4.5704	2.59209	6.07244	-12.2934	11.5101	post-stratified to frame counts on (stratum x size bin x published class); Hajek ratio; 1381 family clusters
catalogue_weighted	family	phylum	Firmicutes_A	2487	mean_d_cont	-0.797484	-2.28533	0.822336	4.88267	-10.3673	8.77238	post-stratified to frame counts on (stratum x size bin x published class); Hajek ratio; 1381 family clusters
catalogue_weighted	family	phylum	Firmicutes_A	2487	mean_comp_checkm2	78.8616	72.7086	84.037	7.1647	64.8191	92.9042	post-stratified to frame counts on (stratum x size bin x published class); Hajek ratio; 1381 family clusters
catalogue_weighted	family	phylum	Firmicutes_A	2487	mean_comp_magicc	78.47	71.373	84.1158	6.57818	65.577	91.363	post-stratified to frame counts on (stratum x size bin x published class); Hajek ratio; 1381 family clusters
catalogue_weighted	family	phylum	Firmicutes_A	2487	mean_cont_checkm2	3.00586	1.8782	3.7535	1.47089	0.122965	5.88876	post-stratified to frame counts on (stratum x size bin x published class); Hajek ratio; 1381 family clusters
catalogue_weighted	family	phylum	Firmicutes_A	2487	mean_cont_magicc	2.20838	1.1134	3.29441	4.66059	-6.92621	11.343	post-stratified to frame counts on (stratum x size bin x published class); Hajek ratio; 1381 family clusters
catalogue_weighted	family	phylum	Firmicutes_A	2487	cell_HQ_to_HQ	0.156985	0	0.336199	0.200422	-0.235834	0.549804	post-stratified to frame counts on (stratum x size bin x published class); Hajek ratio; 1381 family clusters
catalogue_weighted	family	phylum	Firmicutes_A	2487	cell_HQ_to_MQ	0.0984878	0.0182351	0.239898	0.150063	-0.195631	0.392607	post-stratified to frame counts on (stratum x size bin x published class); Hajek ratio; 1381 family clusters
catalogue_weighted	family	phylum	Firmicutes_A	2487	cell_HQ_to_LQ	0.0150969	0	0.0439888	0.10894	-0.198421	0.228615	post-stratified to frame counts on (stratum x size bin x published class); Hajek ratio; 1381 family clusters
catalogue_weighted	family	phylum	Firmicutes_A	2487	cell_MQ_to_HQ	0.08736	0.0184909	0.181316	0.150062	-0.206756	0.381476	post-stratified to frame counts on (stratum x size bin x published class); Hajek ratio; 1381 family clusters
catalogue_weighted	family	phylum	Firmicutes_A	2487	cell_MQ_to_MQ	0.602615	0.423948	0.801096	0.252795	0.107145	1.09808	post-stratified to frame counts on (stratum x size bin x published class); Hajek ratio; 1381 family clusters
catalogue_weighted	family	phylum	Firmicutes_A	2487	cell_MQ_to_LQ	0.0394552	0.00165693	0.0789507	0.131702	-0.218677	0.297587	post-stratified to frame counts on (stratum x size bin x published class); Hajek ratio; 1381 family clusters
catalogue_weighted	family	phylum	Firmicutes_A	2487	cell_LQ_to_HQ	0	0	0	0	0	0	post-stratified to frame counts on (stratum x size bin x published class); Hajek ratio; 1381 family clusters
catalogue_weighted	family	phylum	Firmicutes_A	2487	cell_LQ_to_MQ	0	0	0	0	0	0	post-stratified to frame counts on (stratum x size bin x published class); Hajek ratio; 1381 family clusters
catalogue_weighted	family	phylum	Firmicutes_A	2487	cell_LQ_to_LQ	0	0	0	0	0	0	post-stratified to frame counts on (stratum x size bin x published class); Hajek ratio; 1381 family clusters
catalogue_weighted	family	phylum	Firmicutes_A	2487	slope_d_comp_per_log10Mbp	15.5584	-0.0191479	33.0932				post-stratified to frame counts on (stratum x size bin x published class); Hajek ratio; 1381 family clusters
catalogue_weighted	family	phylum	Firmicutes_A	2487	slope_d_cont_per_log10Mbp	6.49675	-0.859239	16.3531				post-stratified to frame counts on (stratum x size bin x published class); Hajek ratio; 1381 family clusters
catalogue_weighted	family	phylum	Firmicutes_C	412	p_class_change	0.0931696	0	0.370272	0.880322	-1.63223	1.81857	post-stratified to frame counts on (stratum x size bin x published class); Hajek ratio; 1381 family clusters
catalogue_weighted	family	phylum	Firmicutes_C	412	p_downgrade	0	0	0	0	0	0	post-stratified to frame counts on (stratum x size bin x published class); Hajek ratio; 1381 family clusters
catalogue_weighted	family	phylum	Firmicutes_C	412	p_upgrade	0.0931696	0	0.370272	0.880322	-1.63223	1.81857	post-stratified to frame counts on (stratum x size bin x published class); Hajek ratio; 1381 family clusters
catalogue_weighted	family	phylum	Firmicutes_C	412	p_HQ_checkm2	0.311398	0	0.646835	1.13649	-1.91608	2.53888	post-stratified to frame counts on (stratum x size bin x published class); Hajek ratio; 1381 family clusters
catalogue_weighted	family	phylum	Firmicutes_C	412	p_HQ_magicc	0.404567	0	0.768891	1.24496	-2.03552	2.84465	post-stratified to frame counts on (stratum x size bin x published class); Hajek ratio; 1381 family clusters
catalogue_weighted	family	phylum	Firmicutes_C	412	HQ_downgrade_rate	0	0	0	0	0	0	post-stratified to frame counts on (stratum x size bin x published class); Hajek ratio; 1381 family clusters
catalogue_weighted	family	phylum	Firmicutes_C	412	HQ_to_MQ_rate	0	0	0	0	0	0	post-stratified to frame counts on (stratum x size bin x published class); Hajek ratio; 1381 family clusters
catalogue_weighted	family	phylum	Firmicutes_C	412	HQ_to_LQ_rate	0	0	0	0	0	0	post-stratified to frame counts on (stratum x size bin x published class); Hajek ratio; 1381 family clusters
catalogue_weighted	family	phylum	Firmicutes_C	412	MQ_to_HQ_rate	0.135302	0	0.533667	1.23968	-2.29442	2.56503	post-stratified to frame counts on (stratum x size bin x published class); Hajek ratio; 1381 family clusters
catalogue_weighted	family	phylum	Firmicutes_C	412	MQ_to_LQ_rate	0	0	0	0	0	0	post-stratified to frame counts on (stratum x size bin x published class); Hajek ratio; 1381 family clusters
catalogue_weighted	family	phylum	Firmicutes_C	412	LQ_to_higher_rate	nan	nan	nan	nan	nan	nan	post-stratified to frame counts on (stratum x size bin x published class); Hajek ratio; 1381 family clusters
catalogue_weighted	family	phylum	Firmicutes_C	412	cont5_disagreement_rate	0	0	0	0	0	0	post-stratified to frame counts on (stratum x size bin x published class); Hajek ratio; 1381 family clusters
catalogue_weighted	family	phylum	Firmicutes_C	412	floor_rate	0.0173739	0.000809714	0.0724218	0.00960312	-0.00144786	0.0361957	post-stratified to frame counts on (stratum x size bin x published class); Hajek ratio; 1381 family clusters
catalogue_weighted	family	phylum	Firmicutes_C	412	floor_rate_exact50	0	0	0	0	0	0	post-stratified to frame counts on (stratum x size bin x published class); Hajek ratio; 1381 family clusters
catalogue_weighted	family	phylum	Firmicutes_C	412	mean_d_comp	1.67888	-3.05446	6.82062	19.1433	-35.8412	39.199	post-stratified to frame counts on (stratum x size bin x published class); Hajek ratio; 1381 family clusters
catalogue_weighted	family	phylum	Firmicutes_C	412	mean_d_cont	-1.68481	-3.56405	-0.140265	8.24795	-17.8505	14.4809	post-stratified to frame counts on (stratum x size bin x published class); Hajek ratio; 1381 family clusters
catalogue_weighted	family	phylum	Firmicutes_C	412	mean_comp_checkm2	79.2334	66.317	89.3865	35.4109	9.82939	148.637	post-stratified to frame counts on (stratum x size bin x published class); Hajek ratio; 1381 family clusters
catalogue_weighted	family	phylum	Firmicutes_C	412	mean_comp_magicc	80.9123	68.6462	91.881	38.2591	5.92586	155.899	post-stratified to frame counts on (stratum x size bin x published class); Hajek ratio; 1381 family clusters
catalogue_weighted	family	phylum	Firmicutes_C	412	mean_cont_checkm2	2.4623	0.799096	3.80035	7.23484	-11.7177	16.6423	post-stratified to frame counts on (stratum x size bin x published class); Hajek ratio; 1381 family clusters
catalogue_weighted	family	phylum	Firmicutes_C	412	mean_cont_magicc	0.777492	0.0162841	1.62682	2.68299	-4.48108	6.03606	post-stratified to frame counts on (stratum x size bin x published class); Hajek ratio; 1381 family clusters
catalogue_weighted	family	phylum	Firmicutes_C	412	cell_HQ_to_HQ	0.311398	0	0.646835	1.13649	-1.91608	2.53888	post-stratified to frame counts on (stratum x size bin x published class); Hajek ratio; 1381 family clusters
catalogue_weighted	family	phylum	Firmicutes_C	412	cell_HQ_to_MQ	0	0	0	0	0	0	post-stratified to frame counts on (stratum x size bin x published class); Hajek ratio; 1381 family clusters
catalogue_weighted	family	phylum	Firmicutes_C	412	cell_HQ_to_LQ	0	0	0	0	0	0	post-stratified to frame counts on (stratum x size bin x published class); Hajek ratio; 1381 family clusters
catalogue_weighted	family	phylum	Firmicutes_C	412	cell_MQ_to_HQ	0.0931696	0	0.370272	0.880322	-1.63223	1.81857	post-stratified to frame counts on (stratum x size bin x published class); Hajek ratio; 1381 family clusters
catalogue_weighted	family	phylum	Firmicutes_C	412	cell_MQ_to_MQ	0.595433	0.231109	1	1.24496	-1.84465	3.03552	post-stratified to frame counts on (stratum x size bin x published class); Hajek ratio; 1381 family clusters
catalogue_weighted	family	phylum	Firmicutes_C	412	cell_MQ_to_LQ	0	0	0	0	0	0	post-stratified to frame counts on (stratum x size bin x published class); Hajek ratio; 1381 family clusters
catalogue_weighted	family	phylum	Firmicutes_C	412	cell_LQ_to_HQ	0	0	0	0	0	0	post-stratified to frame counts on (stratum x size bin x published class); Hajek ratio; 1381 family clusters
catalogue_weighted	family	phylum	Firmicutes_C	412	cell_LQ_to_MQ	0	0	0	0	0	0	post-stratified to frame counts on (stratum x size bin x published class); Hajek ratio; 1381 family clusters
catalogue_weighted	family	phylum	Firmicutes_C	412	cell_LQ_to_LQ	0	0	0	0	0	0	post-stratified to frame counts on (stratum x size bin x published class); Hajek ratio; 1381 family clusters
catalogue_weighted	family	phylum	Firmicutes_C	412	slope_d_comp_per_log10Mbp	12.7591	-12.2252	39.1583				post-stratified to frame counts on (stratum x size bin x published class); Hajek ratio; 1381 family clusters
catalogue_weighted	family	phylum	Firmicutes_C	412	slope_d_cont_per_log10Mbp	8.87209	-2.77119	24.0732				post-stratified to frame counts on (stratum x size bin x published class); Hajek ratio; 1381 family clusters
catalogue_weighted	family	phylum	Nanoarchaeota	670	p_class_change	0.825134	0.37456	0.933622	0.0226633	0.780714	0.869553	post-stratified to frame counts on (stratum x size bin x published class); Hajek ratio; 1381 family clusters
catalogue_weighted	family	phylum	Nanoarchaeota	670	p_downgrade	0.58429	0.078192	0.86314	2.55648	-4.42632	5.59489	post-stratified to frame counts on (stratum x size bin x published class); Hajek ratio; 1381 family clusters
catalogue_weighted	family	phylum	Nanoarchaeota	670	p_upgrade	0.240844	0	0.794861	2.55638	-4.76957	5.25126	post-stratified to frame counts on (stratum x size bin x published class); Hajek ratio; 1381 family clusters
catalogue_weighted	family	phylum	Nanoarchaeota	670	p_HQ_checkm2	0.0381168	0.0180469	0.191775	0.016601	0.00557938	0.0706542	post-stratified to frame counts on (stratum x size bin x published class); Hajek ratio; 1381 family clusters
catalogue_weighted	family	phylum	Nanoarchaeota	670	p_HQ_magicc	0.241987	0.00106639	0.796707	2.55638	-4.76843	5.2524	post-stratified to frame counts on (stratum x size bin x published class); Hajek ratio; 1381 family clusters
catalogue_weighted	family	phylum	Nanoarchaeota	670	HQ_downgrade_rate	0.97	0.907692	1	0.0805817	0.812063	1.12794	post-stratified to frame counts on (stratum x size bin x published class); Hajek ratio; 1381 family clusters
catalogue_weighted	family	phylum	Nanoarchaeota	670	HQ_to_MQ_rate	0.65	0.51722	0.767692	0.22531	0.2084	1.0916	post-stratified to frame counts on (stratum x size bin x published class); Hajek ratio; 1381 family clusters
catalogue_weighted	family	phylum	Nanoarchaeota	670	HQ_to_LQ_rate	0.32	0.219512	0.439398	0.220353	-0.111884	0.751884	post-stratified to frame counts on (stratum x size bin x published class); Hajek ratio; 1381 family clusters
catalogue_weighted	family	phylum	Nanoarchaeota	670	MQ_to_HQ_rate	0.250388	0	0.827073	2.65769	-4.95858	5.45936	post-stratified to frame counts on (stratum x size bin x published class); Hajek ratio; 1381 family clusters
catalogue_weighted	family	phylum	Nanoarchaeota	670	MQ_to_LQ_rate	0.569005	0.0389925	0.859334	2.65776	-4.64011	5.77812	post-stratified to frame counts on (stratum x size bin x published class); Hajek ratio; 1381 family clusters
catalogue_weighted	family	phylum	Nanoarchaeota	670	LQ_to_higher_rate	nan	nan	nan	nan	nan	nan	post-stratified to frame counts on (stratum x size bin x published class); Hajek ratio; 1381 family clusters
catalogue_weighted	family	phylum	Nanoarchaeota	670	cont5_disagreement_rate	0.613961	0.0725164	0.883375	2.59771	-4.47745	5.70537	post-stratified to frame counts on (stratum x size bin x published class); Hajek ratio; 1381 family clusters
catalogue_weighted	family	phylum	Nanoarchaeota	670	floor_rate	0.0192548	0.00696995	0.115683	0.0116639	-0.00360611	0.0421156	post-stratified to frame counts on (stratum x size bin x published class); Hajek ratio; 1381 family clusters
catalogue_weighted	family	phylum	Nanoarchaeota	670	floor_rate_exact50	0	0	0	0	0	0	post-stratified to frame counts on (stratum x size bin x published class); Hajek ratio; 1381 family clusters
catalogue_weighted	family	phylum	Nanoarchaeota	670	mean_d_comp	1.53705	-17.8992	22.916	98.9883	-192.476	195.551	post-stratified to frame counts on (stratum x size bin x published class); Hajek ratio; 1381 family clusters
catalogue_weighted	family	phylum	Nanoarchaeota	670	mean_d_cont	21.6538	2.59598	37.136	102.321	-178.891	222.199	post-stratified to frame counts on (stratum x size bin x published class); Hajek ratio; 1381 family clusters
catalogue_weighted	family	phylum	Nanoarchaeota	670	mean_comp_checkm2	77.8204	68.4179	84.1326	52.6156	-25.3043	180.945	post-stratified to frame counts on (stratum x size bin x published class); Hajek ratio; 1381 family clusters
catalogue_weighted	family	phylum	Nanoarchaeota	670	mean_comp_magicc	79.3574	60.1986	91.5524	49.3512	-17.3692	176.084	post-stratified to frame counts on (stratum x size bin x published class); Hajek ratio; 1381 family clusters
catalogue_weighted	family	phylum	Nanoarchaeota	670	mean_cont_checkm2	2.03246	0.55215	3.0877	9.52875	-16.6435	20.7085	post-stratified to frame counts on (stratum x size bin x published class); Hajek ratio; 1381 family clusters
catalogue_weighted	family	phylum	Nanoarchaeota	670	mean_cont_magicc	23.6863	3.15113	38.9082	108.098	-188.182	235.555	post-stratified to frame counts on (stratum x size bin x published class); Hajek ratio; 1381 family clusters
catalogue_weighted	family	phylum	Nanoarchaeota	670	cell_HQ_to_HQ	0.0011435	0	0.0094099	0.00311163	-0.00495518	0.00724218	post-stratified to frame counts on (stratum x size bin x published class); Hajek ratio; 1381 family clusters
catalogue_weighted	family	phylum	Nanoarchaeota	670	cell_HQ_to_MQ	0.0247759	0.0113953	0.119483	0.0137911	-0.0022541	0.0518059	post-stratified to frame counts on (stratum x size bin x published class); Hajek ratio; 1381 family clusters
catalogue_weighted	family	phylum	Nanoarchaeota	670	cell_HQ_to_LQ	0.0121974	0.00532857	0.0646195	0.00993814	-0.00728102	0.0316758	post-stratified to frame counts on (stratum x size bin x published class); Hajek ratio; 1381 family clusters
catalogue_weighted	family	phylum	Nanoarchaeota	670	cell_MQ_to_HQ	0.240844	0	0.794861	2.55638	-4.76957	5.25126	post-stratified to frame counts on (stratum x size bin x published class); Hajek ratio; 1381 family clusters
catalogue_weighted	family	phylum	Nanoarchaeota	670	cell_MQ_to_MQ	0.173723	0.0658386	0.621618	0.0227102	0.129212	0.218234	post-stratified to frame counts on (stratum x size bin x published class); Hajek ratio; 1381 family clusters
catalogue_weighted	family	phylum	Nanoarchaeota	670	cell_MQ_to_LQ	0.547316	0.0369186	0.830585	2.55645	-4.46324	5.55788	post-stratified to frame counts on (stratum x size bin x published class); Hajek ratio; 1381 family clusters
catalogue_weighted	family	phylum	Nanoarchaeota	670	cell_LQ_to_HQ	0	0	0	0	0	0	post-stratified to frame counts on (stratum x size bin x published class); Hajek ratio; 1381 family clusters
catalogue_weighted	family	phylum	Nanoarchaeota	670	cell_LQ_to_MQ	0	0	0	0	0	0	post-stratified to frame counts on (stratum x size bin x published class); Hajek ratio; 1381 family clusters
catalogue_weighted	family	phylum	Nanoarchaeota	670	cell_LQ_to_LQ	0	0	0	0	0	0	post-stratified to frame counts on (stratum x size bin x published class); Hajek ratio; 1381 family clusters
catalogue_weighted	family	phylum	Nanoarchaeota	670	slope_d_comp_per_log10Mbp	69.3239	3.85854	155.273				post-stratified to frame counts on (stratum x size bin x published class); Hajek ratio; 1381 family clusters
catalogue_weighted	family	phylum	Nanoarchaeota	670	slope_d_cont_per_log10Mbp	73.1164	-6.20306	122.358				post-stratified to frame counts on (stratum x size bin x published class); Hajek ratio; 1381 family clusters
catalogue_weighted	family	phylum	Patescibacteria	7343	p_class_change	0.485392	0.35324	0.600484	0.273548	-0.050753	1.02154	post-stratified to frame counts on (stratum x size bin x published class); Hajek ratio; 1381 family clusters
catalogue_weighted	family	phylum	Patescibacteria	7343	p_downgrade	0.415254	0.287044	0.535173	0.275318	-0.12436	0.954868	post-stratified to frame counts on (stratum x size bin x published class); Hajek ratio; 1381 family clusters
catalogue_weighted	family	phylum	Patescibacteria	7343	p_upgrade	0.0701381	0.0107492	0.157205	0.1495	-0.222877	0.363153	post-stratified to frame counts on (stratum x size bin x published class); Hajek ratio; 1381 family clusters
catalogue_weighted	family	phylum	Patescibacteria	7343	p_HQ_checkm2	0.458182	0.330785	0.59218	0.269973	-0.0709555	0.98732	post-stratified to frame counts on (stratum x size bin x published class); Hajek ratio; 1381 family clusters
catalogue_weighted	family	phylum	Patescibacteria	7343	p_HQ_magicc	0.310722	0.195605	0.433132	0.273542	-0.225411	0.846856	post-stratified to frame counts on (stratum x size bin x published class); Hajek ratio; 1381 family clusters
catalogue_weighted	family	phylum	Patescibacteria	7343	HQ_downgrade_rate	0.474804	0.311713	0.659425	0.458528	-0.423894	1.3735	post-stratified to frame counts on (stratum x size bin x published class); Hajek ratio; 1381 family clusters
catalogue_weighted	family	phylum	Patescibacteria	7343	HQ_to_MQ_rate	0.242668	0.136978	0.382571	0.323195	-0.390783	0.87612	post-stratified to frame counts on (stratum x size bin x published class); Hajek ratio; 1381 family clusters
catalogue_weighted	family	phylum	Patescibacteria	7343	HQ_to_LQ_rate	0.232136	0.0772277	0.41633	0.41248	-0.576311	1.04058	post-stratified to frame counts on (stratum x size bin x published class); Hajek ratio; 1381 family clusters
catalogue_weighted	family	phylum	Patescibacteria	7343	MQ_to_HQ_rate	0.129367	0.0197911	0.276967	0.259721	-0.379676	0.638411	post-stratified to frame counts on (stratum x size bin x published class); Hajek ratio; 1381 family clusters
catalogue_weighted	family	phylum	Patescibacteria	7343	MQ_to_LQ_rate	0.364931	0.158124	0.536159	0.336225	-0.294058	1.02392	post-stratified to frame counts on (stratum x size bin x published class); Hajek ratio; 1381 family clusters
catalogue_weighted	family	phylum	Patescibacteria	7343	LQ_to_higher_rate	1	1	1	0	1	1	post-stratified to frame counts on (stratum x size bin x published class); Hajek ratio; 1381 family clusters
catalogue_weighted	family	phylum	Patescibacteria	7343	cont5_disagreement_rate	0.31642	0.192101	0.446706	0.287285	-0.246649	0.879488	post-stratified to frame counts on (stratum x size bin x published class); Hajek ratio; 1381 family clusters
catalogue_weighted	family	phylum	Patescibacteria	7343	floor_rate	0.0125532	0.00899539	0.0173971	0.00100922	0.0105752	0.0145313	post-stratified to frame counts on (stratum x size bin x published class); Hajek ratio; 1381 family clusters
catalogue_weighted	family	phylum	Patescibacteria	7343	floor_rate_exact50	0	0	0	0	0	0	post-stratified to frame counts on (stratum x size bin x published class); Hajek ratio; 1381 family clusters
catalogue_weighted	family	phylum	Patescibacteria	7343	mean_d_comp	-2.23237	-6.32139	2.06954	8.48377	-18.8603	14.3955	post-stratified to frame counts on (stratum x size bin x published class); Hajek ratio; 1381 family clusters
catalogue_weighted	family	phylum	Patescibacteria	7343	mean_d_cont	7.65025	3.50597	12.3756	8.8139	-9.62467	24.9252	post-stratified to frame counts on (stratum x size bin x published class); Hajek ratio; 1381 family clusters
catalogue_weighted	family	phylum	Patescibacteria	7343	mean_comp_checkm2	85.9764	82.3316	88.8807	6.19217	73.84	98.1128	post-stratified to frame counts on (stratum x size bin x published class); Hajek ratio; 1381 family clusters
catalogue_weighted	family	phylum	Patescibacteria	7343	mean_comp_magicc	83.744	80.221	86.7855	5.88928	72.2013	95.2868	post-stratified to frame counts on (stratum x size bin x published class); Hajek ratio; 1381 family clusters
catalogue_weighted	family	phylum	Patescibacteria	7343	mean_cont_checkm2	2.32597	1.70593	2.9496	1.3082	-0.238061	4.89001	post-stratified to frame counts on (stratum x size bin x published class); Hajek ratio; 1381 family clusters
catalogue_weighted	family	phylum	Patescibacteria	7343	mean_cont_magicc	9.97622	5.56669	15.0902	9.43434	-8.51474	28.4672	post-stratified to frame counts on (stratum x size bin x published class); Hajek ratio; 1381 family clusters
catalogue_weighted	family	phylum	Patescibacteria	7343	cell_HQ_to_HQ	0.240635	0.131022	0.356802	0.264511	-0.277797	0.759068	post-stratified to frame counts on (stratum x size bin x published class); Hajek ratio; 1381 family clusters
catalogue_weighted	family	phylum	Patescibacteria	7343	cell_HQ_to_MQ	0.111186	0.0617965	0.177522	0.149514	-0.181855	0.404228	post-stratified to frame counts on (stratum x size bin x published class); Hajek ratio; 1381 family clusters
catalogue_weighted	family	phylum	Patescibacteria	7343	cell_HQ_to_LQ	0.10636	0.0363786	0.198935	0.202023	-0.289597	0.502318	post-stratified to frame counts on (stratum x size bin x published class); Hajek ratio; 1381 family clusters
catalogue_weighted	family	phylum	Patescibacteria	7343	cell_MQ_to_HQ	0.0700868	0.0106554	0.157144	0.1495	-0.222928	0.363102	post-stratified to frame counts on (stratum x size bin x published class); Hajek ratio; 1381 family clusters
catalogue_weighted	family	phylum	Patescibacteria	7343	cell_MQ_to_MQ	0.273973	0.194891	0.374091	0.149523	-0.0190878	0.567033	post-stratified to frame counts on (stratum x size bin x published class); Hajek ratio; 1381 family clusters
catalogue_weighted	family	phylum	Patescibacteria	7343	cell_MQ_to_LQ	0.197707	0.0794352	0.320449	0.235349	-0.263569	0.658983	post-stratified to frame counts on (stratum x size bin x published class); Hajek ratio; 1381 family clusters
catalogue_weighted	family	phylum	Patescibacteria	7343	cell_LQ_to_HQ	0	0	0	0	0	0	post-stratified to frame counts on (stratum x size bin x published class); Hajek ratio; 1381 family clusters
catalogue_weighted	family	phylum	Patescibacteria	7343	cell_LQ_to_MQ	5.1275e-05	0	0.000166749	6.62354e-05	-7.8544e-05	0.000181094	post-stratified to frame counts on (stratum x size bin x published class); Hajek ratio; 1381 family clusters
catalogue_weighted	family	phylum	Patescibacteria	7343	cell_LQ_to_LQ	0	0	0	0	0	0	post-stratified to frame counts on (stratum x size bin x published class); Hajek ratio; 1381 family clusters
catalogue_weighted	family	phylum	Patescibacteria	7343	slope_d_comp_per_log10Mbp	44.995	23.3718	67.7911				post-stratified to frame counts on (stratum x size bin x published class); Hajek ratio; 1381 family clusters
catalogue_weighted	family	phylum	Patescibacteria	7343	slope_d_cont_per_log10Mbp	35.8066	11.2313	64.7771				post-stratified to frame counts on (stratum x size bin x published class); Hajek ratio; 1381 family clusters
catalogue_weighted	family	phylum	Proteobacteria	1621	p_class_change	0.271316	0.199953	0.350414	0.0654131	0.143109	0.399523	post-stratified to frame counts on (stratum x size bin x published class); Hajek ratio; 1381 family clusters
catalogue_weighted	family	phylum	Proteobacteria	1621	p_downgrade	0.207217	0.134639	0.280789	0.0550927	0.0992376	0.315197	post-stratified to frame counts on (stratum x size bin x published class); Hajek ratio; 1381 family clusters
catalogue_weighted	family	phylum	Proteobacteria	1621	p_upgrade	0.0640985	0.0361534	0.0973682	0.0464132	-0.0268696	0.155067	post-stratified to frame counts on (stratum x size bin x published class); Hajek ratio; 1381 family clusters
catalogue_weighted	family	phylum	Proteobacteria	1621	p_HQ_checkm2	0.350035	0.261667	0.432345	0.0689509	0.214894	0.485176	post-stratified to frame counts on (stratum x size bin x published class); Hajek ratio; 1381 family clusters
catalogue_weighted	family	phylum	Proteobacteria	1621	p_HQ_magicc	0.220932	0.162079	0.281411	0.0673209	0.0889852	0.352878	post-stratified to frame counts on (stratum x size bin x published class); Hajek ratio; 1381 family clusters
catalogue_weighted	family	phylum	Proteobacteria	1621	HQ_downgrade_rate	0.55195	0.410293	0.689005	0.126627	0.303765	0.800134	post-stratified to frame counts on (stratum x size bin x published class); Hajek ratio; 1381 family clusters
catalogue_weighted	family	phylum	Proteobacteria	1621	HQ_to_MQ_rate	0.505759	0.356512	0.63956	0.124297	0.262142	0.749376	post-stratified to frame counts on (stratum x size bin x published class); Hajek ratio; 1381 family clusters
catalogue_weighted	family	phylum	Proteobacteria	1621	HQ_to_LQ_rate	0.046191	0.00507427	0.116445	0.0531749	-0.05803	0.150412	post-stratified to frame counts on (stratum x size bin x published class); Hajek ratio; 1381 family clusters
catalogue_weighted	family	phylum	Proteobacteria	1621	MQ_to_HQ_rate	0.0986184	0.055651	0.149599	0.0690507	-0.0367185	0.233955	post-stratified to frame counts on (stratum x size bin x published class); Hajek ratio; 1381 family clusters
catalogue_weighted	family	phylum	Proteobacteria	1621	MQ_to_LQ_rate	0.0215636	0.00492319	0.0475246	0.0322326	-0.0416112	0.0847383	post-stratified to frame counts on (stratum x size bin x published class); Hajek ratio; 1381 family clusters
catalogue_weighted	family	phylum	Proteobacteria	1621	LQ_to_higher_rate	nan	nan	nan	nan	nan	nan	post-stratified to frame counts on (stratum x size bin x published class); Hajek ratio; 1381 family clusters
catalogue_weighted	family	phylum	Proteobacteria	1621	cont5_disagreement_rate	0.0372415	0.0126578	0.0729179	0.0328405	-0.0271247	0.101608	post-stratified to frame counts on (stratum x size bin x published class); Hajek ratio; 1381 family clusters
catalogue_weighted	family	phylum	Proteobacteria	1621	floor_rate	0.00146575	0.000533421	0.00280524	0.000394399	0.000692743	0.00223876	post-stratified to frame counts on (stratum x size bin x published class); Hajek ratio; 1381 family clusters
catalogue_weighted	family	phylum	Proteobacteria	1621	floor_rate_exact50	0	0	0	0	0	0	post-stratified to frame counts on (stratum x size bin x published class); Hajek ratio; 1381 family clusters
catalogue_weighted	family	phylum	Proteobacteria	1621	mean_d_comp	-3.56155	-5.64231	-1.48419	1.57928	-6.65689	-0.466214	post-stratified to frame counts on (stratum x size bin x published class); Hajek ratio; 1381 family clusters
catalogue_weighted	family	phylum	Proteobacteria	1621	mean_d_cont	-1.28414	-1.78942	-0.616298	0.872685	-2.99457	0.426287	post-stratified to frame counts on (stratum x size bin x published class); Hajek ratio; 1381 family clusters
catalogue_weighted	family	phylum	Proteobacteria	1621	mean_comp_checkm2	79.8938	77.5202	82.2258	2.22754	75.5279	84.2597	post-stratified to frame counts on (stratum x size bin x published class); Hajek ratio; 1381 family clusters
catalogue_weighted	family	phylum	Proteobacteria	1621	mean_comp_magicc	76.3323	74.2802	78.5679	2.2696	71.8839	80.7806	post-stratified to frame counts on (stratum x size bin x published class); Hajek ratio; 1381 family clusters
catalogue_weighted	family	phylum	Proteobacteria	1621	mean_cont_checkm2	2.6645	2.31646	3.04001	0.367745	1.94373	3.38527	post-stratified to frame counts on (stratum x size bin x published class); Hajek ratio; 1381 family clusters
catalogue_weighted	family	phylum	Proteobacteria	1621	mean_cont_magicc	1.38035	0.940936	2.02973	0.869767	-0.324357	3.08507	post-stratified to frame counts on (stratum x size bin x published class); Hajek ratio; 1381 family clusters
catalogue_weighted	family	phylum	Proteobacteria	1621	cell_HQ_to_HQ	0.156833	0.103562	0.209023	0.0588735	0.0414432	0.272223	post-stratified to frame counts on (stratum x size bin x published class); Hajek ratio; 1381 family clusters
catalogue_weighted	family	phylum	Proteobacteria	1621	cell_HQ_to_MQ	0.177033	0.106549	0.251049	0.0498733	0.0792835	0.274783	post-stratified to frame counts on (stratum x size bin x published class); Hajek ratio; 1381 family clusters
catalogue_weighted	family	phylum	Proteobacteria	1621	cell_HQ_to_LQ	0.0161684	0.00181109	0.0386949	0.0188937	-0.0208625	0.0531994	post-stratified to frame counts on (stratum x size bin x published class); Hajek ratio; 1381 family clusters
catalogue_weighted	family	phylum	Proteobacteria	1621	cell_MQ_to_HQ	0.0640985	0.0361534	0.0973682	0.0464132	-0.0268696	0.155067	post-stratified to frame counts on (stratum x size bin x published class); Hajek ratio; 1381 family clusters
catalogue_weighted	family	phylum	Proteobacteria	1621	cell_MQ_to_MQ	0.571851	0.492537	0.652193	0.0707416	0.4332	0.710502	post-stratified to frame counts on (stratum x size bin x published class); Hajek ratio; 1381 family clusters
catalogue_weighted	family	phylum	Proteobacteria	1621	cell_MQ_to_LQ	0.0140156	0.00315423	0.0321183	0.0210768	-0.0272943	0.0553254	post-stratified to frame counts on (stratum x size bin x published class); Hajek ratio; 1381 family clusters
catalogue_weighted	family	phylum	Proteobacteria	1621	cell_LQ_to_HQ	0	0	0	0	0	0	post-stratified to frame counts on (stratum x size bin x published class); Hajek ratio; 1381 family clusters
catalogue_weighted	family	phylum	Proteobacteria	1621	cell_LQ_to_MQ	0	0	0	0	0	0	post-stratified to frame counts on (stratum x size bin x published class); Hajek ratio; 1381 family clusters
catalogue_weighted	family	phylum	Proteobacteria	1621	cell_LQ_to_LQ	0	0	0	0	0	0	post-stratified to frame counts on (stratum x size bin x published class); Hajek ratio; 1381 family clusters
catalogue_weighted	family	phylum	Proteobacteria	1621	slope_d_comp_per_log10Mbp	13.1704	3.7174	25.268				post-stratified to frame counts on (stratum x size bin x published class); Hajek ratio; 1381 family clusters
catalogue_weighted	family	phylum	Proteobacteria	1621	slope_d_cont_per_log10Mbp	1.65873	-1.70944	5.96242				post-stratified to frame counts on (stratum x size bin x published class); Hajek ratio; 1381 family clusters
catalogue_weighted	family	phylum	Thermoplasmatota	282	p_class_change	0.516455	0.00223282	0.910444	1.05147	-1.5444	2.57731	post-stratified to frame counts on (stratum x size bin x published class); Hajek ratio; 1381 family clusters
catalogue_weighted	family	phylum	Thermoplasmatota	282	p_downgrade	0.192643	0.000400415	0.255829	0.879727	-1.53159	1.91688	post-stratified to frame counts on (stratum x size bin x published class); Hajek ratio; 1381 family clusters
catalogue_weighted	family	phylum	Thermoplasmatota	282	p_upgrade	0.323812	0	0.90544	0.997512	-1.63128	2.2789	post-stratified to frame counts on (stratum x size bin x published class); Hajek ratio; 1381 family clusters
catalogue_weighted	family	phylum	Thermoplasmatota	282	p_HQ_checkm2	0.0837392	0	0.111445	0.665008	-1.21965	1.38713	post-stratified to frame counts on (stratum x size bin x published class); Hajek ratio; 1381 family clusters
catalogue_weighted	family	phylum	Thermoplasmatota	282	p_HQ_magicc	0.323812	0	0.90544	0.997512	-1.63128	2.2789	post-stratified to frame counts on (stratum x size bin x published class); Hajek ratio; 1381 family clusters
catalogue_weighted	family	phylum	Thermoplasmatota	282	HQ_downgrade_rate	1	1	1	0	1	1	post-stratified to frame counts on (stratum x size bin x published class); Hajek ratio; 1381 family clusters
catalogue_weighted	family	phylum	Thermoplasmatota	282	HQ_to_MQ_rate	1	1	1	0	1	1	post-stratified to frame counts on (stratum x size bin x published class); Hajek ratio; 1381 family clusters
catalogue_weighted	family	phylum	Thermoplasmatota	282	HQ_to_LQ_rate	0	0	0	0	0	0	post-stratified to frame counts on (stratum x size bin x published class); Hajek ratio; 1381 family clusters
catalogue_weighted	family	phylum	Thermoplasmatota	282	MQ_to_HQ_rate	0.353406	0	0.90544	1.05422	-1.71283	2.41965	post-stratified to frame counts on (stratum x size bin x published class); Hajek ratio; 1381 family clusters
catalogue_weighted	family	phylum	Thermoplasmatota	282	MQ_to_LQ_rate	0.118857	0.000400415	0.162679	0.720112	-1.29254	1.53025	post-stratified to frame counts on (stratum x size bin x published class); Hajek ratio; 1381 family clusters
catalogue_weighted	family	phylum	Thermoplasmatota	282	LQ_to_higher_rate	nan	nan	nan	nan	nan	nan	post-stratified to frame counts on (stratum x size bin x published class); Hajek ratio; 1381 family clusters
catalogue_weighted	family	phylum	Thermoplasmatota	282	cont5_disagreement_rate	0.00271796	0	0.127365	0.00609469	-0.00922742	0.0146633	post-stratified to frame counts on (stratum x size bin x published class); Hajek ratio; 1381 family clusters
catalogue_weighted	family	phylum	Thermoplasmatota	282	floor_rate	0.0131424	0.00256268	0.320859	0.00907133	-0.00463714	0.0309218	post-stratified to frame counts on (stratum x size bin x published class); Hajek ratio; 1381 family clusters
catalogue_weighted	family	phylum	Thermoplasmatota	282	floor_rate_exact50	0	0	0	0	0	0	post-stratified to frame counts on (stratum x size bin x published class); Hajek ratio; 1381 family clusters
catalogue_weighted	family	phylum	Thermoplasmatota	282	mean_d_comp	1.53895	-12.2933	3.83377	29.2984	-55.8848	58.9627	post-stratified to frame counts on (stratum x size bin x published class); Hajek ratio; 1381 family clusters
catalogue_weighted	family	phylum	Thermoplasmatota	282	mean_d_cont	-2.61522	-8.11023	-0.122353	6.95973	-16.256	11.0256	post-stratified to frame counts on (stratum x size bin x published class); Hajek ratio; 1381 family clusters
catalogue_weighted	family	phylum	Thermoplasmatota	282	mean_comp_checkm2	81.2321	59.3089	85.5926	14.3572	53.0924	109.372	post-stratified to frame counts on (stratum x size bin x published class); Hajek ratio; 1381 family clusters
catalogue_weighted	family	phylum	Thermoplasmatota	282	mean_comp_magicc	82.771	51.6462	86.4219	23.8846	35.9581	129.584	post-stratified to frame counts on (stratum x size bin x published class); Hajek ratio; 1381 family clusters
catalogue_weighted	family	phylum	Thermoplasmatota	282	mean_cont_checkm2	4.08938	1.06743	8.48211	5.52595	-6.74128	14.92	post-stratified to frame counts on (stratum x size bin x published class); Hajek ratio; 1381 family clusters
catalogue_weighted	family	phylum	Thermoplasmatota	282	mean_cont_magicc	1.47417	0.344965	1.71207	7.47665	-13.1798	16.1281	post-stratified to frame counts on (stratum x size bin x published class); Hajek ratio; 1381 family clusters
catalogue_weighted	family	phylum	Thermoplasmatota	282	cell_HQ_to_HQ	0	0	0	0	0	0	post-stratified to frame counts on (stratum x size bin x published class); Hajek ratio; 1381 family clusters
catalogue_weighted	family	phylum	Thermoplasmatota	282	cell_HQ_to_MQ	0.0837392	0	0.111445	0.665008	-1.21965	1.38713	post-stratified to frame counts on (stratum x size bin x published class); Hajek ratio; 1381 family clusters
catalogue_weighted	family	phylum	Thermoplasmatota	282	cell_HQ_to_LQ	0	0	0	0	0	0	post-stratified to frame counts on (stratum x size bin x published class); Hajek ratio; 1381 family clusters
catalogue_weighted	family	phylum	Thermoplasmatota	282	cell_MQ_to_HQ	0.323812	0	0.90544	0.997512	-1.63128	2.2789	post-stratified to frame counts on (stratum x size bin x published class); Hajek ratio; 1381 family clusters
catalogue_weighted	family	phylum	Thermoplasmatota	282	cell_MQ_to_MQ	0.483545	0.0895558	0.997767	1.05147	-1.57731	2.5444	post-stratified to frame counts on (stratum x size bin x published class); Hajek ratio; 1381 family clusters
catalogue_weighted	family	phylum	Thermoplasmatota	282	cell_MQ_to_LQ	0.108904	0.000400415	0.144516	0.665014	-1.1945	1.41231	post-stratified to frame counts on (stratum x size bin x published class); Hajek ratio; 1381 family clusters
catalogue_weighted	family	phylum	Thermoplasmatota	282	cell_LQ_to_HQ	0	0	0	0	0	0	post-stratified to frame counts on (stratum x size bin x published class); Hajek ratio; 1381 family clusters
catalogue_weighted	family	phylum	Thermoplasmatota	282	cell_LQ_to_MQ	0	0	0	0	0	0	post-stratified to frame counts on (stratum x size bin x published class); Hajek ratio; 1381 family clusters
catalogue_weighted	family	phylum	Thermoplasmatota	282	cell_LQ_to_LQ	0	0	0	0	0	0	post-stratified to frame counts on (stratum x size bin x published class); Hajek ratio; 1381 family clusters
catalogue_weighted	family	phylum	Thermoplasmatota	282	slope_d_comp_per_log10Mbp	53.6833	-43.1219	69.6951				post-stratified to frame counts on (stratum x size bin x published class); Hajek ratio; 1381 family clusters
catalogue_weighted	family	phylum	Thermoplasmatota	282	slope_d_cont_per_log10Mbp	-7.05737	-36.7603	-2.08311				post-stratified to frame counts on (stratum x size bin x published class); Hajek ratio; 1381 family clusters
catalogue_weighted	family	phylum	Thermoproteota	361	p_class_change	0.462493	0.247706	0.654077	0.392961	-0.307697	1.23268	post-stratified to frame counts on (stratum x size bin x published class); Hajek ratio; 1381 family clusters
catalogue_weighted	family	phylum	Thermoproteota	361	p_downgrade	0.337409	0.108548	0.526026	0.382355	-0.411993	1.08681	post-stratified to frame counts on (stratum x size bin x published class); Hajek ratio; 1381 family clusters
catalogue_weighted	family	phylum	Thermoproteota	361	p_upgrade	0.125084	0	0.294951	0.251088	-0.367039	0.617208	post-stratified to frame counts on (stratum x size bin x published class); Hajek ratio; 1381 family clusters
catalogue_weighted	family	phylum	Thermoproteota	361	p_HQ_checkm2	0.288062	0.128126	0.508604	0.373893	-0.444755	1.02088	post-stratified to frame counts on (stratum x size bin x published class); Hajek ratio; 1381 family clusters
catalogue_weighted	family	phylum	Thermoproteota	361	p_HQ_magicc	0.222126	0.0760743	0.415622	0.331125	-0.426867	0.87112	post-stratified to frame counts on (stratum x size bin x published class); Hajek ratio; 1381 family clusters
catalogue_weighted	family	phylum	Thermoproteota	361	HQ_downgrade_rate	0.663121	0.241071	1	0.756702	-0.819988	2.14623	post-stratified to frame counts on (stratum x size bin x published class); Hajek ratio; 1381 family clusters
catalogue_weighted	family	phylum	Thermoproteota	361	HQ_to_MQ_rate	0.225047	0	0.565462	0.667348	-1.08293	1.53303	post-stratified to frame counts on (stratum x size bin x published class); Hajek ratio; 1381 family clusters
catalogue_weighted	family	phylum	Thermoproteota	361	HQ_to_LQ_rate	0.438075	0	0.825783	0.797663	-1.12532	2.00146	post-stratified to frame counts on (stratum x size bin x published class); Hajek ratio; 1381 family clusters
catalogue_weighted	family	phylum	Thermoproteota	361	MQ_to_HQ_rate	0.175696	0	0.417467	0.340288	-0.491257	0.842648	post-stratified to frame counts on (stratum x size bin x published class); Hajek ratio; 1381 family clusters
catalogue_weighted	family	phylum	Thermoproteota	361	MQ_to_LQ_rate	0.20562	0.00106465	0.396696	0.378966	-0.53714	0.948381	post-stratified to frame counts on (stratum x size bin x published class); Hajek ratio; 1381 family clusters
catalogue_weighted	family	phylum	Thermoproteota	361	LQ_to_higher_rate	nan	nan	nan	nan	nan	nan	post-stratified to frame counts on (stratum x size bin x published class); Hajek ratio; 1381 family clusters
catalogue_weighted	family	phylum	Thermoproteota	361	cont5_disagreement_rate	0.274664	0.0679279	0.464414	0.385215	-0.480344	1.02967	post-stratified to frame counts on (stratum x size bin x published class); Hajek ratio; 1381 family clusters
catalogue_weighted	family	phylum	Thermoproteota	361	floor_rate	0.00410617	0.00236136	0.00785501	0.00300041	-0.00177452	0.00998686	post-stratified to frame counts on (stratum x size bin x published class); Hajek ratio; 1381 family clusters
catalogue_weighted	family	phylum	Thermoproteota	361	floor_rate_exact50	0	0	0	0	0	0	post-stratified to frame counts on (stratum x size bin x published class); Hajek ratio; 1381 family clusters
catalogue_weighted	family	phylum	Thermoproteota	361	mean_d_comp	-1.20135	-7.98704	7.76964	14.8184	-30.2449	27.8422	post-stratified to frame counts on (stratum x size bin x published class); Hajek ratio; 1381 family clusters
catalogue_weighted	family	phylum	Thermoproteota	361	mean_d_cont	5.0672	0.228455	11.0787	8.60772	-11.8036	21.938	post-stratified to frame counts on (stratum x size bin x published class); Hajek ratio; 1381 family clusters
catalogue_weighted	family	phylum	Thermoproteota	361	mean_comp_checkm2	78.9466	72.8532	85.0682	11.8989	55.6252	102.268	post-stratified to frame counts on (stratum x size bin x published class); Hajek ratio; 1381 family clusters
catalogue_weighted	family	phylum	Thermoproteota	361	mean_comp_magicc	77.7453	70.1022	86.5711	12.7742	52.7083	102.782	post-stratified to frame counts on (stratum x size bin x published class); Hajek ratio; 1381 family clusters
catalogue_weighted	family	phylum	Thermoproteota	361	mean_cont_checkm2	2.29245	1.40815	3.27133	1.81834	-1.27143	5.85633	post-stratified to frame counts on (stratum x size bin x published class); Hajek ratio; 1381 family clusters
catalogue_weighted	family	phylum	Thermoproteota	361	mean_cont_magicc	7.35965	2.44078	13.2721	8.62959	-9.55404	24.2733	post-stratified to frame counts on (stratum x size bin x published class); Hajek ratio; 1381 family clusters
catalogue_weighted	family	phylum	Thermoproteota	361	cell_HQ_to_HQ	0.0970421	0	0.225536	0.251088	-0.395081	0.589166	post-stratified to frame counts on (stratum x size bin x published class); Hajek ratio; 1381 family clusters
catalogue_weighted	family	phylum	Thermoproteota	361	cell_HQ_to_MQ	0.0648274	0	0.179611	0.209423	-0.345634	0.475289	post-stratified to frame counts on (stratum x size bin x published class); Hajek ratio; 1381 family clusters
catalogue_weighted	family	phylum	Thermoproteota	361	cell_HQ_to_LQ	0.126193	0	0.290038	0.283559	-0.429572	0.681957	post-stratified to frame counts on (stratum x size bin x published class); Hajek ratio; 1381 family clusters
catalogue_weighted	family	phylum	Thermoproteota	361	cell_MQ_to_HQ	0.125084	0	0.294951	0.251088	-0.367039	0.617208	post-stratified to frame counts on (stratum x size bin x published class); Hajek ratio; 1381 family clusters
catalogue_weighted	family	phylum	Thermoproteota	361	cell_MQ_to_MQ	0.440465	0.268698	0.617985	0.382355	-0.308938	1.18987	post-stratified to frame counts on (stratum x size bin x published class); Hajek ratio; 1381 family clusters
catalogue_weighted	family	phylum	Thermoproteota	361	cell_MQ_to_LQ	0.146389	0.000720688	0.294915	0.283564	-0.409387	0.702165	post-stratified to frame counts on (stratum x size bin x published class); Hajek ratio; 1381 family clusters
catalogue_weighted	family	phylum	Thermoproteota	361	cell_LQ_to_HQ	0	0	0	0	0	0	post-stratified to frame counts on (stratum x size bin x published class); Hajek ratio; 1381 family clusters
catalogue_weighted	family	phylum	Thermoproteota	361	cell_LQ_to_MQ	0	0	0	0	0	0	post-stratified to frame counts on (stratum x size bin x published class); Hajek ratio; 1381 family clusters
catalogue_weighted	family	phylum	Thermoproteota	361	cell_LQ_to_LQ	0	0	0	0	0	0	post-stratified to frame counts on (stratum x size bin x published class); Hajek ratio; 1381 family clusters
catalogue_weighted	family	phylum	Thermoproteota	361	slope_d_comp_per_log10Mbp	39.6093	10.3198	99.2309				post-stratified to frame counts on (stratum x size bin x published class); Hajek ratio; 1381 family clusters
catalogue_weighted	family	phylum	Thermoproteota	361	slope_d_cont_per_log10Mbp	53.7817	22.8453	104.966				post-stratified to frame counts on (stratum x size bin x published class); Hajek ratio; 1381 family clusters
catalogue_weighted	family	phylum	other (<200 in cohort)	2251	p_class_change	0.363682	0.303303	0.429054	0.0479389	0.269723	0.45764	post-stratified to frame counts on (stratum x size bin x published class); Hajek ratio; 1381 family clusters
catalogue_weighted	family	phylum	other (<200 in cohort)	2251	p_downgrade	0.256296	0.205213	0.311726	0.0428548	0.172302	0.34029	post-stratified to frame counts on (stratum x size bin x published class); Hajek ratio; 1381 family clusters
catalogue_weighted	family	phylum	other (<200 in cohort)	2251	p_upgrade	0.107385	0.0813985	0.137014	0.0360338	0.0367604	0.17801	post-stratified to frame counts on (stratum x size bin x published class); Hajek ratio; 1381 family clusters
catalogue_weighted	family	phylum	other (<200 in cohort)	2251	p_HQ_checkm2	0.316171	0.259355	0.377561	0.0455814	0.226833	0.405509	post-stratified to frame counts on (stratum x size bin x published class); Hajek ratio; 1381 family clusters
catalogue_weighted	family	phylum	other (<200 in cohort)	2251	p_HQ_magicc	0.245667	0.200549	0.290167	0.0452538	0.156972	0.334363	post-stratified to frame counts on (stratum x size bin x published class); Hajek ratio; 1381 family clusters
catalogue_weighted	family	phylum	other (<200 in cohort)	2251	HQ_downgrade_rate	0.562635	0.455443	0.681314	0.0882912	0.389588	0.735683	post-stratified to frame counts on (stratum x size bin x published class); Hajek ratio; 1381 family clusters
catalogue_weighted	family	phylum	other (<200 in cohort)	2251	HQ_to_MQ_rate	0.440273	0.323858	0.567512	0.0861332	0.271455	0.609091	post-stratified to frame counts on (stratum x size bin x published class); Hajek ratio; 1381 family clusters
catalogue_weighted	family	phylum	other (<200 in cohort)	2251	HQ_to_LQ_rate	0.122362	0.0626165	0.190379	0.0628402	-0.000802207	0.245527	post-stratified to frame counts on (stratum x size bin x published class); Hajek ratio; 1381 family clusters
catalogue_weighted	family	phylum	other (<200 in cohort)	2251	MQ_to_HQ_rate	0.158096	0.121724	0.197263	0.0506767	0.0587714	0.257421	post-stratified to frame counts on (stratum x size bin x published class); Hajek ratio; 1381 family clusters
catalogue_weighted	family	phylum	other (<200 in cohort)	2251	MQ_to_LQ_rate	0.115434	0.068358	0.168834	0.0402176	0.0366088	0.194259	post-stratified to frame counts on (stratum x size bin x published class); Hajek ratio; 1381 family clusters
catalogue_weighted	family	phylum	other (<200 in cohort)	2251	LQ_to_higher_rate	0	0	0	0	0	0	post-stratified to frame counts on (stratum x size bin x published class); Hajek ratio; 1381 family clusters
catalogue_weighted	family	phylum	other (<200 in cohort)	2251	cont5_disagreement_rate	0.197974	0.145152	0.258042	0.042822	0.114045	0.281904	post-stratified to frame counts on (stratum x size bin x published class); Hajek ratio; 1381 family clusters
catalogue_weighted	family	phylum	other (<200 in cohort)	2251	floor_rate	0.00195861	0.00121494	0.00286295	0.00036475	0.00124371	0.00267351	post-stratified to frame counts on (stratum x size bin x published class); Hajek ratio; 1381 family clusters
catalogue_weighted	family	phylum	other (<200 in cohort)	2251	floor_rate_exact50	0	0	0	0	0	0	post-stratified to frame counts on (stratum x size bin x published class); Hajek ratio; 1381 family clusters
catalogue_weighted	family	phylum	other (<200 in cohort)	2251	mean_d_comp	-1.26067	-2.94128	0.381762	1.152	-3.51856	0.997214	post-stratified to frame counts on (stratum x size bin x published class); Hajek ratio; 1381 family clusters
catalogue_weighted	family	phylum	other (<200 in cohort)	2251	mean_d_cont	1.54343	0.266251	2.89532	1.11726	-0.646371	3.73322	post-stratified to frame counts on (stratum x size bin x published class); Hajek ratio; 1381 family clusters
catalogue_weighted	family	phylum	other (<200 in cohort)	2251	mean_comp_checkm2	79.9445	77.9011	82.0464	1.40075	77.1991	82.69	post-stratified to frame counts on (stratum x size bin x published class); Hajek ratio; 1381 family clusters
catalogue_weighted	family	phylum	other (<200 in cohort)	2251	mean_comp_magicc	78.6839	76.8785	80.4671	1.48289	75.7775	81.5903	post-stratified to frame counts on (stratum x size bin x published class); Hajek ratio; 1381 family clusters
catalogue_weighted	family	phylum	other (<200 in cohort)	2251	mean_cont_checkm2	2.73436	2.43488	3.03984	0.250291	2.2438	3.22493	post-stratified to frame counts on (stratum x size bin x published class); Hajek ratio; 1381 family clusters
catalogue_weighted	family	phylum	other (<200 in cohort)	2251	mean_cont_magicc	4.27779	2.99273	5.66061	1.1243	2.07421	6.48137	post-stratified to frame counts on (stratum x size bin x published class); Hajek ratio; 1381 family clusters
catalogue_weighted	family	phylum	other (<200 in cohort)	2251	cell_HQ_to_HQ	0.138282	0.0927934	0.183977	0.0352135	0.0692648	0.207299	post-stratified to frame counts on (stratum x size bin x published class); Hajek ratio; 1381 family clusters
catalogue_weighted	family	phylum	other (<200 in cohort)	2251	cell_HQ_to_MQ	0.139201	0.0975018	0.188648	0.0321469	0.0761948	0.202208	post-stratified to frame counts on (stratum x size bin x published class); Hajek ratio; 1381 family clusters
catalogue_weighted	family	phylum	other (<200 in cohort)	2251	cell_HQ_to_LQ	0.0386874	0.0187874	0.0624071	0.0209518	-0.00237735	0.0797522	post-stratified to frame counts on (stratum x size bin x published class); Hajek ratio; 1381 family clusters
catalogue_weighted	family	phylum	other (<200 in cohort)	2251	cell_MQ_to_HQ	0.107385	0.0813985	0.137014	0.0360338	0.0367604	0.17801	post-stratified to frame counts on (stratum x size bin x published class); Hajek ratio; 1381 family clusters
catalogue_weighted	family	phylum	other (<200 in cohort)	2251	cell_MQ_to_MQ	0.493449	0.432852	0.554161	0.0474529	0.400443	0.586455	post-stratified to frame counts on (stratum x size bin x published class); Hajek ratio; 1381 family clusters
catalogue_weighted	family	phylum	other (<200 in cohort)	2251	cell_MQ_to_LQ	0.0784075	0.0455647	0.118453	0.02803	0.0234697	0.133345	post-stratified to frame counts on (stratum x size bin x published class); Hajek ratio; 1381 family clusters
catalogue_weighted	family	phylum	other (<200 in cohort)	2251	cell_LQ_to_HQ	0	0	0	0	0	0	post-stratified to frame counts on (stratum x size bin x published class); Hajek ratio; 1381 family clusters
catalogue_weighted	family	phylum	other (<200 in cohort)	2251	cell_LQ_to_MQ	0	0	0	0	0	0	post-stratified to frame counts on (stratum x size bin x published class); Hajek ratio; 1381 family clusters
catalogue_weighted	family	phylum	other (<200 in cohort)	2251	cell_LQ_to_LQ	0.00458764	0	0.0149672	0.00536265	-0.00592297	0.0150982	post-stratified to frame counts on (stratum x size bin x published class); Hajek ratio; 1381 family clusters
catalogue_weighted	family	phylum	other (<200 in cohort)	2251	slope_d_comp_per_log10Mbp	14.8782	9.36525	21.2253				post-stratified to frame counts on (stratum x size bin x published class); Hajek ratio; 1381 family clusters
catalogue_weighted	family	phylum	other (<200 in cohort)	2251	slope_d_cont_per_log10Mbp	4.29558	-1.34522	9.57534				post-stratified to frame counts on (stratum x size bin x published class); Hajek ratio; 1381 family clusters
catalogue_weighted	family	domain	Archaea	1847	p_class_change	0.525322	0.393937	0.645293	0.206537	0.120518	0.930127	post-stratified to frame counts on (stratum x size bin x published class); Hajek ratio; 1381 family clusters
catalogue_weighted	family	domain	Archaea	1847	p_downgrade	0.352366	0.222576	0.48546	0.201524	-0.0426151	0.747346	post-stratified to frame counts on (stratum x size bin x published class); Hajek ratio; 1381 family clusters
catalogue_weighted	family	domain	Archaea	1847	p_upgrade	0.172957	0.0672686	0.276244	0.158902	-0.138485	0.484399	post-stratified to frame counts on (stratum x size bin x published class); Hajek ratio; 1381 family clusters
catalogue_weighted	family	domain	Archaea	1847	p_HQ_checkm2	0.224608	0.112133	0.359327	0.18382	-0.135672	0.584889	post-stratified to frame counts on (stratum x size bin x published class); Hajek ratio; 1381 family clusters
catalogue_weighted	family	domain	Archaea	1847	p_HQ_magicc	0.242096	0.127407	0.360974	0.183791	-0.118129	0.60232	post-stratified to frame counts on (stratum x size bin x published class); Hajek ratio; 1381 family clusters
catalogue_weighted	family	domain	Archaea	1847	HQ_downgrade_rate	0.69218	0.435382	0.917451	0.450938	-0.191642	1.576	post-stratified to frame counts on (stratum x size bin x published class); Hajek ratio; 1381 family clusters
catalogue_weighted	family	domain	Archaea	1847	HQ_to_MQ_rate	0.383096	0.108354	0.630335	0.45239	-0.503573	1.26976	post-stratified to frame counts on (stratum x size bin x published class); Hajek ratio; 1381 family clusters
catalogue_weighted	family	domain	Archaea	1847	HQ_to_LQ_rate	0.309085	0.0156661	0.64285	0.450947	-0.574755	1.19292	post-stratified to frame counts on (stratum x size bin x published class); Hajek ratio; 1381 family clusters
catalogue_weighted	family	domain	Archaea	1847	MQ_to_HQ_rate	0.223058	0.0883424	0.363174	0.196765	-0.162595	0.60871	post-stratified to frame counts on (stratum x size bin x published class); Hajek ratio; 1381 family clusters
catalogue_weighted	family	domain	Archaea	1847	MQ_to_LQ_rate	0.253931	0.121699	0.40054	0.204508	-0.146897	0.654758	post-stratified to frame counts on (stratum x size bin x published class); Hajek ratio; 1381 family clusters
catalogue_weighted	family	domain	Archaea	1847	LQ_to_higher_rate	nan	nan	nan	nan	nan	nan	post-stratified to frame counts on (stratum x size bin x published class); Hajek ratio; 1381 family clusters
catalogue_weighted	family	domain	Archaea	1847	cont5_disagreement_rate	0.267402	0.121777	0.456149	0.199597	-0.1238	0.658604	post-stratified to frame counts on (stratum x size bin x published class); Hajek ratio; 1381 family clusters
catalogue_weighted	family	domain	Archaea	1847	floor_rate	0.00878946	0.00533809	0.0154779	0.0014267	0.00599319	0.0115857	post-stratified to frame counts on (stratum x size bin x published class); Hajek ratio; 1381 family clusters
catalogue_weighted	family	domain	Archaea	1847	floor_rate_exact50	0	0	0	0	0	0	post-stratified to frame counts on (stratum x size bin x published class); Hajek ratio; 1381 family clusters
catalogue_weighted	family	domain	Archaea	1847	mean_d_comp	-1.07587	-5.80882	3.65215	7.04648	-14.8867	12.735	post-stratified to frame counts on (stratum x size bin x published class); Hajek ratio; 1381 family clusters
catalogue_weighted	family	domain	Archaea	1847	mean_d_cont	5.31635	1.45703	10.783	5.37674	-5.22186	15.8546	post-stratified to frame counts on (stratum x size bin x published class); Hajek ratio; 1381 family clusters
catalogue_weighted	family	domain	Archaea	1847	mean_comp_checkm2	79.5216	75.7105	83.0486	5.31561	69.1032	89.94	post-stratified to frame counts on (stratum x size bin x published class); Hajek ratio; 1381 family clusters
catalogue_weighted	family	domain	Archaea	1847	mean_comp_magicc	78.4458	72.8899	83.1247	6.16547	66.3617	90.5299	post-stratified to frame counts on (stratum x size bin x published class); Hajek ratio; 1381 family clusters
catalogue_weighted	family	domain	Archaea	1847	mean_cont_checkm2	2.49349	1.73382	3.18557	1.0098	0.514315	4.47267	post-stratified to frame counts on (stratum x size bin x published class); Hajek ratio; 1381 family clusters
catalogue_weighted	family	domain	Archaea	1847	mean_cont_magicc	7.80985	4.15626	12.8511	5.30428	-2.58636	18.2061	post-stratified to frame counts on (stratum x size bin x published class); Hajek ratio; 1381 family clusters
catalogue_weighted	family	domain	Archaea	1847	cell_HQ_to_HQ	0.0691389	0.0152108	0.140189	0.118272	-0.16267	0.300948	post-stratified to frame counts on (stratum x size bin x published class); Hajek ratio; 1381 family clusters
catalogue_weighted	family	domain	Archaea	1847	cell_HQ_to_MQ	0.0860466	0.0222381	0.163123	0.118322	-0.14586	0.317953	post-stratified to frame counts on (stratum x size bin x published class); Hajek ratio; 1381 family clusters
catalogue_weighted	family	domain	Archaea	1847	cell_HQ_to_LQ	0.069423	0.00274275	0.163675	0.11829	-0.162421	0.301267	post-stratified to frame counts on (stratum x size bin x published class); Hajek ratio; 1381 family clusters
catalogue_weighted	family	domain	Archaea	1847	cell_MQ_to_HQ	0.172957	0.0672686	0.276244	0.158902	-0.138485	0.484399	post-stratified to frame counts on (stratum x size bin x published class); Hajek ratio; 1381 family clusters
catalogue_weighted	family	domain	Archaea	1847	cell_MQ_to_MQ	0.405539	0.282493	0.521425	0.198965	0.0155751	0.795502	post-stratified to frame counts on (stratum x size bin x published class); Hajek ratio; 1381 family clusters
catalogue_weighted	family	domain	Archaea	1847	cell_MQ_to_LQ	0.196896	0.0884692	0.315292	0.166279	-0.129005	0.522797	post-stratified to frame counts on (stratum x size bin x published class); Hajek ratio; 1381 family clusters
catalogue_weighted	family	domain	Archaea	1847	cell_LQ_to_HQ	0	0	0	0	0	0	post-stratified to frame counts on (stratum x size bin x published class); Hajek ratio; 1381 family clusters
catalogue_weighted	family	domain	Archaea	1847	cell_LQ_to_MQ	0	0	0	0	0	0	post-stratified to frame counts on (stratum x size bin x published class); Hajek ratio; 1381 family clusters
catalogue_weighted	family	domain	Archaea	1847	cell_LQ_to_LQ	0	0	0	0	0	0	post-stratified to frame counts on (stratum x size bin x published class); Hajek ratio; 1381 family clusters
catalogue_weighted	family	domain	Archaea	1847	slope_d_comp_per_log10Mbp	30.6918	14.2723	50.4015				post-stratified to frame counts on (stratum x size bin x published class); Hajek ratio; 1381 family clusters
catalogue_weighted	family	domain	Archaea	1847	slope_d_cont_per_log10Mbp	16.3257	-6.0787	42.2479				post-stratified to frame counts on (stratum x size bin x published class); Hajek ratio; 1381 family clusters
catalogue_weighted	family	domain	Bacteria	16725	p_class_change	0.311864	0.278073	0.347359	0.0163655	0.279788	0.34394	post-stratified to frame counts on (stratum x size bin x published class); Hajek ratio; 1381 family clusters
catalogue_weighted	family	domain	Bacteria	16725	p_downgrade	0.227539	0.196097	0.257841	0.0143954	0.199325	0.255754	post-stratified to frame counts on (stratum x size bin x published class); Hajek ratio; 1381 family clusters
catalogue_weighted	family	domain	Bacteria	16725	p_upgrade	0.0843249	0.0665084	0.103687	0.0113877	0.0620053	0.106644	post-stratified to frame counts on (stratum x size bin x published class); Hajek ratio; 1381 family clusters
catalogue_weighted	family	domain	Bacteria	16725	p_HQ_checkm2	0.322626	0.285871	0.359881	0.0164229	0.290438	0.354814	post-stratified to frame counts on (stratum x size bin x published class); Hajek ratio; 1381 family clusters
catalogue_weighted	family	domain	Bacteria	16725	p_HQ_magicc	0.235681	0.206512	0.265848	0.0159471	0.204426	0.266937	post-stratified to frame counts on (stratum x size bin x published class); Hajek ratio; 1381 family clusters
catalogue_weighted	family	domain	Bacteria	16725	HQ_downgrade_rate	0.530851	0.461279	0.598216	0.0320641	0.468006	0.593695	post-stratified to frame counts on (stratum x size bin x published class); Hajek ratio; 1381 family clusters
catalogue_weighted	family	domain	Bacteria	16725	HQ_to_MQ_rate	0.438732	0.367495	0.507727	0.0310538	0.377867	0.499596	post-stratified to frame counts on (stratum x size bin x published class); Hajek ratio; 1381 family clusters
catalogue_weighted	family	domain	Bacteria	16725	HQ_to_LQ_rate	0.0921189	0.057299	0.130973	0.0189348	0.0550075	0.12923	post-stratified to frame counts on (stratum x size bin x published class); Hajek ratio; 1381 family clusters
catalogue_weighted	family	domain	Bacteria	16725	MQ_to_HQ_rate	0.124782	0.0992502	0.152174	0.0162279	0.0929758	0.156588	post-stratified to frame counts on (stratum x size bin x published class); Hajek ratio; 1381 family clusters
catalogue_weighted	family	domain	Bacteria	16725	MQ_to_LQ_rate	0.0832748	0.0585733	0.110757	0.011903	0.0599453	0.106604	post-stratified to frame counts on (stratum x size bin x published class); Hajek ratio; 1381 family clusters
catalogue_weighted	family	domain	Bacteria	16725	LQ_to_higher_rate	0.00199422	0	1	0.00228618	-0.00248662	0.00647505	post-stratified to frame counts on (stratum x size bin x published class); Hajek ratio; 1381 family clusters
catalogue_weighted	family	domain	Bacteria	16725	cont5_disagreement_rate	0.128614	0.0987279	0.157984	0.0125455	0.104025	0.153203	post-stratified to frame counts on (stratum x size bin x published class); Hajek ratio; 1381 family clusters
catalogue_weighted	family	domain	Bacteria	16725	floor_rate	0.00553755	0.00235618	0.0105689	0.00117646	0.00323174	0.00784337	post-stratified to frame counts on (stratum x size bin x published class); Hajek ratio; 1381 family clusters
catalogue_weighted	family	domain	Bacteria	16725	floor_rate_exact50	0	0	0	0	0	0	post-stratified to frame counts on (stratum x size bin x published class); Hajek ratio; 1381 family clusters
catalogue_weighted	family	domain	Bacteria	16725	mean_d_comp	-2.35314	-3.27976	-1.36378	0.385556	-3.10881	-1.59746	post-stratified to frame counts on (stratum x size bin x published class); Hajek ratio; 1381 family clusters
catalogue_weighted	family	domain	Bacteria	16725	mean_d_cont	0.637878	-0.0819662	1.35697	0.323823	0.00319707	1.27256	post-stratified to frame counts on (stratum x size bin x published class); Hajek ratio; 1381 family clusters
catalogue_weighted	family	domain	Bacteria	16725	mean_comp_checkm2	79.8566	78.5964	81.0666	0.505662	78.8655	80.8477	post-stratified to frame counts on (stratum x size bin x published class); Hajek ratio; 1381 family clusters
catalogue_weighted	family	domain	Bacteria	16725	mean_comp_magicc	77.5035	76.3087	78.7597	0.532165	76.4605	78.5465	post-stratified to frame counts on (stratum x size bin x published class); Hajek ratio; 1381 family clusters
catalogue_weighted	family	domain	Bacteria	16725	mean_cont_checkm2	2.6034	2.43124	2.7952	0.0879818	2.43096	2.77584	post-stratified to frame counts on (stratum x size bin x published class); Hajek ratio; 1381 family clusters
catalogue_weighted	family	domain	Bacteria	16725	mean_cont_magicc	3.24128	2.53769	3.97938	0.325124	2.60405	3.87851	post-stratified to frame counts on (stratum x size bin x published class); Hajek ratio; 1381 family clusters
catalogue_weighted	family	domain	Bacteria	16725	cell_HQ_to_HQ	0.15136	0.123312	0.180666	0.0135194	0.124862	0.177857	post-stratified to frame counts on (stratum x size bin x published class); Hajek ratio; 1381 family clusters
catalogue_weighted	family	domain	Bacteria	16725	cell_HQ_to_MQ	0.141546	0.114558	0.169348	0.0116521	0.118708	0.164384	post-stratified to frame counts on (stratum x size bin x published class); Hajek ratio; 1381 family clusters
catalogue_weighted	family	domain	Bacteria	16725	cell_HQ_to_LQ	0.02972	0.018168	0.041792	0.00631312	0.0173465	0.0420934	post-stratified to frame counts on (stratum x size bin x published class); Hajek ratio; 1381 family clusters
catalogue_weighted	family	domain	Bacteria	16725	cell_MQ_to_HQ	0.0843216	0.0665053	0.103681	0.0113877	0.0620021	0.106641	post-stratified to frame counts on (stratum x size bin x published class); Hajek ratio; 1381 family clusters
catalogue_weighted	family	domain	Bacteria	16725	cell_MQ_to_MQ	0.535157	0.496287	0.571846	0.0169345	0.501966	0.568348	post-stratified to frame counts on (stratum x size bin x published class); Hajek ratio; 1381 family clusters
catalogue_weighted	family	domain	Bacteria	16725	cell_MQ_to_LQ	0.0562731	0.0393761	0.0756183	0.00819795	0.0402055	0.0723408	post-stratified to frame counts on (stratum x size bin x published class); Hajek ratio; 1381 family clusters
catalogue_weighted	family	domain	Bacteria	16725	cell_LQ_to_HQ	0	0	0	0	0	0	post-stratified to frame counts on (stratum x size bin x published class); Hajek ratio; 1381 family clusters
catalogue_weighted	family	domain	Bacteria	16725	cell_LQ_to_MQ	3.23501e-06	0	1.10276e-05	2.88434e-06	-2.4182e-06	8.88822e-06	post-stratified to frame counts on (stratum x size bin x published class); Hajek ratio; 1381 family clusters
catalogue_weighted	family	domain	Bacteria	16725	cell_LQ_to_LQ	0.00161896	0	0.00543739	0.00117254	-0.000679179	0.0039171	post-stratified to frame counts on (stratum x size bin x published class); Hajek ratio; 1381 family clusters
catalogue_weighted	family	domain	Bacteria	16725	slope_d_comp_per_log10Mbp	8.22082	5.22856	11.412				post-stratified to frame counts on (stratum x size bin x published class); Hajek ratio; 1381 family clusters
catalogue_weighted	family	domain	Bacteria	16725	slope_d_cont_per_log10Mbp	-0.506402	-3.22491	2.1659				post-stratified to frame counts on (stratum x size bin x published class); Hajek ratio; 1381 family clusters
catalogue_weighted	family	domain	unclassified	75	p_class_change	0.324198	0.324198	0.324198	3.4108	-6.36085	7.00924	post-stratified to frame counts on (stratum x size bin x published class); Hajek ratio; 1381 family clusters
catalogue_weighted	family	domain	unclassified	75	p_downgrade	0.00457842	0.00457842	0.00457842	0.0196203	-0.0338768	0.0430336	post-stratified to frame counts on (stratum x size bin x published class); Hajek ratio; 1381 family clusters
catalogue_weighted	family	domain	unclassified	75	p_upgrade	0.319619	0.319619	0.319619	3.41074	-6.36532	7.00455	post-stratified to frame counts on (stratum x size bin x published class); Hajek ratio; 1381 family clusters
catalogue_weighted	family	domain	unclassified	75	p_HQ_checkm2	0.000508558	0.000508558	0.000508558	0.00730636	-0.0138116	0.0148288	post-stratified to frame counts on (stratum x size bin x published class); Hajek ratio; 1381 family clusters
catalogue_weighted	family	domain	unclassified	75	p_HQ_magicc	0.320128	0.320128	0.320128	3.41075	-6.36482	7.00508	post-stratified to frame counts on (stratum x size bin x published class); Hajek ratio; 1381 family clusters
catalogue_weighted	family	domain	unclassified	75	HQ_downgrade_rate	0	0	0	0	0	0	post-stratified to frame counts on (stratum x size bin x published class); Hajek ratio; 1381 family clusters
catalogue_weighted	family	domain	unclassified	75	HQ_to_MQ_rate	0	0	0	0	0	0	post-stratified to frame counts on (stratum x size bin x published class); Hajek ratio; 1381 family clusters
catalogue_weighted	family	domain	unclassified	75	HQ_to_LQ_rate	0	0	0	0	0	0	post-stratified to frame counts on (stratum x size bin x published class); Hajek ratio; 1381 family clusters
catalogue_weighted	family	domain	unclassified	75	MQ_to_HQ_rate	0.319782	0.319782	0.319782	3.41248	-6.36856	7.00812	post-stratified to frame counts on (stratum x size bin x published class); Hajek ratio; 1381 family clusters
catalogue_weighted	family	domain	unclassified	75	MQ_to_LQ_rate	0.00458075	0.00458075	0.00458075	0.019629	-0.0338913	0.0430528	post-stratified to frame counts on (stratum x size bin x published class); Hajek ratio; 1381 family clusters
catalogue_weighted	family	domain	unclassified	75	LQ_to_higher_rate	nan	nan	nan	nan	nan	nan	post-stratified to frame counts on (stratum x size bin x published class); Hajek ratio; 1381 family clusters
catalogue_weighted	family	domain	unclassified	75	cont5_disagreement_rate	0.005938	0.005938	0.005938	0.040638	-0.073711	0.085587	post-stratified to frame counts on (stratum x size bin x published class); Hajek ratio; 1381 family clusters
catalogue_weighted	family	domain	unclassified	75	floor_rate	0.0194583	0.0194583	0.0194583	0.0311676	-0.041629	0.0805456	post-stratified to frame counts on (stratum x size bin x published class); Hajek ratio; 1381 family clusters
catalogue_weighted	family	domain	unclassified	75	floor_rate_exact50	0	0	0	0	0	0	post-stratified to frame counts on (stratum x size bin x published class); Hajek ratio; 1381 family clusters
catalogue_weighted	family	domain	unclassified	75	mean_d_comp	23.0605	23.0605	23.0605	96.8524	-166.767	212.888	post-stratified to frame counts on (stratum x size bin x published class); Hajek ratio; 1381 family clusters
catalogue_weighted	family	domain	unclassified	75	mean_d_cont	-1.47315	-1.47315	-1.47315	12.4487	-25.8722	22.9259	post-stratified to frame counts on (stratum x size bin x published class); Hajek ratio; 1381 family clusters
catalogue_weighted	family	domain	unclassified	75	mean_comp_checkm2	56.8407	56.8407	56.8407	4.48594	48.0484	65.6329	post-stratified to frame counts on (stratum x size bin x published class); Hajek ratio; 1381 family clusters
catalogue_weighted	family	domain	unclassified	75	mean_comp_magicc	79.9012	79.9012	79.9012	99.6409	-115.391	275.194	post-stratified to frame counts on (stratum x size bin x published class); Hajek ratio; 1381 family clusters
catalogue_weighted	family	domain	unclassified	75	mean_cont_checkm2	3.77215	3.77215	3.77215	13.6661	-23.013	30.5573	post-stratified to frame counts on (stratum x size bin x published class); Hajek ratio; 1381 family clusters
catalogue_weighted	family	domain	unclassified	75	mean_cont_magicc	2.29899	2.29899	2.29899	22.9627	-42.7072	47.3052	post-stratified to frame counts on (stratum x size bin x published class); Hajek ratio; 1381 family clusters
catalogue_weighted	family	domain	unclassified	75	cell_HQ_to_HQ	0.000508558	0.000508558	0.000508558	0.00730636	-0.0138116	0.0148288	post-stratified to frame counts on (stratum x size bin x published class); Hajek ratio; 1381 family clusters
catalogue_weighted	family	domain	unclassified	75	cell_HQ_to_MQ	0	0	0	0	0	0	post-stratified to frame counts on (stratum x size bin x published class); Hajek ratio; 1381 family clusters
catalogue_weighted	family	domain	unclassified	75	cell_HQ_to_LQ	0	0	0	0	0	0	post-stratified to frame counts on (stratum x size bin x published class); Hajek ratio; 1381 family clusters
catalogue_weighted	family	domain	unclassified	75	cell_MQ_to_HQ	0.319619	0.319619	0.319619	3.41074	-6.36532	7.00455	post-stratified to frame counts on (stratum x size bin x published class); Hajek ratio; 1381 family clusters
catalogue_weighted	family	domain	unclassified	75	cell_MQ_to_MQ	0.675294	0.675294	0.675294	3.41081	-6.00976	7.36035	post-stratified to frame counts on (stratum x size bin x published class); Hajek ratio; 1381 family clusters
catalogue_weighted	family	domain	unclassified	75	cell_MQ_to_LQ	0.00457842	0.00457842	0.00457842	0.0196203	-0.0338768	0.0430336	post-stratified to frame counts on (stratum x size bin x published class); Hajek ratio; 1381 family clusters
catalogue_weighted	family	domain	unclassified	75	cell_LQ_to_HQ	0	0	0	0	0	0	post-stratified to frame counts on (stratum x size bin x published class); Hajek ratio; 1381 family clusters
catalogue_weighted	family	domain	unclassified	75	cell_LQ_to_MQ	0	0	0	0	0	0	post-stratified to frame counts on (stratum x size bin x published class); Hajek ratio; 1381 family clusters
catalogue_weighted	family	domain	unclassified	75	cell_LQ_to_LQ	0	0	0	0	0	0	post-stratified to frame counts on (stratum x size bin x published class); Hajek ratio; 1381 family clusters
catalogue_weighted	family	domain	unclassified	75	slope_d_comp_per_log10Mbp	99.7138	99.7138	99.7138				post-stratified to frame counts on (stratum x size bin x published class); Hajek ratio; 1381 family clusters
catalogue_weighted	family	domain	unclassified	75	slope_d_cont_per_log10Mbp	-8.26953	-8.26953	-8.26953				post-stratified to frame counts on (stratum x size bin x published class); Hajek ratio; 1381 family clusters
catalogue_weighted	family	stratum	S1_small	17201	p_class_change	0.183678	0.154772	0.214599	0.0025393	0.178701	0.188655	post-stratified to frame counts on (stratum x size bin x published class); Hajek ratio; 1381 family clusters
catalogue_weighted	family	stratum	S1_small	17201	p_downgrade	0.167429	0.140824	0.196012	0.00245661	0.162615	0.172244	post-stratified to frame counts on (stratum x size bin x published class); Hajek ratio; 1381 family clusters
catalogue_weighted	family	stratum	S1_small	17201	p_upgrade	0.0162483	0.0116499	0.0220324	0.000804369	0.0146718	0.0178249	post-stratified to frame counts on (stratum x size bin x published class); Hajek ratio; 1381 family clusters
catalogue_weighted	family	stratum	S1_small	17201	p_HQ_checkm2	0.160364	0.130834	0.19236	0.00245156	0.155559	0.165169	post-stratified to frame counts on (stratum x size bin x published class); Hajek ratio; 1381 family clusters
catalogue_weighted	family	stratum	S1_small	17201	p_HQ_magicc	0.0649897	0.0476186	0.0847169	0.00163601	0.0617832	0.0681962	post-stratified to frame counts on (stratum x size bin x published class); Hajek ratio; 1381 family clusters
catalogue_weighted	family	stratum	S1_small	17201	HQ_downgrade_rate	0.695695	0.64319	0.752535	0.00775311	0.680499	0.710891	post-stratified to frame counts on (stratum x size bin x published class); Hajek ratio; 1381 family clusters
catalogue_weighted	family	stratum	S1_small	17201	HQ_to_MQ_rate	0.564574	0.522086	0.612471	0.00835467	0.5482	0.580949	post-stratified to frame counts on (stratum x size bin x published class); Hajek ratio; 1381 family clusters
catalogue_weighted	family	stratum	S1_small	17201	HQ_to_LQ_rate	0.131121	0.101452	0.16363	0.00568757	0.119973	0.142268	post-stratified to frame counts on (stratum x size bin x published class); Hajek ratio; 1381 family clusters
catalogue_weighted	family	stratum	S1_small	17201	MQ_to_HQ_rate	0.0192837	0.0135226	0.0267743	0.000954682	0.0174126	0.0211549	post-stratified to frame counts on (stratum x size bin x published class); Hajek ratio; 1381 family clusters
catalogue_weighted	family	stratum	S1_small	17201	MQ_to_LQ_rate	0.0665395	0.0503497	0.0876418	0.00173013	0.0631485	0.0699305	post-stratified to frame counts on (stratum x size bin x published class); Hajek ratio; 1381 family clusters
catalogue_weighted	family	stratum	S1_small	17201	LQ_to_higher_rate	1	1	1	0	1	1	post-stratified to frame counts on (stratum x size bin x published class); Hajek ratio; 1381 family clusters
catalogue_weighted	family	stratum	S1_small	17201	cont5_disagreement_rate	0.138371	0.110848	0.172003	0.00230889	0.133845	0.142896	post-stratified to frame counts on (stratum x size bin x published class); Hajek ratio; 1381 family clusters
catalogue_weighted	family	stratum	S1_small	17201	floor_rate	0.0809972	0.0559717	0.115497	0.0017371	0.0775925	0.0844018	post-stratified to frame counts on (stratum x size bin x published class); Hajek ratio; 1381 family clusters
catalogue_weighted	family	stratum	S1_small	17201	floor_rate_exact50	0	0	0	0	0	0	post-stratified to frame counts on (stratum x size bin x published class); Hajek ratio; 1381 family clusters
catalogue_weighted	family	stratum	S1_small	17201	mean_d_comp	-8.2056	-9.1816	-7.29479	0.0687976	-8.34044	-8.07076	post-stratified to frame counts on (stratum x size bin x published class); Hajek ratio; 1381 family clusters
catalogue_weighted	family	stratum	S1_small	17201	mean_d_cont	1.17621	0.76278	1.65869	0.0347595	1.10808	1.24434	post-stratified to frame counts on (stratum x size bin x published class); Hajek ratio; 1381 family clusters
catalogue_weighted	family	stratum	S1_small	17201	mean_comp_checkm2	71.1609	69.1055	73.2504	0.101473	70.962	71.3598	post-stratified to frame counts on (stratum x size bin x published class); Hajek ratio; 1381 family clusters
catalogue_weighted	family	stratum	S1_small	17201	mean_comp_magicc	62.9553	61.1705	64.8953	0.0916079	62.7757	63.1348	post-stratified to frame counts on (stratum x size bin x published class); Hajek ratio; 1381 family clusters
catalogue_weighted	family	stratum	S1_small	17201	mean_cont_checkm2	1.34539	1.17574	1.52682	0.0119362	1.322	1.36879	post-stratified to frame counts on (stratum x size bin x published class); Hajek ratio; 1381 family clusters
catalogue_weighted	family	stratum	S1_small	17201	mean_cont_magicc	2.5216	2.07612	3.04201	0.0346781	2.45364	2.58957	post-stratified to frame counts on (stratum x size bin x published class); Hajek ratio; 1381 family clusters
catalogue_weighted	family	stratum	S1_small	17201	cell_HQ_to_HQ	0.0487995	0.0350467	0.0642796	0.00144996	0.0459576	0.0516414	post-stratified to frame counts on (stratum x size bin x published class); Hajek ratio; 1381 family clusters
catalogue_weighted	family	stratum	S1_small	17201	cell_HQ_to_MQ	0.0905373	0.0745425	0.108369	0.00192632	0.0867617	0.0943128	post-stratified to frame counts on (stratum x size bin x published class); Hajek ratio; 1381 family clusters
catalogue_weighted	family	stratum	S1_small	17201	cell_HQ_to_LQ	0.021027	0.0156954	0.027435	0.000967068	0.0191316	0.0229224	post-stratified to frame counts on (stratum x size bin x published class); Hajek ratio; 1381 family clusters
catalogue_weighted	family	stratum	S1_small	17201	cell_MQ_to_HQ	0.0161902	0.0115895	0.0218996	0.000802924	0.0146165	0.0177639	post-stratified to frame counts on (stratum x size bin x published class); Hajek ratio; 1381 family clusters
catalogue_weighted	family	stratum	S1_small	17201	cell_MQ_to_MQ	0.767523	0.727989	0.805192	0.00277297	0.762088	0.772958	post-stratified to frame counts on (stratum x size bin x published class); Hajek ratio; 1381 family clusters
catalogue_weighted	family	stratum	S1_small	17201	cell_MQ_to_LQ	0.0558651	0.0427633	0.0725303	0.00146171	0.0530002	0.05873	post-stratified to frame counts on (stratum x size bin x published class); Hajek ratio; 1381 family clusters
catalogue_weighted	family	stratum	S1_small	17201	cell_LQ_to_HQ	0	0	0	0	0	0	post-stratified to frame counts on (stratum x size bin x published class); Hajek ratio; 1381 family clusters
catalogue_weighted	family	stratum	S1_small	17201	cell_LQ_to_MQ	5.81367e-05	0	0.000196065	4.8984e-05	-3.78702e-05	0.000154144	post-stratified to frame counts on (stratum x size bin x published class); Hajek ratio; 1381 family clusters
catalogue_weighted	family	stratum	S1_small	17201	cell_LQ_to_LQ	0	0	0	0	0	0	post-stratified to frame counts on (stratum x size bin x published class); Hajek ratio; 1381 family clusters
catalogue_weighted	family	stratum	S1_small	17201	slope_d_comp_per_log10Mbp	21.0112	16.1504	25.4784				post-stratified to frame counts on (stratum x size bin x published class); Hajek ratio; 1381 family clusters
catalogue_weighted	family	stratum	S1_small	17201	slope_d_cont_per_log10Mbp	2.16691	0.329568	4.29931				post-stratified to frame counts on (stratum x size bin x published class); Hajek ratio; 1381 family clusters
catalogue_weighted	family	stratum	S2_rare_phylum	554	p_class_change	0.47701	0.431686	0.519804	0.0208573	0.43613	0.517889	post-stratified to frame counts on (stratum x size bin x published class); Hajek ratio; 1381 family clusters
catalogue_weighted	family	stratum	S2_rare_phylum	554	p_downgrade	0.34329	0.295424	0.389047	0.0200133	0.304065	0.382516	post-stratified to frame counts on (stratum x size bin x published class); Hajek ratio; 1381 family clusters
catalogue_weighted	family	stratum	S2_rare_phylum	554	p_upgrade	0.13372	0.103153	0.16659	0.0145087	0.105283	0.162156	post-stratified to frame counts on (stratum x size bin x published class); Hajek ratio; 1381 family clusters
catalogue_weighted	family	stratum	S2_rare_phylum	554	p_HQ_checkm2	0.381034	0.338226	0.421536	0.0203787	0.341092	0.420976	post-stratified to frame counts on (stratum x size bin x published class); Hajek ratio; 1381 family clusters
catalogue_weighted	family	stratum	S2_rare_phylum	554	p_HQ_magicc	0.296942	0.255098	0.343731	0.0192384	0.259236	0.334649	post-stratified to frame counts on (stratum x size bin x published class); Hajek ratio; 1381 family clusters
catalogue_weighted	family	stratum	S2_rare_phylum	554	HQ_downgrade_rate	0.571632	0.494856	0.636934	0.033919	0.505152	0.638112	post-stratified to frame counts on (stratum x size bin x published class); Hajek ratio; 1381 family clusters
catalogue_weighted	family	stratum	S2_rare_phylum	554	HQ_to_MQ_rate	0.352315	0.279388	0.424786	0.0329208	0.287791	0.416838	post-stratified to frame counts on (stratum x size bin x published class); Hajek ratio; 1381 family clusters
catalogue_weighted	family	stratum	S2_rare_phylum	554	HQ_to_LQ_rate	0.219318	0.15762	0.277251	0.0284569	0.163543	0.275092	post-stratified to frame counts on (stratum x size bin x published class); Hajek ratio; 1381 family clusters
catalogue_weighted	family	stratum	S2_rare_phylum	554	MQ_to_HQ_rate	0.216037	0.168987	0.267109	0.0221656	0.172594	0.259481	post-stratified to frame counts on (stratum x size bin x published class); Hajek ratio; 1381 family clusters
catalogue_weighted	family	stratum	S2_rare_phylum	554	MQ_to_LQ_rate	0.202723	0.157023	0.252389	0.0216492	0.160292	0.245155	post-stratified to frame counts on (stratum x size bin x published class); Hajek ratio; 1381 family clusters
catalogue_weighted	family	stratum	S2_rare_phylum	554	LQ_to_higher_rate	nan	nan	nan	nan	nan	nan	post-stratified to frame counts on (stratum x size bin x published class); Hajek ratio; 1381 family clusters
catalogue_weighted	family	stratum	S2_rare_phylum	554	cont5_disagreement_rate	0.267637	0.218629	0.322523	0.0200853	0.22827	0.307003	post-stratified to frame counts on (stratum x size bin x published class); Hajek ratio; 1381 family clusters
catalogue_weighted	family	stratum	S2_rare_phylum	554	floor_rate	0.00206427	0	0.0074467	0.00177069	-0.00140621	0.00553475	post-stratified to frame counts on (stratum x size bin x published class); Hajek ratio; 1381 family clusters
catalogue_weighted	family	stratum	S2_rare_phylum	554	floor_rate_exact50	0	0	0	0	0	0	post-stratified to frame counts on (stratum x size bin x published class); Hajek ratio; 1381 family clusters
catalogue_weighted	family	stratum	S2_rare_phylum	554	mean_d_comp	-0.552137	-2.13104	1.06597	0.635638	-1.79796	0.69369	post-stratified to frame counts on (stratum x size bin x published class); Hajek ratio; 1381 family clusters
catalogue_weighted	family	stratum	S2_rare_phylum	554	mean_d_cont	4.88205	3.422	6.20966	0.602414	3.70134	6.06276	post-stratified to frame counts on (stratum x size bin x published class); Hajek ratio; 1381 family clusters
catalogue_weighted	family	stratum	S2_rare_phylum	554	mean_comp_checkm2	83.0268	81.6319	84.2716	0.599043	81.8527	84.2009	post-stratified to frame counts on (stratum x size bin x published class); Hajek ratio; 1381 family clusters
catalogue_weighted	family	stratum	S2_rare_phylum	554	mean_comp_magicc	82.4747	80.6937	84.1802	0.647394	81.2058	83.7435	post-stratified to frame counts on (stratum x size bin x published class); Hajek ratio; 1381 family clusters
catalogue_weighted	family	stratum	S2_rare_phylum	554	mean_cont_checkm2	2.48002	2.18673	2.80457	0.0974182	2.28909	2.67096	post-stratified to frame counts on (stratum x size bin x published class); Hajek ratio; 1381 family clusters
catalogue_weighted	family	stratum	S2_rare_phylum	554	mean_cont_magicc	7.36207	5.83059	8.71202	0.62166	6.14364	8.5805	post-stratified to frame counts on (stratum x size bin x published class); Hajek ratio; 1381 family clusters
catalogue_weighted	family	stratum	S2_rare_phylum	554	cell_HQ_to_HQ	0.163223	0.132584	0.196588	0.0155236	0.132797	0.193649	post-stratified to frame counts on (stratum x size bin x published class); Hajek ratio; 1381 family clusters
catalogue_weighted	family	stratum	S2_rare_phylum	554	cell_HQ_to_MQ	0.134244	0.103773	0.165291	0.0145087	0.105807	0.16268	post-stratified to frame counts on (stratum x size bin x published class); Hajek ratio; 1381 family clusters
catalogue_weighted	family	stratum	S2_rare_phylum	554	cell_HQ_to_LQ	0.0835675	0.0577621	0.109978	0.0117348	0.0605677	0.106567	post-stratified to frame counts on (stratum x size bin x published class); Hajek ratio; 1381 family clusters
catalogue_weighted	family	stratum	S2_rare_phylum	554	cell_MQ_to_HQ	0.13372	0.103153	0.16659	0.0145087	0.105283	0.162156	post-stratified to frame counts on (stratum x size bin x published class); Hajek ratio; 1381 family clusters
catalogue_weighted	family	stratum	S2_rare_phylum	554	cell_MQ_to_MQ	0.359767	0.314248	0.403584	0.0196733	0.321208	0.398326	post-stratified to frame counts on (stratum x size bin x published class); Hajek ratio; 1381 family clusters
catalogue_weighted	family	stratum	S2_rare_phylum	554	cell_MQ_to_LQ	0.125479	0.0965209	0.157684	0.0141095	0.0978246	0.153133	post-stratified to frame counts on (stratum x size bin x published class); Hajek ratio; 1381 family clusters
catalogue_weighted	family	stratum	S2_rare_phylum	554	cell_LQ_to_HQ	0	0	0	0	0	0	post-stratified to frame counts on (stratum x size bin x published class); Hajek ratio; 1381 family clusters
catalogue_weighted	family	stratum	S2_rare_phylum	554	cell_LQ_to_MQ	0	0	0	0	0	0	post-stratified to frame counts on (stratum x size bin x published class); Hajek ratio; 1381 family clusters
catalogue_weighted	family	stratum	S2_rare_phylum	554	cell_LQ_to_LQ	0	0	0	0	0	0	post-stratified to frame counts on (stratum x size bin x published class); Hajek ratio; 1381 family clusters
catalogue_weighted	family	stratum	S2_rare_phylum	554	slope_d_comp_per_log10Mbp	20.6702	13.8401	28.0472				post-stratified to frame counts on (stratum x size bin x published class); Hajek ratio; 1381 family clusters
catalogue_weighted	family	stratum	S2_rare_phylum	554	slope_d_cont_per_log10Mbp	20.7559	6.87237	31.1125				post-stratified to frame counts on (stratum x size bin x published class); Hajek ratio; 1381 family clusters
catalogue_weighted	family	stratum	S3_main	892	p_class_change	0.334073	0.296721	0.373108	0.0161432	0.302432	0.365713	post-stratified to frame counts on (stratum x size bin x published class); Hajek ratio; 1381 family clusters
catalogue_weighted	family	stratum	S3_main	892	p_downgrade	0.238156	0.205477	0.270866	0.0142557	0.210215	0.266097	post-stratified to frame counts on (stratum x size bin x published class); Hajek ratio; 1381 family clusters
catalogue_weighted	family	stratum	S3_main	892	p_upgrade	0.0959165	0.076691	0.118396	0.0112878	0.0737928	0.11804	post-stratified to frame counts on (stratum x size bin x published class); Hajek ratio; 1381 family clusters
catalogue_weighted	family	stratum	S3_main	892	p_HQ_checkm2	0.320907	0.283367	0.356891	0.0160485	0.289452	0.352361	post-stratified to frame counts on (stratum x size bin x published class); Hajek ratio; 1381 family clusters
catalogue_weighted	family	stratum	S3_main	892	p_HQ_magicc	0.245176	0.214373	0.274807	0.0156057	0.21459	0.275763	post-stratified to frame counts on (stratum x size bin x published class); Hajek ratio; 1381 family clusters
catalogue_weighted	family	stratum	S3_main	892	HQ_downgrade_rate	0.534881	0.466377	0.603766	0.0313596	0.473418	0.596345	post-stratified to frame counts on (stratum x size bin x published class); Hajek ratio; 1381 family clusters
catalogue_weighted	family	stratum	S3_main	892	HQ_to_MQ_rate	0.433506	0.362571	0.507848	0.030317	0.374086	0.492926	post-stratified to frame counts on (stratum x size bin x published class); Hajek ratio; 1381 family clusters
catalogue_weighted	family	stratum	S3_main	892	HQ_to_LQ_rate	0.101375	0.06407	0.146363	0.0192365	0.0636724	0.139078	post-stratified to frame counts on (stratum x size bin x published class); Hajek ratio; 1381 family clusters
catalogue_weighted	family	stratum	S3_main	892	MQ_to_HQ_rate	0.141573	0.113954	0.171998	0.0160059	0.110202	0.172944	post-stratified to frame counts on (stratum x size bin x published class); Hajek ratio; 1381 family clusters
catalogue_weighted	family	stratum	S3_main	892	MQ_to_LQ_rate	0.0981678	0.0691573	0.13071	0.0121979	0.0742603	0.122075	post-stratified to frame counts on (stratum x size bin x published class); Hajek ratio; 1381 family clusters
catalogue_weighted	family	stratum	S3_main	892	LQ_to_higher_rate	0	0	0	0	0	0	post-stratified to frame counts on (stratum x size bin x published class); Hajek ratio; 1381 family clusters
catalogue_weighted	family	stratum	S3_main	892	cont5_disagreement_rate	0.137555	0.107241	0.1694	0.0126781	0.112707	0.162404	post-stratified to frame counts on (stratum x size bin x published class); Hajek ratio; 1381 family clusters
catalogue_weighted	family	stratum	S3_main	892	floor_rate	0.00180805	0	0.0058667	0.00111893	-0.000385021	0.00400111	post-stratified to frame counts on (stratum x size bin x published class); Hajek ratio; 1381 family clusters
catalogue_weighted	family	stratum	S3_main	892	floor_rate_exact50	0	0	0	0	0	0	post-stratified to frame counts on (stratum x size bin x published class); Hajek ratio; 1381 family clusters
catalogue_weighted	family	stratum	S3_main	892	mean_d_comp	-1.81021	-2.77722	-0.801789	0.393112	-2.58069	-1.03972	post-stratified to frame counts on (stratum x size bin x published class); Hajek ratio; 1381 family clusters
catalogue_weighted	family	stratum	S3_main	892	mean_d_cont	0.920015	0.187251	1.72887	0.325413	0.282217	1.55781	post-stratified to frame counts on (stratum x size bin x published class); Hajek ratio; 1381 family clusters
catalogue_weighted	family	stratum	S3_main	892	mean_comp_checkm2	80.1313	78.838	81.3502	0.494807	79.1615	81.1011	post-stratified to frame counts on (stratum x size bin x published class); Hajek ratio; 1381 family clusters
catalogue_weighted	family	stratum	S3_main	892	mean_comp_magicc	78.3211	77.0203	79.6432	0.520671	77.3006	79.3416	post-stratified to frame counts on (stratum x size bin x published class); Hajek ratio; 1381 family clusters
catalogue_weighted	family	stratum	S3_main	892	mean_cont_checkm2	2.67141	2.48814	2.86421	0.0860565	2.50274	2.84008	post-stratified to frame counts on (stratum x size bin x published class); Hajek ratio; 1381 family clusters
catalogue_weighted	family	stratum	S3_main	892	mean_cont_magicc	3.59142	2.88538	4.40852	0.325933	2.95261	4.23024	post-stratified to frame counts on (stratum x size bin x published class); Hajek ratio; 1381 family clusters
catalogue_weighted	family	stratum	S3_main	892	cell_HQ_to_HQ	0.14926	0.121055	0.177985	0.0131032	0.123578	0.174942	post-stratified to frame counts on (stratum x size bin x published class); Hajek ratio; 1381 family clusters
catalogue_weighted	family	stratum	S3_main	892	cell_HQ_to_MQ	0.139115	0.111125	0.167768	0.0113286	0.116911	0.161319	post-stratified to frame counts on (stratum x size bin x published class); Hajek ratio; 1381 family clusters
catalogue_weighted	family	stratum	S3_main	892	cell_HQ_to_LQ	0.032532	0.0200344	0.0476042	0.00640248	0.0199834	0.0450807	post-stratified to frame counts on (stratum x size bin x published class); Hajek ratio; 1381 family clusters
catalogue_weighted	family	stratum	S3_main	892	cell_MQ_to_HQ	0.0959165	0.076691	0.118396	0.0112878	0.0737928	0.11804	post-stratified to frame counts on (stratum x size bin x published class); Hajek ratio; 1381 family clusters
catalogue_weighted	family	stratum	S3_main	892	cell_MQ_to_MQ	0.515079	0.476453	0.552276	0.0165956	0.482553	0.547606	post-stratified to frame counts on (stratum x size bin x published class); Hajek ratio; 1381 family clusters
catalogue_weighted	family	stratum	S3_main	892	cell_MQ_to_LQ	0.0665092	0.0468083	0.0891479	0.00843977	0.0499675	0.0830508	post-stratified to frame counts on (stratum x size bin x published class); Hajek ratio; 1381 family clusters
catalogue_weighted	family	stratum	S3_main	892	cell_LQ_to_HQ	0	0	0	0	0	0	post-stratified to frame counts on (stratum x size bin x published class); Hajek ratio; 1381 family clusters
catalogue_weighted	family	stratum	S3_main	892	cell_LQ_to_MQ	0	0	0	0	0	0	post-stratified to frame counts on (stratum x size bin x published class); Hajek ratio; 1381 family clusters
catalogue_weighted	family	stratum	S3_main	892	cell_LQ_to_LQ	0.00158826	0	0.00513959	0.00111893	-0.000604802	0.00378133	post-stratified to frame counts on (stratum x size bin x published class); Hajek ratio; 1381 family clusters
catalogue_weighted	family	stratum	S3_main	892	slope_d_comp_per_log10Mbp	5.92991	1.45133	10.9693				post-stratified to frame counts on (stratum x size bin x published class); Hajek ratio; 1381 family clusters
catalogue_weighted	family	stratum	S3_main	892	slope_d_cont_per_log10Mbp	-1.628	-5.64999	2.54147				post-stratified to frame counts on (stratum x size bin x published class); Hajek ratio; 1381 family clusters
catalogue_weighted	family	checkm2_class	HQ	3582	p_class_change	0.539648	0.471682	0.608374	0.0499285	0.44179	0.637506	post-stratified to frame counts on (stratum x size bin x published class); Hajek ratio; 1381 family clusters
catalogue_weighted	family	checkm2_class	HQ	3582	p_downgrade	0.539648	0.471682	0.608374	0.0499285	0.44179	0.637506	post-stratified to frame counts on (stratum x size bin x published class); Hajek ratio; 1381 family clusters
catalogue_weighted	family	checkm2_class	HQ	3582	p_upgrade	0	0	0	0	0	0	post-stratified to frame counts on (stratum x size bin x published class); Hajek ratio; 1381 family clusters
catalogue_weighted	family	checkm2_class	HQ	3582	p_HQ_checkm2	1	1	1	0	1	1	post-stratified to frame counts on (stratum x size bin x published class); Hajek ratio; 1381 family clusters
catalogue_weighted	family	checkm2_class	HQ	3582	p_HQ_magicc	0.460352	0.391626	0.528318	0.0499285	0.362494	0.55821	post-stratified to frame counts on (stratum x size bin x published class); Hajek ratio; 1381 family clusters
catalogue_weighted	family	checkm2_class	HQ	3582	HQ_downgrade_rate	0.539648	0.471682	0.608374	0.0499285	0.44179	0.637506	post-stratified to frame counts on (stratum x size bin x published class); Hajek ratio; 1381 family clusters
catalogue_weighted	family	checkm2_class	HQ	3582	HQ_to_MQ_rate	0.435692	0.366086	0.507745	0.0482145	0.341194	0.530191	post-stratified to frame counts on (stratum x size bin x published class); Hajek ratio; 1381 family clusters
catalogue_weighted	family	checkm2_class	HQ	3582	HQ_to_LQ_rate	0.103956	0.0659997	0.145604	0.0307768	0.0436342	0.164277	post-stratified to frame counts on (stratum x size bin x published class); Hajek ratio; 1381 family clusters
catalogue_weighted	family	checkm2_class	HQ	3582	MQ_to_HQ_rate	nan	nan	nan	nan	nan	nan	post-stratified to frame counts on (stratum x size bin x published class); Hajek ratio; 1381 family clusters
catalogue_weighted	family	checkm2_class	HQ	3582	MQ_to_LQ_rate	nan	nan	nan	nan	nan	nan	post-stratified to frame counts on (stratum x size bin x published class); Hajek ratio; 1381 family clusters
catalogue_weighted	family	checkm2_class	HQ	3582	LQ_to_higher_rate	nan	nan	nan	nan	nan	nan	post-stratified to frame counts on (stratum x size bin x published class); Hajek ratio; 1381 family clusters
catalogue_weighted	family	checkm2_class	HQ	3582	cont5_disagreement_rate	0.179828	0.129593	0.236404	0.0384777	0.104413	0.255243	post-stratified to frame counts on (stratum x size bin x published class); Hajek ratio; 1381 family clusters
catalogue_weighted	family	checkm2_class	HQ	3582	floor_rate	1.71867e-05	0	4.83262e-05	2.68523e-05	-3.54428e-05	6.98161e-05	post-stratified to frame counts on (stratum x size bin x published class); Hajek ratio; 1381 family clusters
catalogue_weighted	family	checkm2_class	HQ	3582	floor_rate_exact50	0	0	0	0	0	0	post-stratified to frame counts on (stratum x size bin x published class); Hajek ratio; 1381 family clusters
catalogue_weighted	family	checkm2_class	HQ	3582	mean_d_comp	-5.99725	-7.46923	-4.45818	0.973286	-7.90486	-4.08965	post-stratified to frame counts on (stratum x size bin x published class); Hajek ratio; 1381 family clusters
catalogue_weighted	family	checkm2_class	HQ	3582	mean_d_cont	2.50567	1.4628	3.67496	0.860717	0.818701	4.19265	post-stratified to frame counts on (stratum x size bin x published class); Hajek ratio; 1381 family clusters
catalogue_weighted	family	checkm2_class	HQ	3582	mean_comp_checkm2	95.8953	95.4951	96.2649	0.305674	95.2962	96.4944	post-stratified to frame counts on (stratum x size bin x published class); Hajek ratio; 1381 family clusters
catalogue_weighted	family	checkm2_class	HQ	3582	mean_comp_magicc	89.898	88.3796	91.4123	0.969235	87.9984	91.7977	post-stratified to frame counts on (stratum x size bin x published class); Hajek ratio; 1381 family clusters
catalogue_weighted	family	checkm2_class	HQ	3582	mean_cont_checkm2	1.41052	1.24464	1.59583	0.142952	1.13033	1.6907	post-stratified to frame counts on (stratum x size bin x published class); Hajek ratio; 1381 family clusters
catalogue_weighted	family	checkm2_class	HQ	3582	mean_cont_magicc	3.91619	2.81338	5.12382	0.8778	2.19574	5.63665	post-stratified to frame counts on (stratum x size bin x published class); Hajek ratio; 1381 family clusters
catalogue_weighted	family	checkm2_class	HQ	3582	cell_HQ_to_HQ	0.460352	0.391626	0.528318	0.0499285	0.362494	0.55821	post-stratified to frame counts on (stratum x size bin x published class); Hajek ratio; 1381 family clusters
catalogue_weighted	family	checkm2_class	HQ	3582	cell_HQ_to_MQ	0.435692	0.366086	0.507745	0.0482145	0.341194	0.530191	post-stratified to frame counts on (stratum x size bin x published class); Hajek ratio; 1381 family clusters
catalogue_weighted	family	checkm2_class	HQ	3582	cell_HQ_to_LQ	0.103956	0.0659997	0.145604	0.0307768	0.0436342	0.164277	post-stratified to frame counts on (stratum x size bin x published class); Hajek ratio; 1381 family clusters
catalogue_weighted	family	checkm2_class	HQ	3582	cell_MQ_to_HQ	0	0	0	0	0	0	post-stratified to frame counts on (stratum x size bin x published class); Hajek ratio; 1381 family clusters
catalogue_weighted	family	checkm2_class	HQ	3582	cell_MQ_to_MQ	0	0	0	0	0	0	post-stratified to frame counts on (stratum x size bin x published class); Hajek ratio; 1381 family clusters
catalogue_weighted	family	checkm2_class	HQ	3582	cell_MQ_to_LQ	0	0	0	0	0	0	post-stratified to frame counts on (stratum x size bin x published class); Hajek ratio; 1381 family clusters
catalogue_weighted	family	checkm2_class	HQ	3582	cell_LQ_to_HQ	0	0	0	0	0	0	post-stratified to frame counts on (stratum x size bin x published class); Hajek ratio; 1381 family clusters
catalogue_weighted	family	checkm2_class	HQ	3582	cell_LQ_to_MQ	0	0	0	0	0	0	post-stratified to frame counts on (stratum x size bin x published class); Hajek ratio; 1381 family clusters
catalogue_weighted	family	checkm2_class	HQ	3582	cell_LQ_to_LQ	0	0	0	0	0	0	post-stratified to frame counts on (stratum x size bin x published class); Hajek ratio; 1381 family clusters
catalogue_weighted	family	checkm2_class	HQ	3582	slope_d_comp_per_log10Mbp	10.4762	5.30311	16.4049				post-stratified to frame counts on (stratum x size bin x published class); Hajek ratio; 1381 family clusters
catalogue_weighted	family	checkm2_class	HQ	3582	slope_d_cont_per_log10Mbp	-1.816	-6.16409	2.27298				post-stratified to frame counts on (stratum x size bin x published class); Hajek ratio; 1381 family clusters
catalogue_weighted	family	checkm2_class	MQ	15063	p_class_change	0.232132	0.194318	0.27198	0.0211896	0.190602	0.273663	post-stratified to frame counts on (stratum x size bin x published class); Hajek ratio; 1381 family clusters
catalogue_weighted	family	checkm2_class	MQ	15063	p_downgrade	0.0973741	0.0704626	0.128292	0.0141364	0.0696673	0.125081	post-stratified to frame counts on (stratum x size bin x published class); Hajek ratio; 1381 family clusters
catalogue_weighted	family	checkm2_class	MQ	15063	p_upgrade	0.134758	0.108975	0.162146	0.0184672	0.0985632	0.170953	post-stratified to frame counts on (stratum x size bin x published class); Hajek ratio; 1381 family clusters
catalogue_weighted	family	checkm2_class	MQ	15063	p_HQ_checkm2	0	0	0	0	0	0	post-stratified to frame counts on (stratum x size bin x published class); Hajek ratio; 1381 family clusters
catalogue_weighted	family	checkm2_class	MQ	15063	p_HQ_magicc	0.134758	0.108975	0.162146	0.0184672	0.0985632	0.170953	post-stratified to frame counts on (stratum x size bin x published class); Hajek ratio; 1381 family clusters
catalogue_weighted	family	checkm2_class	MQ	15063	HQ_downgrade_rate	nan	nan	nan	nan	nan	nan	post-stratified to frame counts on (stratum x size bin x published class); Hajek ratio; 1381 family clusters
catalogue_weighted	family	checkm2_class	MQ	15063	HQ_to_MQ_rate	nan	nan	nan	nan	nan	nan	post-stratified to frame counts on (stratum x size bin x published class); Hajek ratio; 1381 family clusters
catalogue_weighted	family	checkm2_class	MQ	15063	HQ_to_LQ_rate	nan	nan	nan	nan	nan	nan	post-stratified to frame counts on (stratum x size bin x published class); Hajek ratio; 1381 family clusters
catalogue_weighted	family	checkm2_class	MQ	15063	MQ_to_HQ_rate	0.134758	0.108975	0.162146	0.0184672	0.0985632	0.170953	post-stratified to frame counts on (stratum x size bin x published class); Hajek ratio; 1381 family clusters
catalogue_weighted	family	checkm2_class	MQ	15063	MQ_to_LQ_rate	0.0973741	0.0704626	0.128292	0.0141364	0.0696673	0.125081	post-stratified to frame counts on (stratum x size bin x published class); Hajek ratio; 1381 family clusters
catalogue_weighted	family	checkm2_class	MQ	15063	LQ_to_higher_rate	nan	nan	nan	nan	nan	nan	post-stratified to frame counts on (stratum x size bin x published class); Hajek ratio; 1381 family clusters
catalogue_weighted	family	checkm2_class	MQ	15063	cont5_disagreement_rate	0.114366	0.0812408	0.14997	0.0157089	0.083577	0.145155	post-stratified to frame counts on (stratum x size bin x published class); Hajek ratio; 1381 family clusters
catalogue_weighted	family	checkm2_class	MQ	15063	floor_rate	0.00854459	0.00413985	0.0149535	0.00191881	0.00478379	0.0123054	post-stratified to frame counts on (stratum x size bin x published class); Hajek ratio; 1381 family clusters
catalogue_weighted	family	checkm2_class	MQ	15063	floor_rate_exact50	0	0	0	0	0	0	post-stratified to frame counts on (stratum x size bin x published class); Hajek ratio; 1381 family clusters
catalogue_weighted	family	checkm2_class	MQ	15063	mean_d_comp	-0.304015	-1.42245	0.796597	0.564274	-1.40997	0.801943	post-stratified to frame counts on (stratum x size bin x published class); Hajek ratio; 1381 family clusters
catalogue_weighted	family	checkm2_class	MQ	15063	mean_d_cont	0.244183	-0.632739	1.18445	0.46663	-0.670395	1.15876	post-stratified to frame counts on (stratum x size bin x published class); Hajek ratio; 1381 family clusters
catalogue_weighted	family	checkm2_class	MQ	15063	mean_comp_checkm2	72.2675	71.0877	73.496	0.612235	71.0676	73.4675	post-stratified to frame counts on (stratum x size bin x published class); Hajek ratio; 1381 family clusters
catalogue_weighted	family	checkm2_class	MQ	15063	mean_comp_magicc	71.9635	70.6429	73.4134	0.704913	70.5819	73.3451	post-stratified to frame counts on (stratum x size bin x published class); Hajek ratio; 1381 family clusters
catalogue_weighted	family	checkm2_class	MQ	15063	mean_cont_checkm2	3.12996	2.90278	3.36602	0.1257	2.88359	3.37633	post-stratified to frame counts on (stratum x size bin x published class); Hajek ratio; 1381 family clusters
catalogue_weighted	family	checkm2_class	MQ	15063	mean_cont_magicc	3.37414	2.56097	4.30922	0.466562	2.4597	4.28859	post-stratified to frame counts on (stratum x size bin x published class); Hajek ratio; 1381 family clusters
catalogue_weighted	family	checkm2_class	MQ	15063	cell_HQ_to_HQ	0	0	0	0	0	0	post-stratified to frame counts on (stratum x size bin x published class); Hajek ratio; 1381 family clusters
catalogue_weighted	family	checkm2_class	MQ	15063	cell_HQ_to_MQ	0	0	0	0	0	0	post-stratified to frame counts on (stratum x size bin x published class); Hajek ratio; 1381 family clusters
catalogue_weighted	family	checkm2_class	MQ	15063	cell_HQ_to_LQ	0	0	0	0	0	0	post-stratified to frame counts on (stratum x size bin x published class); Hajek ratio; 1381 family clusters
catalogue_weighted	family	checkm2_class	MQ	15063	cell_MQ_to_HQ	0.134758	0.108975	0.162146	0.0184672	0.0985632	0.170953	post-stratified to frame counts on (stratum x size bin x published class); Hajek ratio; 1381 family clusters
catalogue_weighted	family	checkm2_class	MQ	15063	cell_MQ_to_MQ	0.767868	0.72802	0.805682	0.0211896	0.726337	0.809398	post-stratified to frame counts on (stratum x size bin x published class); Hajek ratio; 1381 family clusters
catalogue_weighted	family	checkm2_class	MQ	15063	cell_MQ_to_LQ	0.0973741	0.0704626	0.128292	0.0141364	0.0696673	0.125081	post-stratified to frame counts on (stratum x size bin x published class); Hajek ratio; 1381 family clusters
catalogue_weighted	family	checkm2_class	MQ	15063	cell_LQ_to_HQ	0	0	0	0	0	0	post-stratified to frame counts on (stratum x size bin x published class); Hajek ratio; 1381 family clusters
catalogue_weighted	family	checkm2_class	MQ	15063	cell_LQ_to_MQ	0	0	0	0	0	0	post-stratified to frame counts on (stratum x size bin x published class); Hajek ratio; 1381 family clusters
catalogue_weighted	family	checkm2_class	MQ	15063	cell_LQ_to_LQ	0	0	0	0	0	0	post-stratified to frame counts on (stratum x size bin x published class); Hajek ratio; 1381 family clusters
catalogue_weighted	family	checkm2_class	MQ	15063	slope_d_comp_per_log10Mbp	12.8059	8.93279	16.9479				post-stratified to frame counts on (stratum x size bin x published class); Hajek ratio; 1381 family clusters
catalogue_weighted	family	checkm2_class	MQ	15063	slope_d_cont_per_log10Mbp	-2.46917	-6.01278	1.20346				post-stratified to frame counts on (stratum x size bin x published class); Hajek ratio; 1381 family clusters
catalogue_weighted	family	checkm2_class	LQ	2	p_class_change	0.00199422	0	1	0	0.00199422	0.00199422	post-stratified to frame counts on (stratum x size bin x published class); Hajek ratio; 1381 family clusters
catalogue_weighted	family	checkm2_class	LQ	2	p_downgrade	0	0	0	0	0	0	post-stratified to frame counts on (stratum x size bin x published class); Hajek ratio; 1381 family clusters
catalogue_weighted	family	checkm2_class	LQ	2	p_upgrade	0.00199422	0	1	0	0.00199422	0.00199422	post-stratified to frame counts on (stratum x size bin x published class); Hajek ratio; 1381 family clusters
catalogue_weighted	family	checkm2_class	LQ	2	p_HQ_checkm2	0	0	0	0	0	0	post-stratified to frame counts on (stratum x size bin x published class); Hajek ratio; 1381 family clusters
catalogue_weighted	family	checkm2_class	LQ	2	p_HQ_magicc	0	0	0	0	0	0	post-stratified to frame counts on (stratum x size bin x published class); Hajek ratio; 1381 family clusters
catalogue_weighted	family	checkm2_class	LQ	2	HQ_downgrade_rate	nan	nan	nan	nan	nan	nan	post-stratified to frame counts on (stratum x size bin x published class); Hajek ratio; 1381 family clusters
catalogue_weighted	family	checkm2_class	LQ	2	HQ_to_MQ_rate	nan	nan	nan	nan	nan	nan	post-stratified to frame counts on (stratum x size bin x published class); Hajek ratio; 1381 family clusters
catalogue_weighted	family	checkm2_class	LQ	2	HQ_to_LQ_rate	nan	nan	nan	nan	nan	nan	post-stratified to frame counts on (stratum x size bin x published class); Hajek ratio; 1381 family clusters
catalogue_weighted	family	checkm2_class	LQ	2	MQ_to_HQ_rate	nan	nan	nan	nan	nan	nan	post-stratified to frame counts on (stratum x size bin x published class); Hajek ratio; 1381 family clusters
catalogue_weighted	family	checkm2_class	LQ	2	MQ_to_LQ_rate	nan	nan	nan	nan	nan	nan	post-stratified to frame counts on (stratum x size bin x published class); Hajek ratio; 1381 family clusters
catalogue_weighted	family	checkm2_class	LQ	2	LQ_to_higher_rate	0.00199422	0	1	0	0.00199422	0.00199422	post-stratified to frame counts on (stratum x size bin x published class); Hajek ratio; 1381 family clusters
catalogue_weighted	family	checkm2_class	LQ	2	cont5_disagreement_rate	nan	nan	nan	nan	nan	nan	post-stratified to frame counts on (stratum x size bin x published class); Hajek ratio; 1381 family clusters
catalogue_weighted	family	checkm2_class	LQ	2	floor_rate	0	0	0	0	0	0	post-stratified to frame counts on (stratum x size bin x published class); Hajek ratio; 1381 family clusters
catalogue_weighted	family	checkm2_class	LQ	2	floor_rate_exact50	0	0	0	0	0	0	post-stratified to frame counts on (stratum x size bin x published class); Hajek ratio; 1381 family clusters
catalogue_weighted	family	checkm2_class	LQ	2	mean_d_comp	-22.237	-22.2534	-14.0327	0	-22.237	-22.237	post-stratified to frame counts on (stratum x size bin x published class); Hajek ratio; 1381 family clusters
catalogue_weighted	family	checkm2_class	LQ	2	mean_d_cont	20.2803	-8.1687	20.3371	0	20.2803	20.2803	post-stratified to frame counts on (stratum x size bin x published class); Hajek ratio; 1381 family clusters
catalogue_weighted	family	checkm2_class	LQ	2	mean_comp_checkm2	96.0369	74.46	96.08	0	96.0369	96.0369	post-stratified to frame counts on (stratum x size bin x published class); Hajek ratio; 1381 family clusters
catalogue_weighted	family	checkm2_class	LQ	2	mean_comp_magicc	73.7999	60.4273	73.8266	0	73.7999	73.7999	post-stratified to frame counts on (stratum x size bin x published class); Hajek ratio; 1381 family clusters
catalogue_weighted	family	checkm2_class	LQ	2	mean_cont_checkm2	10	10	10	0	10	10	post-stratified to frame counts on (stratum x size bin x published class); Hajek ratio; 1381 family clusters
catalogue_weighted	family	checkm2_class	LQ	2	mean_cont_magicc	30.2803	1.8313	30.3371	0	30.2803	30.2803	post-stratified to frame counts on (stratum x size bin x published class); Hajek ratio; 1381 family clusters
catalogue_weighted	family	checkm2_class	LQ	2	cell_HQ_to_HQ	0	0	0	0	0	0	post-stratified to frame counts on (stratum x size bin x published class); Hajek ratio; 1381 family clusters
catalogue_weighted	family	checkm2_class	LQ	2	cell_HQ_to_MQ	0	0	0	0	0	0	post-stratified to frame counts on (stratum x size bin x published class); Hajek ratio; 1381 family clusters
catalogue_weighted	family	checkm2_class	LQ	2	cell_HQ_to_LQ	0	0	0	0	0	0	post-stratified to frame counts on (stratum x size bin x published class); Hajek ratio; 1381 family clusters
catalogue_weighted	family	checkm2_class	LQ	2	cell_MQ_to_HQ	0	0	0	0	0	0	post-stratified to frame counts on (stratum x size bin x published class); Hajek ratio; 1381 family clusters
catalogue_weighted	family	checkm2_class	LQ	2	cell_MQ_to_MQ	0	0	0	0	0	0	post-stratified to frame counts on (stratum x size bin x published class); Hajek ratio; 1381 family clusters
catalogue_weighted	family	checkm2_class	LQ	2	cell_MQ_to_LQ	0	0	0	0	0	0	post-stratified to frame counts on (stratum x size bin x published class); Hajek ratio; 1381 family clusters
catalogue_weighted	family	checkm2_class	LQ	2	cell_LQ_to_HQ	0	0	0	0	0	0	post-stratified to frame counts on (stratum x size bin x published class); Hajek ratio; 1381 family clusters
catalogue_weighted	family	checkm2_class	LQ	2	cell_LQ_to_MQ	0.00199422	0	1	0	0.00199422	0.00199422	post-stratified to frame counts on (stratum x size bin x published class); Hajek ratio; 1381 family clusters
catalogue_weighted	family	checkm2_class	LQ	2	cell_LQ_to_LQ	0.998006	0	1	0	0.998006	0.998006	post-stratified to frame counts on (stratum x size bin x published class); Hajek ratio; 1381 family clusters
catalogue_weighted	family	checkm2_class	LQ	2	slope_d_comp_per_log10Mbp	-13.3531	-13.3531	-13.3531				post-stratified to frame counts on (stratum x size bin x published class); Hajek ratio; 1381 family clusters
catalogue_weighted	family	checkm2_class	LQ	2	slope_d_cont_per_log10Mbp	46.3028	46.3028	46.3028				post-stratified to frame counts on (stratum x size bin x published class); Hajek ratio; 1381 family clusters
catalogue_weighted	spire_cluster	overall	ALL	18647	p_class_change	0.328182	0.295393	0.362589				post-stratified to frame counts on (stratum x size bin x published class); Hajek ratio; 7301 spire_cluster clusters
catalogue_weighted	spire_cluster	overall	ALL	18647	p_downgrade	0.235863	0.206007	0.268495				post-stratified to frame counts on (stratum x size bin x published class); Hajek ratio; 7301 spire_cluster clusters
catalogue_weighted	spire_cluster	overall	ALL	18647	p_upgrade	0.0923196	0.0747646	0.110307				post-stratified to frame counts on (stratum x size bin x published class); Hajek ratio; 7301 spire_cluster clusters
catalogue_weighted	spire_cluster	overall	ALL	18647	p_HQ_checkm2	0.313457	0.278376	0.347625				post-stratified to frame counts on (stratum x size bin x published class); Hajek ratio; 7301 spire_cluster clusters
catalogue_weighted	spire_cluster	overall	ALL	18647	p_HQ_magicc	0.236617	0.208496	0.26343				post-stratified to frame counts on (stratum x size bin x published class); Hajek ratio; 7301 spire_cluster clusters
catalogue_weighted	spire_cluster	overall	ALL	18647	HQ_downgrade_rate	0.539648	0.477402	0.604194				post-stratified to frame counts on (stratum x size bin x published class); Hajek ratio; 7301 spire_cluster clusters
catalogue_weighted	spire_cluster	overall	ALL	18647	HQ_to_MQ_rate	0.435692	0.372183	0.501934				post-stratified to frame counts on (stratum x size bin x published class); Hajek ratio; 7301 spire_cluster clusters
catalogue_weighted	spire_cluster	overall	ALL	18647	HQ_to_LQ_rate	0.103956	0.0677556	0.144288				post-stratified to frame counts on (stratum x size bin x published class); Hajek ratio; 7301 spire_cluster clusters
catalogue_weighted	spire_cluster	overall	ALL	18647	MQ_to_HQ_rate	0.134758	0.10988	0.160922				post-stratified to frame counts on (stratum x size bin x published class); Hajek ratio; 7301 spire_cluster clusters
catalogue_weighted	spire_cluster	overall	ALL	18647	MQ_to_LQ_rate	0.0973741	0.0729764	0.123292				post-stratified to frame counts on (stratum x size bin x published class); Hajek ratio; 7301 spire_cluster clusters
catalogue_weighted	spire_cluster	overall	ALL	18647	LQ_to_higher_rate	0.00199422	0	1				post-stratified to frame counts on (stratum x size bin x published class); Hajek ratio; 7301 spire_cluster clusters
catalogue_weighted	spire_cluster	overall	ALL	18647	cont5_disagreement_rate	0.139274	0.11373	0.167872				post-stratified to frame counts on (stratum x size bin x published class); Hajek ratio; 7301 spire_cluster clusters
catalogue_weighted	spire_cluster	overall	ALL	18647	floor_rate	0.00585889	0.00324932	0.0101459				post-stratified to frame counts on (stratum x size bin x published class); Hajek ratio; 7301 spire_cluster clusters
catalogue_weighted	spire_cluster	overall	ALL	18647	floor_rate_exact50	0	0	0				post-stratified to frame counts on (stratum x size bin x published class); Hajek ratio; 7301 spire_cluster clusters
catalogue_weighted	spire_cluster	overall	ALL	18647	mean_d_comp	-2.12128	-3.05659	-1.18134				post-stratified to frame counts on (stratum x size bin x published class); Hajek ratio; 7301 spire_cluster clusters
catalogue_weighted	spire_cluster	overall	ALL	18647	mean_d_cont	0.982918	0.357725	1.61224				post-stratified to frame counts on (stratum x size bin x published class); Hajek ratio; 7301 spire_cluster clusters
catalogue_weighted	spire_cluster	overall	ALL	18647	mean_comp_checkm2	79.7092	78.5858	80.7931				post-stratified to frame counts on (stratum x size bin x published class); Hajek ratio; 7301 spire_cluster clusters
catalogue_weighted	spire_cluster	overall	ALL	18647	mean_comp_magicc	77.5879	76.4611	78.7107				post-stratified to frame counts on (stratum x size bin x published class); Hajek ratio; 7301 spire_cluster clusters
catalogue_weighted	spire_cluster	overall	ALL	18647	mean_cont_checkm2	2.60123	2.43606	2.78641				post-stratified to frame counts on (stratum x size bin x published class); Hajek ratio; 7301 spire_cluster clusters
catalogue_weighted	spire_cluster	overall	ALL	18647	mean_cont_magicc	3.58414	2.98158	4.23132				post-stratified to frame counts on (stratum x size bin x published class); Hajek ratio; 7301 spire_cluster clusters
catalogue_weighted	spire_cluster	overall	ALL	18647	cell_HQ_to_HQ	0.1443	0.119083	0.168666				post-stratified to frame counts on (stratum x size bin x published class); Hajek ratio; 7301 spire_cluster clusters
catalogue_weighted	spire_cluster	overall	ALL	18647	cell_HQ_to_MQ	0.136571	0.110911	0.164371				post-stratified to frame counts on (stratum x size bin x published class); Hajek ratio; 7301 spire_cluster clusters
catalogue_weighted	spire_cluster	overall	ALL	18647	cell_HQ_to_LQ	0.0325856	0.0204504	0.0454373				post-stratified to frame counts on (stratum x size bin x published class); Hajek ratio; 7301 spire_cluster clusters
catalogue_weighted	spire_cluster	overall	ALL	18647	cell_MQ_to_HQ	0.0923166	0.0747646	0.110307				post-stratified to frame counts on (stratum x size bin x published class); Hajek ratio; 7301 spire_cluster clusters
catalogue_weighted	spire_cluster	overall	ALL	18647	cell_MQ_to_MQ	0.52603	0.491009	0.560575				post-stratified to frame counts on (stratum x size bin x published class); Hajek ratio; 7301 spire_cluster clusters
catalogue_weighted	spire_cluster	overall	ALL	18647	cell_MQ_to_LQ	0.0667064	0.04984	0.0850307				post-stratified to frame counts on (stratum x size bin x published class); Hajek ratio; 7301 spire_cluster clusters
catalogue_weighted	spire_cluster	overall	ALL	18647	cell_LQ_to_HQ	0	0	0				post-stratified to frame counts on (stratum x size bin x published class); Hajek ratio; 7301 spire_cluster clusters
catalogue_weighted	spire_cluster	overall	ALL	18647	cell_LQ_to_MQ	2.97156e-06	0	9.27806e-06				post-stratified to frame counts on (stratum x size bin x published class); Hajek ratio; 7301 spire_cluster clusters
catalogue_weighted	spire_cluster	overall	ALL	18647	cell_LQ_to_LQ	0.00148712	0	0.0047392				post-stratified to frame counts on (stratum x size bin x published class); Hajek ratio; 7301 spire_cluster clusters
catalogue_weighted	spire_cluster	overall	ALL	18647	slope_d_comp_per_log10Mbp	8.38013	5.46754	11.5471				post-stratified to frame counts on (stratum x size bin x published class); Hajek ratio; 7301 spire_cluster clusters
catalogue_weighted	spire_cluster	overall	ALL	18647	slope_d_cont_per_log10Mbp	-0.882972	-3.39333	1.54878				post-stratified to frame counts on (stratum x size bin x published class); Hajek ratio; 7301 spire_cluster clusters
catalogue_weighted	spire_cluster	size_bin	<1Mb	17201	p_class_change	0.183678	0.168638	0.19939				post-stratified to frame counts on (stratum x size bin x published class); Hajek ratio; 7301 spire_cluster clusters
catalogue_weighted	spire_cluster	size_bin	<1Mb	17201	p_downgrade	0.167429	0.152795	0.182238				post-stratified to frame counts on (stratum x size bin x published class); Hajek ratio; 7301 spire_cluster clusters
catalogue_weighted	spire_cluster	size_bin	<1Mb	17201	p_upgrade	0.0162483	0.0136702	0.0190699				post-stratified to frame counts on (stratum x size bin x published class); Hajek ratio; 7301 spire_cluster clusters
catalogue_weighted	spire_cluster	size_bin	<1Mb	17201	p_HQ_checkm2	0.160364	0.145711	0.175639				post-stratified to frame counts on (stratum x size bin x published class); Hajek ratio; 7301 spire_cluster clusters
catalogue_weighted	spire_cluster	size_bin	<1Mb	17201	p_HQ_magicc	0.0649897	0.055523	0.0751591				post-stratified to frame counts on (stratum x size bin x published class); Hajek ratio; 7301 spire_cluster clusters
catalogue_weighted	spire_cluster	size_bin	<1Mb	17201	HQ_downgrade_rate	0.695695	0.653576	0.736624				post-stratified to frame counts on (stratum x size bin x published class); Hajek ratio; 7301 spire_cluster clusters
catalogue_weighted	spire_cluster	size_bin	<1Mb	17201	HQ_to_MQ_rate	0.564574	0.527974	0.603412				post-stratified to frame counts on (stratum x size bin x published class); Hajek ratio; 7301 spire_cluster clusters
catalogue_weighted	spire_cluster	size_bin	<1Mb	17201	HQ_to_LQ_rate	0.131121	0.109076	0.153474				post-stratified to frame counts on (stratum x size bin x published class); Hajek ratio; 7301 spire_cluster clusters
catalogue_weighted	spire_cluster	size_bin	<1Mb	17201	MQ_to_HQ_rate	0.0192837	0.01612	0.0228516				post-stratified to frame counts on (stratum x size bin x published class); Hajek ratio; 7301 spire_cluster clusters
catalogue_weighted	spire_cluster	size_bin	<1Mb	17201	MQ_to_LQ_rate	0.0665395	0.0573479	0.0762809				post-stratified to frame counts on (stratum x size bin x published class); Hajek ratio; 7301 spire_cluster clusters
catalogue_weighted	spire_cluster	size_bin	<1Mb	17201	LQ_to_higher_rate	1	1	1				post-stratified to frame counts on (stratum x size bin x published class); Hajek ratio; 7301 spire_cluster clusters
catalogue_weighted	spire_cluster	size_bin	<1Mb	17201	cont5_disagreement_rate	0.138371	0.123266	0.154078				post-stratified to frame counts on (stratum x size bin x published class); Hajek ratio; 7301 spire_cluster clusters
catalogue_weighted	spire_cluster	size_bin	<1Mb	17201	floor_rate	0.0809972	0.0629364	0.105835				post-stratified to frame counts on (stratum x size bin x published class); Hajek ratio; 7301 spire_cluster clusters
catalogue_weighted	spire_cluster	size_bin	<1Mb	17201	floor_rate_exact50	0	0	0				post-stratified to frame counts on (stratum x size bin x published class); Hajek ratio; 7301 spire_cluster clusters
catalogue_weighted	spire_cluster	size_bin	<1Mb	17201	mean_d_comp	-8.2056	-8.66187	-7.74028				post-stratified to frame counts on (stratum x size bin x published class); Hajek ratio; 7301 spire_cluster clusters
catalogue_weighted	spire_cluster	size_bin	<1Mb	17201	mean_d_cont	1.17621	0.971972	1.38196				post-stratified to frame counts on (stratum x size bin x published class); Hajek ratio; 7301 spire_cluster clusters
catalogue_weighted	spire_cluster	size_bin	<1Mb	17201	mean_comp_checkm2	71.1609	70.2556	72.0489				post-stratified to frame counts on (stratum x size bin x published class); Hajek ratio; 7301 spire_cluster clusters
catalogue_weighted	spire_cluster	size_bin	<1Mb	17201	mean_comp_magicc	62.9553	62.0618	63.8733				post-stratified to frame counts on (stratum x size bin x published class); Hajek ratio; 7301 spire_cluster clusters
catalogue_weighted	spire_cluster	size_bin	<1Mb	17201	mean_cont_checkm2	1.34539	1.25401	1.43454				post-stratified to frame counts on (stratum x size bin x published class); Hajek ratio; 7301 spire_cluster clusters
catalogue_weighted	spire_cluster	size_bin	<1Mb	17201	mean_cont_magicc	2.5216	2.28385	2.7611				post-stratified to frame counts on (stratum x size bin x published class); Hajek ratio; 7301 spire_cluster clusters
catalogue_weighted	spire_cluster	size_bin	<1Mb	17201	cell_HQ_to_HQ	0.0487995	0.0408386	0.0577762				post-stratified to frame counts on (stratum x size bin x published class); Hajek ratio; 7301 spire_cluster clusters
catalogue_weighted	spire_cluster	size_bin	<1Mb	17201	cell_HQ_to_MQ	0.0905373	0.0806869	0.100394				post-stratified to frame counts on (stratum x size bin x published class); Hajek ratio; 7301 spire_cluster clusters
catalogue_weighted	spire_cluster	size_bin	<1Mb	17201	cell_HQ_to_LQ	0.021027	0.0174288	0.0249371				post-stratified to frame counts on (stratum x size bin x published class); Hajek ratio; 7301 spire_cluster clusters
catalogue_weighted	spire_cluster	size_bin	<1Mb	17201	cell_MQ_to_HQ	0.0161902	0.0136026	0.0189961				post-stratified to frame counts on (stratum x size bin x published class); Hajek ratio; 7301 spire_cluster clusters
catalogue_weighted	spire_cluster	size_bin	<1Mb	17201	cell_MQ_to_MQ	0.767523	0.748929	0.78612				post-stratified to frame counts on (stratum x size bin x published class); Hajek ratio; 7301 spire_cluster clusters
catalogue_weighted	spire_cluster	size_bin	<1Mb	17201	cell_MQ_to_LQ	0.0558651	0.0483588	0.0641144				post-stratified to frame counts on (stratum x size bin x published class); Hajek ratio; 7301 spire_cluster clusters
catalogue_weighted	spire_cluster	size_bin	<1Mb	17201	cell_LQ_to_HQ	0	0	0				post-stratified to frame counts on (stratum x size bin x published class); Hajek ratio; 7301 spire_cluster clusters
catalogue_weighted	spire_cluster	size_bin	<1Mb	17201	cell_LQ_to_MQ	5.81367e-05	0	0.00019118				post-stratified to frame counts on (stratum x size bin x published class); Hajek ratio; 7301 spire_cluster clusters
catalogue_weighted	spire_cluster	size_bin	<1Mb	17201	cell_LQ_to_LQ	0	0	0				post-stratified to frame counts on (stratum x size bin x published class); Hajek ratio; 7301 spire_cluster clusters
catalogue_weighted	spire_cluster	size_bin	<1Mb	17201	slope_d_comp_per_log10Mbp	21.0112	18.108	23.7595				post-stratified to frame counts on (stratum x size bin x published class); Hajek ratio; 7301 spire_cluster clusters
catalogue_weighted	spire_cluster	size_bin	<1Mb	17201	slope_d_cont_per_log10Mbp	2.16691	1.05148	3.34553				post-stratified to frame counts on (stratum x size bin x published class); Hajek ratio; 7301 spire_cluster clusters
catalogue_weighted	spire_cluster	size_bin	1-2Mb	428	p_class_change	0.241002	0.191222	0.292985				post-stratified to frame counts on (stratum x size bin x published class); Hajek ratio; 7301 spire_cluster clusters
catalogue_weighted	spire_cluster	size_bin	1-2Mb	428	p_downgrade	0.170602	0.126989	0.217664				post-stratified to frame counts on (stratum x size bin x published class); Hajek ratio; 7301 spire_cluster clusters
catalogue_weighted	spire_cluster	size_bin	1-2Mb	428	p_upgrade	0.0704008	0.0405296	0.104129				post-stratified to frame counts on (stratum x size bin x published class); Hajek ratio; 7301 spire_cluster clusters
catalogue_weighted	spire_cluster	size_bin	1-2Mb	428	p_HQ_checkm2	0.180925	0.140815	0.227024				post-stratified to frame counts on (stratum x size bin x published class); Hajek ratio; 7301 spire_cluster clusters
catalogue_weighted	spire_cluster	size_bin	1-2Mb	428	p_HQ_magicc	0.176169	0.133229	0.224581				post-stratified to frame counts on (stratum x size bin x published class); Hajek ratio; 7301 spire_cluster clusters
catalogue_weighted	spire_cluster	size_bin	1-2Mb	428	HQ_downgrade_rate	0.415407	0.287734	0.545529				post-stratified to frame counts on (stratum x size bin x published class); Hajek ratio; 7301 spire_cluster clusters
catalogue_weighted	spire_cluster	size_bin	1-2Mb	428	HQ_to_MQ_rate	0.27244	0.15886	0.387733				post-stratified to frame counts on (stratum x size bin x published class); Hajek ratio; 7301 spire_cluster clusters
catalogue_weighted	spire_cluster	size_bin	1-2Mb	428	HQ_to_LQ_rate	0.142967	0.0589199	0.241182				post-stratified to frame counts on (stratum x size bin x published class); Hajek ratio; 7301 spire_cluster clusters
catalogue_weighted	spire_cluster	size_bin	1-2Mb	428	MQ_to_HQ_rate	0.0859516	0.0501902	0.126423				post-stratified to frame counts on (stratum x size bin x published class); Hajek ratio; 7301 spire_cluster clusters
catalogue_weighted	spire_cluster	size_bin	1-2Mb	428	MQ_to_LQ_rate	0.116527	0.0749496	0.160775				post-stratified to frame counts on (stratum x size bin x published class); Hajek ratio; 7301 spire_cluster clusters
catalogue_weighted	spire_cluster	size_bin	1-2Mb	428	LQ_to_higher_rate	nan	nan	nan				post-stratified to frame counts on (stratum x size bin x published class); Hajek ratio; 7301 spire_cluster clusters
catalogue_weighted	spire_cluster	size_bin	1-2Mb	428	cont5_disagreement_rate	0.145331	0.10148	0.194628				post-stratified to frame counts on (stratum x size bin x published class); Hajek ratio; 7301 spire_cluster clusters
catalogue_weighted	spire_cluster	size_bin	1-2Mb	428	floor_rate	0.00416341	0	0.0131661				post-stratified to frame counts on (stratum x size bin x published class); Hajek ratio; 7301 spire_cluster clusters
catalogue_weighted	spire_cluster	size_bin	1-2Mb	428	floor_rate_exact50	0	0	0				post-stratified to frame counts on (stratum x size bin x published class); Hajek ratio; 7301 spire_cluster clusters
catalogue_weighted	spire_cluster	size_bin	1-2Mb	428	mean_d_comp	-1.69452	-3.23588	-0.107868				post-stratified to frame counts on (stratum x size bin x published class); Hajek ratio; 7301 spire_cluster clusters
catalogue_weighted	spire_cluster	size_bin	1-2Mb	428	mean_d_cont	1.59456	0.40965	2.95495				post-stratified to frame counts on (stratum x size bin x published class); Hajek ratio; 7301 spire_cluster clusters
catalogue_weighted	spire_cluster	size_bin	1-2Mb	428	mean_comp_checkm2	74.191	72.3546	76.1531				post-stratified to frame counts on (stratum x size bin x published class); Hajek ratio; 7301 spire_cluster clusters
catalogue_weighted	spire_cluster	size_bin	1-2Mb	428	mean_comp_magicc	72.4964	70.6738	74.4926				post-stratified to frame counts on (stratum x size bin x published class); Hajek ratio; 7301 spire_cluster clusters
catalogue_weighted	spire_cluster	size_bin	1-2Mb	428	mean_cont_checkm2	2.56896	2.26005	2.89036				post-stratified to frame counts on (stratum x size bin x published class); Hajek ratio; 7301 spire_cluster clusters
catalogue_weighted	spire_cluster	size_bin	1-2Mb	428	mean_cont_magicc	4.16352	2.99273	5.53581				post-stratified to frame counts on (stratum x size bin x published class); Hajek ratio; 7301 spire_cluster clusters
catalogue_weighted	spire_cluster	size_bin	1-2Mb	428	cell_HQ_to_HQ	0.105768	0.0748093	0.142055				post-stratified to frame counts on (stratum x size bin x published class); Hajek ratio; 7301 spire_cluster clusters
catalogue_weighted	spire_cluster	size_bin	1-2Mb	428	cell_HQ_to_MQ	0.0492913	0.0270412	0.074875				post-stratified to frame counts on (stratum x size bin x published class); Hajek ratio; 7301 spire_cluster clusters
catalogue_weighted	spire_cluster	size_bin	1-2Mb	428	cell_HQ_to_LQ	0.0258663	0.00990533	0.0454564				post-stratified to frame counts on (stratum x size bin x published class); Hajek ratio; 7301 spire_cluster clusters
catalogue_weighted	spire_cluster	size_bin	1-2Mb	428	cell_MQ_to_HQ	0.0704008	0.0405296	0.104129				post-stratified to frame counts on (stratum x size bin x published class); Hajek ratio; 7301 spire_cluster clusters
catalogue_weighted	spire_cluster	size_bin	1-2Mb	428	cell_MQ_to_MQ	0.65323	0.594429	0.709951				post-stratified to frame counts on (stratum x size bin x published class); Hajek ratio; 7301 spire_cluster clusters
catalogue_weighted	spire_cluster	size_bin	1-2Mb	428	cell_MQ_to_LQ	0.0954441	0.0608817	0.132018				post-stratified to frame counts on (stratum x size bin x published class); Hajek ratio; 7301 spire_cluster clusters
catalogue_weighted	spire_cluster	size_bin	1-2Mb	428	cell_LQ_to_HQ	0	0	0				post-stratified to frame counts on (stratum x size bin x published class); Hajek ratio; 7301 spire_cluster clusters
catalogue_weighted	spire_cluster	size_bin	1-2Mb	428	cell_LQ_to_MQ	0	0	0				post-stratified to frame counts on (stratum x size bin x published class); Hajek ratio; 7301 spire_cluster clusters
catalogue_weighted	spire_cluster	size_bin	1-2Mb	428	cell_LQ_to_LQ	0	0	0				post-stratified to frame counts on (stratum x size bin x published class); Hajek ratio; 7301 spire_cluster clusters
catalogue_weighted	spire_cluster	size_bin	1-2Mb	428	slope_d_comp_per_log10Mbp	12.7935	-5.046	30.2912				post-stratified to frame counts on (stratum x size bin x published class); Hajek ratio; 7301 spire_cluster clusters
catalogue_weighted	spire_cluster	size_bin	1-2Mb	428	slope_d_cont_per_log10Mbp	-7.60584	-22.1783	6.67486				post-stratified to frame counts on (stratum x size bin x published class); Hajek ratio; 7301 spire_cluster clusters
catalogue_weighted	spire_cluster	size_bin	2-3Mb	418	p_class_change	0.383706	0.319925	0.446343				post-stratified to frame counts on (stratum x size bin x published class); Hajek ratio; 7301 spire_cluster clusters
catalogue_weighted	spire_cluster	size_bin	2-3Mb	418	p_downgrade	0.299763	0.236996	0.360346				post-stratified to frame counts on (stratum x size bin x published class); Hajek ratio; 7301 spire_cluster clusters
catalogue_weighted	spire_cluster	size_bin	2-3Mb	418	p_upgrade	0.0839423	0.0538189	0.117921				post-stratified to frame counts on (stratum x size bin x published class); Hajek ratio; 7301 spire_cluster clusters
catalogue_weighted	spire_cluster	size_bin	2-3Mb	418	p_HQ_checkm2	0.401386	0.333668	0.466293				post-stratified to frame counts on (stratum x size bin x published class); Hajek ratio; 7301 spire_cluster clusters
catalogue_weighted	spire_cluster	size_bin	2-3Mb	418	p_HQ_magicc	0.224276	0.171369	0.281998				post-stratified to frame counts on (stratum x size bin x published class); Hajek ratio; 7301 spire_cluster clusters
catalogue_weighted	spire_cluster	size_bin	2-3Mb	418	HQ_downgrade_rate	0.650377	0.536864	0.756886				post-stratified to frame counts on (stratum x size bin x published class); Hajek ratio; 7301 spire_cluster clusters
catalogue_weighted	spire_cluster	size_bin	2-3Mb	418	HQ_to_MQ_rate	0.563054	0.451025	0.675484				post-stratified to frame counts on (stratum x size bin x published class); Hajek ratio; 7301 spire_cluster clusters
catalogue_weighted	spire_cluster	size_bin	2-3Mb	418	HQ_to_LQ_rate	0.0873231	0.028534	0.15844				post-stratified to frame counts on (stratum x size bin x published class); Hajek ratio; 7301 spire_cluster clusters
catalogue_weighted	spire_cluster	size_bin	2-3Mb	418	MQ_to_HQ_rate	0.141191	0.0906905	0.193852				post-stratified to frame counts on (stratum x size bin x published class); Hajek ratio; 7301 spire_cluster clusters
catalogue_weighted	spire_cluster	size_bin	2-3Mb	418	MQ_to_LQ_rate	0.0651113	0.0316193	0.102569				post-stratified to frame counts on (stratum x size bin x published class); Hajek ratio; 7301 spire_cluster clusters
catalogue_weighted	spire_cluster	size_bin	2-3Mb	418	LQ_to_higher_rate	0	0	0				post-stratified to frame counts on (stratum x size bin x published class); Hajek ratio; 7301 spire_cluster clusters
catalogue_weighted	spire_cluster	size_bin	2-3Mb	418	cont5_disagreement_rate	0.128724	0.0830157	0.179264				post-stratified to frame counts on (stratum x size bin x published class); Hajek ratio; 7301 spire_cluster clusters
catalogue_weighted	spire_cluster	size_bin	2-3Mb	418	floor_rate	0	0	0				post-stratified to frame counts on (stratum x size bin x published class); Hajek ratio; 7301 spire_cluster clusters
catalogue_weighted	spire_cluster	size_bin	2-3Mb	418	floor_rate_exact50	0	0	0				post-stratified to frame counts on (stratum x size bin x published class); Hajek ratio; 7301 spire_cluster clusters
catalogue_weighted	spire_cluster	size_bin	2-3Mb	418	mean_d_comp	-3.34808	-4.93745	-1.66087				post-stratified to frame counts on (stratum x size bin x published class); Hajek ratio; 7301 spire_cluster clusters
catalogue_weighted	spire_cluster	size_bin	2-3Mb	418	mean_d_cont	0.28149	-0.628638	1.21639				post-stratified to frame counts on (stratum x size bin x published class); Hajek ratio; 7301 spire_cluster clusters
catalogue_weighted	spire_cluster	size_bin	2-3Mb	418	mean_comp_checkm2	83.0698	81.2014	84.8154				post-stratified to frame counts on (stratum x size bin x published class); Hajek ratio; 7301 spire_cluster clusters
catalogue_weighted	spire_cluster	size_bin	2-3Mb	418	mean_comp_magicc	79.7217	77.9281	81.4343				post-stratified to frame counts on (stratum x size bin x published class); Hajek ratio; 7301 spire_cluster clusters
catalogue_weighted	spire_cluster	size_bin	2-3Mb	418	mean_cont_checkm2	2.5129	2.22678	2.79637				post-stratified to frame counts on (stratum x size bin x published class); Hajek ratio; 7301 spire_cluster clusters
catalogue_weighted	spire_cluster	size_bin	2-3Mb	418	mean_cont_magicc	2.79439	1.92246	3.77331				post-stratified to frame counts on (stratum x size bin x published class); Hajek ratio; 7301 spire_cluster clusters
catalogue_weighted	spire_cluster	size_bin	2-3Mb	418	cell_HQ_to_HQ	0.140334	0.0926119	0.189439				post-stratified to frame counts on (stratum x size bin x published class); Hajek ratio; 7301 spire_cluster clusters
catalogue_weighted	spire_cluster	size_bin	2-3Mb	418	cell_HQ_to_MQ	0.226002	0.169009	0.28497				post-stratified to frame counts on (stratum x size bin x published class); Hajek ratio; 7301 spire_cluster clusters
catalogue_weighted	spire_cluster	size_bin	2-3Mb	418	cell_HQ_to_LQ	0.0350503	0.0117089	0.0638588				post-stratified to frame counts on (stratum x size bin x published class); Hajek ratio; 7301 spire_cluster clusters
catalogue_weighted	spire_cluster	size_bin	2-3Mb	418	cell_MQ_to_HQ	0.0839423	0.0538189	0.117921				post-stratified to frame counts on (stratum x size bin x published class); Hajek ratio; 7301 spire_cluster clusters
catalogue_weighted	spire_cluster	size_bin	2-3Mb	418	cell_MQ_to_MQ	0.471878	0.41198	0.538358				post-stratified to frame counts on (stratum x size bin x published class); Hajek ratio; 7301 spire_cluster clusters
catalogue_weighted	spire_cluster	size_bin	2-3Mb	418	cell_MQ_to_LQ	0.0387107	0.0188706	0.0606797				post-stratified to frame counts on (stratum x size bin x published class); Hajek ratio; 7301 spire_cluster clusters
catalogue_weighted	spire_cluster	size_bin	2-3Mb	418	cell_LQ_to_HQ	0	0	0				post-stratified to frame counts on (stratum x size bin x published class); Hajek ratio; 7301 spire_cluster clusters
catalogue_weighted	spire_cluster	size_bin	2-3Mb	418	cell_LQ_to_MQ	0	0	0				post-stratified to frame counts on (stratum x size bin x published class); Hajek ratio; 7301 spire_cluster clusters
catalogue_weighted	spire_cluster	size_bin	2-3Mb	418	cell_LQ_to_LQ	0.00408244	0	0.0133987				post-stratified to frame counts on (stratum x size bin x published class); Hajek ratio; 7301 spire_cluster clusters
catalogue_weighted	spire_cluster	size_bin	2-3Mb	418	slope_d_comp_per_log10Mbp	14.1758	-14.7836	43.5525				post-stratified to frame counts on (stratum x size bin x published class); Hajek ratio; 7301 spire_cluster clusters
catalogue_weighted	spire_cluster	size_bin	2-3Mb	418	slope_d_cont_per_log10Mbp	-7.22754	-27.0035	12.0289				post-stratified to frame counts on (stratum x size bin x published class); Hajek ratio; 7301 spire_cluster clusters
catalogue_weighted	spire_cluster	size_bin	3-5Mb	464	p_class_change	0.447337	0.390123	0.504854				post-stratified to frame counts on (stratum x size bin x published class); Hajek ratio; 7301 spire_cluster clusters
catalogue_weighted	spire_cluster	size_bin	3-5Mb	464	p_downgrade	0.270566	0.224663	0.321571				post-stratified to frame counts on (stratum x size bin x published class); Hajek ratio; 7301 spire_cluster clusters
catalogue_weighted	spire_cluster	size_bin	3-5Mb	464	p_upgrade	0.17677	0.135194	0.220757				post-stratified to frame counts on (stratum x size bin x published class); Hajek ratio; 7301 spire_cluster clusters
catalogue_weighted	spire_cluster	size_bin	3-5Mb	464	p_HQ_checkm2	0.492648	0.440507	0.548187				post-stratified to frame counts on (stratum x size bin x published class); Hajek ratio; 7301 spire_cluster clusters
catalogue_weighted	spire_cluster	size_bin	3-5Mb	464	p_HQ_magicc	0.443616	0.389191	0.496076				post-stratified to frame counts on (stratum x size bin x published class); Hajek ratio; 7301 spire_cluster clusters
catalogue_weighted	spire_cluster	size_bin	3-5Mb	464	HQ_downgrade_rate	0.458344	0.382461	0.538476				post-stratified to frame counts on (stratum x size bin x published class); Hajek ratio; 7301 spire_cluster clusters
catalogue_weighted	spire_cluster	size_bin	3-5Mb	464	HQ_to_MQ_rate	0.380765	0.305256	0.456936				post-stratified to frame counts on (stratum x size bin x published class); Hajek ratio; 7301 spire_cluster clusters
catalogue_weighted	spire_cluster	size_bin	3-5Mb	464	HQ_to_LQ_rate	0.0775791	0.0405307	0.121129				post-stratified to frame counts on (stratum x size bin x published class); Hajek ratio; 7301 spire_cluster clusters
catalogue_weighted	spire_cluster	size_bin	3-5Mb	464	MQ_to_HQ_rate	0.348418	0.277767	0.421591				post-stratified to frame counts on (stratum x size bin x published class); Hajek ratio; 7301 spire_cluster clusters
catalogue_weighted	spire_cluster	size_bin	3-5Mb	464	MQ_to_LQ_rate	0.0882306	0.0492915	0.133394				post-stratified to frame counts on (stratum x size bin x published class); Hajek ratio; 7301 spire_cluster clusters
catalogue_weighted	spire_cluster	size_bin	3-5Mb	464	LQ_to_higher_rate	nan	nan	nan				post-stratified to frame counts on (stratum x size bin x published class); Hajek ratio; 7301 spire_cluster clusters
catalogue_weighted	spire_cluster	size_bin	3-5Mb	464	cont5_disagreement_rate	0.13441	0.0952621	0.17979				post-stratified to frame counts on (stratum x size bin x published class); Hajek ratio; 7301 spire_cluster clusters
catalogue_weighted	spire_cluster	size_bin	3-5Mb	464	floor_rate	0	0	0				post-stratified to frame counts on (stratum x size bin x published class); Hajek ratio; 7301 spire_cluster clusters
catalogue_weighted	spire_cluster	size_bin	3-5Mb	464	floor_rate_exact50	0	0	0				post-stratified to frame counts on (stratum x size bin x published class); Hajek ratio; 7301 spire_cluster clusters
catalogue_weighted	spire_cluster	size_bin	3-5Mb	464	mean_d_comp	1.00371	-0.104188	2.0928				post-stratified to frame counts on (stratum x size bin x published class); Hajek ratio; 7301 spire_cluster clusters
catalogue_weighted	spire_cluster	size_bin	3-5Mb	464	mean_d_cont	0.137393	-0.621575	0.990743				post-stratified to frame counts on (stratum x size bin x published class); Hajek ratio; 7301 spire_cluster clusters
catalogue_weighted	spire_cluster	size_bin	3-5Mb	464	mean_comp_checkm2	87.8693	86.5465	89.2244				post-stratified to frame counts on (stratum x size bin x published class); Hajek ratio; 7301 spire_cluster clusters
catalogue_weighted	spire_cluster	size_bin	3-5Mb	464	mean_comp_magicc	88.873	87.5566	90.1954				post-stratified to frame counts on (stratum x size bin x published class); Hajek ratio; 7301 spire_cluster clusters
catalogue_weighted	spire_cluster	size_bin	3-5Mb	464	mean_cont_checkm2	3.07139	2.81097	3.33132				post-stratified to frame counts on (stratum x size bin x published class); Hajek ratio; 7301 spire_cluster clusters
catalogue_weighted	spire_cluster	size_bin	3-5Mb	464	mean_cont_magicc	3.20878	2.44648	4.10697				post-stratified to frame counts on (stratum x size bin x published class); Hajek ratio; 7301 spire_cluster clusters
catalogue_weighted	spire_cluster	size_bin	3-5Mb	464	cell_HQ_to_HQ	0.266846	0.219538	0.316546				post-stratified to frame counts on (stratum x size bin x published class); Hajek ratio; 7301 spire_cluster clusters
catalogue_weighted	spire_cluster	size_bin	3-5Mb	464	cell_HQ_to_MQ	0.187583	0.146399	0.232783				post-stratified to frame counts on (stratum x size bin x published class); Hajek ratio; 7301 spire_cluster clusters
catalogue_weighted	spire_cluster	size_bin	3-5Mb	464	cell_HQ_to_LQ	0.0382192	0.0194446	0.0595353				post-stratified to frame counts on (stratum x size bin x published class); Hajek ratio; 7301 spire_cluster clusters
catalogue_weighted	spire_cluster	size_bin	3-5Mb	464	cell_MQ_to_HQ	0.17677	0.135194	0.220757				post-stratified to frame counts on (stratum x size bin x published class); Hajek ratio; 7301 spire_cluster clusters
catalogue_weighted	spire_cluster	size_bin	3-5Mb	464	cell_MQ_to_MQ	0.285817	0.234818	0.335155				post-stratified to frame counts on (stratum x size bin x published class); Hajek ratio; 7301 spire_cluster clusters
catalogue_weighted	spire_cluster	size_bin	3-5Mb	464	cell_MQ_to_LQ	0.044764	0.0245433	0.069276				post-stratified to frame counts on (stratum x size bin x published class); Hajek ratio; 7301 spire_cluster clusters
catalogue_weighted	spire_cluster	size_bin	3-5Mb	464	cell_LQ_to_HQ	0	0	0				post-stratified to frame counts on (stratum x size bin x published class); Hajek ratio; 7301 spire_cluster clusters
catalogue_weighted	spire_cluster	size_bin	3-5Mb	464	cell_LQ_to_MQ	0	0	0				post-stratified to frame counts on (stratum x size bin x published class); Hajek ratio; 7301 spire_cluster clusters
catalogue_weighted	spire_cluster	size_bin	3-5Mb	464	cell_LQ_to_LQ	0	0	0				post-stratified to frame counts on (stratum x size bin x published class); Hajek ratio; 7301 spire_cluster clusters
catalogue_weighted	spire_cluster	size_bin	3-5Mb	464	slope_d_comp_per_log10Mbp	30.3033	13.3322	47.8677				post-stratified to frame counts on (stratum x size bin x published class); Hajek ratio; 7301 spire_cluster clusters
catalogue_weighted	spire_cluster	size_bin	3-5Mb	464	slope_d_cont_per_log10Mbp	14.6594	2.18973	28.7129				post-stratified to frame counts on (stratum x size bin x published class); Hajek ratio; 7301 spire_cluster clusters
catalogue_weighted	spire_cluster	size_bin	>5Mb	136	p_class_change	0.564832	0.47027	0.662717				post-stratified to frame counts on (stratum x size bin x published class); Hajek ratio; 7301 spire_cluster clusters
catalogue_weighted	spire_cluster	size_bin	>5Mb	136	p_downgrade	0.323176	0.236487	0.41983				post-stratified to frame counts on (stratum x size bin x published class); Hajek ratio; 7301 spire_cluster clusters
catalogue_weighted	spire_cluster	size_bin	>5Mb	136	p_upgrade	0.241656	0.157587	0.32458				post-stratified to frame counts on (stratum x size bin x published class); Hajek ratio; 7301 spire_cluster clusters
catalogue_weighted	spire_cluster	size_bin	>5Mb	136	p_HQ_checkm2	0.480861	0.381234	0.575374				post-stratified to frame counts on (stratum x size bin x published class); Hajek ratio; 7301 spire_cluster clusters
catalogue_weighted	spire_cluster	size_bin	>5Mb	136	p_HQ_magicc	0.560343	0.46124	0.662623				post-stratified to frame counts on (stratum x size bin x published class); Hajek ratio; 7301 spire_cluster clusters
catalogue_weighted	spire_cluster	size_bin	>5Mb	136	HQ_downgrade_rate	0.337257	0.20545	0.480896				post-stratified to frame counts on (stratum x size bin x published class); Hajek ratio; 7301 spire_cluster clusters
catalogue_weighted	spire_cluster	size_bin	>5Mb	136	HQ_to_MQ_rate	0.121368	0.0313563	0.224878				post-stratified to frame counts on (stratum x size bin x published class); Hajek ratio; 7301 spire_cluster clusters
catalogue_weighted	spire_cluster	size_bin	>5Mb	136	HQ_to_LQ_rate	0.215888	0.101634	0.341834				post-stratified to frame counts on (stratum x size bin x published class); Hajek ratio; 7301 spire_cluster clusters
catalogue_weighted	spire_cluster	size_bin	>5Mb	136	MQ_to_HQ_rate	0.465494	0.326191	0.606771				post-stratified to frame counts on (stratum x size bin x published class); Hajek ratio; 7301 spire_cluster clusters
catalogue_weighted	spire_cluster	size_bin	>5Mb	136	MQ_to_LQ_rate	0.310133	0.19294	0.448445				post-stratified to frame counts on (stratum x size bin x published class); Hajek ratio; 7301 spire_cluster clusters
catalogue_weighted	spire_cluster	size_bin	>5Mb	136	LQ_to_higher_rate	nan	nan	nan				post-stratified to frame counts on (stratum x size bin x published class); Hajek ratio; 7301 spire_cluster clusters
catalogue_weighted	spire_cluster	size_bin	>5Mb	136	cont5_disagreement_rate	0.27937	0.165995	0.399842				post-stratified to frame counts on (stratum x size bin x published class); Hajek ratio; 7301 spire_cluster clusters
catalogue_weighted	spire_cluster	size_bin	>5Mb	136	floor_rate	0	0	0				post-stratified to frame counts on (stratum x size bin x published class); Hajek ratio; 7301 spire_cluster clusters
catalogue_weighted	spire_cluster	size_bin	>5Mb	136	floor_rate_exact50	0	0	0				post-stratified to frame counts on (stratum x size bin x published class); Hajek ratio; 7301 spire_cluster clusters
catalogue_weighted	spire_cluster	size_bin	>5Mb	136	mean_d_comp	2.9689	1.25261	4.61845				post-stratified to frame counts on (stratum x size bin x published class); Hajek ratio; 7301 spire_cluster clusters
catalogue_weighted	spire_cluster	size_bin	>5Mb	136	mean_d_cont	6.19011	2.85862	9.9088				post-stratified to frame counts on (stratum x size bin x published class); Hajek ratio; 7301 spire_cluster clusters
catalogue_weighted	spire_cluster	size_bin	>5Mb	136	mean_comp_checkm2	91.7772	90.2782	93.3077				post-stratified to frame counts on (stratum x size bin x published class); Hajek ratio; 7301 spire_cluster clusters
catalogue_weighted	spire_cluster	size_bin	>5Mb	136	mean_comp_magicc	94.7461	93.3986	96.0701				post-stratified to frame counts on (stratum x size bin x published class); Hajek ratio; 7301 spire_cluster clusters
catalogue_weighted	spire_cluster	size_bin	>5Mb	136	mean_cont_checkm2	4.33689	3.76787	4.92853				post-stratified to frame counts on (stratum x size bin x published class); Hajek ratio; 7301 spire_cluster clusters
catalogue_weighted	spire_cluster	size_bin	>5Mb	136	mean_cont_magicc	10.527	7.13904	14.1988				post-stratified to frame counts on (stratum x size bin x published class); Hajek ratio; 7301 spire_cluster clusters
catalogue_weighted	spire_cluster	size_bin	>5Mb	136	cell_HQ_to_HQ	0.318688	0.227703	0.409				post-stratified to frame counts on (stratum x size bin x published class); Hajek ratio; 7301 spire_cluster clusters
catalogue_weighted	spire_cluster	size_bin	>5Mb	136	cell_HQ_to_MQ	0.0583614	0.0141452	0.108867				post-stratified to frame counts on (stratum x size bin x published class); Hajek ratio; 7301 spire_cluster clusters
catalogue_weighted	spire_cluster	size_bin	>5Mb	136	cell_HQ_to_LQ	0.103812	0.0451507	0.169968				post-stratified to frame counts on (stratum x size bin x published class); Hajek ratio; 7301 spire_cluster clusters
catalogue_weighted	spire_cluster	size_bin	>5Mb	136	cell_MQ_to_HQ	0.241656	0.157587	0.32458				post-stratified to frame counts on (stratum x size bin x published class); Hajek ratio; 7301 spire_cluster clusters
catalogue_weighted	spire_cluster	size_bin	>5Mb	136	cell_MQ_to_MQ	0.116481	0.0587264	0.185816				post-stratified to frame counts on (stratum x size bin x published class); Hajek ratio; 7301 spire_cluster clusters
catalogue_weighted	spire_cluster	size_bin	>5Mb	136	cell_MQ_to_LQ	0.161002	0.0949875	0.240767				post-stratified to frame counts on (stratum x size bin x published class); Hajek ratio; 7301 spire_cluster clusters
catalogue_weighted	spire_cluster	size_bin	>5Mb	136	cell_LQ_to_HQ	0	0	0				post-stratified to frame counts on (stratum x size bin x published class); Hajek ratio; 7301 spire_cluster clusters
catalogue_weighted	spire_cluster	size_bin	>5Mb	136	cell_LQ_to_MQ	0	0	0				post-stratified to frame counts on (stratum x size bin x published class); Hajek ratio; 7301 spire_cluster clusters
catalogue_weighted	spire_cluster	size_bin	>5Mb	136	cell_LQ_to_LQ	0	0	0				post-stratified to frame counts on (stratum x size bin x published class); Hajek ratio; 7301 spire_cluster clusters
catalogue_weighted	spire_cluster	size_bin	>5Mb	136	slope_d_comp_per_log10Mbp	-2.74513	-17.7613	13.1261				post-stratified to frame counts on (stratum x size bin x published class); Hajek ratio; 7301 spire_cluster clusters
catalogue_weighted	spire_cluster	size_bin	>5Mb	136	slope_d_cont_per_log10Mbp	69.7466	23.8334	110.151				post-stratified to frame counts on (stratum x size bin x published class); Hajek ratio; 7301 spire_cluster clusters
catalogue_weighted_no_nr_adjustment	family	overall	ALL	18647	p_class_change	0.362574	0.330396	0.393363				stratum-level weights only, no post-stratification -- sensitivity check; 1381 family clusters
catalogue_weighted_no_nr_adjustment	family	overall	ALL	18647	p_downgrade	0.237186	0.21061	0.265185				stratum-level weights only, no post-stratification -- sensitivity check; 1381 family clusters
catalogue_weighted_no_nr_adjustment	family	overall	ALL	18647	p_upgrade	0.125389	0.105669	0.146638				stratum-level weights only, no post-stratification -- sensitivity check; 1381 family clusters
catalogue_weighted_no_nr_adjustment	family	overall	ALL	18647	p_HQ_checkm2	0.350924	0.316891	0.382594				stratum-level weights only, no post-stratification -- sensitivity check; 1381 family clusters
catalogue_weighted_no_nr_adjustment	family	overall	ALL	18647	p_HQ_magicc	0.307611	0.276269	0.337653				stratum-level weights only, no post-stratification -- sensitivity check; 1381 family clusters
catalogue_weighted_no_nr_adjustment	family	overall	ALL	18647	HQ_downgrade_rate	0.480728	0.427512	0.538135				stratum-level weights only, no post-stratification -- sensitivity check; 1381 family clusters
catalogue_weighted_no_nr_adjustment	family	overall	ALL	18647	HQ_to_MQ_rate	0.372545	0.324025	0.427453				stratum-level weights only, no post-stratification -- sensitivity check; 1381 family clusters
catalogue_weighted_no_nr_adjustment	family	overall	ALL	18647	HQ_to_LQ_rate	0.108183	0.072882	0.146457				stratum-level weights only, no post-stratification -- sensitivity check; 1381 family clusters
catalogue_weighted_no_nr_adjustment	family	overall	ALL	18647	MQ_to_HQ_rate	0.19349	0.16405	0.224674				stratum-level weights only, no post-stratification -- sensitivity check; 1381 family clusters
catalogue_weighted_no_nr_adjustment	family	overall	ALL	18647	MQ_to_LQ_rate	0.105685	0.0789891	0.134521				stratum-level weights only, no post-stratification -- sensitivity check; 1381 family clusters
catalogue_weighted_no_nr_adjustment	family	overall	ALL	18647	LQ_to_higher_rate	0.00282716	0	1				stratum-level weights only, no post-stratification -- sensitivity check; 1381 family clusters
catalogue_weighted_no_nr_adjustment	family	overall	ALL	18647	cont5_disagreement_rate	0.144795	0.116341	0.174624				stratum-level weights only, no post-stratification -- sensitivity check; 1381 family clusters
catalogue_weighted_no_nr_adjustment	family	overall	ALL	18647	floor_rate	0.00513717	0.00283805	0.00848295				stratum-level weights only, no post-stratification -- sensitivity check; 1381 family clusters
catalogue_weighted_no_nr_adjustment	family	overall	ALL	18647	floor_rate_exact50	0	0	0				stratum-level weights only, no post-stratification -- sensitivity check; 1381 family clusters
catalogue_weighted_no_nr_adjustment	family	overall	ALL	18647	mean_d_comp	-0.976271	-1.73867	-0.213617				stratum-level weights only, no post-stratification -- sensitivity check; 1381 family clusters
catalogue_weighted_no_nr_adjustment	family	overall	ALL	18647	mean_d_cont	1.06771	0.287944	1.90115				stratum-level weights only, no post-stratification -- sensitivity check; 1381 family clusters
catalogue_weighted_no_nr_adjustment	family	overall	ALL	18647	mean_comp_checkm2	82.2097	81.2044	83.1928				stratum-level weights only, no post-stratification -- sensitivity check; 1381 family clusters
catalogue_weighted_no_nr_adjustment	family	overall	ALL	18647	mean_comp_magicc	81.2334	80.1841	82.2942				stratum-level weights only, no post-stratification -- sensitivity check; 1381 family clusters
catalogue_weighted_no_nr_adjustment	family	overall	ALL	18647	mean_cont_checkm2	2.85912	2.69266	3.03939				stratum-level weights only, no post-stratification -- sensitivity check; 1381 family clusters
catalogue_weighted_no_nr_adjustment	family	overall	ALL	18647	mean_cont_magicc	3.92683	3.12553	4.78227				stratum-level weights only, no post-stratification -- sensitivity check; 1381 family clusters
catalogue_weighted_no_nr_adjustment	family	overall	ALL	18647	cell_HQ_to_HQ	0.182225	0.154272	0.210942				stratum-level weights only, no post-stratification -- sensitivity check; 1381 family clusters
catalogue_weighted_no_nr_adjustment	family	overall	ALL	18647	cell_HQ_to_MQ	0.130735	0.110798	0.151				stratum-level weights only, no post-stratification -- sensitivity check; 1381 family clusters
catalogue_weighted_no_nr_adjustment	family	overall	ALL	18647	cell_HQ_to_LQ	0.0379639	0.0258098	0.0509206				stratum-level weights only, no post-stratification -- sensitivity check; 1381 family clusters
catalogue_weighted_no_nr_adjustment	family	overall	ALL	18647	cell_MQ_to_HQ	0.125386	0.105666	0.146638				stratum-level weights only, no post-stratification -- sensitivity check; 1381 family clusters
catalogue_weighted_no_nr_adjustment	family	overall	ALL	18647	cell_MQ_to_MQ	0.454151	0.422817	0.485501				stratum-level weights only, no post-stratification -- sensitivity check; 1381 family clusters
catalogue_weighted_no_nr_adjustment	family	overall	ALL	18647	cell_MQ_to_LQ	0.0684865	0.0505648	0.0872878				stratum-level weights only, no post-stratification -- sensitivity check; 1381 family clusters
catalogue_weighted_no_nr_adjustment	family	overall	ALL	18647	cell_LQ_to_HQ	0	0	0				stratum-level weights only, no post-stratification -- sensitivity check; 1381 family clusters
catalogue_weighted_no_nr_adjustment	family	overall	ALL	18647	cell_LQ_to_MQ	2.97574e-06	0	9.78158e-06				stratum-level weights only, no post-stratification -- sensitivity check; 1381 family clusters
catalogue_weighted_no_nr_adjustment	family	overall	ALL	18647	cell_LQ_to_LQ	0.00104958	0	0.00334392				stratum-level weights only, no post-stratification -- sensitivity check; 1381 family clusters
catalogue_weighted_no_nr_adjustment	family	overall	ALL	18647	slope_d_comp_per_log10Mbp	10.2334	7.5025	12.8459				stratum-level weights only, no post-stratification -- sensitivity check; 1381 family clusters
catalogue_weighted_no_nr_adjustment	family	overall	ALL	18647	slope_d_cont_per_log10Mbp	2.42712	-1.26599	6.26572				stratum-level weights only, no post-stratification -- sensitivity check; 1381 family clusters
catalogue_weighted_no_nr_adjustment	family	size_bin	<1Mb	17201	p_class_change	0.193768	0.165657	0.227427				stratum-level weights only, no post-stratification -- sensitivity check; 1381 family clusters
catalogue_weighted_no_nr_adjustment	family	size_bin	<1Mb	17201	p_downgrade	0.177838	0.151397	0.209555				stratum-level weights only, no post-stratification -- sensitivity check; 1381 family clusters
catalogue_weighted_no_nr_adjustment	family	size_bin	<1Mb	17201	p_upgrade	0.0159293	0.0114882	0.021545				stratum-level weights only, no post-stratification -- sensitivity check; 1381 family clusters
catalogue_weighted_no_nr_adjustment	family	size_bin	<1Mb	17201	p_HQ_checkm2	0.176908	0.146622	0.211127				stratum-level weights only, no post-stratification -- sensitivity check; 1381 family clusters
catalogue_weighted_no_nr_adjustment	family	size_bin	<1Mb	17201	p_HQ_magicc	0.0697052	0.0514207	0.0908307				stratum-level weights only, no post-stratification -- sensitivity check; 1381 family clusters
catalogue_weighted_no_nr_adjustment	family	size_bin	<1Mb	17201	HQ_downgrade_rate	0.695695	0.638255	0.750432				stratum-level weights only, no post-stratification -- sensitivity check; 1381 family clusters
catalogue_weighted_no_nr_adjustment	family	size_bin	<1Mb	17201	HQ_to_MQ_rate	0.564574	0.517454	0.612981				stratum-level weights only, no post-stratification -- sensitivity check; 1381 family clusters
catalogue_weighted_no_nr_adjustment	family	size_bin	<1Mb	17201	HQ_to_LQ_rate	0.131121	0.101776	0.165185				stratum-level weights only, no post-stratification -- sensitivity check; 1381 family clusters
catalogue_weighted_no_nr_adjustment	family	size_bin	<1Mb	17201	MQ_to_HQ_rate	0.0192837	0.0135916	0.0268666				stratum-level weights only, no post-stratification -- sensitivity check; 1381 family clusters
catalogue_weighted_no_nr_adjustment	family	size_bin	<1Mb	17201	MQ_to_LQ_rate	0.0665395	0.0506892	0.0877791				stratum-level weights only, no post-stratification -- sensitivity check; 1381 family clusters
catalogue_weighted_no_nr_adjustment	family	size_bin	<1Mb	17201	LQ_to_higher_rate	1	1	1				stratum-level weights only, no post-stratification -- sensitivity check; 1381 family clusters
catalogue_weighted_no_nr_adjustment	family	size_bin	<1Mb	17201	cont5_disagreement_rate	0.140546	0.112879	0.174656				stratum-level weights only, no post-stratification -- sensitivity check; 1381 family clusters
catalogue_weighted_no_nr_adjustment	family	size_bin	<1Mb	17201	floor_rate	0.079414	0.0539641	0.115496				stratum-level weights only, no post-stratification -- sensitivity check; 1381 family clusters
catalogue_weighted_no_nr_adjustment	family	size_bin	<1Mb	17201	floor_rate_exact50	0	0	0				stratum-level weights only, no post-stratification -- sensitivity check; 1381 family clusters
catalogue_weighted_no_nr_adjustment	family	size_bin	<1Mb	17201	mean_d_comp	-8.30551	-9.29704	-7.31397				stratum-level weights only, no post-stratification -- sensitivity check; 1381 family clusters
catalogue_weighted_no_nr_adjustment	family	size_bin	<1Mb	17201	mean_d_cont	1.2131	0.794483	1.72597				stratum-level weights only, no post-stratification -- sensitivity check; 1381 family clusters
catalogue_weighted_no_nr_adjustment	family	size_bin	<1Mb	17201	mean_comp_checkm2	71.6358	69.6646	73.7006				stratum-level weights only, no post-stratification -- sensitivity check; 1381 family clusters
catalogue_weighted_no_nr_adjustment	family	size_bin	<1Mb	17201	mean_comp_magicc	63.3303	61.5183	65.2657				stratum-level weights only, no post-stratification -- sensitivity check; 1381 family clusters
catalogue_weighted_no_nr_adjustment	family	size_bin	<1Mb	17201	mean_cont_checkm2	1.33787	1.17517	1.52287				stratum-level weights only, no post-stratification -- sensitivity check; 1381 family clusters
catalogue_weighted_no_nr_adjustment	family	size_bin	<1Mb	17201	mean_cont_magicc	2.55097	2.10214	3.11046				stratum-level weights only, no post-stratification -- sensitivity check; 1381 family clusters
catalogue_weighted_no_nr_adjustment	family	size_bin	<1Mb	17201	cell_HQ_to_HQ	0.0538341	0.0390956	0.0708075				stratum-level weights only, no post-stratification -- sensitivity check; 1381 family clusters
catalogue_weighted_no_nr_adjustment	family	size_bin	<1Mb	17201	cell_HQ_to_MQ	0.0998779	0.0826377	0.1207				stratum-level weights only, no post-stratification -- sensitivity check; 1381 family clusters
catalogue_weighted_no_nr_adjustment	family	size_bin	<1Mb	17201	cell_HQ_to_LQ	0.0231963	0.0173058	0.0302462				stratum-level weights only, no post-stratification -- sensitivity check; 1381 family clusters
catalogue_weighted_no_nr_adjustment	family	size_bin	<1Mb	17201	cell_MQ_to_HQ	0.0158712	0.0114228	0.0215133				stratum-level weights only, no post-stratification -- sensitivity check; 1381 family clusters
catalogue_weighted_no_nr_adjustment	family	size_bin	<1Mb	17201	cell_MQ_to_MQ	0.752398	0.710266	0.790843				stratum-level weights only, no post-stratification -- sensitivity check; 1381 family clusters
catalogue_weighted_no_nr_adjustment	family	size_bin	<1Mb	17201	cell_MQ_to_LQ	0.0547643	0.042013	0.0711881				stratum-level weights only, no post-stratification -- sensitivity check; 1381 family clusters
catalogue_weighted_no_nr_adjustment	family	size_bin	<1Mb	17201	cell_LQ_to_HQ	0	0	0				stratum-level weights only, no post-stratification -- sensitivity check; 1381 family clusters
catalogue_weighted_no_nr_adjustment	family	size_bin	<1Mb	17201	cell_LQ_to_MQ	5.81362e-05	0	0.000205191				stratum-level weights only, no post-stratification -- sensitivity check; 1381 family clusters
catalogue_weighted_no_nr_adjustment	family	size_bin	<1Mb	17201	cell_LQ_to_LQ	0	0	0				stratum-level weights only, no post-stratification -- sensitivity check; 1381 family clusters
catalogue_weighted_no_nr_adjustment	family	size_bin	<1Mb	17201	slope_d_comp_per_log10Mbp	21.2855	16.1373	25.9981				stratum-level weights only, no post-stratification -- sensitivity check; 1381 family clusters
catalogue_weighted_no_nr_adjustment	family	size_bin	<1Mb	17201	slope_d_cont_per_log10Mbp	2.2954	0.562126	4.461				stratum-level weights only, no post-stratification -- sensitivity check; 1381 family clusters
catalogue_weighted_no_nr_adjustment	family	size_bin	1-2Mb	428	p_class_change	0.250454	0.194217	0.308204				stratum-level weights only, no post-stratification -- sensitivity check; 1381 family clusters
catalogue_weighted_no_nr_adjustment	family	size_bin	1-2Mb	428	p_downgrade	0.183579	0.139623	0.230473				stratum-level weights only, no post-stratification -- sensitivity check; 1381 family clusters
catalogue_weighted_no_nr_adjustment	family	size_bin	1-2Mb	428	p_upgrade	0.0668749	0.0381916	0.0986872				stratum-level weights only, no post-stratification -- sensitivity check; 1381 family clusters
catalogue_weighted_no_nr_adjustment	family	size_bin	1-2Mb	428	p_HQ_checkm2	0.22229	0.164731	0.284988				stratum-level weights only, no post-stratification -- sensitivity check; 1381 family clusters
catalogue_weighted_no_nr_adjustment	family	size_bin	1-2Mb	428	p_HQ_magicc	0.196325	0.142911	0.252683				stratum-level weights only, no post-stratification -- sensitivity check; 1381 family clusters
catalogue_weighted_no_nr_adjustment	family	size_bin	1-2Mb	428	HQ_downgrade_rate	0.417651	0.282732	0.571535				stratum-level weights only, no post-stratification -- sensitivity check; 1381 family clusters
catalogue_weighted_no_nr_adjustment	family	size_bin	1-2Mb	428	HQ_to_MQ_rate	0.274632	0.161784	0.402321				stratum-level weights only, no post-stratification -- sensitivity check; 1381 family clusters
catalogue_weighted_no_nr_adjustment	family	size_bin	1-2Mb	428	HQ_to_LQ_rate	0.143019	0.0575499	0.246855				stratum-level weights only, no post-stratification -- sensitivity check; 1381 family clusters
catalogue_weighted_no_nr_adjustment	family	size_bin	1-2Mb	428	MQ_to_HQ_rate	0.0859895	0.0493413	0.1265				stratum-level weights only, no post-stratification -- sensitivity check; 1381 family clusters
catalogue_weighted_no_nr_adjustment	family	size_bin	1-2Mb	428	MQ_to_LQ_rate	0.116676	0.076017	0.161384				stratum-level weights only, no post-stratification -- sensitivity check; 1381 family clusters
catalogue_weighted_no_nr_adjustment	family	size_bin	1-2Mb	428	LQ_to_higher_rate	nan	nan	nan				stratum-level weights only, no post-stratification -- sensitivity check; 1381 family clusters
catalogue_weighted_no_nr_adjustment	family	size_bin	1-2Mb	428	cont5_disagreement_rate	0.150014	0.107124	0.200642				stratum-level weights only, no post-stratification -- sensitivity check; 1381 family clusters
catalogue_weighted_no_nr_adjustment	family	size_bin	1-2Mb	428	floor_rate	0.00396347	0	0.0131123				stratum-level weights only, no post-stratification -- sensitivity check; 1381 family clusters
catalogue_weighted_no_nr_adjustment	family	size_bin	1-2Mb	428	floor_rate_exact50	0	0	0				stratum-level weights only, no post-stratification -- sensitivity check; 1381 family clusters
catalogue_weighted_no_nr_adjustment	family	size_bin	1-2Mb	428	mean_d_comp	-1.89973	-3.62144	-0.283191				stratum-level weights only, no post-stratification -- sensitivity check; 1381 family clusters
catalogue_weighted_no_nr_adjustment	family	size_bin	1-2Mb	428	mean_d_cont	1.70243	0.527879	2.93704				stratum-level weights only, no post-stratification -- sensitivity check; 1381 family clusters
catalogue_weighted_no_nr_adjustment	family	size_bin	1-2Mb	428	mean_comp_checkm2	75.3097	72.9319	77.871				stratum-level weights only, no post-stratification -- sensitivity check; 1381 family clusters
catalogue_weighted_no_nr_adjustment	family	size_bin	1-2Mb	428	mean_comp_magicc	73.41	70.9351	76.0806				stratum-level weights only, no post-stratification -- sensitivity check; 1381 family clusters
catalogue_weighted_no_nr_adjustment	family	size_bin	1-2Mb	428	mean_cont_checkm2	2.49425	2.1839	2.78907				stratum-level weights only, no post-stratification -- sensitivity check; 1381 family clusters
catalogue_weighted_no_nr_adjustment	family	size_bin	1-2Mb	428	mean_cont_magicc	4.19667	3.03574	5.46963				stratum-level weights only, no post-stratification -- sensitivity check; 1381 family clusters
catalogue_weighted_no_nr_adjustment	family	size_bin	1-2Mb	428	cell_HQ_to_HQ	0.12945	0.0804303	0.187531				stratum-level weights only, no post-stratification -- sensitivity check; 1381 family clusters
catalogue_weighted_no_nr_adjustment	family	size_bin	1-2Mb	428	cell_HQ_to_MQ	0.0610481	0.0340037	0.0902895				stratum-level weights only, no post-stratification -- sensitivity check; 1381 family clusters
catalogue_weighted_no_nr_adjustment	family	size_bin	1-2Mb	428	cell_HQ_to_LQ	0.0317917	0.0128408	0.0550513				stratum-level weights only, no post-stratification -- sensitivity check; 1381 family clusters
catalogue_weighted_no_nr_adjustment	family	size_bin	1-2Mb	428	cell_MQ_to_HQ	0.0668749	0.0381916	0.0986872				stratum-level weights only, no post-stratification -- sensitivity check; 1381 family clusters
catalogue_weighted_no_nr_adjustment	family	size_bin	1-2Mb	428	cell_MQ_to_MQ	0.620095	0.550127	0.68729				stratum-level weights only, no post-stratification -- sensitivity check; 1381 family clusters
catalogue_weighted_no_nr_adjustment	family	size_bin	1-2Mb	428	cell_MQ_to_LQ	0.0907397	0.0589389	0.124194				stratum-level weights only, no post-stratification -- sensitivity check; 1381 family clusters
catalogue_weighted_no_nr_adjustment	family	size_bin	1-2Mb	428	cell_LQ_to_HQ	0	0	0				stratum-level weights only, no post-stratification -- sensitivity check; 1381 family clusters
catalogue_weighted_no_nr_adjustment	family	size_bin	1-2Mb	428	cell_LQ_to_MQ	0	0	0				stratum-level weights only, no post-stratification -- sensitivity check; 1381 family clusters
catalogue_weighted_no_nr_adjustment	family	size_bin	1-2Mb	428	cell_LQ_to_LQ	0	0	0				stratum-level weights only, no post-stratification -- sensitivity check; 1381 family clusters
catalogue_weighted_no_nr_adjustment	family	size_bin	1-2Mb	428	slope_d_comp_per_log10Mbp	13.3297	-1.20815	29.2243				stratum-level weights only, no post-stratification -- sensitivity check; 1381 family clusters
catalogue_weighted_no_nr_adjustment	family	size_bin	1-2Mb	428	slope_d_cont_per_log10Mbp	-7.00075	-21.3258	7.70838				stratum-level weights only, no post-stratification -- sensitivity check; 1381 family clusters
catalogue_weighted_no_nr_adjustment	family	size_bin	2-3Mb	418	p_class_change	0.333298	0.274023	0.395362				stratum-level weights only, no post-stratification -- sensitivity check; 1381 family clusters
catalogue_weighted_no_nr_adjustment	family	size_bin	2-3Mb	418	p_downgrade	0.233415	0.179429	0.288594				stratum-level weights only, no post-stratification -- sensitivity check; 1381 family clusters
catalogue_weighted_no_nr_adjustment	family	size_bin	2-3Mb	418	p_upgrade	0.0998834	0.064469	0.139715				stratum-level weights only, no post-stratification -- sensitivity check; 1381 family clusters
catalogue_weighted_no_nr_adjustment	family	size_bin	2-3Mb	418	p_HQ_checkm2	0.288724	0.232784	0.350183				stratum-level weights only, no post-stratification -- sensitivity check; 1381 family clusters
catalogue_weighted_no_nr_adjustment	family	size_bin	2-3Mb	418	p_HQ_magicc	0.20127	0.153237	0.248373				stratum-level weights only, no post-stratification -- sensitivity check; 1381 family clusters
catalogue_weighted_no_nr_adjustment	family	size_bin	2-3Mb	418	HQ_downgrade_rate	0.648844	0.532202	0.762421				stratum-level weights only, no post-stratification -- sensitivity check; 1381 family clusters
catalogue_weighted_no_nr_adjustment	family	size_bin	2-3Mb	418	HQ_to_MQ_rate	0.561209	0.443983	0.687758				stratum-level weights only, no post-stratification -- sensitivity check; 1381 family clusters
catalogue_weighted_no_nr_adjustment	family	size_bin	2-3Mb	418	HQ_to_LQ_rate	0.0876358	0.0292316	0.156764				stratum-level weights only, no post-stratification -- sensitivity check; 1381 family clusters
catalogue_weighted_no_nr_adjustment	family	size_bin	2-3Mb	418	MQ_to_HQ_rate	0.141239	0.0921344	0.193222				stratum-level weights only, no post-stratification -- sensitivity check; 1381 family clusters
catalogue_weighted_no_nr_adjustment	family	size_bin	2-3Mb	418	MQ_to_LQ_rate	0.0651568	0.026375	0.112212				stratum-level weights only, no post-stratification -- sensitivity check; 1381 family clusters
catalogue_weighted_no_nr_adjustment	family	size_bin	2-3Mb	418	LQ_to_higher_rate	0	0	0				stratum-level weights only, no post-stratification -- sensitivity check; 1381 family clusters
catalogue_weighted_no_nr_adjustment	family	size_bin	2-3Mb	418	cont5_disagreement_rate	0.121787	0.072627	0.173834				stratum-level weights only, no post-stratification -- sensitivity check; 1381 family clusters
catalogue_weighted_no_nr_adjustment	family	size_bin	2-3Mb	418	floor_rate	0	0	0				stratum-level weights only, no post-stratification -- sensitivity check; 1381 family clusters
catalogue_weighted_no_nr_adjustment	family	size_bin	2-3Mb	418	floor_rate_exact50	0	0	0				stratum-level weights only, no post-stratification -- sensitivity check; 1381 family clusters
catalogue_weighted_no_nr_adjustment	family	size_bin	2-3Mb	418	mean_d_comp	-2.44541	-4.00219	-0.868363				stratum-level weights only, no post-stratification -- sensitivity check; 1381 family clusters
catalogue_weighted_no_nr_adjustment	family	size_bin	2-3Mb	418	mean_d_cont	-0.112833	-0.95578	0.807416				stratum-level weights only, no post-stratification -- sensitivity check; 1381 family clusters
catalogue_weighted_no_nr_adjustment	family	size_bin	2-3Mb	418	mean_comp_checkm2	80.7147	79.0736	82.341				stratum-level weights only, no post-stratification -- sensitivity check; 1381 family clusters
catalogue_weighted_no_nr_adjustment	family	size_bin	2-3Mb	418	mean_comp_magicc	78.2693	76.4874	79.8424				stratum-level weights only, no post-stratification -- sensitivity check; 1381 family clusters
catalogue_weighted_no_nr_adjustment	family	size_bin	2-3Mb	418	mean_cont_checkm2	2.72662	2.4042	3.07154				stratum-level weights only, no post-stratification -- sensitivity check; 1381 family clusters
catalogue_weighted_no_nr_adjustment	family	size_bin	2-3Mb	418	mean_cont_magicc	2.61379	1.78719	3.54878				stratum-level weights only, no post-stratification -- sensitivity check; 1381 family clusters
catalogue_weighted_no_nr_adjustment	family	size_bin	2-3Mb	418	cell_HQ_to_HQ	0.101387	0.0627439	0.141175				stratum-level weights only, no post-stratification -- sensitivity check; 1381 family clusters
catalogue_weighted_no_nr_adjustment	family	size_bin	2-3Mb	418	cell_HQ_to_MQ	0.162034	0.116393	0.210207				stratum-level weights only, no post-stratification -- sensitivity check; 1381 family clusters
catalogue_weighted_no_nr_adjustment	family	size_bin	2-3Mb	418	cell_HQ_to_LQ	0.0253025	0.00845996	0.0456085				stratum-level weights only, no post-stratification -- sensitivity check; 1381 family clusters
catalogue_weighted_no_nr_adjustment	family	size_bin	2-3Mb	418	cell_MQ_to_HQ	0.0998834	0.064469	0.139715				stratum-level weights only, no post-stratification -- sensitivity check; 1381 family clusters
catalogue_weighted_no_nr_adjustment	family	size_bin	2-3Mb	418	cell_MQ_to_MQ	0.56123	0.49631	0.626223				stratum-level weights only, no post-stratification -- sensitivity check; 1381 family clusters
catalogue_weighted_no_nr_adjustment	family	size_bin	2-3Mb	418	cell_MQ_to_LQ	0.0460784	0.0188006	0.0799054				stratum-level weights only, no post-stratification -- sensitivity check; 1381 family clusters
catalogue_weighted_no_nr_adjustment	family	size_bin	2-3Mb	418	cell_LQ_to_HQ	0	0	0				stratum-level weights only, no post-stratification -- sensitivity check; 1381 family clusters
catalogue_weighted_no_nr_adjustment	family	size_bin	2-3Mb	418	cell_LQ_to_MQ	0	0	0				stratum-level weights only, no post-stratification -- sensitivity check; 1381 family clusters
catalogue_weighted_no_nr_adjustment	family	size_bin	2-3Mb	418	cell_LQ_to_LQ	0.00408442	0	0.0136763				stratum-level weights only, no post-stratification -- sensitivity check; 1381 family clusters
catalogue_weighted_no_nr_adjustment	family	size_bin	2-3Mb	418	slope_d_comp_per_log10Mbp	14.805	-12.6726	42.1831				stratum-level weights only, no post-stratification -- sensitivity check; 1381 family clusters
catalogue_weighted_no_nr_adjustment	family	size_bin	2-3Mb	418	slope_d_cont_per_log10Mbp	-6.69499	-23.5477	10.2222				stratum-level weights only, no post-stratification -- sensitivity check; 1381 family clusters
catalogue_weighted_no_nr_adjustment	family	size_bin	3-5Mb	464	p_class_change	0.446108	0.386083	0.506633				stratum-level weights only, no post-stratification -- sensitivity check; 1381 family clusters
catalogue_weighted_no_nr_adjustment	family	size_bin	3-5Mb	464	p_downgrade	0.272022	0.220848	0.32363				stratum-level weights only, no post-stratification -- sensitivity check; 1381 family clusters
catalogue_weighted_no_nr_adjustment	family	size_bin	3-5Mb	464	p_upgrade	0.174087	0.130067	0.223887				stratum-level weights only, no post-stratification -- sensitivity check; 1381 family clusters
catalogue_weighted_no_nr_adjustment	family	size_bin	3-5Mb	464	p_HQ_checkm2	0.49909	0.440873	0.554813				stratum-level weights only, no post-stratification -- sensitivity check; 1381 family clusters
catalogue_weighted_no_nr_adjustment	family	size_bin	3-5Mb	464	p_HQ_magicc	0.444639	0.381416	0.509136				stratum-level weights only, no post-stratification -- sensitivity check; 1381 family clusters
catalogue_weighted_no_nr_adjustment	family	size_bin	3-5Mb	464	HQ_downgrade_rate	0.457909	0.374367	0.545232				stratum-level weights only, no post-stratification -- sensitivity check; 1381 family clusters
catalogue_weighted_no_nr_adjustment	family	size_bin	3-5Mb	464	HQ_to_MQ_rate	0.383314	0.302884	0.466514				stratum-level weights only, no post-stratification -- sensitivity check; 1381 family clusters
catalogue_weighted_no_nr_adjustment	family	size_bin	3-5Mb	464	HQ_to_LQ_rate	0.0745953	0.0327153	0.12403				stratum-level weights only, no post-stratification -- sensitivity check; 1381 family clusters
catalogue_weighted_no_nr_adjustment	family	size_bin	3-5Mb	464	MQ_to_HQ_rate	0.347541	0.266219	0.433132				stratum-level weights only, no post-stratification -- sensitivity check; 1381 family clusters
catalogue_weighted_no_nr_adjustment	family	size_bin	3-5Mb	464	MQ_to_LQ_rate	0.0868091	0.038726	0.137998				stratum-level weights only, no post-stratification -- sensitivity check; 1381 family clusters
catalogue_weighted_no_nr_adjustment	family	size_bin	3-5Mb	464	LQ_to_higher_rate	nan	nan	nan				stratum-level weights only, no post-stratification -- sensitivity check; 1381 family clusters
catalogue_weighted_no_nr_adjustment	family	size_bin	3-5Mb	464	cont5_disagreement_rate	0.132632	0.0894876	0.181246				stratum-level weights only, no post-stratification -- sensitivity check; 1381 family clusters
catalogue_weighted_no_nr_adjustment	family	size_bin	3-5Mb	464	floor_rate	0	0	0				stratum-level weights only, no post-stratification -- sensitivity check; 1381 family clusters
catalogue_weighted_no_nr_adjustment	family	size_bin	3-5Mb	464	floor_rate_exact50	0	0	0				stratum-level weights only, no post-stratification -- sensitivity check; 1381 family clusters
catalogue_weighted_no_nr_adjustment	family	size_bin	3-5Mb	464	mean_d_comp	0.911637	-0.323881	2.25345				stratum-level weights only, no post-stratification -- sensitivity check; 1381 family clusters
catalogue_weighted_no_nr_adjustment	family	size_bin	3-5Mb	464	mean_d_cont	0.0960716	-0.815921	1.10802				stratum-level weights only, no post-stratification -- sensitivity check; 1381 family clusters
catalogue_weighted_no_nr_adjustment	family	size_bin	3-5Mb	464	mean_comp_checkm2	87.9949	86.5488	89.3006				stratum-level weights only, no post-stratification -- sensitivity check; 1381 family clusters
catalogue_weighted_no_nr_adjustment	family	size_bin	3-5Mb	464	mean_comp_magicc	88.9066	87.551	90.2462				stratum-level weights only, no post-stratification -- sensitivity check; 1381 family clusters
catalogue_weighted_no_nr_adjustment	family	size_bin	3-5Mb	464	mean_cont_checkm2	3.05721	2.76838	3.36945				stratum-level weights only, no post-stratification -- sensitivity check; 1381 family clusters
catalogue_weighted_no_nr_adjustment	family	size_bin	3-5Mb	464	mean_cont_magicc	3.15328	2.27118	4.2187				stratum-level weights only, no post-stratification -- sensitivity check; 1381 family clusters
catalogue_weighted_no_nr_adjustment	family	size_bin	3-5Mb	464	cell_HQ_to_HQ	0.270552	0.216487	0.327252				stratum-level weights only, no post-stratification -- sensitivity check; 1381 family clusters
catalogue_weighted_no_nr_adjustment	family	size_bin	3-5Mb	464	cell_HQ_to_MQ	0.191308	0.148748	0.234973				stratum-level weights only, no post-stratification -- sensitivity check; 1381 family clusters
catalogue_weighted_no_nr_adjustment	family	size_bin	3-5Mb	464	cell_HQ_to_LQ	0.0372298	0.0164079	0.0627122				stratum-level weights only, no post-stratification -- sensitivity check; 1381 family clusters
catalogue_weighted_no_nr_adjustment	family	size_bin	3-5Mb	464	cell_MQ_to_HQ	0.174087	0.130067	0.223887				stratum-level weights only, no post-stratification -- sensitivity check; 1381 family clusters
catalogue_weighted_no_nr_adjustment	family	size_bin	3-5Mb	464	cell_MQ_to_MQ	0.283339	0.234683	0.332034				stratum-level weights only, no post-stratification -- sensitivity check; 1381 family clusters
catalogue_weighted_no_nr_adjustment	family	size_bin	3-5Mb	464	cell_MQ_to_LQ	0.0434835	0.019026	0.070646				stratum-level weights only, no post-stratification -- sensitivity check; 1381 family clusters
catalogue_weighted_no_nr_adjustment	family	size_bin	3-5Mb	464	cell_LQ_to_HQ	0	0	0				stratum-level weights only, no post-stratification -- sensitivity check; 1381 family clusters
catalogue_weighted_no_nr_adjustment	family	size_bin	3-5Mb	464	cell_LQ_to_MQ	0	0	0				stratum-level weights only, no post-stratification -- sensitivity check; 1381 family clusters
catalogue_weighted_no_nr_adjustment	family	size_bin	3-5Mb	464	cell_LQ_to_LQ	0	0	0				stratum-level weights only, no post-stratification -- sensitivity check; 1381 family clusters
catalogue_weighted_no_nr_adjustment	family	size_bin	3-5Mb	464	slope_d_comp_per_log10Mbp	30.515	12.5089	49.2847				stratum-level weights only, no post-stratification -- sensitivity check; 1381 family clusters
catalogue_weighted_no_nr_adjustment	family	size_bin	3-5Mb	464	slope_d_cont_per_log10Mbp	14.4335	3.11117	28.474				stratum-level weights only, no post-stratification -- sensitivity check; 1381 family clusters
catalogue_weighted_no_nr_adjustment	family	size_bin	>5Mb	136	p_class_change	0.563213	0.45206	0.680198				stratum-level weights only, no post-stratification -- sensitivity check; 1381 family clusters
catalogue_weighted_no_nr_adjustment	family	size_bin	>5Mb	136	p_downgrade	0.311731	0.213373	0.428074				stratum-level weights only, no post-stratification -- sensitivity check; 1381 family clusters
catalogue_weighted_no_nr_adjustment	family	size_bin	>5Mb	136	p_upgrade	0.251482	0.148591	0.363691				stratum-level weights only, no post-stratification -- sensitivity check; 1381 family clusters
catalogue_weighted_no_nr_adjustment	family	size_bin	>5Mb	136	p_HQ_checkm2	0.470817	0.357441	0.580722				stratum-level weights only, no post-stratification -- sensitivity check; 1381 family clusters
catalogue_weighted_no_nr_adjustment	family	size_bin	>5Mb	136	p_HQ_magicc	0.567729	0.447847	0.685568				stratum-level weights only, no post-stratification -- sensitivity check; 1381 family clusters
catalogue_weighted_no_nr_adjustment	family	size_bin	>5Mb	136	HQ_downgrade_rate	0.328303	0.209264	0.462557				stratum-level weights only, no post-stratification -- sensitivity check; 1381 family clusters
catalogue_weighted_no_nr_adjustment	family	size_bin	>5Mb	136	HQ_to_MQ_rate	0.117465	0.0324268	0.20945				stratum-level weights only, no post-stratification -- sensitivity check; 1381 family clusters
catalogue_weighted_no_nr_adjustment	family	size_bin	>5Mb	136	HQ_to_LQ_rate	0.210837	0.094528	0.349545				stratum-level weights only, no post-stratification -- sensitivity check; 1381 family clusters
catalogue_weighted_no_nr_adjustment	family	size_bin	>5Mb	136	MQ_to_HQ_rate	0.475228	0.306006	0.647598				stratum-level weights only, no post-stratification -- sensitivity check; 1381 family clusters
catalogue_weighted_no_nr_adjustment	family	size_bin	>5Mb	136	MQ_to_LQ_rate	0.296987	0.15319	0.468466				stratum-level weights only, no post-stratification -- sensitivity check; 1381 family clusters
catalogue_weighted_no_nr_adjustment	family	size_bin	>5Mb	136	LQ_to_higher_rate	nan	nan	nan				stratum-level weights only, no post-stratification -- sensitivity check; 1381 family clusters
catalogue_weighted_no_nr_adjustment	family	size_bin	>5Mb	136	cont5_disagreement_rate	0.272075	0.151571	0.418659				stratum-level weights only, no post-stratification -- sensitivity check; 1381 family clusters
catalogue_weighted_no_nr_adjustment	family	size_bin	>5Mb	136	floor_rate	0	0	0				stratum-level weights only, no post-stratification -- sensitivity check; 1381 family clusters
catalogue_weighted_no_nr_adjustment	family	size_bin	>5Mb	136	floor_rate_exact50	0	0	0				stratum-level weights only, no post-stratification -- sensitivity check; 1381 family clusters
catalogue_weighted_no_nr_adjustment	family	size_bin	>5Mb	136	mean_d_comp	3.05752	0.803902	5.25774				stratum-level weights only, no post-stratification -- sensitivity check; 1381 family clusters
catalogue_weighted_no_nr_adjustment	family	size_bin	>5Mb	136	mean_d_cont	5.62316	1.76926	10.6986				stratum-level weights only, no post-stratification -- sensitivity check; 1381 family clusters
catalogue_weighted_no_nr_adjustment	family	size_bin	>5Mb	136	mean_comp_checkm2	91.671	90.036	93.2662				stratum-level weights only, no post-stratification -- sensitivity check; 1381 family clusters
catalogue_weighted_no_nr_adjustment	family	size_bin	>5Mb	136	mean_comp_magicc	94.7285	93.0561	96.398				stratum-level weights only, no post-stratification -- sensitivity check; 1381 family clusters
catalogue_weighted_no_nr_adjustment	family	size_bin	>5Mb	136	mean_cont_checkm2	4.37464	3.64413	5.13256				stratum-level weights only, no post-stratification -- sensitivity check; 1381 family clusters
catalogue_weighted_no_nr_adjustment	family	size_bin	>5Mb	136	mean_cont_magicc	9.9978	5.99959	15.1175				stratum-level weights only, no post-stratification -- sensitivity check; 1381 family clusters
catalogue_weighted_no_nr_adjustment	family	size_bin	>5Mb	136	cell_HQ_to_HQ	0.316247	0.213667	0.422008				stratum-level weights only, no post-stratification -- sensitivity check; 1381 family clusters
catalogue_weighted_no_nr_adjustment	family	size_bin	>5Mb	136	cell_HQ_to_MQ	0.0553047	0.0143321	0.0988454				stratum-level weights only, no post-stratification -- sensitivity check; 1381 family clusters
catalogue_weighted_no_nr_adjustment	family	size_bin	>5Mb	136	cell_HQ_to_LQ	0.0992659	0.042393	0.165905				stratum-level weights only, no post-stratification -- sensitivity check; 1381 family clusters
catalogue_weighted_no_nr_adjustment	family	size_bin	>5Mb	136	cell_MQ_to_HQ	0.251482	0.148591	0.363691				stratum-level weights only, no post-stratification -- sensitivity check; 1381 family clusters
catalogue_weighted_no_nr_adjustment	family	size_bin	>5Mb	136	cell_MQ_to_MQ	0.12054	0.051388	0.193097				stratum-level weights only, no post-stratification -- sensitivity check; 1381 family clusters
catalogue_weighted_no_nr_adjustment	family	size_bin	>5Mb	136	cell_MQ_to_LQ	0.15716	0.07567	0.264869				stratum-level weights only, no post-stratification -- sensitivity check; 1381 family clusters
catalogue_weighted_no_nr_adjustment	family	size_bin	>5Mb	136	cell_LQ_to_HQ	0	0	0				stratum-level weights only, no post-stratification -- sensitivity check; 1381 family clusters
catalogue_weighted_no_nr_adjustment	family	size_bin	>5Mb	136	cell_LQ_to_MQ	0	0	0				stratum-level weights only, no post-stratification -- sensitivity check; 1381 family clusters
catalogue_weighted_no_nr_adjustment	family	size_bin	>5Mb	136	cell_LQ_to_LQ	0	0	0				stratum-level weights only, no post-stratification -- sensitivity check; 1381 family clusters
catalogue_weighted_no_nr_adjustment	family	size_bin	>5Mb	136	slope_d_comp_per_log10Mbp	-4.02693	-21.0348	13.9797				stratum-level weights only, no post-stratification -- sensitivity check; 1381 family clusters
catalogue_weighted_no_nr_adjustment	family	size_bin	>5Mb	136	slope_d_cont_per_log10Mbp	68.141	21.5401	116.915				stratum-level weights only, no post-stratification -- sensitivity check; 1381 family clusters
catalogue_weighted_no_nr_adjustment	family	lineage_reduction	<-1 (>=2x reduced)	6405	p_class_change	0.0326585	0.0167271	0.05548				stratum-level weights only, no post-stratification -- sensitivity check; 1381 family clusters
catalogue_weighted_no_nr_adjustment	family	lineage_reduction	<-1 (>=2x reduced)	6405	p_downgrade	0.0287815	0.0158437	0.04659				stratum-level weights only, no post-stratification -- sensitivity check; 1381 family clusters
catalogue_weighted_no_nr_adjustment	family	lineage_reduction	<-1 (>=2x reduced)	6405	p_upgrade	0.00387704	0.000187419	0.010947				stratum-level weights only, no post-stratification -- sensitivity check; 1381 family clusters
catalogue_weighted_no_nr_adjustment	family	lineage_reduction	<-1 (>=2x reduced)	6405	p_HQ_checkm2	0.0237909	0.00508205	0.0521858				stratum-level weights only, no post-stratification -- sensitivity check; 1381 family clusters
catalogue_weighted_no_nr_adjustment	family	lineage_reduction	<-1 (>=2x reduced)	6405	p_HQ_magicc	0.0144508	0.000560375	0.0363989				stratum-level weights only, no post-stratification -- sensitivity check; 1381 family clusters
catalogue_weighted_no_nr_adjustment	family	lineage_reduction	<-1 (>=2x reduced)	6405	HQ_downgrade_rate	0.555556	0.43611	0.95576				stratum-level weights only, no post-stratification -- sensitivity check; 1381 family clusters
catalogue_weighted_no_nr_adjustment	family	lineage_reduction	<-1 (>=2x reduced)	6405	HQ_to_MQ_rate	0.522222	0.411333	0.873244				stratum-level weights only, no post-stratification -- sensitivity check; 1381 family clusters
catalogue_weighted_no_nr_adjustment	family	lineage_reduction	<-1 (>=2x reduced)	6405	HQ_to_LQ_rate	0.0333333	0.00558454	0.179487				stratum-level weights only, no post-stratification -- sensitivity check; 1381 family clusters
catalogue_weighted_no_nr_adjustment	family	lineage_reduction	<-1 (>=2x reduced)	6405	MQ_to_HQ_rate	0.00397152	0.000188785	0.0114712				stratum-level weights only, no post-stratification -- sensitivity check; 1381 family clusters
catalogue_weighted_no_nr_adjustment	family	lineage_reduction	<-1 (>=2x reduced)	6405	MQ_to_LQ_rate	0.0159436	0.00763126	0.0281342				stratum-level weights only, no post-stratification -- sensitivity check; 1381 family clusters
catalogue_weighted_no_nr_adjustment	family	lineage_reduction	<-1 (>=2x reduced)	6405	LQ_to_higher_rate	nan	nan	nan				stratum-level weights only, no post-stratification -- sensitivity check; 1381 family clusters
catalogue_weighted_no_nr_adjustment	family	lineage_reduction	<-1 (>=2x reduced)	6405	cont5_disagreement_rate	0.0279809	0.0149768	0.0474237				stratum-level weights only, no post-stratification -- sensitivity check; 1381 family clusters
catalogue_weighted_no_nr_adjustment	family	lineage_reduction	<-1 (>=2x reduced)	6405	floor_rate	0.0983357	0.0592676	0.156964				stratum-level weights only, no post-stratification -- sensitivity check; 1381 family clusters
catalogue_weighted_no_nr_adjustment	family	lineage_reduction	<-1 (>=2x reduced)	6405	floor_rate_exact50	0	0	0				stratum-level weights only, no post-stratification -- sensitivity check; 1381 family clusters
catalogue_weighted_no_nr_adjustment	family	lineage_reduction	<-1 (>=2x reduced)	6405	mean_d_comp	-2.95693	-6.25529	0.0915305				stratum-level weights only, no post-stratification -- sensitivity check; 1381 family clusters
catalogue_weighted_no_nr_adjustment	family	lineage_reduction	<-1 (>=2x reduced)	6405	mean_d_cont	-0.526302	-1.15321	0.113869				stratum-level weights only, no post-stratification -- sensitivity check; 1381 family clusters
catalogue_weighted_no_nr_adjustment	family	lineage_reduction	<-1 (>=2x reduced)	6405	mean_comp_checkm2	62.8228	59.1926	66.5376				stratum-level weights only, no post-stratification -- sensitivity check; 1381 family clusters
catalogue_weighted_no_nr_adjustment	family	lineage_reduction	<-1 (>=2x reduced)	6405	mean_comp_magicc	59.8659	56.4165	63.0789				stratum-level weights only, no post-stratification -- sensitivity check; 1381 family clusters
catalogue_weighted_no_nr_adjustment	family	lineage_reduction	<-1 (>=2x reduced)	6405	mean_cont_checkm2	1.44625	0.894678	2.03616				stratum-level weights only, no post-stratification -- sensitivity check; 1381 family clusters
catalogue_weighted_no_nr_adjustment	family	lineage_reduction	<-1 (>=2x reduced)	6405	mean_cont_magicc	0.919945	0.635914	1.28981				stratum-level weights only, no post-stratification -- sensitivity check; 1381 family clusters
catalogue_weighted_no_nr_adjustment	family	lineage_reduction	<-1 (>=2x reduced)	6405	cell_HQ_to_HQ	0.0105737	0.000269057	0.0272122				stratum-level weights only, no post-stratification -- sensitivity check; 1381 family clusters
catalogue_weighted_no_nr_adjustment	family	lineage_reduction	<-1 (>=2x reduced)	6405	cell_HQ_to_MQ	0.0124241	0.00379056	0.0250086				stratum-level weights only, no post-stratification -- sensitivity check; 1381 family clusters
catalogue_weighted_no_nr_adjustment	family	lineage_reduction	<-1 (>=2x reduced)	6405	cell_HQ_to_LQ	0.00079303	0.000151823	0.00166729				stratum-level weights only, no post-stratification -- sensitivity check; 1381 family clusters
catalogue_weighted_no_nr_adjustment	family	lineage_reduction	<-1 (>=2x reduced)	6405	cell_MQ_to_HQ	0.00387704	0.000187419	0.010947				stratum-level weights only, no post-stratification -- sensitivity check; 1381 family clusters
catalogue_weighted_no_nr_adjustment	family	lineage_reduction	<-1 (>=2x reduced)	6405	cell_MQ_to_MQ	0.956768	0.919682	0.981922				stratum-level weights only, no post-stratification -- sensitivity check; 1381 family clusters
catalogue_weighted_no_nr_adjustment	family	lineage_reduction	<-1 (>=2x reduced)	6405	cell_MQ_to_LQ	0.0155643	0.00747957	0.0275852				stratum-level weights only, no post-stratification -- sensitivity check; 1381 family clusters
catalogue_weighted_no_nr_adjustment	family	lineage_reduction	<-1 (>=2x reduced)	6405	cell_LQ_to_HQ	0	0	0				stratum-level weights only, no post-stratification -- sensitivity check; 1381 family clusters
catalogue_weighted_no_nr_adjustment	family	lineage_reduction	<-1 (>=2x reduced)	6405	cell_LQ_to_MQ	0	0	0				stratum-level weights only, no post-stratification -- sensitivity check; 1381 family clusters
catalogue_weighted_no_nr_adjustment	family	lineage_reduction	<-1 (>=2x reduced)	6405	cell_LQ_to_LQ	0	0	0				stratum-level weights only, no post-stratification -- sensitivity check; 1381 family clusters
catalogue_weighted_no_nr_adjustment	family	lineage_reduction	<-1 (>=2x reduced)	6405	slope_d_comp_per_log10Mbp	27.0205	6.20008	41.9258				stratum-level weights only, no post-stratification -- sensitivity check; 1381 family clusters
catalogue_weighted_no_nr_adjustment	family	lineage_reduction	<-1 (>=2x reduced)	6405	slope_d_cont_per_log10Mbp	-2.35759	-7.38189	0.661018				stratum-level weights only, no post-stratification -- sensitivity check; 1381 family clusters
catalogue_weighted_no_nr_adjustment	family	lineage_reduction	-1 to -0.5	4082	p_class_change	0.136358	0.0708513	0.210208				stratum-level weights only, no post-stratification -- sensitivity check; 1381 family clusters
catalogue_weighted_no_nr_adjustment	family	lineage_reduction	-1 to -0.5	4082	p_downgrade	0.113426	0.0533536	0.179958				stratum-level weights only, no post-stratification -- sensitivity check; 1381 family clusters
catalogue_weighted_no_nr_adjustment	family	lineage_reduction	-1 to -0.5	4082	p_upgrade	0.0229317	0	0.0597368				stratum-level weights only, no post-stratification -- sensitivity check; 1381 family clusters
catalogue_weighted_no_nr_adjustment	family	lineage_reduction	-1 to -0.5	4082	p_HQ_checkm2	0.119894	0.0523124	0.191389				stratum-level weights only, no post-stratification -- sensitivity check; 1381 family clusters
catalogue_weighted_no_nr_adjustment	family	lineage_reduction	-1 to -0.5	4082	p_HQ_magicc	0.0807317	0.0294475	0.141529				stratum-level weights only, no post-stratification -- sensitivity check; 1381 family clusters
catalogue_weighted_no_nr_adjustment	family	lineage_reduction	-1 to -0.5	4082	HQ_downgrade_rate	0.517907	0.224368	0.807458				stratum-level weights only, no post-stratification -- sensitivity check; 1381 family clusters
catalogue_weighted_no_nr_adjustment	family	lineage_reduction	-1 to -0.5	4082	HQ_to_MQ_rate	0.514929	0.22043	0.804981				stratum-level weights only, no post-stratification -- sensitivity check; 1381 family clusters
catalogue_weighted_no_nr_adjustment	family	lineage_reduction	-1 to -0.5	4082	HQ_to_LQ_rate	0.00297829	0.000546232	0.00866063				stratum-level weights only, no post-stratification -- sensitivity check; 1381 family clusters
catalogue_weighted_no_nr_adjustment	family	lineage_reduction	-1 to -0.5	4082	MQ_to_HQ_rate	0.0260556	0	0.0676509				stratum-level weights only, no post-stratification -- sensitivity check; 1381 family clusters
catalogue_weighted_no_nr_adjustment	family	lineage_reduction	-1 to -0.5	4082	MQ_to_LQ_rate	0.0583248	0.0144958	0.116728				stratum-level weights only, no post-stratification -- sensitivity check; 1381 family clusters
catalogue_weighted_no_nr_adjustment	family	lineage_reduction	-1 to -0.5	4082	LQ_to_higher_rate	nan	nan	nan				stratum-level weights only, no post-stratification -- sensitivity check; 1381 family clusters
catalogue_weighted_no_nr_adjustment	family	lineage_reduction	-1 to -0.5	4082	cont5_disagreement_rate	0.105271	0.0439888	0.174963				stratum-level weights only, no post-stratification -- sensitivity check; 1381 family clusters
catalogue_weighted_no_nr_adjustment	family	lineage_reduction	-1 to -0.5	4082	floor_rate	0.00722719	0.00484623	0.0107983				stratum-level weights only, no post-stratification -- sensitivity check; 1381 family clusters
catalogue_weighted_no_nr_adjustment	family	lineage_reduction	-1 to -0.5	4082	floor_rate_exact50	0	0	0				stratum-level weights only, no post-stratification -- sensitivity check; 1381 family clusters
catalogue_weighted_no_nr_adjustment	family	lineage_reduction	-1 to -0.5	4082	mean_d_comp	-4.74971	-6.78141	-2.56733				stratum-level weights only, no post-stratification -- sensitivity check; 1381 family clusters
catalogue_weighted_no_nr_adjustment	family	lineage_reduction	-1 to -0.5	4082	mean_d_cont	-0.378919	-1.22304	0.708727				stratum-level weights only, no post-stratification -- sensitivity check; 1381 family clusters
catalogue_weighted_no_nr_adjustment	family	lineage_reduction	-1 to -0.5	4082	mean_comp_checkm2	69.3645	66.4263	72.0906				stratum-level weights only, no post-stratification -- sensitivity check; 1381 family clusters
catalogue_weighted_no_nr_adjustment	family	lineage_reduction	-1 to -0.5	4082	mean_comp_magicc	64.6147	61.6792	67.3393				stratum-level weights only, no post-stratification -- sensitivity check; 1381 family clusters
catalogue_weighted_no_nr_adjustment	family	lineage_reduction	-1 to -0.5	4082	mean_cont_checkm2	2.19197	1.73665	2.67481				stratum-level weights only, no post-stratification -- sensitivity check; 1381 family clusters
catalogue_weighted_no_nr_adjustment	family	lineage_reduction	-1 to -0.5	4082	mean_cont_magicc	1.81305	1.07449	2.72402				stratum-level weights only, no post-stratification -- sensitivity check; 1381 family clusters
catalogue_weighted_no_nr_adjustment	family	lineage_reduction	-1 to -0.5	4082	cell_HQ_to_HQ	0.0578	0.0134448	0.108229				stratum-level weights only, no post-stratification -- sensitivity check; 1381 family clusters
catalogue_weighted_no_nr_adjustment	family	lineage_reduction	-1 to -0.5	4082	cell_HQ_to_MQ	0.0617368	0.0173324	0.112995				stratum-level weights only, no post-stratification -- sensitivity check; 1381 family clusters
catalogue_weighted_no_nr_adjustment	family	lineage_reduction	-1 to -0.5	4082	cell_HQ_to_LQ	0.000357079	6.29975e-05	0.000830474				stratum-level weights only, no post-stratification -- sensitivity check; 1381 family clusters
catalogue_weighted_no_nr_adjustment	family	lineage_reduction	-1 to -0.5	4082	cell_MQ_to_HQ	0.0229317	0	0.0597368				stratum-level weights only, no post-stratification -- sensitivity check; 1381 family clusters
catalogue_weighted_no_nr_adjustment	family	lineage_reduction	-1 to -0.5	4082	cell_MQ_to_MQ	0.805842	0.71986	0.886635				stratum-level weights only, no post-stratification -- sensitivity check; 1381 family clusters
catalogue_weighted_no_nr_adjustment	family	lineage_reduction	-1 to -0.5	4082	cell_MQ_to_LQ	0.051332	0.0130798	0.103771				stratum-level weights only, no post-stratification -- sensitivity check; 1381 family clusters
catalogue_weighted_no_nr_adjustment	family	lineage_reduction	-1 to -0.5	4082	cell_LQ_to_HQ	0	0	0				stratum-level weights only, no post-stratification -- sensitivity check; 1381 family clusters
catalogue_weighted_no_nr_adjustment	family	lineage_reduction	-1 to -0.5	4082	cell_LQ_to_MQ	0	0	0				stratum-level weights only, no post-stratification -- sensitivity check; 1381 family clusters
catalogue_weighted_no_nr_adjustment	family	lineage_reduction	-1 to -0.5	4082	cell_LQ_to_LQ	0	0	0				stratum-level weights only, no post-stratification -- sensitivity check; 1381 family clusters
catalogue_weighted_no_nr_adjustment	family	lineage_reduction	-1 to -0.5	4082	slope_d_comp_per_log10Mbp	16.2223	9.3227	23.0709				stratum-level weights only, no post-stratification -- sensitivity check; 1381 family clusters
catalogue_weighted_no_nr_adjustment	family	lineage_reduction	-1 to -0.5	4082	slope_d_cont_per_log10Mbp	-2.34732	-4.80081	0.433663				stratum-level weights only, no post-stratification -- sensitivity check; 1381 family clusters
catalogue_weighted_no_nr_adjustment	family	lineage_reduction	-0.5 to -0.25	1766	p_class_change	0.219585	0.140941	0.307399				stratum-level weights only, no post-stratification -- sensitivity check; 1381 family clusters
catalogue_weighted_no_nr_adjustment	family	lineage_reduction	-0.5 to -0.25	1766	p_downgrade	0.166753	0.0986318	0.246327				stratum-level weights only, no post-stratification -- sensitivity check; 1381 family clusters
catalogue_weighted_no_nr_adjustment	family	lineage_reduction	-0.5 to -0.25	1766	p_upgrade	0.0528328	0.0132988	0.101784				stratum-level weights only, no post-stratification -- sensitivity check; 1381 family clusters
catalogue_weighted_no_nr_adjustment	family	lineage_reduction	-0.5 to -0.25	1766	p_HQ_checkm2	0.266971	0.164252	0.37659				stratum-level weights only, no post-stratification -- sensitivity check; 1381 family clusters
catalogue_weighted_no_nr_adjustment	family	lineage_reduction	-0.5 to -0.25	1766	p_HQ_magicc	0.197763	0.104963	0.29854				stratum-level weights only, no post-stratification -- sensitivity check; 1381 family clusters
catalogue_weighted_no_nr_adjustment	family	lineage_reduction	-0.5 to -0.25	1766	HQ_downgrade_rate	0.45713	0.260803	0.698281				stratum-level weights only, no post-stratification -- sensitivity check; 1381 family clusters
catalogue_weighted_no_nr_adjustment	family	lineage_reduction	-0.5 to -0.25	1766	HQ_to_MQ_rate	0.378387	0.19554	0.61506				stratum-level weights only, no post-stratification -- sensitivity check; 1381 family clusters
catalogue_weighted_no_nr_adjustment	family	lineage_reduction	-0.5 to -0.25	1766	HQ_to_LQ_rate	0.0787423	0.00163595	0.202473				stratum-level weights only, no post-stratification -- sensitivity check; 1381 family clusters
catalogue_weighted_no_nr_adjustment	family	lineage_reduction	-0.5 to -0.25	1766	MQ_to_HQ_rate	0.0720746	0.0179239	0.13948				stratum-level weights only, no post-stratification -- sensitivity check; 1381 family clusters
catalogue_weighted_no_nr_adjustment	family	lineage_reduction	-0.5 to -0.25	1766	MQ_to_LQ_rate	0.0609967	0.0170552	0.124925				stratum-level weights only, no post-stratification -- sensitivity check; 1381 family clusters
catalogue_weighted_no_nr_adjustment	family	lineage_reduction	-0.5 to -0.25	1766	LQ_to_higher_rate	nan	nan	nan				stratum-level weights only, no post-stratification -- sensitivity check; 1381 family clusters
catalogue_weighted_no_nr_adjustment	family	lineage_reduction	-0.5 to -0.25	1766	cont5_disagreement_rate	0.152369	0.0825263	0.233156				stratum-level weights only, no post-stratification -- sensitivity check; 1381 family clusters
catalogue_weighted_no_nr_adjustment	family	lineage_reduction	-0.5 to -0.25	1766	floor_rate	0.0106027	0.000231433	0.0343619				stratum-level weights only, no post-stratification -- sensitivity check; 1381 family clusters
catalogue_weighted_no_nr_adjustment	family	lineage_reduction	-0.5 to -0.25	1766	floor_rate_exact50	0	0	0				stratum-level weights only, no post-stratification -- sensitivity check; 1381 family clusters
catalogue_weighted_no_nr_adjustment	family	lineage_reduction	-0.5 to -0.25	1766	mean_d_comp	-2.65751	-4.9207	-0.455154				stratum-level weights only, no post-stratification -- sensitivity check; 1381 family clusters
catalogue_weighted_no_nr_adjustment	family	lineage_reduction	-0.5 to -0.25	1766	mean_d_cont	-0.37957	-1.42363	0.871578				stratum-level weights only, no post-stratification -- sensitivity check; 1381 family clusters
catalogue_weighted_no_nr_adjustment	family	lineage_reduction	-0.5 to -0.25	1766	mean_comp_checkm2	75.496	71.697	79.1432				stratum-level weights only, no post-stratification -- sensitivity check; 1381 family clusters
catalogue_weighted_no_nr_adjustment	family	lineage_reduction	-0.5 to -0.25	1766	mean_comp_magicc	72.8385	68.9044	76.7121				stratum-level weights only, no post-stratification -- sensitivity check; 1381 family clusters
catalogue_weighted_no_nr_adjustment	family	lineage_reduction	-0.5 to -0.25	1766	mean_cont_checkm2	2.52083	2.02536	3.06412				stratum-level weights only, no post-stratification -- sensitivity check; 1381 family clusters
catalogue_weighted_no_nr_adjustment	family	lineage_reduction	-0.5 to -0.25	1766	mean_cont_magicc	2.14126	1.28983	3.24461				stratum-level weights only, no post-stratification -- sensitivity check; 1381 family clusters
catalogue_weighted_no_nr_adjustment	family	lineage_reduction	-0.5 to -0.25	1766	cell_HQ_to_HQ	0.144931	0.0598488	0.241483				stratum-level weights only, no post-stratification -- sensitivity check; 1381 family clusters
catalogue_weighted_no_nr_adjustment	family	lineage_reduction	-0.5 to -0.25	1766	cell_HQ_to_MQ	0.101018	0.0475104	0.162913				stratum-level weights only, no post-stratification -- sensitivity check; 1381 family clusters
catalogue_weighted_no_nr_adjustment	family	lineage_reduction	-0.5 to -0.25	1766	cell_HQ_to_LQ	0.0210219	0.0004009	0.0524294				stratum-level weights only, no post-stratification -- sensitivity check; 1381 family clusters
catalogue_weighted_no_nr_adjustment	family	lineage_reduction	-0.5 to -0.25	1766	cell_MQ_to_HQ	0.0528328	0.0132988	0.101784				stratum-level weights only, no post-stratification -- sensitivity check; 1381 family clusters
catalogue_weighted_no_nr_adjustment	family	lineage_reduction	-0.5 to -0.25	1766	cell_MQ_to_MQ	0.635484	0.524287	0.744326				stratum-level weights only, no post-stratification -- sensitivity check; 1381 family clusters
catalogue_weighted_no_nr_adjustment	family	lineage_reduction	-0.5 to -0.25	1766	cell_MQ_to_LQ	0.0447124	0.012925	0.0913956				stratum-level weights only, no post-stratification -- sensitivity check; 1381 family clusters
catalogue_weighted_no_nr_adjustment	family	lineage_reduction	-0.5 to -0.25	1766	cell_LQ_to_HQ	0	0	0				stratum-level weights only, no post-stratification -- sensitivity check; 1381 family clusters
catalogue_weighted_no_nr_adjustment	family	lineage_reduction	-0.5 to -0.25	1766	cell_LQ_to_MQ	0	0	0				stratum-level weights only, no post-stratification -- sensitivity check; 1381 family clusters
catalogue_weighted_no_nr_adjustment	family	lineage_reduction	-0.5 to -0.25	1766	cell_LQ_to_LQ	0	0	0				stratum-level weights only, no post-stratification -- sensitivity check; 1381 family clusters
catalogue_weighted_no_nr_adjustment	family	lineage_reduction	-0.5 to -0.25	1766	slope_d_comp_per_log10Mbp	12.5599	2.95773	22.697				stratum-level weights only, no post-stratification -- sensitivity check; 1381 family clusters
catalogue_weighted_no_nr_adjustment	family	lineage_reduction	-0.5 to -0.25	1766	slope_d_cont_per_log10Mbp	-1.81898	-7.52061	2.90533				stratum-level weights only, no post-stratification -- sensitivity check; 1381 family clusters
catalogue_weighted_no_nr_adjustment	family	lineage_reduction	-0.25 to +0.25 (typical)	4150	p_class_change	0.319525	0.268464	0.375236				stratum-level weights only, no post-stratification -- sensitivity check; 1381 family clusters
catalogue_weighted_no_nr_adjustment	family	lineage_reduction	-0.25 to +0.25 (typical)	4150	p_downgrade	0.214361	0.167103	0.266417				stratum-level weights only, no post-stratification -- sensitivity check; 1381 family clusters
catalogue_weighted_no_nr_adjustment	family	lineage_reduction	-0.25 to +0.25 (typical)	4150	p_upgrade	0.105164	0.0700408	0.141122				stratum-level weights only, no post-stratification -- sensitivity check; 1381 family clusters
catalogue_weighted_no_nr_adjustment	family	lineage_reduction	-0.25 to +0.25 (typical)	4150	p_HQ_checkm2	0.282279	0.227026	0.337062				stratum-level weights only, no post-stratification -- sensitivity check; 1381 family clusters
catalogue_weighted_no_nr_adjustment	family	lineage_reduction	-0.25 to +0.25 (typical)	4150	p_HQ_magicc	0.217615	0.167788	0.271485				stratum-level weights only, no post-stratification -- sensitivity check; 1381 family clusters
catalogue_weighted_no_nr_adjustment	family	lineage_reduction	-0.25 to +0.25 (typical)	4150	HQ_downgrade_rate	0.601595	0.486113	0.713021				stratum-level weights only, no post-stratification -- sensitivity check; 1381 family clusters
catalogue_weighted_no_nr_adjustment	family	lineage_reduction	-0.25 to +0.25 (typical)	4150	HQ_to_MQ_rate	0.539218	0.420329	0.657147				stratum-level weights only, no post-stratification -- sensitivity check; 1381 family clusters
catalogue_weighted_no_nr_adjustment	family	lineage_reduction	-0.25 to +0.25 (typical)	4150	HQ_to_LQ_rate	0.0623775	0.0217361	0.11504				stratum-level weights only, no post-stratification -- sensitivity check; 1381 family clusters
catalogue_weighted_no_nr_adjustment	family	lineage_reduction	-0.25 to +0.25 (typical)	4150	MQ_to_HQ_rate	0.147252	0.10047	0.197531				stratum-level weights only, no post-stratification -- sensitivity check; 1381 family clusters
catalogue_weighted_no_nr_adjustment	family	lineage_reduction	-0.25 to +0.25 (typical)	4150	MQ_to_LQ_rate	0.0623767	0.0296707	0.102015				stratum-level weights only, no post-stratification -- sensitivity check; 1381 family clusters
catalogue_weighted_no_nr_adjustment	family	lineage_reduction	-0.25 to +0.25 (typical)	4150	LQ_to_higher_rate	0.00282716	0	1				stratum-level weights only, no post-stratification -- sensitivity check; 1381 family clusters
catalogue_weighted_no_nr_adjustment	family	lineage_reduction	-0.25 to +0.25 (typical)	4150	cont5_disagreement_rate	0.107355	0.0727662	0.150241				stratum-level weights only, no post-stratification -- sensitivity check; 1381 family clusters
catalogue_weighted_no_nr_adjustment	family	lineage_reduction	-0.25 to +0.25 (typical)	4150	floor_rate	0.000204391	4.33874e-05	0.000477297				stratum-level weights only, no post-stratification -- sensitivity check; 1381 family clusters
catalogue_weighted_no_nr_adjustment	family	lineage_reduction	-0.25 to +0.25 (typical)	4150	floor_rate_exact50	0	0	0				stratum-level weights only, no post-stratification -- sensitivity check; 1381 family clusters
catalogue_weighted_no_nr_adjustment	family	lineage_reduction	-0.25 to +0.25 (typical)	4150	mean_d_comp	-2.26601	-3.77464	-0.681896				stratum-level weights only, no post-stratification -- sensitivity check; 1381 family clusters
catalogue_weighted_no_nr_adjustment	family	lineage_reduction	-0.25 to +0.25 (typical)	4150	mean_d_cont	-0.0716573	-0.814152	0.757572				stratum-level weights only, no post-stratification -- sensitivity check; 1381 family clusters
catalogue_weighted_no_nr_adjustment	family	lineage_reduction	-0.25 to +0.25 (typical)	4150	mean_comp_checkm2	80.3544	78.5975	82.1674				stratum-level weights only, no post-stratification -- sensitivity check; 1381 family clusters
catalogue_weighted_no_nr_adjustment	family	lineage_reduction	-0.25 to +0.25 (typical)	4150	mean_comp_magicc	78.0884	76.2642	79.9413				stratum-level weights only, no post-stratification -- sensitivity check; 1381 family clusters
catalogue_weighted_no_nr_adjustment	family	lineage_reduction	-0.25 to +0.25 (typical)	4150	mean_cont_checkm2	2.63714	2.33681	2.94823				stratum-level weights only, no post-stratification -- sensitivity check; 1381 family clusters
catalogue_weighted_no_nr_adjustment	family	lineage_reduction	-0.25 to +0.25 (typical)	4150	mean_cont_magicc	2.56549	1.86671	3.41032				stratum-level weights only, no post-stratification -- sensitivity check; 1381 family clusters
catalogue_weighted_no_nr_adjustment	family	lineage_reduction	-0.25 to +0.25 (typical)	4150	cell_HQ_to_HQ	0.112461	0.0757123	0.154586				stratum-level weights only, no post-stratification -- sensitivity check; 1381 family clusters
catalogue_weighted_no_nr_adjustment	family	lineage_reduction	-0.25 to +0.25 (typical)	4150	cell_HQ_to_MQ	0.15221	0.109149	0.198313				stratum-level weights only, no post-stratification -- sensitivity check; 1381 family clusters
catalogue_weighted_no_nr_adjustment	family	lineage_reduction	-0.25 to +0.25 (typical)	4150	cell_HQ_to_LQ	0.0176079	0.00620465	0.0332938				stratum-level weights only, no post-stratification -- sensitivity check; 1381 family clusters
catalogue_weighted_no_nr_adjustment	family	lineage_reduction	-0.25 to +0.25 (typical)	4150	cell_MQ_to_HQ	0.105153	0.0700302	0.141111				stratum-level weights only, no post-stratification -- sensitivity check; 1381 family clusters
catalogue_weighted_no_nr_adjustment	family	lineage_reduction	-0.25 to +0.25 (typical)	4150	cell_MQ_to_MQ	0.564409	0.500852	0.631048				stratum-level weights only, no post-stratification -- sensitivity check; 1381 family clusters
catalogue_weighted_no_nr_adjustment	family	lineage_reduction	-0.25 to +0.25 (typical)	4150	cell_MQ_to_LQ	0.0445436	0.0213425	0.0729092				stratum-level weights only, no post-stratification -- sensitivity check; 1381 family clusters
catalogue_weighted_no_nr_adjustment	family	lineage_reduction	-0.25 to +0.25 (typical)	4150	cell_LQ_to_HQ	0	0	0				stratum-level weights only, no post-stratification -- sensitivity check; 1381 family clusters
catalogue_weighted_no_nr_adjustment	family	lineage_reduction	-0.25 to +0.25 (typical)	4150	cell_LQ_to_MQ	1.02196e-05	0	3.43707e-05				stratum-level weights only, no post-stratification -- sensitivity check; 1381 family clusters
catalogue_weighted_no_nr_adjustment	family	lineage_reduction	-0.25 to +0.25 (typical)	4150	cell_LQ_to_LQ	0.00360456	0	0.0122968				stratum-level weights only, no post-stratification -- sensitivity check; 1381 family clusters
catalogue_weighted_no_nr_adjustment	family	lineage_reduction	-0.25 to +0.25 (typical)	4150	slope_d_comp_per_log10Mbp	17.9938	10.6649	25.2751				stratum-level weights only, no post-stratification -- sensitivity check; 1381 family clusters
catalogue_weighted_no_nr_adjustment	family	lineage_reduction	-0.25 to +0.25 (typical)	4150	slope_d_cont_per_log10Mbp	-1.02335	-4.90209	3.11594				stratum-level weights only, no post-stratification -- sensitivity check; 1381 family clusters
catalogue_weighted_no_nr_adjustment	family	lineage_reduction	>+0.25 (larger than lineage)	2244	p_class_change	0.485801	0.435743	0.539642				stratum-level weights only, no post-stratification -- sensitivity check; 1381 family clusters
catalogue_weighted_no_nr_adjustment	family	lineage_reduction	>+0.25 (larger than lineage)	2244	p_downgrade	0.304448	0.257423	0.355525				stratum-level weights only, no post-stratification -- sensitivity check; 1381 family clusters
catalogue_weighted_no_nr_adjustment	family	lineage_reduction	>+0.25 (larger than lineage)	2244	p_upgrade	0.181353	0.144758	0.221715				stratum-level weights only, no post-stratification -- sensitivity check; 1381 family clusters
catalogue_weighted_no_nr_adjustment	family	lineage_reduction	>+0.25 (larger than lineage)	2244	p_HQ_checkm2	0.477708	0.432458	0.52264				stratum-level weights only, no post-stratification -- sensitivity check; 1381 family clusters
catalogue_weighted_no_nr_adjustment	family	lineage_reduction	>+0.25 (larger than lineage)	2244	p_HQ_magicc	0.449725	0.404269	0.495158				stratum-level weights only, no post-stratification -- sensitivity check; 1381 family clusters
catalogue_weighted_no_nr_adjustment	family	lineage_reduction	>+0.25 (larger than lineage)	2244	HQ_downgrade_rate	0.438209	0.37632	0.507155				stratum-level weights only, no post-stratification -- sensitivity check; 1381 family clusters
catalogue_weighted_no_nr_adjustment	family	lineage_reduction	>+0.25 (larger than lineage)	2244	HQ_to_MQ_rate	0.304775	0.246391	0.367263				stratum-level weights only, no post-stratification -- sensitivity check; 1381 family clusters
catalogue_weighted_no_nr_adjustment	family	lineage_reduction	>+0.25 (larger than lineage)	2244	HQ_to_LQ_rate	0.133435	0.085	0.189518				stratum-level weights only, no post-stratification -- sensitivity check; 1381 family clusters
catalogue_weighted_no_nr_adjustment	family	lineage_reduction	>+0.25 (larger than lineage)	2244	MQ_to_HQ_rate	0.347225	0.286813	0.412452				stratum-level weights only, no post-stratification -- sensitivity check; 1381 family clusters
catalogue_weighted_no_nr_adjustment	family	lineage_reduction	>+0.25 (larger than lineage)	2244	MQ_to_LQ_rate	0.182105	0.123824	0.248693				stratum-level weights only, no post-stratification -- sensitivity check; 1381 family clusters
catalogue_weighted_no_nr_adjustment	family	lineage_reduction	>+0.25 (larger than lineage)	2244	LQ_to_higher_rate	nan	nan	nan				stratum-level weights only, no post-stratification -- sensitivity check; 1381 family clusters
catalogue_weighted_no_nr_adjustment	family	lineage_reduction	>+0.25 (larger than lineage)	2244	cont5_disagreement_rate	0.187296	0.138603	0.241607				stratum-level weights only, no post-stratification -- sensitivity check; 1381 family clusters
catalogue_weighted_no_nr_adjustment	family	lineage_reduction	>+0.25 (larger than lineage)	2244	floor_rate	0	0	0				stratum-level weights only, no post-stratification -- sensitivity check; 1381 family clusters
catalogue_weighted_no_nr_adjustment	family	lineage_reduction	>+0.25 (larger than lineage)	2244	floor_rate_exact50	0	0	0				stratum-level weights only, no post-stratification -- sensitivity check; 1381 family clusters
catalogue_weighted_no_nr_adjustment	family	lineage_reduction	>+0.25 (larger than lineage)	2244	mean_d_comp	1.02685	-0.0598328	2.20634				stratum-level weights only, no post-stratification -- sensitivity check; 1381 family clusters
catalogue_weighted_no_nr_adjustment	family	lineage_reduction	>+0.25 (larger than lineage)	2244	mean_d_cont	2.45797	1.01035	4.14453				stratum-level weights only, no post-stratification -- sensitivity check; 1381 family clusters
catalogue_weighted_no_nr_adjustment	family	lineage_reduction	>+0.25 (larger than lineage)	2244	mean_comp_checkm2	88.5934	87.5269	89.6074				stratum-level weights only, no post-stratification -- sensitivity check; 1381 family clusters
catalogue_weighted_no_nr_adjustment	family	lineage_reduction	>+0.25 (larger than lineage)	2244	mean_comp_magicc	89.6203	88.5578	90.6304				stratum-level weights only, no post-stratification -- sensitivity check; 1381 family clusters
catalogue_weighted_no_nr_adjustment	family	lineage_reduction	>+0.25 (larger than lineage)	2244	mean_cont_checkm2	3.29317	3.02762	3.56658				stratum-level weights only, no post-stratification -- sensitivity check; 1381 family clusters
catalogue_weighted_no_nr_adjustment	family	lineage_reduction	>+0.25 (larger than lineage)	2244	mean_cont_magicc	5.75114	4.30462	7.49715				stratum-level weights only, no post-stratification -- sensitivity check; 1381 family clusters
catalogue_weighted_no_nr_adjustment	family	lineage_reduction	>+0.25 (larger than lineage)	2244	cell_HQ_to_HQ	0.268372	0.226313	0.310598				stratum-level weights only, no post-stratification -- sensitivity check; 1381 family clusters
catalogue_weighted_no_nr_adjustment	family	lineage_reduction	>+0.25 (larger than lineage)	2244	cell_HQ_to_MQ	0.145593	0.11527	0.177577				stratum-level weights only, no post-stratification -- sensitivity check; 1381 family clusters
catalogue_weighted_no_nr_adjustment	family	lineage_reduction	>+0.25 (larger than lineage)	2244	cell_HQ_to_LQ	0.0637427	0.0407663	0.0893648				stratum-level weights only, no post-stratification -- sensitivity check; 1381 family clusters
catalogue_weighted_no_nr_adjustment	family	lineage_reduction	>+0.25 (larger than lineage)	2244	cell_MQ_to_HQ	0.181353	0.144758	0.221715				stratum-level weights only, no post-stratification -- sensitivity check; 1381 family clusters
catalogue_weighted_no_nr_adjustment	family	lineage_reduction	>+0.25 (larger than lineage)	2244	cell_MQ_to_MQ	0.245827	0.207926	0.285444				stratum-level weights only, no post-stratification -- sensitivity check; 1381 family clusters
catalogue_weighted_no_nr_adjustment	family	lineage_reduction	>+0.25 (larger than lineage)	2244	cell_MQ_to_LQ	0.0951121	0.0631894	0.132777				stratum-level weights only, no post-stratification -- sensitivity check; 1381 family clusters
catalogue_weighted_no_nr_adjustment	family	lineage_reduction	>+0.25 (larger than lineage)	2244	cell_LQ_to_HQ	0	0	0				stratum-level weights only, no post-stratification -- sensitivity check; 1381 family clusters
catalogue_weighted_no_nr_adjustment	family	lineage_reduction	>+0.25 (larger than lineage)	2244	cell_LQ_to_MQ	0	0	0				stratum-level weights only, no post-stratification -- sensitivity check; 1381 family clusters
catalogue_weighted_no_nr_adjustment	family	lineage_reduction	>+0.25 (larger than lineage)	2244	cell_LQ_to_LQ	0	0	0				stratum-level weights only, no post-stratification -- sensitivity check; 1381 family clusters
catalogue_weighted_no_nr_adjustment	family	lineage_reduction	>+0.25 (larger than lineage)	2244	slope_d_comp_per_log10Mbp	3.1778	-2.19634	8.67859				stratum-level weights only, no post-stratification -- sensitivity check; 1381 family clusters
catalogue_weighted_no_nr_adjustment	family	lineage_reduction	>+0.25 (larger than lineage)	2244	slope_d_cont_per_log10Mbp	-1.14293	-9.45986	7.05791				stratum-level weights only, no post-stratification -- sensitivity check; 1381 family clusters
catalogue_weighted_no_nr_adjustment	family	phylum	Actinobacteriota	973	p_class_change	0.262755	0.154108	0.394128				stratum-level weights only, no post-stratification -- sensitivity check; 1381 family clusters
catalogue_weighted_no_nr_adjustment	family	phylum	Actinobacteriota	973	p_downgrade	0.151006	0.0738009	0.25165				stratum-level weights only, no post-stratification -- sensitivity check; 1381 family clusters
catalogue_weighted_no_nr_adjustment	family	phylum	Actinobacteriota	973	p_upgrade	0.111749	0.0257203	0.214846				stratum-level weights only, no post-stratification -- sensitivity check; 1381 family clusters
catalogue_weighted_no_nr_adjustment	family	phylum	Actinobacteriota	973	p_HQ_checkm2	0.260748	0.177089	0.359614				stratum-level weights only, no post-stratification -- sensitivity check; 1381 family clusters
catalogue_weighted_no_nr_adjustment	family	phylum	Actinobacteriota	973	p_HQ_magicc	0.260748	0.154243	0.373104				stratum-level weights only, no post-stratification -- sensitivity check; 1381 family clusters
catalogue_weighted_no_nr_adjustment	family	phylum	Actinobacteriota	973	HQ_downgrade_rate	0.428571	0.2	0.677529				stratum-level weights only, no post-stratification -- sensitivity check; 1381 family clusters
catalogue_weighted_no_nr_adjustment	family	phylum	Actinobacteriota	973	HQ_to_MQ_rate	0.380952	0.15	0.625				stratum-level weights only, no post-stratification -- sensitivity check; 1381 family clusters
catalogue_weighted_no_nr_adjustment	family	phylum	Actinobacteriota	973	HQ_to_LQ_rate	0.047619	0	0.166848				stratum-level weights only, no post-stratification -- sensitivity check; 1381 family clusters
catalogue_weighted_no_nr_adjustment	family	phylum	Actinobacteriota	973	MQ_to_HQ_rate	0.151165	0.0355506	0.284345				stratum-level weights only, no post-stratification -- sensitivity check; 1381 family clusters
catalogue_weighted_no_nr_adjustment	family	phylum	Actinobacteriota	973	MQ_to_LQ_rate	0.0531028	0.00258831	0.117748				stratum-level weights only, no post-stratification -- sensitivity check; 1381 family clusters
catalogue_weighted_no_nr_adjustment	family	phylum	Actinobacteriota	973	LQ_to_higher_rate	nan	nan	nan				stratum-level weights only, no post-stratification -- sensitivity check; 1381 family clusters
catalogue_weighted_no_nr_adjustment	family	phylum	Actinobacteriota	973	cont5_disagreement_rate	0.0818466	0.0193837	0.170319				stratum-level weights only, no post-stratification -- sensitivity check; 1381 family clusters
catalogue_weighted_no_nr_adjustment	family	phylum	Actinobacteriota	973	floor_rate	0.00098569	0.000233896	0.00264661				stratum-level weights only, no post-stratification -- sensitivity check; 1381 family clusters
catalogue_weighted_no_nr_adjustment	family	phylum	Actinobacteriota	973	floor_rate_exact50	0	0	0				stratum-level weights only, no post-stratification -- sensitivity check; 1381 family clusters
catalogue_weighted_no_nr_adjustment	family	phylum	Actinobacteriota	973	mean_d_comp	-2.21737	-4.93674	0.172532				stratum-level weights only, no post-stratification -- sensitivity check; 1381 family clusters
catalogue_weighted_no_nr_adjustment	family	phylum	Actinobacteriota	973	mean_d_cont	-0.347395	-1.91343	1.9403				stratum-level weights only, no post-stratification -- sensitivity check; 1381 family clusters
catalogue_weighted_no_nr_adjustment	family	phylum	Actinobacteriota	973	mean_comp_checkm2	77.4313	73.5291	81.053				stratum-level weights only, no post-stratification -- sensitivity check; 1381 family clusters
catalogue_weighted_no_nr_adjustment	family	phylum	Actinobacteriota	973	mean_comp_magicc	75.214	70.5001	79.7792				stratum-level weights only, no post-stratification -- sensitivity check; 1381 family clusters
catalogue_weighted_no_nr_adjustment	family	phylum	Actinobacteriota	973	mean_cont_checkm2	2.9552	2.4639	3.4676				stratum-level weights only, no post-stratification -- sensitivity check; 1381 family clusters
catalogue_weighted_no_nr_adjustment	family	phylum	Actinobacteriota	973	mean_cont_magicc	2.6078	1.17497	4.88366				stratum-level weights only, no post-stratification -- sensitivity check; 1381 family clusters
catalogue_weighted_no_nr_adjustment	family	phylum	Actinobacteriota	973	cell_HQ_to_HQ	0.148999	0.0761227	0.220042				stratum-level weights only, no post-stratification -- sensitivity check; 1381 family clusters
catalogue_weighted_no_nr_adjustment	family	phylum	Actinobacteriota	973	cell_HQ_to_MQ	0.0993326	0.0344594	0.189375				stratum-level weights only, no post-stratification -- sensitivity check; 1381 family clusters
catalogue_weighted_no_nr_adjustment	family	phylum	Actinobacteriota	973	cell_HQ_to_LQ	0.0124166	0	0.0462468				stratum-level weights only, no post-stratification -- sensitivity check; 1381 family clusters
catalogue_weighted_no_nr_adjustment	family	phylum	Actinobacteriota	973	cell_MQ_to_HQ	0.111749	0.0257203	0.214846				stratum-level weights only, no post-stratification -- sensitivity check; 1381 family clusters
catalogue_weighted_no_nr_adjustment	family	phylum	Actinobacteriota	973	cell_MQ_to_MQ	0.588246	0.460659	0.697954				stratum-level weights only, no post-stratification -- sensitivity check; 1381 family clusters
catalogue_weighted_no_nr_adjustment	family	phylum	Actinobacteriota	973	cell_MQ_to_LQ	0.0392563	0.0018654	0.0864447				stratum-level weights only, no post-stratification -- sensitivity check; 1381 family clusters
catalogue_weighted_no_nr_adjustment	family	phylum	Actinobacteriota	973	cell_LQ_to_HQ	0	0	0				stratum-level weights only, no post-stratification -- sensitivity check; 1381 family clusters
catalogue_weighted_no_nr_adjustment	family	phylum	Actinobacteriota	973	cell_LQ_to_MQ	0	0	0				stratum-level weights only, no post-stratification -- sensitivity check; 1381 family clusters
catalogue_weighted_no_nr_adjustment	family	phylum	Actinobacteriota	973	cell_LQ_to_LQ	0	0	0				stratum-level weights only, no post-stratification -- sensitivity check; 1381 family clusters
catalogue_weighted_no_nr_adjustment	family	phylum	Actinobacteriota	973	slope_d_comp_per_log10Mbp	2.54344	-11.7109	13.2345				stratum-level weights only, no post-stratification -- sensitivity check; 1381 family clusters
catalogue_weighted_no_nr_adjustment	family	phylum	Actinobacteriota	973	slope_d_cont_per_log10Mbp	-5.70127	-15.274	0.421017				stratum-level weights only, no post-stratification -- sensitivity check; 1381 family clusters
catalogue_weighted_no_nr_adjustment	family	phylum	Bacteroidota	363	p_class_change	0.314376	0.240254	0.388731				stratum-level weights only, no post-stratification -- sensitivity check; 1381 family clusters
catalogue_weighted_no_nr_adjustment	family	phylum	Bacteroidota	363	p_downgrade	0.232073	0.168715	0.291448				stratum-level weights only, no post-stratification -- sensitivity check; 1381 family clusters
catalogue_weighted_no_nr_adjustment	family	phylum	Bacteroidota	363	p_upgrade	0.0823032	0.0388357	0.135939				stratum-level weights only, no post-stratification -- sensitivity check; 1381 family clusters
catalogue_weighted_no_nr_adjustment	family	phylum	Bacteroidota	363	p_HQ_checkm2	0.434047	0.355712	0.518126				stratum-level weights only, no post-stratification -- sensitivity check; 1381 family clusters
catalogue_weighted_no_nr_adjustment	family	phylum	Bacteroidota	363	p_HQ_magicc	0.321773	0.242111	0.407658				stratum-level weights only, no post-stratification -- sensitivity check; 1381 family clusters
catalogue_weighted_no_nr_adjustment	family	phylum	Bacteroidota	363	HQ_downgrade_rate	0.448286	0.333251	0.580054				stratum-level weights only, no post-stratification -- sensitivity check; 1381 family clusters
catalogue_weighted_no_nr_adjustment	family	phylum	Bacteroidota	363	HQ_to_MQ_rate	0.41381	0.295498	0.535736				stratum-level weights only, no post-stratification -- sensitivity check; 1381 family clusters
catalogue_weighted_no_nr_adjustment	family	phylum	Bacteroidota	363	HQ_to_LQ_rate	0.034476	0	0.0980418				stratum-level weights only, no post-stratification -- sensitivity check; 1381 family clusters
catalogue_weighted_no_nr_adjustment	family	phylum	Bacteroidota	363	MQ_to_HQ_rate	0.145424	0.0695873	0.232328				stratum-level weights only, no post-stratification -- sensitivity check; 1381 family clusters
catalogue_weighted_no_nr_adjustment	family	phylum	Bacteroidota	363	MQ_to_LQ_rate	0.0662519	0.0130382	0.121262				stratum-level weights only, no post-stratification -- sensitivity check; 1381 family clusters
catalogue_weighted_no_nr_adjustment	family	phylum	Bacteroidota	363	LQ_to_higher_rate	nan	nan	nan				stratum-level weights only, no post-stratification -- sensitivity check; 1381 family clusters
catalogue_weighted_no_nr_adjustment	family	phylum	Bacteroidota	363	cont5_disagreement_rate	0.0766857	0.0267073	0.128076				stratum-level weights only, no post-stratification -- sensitivity check; 1381 family clusters
catalogue_weighted_no_nr_adjustment	family	phylum	Bacteroidota	363	floor_rate	0.000509115	0.000182189	0.000992609				stratum-level weights only, no post-stratification -- sensitivity check; 1381 family clusters
catalogue_weighted_no_nr_adjustment	family	phylum	Bacteroidota	363	floor_rate_exact50	0	0	0				stratum-level weights only, no post-stratification -- sensitivity check; 1381 family clusters
catalogue_weighted_no_nr_adjustment	family	phylum	Bacteroidota	363	mean_d_comp	-3.2376	-4.8572	-1.4101				stratum-level weights only, no post-stratification -- sensitivity check; 1381 family clusters
catalogue_weighted_no_nr_adjustment	family	phylum	Bacteroidota	363	mean_d_cont	0.0534255	-0.95244	1.00275				stratum-level weights only, no post-stratification -- sensitivity check; 1381 family clusters
catalogue_weighted_no_nr_adjustment	family	phylum	Bacteroidota	363	mean_comp_checkm2	86.7134	84.5371	88.6161				stratum-level weights only, no post-stratification -- sensitivity check; 1381 family clusters
catalogue_weighted_no_nr_adjustment	family	phylum	Bacteroidota	363	mean_comp_magicc	83.4758	80.6608	86.1746				stratum-level weights only, no post-stratification -- sensitivity check; 1381 family clusters
catalogue_weighted_no_nr_adjustment	family	phylum	Bacteroidota	363	mean_cont_checkm2	2.35272	1.85159	2.9222				stratum-level weights only, no post-stratification -- sensitivity check; 1381 family clusters
catalogue_weighted_no_nr_adjustment	family	phylum	Bacteroidota	363	mean_cont_magicc	2.40615	1.40588	3.38249				stratum-level weights only, no post-stratification -- sensitivity check; 1381 family clusters
catalogue_weighted_no_nr_adjustment	family	phylum	Bacteroidota	363	cell_HQ_to_HQ	0.23947	0.160781	0.325857				stratum-level weights only, no post-stratification -- sensitivity check; 1381 family clusters
catalogue_weighted_no_nr_adjustment	family	phylum	Bacteroidota	363	cell_HQ_to_MQ	0.179613	0.12456	0.230173				stratum-level weights only, no post-stratification -- sensitivity check; 1381 family clusters
catalogue_weighted_no_nr_adjustment	family	phylum	Bacteroidota	363	cell_HQ_to_LQ	0.0149642	0	0.0422073				stratum-level weights only, no post-stratification -- sensitivity check; 1381 family clusters
catalogue_weighted_no_nr_adjustment	family	phylum	Bacteroidota	363	cell_MQ_to_HQ	0.0823032	0.0388357	0.135939				stratum-level weights only, no post-stratification -- sensitivity check; 1381 family clusters
catalogue_weighted_no_nr_adjustment	family	phylum	Bacteroidota	363	cell_MQ_to_MQ	0.446154	0.369868	0.524538				stratum-level weights only, no post-stratification -- sensitivity check; 1381 family clusters
catalogue_weighted_no_nr_adjustment	family	phylum	Bacteroidota	363	cell_MQ_to_LQ	0.0374954	0.00707498	0.0688184				stratum-level weights only, no post-stratification -- sensitivity check; 1381 family clusters
catalogue_weighted_no_nr_adjustment	family	phylum	Bacteroidota	363	cell_LQ_to_HQ	0	0	0				stratum-level weights only, no post-stratification -- sensitivity check; 1381 family clusters
catalogue_weighted_no_nr_adjustment	family	phylum	Bacteroidota	363	cell_LQ_to_MQ	0	0	0				stratum-level weights only, no post-stratification -- sensitivity check; 1381 family clusters
catalogue_weighted_no_nr_adjustment	family	phylum	Bacteroidota	363	cell_LQ_to_LQ	0	0	0				stratum-level weights only, no post-stratification -- sensitivity check; 1381 family clusters
catalogue_weighted_no_nr_adjustment	family	phylum	Bacteroidota	363	slope_d_comp_per_log10Mbp	7.32984	0.4992	15.583				stratum-level weights only, no post-stratification -- sensitivity check; 1381 family clusters
catalogue_weighted_no_nr_adjustment	family	phylum	Bacteroidota	363	slope_d_cont_per_log10Mbp	1.94223	-3.51858	8.94662				stratum-level weights only, no post-stratification -- sensitivity check; 1381 family clusters
catalogue_weighted_no_nr_adjustment	family	phylum	Firmicutes	1884	p_class_change	0.307808	0.142928	0.519475				stratum-level weights only, no post-stratification -- sensitivity check; 1381 family clusters
catalogue_weighted_no_nr_adjustment	family	phylum	Firmicutes	1884	p_downgrade	0.241644	0.113616	0.410803				stratum-level weights only, no post-stratification -- sensitivity check; 1381 family clusters
catalogue_weighted_no_nr_adjustment	family	phylum	Firmicutes	1884	p_upgrade	0.0661644	0	0.167108				stratum-level weights only, no post-stratification -- sensitivity check; 1381 family clusters
catalogue_weighted_no_nr_adjustment	family	phylum	Firmicutes	1884	p_HQ_checkm2	0.271588	0.110432	0.509038				stratum-level weights only, no post-stratification -- sensitivity check; 1381 family clusters
catalogue_weighted_no_nr_adjustment	family	phylum	Firmicutes	1884	p_HQ_magicc	0.166488	0.0313255	0.352209				stratum-level weights only, no post-stratification -- sensitivity check; 1381 family clusters
catalogue_weighted_no_nr_adjustment	family	phylum	Firmicutes	1884	HQ_downgrade_rate	0.630604	0.346696	0.995611				stratum-level weights only, no post-stratification -- sensitivity check; 1381 family clusters
catalogue_weighted_no_nr_adjustment	family	phylum	Firmicutes	1884	HQ_to_MQ_rate	0.505863	0.181087	0.98068				stratum-level weights only, no post-stratification -- sensitivity check; 1381 family clusters
catalogue_weighted_no_nr_adjustment	family	phylum	Firmicutes	1884	HQ_to_LQ_rate	0.124741	0.000623441	0.496506				stratum-level weights only, no post-stratification -- sensitivity check; 1381 family clusters
catalogue_weighted_no_nr_adjustment	family	phylum	Firmicutes	1884	MQ_to_HQ_rate	0.0908338	0	0.229816				stratum-level weights only, no post-stratification -- sensitivity check; 1381 family clusters
catalogue_weighted_no_nr_adjustment	family	phylum	Firmicutes	1884	MQ_to_LQ_rate	0.09662	0.00140768	0.280251				stratum-level weights only, no post-stratification -- sensitivity check; 1381 family clusters
catalogue_weighted_no_nr_adjustment	family	phylum	Firmicutes	1884	LQ_to_higher_rate	nan	nan	nan				stratum-level weights only, no post-stratification -- sensitivity check; 1381 family clusters
catalogue_weighted_no_nr_adjustment	family	phylum	Firmicutes	1884	cont5_disagreement_rate	0.16432	0.0499822	0.354841				stratum-level weights only, no post-stratification -- sensitivity check; 1381 family clusters
catalogue_weighted_no_nr_adjustment	family	phylum	Firmicutes	1884	floor_rate	0.0418395	0.00468304	0.132225				stratum-level weights only, no post-stratification -- sensitivity check; 1381 family clusters
catalogue_weighted_no_nr_adjustment	family	phylum	Firmicutes	1884	floor_rate_exact50	0	0	0				stratum-level weights only, no post-stratification -- sensitivity check; 1381 family clusters
catalogue_weighted_no_nr_adjustment	family	phylum	Firmicutes	1884	mean_d_comp	-2.01816	-7.50736	0.540249				stratum-level weights only, no post-stratification -- sensitivity check; 1381 family clusters
catalogue_weighted_no_nr_adjustment	family	phylum	Firmicutes	1884	mean_d_cont	0.778081	-0.993796	4.95324				stratum-level weights only, no post-stratification -- sensitivity check; 1381 family clusters
catalogue_weighted_no_nr_adjustment	family	phylum	Firmicutes	1884	mean_comp_checkm2	73.4268	66.8387	82.9431				stratum-level weights only, no post-stratification -- sensitivity check; 1381 family clusters
catalogue_weighted_no_nr_adjustment	family	phylum	Firmicutes	1884	mean_comp_magicc	71.4087	65.2401	79.0956				stratum-level weights only, no post-stratification -- sensitivity check; 1381 family clusters
catalogue_weighted_no_nr_adjustment	family	phylum	Firmicutes	1884	mean_cont_checkm2	2.08577	1.24592	2.92088				stratum-level weights only, no post-stratification -- sensitivity check; 1381 family clusters
catalogue_weighted_no_nr_adjustment	family	phylum	Firmicutes	1884	mean_cont_magicc	2.86385	0.872188	6.81695				stratum-level weights only, no post-stratification -- sensitivity check; 1381 family clusters
catalogue_weighted_no_nr_adjustment	family	phylum	Firmicutes	1884	cell_HQ_to_HQ	0.100324	0.00063466	0.283793				stratum-level weights only, no post-stratification -- sensitivity check; 1381 family clusters
catalogue_weighted_no_nr_adjustment	family	phylum	Firmicutes	1884	cell_HQ_to_MQ	0.137386	0.048646	0.2328				stratum-level weights only, no post-stratification -- sensitivity check; 1381 family clusters
catalogue_weighted_no_nr_adjustment	family	phylum	Firmicutes	1884	cell_HQ_to_LQ	0.0338783	0.000172665	0.146764				stratum-level weights only, no post-stratification -- sensitivity check; 1381 family clusters
catalogue_weighted_no_nr_adjustment	family	phylum	Firmicutes	1884	cell_MQ_to_HQ	0.0661644	0	0.167108				stratum-level weights only, no post-stratification -- sensitivity check; 1381 family clusters
catalogue_weighted_no_nr_adjustment	family	phylum	Firmicutes	1884	cell_MQ_to_MQ	0.591868	0.337552	0.804861				stratum-level weights only, no post-stratification -- sensitivity check; 1381 family clusters
catalogue_weighted_no_nr_adjustment	family	phylum	Firmicutes	1884	cell_MQ_to_LQ	0.0703791	0.00101651	0.191609				stratum-level weights only, no post-stratification -- sensitivity check; 1381 family clusters
catalogue_weighted_no_nr_adjustment	family	phylum	Firmicutes	1884	cell_LQ_to_HQ	0	0	0				stratum-level weights only, no post-stratification -- sensitivity check; 1381 family clusters
catalogue_weighted_no_nr_adjustment	family	phylum	Firmicutes	1884	cell_LQ_to_MQ	0	0	0				stratum-level weights only, no post-stratification -- sensitivity check; 1381 family clusters
catalogue_weighted_no_nr_adjustment	family	phylum	Firmicutes	1884	cell_LQ_to_LQ	0	0	0				stratum-level weights only, no post-stratification -- sensitivity check; 1381 family clusters
catalogue_weighted_no_nr_adjustment	family	phylum	Firmicutes	1884	slope_d_comp_per_log10Mbp	2.03378	-11.3983	30.429				stratum-level weights only, no post-stratification -- sensitivity check; 1381 family clusters
catalogue_weighted_no_nr_adjustment	family	phylum	Firmicutes	1884	slope_d_cont_per_log10Mbp	-0.805851	-6.48989	16.6011				stratum-level weights only, no post-stratification -- sensitivity check; 1381 family clusters
catalogue_weighted_no_nr_adjustment	family	phylum	Firmicutes_A	2487	p_class_change	0.275992	0.175688	0.421019				stratum-level weights only, no post-stratification -- sensitivity check; 1381 family clusters
catalogue_weighted_no_nr_adjustment	family	phylum	Firmicutes_A	2487	p_downgrade	0.192073	0.105262	0.333064				stratum-level weights only, no post-stratification -- sensitivity check; 1381 family clusters
catalogue_weighted_no_nr_adjustment	family	phylum	Firmicutes_A	2487	p_upgrade	0.0839198	0.019632	0.175078				stratum-level weights only, no post-stratification -- sensitivity check; 1381 family clusters
catalogue_weighted_no_nr_adjustment	family	phylum	Firmicutes_A	2487	p_HQ_checkm2	0.298924	0.121681	0.476622				stratum-level weights only, no post-stratification -- sensitivity check; 1381 family clusters
catalogue_weighted_no_nr_adjustment	family	phylum	Firmicutes_A	2487	p_HQ_magicc	0.254539	0.0742466	0.416305				stratum-level weights only, no post-stratification -- sensitivity check; 1381 family clusters
catalogue_weighted_no_nr_adjustment	family	phylum	Firmicutes_A	2487	HQ_downgrade_rate	0.429222	0.13349	1				stratum-level weights only, no post-stratification -- sensitivity check; 1381 family clusters
catalogue_weighted_no_nr_adjustment	family	phylum	Firmicutes_A	2487	HQ_to_MQ_rate	0.289248	0.04932	0.777976				stratum-level weights only, no post-stratification -- sensitivity check; 1381 family clusters
catalogue_weighted_no_nr_adjustment	family	phylum	Firmicutes_A	2487	HQ_to_LQ_rate	0.139974	0	0.5				stratum-level weights only, no post-stratification -- sensitivity check; 1381 family clusters
catalogue_weighted_no_nr_adjustment	family	phylum	Firmicutes_A	2487	MQ_to_HQ_rate	0.119701	0.0325675	0.224422				stratum-level weights only, no post-stratification -- sensitivity check; 1381 family clusters
catalogue_weighted_no_nr_adjustment	family	phylum	Firmicutes_A	2487	MQ_to_LQ_rate	0.0909572	0.00285945	0.183849				stratum-level weights only, no post-stratification -- sensitivity check; 1381 family clusters
catalogue_weighted_no_nr_adjustment	family	phylum	Firmicutes_A	2487	LQ_to_higher_rate	nan	nan	nan				stratum-level weights only, no post-stratification -- sensitivity check; 1381 family clusters
catalogue_weighted_no_nr_adjustment	family	phylum	Firmicutes_A	2487	cont5_disagreement_rate	0.131628	0.0365187	0.261217				stratum-level weights only, no post-stratification -- sensitivity check; 1381 family clusters
catalogue_weighted_no_nr_adjustment	family	phylum	Firmicutes_A	2487	floor_rate	0.0252556	0.00432258	0.0724084				stratum-level weights only, no post-stratification -- sensitivity check; 1381 family clusters
catalogue_weighted_no_nr_adjustment	family	phylum	Firmicutes_A	2487	floor_rate_exact50	0	0	0				stratum-level weights only, no post-stratification -- sensitivity check; 1381 family clusters
catalogue_weighted_no_nr_adjustment	family	phylum	Firmicutes_A	2487	mean_d_comp	-0.234879	-4.3332	2.6094				stratum-level weights only, no post-stratification -- sensitivity check; 1381 family clusters
catalogue_weighted_no_nr_adjustment	family	phylum	Firmicutes_A	2487	mean_d_cont	0.78295	-1.29192	3.12112				stratum-level weights only, no post-stratification -- sensitivity check; 1381 family clusters
catalogue_weighted_no_nr_adjustment	family	phylum	Firmicutes_A	2487	mean_comp_checkm2	79.6885	74.0406	84.7639				stratum-level weights only, no post-stratification -- sensitivity check; 1381 family clusters
catalogue_weighted_no_nr_adjustment	family	phylum	Firmicutes_A	2487	mean_comp_magicc	79.4536	72.6726	84.8668				stratum-level weights only, no post-stratification -- sensitivity check; 1381 family clusters
catalogue_weighted_no_nr_adjustment	family	phylum	Firmicutes_A	2487	mean_cont_checkm2	2.85987	1.92404	3.5482				stratum-level weights only, no post-stratification -- sensitivity check; 1381 family clusters
catalogue_weighted_no_nr_adjustment	family	phylum	Firmicutes_A	2487	mean_cont_magicc	3.64282	1.74713	5.60018				stratum-level weights only, no post-stratification -- sensitivity check; 1381 family clusters
catalogue_weighted_no_nr_adjustment	family	phylum	Firmicutes_A	2487	cell_HQ_to_HQ	0.170619	0	0.35955				stratum-level weights only, no post-stratification -- sensitivity check; 1381 family clusters
catalogue_weighted_no_nr_adjustment	family	phylum	Firmicutes_A	2487	cell_HQ_to_MQ	0.0864631	0.0160691	0.210349				stratum-level weights only, no post-stratification -- sensitivity check; 1381 family clusters
catalogue_weighted_no_nr_adjustment	family	phylum	Firmicutes_A	2487	cell_HQ_to_LQ	0.0418416	0	0.118295				stratum-level weights only, no post-stratification -- sensitivity check; 1381 family clusters
catalogue_weighted_no_nr_adjustment	family	phylum	Firmicutes_A	2487	cell_MQ_to_HQ	0.0839198	0.019632	0.175078				stratum-level weights only, no post-stratification -- sensitivity check; 1381 family clusters
catalogue_weighted_no_nr_adjustment	family	phylum	Firmicutes_A	2487	cell_MQ_to_MQ	0.553388	0.395925	0.734085				stratum-level weights only, no post-stratification -- sensitivity check; 1381 family clusters
catalogue_weighted_no_nr_adjustment	family	phylum	Firmicutes_A	2487	cell_MQ_to_LQ	0.0637679	0.00223799	0.121616				stratum-level weights only, no post-stratification -- sensitivity check; 1381 family clusters
catalogue_weighted_no_nr_adjustment	family	phylum	Firmicutes_A	2487	cell_LQ_to_HQ	0	0	0				stratum-level weights only, no post-stratification -- sensitivity check; 1381 family clusters
catalogue_weighted_no_nr_adjustment	family	phylum	Firmicutes_A	2487	cell_LQ_to_MQ	0	0	0				stratum-level weights only, no post-stratification -- sensitivity check; 1381 family clusters
catalogue_weighted_no_nr_adjustment	family	phylum	Firmicutes_A	2487	cell_LQ_to_LQ	0	0	0				stratum-level weights only, no post-stratification -- sensitivity check; 1381 family clusters
catalogue_weighted_no_nr_adjustment	family	phylum	Firmicutes_A	2487	slope_d_comp_per_log10Mbp	16.5437	6.25413	28.7401				stratum-level weights only, no post-stratification -- sensitivity check; 1381 family clusters
catalogue_weighted_no_nr_adjustment	family	phylum	Firmicutes_A	2487	slope_d_cont_per_log10Mbp	20.2456	4.79211	29.1917				stratum-level weights only, no post-stratification -- sensitivity check; 1381 family clusters
catalogue_weighted_no_nr_adjustment	family	phylum	Firmicutes_C	412	p_class_change	0.122726	0	0.45156				stratum-level weights only, no post-stratification -- sensitivity check; 1381 family clusters
catalogue_weighted_no_nr_adjustment	family	phylum	Firmicutes_C	412	p_downgrade	0	0	0				stratum-level weights only, no post-stratification -- sensitivity check; 1381 family clusters
catalogue_weighted_no_nr_adjustment	family	phylum	Firmicutes_C	412	p_upgrade	0.122726	0	0.45156				stratum-level weights only, no post-stratification -- sensitivity check; 1381 family clusters
catalogue_weighted_no_nr_adjustment	family	phylum	Firmicutes_C	412	p_HQ_checkm2	0.245452	0	0.582294				stratum-level weights only, no post-stratification -- sensitivity check; 1381 family clusters
catalogue_weighted_no_nr_adjustment	family	phylum	Firmicutes_C	412	p_HQ_magicc	0.368177	0	0.767515				stratum-level weights only, no post-stratification -- sensitivity check; 1381 family clusters
catalogue_weighted_no_nr_adjustment	family	phylum	Firmicutes_C	412	HQ_downgrade_rate	0	0	0				stratum-level weights only, no post-stratification -- sensitivity check; 1381 family clusters
catalogue_weighted_no_nr_adjustment	family	phylum	Firmicutes_C	412	HQ_to_MQ_rate	0	0	0				stratum-level weights only, no post-stratification -- sensitivity check; 1381 family clusters
catalogue_weighted_no_nr_adjustment	family	phylum	Firmicutes_C	412	HQ_to_LQ_rate	0	0	0				stratum-level weights only, no post-stratification -- sensitivity check; 1381 family clusters
catalogue_weighted_no_nr_adjustment	family	phylum	Firmicutes_C	412	MQ_to_HQ_rate	0.162648	0	0.571873				stratum-level weights only, no post-stratification -- sensitivity check; 1381 family clusters
catalogue_weighted_no_nr_adjustment	family	phylum	Firmicutes_C	412	MQ_to_LQ_rate	0	0	0				stratum-level weights only, no post-stratification -- sensitivity check; 1381 family clusters
catalogue_weighted_no_nr_adjustment	family	phylum	Firmicutes_C	412	LQ_to_higher_rate	nan	nan	nan				stratum-level weights only, no post-stratification -- sensitivity check; 1381 family clusters
catalogue_weighted_no_nr_adjustment	family	phylum	Firmicutes_C	412	cont5_disagreement_rate	0	0	0				stratum-level weights only, no post-stratification -- sensitivity check; 1381 family clusters
catalogue_weighted_no_nr_adjustment	family	phylum	Firmicutes_C	412	floor_rate	0.0267921	0.0013848	0.0998937				stratum-level weights only, no post-stratification -- sensitivity check; 1381 family clusters
catalogue_weighted_no_nr_adjustment	family	phylum	Firmicutes_C	412	floor_rate_exact50	0	0	0				stratum-level weights only, no post-stratification -- sensitivity check; 1381 family clusters
catalogue_weighted_no_nr_adjustment	family	phylum	Firmicutes_C	412	mean_d_comp	1.47555	-3.46816	6.93265				stratum-level weights only, no post-stratification -- sensitivity check; 1381 family clusters
catalogue_weighted_no_nr_adjustment	family	phylum	Firmicutes_C	412	mean_d_cont	-1.75492	-3.462	-0.0953514				stratum-level weights only, no post-stratification -- sensitivity check; 1381 family clusters
catalogue_weighted_no_nr_adjustment	family	phylum	Firmicutes_C	412	mean_comp_checkm2	77.473	65.368	88.3523				stratum-level weights only, no post-stratification -- sensitivity check; 1381 family clusters
catalogue_weighted_no_nr_adjustment	family	phylum	Firmicutes_C	412	mean_comp_magicc	78.9485	66.7741	90.5575				stratum-level weights only, no post-stratification -- sensitivity check; 1381 family clusters
catalogue_weighted_no_nr_adjustment	family	phylum	Firmicutes_C	412	mean_cont_checkm2	2.37694	0.838356	3.71728				stratum-level weights only, no post-stratification -- sensitivity check; 1381 family clusters
catalogue_weighted_no_nr_adjustment	family	phylum	Firmicutes_C	412	mean_cont_magicc	0.622022	0.018729	1.46617				stratum-level weights only, no post-stratification -- sensitivity check; 1381 family clusters
catalogue_weighted_no_nr_adjustment	family	phylum	Firmicutes_C	412	cell_HQ_to_HQ	0.245452	0	0.582294				stratum-level weights only, no post-stratification -- sensitivity check; 1381 family clusters
catalogue_weighted_no_nr_adjustment	family	phylum	Firmicutes_C	412	cell_HQ_to_MQ	0	0	0				stratum-level weights only, no post-stratification -- sensitivity check; 1381 family clusters
catalogue_weighted_no_nr_adjustment	family	phylum	Firmicutes_C	412	cell_HQ_to_LQ	0	0	0				stratum-level weights only, no post-stratification -- sensitivity check; 1381 family clusters
catalogue_weighted_no_nr_adjustment	family	phylum	Firmicutes_C	412	cell_MQ_to_HQ	0.122726	0	0.45156				stratum-level weights only, no post-stratification -- sensitivity check; 1381 family clusters
catalogue_weighted_no_nr_adjustment	family	phylum	Firmicutes_C	412	cell_MQ_to_MQ	0.631823	0.232485	1				stratum-level weights only, no post-stratification -- sensitivity check; 1381 family clusters
catalogue_weighted_no_nr_adjustment	family	phylum	Firmicutes_C	412	cell_MQ_to_LQ	0	0	0				stratum-level weights only, no post-stratification -- sensitivity check; 1381 family clusters
catalogue_weighted_no_nr_adjustment	family	phylum	Firmicutes_C	412	cell_LQ_to_HQ	0	0	0				stratum-level weights only, no post-stratification -- sensitivity check; 1381 family clusters
catalogue_weighted_no_nr_adjustment	family	phylum	Firmicutes_C	412	cell_LQ_to_MQ	0	0	0				stratum-level weights only, no post-stratification -- sensitivity check; 1381 family clusters
catalogue_weighted_no_nr_adjustment	family	phylum	Firmicutes_C	412	cell_LQ_to_LQ	0	0	0				stratum-level weights only, no post-stratification -- sensitivity check; 1381 family clusters
catalogue_weighted_no_nr_adjustment	family	phylum	Firmicutes_C	412	slope_d_comp_per_log10Mbp	14.992	-11.8274	38.4037				stratum-level weights only, no post-stratification -- sensitivity check; 1381 family clusters
catalogue_weighted_no_nr_adjustment	family	phylum	Firmicutes_C	412	slope_d_cont_per_log10Mbp	5.757	-3.49655	21.4283				stratum-level weights only, no post-stratification -- sensitivity check; 1381 family clusters
catalogue_weighted_no_nr_adjustment	family	phylum	Nanoarchaeota	670	p_class_change	0.763497	0.403916	0.897481				stratum-level weights only, no post-stratification -- sensitivity check; 1381 family clusters
catalogue_weighted_no_nr_adjustment	family	phylum	Nanoarchaeota	670	p_downgrade	0.557303	0.123077	0.814535				stratum-level weights only, no post-stratification -- sensitivity check; 1381 family clusters
catalogue_weighted_no_nr_adjustment	family	phylum	Nanoarchaeota	670	p_upgrade	0.206194	0	0.676434				stratum-level weights only, no post-stratification -- sensitivity check; 1381 family clusters
catalogue_weighted_no_nr_adjustment	family	phylum	Nanoarchaeota	670	p_HQ_checkm2	0.0579665	0.0312826	0.204846				stratum-level weights only, no post-stratification -- sensitivity check; 1381 family clusters
catalogue_weighted_no_nr_adjustment	family	phylum	Nanoarchaeota	670	p_HQ_magicc	0.207932	0.00118334	0.681026				stratum-level weights only, no post-stratification -- sensitivity check; 1381 family clusters
catalogue_weighted_no_nr_adjustment	family	phylum	Nanoarchaeota	670	HQ_downgrade_rate	0.97	0.909994	1				stratum-level weights only, no post-stratification -- sensitivity check; 1381 family clusters
catalogue_weighted_no_nr_adjustment	family	phylum	Nanoarchaeota	670	HQ_to_MQ_rate	0.65	0.526868	0.770276				stratum-level weights only, no post-stratification -- sensitivity check; 1381 family clusters
catalogue_weighted_no_nr_adjustment	family	phylum	Nanoarchaeota	670	HQ_to_LQ_rate	0.32	0.219774	0.441566				stratum-level weights only, no post-stratification -- sensitivity check; 1381 family clusters
catalogue_weighted_no_nr_adjustment	family	phylum	Nanoarchaeota	670	MQ_to_HQ_rate	0.218881	0	0.718849				stratum-level weights only, no post-stratification -- sensitivity check; 1381 family clusters
catalogue_weighted_no_nr_adjustment	family	phylum	Nanoarchaeota	670	MQ_to_LQ_rate	0.531909	0.0590888	0.804908				stratum-level weights only, no post-stratification -- sensitivity check; 1381 family clusters
catalogue_weighted_no_nr_adjustment	family	phylum	Nanoarchaeota	670	LQ_to_higher_rate	nan	nan	nan				stratum-level weights only, no post-stratification -- sensitivity check; 1381 family clusters
catalogue_weighted_no_nr_adjustment	family	phylum	Nanoarchaeota	670	cont5_disagreement_rate	0.594398	0.122042	0.835308				stratum-level weights only, no post-stratification -- sensitivity check; 1381 family clusters
catalogue_weighted_no_nr_adjustment	family	phylum	Nanoarchaeota	670	floor_rate	0.0260849	0.0106163	0.107705				stratum-level weights only, no post-stratification -- sensitivity check; 1381 family clusters
catalogue_weighted_no_nr_adjustment	family	phylum	Nanoarchaeota	670	floor_rate_exact50	0	0	0				stratum-level weights only, no post-stratification -- sensitivity check; 1381 family clusters
catalogue_weighted_no_nr_adjustment	family	phylum	Nanoarchaeota	670	mean_d_comp	-1.14792	-17.7428	17.7359				stratum-level weights only, no post-stratification -- sensitivity check; 1381 family clusters
catalogue_weighted_no_nr_adjustment	family	phylum	Nanoarchaeota	670	mean_d_cont	19.4355	3.01797	33.7145				stratum-level weights only, no post-stratification -- sensitivity check; 1381 family clusters
catalogue_weighted_no_nr_adjustment	family	phylum	Nanoarchaeota	670	mean_comp_checkm2	77.9045	69.9127	82.9466				stratum-level weights only, no post-stratification -- sensitivity check; 1381 family clusters
catalogue_weighted_no_nr_adjustment	family	phylum	Nanoarchaeota	670	mean_comp_magicc	76.7565	60.7979	87.7645				stratum-level weights only, no post-stratification -- sensitivity check; 1381 family clusters
catalogue_weighted_no_nr_adjustment	family	phylum	Nanoarchaeota	670	mean_cont_checkm2	1.93196	0.652772	2.72429				stratum-level weights only, no post-stratification -- sensitivity check; 1381 family clusters
catalogue_weighted_no_nr_adjustment	family	phylum	Nanoarchaeota	670	mean_cont_magicc	21.3675	3.65074	35.3984				stratum-level weights only, no post-stratification -- sensitivity check; 1381 family clusters
catalogue_weighted_no_nr_adjustment	family	phylum	Nanoarchaeota	670	cell_HQ_to_HQ	0.00173899	0	0.0100714				stratum-level weights only, no post-stratification -- sensitivity check; 1381 family clusters
catalogue_weighted_no_nr_adjustment	family	phylum	Nanoarchaeota	670	cell_HQ_to_MQ	0.0376782	0.0198086	0.128779				stratum-level weights only, no post-stratification -- sensitivity check; 1381 family clusters
catalogue_weighted_no_nr_adjustment	family	phylum	Nanoarchaeota	670	cell_HQ_to_LQ	0.0185493	0.00898664	0.0671662				stratum-level weights only, no post-stratification -- sensitivity check; 1381 family clusters
catalogue_weighted_no_nr_adjustment	family	phylum	Nanoarchaeota	670	cell_MQ_to_HQ	0.206194	0	0.676434				stratum-level weights only, no post-stratification -- sensitivity check; 1381 family clusters
catalogue_weighted_no_nr_adjustment	family	phylum	Nanoarchaeota	670	cell_MQ_to_MQ	0.234764	0.100807	0.589628				stratum-level weights only, no post-stratification -- sensitivity check; 1381 family clusters
catalogue_weighted_no_nr_adjustment	family	phylum	Nanoarchaeota	670	cell_MQ_to_LQ	0.501076	0.0544692	0.760472				stratum-level weights only, no post-stratification -- sensitivity check; 1381 family clusters
catalogue_weighted_no_nr_adjustment	family	phylum	Nanoarchaeota	670	cell_LQ_to_HQ	0	0	0				stratum-level weights only, no post-stratification -- sensitivity check; 1381 family clusters
catalogue_weighted_no_nr_adjustment	family	phylum	Nanoarchaeota	670	cell_LQ_to_MQ	0	0	0				stratum-level weights only, no post-stratification -- sensitivity check; 1381 family clusters
catalogue_weighted_no_nr_adjustment	family	phylum	Nanoarchaeota	670	cell_LQ_to_LQ	0	0	0				stratum-level weights only, no post-stratification -- sensitivity check; 1381 family clusters
catalogue_weighted_no_nr_adjustment	family	phylum	Nanoarchaeota	670	slope_d_comp_per_log10Mbp	68.7163	6.85686	145.101				stratum-level weights only, no post-stratification -- sensitivity check; 1381 family clusters
catalogue_weighted_no_nr_adjustment	family	phylum	Nanoarchaeota	670	slope_d_cont_per_log10Mbp	69.7912	-3.9094	111.443				stratum-level weights only, no post-stratification -- sensitivity check; 1381 family clusters
catalogue_weighted_no_nr_adjustment	family	phylum	Patescibacteria	7343	p_class_change	0.455259	0.344453	0.559461				stratum-level weights only, no post-stratification -- sensitivity check; 1381 family clusters
catalogue_weighted_no_nr_adjustment	family	phylum	Patescibacteria	7343	p_downgrade	0.397659	0.289685	0.508533				stratum-level weights only, no post-stratification -- sensitivity check; 1381 family clusters
catalogue_weighted_no_nr_adjustment	family	phylum	Patescibacteria	7343	p_upgrade	0.0576001	0.012155	0.116854				stratum-level weights only, no post-stratification -- sensitivity check; 1381 family clusters
catalogue_weighted_no_nr_adjustment	family	phylum	Patescibacteria	7343	p_HQ_checkm2	0.485546	0.367436	0.599153				stratum-level weights only, no post-stratification -- sensitivity check; 1381 family clusters
catalogue_weighted_no_nr_adjustment	family	phylum	Patescibacteria	7343	p_HQ_magicc	0.303166	0.198382	0.40993				stratum-level weights only, no post-stratification -- sensitivity check; 1381 family clusters
catalogue_weighted_no_nr_adjustment	family	phylum	Patescibacteria	7343	HQ_downgrade_rate	0.49412	0.334607	0.666219				stratum-level weights only, no post-stratification -- sensitivity check; 1381 family clusters
catalogue_weighted_no_nr_adjustment	family	phylum	Patescibacteria	7343	HQ_to_MQ_rate	0.270901	0.168027	0.406751				stratum-level weights only, no post-stratification -- sensitivity check; 1381 family clusters
catalogue_weighted_no_nr_adjustment	family	phylum	Patescibacteria	7343	HQ_to_LQ_rate	0.223219	0.0809596	0.3973				stratum-level weights only, no post-stratification -- sensitivity check; 1381 family clusters
catalogue_weighted_no_nr_adjustment	family	phylum	Patescibacteria	7343	MQ_to_HQ_rate	0.111857	0.0245275	0.214479				stratum-level weights only, no post-stratification -- sensitivity check; 1381 family clusters
catalogue_weighted_no_nr_adjustment	family	phylum	Patescibacteria	7343	MQ_to_LQ_rate	0.306655	0.149745	0.458199				stratum-level weights only, no post-stratification -- sensitivity check; 1381 family clusters
catalogue_weighted_no_nr_adjustment	family	phylum	Patescibacteria	7343	LQ_to_higher_rate	1	1	1				stratum-level weights only, no post-stratification -- sensitivity check; 1381 family clusters
catalogue_weighted_no_nr_adjustment	family	phylum	Patescibacteria	7343	cont5_disagreement_rate	0.297667	0.191214	0.40832				stratum-level weights only, no post-stratification -- sensitivity check; 1381 family clusters
catalogue_weighted_no_nr_adjustment	family	phylum	Patescibacteria	7343	floor_rate	0.0148738	0.0105254	0.0201333				stratum-level weights only, no post-stratification -- sensitivity check; 1381 family clusters
catalogue_weighted_no_nr_adjustment	family	phylum	Patescibacteria	7343	floor_rate_exact50	0	0	0				stratum-level weights only, no post-stratification -- sensitivity check; 1381 family clusters
catalogue_weighted_no_nr_adjustment	family	phylum	Patescibacteria	7343	mean_d_comp	-3.78139	-7.29388	-0.377351				stratum-level weights only, no post-stratification -- sensitivity check; 1381 family clusters
catalogue_weighted_no_nr_adjustment	family	phylum	Patescibacteria	7343	mean_d_cont	6.47465	3.18834	10.5221				stratum-level weights only, no post-stratification -- sensitivity check; 1381 family clusters
catalogue_weighted_no_nr_adjustment	family	phylum	Patescibacteria	7343	mean_comp_checkm2	86.106	83.1472	88.7358				stratum-level weights only, no post-stratification -- sensitivity check; 1381 family clusters
catalogue_weighted_no_nr_adjustment	family	phylum	Patescibacteria	7343	mean_comp_magicc	82.3246	79.0782	85.0782				stratum-level weights only, no post-stratification -- sensitivity check; 1381 family clusters
catalogue_weighted_no_nr_adjustment	family	phylum	Patescibacteria	7343	mean_cont_checkm2	2.1409	1.67695	2.66988				stratum-level weights only, no post-stratification -- sensitivity check; 1381 family clusters
catalogue_weighted_no_nr_adjustment	family	phylum	Patescibacteria	7343	mean_cont_magicc	8.61554	5.09039	12.9395				stratum-level weights only, no post-stratification -- sensitivity check; 1381 family clusters
catalogue_weighted_no_nr_adjustment	family	phylum	Patescibacteria	7343	cell_HQ_to_HQ	0.245628	0.141644	0.356074				stratum-level weights only, no post-stratification -- sensitivity check; 1381 family clusters
catalogue_weighted_no_nr_adjustment	family	phylum	Patescibacteria	7343	cell_HQ_to_MQ	0.131535	0.0828812	0.200266				stratum-level weights only, no post-stratification -- sensitivity check; 1381 family clusters
catalogue_weighted_no_nr_adjustment	family	phylum	Patescibacteria	7343	cell_HQ_to_LQ	0.108383	0.039233	0.195189				stratum-level weights only, no post-stratification -- sensitivity check; 1381 family clusters
catalogue_weighted_no_nr_adjustment	family	phylum	Patescibacteria	7343	cell_MQ_to_HQ	0.0575381	0.0120679	0.116714				stratum-level weights only, no post-stratification -- sensitivity check; 1381 family clusters
catalogue_weighted_no_nr_adjustment	family	phylum	Patescibacteria	7343	cell_MQ_to_MQ	0.299113	0.22925	0.388064				stratum-level weights only, no post-stratification -- sensitivity check; 1381 family clusters
catalogue_weighted_no_nr_adjustment	family	phylum	Patescibacteria	7343	cell_MQ_to_LQ	0.157741	0.0714986	0.2581				stratum-level weights only, no post-stratification -- sensitivity check; 1381 family clusters
catalogue_weighted_no_nr_adjustment	family	phylum	Patescibacteria	7343	cell_LQ_to_HQ	0	0	0				stratum-level weights only, no post-stratification -- sensitivity check; 1381 family clusters
catalogue_weighted_no_nr_adjustment	family	phylum	Patescibacteria	7343	cell_LQ_to_MQ	6.1974e-05	0	0.00021391				stratum-level weights only, no post-stratification -- sensitivity check; 1381 family clusters
catalogue_weighted_no_nr_adjustment	family	phylum	Patescibacteria	7343	cell_LQ_to_LQ	0	0	0				stratum-level weights only, no post-stratification -- sensitivity check; 1381 family clusters
catalogue_weighted_no_nr_adjustment	family	phylum	Patescibacteria	7343	slope_d_comp_per_log10Mbp	41.0832	22.7605	60.3183				stratum-level weights only, no post-stratification -- sensitivity check; 1381 family clusters
catalogue_weighted_no_nr_adjustment	family	phylum	Patescibacteria	7343	slope_d_cont_per_log10Mbp	31.0707	10.8226	54.941				stratum-level weights only, no post-stratification -- sensitivity check; 1381 family clusters
catalogue_weighted_no_nr_adjustment	family	phylum	Proteobacteria	1621	p_class_change	0.30433	0.245113	0.364449				stratum-level weights only, no post-stratification -- sensitivity check; 1381 family clusters
catalogue_weighted_no_nr_adjustment	family	phylum	Proteobacteria	1621	p_downgrade	0.18386	0.139197	0.231951				stratum-level weights only, no post-stratification -- sensitivity check; 1381 family clusters
catalogue_weighted_no_nr_adjustment	family	phylum	Proteobacteria	1621	p_upgrade	0.12047	0.0793578	0.170259				stratum-level weights only, no post-stratification -- sensitivity check; 1381 family clusters
catalogue_weighted_no_nr_adjustment	family	phylum	Proteobacteria	1621	p_HQ_checkm2	0.379405	0.305828	0.442594				stratum-level weights only, no post-stratification -- sensitivity check; 1381 family clusters
catalogue_weighted_no_nr_adjustment	family	phylum	Proteobacteria	1621	p_HQ_magicc	0.338933	0.274169	0.400248				stratum-level weights only, no post-stratification -- sensitivity check; 1381 family clusters
catalogue_weighted_no_nr_adjustment	family	phylum	Proteobacteria	1621	HQ_downgrade_rate	0.424196	0.322097	0.537248				stratum-level weights only, no post-stratification -- sensitivity check; 1381 family clusters
catalogue_weighted_no_nr_adjustment	family	phylum	Proteobacteria	1621	HQ_to_MQ_rate	0.377199	0.274297	0.482372				stratum-level weights only, no post-stratification -- sensitivity check; 1381 family clusters
catalogue_weighted_no_nr_adjustment	family	phylum	Proteobacteria	1621	HQ_to_LQ_rate	0.0469963	0.0102238	0.107829				stratum-level weights only, no post-stratification -- sensitivity check; 1381 family clusters
catalogue_weighted_no_nr_adjustment	family	phylum	Proteobacteria	1621	MQ_to_HQ_rate	0.19412	0.130989	0.264249				stratum-level weights only, no post-stratification -- sensitivity check; 1381 family clusters
catalogue_weighted_no_nr_adjustment	family	phylum	Proteobacteria	1621	MQ_to_LQ_rate	0.0369297	0.00910658	0.0751256				stratum-level weights only, no post-stratification -- sensitivity check; 1381 family clusters
catalogue_weighted_no_nr_adjustment	family	phylum	Proteobacteria	1621	LQ_to_higher_rate	nan	nan	nan				stratum-level weights only, no post-stratification -- sensitivity check; 1381 family clusters
catalogue_weighted_no_nr_adjustment	family	phylum	Proteobacteria	1621	cont5_disagreement_rate	0.0492438	0.0195473	0.0907083				stratum-level weights only, no post-stratification -- sensitivity check; 1381 family clusters
catalogue_weighted_no_nr_adjustment	family	phylum	Proteobacteria	1621	floor_rate	0.00134847	0.000499243	0.00247004				stratum-level weights only, no post-stratification -- sensitivity check; 1381 family clusters
catalogue_weighted_no_nr_adjustment	family	phylum	Proteobacteria	1621	floor_rate_exact50	0	0	0				stratum-level weights only, no post-stratification -- sensitivity check; 1381 family clusters
catalogue_weighted_no_nr_adjustment	family	phylum	Proteobacteria	1621	mean_d_comp	-1.22071	-2.75806	0.393177				stratum-level weights only, no post-stratification -- sensitivity check; 1381 family clusters
catalogue_weighted_no_nr_adjustment	family	phylum	Proteobacteria	1621	mean_d_cont	-1.1427	-1.90766	-0.0491096				stratum-level weights only, no post-stratification -- sensitivity check; 1381 family clusters
catalogue_weighted_no_nr_adjustment	family	phylum	Proteobacteria	1621	mean_comp_checkm2	82.4384	80.3585	84.3705				stratum-level weights only, no post-stratification -- sensitivity check; 1381 family clusters
catalogue_weighted_no_nr_adjustment	family	phylum	Proteobacteria	1621	mean_comp_magicc	81.2177	79.1758	83.2356				stratum-level weights only, no post-stratification -- sensitivity check; 1381 family clusters
catalogue_weighted_no_nr_adjustment	family	phylum	Proteobacteria	1621	mean_cont_checkm2	3.04789	2.68944	3.42708				stratum-level weights only, no post-stratification -- sensitivity check; 1381 family clusters
catalogue_weighted_no_nr_adjustment	family	phylum	Proteobacteria	1621	mean_cont_magicc	1.90519	1.19546	2.99172				stratum-level weights only, no post-stratification -- sensitivity check; 1381 family clusters
catalogue_weighted_no_nr_adjustment	family	phylum	Proteobacteria	1621	cell_HQ_to_HQ	0.218463	0.155248	0.273525				stratum-level weights only, no post-stratification -- sensitivity check; 1381 family clusters
catalogue_weighted_no_nr_adjustment	family	phylum	Proteobacteria	1621	cell_HQ_to_MQ	0.143111	0.0985741	0.186493				stratum-level weights only, no post-stratification -- sensitivity check; 1381 family clusters
catalogue_weighted_no_nr_adjustment	family	phylum	Proteobacteria	1621	cell_HQ_to_LQ	0.0178306	0.00380194	0.0407964				stratum-level weights only, no post-stratification -- sensitivity check; 1381 family clusters
catalogue_weighted_no_nr_adjustment	family	phylum	Proteobacteria	1621	cell_MQ_to_HQ	0.12047	0.0793578	0.170259				stratum-level weights only, no post-stratification -- sensitivity check; 1381 family clusters
catalogue_weighted_no_nr_adjustment	family	phylum	Proteobacteria	1621	cell_MQ_to_MQ	0.477207	0.416039	0.541238				stratum-level weights only, no post-stratification -- sensitivity check; 1381 family clusters
catalogue_weighted_no_nr_adjustment	family	phylum	Proteobacteria	1621	cell_MQ_to_LQ	0.0229184	0.00550167	0.047651				stratum-level weights only, no post-stratification -- sensitivity check; 1381 family clusters
catalogue_weighted_no_nr_adjustment	family	phylum	Proteobacteria	1621	cell_LQ_to_HQ	0	0	0				stratum-level weights only, no post-stratification -- sensitivity check; 1381 family clusters
catalogue_weighted_no_nr_adjustment	family	phylum	Proteobacteria	1621	cell_LQ_to_MQ	0	0	0				stratum-level weights only, no post-stratification -- sensitivity check; 1381 family clusters
catalogue_weighted_no_nr_adjustment	family	phylum	Proteobacteria	1621	cell_LQ_to_LQ	0	0	0				stratum-level weights only, no post-stratification -- sensitivity check; 1381 family clusters
catalogue_weighted_no_nr_adjustment	family	phylum	Proteobacteria	1621	slope_d_comp_per_log10Mbp	17.4562	9.43854	27.4628				stratum-level weights only, no post-stratification -- sensitivity check; 1381 family clusters
catalogue_weighted_no_nr_adjustment	family	phylum	Proteobacteria	1621	slope_d_cont_per_log10Mbp	1.52748	-2.5989	7.17714				stratum-level weights only, no post-stratification -- sensitivity check; 1381 family clusters
catalogue_weighted_no_nr_adjustment	family	phylum	Thermoplasmatota	282	p_class_change	0.513011	0.00348181	0.860551				stratum-level weights only, no post-stratification -- sensitivity check; 1381 family clusters
catalogue_weighted_no_nr_adjustment	family	phylum	Thermoplasmatota	282	p_downgrade	0.206075	0.000804386	0.27613				stratum-level weights only, no post-stratification -- sensitivity check; 1381 family clusters
catalogue_weighted_no_nr_adjustment	family	phylum	Thermoplasmatota	282	p_upgrade	0.306937	0	0.854724				stratum-level weights only, no post-stratification -- sensitivity check; 1381 family clusters
catalogue_weighted_no_nr_adjustment	family	phylum	Thermoplasmatota	282	p_HQ_checkm2	0.102312	0	0.137403				stratum-level weights only, no post-stratification -- sensitivity check; 1381 family clusters
catalogue_weighted_no_nr_adjustment	family	phylum	Thermoplasmatota	282	p_HQ_magicc	0.306937	0	0.854724				stratum-level weights only, no post-stratification -- sensitivity check; 1381 family clusters
catalogue_weighted_no_nr_adjustment	family	phylum	Thermoplasmatota	282	HQ_downgrade_rate	1	1	1				stratum-level weights only, no post-stratification -- sensitivity check; 1381 family clusters
catalogue_weighted_no_nr_adjustment	family	phylum	Thermoplasmatota	282	HQ_to_MQ_rate	1	1	1				stratum-level weights only, no post-stratification -- sensitivity check; 1381 family clusters
catalogue_weighted_no_nr_adjustment	family	phylum	Thermoplasmatota	282	HQ_to_LQ_rate	0	0	0				stratum-level weights only, no post-stratification -- sensitivity check; 1381 family clusters
catalogue_weighted_no_nr_adjustment	family	phylum	Thermoplasmatota	282	MQ_to_HQ_rate	0.341919	0	0.854724				stratum-level weights only, no post-stratification -- sensitivity check; 1381 family clusters
catalogue_weighted_no_nr_adjustment	family	phylum	Thermoplasmatota	282	MQ_to_LQ_rate	0.115589	0.000804386	0.16096				stratum-level weights only, no post-stratification -- sensitivity check; 1381 family clusters
catalogue_weighted_no_nr_adjustment	family	phylum	Thermoplasmatota	282	LQ_to_higher_rate	nan	nan	nan				stratum-level weights only, no post-stratification -- sensitivity check; 1381 family clusters
catalogue_weighted_no_nr_adjustment	family	phylum	Thermoplasmatota	282	cont5_disagreement_rate	0.00402638	0	0.127054				stratum-level weights only, no post-stratification -- sensitivity check; 1381 family clusters
catalogue_weighted_no_nr_adjustment	family	phylum	Thermoplasmatota	282	floor_rate	0.019725	0.00388869	0.32709				stratum-level weights only, no post-stratification -- sensitivity check; 1381 family clusters
catalogue_weighted_no_nr_adjustment	family	phylum	Thermoplasmatota	282	floor_rate_exact50	0	0	0				stratum-level weights only, no post-stratification -- sensitivity check; 1381 family clusters
catalogue_weighted_no_nr_adjustment	family	phylum	Thermoplasmatota	282	mean_d_comp	0.985029	-11.881	3.29833				stratum-level weights only, no post-stratification -- sensitivity check; 1381 family clusters
catalogue_weighted_no_nr_adjustment	family	phylum	Thermoplasmatota	282	mean_d_cont	-2.53389	-7.65665	-0.140786				stratum-level weights only, no post-stratification -- sensitivity check; 1381 family clusters
catalogue_weighted_no_nr_adjustment	family	phylum	Thermoplasmatota	282	mean_comp_checkm2	80.8789	59.2086	84.7291				stratum-level weights only, no post-stratification -- sensitivity check; 1381 family clusters
catalogue_weighted_no_nr_adjustment	family	phylum	Thermoplasmatota	282	mean_comp_magicc	81.8639	51.5996	85.4726				stratum-level weights only, no post-stratification -- sensitivity check; 1381 family clusters
catalogue_weighted_no_nr_adjustment	family	phylum	Thermoplasmatota	282	mean_cont_checkm2	3.95247	1.093	8.05833				stratum-level weights only, no post-stratification -- sensitivity check; 1381 family clusters
catalogue_weighted_no_nr_adjustment	family	phylum	Thermoplasmatota	282	mean_cont_magicc	1.41857	0.384142	1.65126				stratum-level weights only, no post-stratification -- sensitivity check; 1381 family clusters
catalogue_weighted_no_nr_adjustment	family	phylum	Thermoplasmatota	282	cell_HQ_to_HQ	0	0	0				stratum-level weights only, no post-stratification -- sensitivity check; 1381 family clusters
catalogue_weighted_no_nr_adjustment	family	phylum	Thermoplasmatota	282	cell_HQ_to_MQ	0.102312	0	0.137403				stratum-level weights only, no post-stratification -- sensitivity check; 1381 family clusters
catalogue_weighted_no_nr_adjustment	family	phylum	Thermoplasmatota	282	cell_HQ_to_LQ	0	0	0				stratum-level weights only, no post-stratification -- sensitivity check; 1381 family clusters
catalogue_weighted_no_nr_adjustment	family	phylum	Thermoplasmatota	282	cell_MQ_to_HQ	0.306937	0	0.854724				stratum-level weights only, no post-stratification -- sensitivity check; 1381 family clusters
catalogue_weighted_no_nr_adjustment	family	phylum	Thermoplasmatota	282	cell_MQ_to_MQ	0.486989	0.139449	0.996518				stratum-level weights only, no post-stratification -- sensitivity check; 1381 family clusters
catalogue_weighted_no_nr_adjustment	family	phylum	Thermoplasmatota	282	cell_MQ_to_LQ	0.103763	0.000804386	0.138888				stratum-level weights only, no post-stratification -- sensitivity check; 1381 family clusters
catalogue_weighted_no_nr_adjustment	family	phylum	Thermoplasmatota	282	cell_LQ_to_HQ	0	0	0				stratum-level weights only, no post-stratification -- sensitivity check; 1381 family clusters
catalogue_weighted_no_nr_adjustment	family	phylum	Thermoplasmatota	282	cell_LQ_to_MQ	0	0	0				stratum-level weights only, no post-stratification -- sensitivity check; 1381 family clusters
catalogue_weighted_no_nr_adjustment	family	phylum	Thermoplasmatota	282	cell_LQ_to_LQ	0	0	0				stratum-level weights only, no post-stratification -- sensitivity check; 1381 family clusters
catalogue_weighted_no_nr_adjustment	family	phylum	Thermoplasmatota	282	slope_d_comp_per_log10Mbp	43.9908	-42.3114	56.1723				stratum-level weights only, no post-stratification -- sensitivity check; 1381 family clusters
catalogue_weighted_no_nr_adjustment	family	phylum	Thermoplasmatota	282	slope_d_cont_per_log10Mbp	-7.00784	-33.16	-2.52456				stratum-level weights only, no post-stratification -- sensitivity check; 1381 family clusters
catalogue_weighted_no_nr_adjustment	family	phylum	Thermoproteota	361	p_class_change	0.484483	0.253775	0.668735				stratum-level weights only, no post-stratification -- sensitivity check; 1381 family clusters
catalogue_weighted_no_nr_adjustment	family	phylum	Thermoproteota	361	p_downgrade	0.373165	0.123695	0.580168				stratum-level weights only, no post-stratification -- sensitivity check; 1381 family clusters
catalogue_weighted_no_nr_adjustment	family	phylum	Thermoproteota	361	p_upgrade	0.111318	0	0.285519				stratum-level weights only, no post-stratification -- sensitivity check; 1381 family clusters
catalogue_weighted_no_nr_adjustment	family	phylum	Thermoproteota	361	p_HQ_checkm2	0.334165	0.187106	0.510826				stratum-level weights only, no post-stratification -- sensitivity check; 1381 family clusters
catalogue_weighted_no_nr_adjustment	family	phylum	Thermoproteota	361	p_HQ_magicc	0.222636	0.0688218	0.440337				stratum-level weights only, no post-stratification -- sensitivity check; 1381 family clusters
catalogue_weighted_no_nr_adjustment	family	phylum	Thermoproteota	361	HQ_downgrade_rate	0.666877	0.285714	1				stratum-level weights only, no post-stratification -- sensitivity check; 1381 family clusters
catalogue_weighted_no_nr_adjustment	family	phylum	Thermoproteota	361	HQ_to_MQ_rate	0.222712	0	0.625266				stratum-level weights only, no post-stratification -- sensitivity check; 1381 family clusters
catalogue_weighted_no_nr_adjustment	family	phylum	Thermoproteota	361	HQ_to_LQ_rate	0.444165	0	0.8				stratum-level weights only, no post-stratification -- sensitivity check; 1381 family clusters
catalogue_weighted_no_nr_adjustment	family	phylum	Thermoproteota	361	MQ_to_HQ_rate	0.167186	0	0.409873				stratum-level weights only, no post-stratification -- sensitivity check; 1381 family clusters
catalogue_weighted_no_nr_adjustment	family	phylum	Thermoproteota	361	MQ_to_LQ_rate	0.225758	0.00176876	0.447199				stratum-level weights only, no post-stratification -- sensitivity check; 1381 family clusters
catalogue_weighted_no_nr_adjustment	family	phylum	Thermoproteota	361	LQ_to_higher_rate	nan	nan	nan				stratum-level weights only, no post-stratification -- sensitivity check; 1381 family clusters
catalogue_weighted_no_nr_adjustment	family	phylum	Thermoproteota	361	cont5_disagreement_rate	0.296942	0.0462819	0.515915				stratum-level weights only, no post-stratification -- sensitivity check; 1381 family clusters
catalogue_weighted_no_nr_adjustment	family	phylum	Thermoproteota	361	floor_rate	0.00578612	0.00326203	0.0111351				stratum-level weights only, no post-stratification -- sensitivity check; 1381 family clusters
catalogue_weighted_no_nr_adjustment	family	phylum	Thermoproteota	361	floor_rate_exact50	0	0	0				stratum-level weights only, no post-stratification -- sensitivity check; 1381 family clusters
catalogue_weighted_no_nr_adjustment	family	phylum	Thermoproteota	361	mean_d_comp	-1.44757	-7.35693	7.59817				stratum-level weights only, no post-stratification -- sensitivity check; 1381 family clusters
catalogue_weighted_no_nr_adjustment	family	phylum	Thermoproteota	361	mean_d_cont	4.83609	0.0433914	9.66307				stratum-level weights only, no post-stratification -- sensitivity check; 1381 family clusters
catalogue_weighted_no_nr_adjustment	family	phylum	Thermoproteota	361	mean_comp_checkm2	79.6028	74.0632	85.2352				stratum-level weights only, no post-stratification -- sensitivity check; 1381 family clusters
catalogue_weighted_no_nr_adjustment	family	phylum	Thermoproteota	361	mean_comp_magicc	78.1552	72.1315	86.3218				stratum-level weights only, no post-stratification -- sensitivity check; 1381 family clusters
catalogue_weighted_no_nr_adjustment	family	phylum	Thermoproteota	361	mean_cont_checkm2	2.21884	1.32633	3.0928				stratum-level weights only, no post-stratification -- sensitivity check; 1381 family clusters
catalogue_weighted_no_nr_adjustment	family	phylum	Thermoproteota	361	mean_cont_magicc	7.05494	1.93853	12.0605				stratum-level weights only, no post-stratification -- sensitivity check; 1381 family clusters
catalogue_weighted_no_nr_adjustment	family	phylum	Thermoproteota	361	cell_HQ_to_HQ	0.111318	0	0.259986				stratum-level weights only, no post-stratification -- sensitivity check; 1381 family clusters
catalogue_weighted_no_nr_adjustment	family	phylum	Thermoproteota	361	cell_HQ_to_MQ	0.0744225	0	0.208374				stratum-level weights only, no post-stratification -- sensitivity check; 1381 family clusters
catalogue_weighted_no_nr_adjustment	family	phylum	Thermoproteota	361	cell_HQ_to_LQ	0.148424	0	0.271192				stratum-level weights only, no post-stratification -- sensitivity check; 1381 family clusters
catalogue_weighted_no_nr_adjustment	family	phylum	Thermoproteota	361	cell_MQ_to_HQ	0.111318	0	0.285519				stratum-level weights only, no post-stratification -- sensitivity check; 1381 family clusters
catalogue_weighted_no_nr_adjustment	family	phylum	Thermoproteota	361	cell_MQ_to_MQ	0.404199	0.25633	0.575736				stratum-level weights only, no post-stratification -- sensitivity check; 1381 family clusters
catalogue_weighted_no_nr_adjustment	family	phylum	Thermoproteota	361	cell_MQ_to_LQ	0.150318	0.0011009	0.29616				stratum-level weights only, no post-stratification -- sensitivity check; 1381 family clusters
catalogue_weighted_no_nr_adjustment	family	phylum	Thermoproteota	361	cell_LQ_to_HQ	0	0	0				stratum-level weights only, no post-stratification -- sensitivity check; 1381 family clusters
catalogue_weighted_no_nr_adjustment	family	phylum	Thermoproteota	361	cell_LQ_to_MQ	0	0	0				stratum-level weights only, no post-stratification -- sensitivity check; 1381 family clusters
catalogue_weighted_no_nr_adjustment	family	phylum	Thermoproteota	361	cell_LQ_to_LQ	0	0	0				stratum-level weights only, no post-stratification -- sensitivity check; 1381 family clusters
catalogue_weighted_no_nr_adjustment	family	phylum	Thermoproteota	361	slope_d_comp_per_log10Mbp	27.526	11.3885	96.4125				stratum-level weights only, no post-stratification -- sensitivity check; 1381 family clusters
catalogue_weighted_no_nr_adjustment	family	phylum	Thermoproteota	361	slope_d_cont_per_log10Mbp	38.844	17.1219	93.881				stratum-level weights only, no post-stratification -- sensitivity check; 1381 family clusters
catalogue_weighted_no_nr_adjustment	family	phylum	other (<200 in cohort)	2251	p_class_change	0.434332	0.382505	0.485799				stratum-level weights only, no post-stratification -- sensitivity check; 1381 family clusters
catalogue_weighted_no_nr_adjustment	family	phylum	other (<200 in cohort)	2251	p_downgrade	0.270471	0.228463	0.318137				stratum-level weights only, no post-stratification -- sensitivity check; 1381 family clusters
catalogue_weighted_no_nr_adjustment	family	phylum	other (<200 in cohort)	2251	p_upgrade	0.163861	0.127385	0.203613				stratum-level weights only, no post-stratification -- sensitivity check; 1381 family clusters
catalogue_weighted_no_nr_adjustment	family	phylum	other (<200 in cohort)	2251	p_HQ_checkm2	0.332257	0.277062	0.386699				stratum-level weights only, no post-stratification -- sensitivity check; 1381 family clusters
catalogue_weighted_no_nr_adjustment	family	phylum	other (<200 in cohort)	2251	p_HQ_magicc	0.319805	0.268323	0.371174				stratum-level weights only, no post-stratification -- sensitivity check; 1381 family clusters
catalogue_weighted_no_nr_adjustment	family	phylum	other (<200 in cohort)	2251	HQ_downgrade_rate	0.530653	0.439271	0.624655				stratum-level weights only, no post-stratification -- sensitivity check; 1381 family clusters
catalogue_weighted_no_nr_adjustment	family	phylum	other (<200 in cohort)	2251	HQ_to_MQ_rate	0.379418	0.291661	0.475822				stratum-level weights only, no post-stratification -- sensitivity check; 1381 family clusters
catalogue_weighted_no_nr_adjustment	family	phylum	other (<200 in cohort)	2251	HQ_to_LQ_rate	0.151235	0.090028	0.217523				stratum-level weights only, no post-stratification -- sensitivity check; 1381 family clusters
catalogue_weighted_no_nr_adjustment	family	phylum	other (<200 in cohort)	2251	MQ_to_HQ_rate	0.246482	0.191564	0.30337				stratum-level weights only, no post-stratification -- sensitivity check; 1381 family clusters
catalogue_weighted_no_nr_adjustment	family	phylum	other (<200 in cohort)	2251	MQ_to_LQ_rate	0.141633	0.0913045	0.19176				stratum-level weights only, no post-stratification -- sensitivity check; 1381 family clusters
catalogue_weighted_no_nr_adjustment	family	phylum	other (<200 in cohort)	2251	LQ_to_higher_rate	0	0	0				stratum-level weights only, no post-stratification -- sensitivity check; 1381 family clusters
catalogue_weighted_no_nr_adjustment	family	phylum	other (<200 in cohort)	2251	cont5_disagreement_rate	0.216278	0.163191	0.267389				stratum-level weights only, no post-stratification -- sensitivity check; 1381 family clusters
catalogue_weighted_no_nr_adjustment	family	phylum	other (<200 in cohort)	2251	floor_rate	0.00174035	0.00105784	0.00251047				stratum-level weights only, no post-stratification -- sensitivity check; 1381 family clusters
catalogue_weighted_no_nr_adjustment	family	phylum	other (<200 in cohort)	2251	floor_rate_exact50	0	0	0				stratum-level weights only, no post-stratification -- sensitivity check; 1381 family clusters
catalogue_weighted_no_nr_adjustment	family	phylum	other (<200 in cohort)	2251	mean_d_comp	0.659266	-0.773058	1.94753				stratum-level weights only, no post-stratification -- sensitivity check; 1381 family clusters
catalogue_weighted_no_nr_adjustment	family	phylum	other (<200 in cohort)	2251	mean_d_cont	2.21125	0.638789	3.87136				stratum-level weights only, no post-stratification -- sensitivity check; 1381 family clusters
catalogue_weighted_no_nr_adjustment	family	phylum	other (<200 in cohort)	2251	mean_comp_checkm2	82.4534	80.8694	84.1003				stratum-level weights only, no post-stratification -- sensitivity check; 1381 family clusters
catalogue_weighted_no_nr_adjustment	family	phylum	other (<200 in cohort)	2251	mean_comp_magicc	83.1127	81.5284	84.7036				stratum-level weights only, no post-stratification -- sensitivity check; 1381 family clusters
catalogue_weighted_no_nr_adjustment	family	phylum	other (<200 in cohort)	2251	mean_cont_checkm2	3.1202	2.81082	3.41289				stratum-level weights only, no post-stratification -- sensitivity check; 1381 family clusters
catalogue_weighted_no_nr_adjustment	family	phylum	other (<200 in cohort)	2251	mean_cont_magicc	5.33145	3.68393	7.00256				stratum-level weights only, no post-stratification -- sensitivity check; 1381 family clusters
catalogue_weighted_no_nr_adjustment	family	phylum	other (<200 in cohort)	2251	cell_HQ_to_HQ	0.155944	0.111595	0.20126				stratum-level weights only, no post-stratification -- sensitivity check; 1381 family clusters
catalogue_weighted_no_nr_adjustment	family	phylum	other (<200 in cohort)	2251	cell_HQ_to_MQ	0.126064	0.0943941	0.162553				stratum-level weights only, no post-stratification -- sensitivity check; 1381 family clusters
catalogue_weighted_no_nr_adjustment	family	phylum	other (<200 in cohort)	2251	cell_HQ_to_LQ	0.050249	0.0301428	0.0724216				stratum-level weights only, no post-stratification -- sensitivity check; 1381 family clusters
catalogue_weighted_no_nr_adjustment	family	phylum	other (<200 in cohort)	2251	cell_MQ_to_HQ	0.163861	0.127385	0.203613				stratum-level weights only, no post-stratification -- sensitivity check; 1381 family clusters
catalogue_weighted_no_nr_adjustment	family	phylum	other (<200 in cohort)	2251	cell_MQ_to_MQ	0.406782	0.354319	0.459078				stratum-level weights only, no post-stratification -- sensitivity check; 1381 family clusters
catalogue_weighted_no_nr_adjustment	family	phylum	other (<200 in cohort)	2251	cell_MQ_to_LQ	0.0941577	0.0589426	0.130503				stratum-level weights only, no post-stratification -- sensitivity check; 1381 family clusters
catalogue_weighted_no_nr_adjustment	family	phylum	other (<200 in cohort)	2251	cell_LQ_to_HQ	0	0	0				stratum-level weights only, no post-stratification -- sensitivity check; 1381 family clusters
catalogue_weighted_no_nr_adjustment	family	phylum	other (<200 in cohort)	2251	cell_LQ_to_MQ	0	0	0				stratum-level weights only, no post-stratification -- sensitivity check; 1381 family clusters
catalogue_weighted_no_nr_adjustment	family	phylum	other (<200 in cohort)	2251	cell_LQ_to_LQ	0.00294214	0	0.0094914				stratum-level weights only, no post-stratification -- sensitivity check; 1381 family clusters
catalogue_weighted_no_nr_adjustment	family	phylum	other (<200 in cohort)	2251	slope_d_comp_per_log10Mbp	12.7225	7.81399	18.1269				stratum-level weights only, no post-stratification -- sensitivity check; 1381 family clusters
catalogue_weighted_no_nr_adjustment	family	phylum	other (<200 in cohort)	2251	slope_d_cont_per_log10Mbp	10.9872	3.20639	19.7473				stratum-level weights only, no post-stratification -- sensitivity check; 1381 family clusters
catalogue_weighted_no_nr_adjustment	family	domain	Archaea	1847	p_class_change	0.527978	0.389489	0.644507				stratum-level weights only, no post-stratification -- sensitivity check; 1381 family clusters
catalogue_weighted_no_nr_adjustment	family	domain	Archaea	1847	p_downgrade	0.369206	0.226992	0.508836				stratum-level weights only, no post-stratification -- sensitivity check; 1381 family clusters
catalogue_weighted_no_nr_adjustment	family	domain	Archaea	1847	p_upgrade	0.158772	0.0550691	0.257894				stratum-level weights only, no post-stratification -- sensitivity check; 1381 family clusters
catalogue_weighted_no_nr_adjustment	family	domain	Archaea	1847	p_HQ_checkm2	0.251203	0.152686	0.374991				stratum-level weights only, no post-stratification -- sensitivity check; 1381 family clusters
catalogue_weighted_no_nr_adjustment	family	domain	Archaea	1847	p_HQ_magicc	0.237815	0.1235	0.369246				stratum-level weights only, no post-stratification -- sensitivity check; 1381 family clusters
catalogue_weighted_no_nr_adjustment	family	domain	Archaea	1847	HQ_downgrade_rate	0.685342	0.418518	0.914159				stratum-level weights only, no post-stratification -- sensitivity check; 1381 family clusters
catalogue_weighted_no_nr_adjustment	family	domain	Archaea	1847	HQ_to_MQ_rate	0.358028	0.11894	0.633103				stratum-level weights only, no post-stratification -- sensitivity check; 1381 family clusters
catalogue_weighted_no_nr_adjustment	family	domain	Archaea	1847	HQ_to_LQ_rate	0.327315	0.0196818	0.626974				stratum-level weights only, no post-stratification -- sensitivity check; 1381 family clusters
catalogue_weighted_no_nr_adjustment	family	domain	Archaea	1847	MQ_to_HQ_rate	0.212036	0.0761528	0.342161				stratum-level weights only, no post-stratification -- sensitivity check; 1381 family clusters
catalogue_weighted_no_nr_adjustment	family	domain	Archaea	1847	MQ_to_LQ_rate	0.263149	0.120606	0.403052				stratum-level weights only, no post-stratification -- sensitivity check; 1381 family clusters
catalogue_weighted_no_nr_adjustment	family	domain	Archaea	1847	LQ_to_higher_rate	nan	nan	nan				stratum-level weights only, no post-stratification -- sensitivity check; 1381 family clusters
catalogue_weighted_no_nr_adjustment	family	domain	Archaea	1847	cont5_disagreement_rate	0.283559	0.121318	0.466661				stratum-level weights only, no post-stratification -- sensitivity check; 1381 family clusters
catalogue_weighted_no_nr_adjustment	family	domain	Archaea	1847	floor_rate	0.0123466	0.00737787	0.0218348				stratum-level weights only, no post-stratification -- sensitivity check; 1381 family clusters
catalogue_weighted_no_nr_adjustment	family	domain	Archaea	1847	floor_rate_exact50	0	0	0				stratum-level weights only, no post-stratification -- sensitivity check; 1381 family clusters
catalogue_weighted_no_nr_adjustment	family	domain	Archaea	1847	mean_d_comp	-1.60003	-5.94713	3.17524				stratum-level weights only, no post-stratification -- sensitivity check; 1381 family clusters
catalogue_weighted_no_nr_adjustment	family	domain	Archaea	1847	mean_d_cont	5.1602	1.7392	9.79855				stratum-level weights only, no post-stratification -- sensitivity check; 1381 family clusters
catalogue_weighted_no_nr_adjustment	family	domain	Archaea	1847	mean_comp_checkm2	79.7353	76.2969	82.8986				stratum-level weights only, no post-stratification -- sensitivity check; 1381 family clusters
catalogue_weighted_no_nr_adjustment	family	domain	Archaea	1847	mean_comp_magicc	78.1353	73.4524	82.5459				stratum-level weights only, no post-stratification -- sensitivity check; 1381 family clusters
catalogue_weighted_no_nr_adjustment	family	domain	Archaea	1847	mean_cont_checkm2	2.40333	1.67269	3.00421				stratum-level weights only, no post-stratification -- sensitivity check; 1381 family clusters
catalogue_weighted_no_nr_adjustment	family	domain	Archaea	1847	mean_cont_magicc	7.56353	4.11918	11.9349				stratum-level weights only, no post-stratification -- sensitivity check; 1381 family clusters
catalogue_weighted_no_nr_adjustment	family	domain	Archaea	1847	cell_HQ_to_HQ	0.079043	0.0179293	0.172245				stratum-level weights only, no post-stratification -- sensitivity check; 1381 family clusters
catalogue_weighted_no_nr_adjustment	family	domain	Archaea	1847	cell_HQ_to_MQ	0.0899377	0.0277184	0.165085				stratum-level weights only, no post-stratification -- sensitivity check; 1381 family clusters
catalogue_weighted_no_nr_adjustment	family	domain	Archaea	1847	cell_HQ_to_LQ	0.0822226	0.00440069	0.166493				stratum-level weights only, no post-stratification -- sensitivity check; 1381 family clusters
catalogue_weighted_no_nr_adjustment	family	domain	Archaea	1847	cell_MQ_to_HQ	0.158772	0.0550691	0.257894				stratum-level weights only, no post-stratification -- sensitivity check; 1381 family clusters
catalogue_weighted_no_nr_adjustment	family	domain	Archaea	1847	cell_MQ_to_MQ	0.392979	0.286784	0.513464				stratum-level weights only, no post-stratification -- sensitivity check; 1381 family clusters
catalogue_weighted_no_nr_adjustment	family	domain	Archaea	1847	cell_MQ_to_LQ	0.197045	0.0838813	0.30782				stratum-level weights only, no post-stratification -- sensitivity check; 1381 family clusters
catalogue_weighted_no_nr_adjustment	family	domain	Archaea	1847	cell_LQ_to_HQ	0	0	0				stratum-level weights only, no post-stratification -- sensitivity check; 1381 family clusters
catalogue_weighted_no_nr_adjustment	family	domain	Archaea	1847	cell_LQ_to_MQ	0	0	0				stratum-level weights only, no post-stratification -- sensitivity check; 1381 family clusters
catalogue_weighted_no_nr_adjustment	family	domain	Archaea	1847	cell_LQ_to_LQ	0	0	0				stratum-level weights only, no post-stratification -- sensitivity check; 1381 family clusters
catalogue_weighted_no_nr_adjustment	family	domain	Archaea	1847	slope_d_comp_per_log10Mbp	26.5663	15.6639	46.5912				stratum-level weights only, no post-stratification -- sensitivity check; 1381 family clusters
catalogue_weighted_no_nr_adjustment	family	domain	Archaea	1847	slope_d_cont_per_log10Mbp	14.5255	-3.61088	32.0053				stratum-level weights only, no post-stratification -- sensitivity check; 1381 family clusters
catalogue_weighted_no_nr_adjustment	family	domain	Bacteria	16725	p_class_change	0.35339	0.322732	0.38594				stratum-level weights only, no post-stratification -- sensitivity check; 1381 family clusters
catalogue_weighted_no_nr_adjustment	family	domain	Bacteria	16725	p_downgrade	0.230552	0.203564	0.259076				stratum-level weights only, no post-stratification -- sensitivity check; 1381 family clusters
catalogue_weighted_no_nr_adjustment	family	domain	Bacteria	16725	p_upgrade	0.122838	0.101684	0.145127				stratum-level weights only, no post-stratification -- sensitivity check; 1381 family clusters
catalogue_weighted_no_nr_adjustment	family	domain	Bacteria	16725	p_HQ_checkm2	0.357802	0.325933	0.391118				stratum-level weights only, no post-stratification -- sensitivity check; 1381 family clusters
catalogue_weighted_no_nr_adjustment	family	domain	Bacteria	16725	p_HQ_magicc	0.311532	0.279581	0.343624				stratum-level weights only, no post-stratification -- sensitivity check; 1381 family clusters
catalogue_weighted_no_nr_adjustment	family	domain	Bacteria	16725	HQ_downgrade_rate	0.472621	0.417347	0.526911				stratum-level weights only, no post-stratification -- sensitivity check; 1381 family clusters
catalogue_weighted_no_nr_adjustment	family	domain	Bacteria	16725	HQ_to_MQ_rate	0.373124	0.321415	0.425042				stratum-level weights only, no post-stratification -- sensitivity check; 1381 family clusters
catalogue_weighted_no_nr_adjustment	family	domain	Bacteria	16725	HQ_to_LQ_rate	0.099497	0.0669028	0.138602				stratum-level weights only, no post-stratification -- sensitivity check; 1381 family clusters
catalogue_weighted_no_nr_adjustment	family	domain	Bacteria	16725	MQ_to_HQ_rate	0.191606	0.159923	0.225772				stratum-level weights only, no post-stratification -- sensitivity check; 1381 family clusters
catalogue_weighted_no_nr_adjustment	family	domain	Bacteria	16725	MQ_to_LQ_rate	0.0958484	0.0711994	0.12573				stratum-level weights only, no post-stratification -- sensitivity check; 1381 family clusters
catalogue_weighted_no_nr_adjustment	family	domain	Bacteria	16725	LQ_to_higher_rate	0.00282716	0	1				stratum-level weights only, no post-stratification -- sensitivity check; 1381 family clusters
catalogue_weighted_no_nr_adjustment	family	domain	Bacteria	16725	cont5_disagreement_rate	0.136512	0.108568	0.167261				stratum-level weights only, no post-stratification -- sensitivity check; 1381 family clusters
catalogue_weighted_no_nr_adjustment	family	domain	Bacteria	16725	floor_rate	0.00464117	0.00223153	0.00838911				stratum-level weights only, no post-stratification -- sensitivity check; 1381 family clusters
catalogue_weighted_no_nr_adjustment	family	domain	Bacteria	16725	floor_rate_exact50	0	0	0				stratum-level weights only, no post-stratification -- sensitivity check; 1381 family clusters
catalogue_weighted_no_nr_adjustment	family	domain	Bacteria	16725	mean_d_comp	-1.02405	-1.79246	-0.266007				stratum-level weights only, no post-stratification -- sensitivity check; 1381 family clusters
catalogue_weighted_no_nr_adjustment	family	domain	Bacteria	16725	mean_d_cont	0.845422	0.0790748	1.7788				stratum-level weights only, no post-stratification -- sensitivity check; 1381 family clusters
catalogue_weighted_no_nr_adjustment	family	domain	Bacteria	16725	mean_comp_checkm2	82.4393	81.3716	83.4792				stratum-level weights only, no post-stratification -- sensitivity check; 1381 family clusters
catalogue_weighted_no_nr_adjustment	family	domain	Bacteria	16725	mean_comp_magicc	81.4152	80.3296	82.5068				stratum-level weights only, no post-stratification -- sensitivity check; 1381 family clusters
catalogue_weighted_no_nr_adjustment	family	domain	Bacteria	16725	mean_cont_checkm2	2.88177	2.69237	3.07324				stratum-level weights only, no post-stratification -- sensitivity check; 1381 family clusters
catalogue_weighted_no_nr_adjustment	family	domain	Bacteria	16725	mean_cont_magicc	3.72719	2.94765	4.65651				stratum-level weights only, no post-stratification -- sensitivity check; 1381 family clusters
catalogue_weighted_no_nr_adjustment	family	domain	Bacteria	16725	cell_HQ_to_HQ	0.188697	0.160698	0.218337				stratum-level weights only, no post-stratification -- sensitivity check; 1381 family clusters
catalogue_weighted_no_nr_adjustment	family	domain	Bacteria	16725	cell_HQ_to_MQ	0.133505	0.113057	0.154313				stratum-level weights only, no post-stratification -- sensitivity check; 1381 family clusters
catalogue_weighted_no_nr_adjustment	family	domain	Bacteria	16725	cell_HQ_to_LQ	0.0356003	0.023853	0.0488252				stratum-level weights only, no post-stratification -- sensitivity check; 1381 family clusters
catalogue_weighted_no_nr_adjustment	family	domain	Bacteria	16725	cell_MQ_to_HQ	0.122835	0.101683	0.145123				stratum-level weights only, no post-stratification -- sensitivity check; 1381 family clusters
catalogue_weighted_no_nr_adjustment	family	domain	Bacteria	16725	cell_MQ_to_MQ	0.4568	0.425658	0.490136				stratum-level weights only, no post-stratification -- sensitivity check; 1381 family clusters
catalogue_weighted_no_nr_adjustment	family	domain	Bacteria	16725	cell_MQ_to_LQ	0.0614467	0.0454418	0.0812421				stratum-level weights only, no post-stratification -- sensitivity check; 1381 family clusters
catalogue_weighted_no_nr_adjustment	family	domain	Bacteria	16725	cell_LQ_to_HQ	0	0	0				stratum-level weights only, no post-stratification -- sensitivity check; 1381 family clusters
catalogue_weighted_no_nr_adjustment	family	domain	Bacteria	16725	cell_LQ_to_MQ	3.15436e-06	0	1.00876e-05				stratum-level weights only, no post-stratification -- sensitivity check; 1381 family clusters
catalogue_weighted_no_nr_adjustment	family	domain	Bacteria	16725	cell_LQ_to_LQ	0.00111258	0	0.00368343				stratum-level weights only, no post-stratification -- sensitivity check; 1381 family clusters
catalogue_weighted_no_nr_adjustment	family	domain	Bacteria	16725	slope_d_comp_per_log10Mbp	10.3794	7.81761	13.1854				stratum-level weights only, no post-stratification -- sensitivity check; 1381 family clusters
catalogue_weighted_no_nr_adjustment	family	domain	Bacteria	16725	slope_d_cont_per_log10Mbp	3.09456	-0.546694	7.07604				stratum-level weights only, no post-stratification -- sensitivity check; 1381 family clusters
catalogue_weighted_no_nr_adjustment	family	domain	unclassified	75	p_class_change	0.319176	0.319176	0.319176				stratum-level weights only, no post-stratification -- sensitivity check; 1381 family clusters
catalogue_weighted_no_nr_adjustment	family	domain	unclassified	75	p_downgrade	0.0070788	0.0070788	0.0070788				stratum-level weights only, no post-stratification -- sensitivity check; 1381 family clusters
catalogue_weighted_no_nr_adjustment	family	domain	unclassified	75	p_upgrade	0.312097	0.312097	0.312097				stratum-level weights only, no post-stratification -- sensitivity check; 1381 family clusters
catalogue_weighted_no_nr_adjustment	family	domain	unclassified	75	p_HQ_checkm2	0.00088485	0.00088485	0.00088485				stratum-level weights only, no post-stratification -- sensitivity check; 1381 family clusters
catalogue_weighted_no_nr_adjustment	family	domain	unclassified	75	p_HQ_magicc	0.312982	0.312982	0.312982				stratum-level weights only, no post-stratification -- sensitivity check; 1381 family clusters
catalogue_weighted_no_nr_adjustment	family	domain	unclassified	75	HQ_downgrade_rate	0	0	0				stratum-level weights only, no post-stratification -- sensitivity check; 1381 family clusters
catalogue_weighted_no_nr_adjustment	family	domain	unclassified	75	HQ_to_MQ_rate	0	0	0				stratum-level weights only, no post-stratification -- sensitivity check; 1381 family clusters
catalogue_weighted_no_nr_adjustment	family	domain	unclassified	75	HQ_to_LQ_rate	0	0	0				stratum-level weights only, no post-stratification -- sensitivity check; 1381 family clusters
catalogue_weighted_no_nr_adjustment	family	domain	unclassified	75	MQ_to_HQ_rate	0.312373	0.312373	0.312373				stratum-level weights only, no post-stratification -- sensitivity check; 1381 family clusters
catalogue_weighted_no_nr_adjustment	family	domain	unclassified	75	MQ_to_LQ_rate	0.00708507	0.00708507	0.00708507				stratum-level weights only, no post-stratification -- sensitivity check; 1381 family clusters
catalogue_weighted_no_nr_adjustment	family	domain	unclassified	75	LQ_to_higher_rate	nan	nan	nan				stratum-level weights only, no post-stratification -- sensitivity check; 1381 family clusters
catalogue_weighted_no_nr_adjustment	family	domain	unclassified	75	cont5_disagreement_rate	0.00912143	0.00912143	0.00912143				stratum-level weights only, no post-stratification -- sensitivity check; 1381 family clusters
catalogue_weighted_no_nr_adjustment	family	domain	unclassified	75	floor_rate	0.0300849	0.0300849	0.0300849				stratum-level weights only, no post-stratification -- sensitivity check; 1381 family clusters
catalogue_weighted_no_nr_adjustment	family	domain	unclassified	75	floor_rate_exact50	0	0	0				stratum-level weights only, no post-stratification -- sensitivity check; 1381 family clusters
catalogue_weighted_no_nr_adjustment	family	domain	unclassified	75	mean_d_comp	22.3051	22.3051	22.3051				stratum-level weights only, no post-stratification -- sensitivity check; 1381 family clusters
catalogue_weighted_no_nr_adjustment	family	domain	unclassified	75	mean_d_cont	-1.39491	-1.39491	-1.39491				stratum-level weights only, no post-stratification -- sensitivity check; 1381 family clusters
catalogue_weighted_no_nr_adjustment	family	domain	unclassified	75	mean_comp_checkm2	56.9977	56.9977	56.9977				stratum-level weights only, no post-stratification -- sensitivity check; 1381 family clusters
catalogue_weighted_no_nr_adjustment	family	domain	unclassified	75	mean_comp_magicc	79.3028	79.3028	79.3028				stratum-level weights only, no post-stratification -- sensitivity check; 1381 family clusters
catalogue_weighted_no_nr_adjustment	family	domain	unclassified	75	mean_cont_checkm2	3.72391	3.72391	3.72391				stratum-level weights only, no post-stratification -- sensitivity check; 1381 family clusters
catalogue_weighted_no_nr_adjustment	family	domain	unclassified	75	mean_cont_magicc	2.329	2.329	2.329				stratum-level weights only, no post-stratification -- sensitivity check; 1381 family clusters
catalogue_weighted_no_nr_adjustment	family	domain	unclassified	75	cell_HQ_to_HQ	0.00088485	0.00088485	0.00088485				stratum-level weights only, no post-stratification -- sensitivity check; 1381 family clusters
catalogue_weighted_no_nr_adjustment	family	domain	unclassified	75	cell_HQ_to_MQ	0	0	0				stratum-level weights only, no post-stratification -- sensitivity check; 1381 family clusters
catalogue_weighted_no_nr_adjustment	family	domain	unclassified	75	cell_HQ_to_LQ	0	0	0				stratum-level weights only, no post-stratification -- sensitivity check; 1381 family clusters
catalogue_weighted_no_nr_adjustment	family	domain	unclassified	75	cell_MQ_to_HQ	0.312097	0.312097	0.312097				stratum-level weights only, no post-stratification -- sensitivity check; 1381 family clusters
catalogue_weighted_no_nr_adjustment	family	domain	unclassified	75	cell_MQ_to_MQ	0.679939	0.679939	0.679939				stratum-level weights only, no post-stratification -- sensitivity check; 1381 family clusters
catalogue_weighted_no_nr_adjustment	family	domain	unclassified	75	cell_MQ_to_LQ	0.0070788	0.0070788	0.0070788				stratum-level weights only, no post-stratification -- sensitivity check; 1381 family clusters
catalogue_weighted_no_nr_adjustment	family	domain	unclassified	75	cell_LQ_to_HQ	0	0	0				stratum-level weights only, no post-stratification -- sensitivity check; 1381 family clusters
catalogue_weighted_no_nr_adjustment	family	domain	unclassified	75	cell_LQ_to_MQ	0	0	0				stratum-level weights only, no post-stratification -- sensitivity check; 1381 family clusters
catalogue_weighted_no_nr_adjustment	family	domain	unclassified	75	cell_LQ_to_LQ	0	0	0				stratum-level weights only, no post-stratification -- sensitivity check; 1381 family clusters
catalogue_weighted_no_nr_adjustment	family	domain	unclassified	75	slope_d_comp_per_log10Mbp	91.7955	91.7955	91.7955				stratum-level weights only, no post-stratification -- sensitivity check; 1381 family clusters
catalogue_weighted_no_nr_adjustment	family	domain	unclassified	75	slope_d_cont_per_log10Mbp	-7.67709	-7.67709	-7.67709				stratum-level weights only, no post-stratification -- sensitivity check; 1381 family clusters
catalogue_weighted_no_nr_adjustment	family	stratum	S1_small	17201	p_class_change	0.193768	0.163418	0.225658				stratum-level weights only, no post-stratification -- sensitivity check; 1381 family clusters
catalogue_weighted_no_nr_adjustment	family	stratum	S1_small	17201	p_downgrade	0.177838	0.149391	0.206962				stratum-level weights only, no post-stratification -- sensitivity check; 1381 family clusters
catalogue_weighted_no_nr_adjustment	family	stratum	S1_small	17201	p_upgrade	0.0159293	0.0113744	0.0212401				stratum-level weights only, no post-stratification -- sensitivity check; 1381 family clusters
catalogue_weighted_no_nr_adjustment	family	stratum	S1_small	17201	p_HQ_checkm2	0.176908	0.146931	0.210307				stratum-level weights only, no post-stratification -- sensitivity check; 1381 family clusters
catalogue_weighted_no_nr_adjustment	family	stratum	S1_small	17201	p_HQ_magicc	0.0697052	0.0515443	0.0906157				stratum-level weights only, no post-stratification -- sensitivity check; 1381 family clusters
catalogue_weighted_no_nr_adjustment	family	stratum	S1_small	17201	HQ_downgrade_rate	0.695695	0.644282	0.751045				stratum-level weights only, no post-stratification -- sensitivity check; 1381 family clusters
catalogue_weighted_no_nr_adjustment	family	stratum	S1_small	17201	HQ_to_MQ_rate	0.564574	0.520413	0.613929				stratum-level weights only, no post-stratification -- sensitivity check; 1381 family clusters
catalogue_weighted_no_nr_adjustment	family	stratum	S1_small	17201	HQ_to_LQ_rate	0.131121	0.0993568	0.162609				stratum-level weights only, no post-stratification -- sensitivity check; 1381 family clusters
catalogue_weighted_no_nr_adjustment	family	stratum	S1_small	17201	MQ_to_HQ_rate	0.0192837	0.013534	0.0265214				stratum-level weights only, no post-stratification -- sensitivity check; 1381 family clusters
catalogue_weighted_no_nr_adjustment	family	stratum	S1_small	17201	MQ_to_LQ_rate	0.0665395	0.0497731	0.0864322				stratum-level weights only, no post-stratification -- sensitivity check; 1381 family clusters
catalogue_weighted_no_nr_adjustment	family	stratum	S1_small	17201	LQ_to_higher_rate	1	1	1				stratum-level weights only, no post-stratification -- sensitivity check; 1381 family clusters
catalogue_weighted_no_nr_adjustment	family	stratum	S1_small	17201	cont5_disagreement_rate	0.140546	0.111404	0.172735				stratum-level weights only, no post-stratification -- sensitivity check; 1381 family clusters
catalogue_weighted_no_nr_adjustment	family	stratum	S1_small	17201	floor_rate	0.079414	0.0543318	0.116565				stratum-level weights only, no post-stratification -- sensitivity check; 1381 family clusters
catalogue_weighted_no_nr_adjustment	family	stratum	S1_small	17201	floor_rate_exact50	0	0	0				stratum-level weights only, no post-stratification -- sensitivity check; 1381 family clusters
catalogue_weighted_no_nr_adjustment	family	stratum	S1_small	17201	mean_d_comp	-8.30551	-9.25716	-7.38717				stratum-level weights only, no post-stratification -- sensitivity check; 1381 family clusters
catalogue_weighted_no_nr_adjustment	family	stratum	S1_small	17201	mean_d_cont	1.2131	0.799898	1.67435				stratum-level weights only, no post-stratification -- sensitivity check; 1381 family clusters
catalogue_weighted_no_nr_adjustment	family	stratum	S1_small	17201	mean_comp_checkm2	71.6358	69.5837	73.6398				stratum-level weights only, no post-stratification -- sensitivity check; 1381 family clusters
catalogue_weighted_no_nr_adjustment	family	stratum	S1_small	17201	mean_comp_magicc	63.3303	61.4595	65.2191				stratum-level weights only, no post-stratification -- sensitivity check; 1381 family clusters
catalogue_weighted_no_nr_adjustment	family	stratum	S1_small	17201	mean_cont_checkm2	1.33787	1.17629	1.51795				stratum-level weights only, no post-stratification -- sensitivity check; 1381 family clusters
catalogue_weighted_no_nr_adjustment	family	stratum	S1_small	17201	mean_cont_magicc	2.55097	2.07571	3.04782				stratum-level weights only, no post-stratification -- sensitivity check; 1381 family clusters
catalogue_weighted_no_nr_adjustment	family	stratum	S1_small	17201	cell_HQ_to_HQ	0.0538341	0.0393508	0.0706224				stratum-level weights only, no post-stratification -- sensitivity check; 1381 family clusters
catalogue_weighted_no_nr_adjustment	family	stratum	S1_small	17201	cell_HQ_to_MQ	0.0998779	0.0825612	0.118817				stratum-level weights only, no post-stratification -- sensitivity check; 1381 family clusters
catalogue_weighted_no_nr_adjustment	family	stratum	S1_small	17201	cell_HQ_to_LQ	0.0231963	0.017131	0.0300463				stratum-level weights only, no post-stratification -- sensitivity check; 1381 family clusters
catalogue_weighted_no_nr_adjustment	family	stratum	S1_small	17201	cell_MQ_to_HQ	0.0158712	0.011356	0.0211786				stratum-level weights only, no post-stratification -- sensitivity check; 1381 family clusters
catalogue_weighted_no_nr_adjustment	family	stratum	S1_small	17201	cell_MQ_to_MQ	0.752398	0.710862	0.790488				stratum-level weights only, no post-stratification -- sensitivity check; 1381 family clusters
catalogue_weighted_no_nr_adjustment	family	stratum	S1_small	17201	cell_MQ_to_LQ	0.0547643	0.0415419	0.0703369				stratum-level weights only, no post-stratification -- sensitivity check; 1381 family clusters
catalogue_weighted_no_nr_adjustment	family	stratum	S1_small	17201	cell_LQ_to_HQ	0	0	0				stratum-level weights only, no post-stratification -- sensitivity check; 1381 family clusters
catalogue_weighted_no_nr_adjustment	family	stratum	S1_small	17201	cell_LQ_to_MQ	5.81362e-05	0	0.000195441				stratum-level weights only, no post-stratification -- sensitivity check; 1381 family clusters
catalogue_weighted_no_nr_adjustment	family	stratum	S1_small	17201	cell_LQ_to_LQ	0	0	0				stratum-level weights only, no post-stratification -- sensitivity check; 1381 family clusters
catalogue_weighted_no_nr_adjustment	family	stratum	S1_small	17201	slope_d_comp_per_log10Mbp	21.2855	16.3152	26.0835				stratum-level weights only, no post-stratification -- sensitivity check; 1381 family clusters
catalogue_weighted_no_nr_adjustment	family	stratum	S1_small	17201	slope_d_cont_per_log10Mbp	2.2954	0.476728	4.46753				stratum-level weights only, no post-stratification -- sensitivity check; 1381 family clusters
catalogue_weighted_no_nr_adjustment	family	stratum	S2_rare_phylum	554	p_class_change	0.5	0.449732	0.54383				stratum-level weights only, no post-stratification -- sensitivity check; 1381 family clusters
catalogue_weighted_no_nr_adjustment	family	stratum	S2_rare_phylum	554	p_downgrade	0.359206	0.310454	0.40535				stratum-level weights only, no post-stratification -- sensitivity check; 1381 family clusters
catalogue_weighted_no_nr_adjustment	family	stratum	S2_rare_phylum	554	p_upgrade	0.140794	0.109056	0.173333				stratum-level weights only, no post-stratification -- sensitivity check; 1381 family clusters
catalogue_weighted_no_nr_adjustment	family	stratum	S2_rare_phylum	554	p_HQ_checkm2	0.393502	0.347591	0.438288				stratum-level weights only, no post-stratification -- sensitivity check; 1381 family clusters
catalogue_weighted_no_nr_adjustment	family	stratum	S2_rare_phylum	554	p_HQ_magicc	0.306859	0.265059	0.353306				stratum-level weights only, no post-stratification -- sensitivity check; 1381 family clusters
catalogue_weighted_no_nr_adjustment	family	stratum	S2_rare_phylum	554	HQ_downgrade_rate	0.577982	0.502732	0.646231				stratum-level weights only, no post-stratification -- sensitivity check; 1381 family clusters
catalogue_weighted_no_nr_adjustment	family	stratum	S2_rare_phylum	554	HQ_to_MQ_rate	0.357798	0.284261	0.429268				stratum-level weights only, no post-stratification -- sensitivity check; 1381 family clusters
catalogue_weighted_no_nr_adjustment	family	stratum	S2_rare_phylum	554	HQ_to_LQ_rate	0.220183	0.159201	0.280305				stratum-level weights only, no post-stratification -- sensitivity check; 1381 family clusters
catalogue_weighted_no_nr_adjustment	family	stratum	S2_rare_phylum	554	MQ_to_HQ_rate	0.232143	0.180809	0.283033				stratum-level weights only, no post-stratification -- sensitivity check; 1381 family clusters
catalogue_weighted_no_nr_adjustment	family	stratum	S2_rare_phylum	554	MQ_to_LQ_rate	0.217262	0.167091	0.270278				stratum-level weights only, no post-stratification -- sensitivity check; 1381 family clusters
catalogue_weighted_no_nr_adjustment	family	stratum	S2_rare_phylum	554	LQ_to_higher_rate	nan	nan	nan				stratum-level weights only, no post-stratification -- sensitivity check; 1381 family clusters
catalogue_weighted_no_nr_adjustment	family	stratum	S2_rare_phylum	554	cont5_disagreement_rate	0.27115	0.221715	0.326764				stratum-level weights only, no post-stratification -- sensitivity check; 1381 family clusters
catalogue_weighted_no_nr_adjustment	family	stratum	S2_rare_phylum	554	floor_rate	0.00180505	0	0.00634249				stratum-level weights only, no post-stratification -- sensitivity check; 1381 family clusters
catalogue_weighted_no_nr_adjustment	family	stratum	S2_rare_phylum	554	floor_rate_exact50	0	0	0				stratum-level weights only, no post-stratification -- sensitivity check; 1381 family clusters
catalogue_weighted_no_nr_adjustment	family	stratum	S2_rare_phylum	554	mean_d_comp	-0.306082	-1.98673	1.30013				stratum-level weights only, no post-stratification -- sensitivity check; 1381 family clusters
catalogue_weighted_no_nr_adjustment	family	stratum	S2_rare_phylum	554	mean_d_cont	5.23415	3.62441	6.55295				stratum-level weights only, no post-stratification -- sensitivity check; 1381 family clusters
catalogue_weighted_no_nr_adjustment	family	stratum	S2_rare_phylum	554	mean_comp_checkm2	83.5644	82.1816	84.7977				stratum-level weights only, no post-stratification -- sensitivity check; 1381 family clusters
catalogue_weighted_no_nr_adjustment	family	stratum	S2_rare_phylum	554	mean_comp_magicc	83.2583	81.4691	84.7957				stratum-level weights only, no post-stratification -- sensitivity check; 1381 family clusters
catalogue_weighted_no_nr_adjustment	family	stratum	S2_rare_phylum	554	mean_cont_checkm2	2.53603	2.23364	2.86296				stratum-level weights only, no post-stratification -- sensitivity check; 1381 family clusters
catalogue_weighted_no_nr_adjustment	family	stratum	S2_rare_phylum	554	mean_cont_magicc	7.77018	6.07256	9.23433				stratum-level weights only, no post-stratification -- sensitivity check; 1381 family clusters
catalogue_weighted_no_nr_adjustment	family	stratum	S2_rare_phylum	554	cell_HQ_to_HQ	0.166065	0.134691	0.201196				stratum-level weights only, no post-stratification -- sensitivity check; 1381 family clusters
catalogue_weighted_no_nr_adjustment	family	stratum	S2_rare_phylum	554	cell_HQ_to_MQ	0.140794	0.107954	0.174879				stratum-level weights only, no post-stratification -- sensitivity check; 1381 family clusters
catalogue_weighted_no_nr_adjustment	family	stratum	S2_rare_phylum	554	cell_HQ_to_LQ	0.0866426	0.0604601	0.113688				stratum-level weights only, no post-stratification -- sensitivity check; 1381 family clusters
catalogue_weighted_no_nr_adjustment	family	stratum	S2_rare_phylum	554	cell_MQ_to_HQ	0.140794	0.109056	0.173333				stratum-level weights only, no post-stratification -- sensitivity check; 1381 family clusters
catalogue_weighted_no_nr_adjustment	family	stratum	S2_rare_phylum	554	cell_MQ_to_MQ	0.333935	0.291803	0.380118				stratum-level weights only, no post-stratification -- sensitivity check; 1381 family clusters
catalogue_weighted_no_nr_adjustment	family	stratum	S2_rare_phylum	554	cell_MQ_to_LQ	0.131769	0.0998082	0.166957				stratum-level weights only, no post-stratification -- sensitivity check; 1381 family clusters
catalogue_weighted_no_nr_adjustment	family	stratum	S2_rare_phylum	554	cell_LQ_to_HQ	0	0	0				stratum-level weights only, no post-stratification -- sensitivity check; 1381 family clusters
catalogue_weighted_no_nr_adjustment	family	stratum	S2_rare_phylum	554	cell_LQ_to_MQ	0	0	0				stratum-level weights only, no post-stratification -- sensitivity check; 1381 family clusters
catalogue_weighted_no_nr_adjustment	family	stratum	S2_rare_phylum	554	cell_LQ_to_LQ	0	0	0				stratum-level weights only, no post-stratification -- sensitivity check; 1381 family clusters
catalogue_weighted_no_nr_adjustment	family	stratum	S2_rare_phylum	554	slope_d_comp_per_log10Mbp	22.3979	15.7419	30.3987				stratum-level weights only, no post-stratification -- sensitivity check; 1381 family clusters
catalogue_weighted_no_nr_adjustment	family	stratum	S2_rare_phylum	554	slope_d_cont_per_log10Mbp	22.5657	7.91588	33.1521				stratum-level weights only, no post-stratification -- sensitivity check; 1381 family clusters
catalogue_weighted_no_nr_adjustment	family	stratum	S3_main	892	p_class_change	0.369955	0.337971	0.404789				stratum-level weights only, no post-stratification -- sensitivity check; 1381 family clusters
catalogue_weighted_no_nr_adjustment	family	stratum	S3_main	892	p_downgrade	0.238789	0.210591	0.2677				stratum-level weights only, no post-stratification -- sensitivity check; 1381 family clusters
catalogue_weighted_no_nr_adjustment	family	stratum	S3_main	892	p_upgrade	0.131166	0.108761	0.155682				stratum-level weights only, no post-stratification -- sensitivity check; 1381 family clusters
catalogue_weighted_no_nr_adjustment	family	stratum	S3_main	892	p_HQ_checkm2	0.359865	0.32657	0.394073				stratum-level weights only, no post-stratification -- sensitivity check; 1381 family clusters
catalogue_weighted_no_nr_adjustment	family	stratum	S3_main	892	p_HQ_magicc	0.320628	0.286174	0.353706				stratum-level weights only, no post-stratification -- sensitivity check; 1381 family clusters
catalogue_weighted_no_nr_adjustment	family	stratum	S3_main	892	HQ_downgrade_rate	0.47352	0.421195	0.535218				stratum-level weights only, no post-stratification -- sensitivity check; 1381 family clusters
catalogue_weighted_no_nr_adjustment	family	stratum	S3_main	892	HQ_to_MQ_rate	0.367601	0.315315	0.423334				stratum-level weights only, no post-stratification -- sensitivity check; 1381 family clusters
catalogue_weighted_no_nr_adjustment	family	stratum	S3_main	892	HQ_to_LQ_rate	0.105919	0.0700215	0.147061				stratum-level weights only, no post-stratification -- sensitivity check; 1381 family clusters
catalogue_weighted_no_nr_adjustment	family	stratum	S3_main	892	MQ_to_HQ_rate	0.205263	0.170328	0.241454				stratum-level weights only, no post-stratification -- sensitivity check; 1381 family clusters
catalogue_weighted_no_nr_adjustment	family	stratum	S3_main	892	MQ_to_LQ_rate	0.107018	0.0782778	0.137018				stratum-level weights only, no post-stratification -- sensitivity check; 1381 family clusters
catalogue_weighted_no_nr_adjustment	family	stratum	S3_main	892	LQ_to_higher_rate	0	0	0				stratum-level weights only, no post-stratification -- sensitivity check; 1381 family clusters
catalogue_weighted_no_nr_adjustment	family	stratum	S3_main	892	cont5_disagreement_rate	0.143266	0.113668	0.175145				stratum-level weights only, no post-stratification -- sensitivity check; 1381 family clusters
catalogue_weighted_no_nr_adjustment	family	stratum	S3_main	892	floor_rate	0.00112108	0	0.00370405				stratum-level weights only, no post-stratification -- sensitivity check; 1381 family clusters
catalogue_weighted_no_nr_adjustment	family	stratum	S3_main	892	floor_rate_exact50	0	0	0				stratum-level weights only, no post-stratification -- sensitivity check; 1381 family clusters
catalogue_weighted_no_nr_adjustment	family	stratum	S3_main	892	mean_d_comp	-0.584575	-1.41043	0.285922				stratum-level weights only, no post-stratification -- sensitivity check; 1381 family clusters
catalogue_weighted_no_nr_adjustment	family	stratum	S3_main	892	mean_d_cont	1.00373	0.196464	1.91787				stratum-level weights only, no post-stratification -- sensitivity check; 1381 family clusters
catalogue_weighted_no_nr_adjustment	family	stratum	S3_main	892	mean_comp_checkm2	82.7696	81.6518	83.7997				stratum-level weights only, no post-stratification -- sensitivity check; 1381 family clusters
catalogue_weighted_no_nr_adjustment	family	stratum	S3_main	892	mean_comp_magicc	82.185	81.0625	83.2859				stratum-level weights only, no post-stratification -- sensitivity check; 1381 family clusters
catalogue_weighted_no_nr_adjustment	family	stratum	S3_main	892	mean_cont_checkm2	2.94664	2.76325	3.14335				stratum-level weights only, no post-stratification -- sensitivity check; 1381 family clusters
catalogue_weighted_no_nr_adjustment	family	stratum	S3_main	892	mean_cont_magicc	3.95037	3.15868	4.86384				stratum-level weights only, no post-stratification -- sensitivity check; 1381 family clusters
catalogue_weighted_no_nr_adjustment	family	stratum	S3_main	892	cell_HQ_to_HQ	0.189462	0.158816	0.218263				stratum-level weights only, no post-stratification -- sensitivity check; 1381 family clusters
catalogue_weighted_no_nr_adjustment	family	stratum	S3_main	892	cell_HQ_to_MQ	0.132287	0.110225	0.154389				stratum-level weights only, no post-stratification -- sensitivity check; 1381 family clusters
catalogue_weighted_no_nr_adjustment	family	stratum	S3_main	892	cell_HQ_to_LQ	0.0381166	0.0252002	0.0519639				stratum-level weights only, no post-stratification -- sensitivity check; 1381 family clusters
catalogue_weighted_no_nr_adjustment	family	stratum	S3_main	892	cell_MQ_to_HQ	0.131166	0.108761	0.155682				stratum-level weights only, no post-stratification -- sensitivity check; 1381 family clusters
catalogue_weighted_no_nr_adjustment	family	stratum	S3_main	892	cell_MQ_to_MQ	0.439462	0.406464	0.473491				stratum-level weights only, no post-stratification -- sensitivity check; 1381 family clusters
catalogue_weighted_no_nr_adjustment	family	stratum	S3_main	892	cell_MQ_to_LQ	0.0683857	0.05	0.0886721				stratum-level weights only, no post-stratification -- sensitivity check; 1381 family clusters
catalogue_weighted_no_nr_adjustment	family	stratum	S3_main	892	cell_LQ_to_HQ	0	0	0				stratum-level weights only, no post-stratification -- sensitivity check; 1381 family clusters
catalogue_weighted_no_nr_adjustment	family	stratum	S3_main	892	cell_LQ_to_MQ	0	0	0				stratum-level weights only, no post-stratification -- sensitivity check; 1381 family clusters
catalogue_weighted_no_nr_adjustment	family	stratum	S3_main	892	cell_LQ_to_LQ	0.00112108	0	0.00381704				stratum-level weights only, no post-stratification -- sensitivity check; 1381 family clusters
catalogue_weighted_no_nr_adjustment	family	stratum	S3_main	892	slope_d_comp_per_log10Mbp	8.70946	5.04981	12.6359				stratum-level weights only, no post-stratification -- sensitivity check; 1381 family clusters
catalogue_weighted_no_nr_adjustment	family	stratum	S3_main	892	slope_d_cont_per_log10Mbp	3.20958	-1.5707	8.3754				stratum-level weights only, no post-stratification -- sensitivity check; 1381 family clusters
catalogue_weighted_no_nr_adjustment	family	checkm2_class	HQ	3582	p_class_change	0.480728	0.42746	0.539849				stratum-level weights only, no post-stratification -- sensitivity check; 1381 family clusters
catalogue_weighted_no_nr_adjustment	family	checkm2_class	HQ	3582	p_downgrade	0.480728	0.42746	0.539849				stratum-level weights only, no post-stratification -- sensitivity check; 1381 family clusters
catalogue_weighted_no_nr_adjustment	family	checkm2_class	HQ	3582	p_upgrade	0	0	0				stratum-level weights only, no post-stratification -- sensitivity check; 1381 family clusters
catalogue_weighted_no_nr_adjustment	family	checkm2_class	HQ	3582	p_HQ_checkm2	1	1	1				stratum-level weights only, no post-stratification -- sensitivity check; 1381 family clusters
catalogue_weighted_no_nr_adjustment	family	checkm2_class	HQ	3582	p_HQ_magicc	0.519272	0.460151	0.57254				stratum-level weights only, no post-stratification -- sensitivity check; 1381 family clusters
catalogue_weighted_no_nr_adjustment	family	checkm2_class	HQ	3582	HQ_downgrade_rate	0.480728	0.42746	0.539849				stratum-level weights only, no post-stratification -- sensitivity check; 1381 family clusters
catalogue_weighted_no_nr_adjustment	family	checkm2_class	HQ	3582	HQ_to_MQ_rate	0.372545	0.322423	0.428122				stratum-level weights only, no post-stratification -- sensitivity check; 1381 family clusters
catalogue_weighted_no_nr_adjustment	family	checkm2_class	HQ	3582	HQ_to_LQ_rate	0.108183	0.0722074	0.144188				stratum-level weights only, no post-stratification -- sensitivity check; 1381 family clusters
catalogue_weighted_no_nr_adjustment	family	checkm2_class	HQ	3582	MQ_to_HQ_rate	nan	nan	nan				stratum-level weights only, no post-stratification -- sensitivity check; 1381 family clusters
catalogue_weighted_no_nr_adjustment	family	checkm2_class	HQ	3582	MQ_to_LQ_rate	nan	nan	nan				stratum-level weights only, no post-stratification -- sensitivity check; 1381 family clusters
catalogue_weighted_no_nr_adjustment	family	checkm2_class	HQ	3582	LQ_to_higher_rate	nan	nan	nan				stratum-level weights only, no post-stratification -- sensitivity check; 1381 family clusters
catalogue_weighted_no_nr_adjustment	family	checkm2_class	HQ	3582	cont5_disagreement_rate	0.183793	0.139568	0.228867				stratum-level weights only, no post-stratification -- sensitivity check; 1381 family clusters
catalogue_weighted_no_nr_adjustment	family	checkm2_class	HQ	3582	floor_rate	1.69594e-05	0	4.71338e-05				stratum-level weights only, no post-stratification -- sensitivity check; 1381 family clusters
catalogue_weighted_no_nr_adjustment	family	checkm2_class	HQ	3582	floor_rate_exact50	0	0	0				stratum-level weights only, no post-stratification -- sensitivity check; 1381 family clusters
catalogue_weighted_no_nr_adjustment	family	checkm2_class	HQ	3582	mean_d_comp	-4.18612	-5.26848	-3.22203				stratum-level weights only, no post-stratification -- sensitivity check; 1381 family clusters
catalogue_weighted_no_nr_adjustment	family	checkm2_class	HQ	3582	mean_d_cont	2.45051	1.50403	3.46232				stratum-level weights only, no post-stratification -- sensitivity check; 1381 family clusters
catalogue_weighted_no_nr_adjustment	family	checkm2_class	HQ	3582	mean_comp_checkm2	96.1079	95.7589	96.4741				stratum-level weights only, no post-stratification -- sensitivity check; 1381 family clusters
catalogue_weighted_no_nr_adjustment	family	checkm2_class	HQ	3582	mean_comp_magicc	91.9217	90.8233	92.9002				stratum-level weights only, no post-stratification -- sensitivity check; 1381 family clusters
catalogue_weighted_no_nr_adjustment	family	checkm2_class	HQ	3582	mean_cont_checkm2	1.58545	1.42881	1.74218				stratum-level weights only, no post-stratification -- sensitivity check; 1381 family clusters
catalogue_weighted_no_nr_adjustment	family	checkm2_class	HQ	3582	mean_cont_magicc	4.03596	3.06746	5.06284				stratum-level weights only, no post-stratification -- sensitivity check; 1381 family clusters
catalogue_weighted_no_nr_adjustment	family	checkm2_class	HQ	3582	cell_HQ_to_HQ	0.519272	0.460151	0.57254				stratum-level weights only, no post-stratification -- sensitivity check; 1381 family clusters
catalogue_weighted_no_nr_adjustment	family	checkm2_class	HQ	3582	cell_HQ_to_MQ	0.372545	0.322423	0.428122				stratum-level weights only, no post-stratification -- sensitivity check; 1381 family clusters
catalogue_weighted_no_nr_adjustment	family	checkm2_class	HQ	3582	cell_HQ_to_LQ	0.108183	0.0722074	0.144188				stratum-level weights only, no post-stratification -- sensitivity check; 1381 family clusters
catalogue_weighted_no_nr_adjustment	family	checkm2_class	HQ	3582	cell_MQ_to_HQ	0	0	0				stratum-level weights only, no post-stratification -- sensitivity check; 1381 family clusters
catalogue_weighted_no_nr_adjustment	family	checkm2_class	HQ	3582	cell_MQ_to_MQ	0	0	0				stratum-level weights only, no post-stratification -- sensitivity check; 1381 family clusters
catalogue_weighted_no_nr_adjustment	family	checkm2_class	HQ	3582	cell_MQ_to_LQ	0	0	0				stratum-level weights only, no post-stratification -- sensitivity check; 1381 family clusters
catalogue_weighted_no_nr_adjustment	family	checkm2_class	HQ	3582	cell_LQ_to_HQ	0	0	0				stratum-level weights only, no post-stratification -- sensitivity check; 1381 family clusters
catalogue_weighted_no_nr_adjustment	family	checkm2_class	HQ	3582	cell_LQ_to_MQ	0	0	0				stratum-level weights only, no post-stratification -- sensitivity check; 1381 family clusters
catalogue_weighted_no_nr_adjustment	family	checkm2_class	HQ	3582	cell_LQ_to_LQ	0	0	0				stratum-level weights only, no post-stratification -- sensitivity check; 1381 family clusters
catalogue_weighted_no_nr_adjustment	family	checkm2_class	HQ	3582	slope_d_comp_per_log10Mbp	12.2518	7.81264	17.3194				stratum-level weights only, no post-stratification -- sensitivity check; 1381 family clusters
catalogue_weighted_no_nr_adjustment	family	checkm2_class	HQ	3582	slope_d_cont_per_log10Mbp	0.68128	-3.91566	5.46334				stratum-level weights only, no post-stratification -- sensitivity check; 1381 family clusters
catalogue_weighted_no_nr_adjustment	family	checkm2_class	MQ	15063	p_class_change	0.299175	0.263187	0.337505				stratum-level weights only, no post-stratification -- sensitivity check; 1381 family clusters
catalogue_weighted_no_nr_adjustment	family	checkm2_class	MQ	15063	p_downgrade	0.105685	0.0783117	0.132897				stratum-level weights only, no post-stratification -- sensitivity check; 1381 family clusters
catalogue_weighted_no_nr_adjustment	family	checkm2_class	MQ	15063	p_upgrade	0.19349	0.16433	0.225342				stratum-level weights only, no post-stratification -- sensitivity check; 1381 family clusters
catalogue_weighted_no_nr_adjustment	family	checkm2_class	MQ	15063	p_HQ_checkm2	0	0	0				stratum-level weights only, no post-stratification -- sensitivity check; 1381 family clusters
catalogue_weighted_no_nr_adjustment	family	checkm2_class	MQ	15063	p_HQ_magicc	0.19349	0.16433	0.225342				stratum-level weights only, no post-stratification -- sensitivity check; 1381 family clusters
catalogue_weighted_no_nr_adjustment	family	checkm2_class	MQ	15063	HQ_downgrade_rate	nan	nan	nan				stratum-level weights only, no post-stratification -- sensitivity check; 1381 family clusters
catalogue_weighted_no_nr_adjustment	family	checkm2_class	MQ	15063	HQ_to_MQ_rate	nan	nan	nan				stratum-level weights only, no post-stratification -- sensitivity check; 1381 family clusters
catalogue_weighted_no_nr_adjustment	family	checkm2_class	MQ	15063	HQ_to_LQ_rate	nan	nan	nan				stratum-level weights only, no post-stratification -- sensitivity check; 1381 family clusters
catalogue_weighted_no_nr_adjustment	family	checkm2_class	MQ	15063	MQ_to_HQ_rate	0.19349	0.16433	0.225342				stratum-level weights only, no post-stratification -- sensitivity check; 1381 family clusters
catalogue_weighted_no_nr_adjustment	family	checkm2_class	MQ	15063	MQ_to_LQ_rate	0.105685	0.0783117	0.132897				stratum-level weights only, no post-stratification -- sensitivity check; 1381 family clusters
catalogue_weighted_no_nr_adjustment	family	checkm2_class	MQ	15063	LQ_to_higher_rate	nan	nan	nan				stratum-level weights only, no post-stratification -- sensitivity check; 1381 family clusters
catalogue_weighted_no_nr_adjustment	family	checkm2_class	MQ	15063	cont5_disagreement_rate	0.113703	0.0825568	0.145225				stratum-level weights only, no post-stratification -- sensitivity check; 1381 family clusters
catalogue_weighted_no_nr_adjustment	family	checkm2_class	MQ	15063	floor_rate	0.00791826	0.00440546	0.0131741				stratum-level weights only, no post-stratification -- sensitivity check; 1381 family clusters
catalogue_weighted_no_nr_adjustment	family	checkm2_class	MQ	15063	floor_rate_exact50	0	0	0				stratum-level weights only, no post-stratification -- sensitivity check; 1381 family clusters
catalogue_weighted_no_nr_adjustment	family	checkm2_class	MQ	15063	mean_d_comp	0.79648	-0.186527	1.74959				stratum-level weights only, no post-stratification -- sensitivity check; 1381 family clusters
catalogue_weighted_no_nr_adjustment	family	checkm2_class	MQ	15063	mean_d_cont	0.287721	-0.625273	1.20816				stratum-level weights only, no post-stratification -- sensitivity check; 1381 family clusters
catalogue_weighted_no_nr_adjustment	family	checkm2_class	MQ	15063	mean_comp_checkm2	74.661	73.5522	75.8069				stratum-level weights only, no post-stratification -- sensitivity check; 1381 family clusters
catalogue_weighted_no_nr_adjustment	family	checkm2_class	MQ	15063	mean_comp_magicc	75.4575	74.1597	76.7686				stratum-level weights only, no post-stratification -- sensitivity check; 1381 family clusters
catalogue_weighted_no_nr_adjustment	family	checkm2_class	MQ	15063	mean_cont_checkm2	3.53725	3.30922	3.76384				stratum-level weights only, no post-stratification -- sensitivity check; 1381 family clusters
catalogue_weighted_no_nr_adjustment	family	checkm2_class	MQ	15063	mean_cont_magicc	3.82497	2.9297	4.73329				stratum-level weights only, no post-stratification -- sensitivity check; 1381 family clusters
catalogue_weighted_no_nr_adjustment	family	checkm2_class	MQ	15063	cell_HQ_to_HQ	0	0	0				stratum-level weights only, no post-stratification -- sensitivity check; 1381 family clusters
catalogue_weighted_no_nr_adjustment	family	checkm2_class	MQ	15063	cell_HQ_to_MQ	0	0	0				stratum-level weights only, no post-stratification -- sensitivity check; 1381 family clusters
catalogue_weighted_no_nr_adjustment	family	checkm2_class	MQ	15063	cell_HQ_to_LQ	0	0	0				stratum-level weights only, no post-stratification -- sensitivity check; 1381 family clusters
catalogue_weighted_no_nr_adjustment	family	checkm2_class	MQ	15063	cell_MQ_to_HQ	0.19349	0.16433	0.225342				stratum-level weights only, no post-stratification -- sensitivity check; 1381 family clusters
catalogue_weighted_no_nr_adjustment	family	checkm2_class	MQ	15063	cell_MQ_to_MQ	0.700825	0.662495	0.736813				stratum-level weights only, no post-stratification -- sensitivity check; 1381 family clusters
catalogue_weighted_no_nr_adjustment	family	checkm2_class	MQ	15063	cell_MQ_to_LQ	0.105685	0.0783117	0.132897				stratum-level weights only, no post-stratification -- sensitivity check; 1381 family clusters
catalogue_weighted_no_nr_adjustment	family	checkm2_class	MQ	15063	cell_LQ_to_HQ	0	0	0				stratum-level weights only, no post-stratification -- sensitivity check; 1381 family clusters
catalogue_weighted_no_nr_adjustment	family	checkm2_class	MQ	15063	cell_LQ_to_MQ	0	0	0				stratum-level weights only, no post-stratification -- sensitivity check; 1381 family clusters
catalogue_weighted_no_nr_adjustment	family	checkm2_class	MQ	15063	cell_LQ_to_LQ	0	0	0				stratum-level weights only, no post-stratification -- sensitivity check; 1381 family clusters
catalogue_weighted_no_nr_adjustment	family	checkm2_class	MQ	15063	slope_d_comp_per_log10Mbp	13.0908	9.87676	16.6542				stratum-level weights only, no post-stratification -- sensitivity check; 1381 family clusters
catalogue_weighted_no_nr_adjustment	family	checkm2_class	MQ	15063	slope_d_cont_per_log10Mbp	1.99599	-2.85396	7.3221				stratum-level weights only, no post-stratification -- sensitivity check; 1381 family clusters
catalogue_weighted_no_nr_adjustment	family	checkm2_class	LQ	2	p_class_change	0.00282716	0	1				stratum-level weights only, no post-stratification -- sensitivity check; 1381 family clusters
catalogue_weighted_no_nr_adjustment	family	checkm2_class	LQ	2	p_downgrade	0	0	0				stratum-level weights only, no post-stratification -- sensitivity check; 1381 family clusters
catalogue_weighted_no_nr_adjustment	family	checkm2_class	LQ	2	p_upgrade	0.00282716	0	1				stratum-level weights only, no post-stratification -- sensitivity check; 1381 family clusters
catalogue_weighted_no_nr_adjustment	family	checkm2_class	LQ	2	p_HQ_checkm2	0	0	0				stratum-level weights only, no post-stratification -- sensitivity check; 1381 family clusters
catalogue_weighted_no_nr_adjustment	family	checkm2_class	LQ	2	p_HQ_magicc	0	0	0				stratum-level weights only, no post-stratification -- sensitivity check; 1381 family clusters
catalogue_weighted_no_nr_adjustment	family	checkm2_class	LQ	2	HQ_downgrade_rate	nan	nan	nan				stratum-level weights only, no post-stratification -- sensitivity check; 1381 family clusters
catalogue_weighted_no_nr_adjustment	family	checkm2_class	LQ	2	HQ_to_MQ_rate	nan	nan	nan				stratum-level weights only, no post-stratification -- sensitivity check; 1381 family clusters
catalogue_weighted_no_nr_adjustment	family	checkm2_class	LQ	2	HQ_to_LQ_rate	nan	nan	nan				stratum-level weights only, no post-stratification -- sensitivity check; 1381 family clusters
catalogue_weighted_no_nr_adjustment	family	checkm2_class	LQ	2	MQ_to_HQ_rate	nan	nan	nan				stratum-level weights only, no post-stratification -- sensitivity check; 1381 family clusters
catalogue_weighted_no_nr_adjustment	family	checkm2_class	LQ	2	MQ_to_LQ_rate	nan	nan	nan				stratum-level weights only, no post-stratification -- sensitivity check; 1381 family clusters
catalogue_weighted_no_nr_adjustment	family	checkm2_class	LQ	2	LQ_to_higher_rate	0.00282716	0	1				stratum-level weights only, no post-stratification -- sensitivity check; 1381 family clusters
catalogue_weighted_no_nr_adjustment	family	checkm2_class	LQ	2	cont5_disagreement_rate	nan	nan	nan				stratum-level weights only, no post-stratification -- sensitivity check; 1381 family clusters
catalogue_weighted_no_nr_adjustment	family	checkm2_class	LQ	2	floor_rate	0	0	0				stratum-level weights only, no post-stratification -- sensitivity check; 1381 family clusters
catalogue_weighted_no_nr_adjustment	family	checkm2_class	LQ	2	floor_rate_exact50	0	0	0				stratum-level weights only, no post-stratification -- sensitivity check; 1381 family clusters
catalogue_weighted_no_nr_adjustment	family	checkm2_class	LQ	2	mean_d_comp	-22.2302	-22.2534	-14.0327				stratum-level weights only, no post-stratification -- sensitivity check; 1381 family clusters
catalogue_weighted_no_nr_adjustment	family	checkm2_class	LQ	2	mean_d_cont	20.2565	-8.1687	20.3371				stratum-level weights only, no post-stratification -- sensitivity check; 1381 family clusters
catalogue_weighted_no_nr_adjustment	family	checkm2_class	LQ	2	mean_comp_checkm2	96.0189	74.46	96.08				stratum-level weights only, no post-stratification -- sensitivity check; 1381 family clusters
catalogue_weighted_no_nr_adjustment	family	checkm2_class	LQ	2	mean_comp_magicc	73.7887	60.4273	73.8266				stratum-level weights only, no post-stratification -- sensitivity check; 1381 family clusters
catalogue_weighted_no_nr_adjustment	family	checkm2_class	LQ	2	mean_cont_checkm2	10	10	10				stratum-level weights only, no post-stratification -- sensitivity check; 1381 family clusters
catalogue_weighted_no_nr_adjustment	family	checkm2_class	LQ	2	mean_cont_magicc	30.2565	1.8313	30.3371				stratum-level weights only, no post-stratification -- sensitivity check; 1381 family clusters
catalogue_weighted_no_nr_adjustment	family	checkm2_class	LQ	2	cell_HQ_to_HQ	0	0	0				stratum-level weights only, no post-stratification -- sensitivity check; 1381 family clusters
catalogue_weighted_no_nr_adjustment	family	checkm2_class	LQ	2	cell_HQ_to_MQ	0	0	0				stratum-level weights only, no post-stratification -- sensitivity check; 1381 family clusters
catalogue_weighted_no_nr_adjustment	family	checkm2_class	LQ	2	cell_HQ_to_LQ	0	0	0				stratum-level weights only, no post-stratification -- sensitivity check; 1381 family clusters
catalogue_weighted_no_nr_adjustment	family	checkm2_class	LQ	2	cell_MQ_to_HQ	0	0	0				stratum-level weights only, no post-stratification -- sensitivity check; 1381 family clusters
catalogue_weighted_no_nr_adjustment	family	checkm2_class	LQ	2	cell_MQ_to_MQ	0	0	0				stratum-level weights only, no post-stratification -- sensitivity check; 1381 family clusters
catalogue_weighted_no_nr_adjustment	family	checkm2_class	LQ	2	cell_MQ_to_LQ	0	0	0				stratum-level weights only, no post-stratification -- sensitivity check; 1381 family clusters
catalogue_weighted_no_nr_adjustment	family	checkm2_class	LQ	2	cell_LQ_to_HQ	0	0	0				stratum-level weights only, no post-stratification -- sensitivity check; 1381 family clusters
catalogue_weighted_no_nr_adjustment	family	checkm2_class	LQ	2	cell_LQ_to_MQ	0.00282716	0	1				stratum-level weights only, no post-stratification -- sensitivity check; 1381 family clusters
catalogue_weighted_no_nr_adjustment	family	checkm2_class	LQ	2	cell_LQ_to_LQ	0.997173	0	1				stratum-level weights only, no post-stratification -- sensitivity check; 1381 family clusters
catalogue_weighted_no_nr_adjustment	family	checkm2_class	LQ	2	slope_d_comp_per_log10Mbp	-13.3531	-32	-13.3531				stratum-level weights only, no post-stratification -- sensitivity check; 1381 family clusters
catalogue_weighted_no_nr_adjustment	family	checkm2_class	LQ	2	slope_d_cont_per_log10Mbp	46.3028	-32	46.3028				stratum-level weights only, no post-stratification -- sensitivity check; 1381 family clusters
catalogue_weighted_no_nr_adjustment	spire_cluster	overall	ALL	18647	p_class_change	0.362574	0.333679	0.39344				stratum-level weights only, no post-stratification -- sensitivity check; 7301 spire_cluster clusters
catalogue_weighted_no_nr_adjustment	spire_cluster	overall	ALL	18647	p_downgrade	0.237186	0.210821	0.264097				stratum-level weights only, no post-stratification -- sensitivity check; 7301 spire_cluster clusters
catalogue_weighted_no_nr_adjustment	spire_cluster	overall	ALL	18647	p_upgrade	0.125389	0.10496	0.146027				stratum-level weights only, no post-stratification -- sensitivity check; 7301 spire_cluster clusters
catalogue_weighted_no_nr_adjustment	spire_cluster	overall	ALL	18647	p_HQ_checkm2	0.350924	0.321511	0.38126				stratum-level weights only, no post-stratification -- sensitivity check; 7301 spire_cluster clusters
catalogue_weighted_no_nr_adjustment	spire_cluster	overall	ALL	18647	p_HQ_magicc	0.307611	0.278443	0.336253				stratum-level weights only, no post-stratification -- sensitivity check; 7301 spire_cluster clusters
catalogue_weighted_no_nr_adjustment	spire_cluster	overall	ALL	18647	HQ_downgrade_rate	0.480728	0.428769	0.532656				stratum-level weights only, no post-stratification -- sensitivity check; 7301 spire_cluster clusters
catalogue_weighted_no_nr_adjustment	spire_cluster	overall	ALL	18647	HQ_to_MQ_rate	0.372545	0.321357	0.425152				stratum-level weights only, no post-stratification -- sensitivity check; 7301 spire_cluster clusters
catalogue_weighted_no_nr_adjustment	spire_cluster	overall	ALL	18647	HQ_to_LQ_rate	0.108183	0.0782634	0.143066				stratum-level weights only, no post-stratification -- sensitivity check; 7301 spire_cluster clusters
catalogue_weighted_no_nr_adjustment	spire_cluster	overall	ALL	18647	MQ_to_HQ_rate	0.19349	0.163889	0.223881				stratum-level weights only, no post-stratification -- sensitivity check; 7301 spire_cluster clusters
catalogue_weighted_no_nr_adjustment	spire_cluster	overall	ALL	18647	MQ_to_LQ_rate	0.105685	0.0832298	0.130875				stratum-level weights only, no post-stratification -- sensitivity check; 7301 spire_cluster clusters
catalogue_weighted_no_nr_adjustment	spire_cluster	overall	ALL	18647	LQ_to_higher_rate	0.00282716	0	1				stratum-level weights only, no post-stratification -- sensitivity check; 7301 spire_cluster clusters
catalogue_weighted_no_nr_adjustment	spire_cluster	overall	ALL	18647	cont5_disagreement_rate	0.144795	0.121861	0.170685				stratum-level weights only, no post-stratification -- sensitivity check; 7301 spire_cluster clusters
catalogue_weighted_no_nr_adjustment	spire_cluster	overall	ALL	18647	floor_rate	0.00513717	0.00318645	0.00814716				stratum-level weights only, no post-stratification -- sensitivity check; 7301 spire_cluster clusters
catalogue_weighted_no_nr_adjustment	spire_cluster	overall	ALL	18647	floor_rate_exact50	0	0	0				stratum-level weights only, no post-stratification -- sensitivity check; 7301 spire_cluster clusters
catalogue_weighted_no_nr_adjustment	spire_cluster	overall	ALL	18647	mean_d_comp	-0.976271	-1.67985	-0.274004				stratum-level weights only, no post-stratification -- sensitivity check; 7301 spire_cluster clusters
catalogue_weighted_no_nr_adjustment	spire_cluster	overall	ALL	18647	mean_d_cont	1.06771	0.504635	1.70578				stratum-level weights only, no post-stratification -- sensitivity check; 7301 spire_cluster clusters
catalogue_weighted_no_nr_adjustment	spire_cluster	overall	ALL	18647	mean_comp_checkm2	82.2097	81.2943	83.1177				stratum-level weights only, no post-stratification -- sensitivity check; 7301 spire_cluster clusters
catalogue_weighted_no_nr_adjustment	spire_cluster	overall	ALL	18647	mean_comp_magicc	81.2334	80.2808	82.1922				stratum-level weights only, no post-stratification -- sensitivity check; 7301 spire_cluster clusters
catalogue_weighted_no_nr_adjustment	spire_cluster	overall	ALL	18647	mean_cont_checkm2	2.85912	2.70676	3.01938				stratum-level weights only, no post-stratification -- sensitivity check; 7301 spire_cluster clusters
catalogue_weighted_no_nr_adjustment	spire_cluster	overall	ALL	18647	mean_cont_magicc	3.92683	3.38404	4.56003				stratum-level weights only, no post-stratification -- sensitivity check; 7301 spire_cluster clusters
catalogue_weighted_no_nr_adjustment	spire_cluster	overall	ALL	18647	cell_HQ_to_HQ	0.182225	0.157595	0.206278				stratum-level weights only, no post-stratification -- sensitivity check; 7301 spire_cluster clusters
catalogue_weighted_no_nr_adjustment	spire_cluster	overall	ALL	18647	cell_HQ_to_MQ	0.130735	0.109729	0.150652				stratum-level weights only, no post-stratification -- sensitivity check; 7301 spire_cluster clusters
catalogue_weighted_no_nr_adjustment	spire_cluster	overall	ALL	18647	cell_HQ_to_LQ	0.0379639	0.0267678	0.0506009				stratum-level weights only, no post-stratification -- sensitivity check; 7301 spire_cluster clusters
catalogue_weighted_no_nr_adjustment	spire_cluster	overall	ALL	18647	cell_MQ_to_HQ	0.125386	0.10496	0.146024				stratum-level weights only, no post-stratification -- sensitivity check; 7301 spire_cluster clusters
catalogue_weighted_no_nr_adjustment	spire_cluster	overall	ALL	18647	cell_MQ_to_MQ	0.454151	0.423174	0.484452				stratum-level weights only, no post-stratification -- sensitivity check; 7301 spire_cluster clusters
catalogue_weighted_no_nr_adjustment	spire_cluster	overall	ALL	18647	cell_MQ_to_LQ	0.0684865	0.0539534	0.0850686				stratum-level weights only, no post-stratification -- sensitivity check; 7301 spire_cluster clusters
catalogue_weighted_no_nr_adjustment	spire_cluster	overall	ALL	18647	cell_LQ_to_HQ	0	0	0				stratum-level weights only, no post-stratification -- sensitivity check; 7301 spire_cluster clusters
catalogue_weighted_no_nr_adjustment	spire_cluster	overall	ALL	18647	cell_LQ_to_MQ	2.97574e-06	0	9.23352e-06				stratum-level weights only, no post-stratification -- sensitivity check; 7301 spire_cluster clusters
catalogue_weighted_no_nr_adjustment	spire_cluster	overall	ALL	18647	cell_LQ_to_LQ	0.00104958	0	0.00328329				stratum-level weights only, no post-stratification -- sensitivity check; 7301 spire_cluster clusters
catalogue_weighted_no_nr_adjustment	spire_cluster	overall	ALL	18647	slope_d_comp_per_log10Mbp	10.2334	7.82589	12.6482				stratum-level weights only, no post-stratification -- sensitivity check; 7301 spire_cluster clusters
catalogue_weighted_no_nr_adjustment	spire_cluster	overall	ALL	18647	slope_d_cont_per_log10Mbp	2.42712	-0.744819	5.7872				stratum-level weights only, no post-stratification -- sensitivity check; 7301 spire_cluster clusters
catalogue_weighted_no_nr_adjustment	spire_cluster	size_bin	<1Mb	17201	p_class_change	0.193768	0.178291	0.209435				stratum-level weights only, no post-stratification -- sensitivity check; 7301 spire_cluster clusters
catalogue_weighted_no_nr_adjustment	spire_cluster	size_bin	<1Mb	17201	p_downgrade	0.177838	0.162528	0.192912				stratum-level weights only, no post-stratification -- sensitivity check; 7301 spire_cluster clusters
catalogue_weighted_no_nr_adjustment	spire_cluster	size_bin	<1Mb	17201	p_upgrade	0.0159293	0.0133678	0.0189727				stratum-level weights only, no post-stratification -- sensitivity check; 7301 spire_cluster clusters
catalogue_weighted_no_nr_adjustment	spire_cluster	size_bin	<1Mb	17201	p_HQ_checkm2	0.176908	0.159655	0.192099				stratum-level weights only, no post-stratification -- sensitivity check; 7301 spire_cluster clusters
catalogue_weighted_no_nr_adjustment	spire_cluster	size_bin	<1Mb	17201	p_HQ_magicc	0.0697052	0.0591802	0.0809629				stratum-level weights only, no post-stratification -- sensitivity check; 7301 spire_cluster clusters
catalogue_weighted_no_nr_adjustment	spire_cluster	size_bin	<1Mb	17201	HQ_downgrade_rate	0.695695	0.655663	0.735279				stratum-level weights only, no post-stratification -- sensitivity check; 7301 spire_cluster clusters
catalogue_weighted_no_nr_adjustment	spire_cluster	size_bin	<1Mb	17201	HQ_to_MQ_rate	0.564574	0.527001	0.604228				stratum-level weights only, no post-stratification -- sensitivity check; 7301 spire_cluster clusters
catalogue_weighted_no_nr_adjustment	spire_cluster	size_bin	<1Mb	17201	HQ_to_LQ_rate	0.131121	0.110998	0.153196				stratum-level weights only, no post-stratification -- sensitivity check; 7301 spire_cluster clusters
catalogue_weighted_no_nr_adjustment	spire_cluster	size_bin	<1Mb	17201	MQ_to_HQ_rate	0.0192837	0.0160298	0.0230905				stratum-level weights only, no post-stratification -- sensitivity check; 7301 spire_cluster clusters
catalogue_weighted_no_nr_adjustment	spire_cluster	size_bin	<1Mb	17201	MQ_to_LQ_rate	0.0665395	0.0574405	0.0765159				stratum-level weights only, no post-stratification -- sensitivity check; 7301 spire_cluster clusters
catalogue_weighted_no_nr_adjustment	spire_cluster	size_bin	<1Mb	17201	LQ_to_higher_rate	1	1	1				stratum-level weights only, no post-stratification -- sensitivity check; 7301 spire_cluster clusters
catalogue_weighted_no_nr_adjustment	spire_cluster	size_bin	<1Mb	17201	cont5_disagreement_rate	0.140546	0.125489	0.15609				stratum-level weights only, no post-stratification -- sensitivity check; 7301 spire_cluster clusters
catalogue_weighted_no_nr_adjustment	spire_cluster	size_bin	<1Mb	17201	floor_rate	0.079414	0.0613966	0.105359				stratum-level weights only, no post-stratification -- sensitivity check; 7301 spire_cluster clusters
catalogue_weighted_no_nr_adjustment	spire_cluster	size_bin	<1Mb	17201	floor_rate_exact50	0	0	0				stratum-level weights only, no post-stratification -- sensitivity check; 7301 spire_cluster clusters
catalogue_weighted_no_nr_adjustment	spire_cluster	size_bin	<1Mb	17201	mean_d_comp	-8.30551	-8.75162	-7.87431				stratum-level weights only, no post-stratification -- sensitivity check; 7301 spire_cluster clusters
catalogue_weighted_no_nr_adjustment	spire_cluster	size_bin	<1Mb	17201	mean_d_cont	1.2131	1.00652	1.42452				stratum-level weights only, no post-stratification -- sensitivity check; 7301 spire_cluster clusters
catalogue_weighted_no_nr_adjustment	spire_cluster	size_bin	<1Mb	17201	mean_comp_checkm2	71.6358	70.7036	72.5443				stratum-level weights only, no post-stratification -- sensitivity check; 7301 spire_cluster clusters
catalogue_weighted_no_nr_adjustment	spire_cluster	size_bin	<1Mb	17201	mean_comp_magicc	63.3303	62.3811	64.2636				stratum-level weights only, no post-stratification -- sensitivity check; 7301 spire_cluster clusters
catalogue_weighted_no_nr_adjustment	spire_cluster	size_bin	<1Mb	17201	mean_cont_checkm2	1.33787	1.25575	1.42642				stratum-level weights only, no post-stratification -- sensitivity check; 7301 spire_cluster clusters
catalogue_weighted_no_nr_adjustment	spire_cluster	size_bin	<1Mb	17201	mean_cont_magicc	2.55097	2.30446	2.80254				stratum-level weights only, no post-stratification -- sensitivity check; 7301 spire_cluster clusters
catalogue_weighted_no_nr_adjustment	spire_cluster	size_bin	<1Mb	17201	cell_HQ_to_HQ	0.0538341	0.0446113	0.0636246				stratum-level weights only, no post-stratification -- sensitivity check; 7301 spire_cluster clusters
catalogue_weighted_no_nr_adjustment	spire_cluster	size_bin	<1Mb	17201	cell_HQ_to_MQ	0.0998779	0.0891164	0.110794				stratum-level weights only, no post-stratification -- sensitivity check; 7301 spire_cluster clusters
catalogue_weighted_no_nr_adjustment	spire_cluster	size_bin	<1Mb	17201	cell_HQ_to_LQ	0.0231963	0.0193885	0.0271606				stratum-level weights only, no post-stratification -- sensitivity check; 7301 spire_cluster clusters
catalogue_weighted_no_nr_adjustment	spire_cluster	size_bin	<1Mb	17201	cell_MQ_to_HQ	0.0158712	0.0133276	0.0188531				stratum-level weights only, no post-stratification -- sensitivity check; 7301 spire_cluster clusters
catalogue_weighted_no_nr_adjustment	spire_cluster	size_bin	<1Mb	17201	cell_MQ_to_MQ	0.752398	0.733146	0.772547				stratum-level weights only, no post-stratification -- sensitivity check; 7301 spire_cluster clusters
catalogue_weighted_no_nr_adjustment	spire_cluster	size_bin	<1Mb	17201	cell_MQ_to_LQ	0.0547643	0.0474933	0.0628382				stratum-level weights only, no post-stratification -- sensitivity check; 7301 spire_cluster clusters
catalogue_weighted_no_nr_adjustment	spire_cluster	size_bin	<1Mb	17201	cell_LQ_to_HQ	0	0	0				stratum-level weights only, no post-stratification -- sensitivity check; 7301 spire_cluster clusters
catalogue_weighted_no_nr_adjustment	spire_cluster	size_bin	<1Mb	17201	cell_LQ_to_MQ	5.81362e-05	0	0.000182719				stratum-level weights only, no post-stratification -- sensitivity check; 7301 spire_cluster clusters
catalogue_weighted_no_nr_adjustment	spire_cluster	size_bin	<1Mb	17201	cell_LQ_to_LQ	0	0	0				stratum-level weights only, no post-stratification -- sensitivity check; 7301 spire_cluster clusters
catalogue_weighted_no_nr_adjustment	spire_cluster	size_bin	<1Mb	17201	slope_d_comp_per_log10Mbp	21.2855	18.3999	24.1418				stratum-level weights only, no post-stratification -- sensitivity check; 7301 spire_cluster clusters
catalogue_weighted_no_nr_adjustment	spire_cluster	size_bin	<1Mb	17201	slope_d_cont_per_log10Mbp	2.2954	1.18961	3.43335				stratum-level weights only, no post-stratification -- sensitivity check; 7301 spire_cluster clusters
catalogue_weighted_no_nr_adjustment	spire_cluster	size_bin	1-2Mb	428	p_class_change	0.250454	0.198655	0.302041				stratum-level weights only, no post-stratification -- sensitivity check; 7301 spire_cluster clusters
catalogue_weighted_no_nr_adjustment	spire_cluster	size_bin	1-2Mb	428	p_downgrade	0.183579	0.137831	0.232052				stratum-level weights only, no post-stratification -- sensitivity check; 7301 spire_cluster clusters
catalogue_weighted_no_nr_adjustment	spire_cluster	size_bin	1-2Mb	428	p_upgrade	0.0668749	0.037255	0.0969726				stratum-level weights only, no post-stratification -- sensitivity check; 7301 spire_cluster clusters
catalogue_weighted_no_nr_adjustment	spire_cluster	size_bin	1-2Mb	428	p_HQ_checkm2	0.22229	0.173948	0.275103				stratum-level weights only, no post-stratification -- sensitivity check; 7301 spire_cluster clusters
catalogue_weighted_no_nr_adjustment	spire_cluster	size_bin	1-2Mb	428	p_HQ_magicc	0.196325	0.149326	0.246593				stratum-level weights only, no post-stratification -- sensitivity check; 7301 spire_cluster clusters
catalogue_weighted_no_nr_adjustment	spire_cluster	size_bin	1-2Mb	428	HQ_downgrade_rate	0.417651	0.290135	0.540831				stratum-level weights only, no post-stratification -- sensitivity check; 7301 spire_cluster clusters
catalogue_weighted_no_nr_adjustment	spire_cluster	size_bin	1-2Mb	428	HQ_to_MQ_rate	0.274632	0.163139	0.391539				stratum-level weights only, no post-stratification -- sensitivity check; 7301 spire_cluster clusters
catalogue_weighted_no_nr_adjustment	spire_cluster	size_bin	1-2Mb	428	HQ_to_LQ_rate	0.143019	0.0591309	0.234343				stratum-level weights only, no post-stratification -- sensitivity check; 7301 spire_cluster clusters
catalogue_weighted_no_nr_adjustment	spire_cluster	size_bin	1-2Mb	428	MQ_to_HQ_rate	0.0859895	0.048835	0.124966				stratum-level weights only, no post-stratification -- sensitivity check; 7301 spire_cluster clusters
catalogue_weighted_no_nr_adjustment	spire_cluster	size_bin	1-2Mb	428	MQ_to_LQ_rate	0.116676	0.0762907	0.164764				stratum-level weights only, no post-stratification -- sensitivity check; 7301 spire_cluster clusters
catalogue_weighted_no_nr_adjustment	spire_cluster	size_bin	1-2Mb	428	LQ_to_higher_rate	nan	nan	nan				stratum-level weights only, no post-stratification -- sensitivity check; 7301 spire_cluster clusters
catalogue_weighted_no_nr_adjustment	spire_cluster	size_bin	1-2Mb	428	cont5_disagreement_rate	0.150014	0.105393	0.200234				stratum-level weights only, no post-stratification -- sensitivity check; 7301 spire_cluster clusters
catalogue_weighted_no_nr_adjustment	spire_cluster	size_bin	1-2Mb	428	floor_rate	0.00396347	0	0.012665				stratum-level weights only, no post-stratification -- sensitivity check; 7301 spire_cluster clusters
catalogue_weighted_no_nr_adjustment	spire_cluster	size_bin	1-2Mb	428	floor_rate_exact50	0	0	0				stratum-level weights only, no post-stratification -- sensitivity check; 7301 spire_cluster clusters
catalogue_weighted_no_nr_adjustment	spire_cluster	size_bin	1-2Mb	428	mean_d_comp	-1.89973	-3.45885	-0.348217				stratum-level weights only, no post-stratification -- sensitivity check; 7301 spire_cluster clusters
catalogue_weighted_no_nr_adjustment	spire_cluster	size_bin	1-2Mb	428	mean_d_cont	1.70243	0.549365	3.08711				stratum-level weights only, no post-stratification -- sensitivity check; 7301 spire_cluster clusters
catalogue_weighted_no_nr_adjustment	spire_cluster	size_bin	1-2Mb	428	mean_comp_checkm2	75.3097	73.3426	77.3016				stratum-level weights only, no post-stratification -- sensitivity check; 7301 spire_cluster clusters
catalogue_weighted_no_nr_adjustment	spire_cluster	size_bin	1-2Mb	428	mean_comp_magicc	73.41	71.3758	75.4777				stratum-level weights only, no post-stratification -- sensitivity check; 7301 spire_cluster clusters
catalogue_weighted_no_nr_adjustment	spire_cluster	size_bin	1-2Mb	428	mean_cont_checkm2	2.49425	2.19149	2.83147				stratum-level weights only, no post-stratification -- sensitivity check; 7301 spire_cluster clusters
catalogue_weighted_no_nr_adjustment	spire_cluster	size_bin	1-2Mb	428	mean_cont_magicc	4.19667	3.09096	5.52181				stratum-level weights only, no post-stratification -- sensitivity check; 7301 spire_cluster clusters
catalogue_weighted_no_nr_adjustment	spire_cluster	size_bin	1-2Mb	428	cell_HQ_to_HQ	0.12945	0.0905553	0.172376				stratum-level weights only, no post-stratification -- sensitivity check; 7301 spire_cluster clusters
catalogue_weighted_no_nr_adjustment	spire_cluster	size_bin	1-2Mb	428	cell_HQ_to_MQ	0.0610481	0.0340283	0.0910064				stratum-level weights only, no post-stratification -- sensitivity check; 7301 spire_cluster clusters
catalogue_weighted_no_nr_adjustment	spire_cluster	size_bin	1-2Mb	428	cell_HQ_to_LQ	0.0317917	0.0122576	0.0542086				stratum-level weights only, no post-stratification -- sensitivity check; 7301 spire_cluster clusters
catalogue_weighted_no_nr_adjustment	spire_cluster	size_bin	1-2Mb	428	cell_MQ_to_HQ	0.0668749	0.037255	0.0969726				stratum-level weights only, no post-stratification -- sensitivity check; 7301 spire_cluster clusters
catalogue_weighted_no_nr_adjustment	spire_cluster	size_bin	1-2Mb	428	cell_MQ_to_MQ	0.620095	0.558335	0.679501				stratum-level weights only, no post-stratification -- sensitivity check; 7301 spire_cluster clusters
catalogue_weighted_no_nr_adjustment	spire_cluster	size_bin	1-2Mb	428	cell_MQ_to_LQ	0.0907397	0.0588226	0.127897				stratum-level weights only, no post-stratification -- sensitivity check; 7301 spire_cluster clusters
catalogue_weighted_no_nr_adjustment	spire_cluster	size_bin	1-2Mb	428	cell_LQ_to_HQ	0	0	0				stratum-level weights only, no post-stratification -- sensitivity check; 7301 spire_cluster clusters
catalogue_weighted_no_nr_adjustment	spire_cluster	size_bin	1-2Mb	428	cell_LQ_to_MQ	0	0	0				stratum-level weights only, no post-stratification -- sensitivity check; 7301 spire_cluster clusters
catalogue_weighted_no_nr_adjustment	spire_cluster	size_bin	1-2Mb	428	cell_LQ_to_LQ	0	0	0				stratum-level weights only, no post-stratification -- sensitivity check; 7301 spire_cluster clusters
catalogue_weighted_no_nr_adjustment	spire_cluster	size_bin	1-2Mb	428	slope_d_comp_per_log10Mbp	13.3297	-3.89658	30.5092				stratum-level weights only, no post-stratification -- sensitivity check; 7301 spire_cluster clusters
catalogue_weighted_no_nr_adjustment	spire_cluster	size_bin	1-2Mb	428	slope_d_cont_per_log10Mbp	-7.00075	-22.1886	7.17527				stratum-level weights only, no post-stratification -- sensitivity check; 7301 spire_cluster clusters
catalogue_weighted_no_nr_adjustment	spire_cluster	size_bin	2-3Mb	418	p_class_change	0.333298	0.274648	0.388556				stratum-level weights only, no post-stratification -- sensitivity check; 7301 spire_cluster clusters
catalogue_weighted_no_nr_adjustment	spire_cluster	size_bin	2-3Mb	418	p_downgrade	0.233415	0.181495	0.284898				stratum-level weights only, no post-stratification -- sensitivity check; 7301 spire_cluster clusters
catalogue_weighted_no_nr_adjustment	spire_cluster	size_bin	2-3Mb	418	p_upgrade	0.0998834	0.0651861	0.138677				stratum-level weights only, no post-stratification -- sensitivity check; 7301 spire_cluster clusters
catalogue_weighted_no_nr_adjustment	spire_cluster	size_bin	2-3Mb	418	p_HQ_checkm2	0.288724	0.233634	0.3441				stratum-level weights only, no post-stratification -- sensitivity check; 7301 spire_cluster clusters
catalogue_weighted_no_nr_adjustment	spire_cluster	size_bin	2-3Mb	418	p_HQ_magicc	0.20127	0.152526	0.250371				stratum-level weights only, no post-stratification -- sensitivity check; 7301 spire_cluster clusters
catalogue_weighted_no_nr_adjustment	spire_cluster	size_bin	2-3Mb	418	HQ_downgrade_rate	0.648844	0.537165	0.754842				stratum-level weights only, no post-stratification -- sensitivity check; 7301 spire_cluster clusters
catalogue_weighted_no_nr_adjustment	spire_cluster	size_bin	2-3Mb	418	HQ_to_MQ_rate	0.561209	0.448459	0.671845				stratum-level weights only, no post-stratification -- sensitivity check; 7301 spire_cluster clusters
catalogue_weighted_no_nr_adjustment	spire_cluster	size_bin	2-3Mb	418	HQ_to_LQ_rate	0.0876358	0.0311849	0.158551				stratum-level weights only, no post-stratification -- sensitivity check; 7301 spire_cluster clusters
catalogue_weighted_no_nr_adjustment	spire_cluster	size_bin	2-3Mb	418	MQ_to_HQ_rate	0.141239	0.0928311	0.19382				stratum-level weights only, no post-stratification -- sensitivity check; 7301 spire_cluster clusters
catalogue_weighted_no_nr_adjustment	spire_cluster	size_bin	2-3Mb	418	MQ_to_LQ_rate	0.0651568	0.0311163	0.101702				stratum-level weights only, no post-stratification -- sensitivity check; 7301 spire_cluster clusters
catalogue_weighted_no_nr_adjustment	spire_cluster	size_bin	2-3Mb	418	LQ_to_higher_rate	0	0	0				stratum-level weights only, no post-stratification -- sensitivity check; 7301 spire_cluster clusters
catalogue_weighted_no_nr_adjustment	spire_cluster	size_bin	2-3Mb	418	cont5_disagreement_rate	0.121787	0.0781987	0.168366				stratum-level weights only, no post-stratification -- sensitivity check; 7301 spire_cluster clusters
catalogue_weighted_no_nr_adjustment	spire_cluster	size_bin	2-3Mb	418	floor_rate	0	0	0				stratum-level weights only, no post-stratification -- sensitivity check; 7301 spire_cluster clusters
catalogue_weighted_no_nr_adjustment	spire_cluster	size_bin	2-3Mb	418	floor_rate_exact50	0	0	0				stratum-level weights only, no post-stratification -- sensitivity check; 7301 spire_cluster clusters
catalogue_weighted_no_nr_adjustment	spire_cluster	size_bin	2-3Mb	418	mean_d_comp	-2.44541	-3.92479	-0.97572				stratum-level weights only, no post-stratification -- sensitivity check; 7301 spire_cluster clusters
catalogue_weighted_no_nr_adjustment	spire_cluster	size_bin	2-3Mb	418	mean_d_cont	-0.112833	-0.920359	0.684383				stratum-level weights only, no post-stratification -- sensitivity check; 7301 spire_cluster clusters
catalogue_weighted_no_nr_adjustment	spire_cluster	size_bin	2-3Mb	418	mean_comp_checkm2	80.7147	78.9254	82.4889				stratum-level weights only, no post-stratification -- sensitivity check; 7301 spire_cluster clusters
catalogue_weighted_no_nr_adjustment	spire_cluster	size_bin	2-3Mb	418	mean_comp_magicc	78.2693	76.4752	80.0132				stratum-level weights only, no post-stratification -- sensitivity check; 7301 spire_cluster clusters
catalogue_weighted_no_nr_adjustment	spire_cluster	size_bin	2-3Mb	418	mean_cont_checkm2	2.72662	2.43046	3.03098				stratum-level weights only, no post-stratification -- sensitivity check; 7301 spire_cluster clusters
catalogue_weighted_no_nr_adjustment	spire_cluster	size_bin	2-3Mb	418	mean_cont_magicc	2.61379	1.84068	3.41302				stratum-level weights only, no post-stratification -- sensitivity check; 7301 spire_cluster clusters
catalogue_weighted_no_nr_adjustment	spire_cluster	size_bin	2-3Mb	418	cell_HQ_to_HQ	0.101387	0.0652613	0.139113				stratum-level weights only, no post-stratification -- sensitivity check; 7301 spire_cluster clusters
catalogue_weighted_no_nr_adjustment	spire_cluster	size_bin	2-3Mb	418	cell_HQ_to_MQ	0.162034	0.117636	0.208261				stratum-level weights only, no post-stratification -- sensitivity check; 7301 spire_cluster clusters
catalogue_weighted_no_nr_adjustment	spire_cluster	size_bin	2-3Mb	418	cell_HQ_to_LQ	0.0253025	0.00884347	0.046175				stratum-level weights only, no post-stratification -- sensitivity check; 7301 spire_cluster clusters
catalogue_weighted_no_nr_adjustment	spire_cluster	size_bin	2-3Mb	418	cell_MQ_to_HQ	0.0998834	0.0651861	0.138677				stratum-level weights only, no post-stratification -- sensitivity check; 7301 spire_cluster clusters
catalogue_weighted_no_nr_adjustment	spire_cluster	size_bin	2-3Mb	418	cell_MQ_to_MQ	0.56123	0.499965	0.624196				stratum-level weights only, no post-stratification -- sensitivity check; 7301 spire_cluster clusters
catalogue_weighted_no_nr_adjustment	spire_cluster	size_bin	2-3Mb	418	cell_MQ_to_LQ	0.0460784	0.0221155	0.071598				stratum-level weights only, no post-stratification -- sensitivity check; 7301 spire_cluster clusters
catalogue_weighted_no_nr_adjustment	spire_cluster	size_bin	2-3Mb	418	cell_LQ_to_HQ	0	0	0				stratum-level weights only, no post-stratification -- sensitivity check; 7301 spire_cluster clusters
catalogue_weighted_no_nr_adjustment	spire_cluster	size_bin	2-3Mb	418	cell_LQ_to_MQ	0	0	0				stratum-level weights only, no post-stratification -- sensitivity check; 7301 spire_cluster clusters
catalogue_weighted_no_nr_adjustment	spire_cluster	size_bin	2-3Mb	418	cell_LQ_to_LQ	0.00408442	0	0.0133223				stratum-level weights only, no post-stratification -- sensitivity check; 7301 spire_cluster clusters
catalogue_weighted_no_nr_adjustment	spire_cluster	size_bin	2-3Mb	418	slope_d_comp_per_log10Mbp	14.805	-14.0221	44.2586				stratum-level weights only, no post-stratification -- sensitivity check; 7301 spire_cluster clusters
catalogue_weighted_no_nr_adjustment	spire_cluster	size_bin	2-3Mb	418	slope_d_cont_per_log10Mbp	-6.69499	-24.1918	10.1034				stratum-level weights only, no post-stratification -- sensitivity check; 7301 spire_cluster clusters
catalogue_weighted_no_nr_adjustment	spire_cluster	size_bin	3-5Mb	464	p_class_change	0.446108	0.391215	0.500853				stratum-level weights only, no post-stratification -- sensitivity check; 7301 spire_cluster clusters
catalogue_weighted_no_nr_adjustment	spire_cluster	size_bin	3-5Mb	464	p_downgrade	0.272022	0.225317	0.324876				stratum-level weights only, no post-stratification -- sensitivity check; 7301 spire_cluster clusters
catalogue_weighted_no_nr_adjustment	spire_cluster	size_bin	3-5Mb	464	p_upgrade	0.174087	0.134023	0.21744				stratum-level weights only, no post-stratification -- sensitivity check; 7301 spire_cluster clusters
catalogue_weighted_no_nr_adjustment	spire_cluster	size_bin	3-5Mb	464	p_HQ_checkm2	0.49909	0.441117	0.55488				stratum-level weights only, no post-stratification -- sensitivity check; 7301 spire_cluster clusters
catalogue_weighted_no_nr_adjustment	spire_cluster	size_bin	3-5Mb	464	p_HQ_magicc	0.444639	0.389959	0.498657				stratum-level weights only, no post-stratification -- sensitivity check; 7301 spire_cluster clusters
catalogue_weighted_no_nr_adjustment	spire_cluster	size_bin	3-5Mb	464	HQ_downgrade_rate	0.457909	0.379013	0.536803				stratum-level weights only, no post-stratification -- sensitivity check; 7301 spire_cluster clusters
catalogue_weighted_no_nr_adjustment	spire_cluster	size_bin	3-5Mb	464	HQ_to_MQ_rate	0.383314	0.312007	0.461247				stratum-level weights only, no post-stratification -- sensitivity check; 7301 spire_cluster clusters
catalogue_weighted_no_nr_adjustment	spire_cluster	size_bin	3-5Mb	464	HQ_to_LQ_rate	0.0745953	0.0363817	0.117727				stratum-level weights only, no post-stratification -- sensitivity check; 7301 spire_cluster clusters
catalogue_weighted_no_nr_adjustment	spire_cluster	size_bin	3-5Mb	464	MQ_to_HQ_rate	0.347541	0.275716	0.424652				stratum-level weights only, no post-stratification -- sensitivity check; 7301 spire_cluster clusters
catalogue_weighted_no_nr_adjustment	spire_cluster	size_bin	3-5Mb	464	MQ_to_LQ_rate	0.0868091	0.0458108	0.133837				stratum-level weights only, no post-stratification -- sensitivity check; 7301 spire_cluster clusters
catalogue_weighted_no_nr_adjustment	spire_cluster	size_bin	3-5Mb	464	LQ_to_higher_rate	nan	nan	nan				stratum-level weights only, no post-stratification -- sensitivity check; 7301 spire_cluster clusters
catalogue_weighted_no_nr_adjustment	spire_cluster	size_bin	3-5Mb	464	cont5_disagreement_rate	0.132632	0.0912882	0.174173				stratum-level weights only, no post-stratification -- sensitivity check; 7301 spire_cluster clusters
catalogue_weighted_no_nr_adjustment	spire_cluster	size_bin	3-5Mb	464	floor_rate	0	0	0				stratum-level weights only, no post-stratification -- sensitivity check; 7301 spire_cluster clusters
catalogue_weighted_no_nr_adjustment	spire_cluster	size_bin	3-5Mb	464	floor_rate_exact50	0	0	0				stratum-level weights only, no post-stratification -- sensitivity check; 7301 spire_cluster clusters
catalogue_weighted_no_nr_adjustment	spire_cluster	size_bin	3-5Mb	464	mean_d_comp	0.911637	-0.231792	2.09334				stratum-level weights only, no post-stratification -- sensitivity check; 7301 spire_cluster clusters
catalogue_weighted_no_nr_adjustment	spire_cluster	size_bin	3-5Mb	464	mean_d_cont	0.0960716	-0.673114	0.971659				stratum-level weights only, no post-stratification -- sensitivity check; 7301 spire_cluster clusters
catalogue_weighted_no_nr_adjustment	spire_cluster	size_bin	3-5Mb	464	mean_comp_checkm2	87.9949	86.5743	89.3091				stratum-level weights only, no post-stratification -- sensitivity check; 7301 spire_cluster clusters
catalogue_weighted_no_nr_adjustment	spire_cluster	size_bin	3-5Mb	464	mean_comp_magicc	88.9066	87.5391	90.1354				stratum-level weights only, no post-stratification -- sensitivity check; 7301 spire_cluster clusters
catalogue_weighted_no_nr_adjustment	spire_cluster	size_bin	3-5Mb	464	mean_cont_checkm2	3.05721	2.7969	3.32222				stratum-level weights only, no post-stratification -- sensitivity check; 7301 spire_cluster clusters
catalogue_weighted_no_nr_adjustment	spire_cluster	size_bin	3-5Mb	464	mean_cont_magicc	3.15328	2.40467	4.01103				stratum-level weights only, no post-stratification -- sensitivity check; 7301 spire_cluster clusters
catalogue_weighted_no_nr_adjustment	spire_cluster	size_bin	3-5Mb	464	cell_HQ_to_HQ	0.270552	0.223418	0.321986				stratum-level weights only, no post-stratification -- sensitivity check; 7301 spire_cluster clusters
catalogue_weighted_no_nr_adjustment	spire_cluster	size_bin	3-5Mb	464	cell_HQ_to_MQ	0.191308	0.150097	0.236064				stratum-level weights only, no post-stratification -- sensitivity check; 7301 spire_cluster clusters
catalogue_weighted_no_nr_adjustment	spire_cluster	size_bin	3-5Mb	464	cell_HQ_to_LQ	0.0372298	0.0178323	0.0591443				stratum-level weights only, no post-stratification -- sensitivity check; 7301 spire_cluster clusters
catalogue_weighted_no_nr_adjustment	spire_cluster	size_bin	3-5Mb	464	cell_MQ_to_HQ	0.174087	0.134023	0.21744				stratum-level weights only, no post-stratification -- sensitivity check; 7301 spire_cluster clusters
catalogue_weighted_no_nr_adjustment	spire_cluster	size_bin	3-5Mb	464	cell_MQ_to_MQ	0.283339	0.233026	0.333091				stratum-level weights only, no post-stratification -- sensitivity check; 7301 spire_cluster clusters
catalogue_weighted_no_nr_adjustment	spire_cluster	size_bin	3-5Mb	464	cell_MQ_to_LQ	0.0434835	0.0224326	0.0675146				stratum-level weights only, no post-stratification -- sensitivity check; 7301 spire_cluster clusters
catalogue_weighted_no_nr_adjustment	spire_cluster	size_bin	3-5Mb	464	cell_LQ_to_HQ	0	0	0				stratum-level weights only, no post-stratification -- sensitivity check; 7301 spire_cluster clusters
catalogue_weighted_no_nr_adjustment	spire_cluster	size_bin	3-5Mb	464	cell_LQ_to_MQ	0	0	0				stratum-level weights only, no post-stratification -- sensitivity check; 7301 spire_cluster clusters
catalogue_weighted_no_nr_adjustment	spire_cluster	size_bin	3-5Mb	464	cell_LQ_to_LQ	0	0	0				stratum-level weights only, no post-stratification -- sensitivity check; 7301 spire_cluster clusters
catalogue_weighted_no_nr_adjustment	spire_cluster	size_bin	3-5Mb	464	slope_d_comp_per_log10Mbp	30.515	13.4005	48.9707				stratum-level weights only, no post-stratification -- sensitivity check; 7301 spire_cluster clusters
catalogue_weighted_no_nr_adjustment	spire_cluster	size_bin	3-5Mb	464	slope_d_cont_per_log10Mbp	14.4335	2.09745	28.2335				stratum-level weights only, no post-stratification -- sensitivity check; 7301 spire_cluster clusters
catalogue_weighted_no_nr_adjustment	spire_cluster	size_bin	>5Mb	136	p_class_change	0.563213	0.461386	0.667691				stratum-level weights only, no post-stratification -- sensitivity check; 7301 spire_cluster clusters
catalogue_weighted_no_nr_adjustment	spire_cluster	size_bin	>5Mb	136	p_downgrade	0.311731	0.220109	0.407735				stratum-level weights only, no post-stratification -- sensitivity check; 7301 spire_cluster clusters
catalogue_weighted_no_nr_adjustment	spire_cluster	size_bin	>5Mb	136	p_upgrade	0.251482	0.165315	0.347858				stratum-level weights only, no post-stratification -- sensitivity check; 7301 spire_cluster clusters
catalogue_weighted_no_nr_adjustment	spire_cluster	size_bin	>5Mb	136	p_HQ_checkm2	0.470817	0.372098	0.56995				stratum-level weights only, no post-stratification -- sensitivity check; 7301 spire_cluster clusters
catalogue_weighted_no_nr_adjustment	spire_cluster	size_bin	>5Mb	136	p_HQ_magicc	0.567729	0.469246	0.667065				stratum-level weights only, no post-stratification -- sensitivity check; 7301 spire_cluster clusters
catalogue_weighted_no_nr_adjustment	spire_cluster	size_bin	>5Mb	136	HQ_downgrade_rate	0.328303	0.192287	0.468769				stratum-level weights only, no post-stratification -- sensitivity check; 7301 spire_cluster clusters
catalogue_weighted_no_nr_adjustment	spire_cluster	size_bin	>5Mb	136	HQ_to_MQ_rate	0.117465	0.0283809	0.220877				stratum-level weights only, no post-stratification -- sensitivity check; 7301 spire_cluster clusters
catalogue_weighted_no_nr_adjustment	spire_cluster	size_bin	>5Mb	136	HQ_to_LQ_rate	0.210837	0.0933778	0.341532				stratum-level weights only, no post-stratification -- sensitivity check; 7301 spire_cluster clusters
catalogue_weighted_no_nr_adjustment	spire_cluster	size_bin	>5Mb	136	MQ_to_HQ_rate	0.475228	0.338042	0.616231				stratum-level weights only, no post-stratification -- sensitivity check; 7301 spire_cluster clusters
catalogue_weighted_no_nr_adjustment	spire_cluster	size_bin	>5Mb	136	MQ_to_LQ_rate	0.296987	0.170963	0.428063				stratum-level weights only, no post-stratification -- sensitivity check; 7301 spire_cluster clusters
catalogue_weighted_no_nr_adjustment	spire_cluster	size_bin	>5Mb	136	LQ_to_higher_rate	nan	nan	nan				stratum-level weights only, no post-stratification -- sensitivity check; 7301 spire_cluster clusters
catalogue_weighted_no_nr_adjustment	spire_cluster	size_bin	>5Mb	136	cont5_disagreement_rate	0.272075	0.157506	0.398546				stratum-level weights only, no post-stratification -- sensitivity check; 7301 spire_cluster clusters
catalogue_weighted_no_nr_adjustment	spire_cluster	size_bin	>5Mb	136	floor_rate	0	0	0				stratum-level weights only, no post-stratification -- sensitivity check; 7301 spire_cluster clusters
catalogue_weighted_no_nr_adjustment	spire_cluster	size_bin	>5Mb	136	floor_rate_exact50	0	0	0				stratum-level weights only, no post-stratification -- sensitivity check; 7301 spire_cluster clusters
catalogue_weighted_no_nr_adjustment	spire_cluster	size_bin	>5Mb	136	mean_d_comp	3.05752	1.38153	4.87826				stratum-level weights only, no post-stratification -- sensitivity check; 7301 spire_cluster clusters
catalogue_weighted_no_nr_adjustment	spire_cluster	size_bin	>5Mb	136	mean_d_cont	5.62316	2.1712	9.41298				stratum-level weights only, no post-stratification -- sensitivity check; 7301 spire_cluster clusters
catalogue_weighted_no_nr_adjustment	spire_cluster	size_bin	>5Mb	136	mean_comp_checkm2	91.671	89.9374	93.2131				stratum-level weights only, no post-stratification -- sensitivity check; 7301 spire_cluster clusters
catalogue_weighted_no_nr_adjustment	spire_cluster	size_bin	>5Mb	136	mean_comp_magicc	94.7285	93.2981	96.0959				stratum-level weights only, no post-stratification -- sensitivity check; 7301 spire_cluster clusters
catalogue_weighted_no_nr_adjustment	spire_cluster	size_bin	>5Mb	136	mean_cont_checkm2	4.37464	3.78752	4.99612				stratum-level weights only, no post-stratification -- sensitivity check; 7301 spire_cluster clusters
catalogue_weighted_no_nr_adjustment	spire_cluster	size_bin	>5Mb	136	mean_cont_magicc	9.9978	6.63315	13.783				stratum-level weights only, no post-stratification -- sensitivity check; 7301 spire_cluster clusters
catalogue_weighted_no_nr_adjustment	spire_cluster	size_bin	>5Mb	136	cell_HQ_to_HQ	0.316247	0.221004	0.409222				stratum-level weights only, no post-stratification -- sensitivity check; 7301 spire_cluster clusters
catalogue_weighted_no_nr_adjustment	spire_cluster	size_bin	>5Mb	136	cell_HQ_to_MQ	0.0553047	0.0126183	0.103884				stratum-level weights only, no post-stratification -- sensitivity check; 7301 spire_cluster clusters
catalogue_weighted_no_nr_adjustment	spire_cluster	size_bin	>5Mb	136	cell_HQ_to_LQ	0.0992659	0.0413353	0.163014				stratum-level weights only, no post-stratification -- sensitivity check; 7301 spire_cluster clusters
catalogue_weighted_no_nr_adjustment	spire_cluster	size_bin	>5Mb	136	cell_MQ_to_HQ	0.251482	0.165315	0.347858				stratum-level weights only, no post-stratification -- sensitivity check; 7301 spire_cluster clusters
catalogue_weighted_no_nr_adjustment	spire_cluster	size_bin	>5Mb	136	cell_MQ_to_MQ	0.12054	0.0588898	0.192489				stratum-level weights only, no post-stratification -- sensitivity check; 7301 spire_cluster clusters
catalogue_weighted_no_nr_adjustment	spire_cluster	size_bin	>5Mb	136	cell_MQ_to_LQ	0.15716	0.0868759	0.233503				stratum-level weights only, no post-stratification -- sensitivity check; 7301 spire_cluster clusters
catalogue_weighted_no_nr_adjustment	spire_cluster	size_bin	>5Mb	136	cell_LQ_to_HQ	0	0	0				stratum-level weights only, no post-stratification -- sensitivity check; 7301 spire_cluster clusters
catalogue_weighted_no_nr_adjustment	spire_cluster	size_bin	>5Mb	136	cell_LQ_to_MQ	0	0	0				stratum-level weights only, no post-stratification -- sensitivity check; 7301 spire_cluster clusters
catalogue_weighted_no_nr_adjustment	spire_cluster	size_bin	>5Mb	136	cell_LQ_to_LQ	0	0	0				stratum-level weights only, no post-stratification -- sensitivity check; 7301 spire_cluster clusters
catalogue_weighted_no_nr_adjustment	spire_cluster	size_bin	>5Mb	136	slope_d_comp_per_log10Mbp	-4.02693	-20.9995	13.3392				stratum-level weights only, no post-stratification -- sensitivity check; 7301 spire_cluster clusters
catalogue_weighted_no_nr_adjustment	spire_cluster	size_bin	>5Mb	136	slope_d_cont_per_log10Mbp	68.141	21.0194	117.032				stratum-level weights only, no post-stratification -- sensitivity check; 7301 spire_cluster clusters
S3_srs_unweighted	family	overall	ALL	892	p_class_change	0.369955	0.338352	0.402968				unweighted SRS of S3; 448 family clusters
S3_srs_unweighted	family	overall	ALL	892	p_downgrade	0.238789	0.210279	0.266918				unweighted SRS of S3; 448 family clusters
S3_srs_unweighted	family	overall	ALL	892	p_upgrade	0.131166	0.109691	0.155611				unweighted SRS of S3; 448 family clusters
S3_srs_unweighted	family	overall	ALL	892	p_HQ_checkm2	0.359865	0.326062	0.39487				unweighted SRS of S3; 448 family clusters
S3_srs_unweighted	family	overall	ALL	892	p_HQ_magicc	0.320628	0.288273	0.355507				unweighted SRS of S3; 448 family clusters
S3_srs_unweighted	family	overall	ALL	892	HQ_downgrade_rate	0.47352	0.417476	0.53192				unweighted SRS of S3; 448 family clusters
S3_srs_unweighted	family	overall	ALL	892	HQ_to_MQ_rate	0.367601	0.315951	0.421349				unweighted SRS of S3; 448 family clusters
S3_srs_unweighted	family	overall	ALL	892	HQ_to_LQ_rate	0.105919	0.0709188	0.144264				unweighted SRS of S3; 448 family clusters
S3_srs_unweighted	family	overall	ALL	892	MQ_to_HQ_rate	0.205263	0.173173	0.241441				unweighted SRS of S3; 448 family clusters
S3_srs_unweighted	family	overall	ALL	892	MQ_to_LQ_rate	0.107018	0.0785122	0.136298				unweighted SRS of S3; 448 family clusters
S3_srs_unweighted	family	overall	ALL	892	LQ_to_higher_rate	0	0	0				unweighted SRS of S3; 448 family clusters
S3_srs_unweighted	family	overall	ALL	892	cont5_disagreement_rate	0.143266	0.112614	0.174763				unweighted SRS of S3; 448 family clusters
S3_srs_unweighted	family	overall	ALL	892	floor_rate	0.00112108	0	0.00375963				unweighted SRS of S3; 448 family clusters
S3_srs_unweighted	family	overall	ALL	892	floor_rate_exact50	0	0	0				unweighted SRS of S3; 448 family clusters
S3_srs_unweighted	family	overall	ALL	892	mean_d_comp	-0.584575	-1.42085	0.249288				unweighted SRS of S3; 448 family clusters
S3_srs_unweighted	family	overall	ALL	892	mean_d_cont	1.00373	0.237804	1.85666				unweighted SRS of S3; 448 family clusters
S3_srs_unweighted	family	overall	ALL	892	mean_comp_checkm2	82.7696	81.688	83.8569				unweighted SRS of S3; 448 family clusters
S3_srs_unweighted	family	overall	ALL	892	mean_comp_magicc	82.185	81.0878	83.3422				unweighted SRS of S3; 448 family clusters
S3_srs_unweighted	family	overall	ALL	892	mean_cont_checkm2	2.94664	2.7552	3.14085				unweighted SRS of S3; 448 family clusters
S3_srs_unweighted	family	overall	ALL	892	mean_cont_magicc	3.95037	3.17788	4.8182				unweighted SRS of S3; 448 family clusters
S3_srs_unweighted	family	overall	ALL	892	cell_HQ_to_HQ	0.189462	0.160408	0.220384				unweighted SRS of S3; 448 family clusters
S3_srs_unweighted	family	overall	ALL	892	cell_HQ_to_MQ	0.132287	0.110559	0.154606				unweighted SRS of S3; 448 family clusters
S3_srs_unweighted	family	overall	ALL	892	cell_HQ_to_LQ	0.0381166	0.0254759	0.0518072				unweighted SRS of S3; 448 family clusters
S3_srs_unweighted	family	overall	ALL	892	cell_MQ_to_HQ	0.131166	0.109691	0.155611				unweighted SRS of S3; 448 family clusters
S3_srs_unweighted	family	overall	ALL	892	cell_MQ_to_MQ	0.439462	0.405224	0.47205				unweighted SRS of S3; 448 family clusters
S3_srs_unweighted	family	overall	ALL	892	cell_MQ_to_LQ	0.0683857	0.049884	0.0877062				unweighted SRS of S3; 448 family clusters
S3_srs_unweighted	family	overall	ALL	892	cell_LQ_to_HQ	0	0	0				unweighted SRS of S3; 448 family clusters
S3_srs_unweighted	family	overall	ALL	892	cell_LQ_to_MQ	0	0	0				unweighted SRS of S3; 448 family clusters
S3_srs_unweighted	family	overall	ALL	892	cell_LQ_to_LQ	0.00112108	0	0.00360188				unweighted SRS of S3; 448 family clusters
S3_srs_unweighted	family	overall	ALL	892	slope_d_comp_per_log10Mbp	8.70946	5.08199	12.6653				unweighted SRS of S3; 448 family clusters
S3_srs_unweighted	family	overall	ALL	892	slope_d_cont_per_log10Mbp	3.20958	-1.50137	8.39424				unweighted SRS of S3; 448 family clusters
S3_srs_unweighted	family	size_bin	1-2Mb	254	p_class_change	0.248031	0.190652	0.306725				unweighted SRS of S3; 448 family clusters
S3_srs_unweighted	family	size_bin	1-2Mb	254	p_downgrade	0.181102	0.13684	0.231373				unweighted SRS of S3; 448 family clusters
S3_srs_unweighted	family	size_bin	1-2Mb	254	p_upgrade	0.0669291	0.0384615	0.096639				unweighted SRS of S3; 448 family clusters
S3_srs_unweighted	family	size_bin	1-2Mb	254	p_HQ_checkm2	0.220472	0.162042	0.287511				unweighted SRS of S3; 448 family clusters
S3_srs_unweighted	family	size_bin	1-2Mb	254	p_HQ_magicc	0.19685	0.141128	0.258564				unweighted SRS of S3; 448 family clusters
S3_srs_unweighted	family	size_bin	1-2Mb	254	HQ_downgrade_rate	0.410714	0.269207	0.568182				unweighted SRS of S3; 448 family clusters
S3_srs_unweighted	family	size_bin	1-2Mb	254	HQ_to_MQ_rate	0.267857	0.154902	0.404762				unweighted SRS of S3; 448 family clusters
S3_srs_unweighted	family	size_bin	1-2Mb	254	HQ_to_LQ_rate	0.142857	0.0588235	0.250106				unweighted SRS of S3; 448 family clusters
S3_srs_unweighted	family	size_bin	1-2Mb	254	MQ_to_HQ_rate	0.0858586	0.0509168	0.125				unweighted SRS of S3; 448 family clusters
S3_srs_unweighted	family	size_bin	1-2Mb	254	MQ_to_LQ_rate	0.116162	0.0752657	0.162502				unweighted SRS of S3; 448 family clusters
S3_srs_unweighted	family	size_bin	1-2Mb	254	LQ_to_higher_rate	nan	nan	nan				unweighted SRS of S3; 448 family clusters
S3_srs_unweighted	family	size_bin	1-2Mb	254	cont5_disagreement_rate	0.148325	0.103603	0.196539				unweighted SRS of S3; 448 family clusters
S3_srs_unweighted	family	size_bin	1-2Mb	254	floor_rate	0.00393701	0	0.0138249				unweighted SRS of S3; 448 family clusters
S3_srs_unweighted	family	size_bin	1-2Mb	254	floor_rate_exact50	0	0	0				unweighted SRS of S3; 448 family clusters
S3_srs_unweighted	family	size_bin	1-2Mb	254	mean_d_comp	-1.83888	-3.63195	-0.270886				unweighted SRS of S3; 448 family clusters
S3_srs_unweighted	family	size_bin	1-2Mb	254	mean_d_cont	1.67255	0.475382	2.93338				unweighted SRS of S3; 448 family clusters
S3_srs_unweighted	family	size_bin	1-2Mb	254	mean_comp_checkm2	75.2515	72.8675	77.8345				unweighted SRS of S3; 448 family clusters
S3_srs_unweighted	family	size_bin	1-2Mb	254	mean_comp_magicc	73.4127	70.6987	76.1795				unweighted SRS of S3; 448 family clusters
S3_srs_unweighted	family	size_bin	1-2Mb	254	mean_cont_checkm2	2.50591	2.18745	2.82253				unweighted SRS of S3; 448 family clusters
S3_srs_unweighted	family	size_bin	1-2Mb	254	mean_cont_magicc	4.17846	2.96954	5.40804				unweighted SRS of S3; 448 family clusters
S3_srs_unweighted	family	size_bin	1-2Mb	254	cell_HQ_to_HQ	0.129921	0.0799953	0.192594				unweighted SRS of S3; 448 family clusters
S3_srs_unweighted	family	size_bin	1-2Mb	254	cell_HQ_to_MQ	0.0590551	0.0332103	0.0888052				unweighted SRS of S3; 448 family clusters
S3_srs_unweighted	family	size_bin	1-2Mb	254	cell_HQ_to_LQ	0.0314961	0.0123967	0.0549081				unweighted SRS of S3; 448 family clusters
S3_srs_unweighted	family	size_bin	1-2Mb	254	cell_MQ_to_HQ	0.0669291	0.0384615	0.096639				unweighted SRS of S3; 448 family clusters
S3_srs_unweighted	family	size_bin	1-2Mb	254	cell_MQ_to_MQ	0.622047	0.55087	0.693116				unweighted SRS of S3; 448 family clusters
S3_srs_unweighted	family	size_bin	1-2Mb	254	cell_MQ_to_LQ	0.0905512	0.0590493	0.126867				unweighted SRS of S3; 448 family clusters
S3_srs_unweighted	family	size_bin	1-2Mb	254	cell_LQ_to_HQ	0	0	0				unweighted SRS of S3; 448 family clusters
S3_srs_unweighted	family	size_bin	1-2Mb	254	cell_LQ_to_MQ	0	0	0				unweighted SRS of S3; 448 family clusters
S3_srs_unweighted	family	size_bin	1-2Mb	254	cell_LQ_to_LQ	0	0	0				unweighted SRS of S3; 448 family clusters
S3_srs_unweighted	family	size_bin	1-2Mb	254	slope_d_comp_per_log10Mbp	12.7848	-2.18637	28.5547				unweighted SRS of S3; 448 family clusters
S3_srs_unweighted	family	size_bin	1-2Mb	254	slope_d_cont_per_log10Mbp	-6.79541	-21.3605	6.86264				unweighted SRS of S3; 448 family clusters
S3_srs_unweighted	family	size_bin	2-3Mb	241	p_class_change	0.33195	0.270142	0.394433				unweighted SRS of S3; 448 family clusters
S3_srs_unweighted	family	size_bin	2-3Mb	241	p_downgrade	0.232365	0.177473	0.288007				unweighted SRS of S3; 448 family clusters
S3_srs_unweighted	family	size_bin	2-3Mb	241	p_upgrade	0.0995851	0.0627658	0.13762				unweighted SRS of S3; 448 family clusters
S3_srs_unweighted	family	size_bin	2-3Mb	241	p_HQ_checkm2	0.286307	0.226184	0.348323				unweighted SRS of S3; 448 family clusters
S3_srs_unweighted	family	size_bin	2-3Mb	241	p_HQ_magicc	0.19917	0.15294	0.245372				unweighted SRS of S3; 448 family clusters
S3_srs_unweighted	family	size_bin	2-3Mb	241	HQ_downgrade_rate	0.652174	0.541667	0.763909				unweighted SRS of S3; 448 family clusters
S3_srs_unweighted	family	size_bin	2-3Mb	241	HQ_to_MQ_rate	0.565217	0.439985	0.681836				unweighted SRS of S3; 448 family clusters
S3_srs_unweighted	family	size_bin	2-3Mb	241	HQ_to_LQ_rate	0.0869565	0.027027	0.160714				unweighted SRS of S3; 448 family clusters
S3_srs_unweighted	family	size_bin	2-3Mb	241	MQ_to_HQ_rate	0.140351	0.0887443	0.192773				unweighted SRS of S3; 448 family clusters
S3_srs_unweighted	family	size_bin	2-3Mb	241	MQ_to_LQ_rate	0.0643275	0.0257666	0.108974				unweighted SRS of S3; 448 family clusters
S3_srs_unweighted	family	size_bin	2-3Mb	241	LQ_to_higher_rate	0	0	0				unweighted SRS of S3; 448 family clusters
S3_srs_unweighted	family	size_bin	2-3Mb	241	cont5_disagreement_rate	0.120603	0.0727226	0.173191				unweighted SRS of S3; 448 family clusters
S3_srs_unweighted	family	size_bin	2-3Mb	241	floor_rate	0	0	0				unweighted SRS of S3; 448 family clusters
S3_srs_unweighted	family	size_bin	2-3Mb	241	floor_rate_exact50	0	0	0				unweighted SRS of S3; 448 family clusters
S3_srs_unweighted	family	size_bin	2-3Mb	241	mean_d_comp	-2.45823	-3.97675	-0.890191				unweighted SRS of S3; 448 family clusters
S3_srs_unweighted	family	size_bin	2-3Mb	241	mean_d_cont	-0.140269	-0.979271	0.767365				unweighted SRS of S3; 448 family clusters
S3_srs_unweighted	family	size_bin	2-3Mb	241	mean_comp_checkm2	80.6476	78.9382	82.2897				unweighted SRS of S3; 448 family clusters
S3_srs_unweighted	family	size_bin	2-3Mb	241	mean_comp_magicc	78.1894	76.4609	79.9222				unweighted SRS of S3; 448 family clusters
S3_srs_unweighted	family	size_bin	2-3Mb	241	mean_cont_checkm2	2.73344	2.40592	3.06172				unweighted SRS of S3; 448 family clusters
S3_srs_unweighted	family	size_bin	2-3Mb	241	mean_cont_magicc	2.59318	1.78732	3.49816				unweighted SRS of S3; 448 family clusters
S3_srs_unweighted	family	size_bin	2-3Mb	241	cell_HQ_to_HQ	0.0995851	0.0621743	0.140275				unweighted SRS of S3; 448 family clusters
S3_srs_unweighted	family	size_bin	2-3Mb	241	cell_HQ_to_MQ	0.161826	0.113535	0.211411				unweighted SRS of S3; 448 family clusters
S3_srs_unweighted	family	size_bin	2-3Mb	241	cell_HQ_to_LQ	0.0248963	0.00793651	0.0469499				unweighted SRS of S3; 448 family clusters
S3_srs_unweighted	family	size_bin	2-3Mb	241	cell_MQ_to_HQ	0.0995851	0.0627658	0.13762				unweighted SRS of S3; 448 family clusters
S3_srs_unweighted	family	size_bin	2-3Mb	241	cell_MQ_to_MQ	0.564315	0.497866	0.629344				unweighted SRS of S3; 448 family clusters
S3_srs_unweighted	family	size_bin	2-3Mb	241	cell_MQ_to_LQ	0.0456432	0.0179352	0.0772362				unweighted SRS of S3; 448 family clusters
S3_srs_unweighted	family	size_bin	2-3Mb	241	cell_LQ_to_HQ	0	0	0				unweighted SRS of S3; 448 family clusters
S3_srs_unweighted	family	size_bin	2-3Mb	241	cell_LQ_to_MQ	0	0	0				unweighted SRS of S3; 448 family clusters
S3_srs_unweighted	family	size_bin	2-3Mb	241	cell_LQ_to_LQ	0.00414938	0	0.0141355				unweighted SRS of S3; 448 family clusters
S3_srs_unweighted	family	size_bin	2-3Mb	241	slope_d_comp_per_log10Mbp	14.3945	-14.4066	43.3372				unweighted SRS of S3; 448 family clusters
S3_srs_unweighted	family	size_bin	2-3Mb	241	slope_d_cont_per_log10Mbp	-6.87418	-24.2868	10.7648				unweighted SRS of S3; 448 family clusters
S3_srs_unweighted	family	size_bin	3-5Mb	306	p_class_change	0.444444	0.387181	0.503477				unweighted SRS of S3; 448 family clusters
S3_srs_unweighted	family	size_bin	3-5Mb	306	p_downgrade	0.271242	0.220623	0.320515				unweighted SRS of S3; 448 family clusters
S3_srs_unweighted	family	size_bin	3-5Mb	306	p_upgrade	0.173203	0.126981	0.223608				unweighted SRS of S3; 448 family clusters
S3_srs_unweighted	family	size_bin	3-5Mb	306	p_HQ_checkm2	0.5	0.440989	0.562305				unweighted SRS of S3; 448 family clusters
S3_srs_unweighted	family	size_bin	3-5Mb	306	p_HQ_magicc	0.444444	0.384342	0.509332				unweighted SRS of S3; 448 family clusters
S3_srs_unweighted	family	size_bin	3-5Mb	306	HQ_downgrade_rate	0.457516	0.369856	0.542637				unweighted SRS of S3; 448 family clusters
S3_srs_unweighted	family	size_bin	3-5Mb	306	HQ_to_MQ_rate	0.385621	0.303558	0.468359				unweighted SRS of S3; 448 family clusters
S3_srs_unweighted	family	size_bin	3-5Mb	306	HQ_to_LQ_rate	0.0718954	0.0302985	0.120573				unweighted SRS of S3; 448 family clusters
S3_srs_unweighted	family	size_bin	3-5Mb	306	MQ_to_HQ_rate	0.346405	0.266186	0.429772				unweighted SRS of S3; 448 family clusters
S3_srs_unweighted	family	size_bin	3-5Mb	306	MQ_to_LQ_rate	0.0849673	0.0384615	0.137146				unweighted SRS of S3; 448 family clusters
S3_srs_unweighted	family	size_bin	3-5Mb	306	LQ_to_higher_rate	nan	nan	nan				unweighted SRS of S3; 448 family clusters
S3_srs_unweighted	family	size_bin	3-5Mb	306	cont5_disagreement_rate	0.130252	0.0897884	0.179054				unweighted SRS of S3; 448 family clusters
S3_srs_unweighted	family	size_bin	3-5Mb	306	floor_rate	0	0	0				unweighted SRS of S3; 448 family clusters
S3_srs_unweighted	family	size_bin	3-5Mb	306	floor_rate_exact50	0	0	0				unweighted SRS of S3; 448 family clusters
S3_srs_unweighted	family	size_bin	3-5Mb	306	mean_d_comp	0.847904	-0.445468	2.17952				unweighted SRS of S3; 448 family clusters
S3_srs_unweighted	family	size_bin	3-5Mb	306	mean_d_cont	0.0398592	-0.800302	1.00846				unweighted SRS of S3; 448 family clusters
S3_srs_unweighted	family	size_bin	3-5Mb	306	mean_comp_checkm2	88.0318	86.6658	89.3522				unweighted SRS of S3; 448 family clusters
S3_srs_unweighted	family	size_bin	3-5Mb	306	mean_comp_magicc	88.8797	87.4787	90.22				unweighted SRS of S3; 448 family clusters
S3_srs_unweighted	family	size_bin	3-5Mb	306	mean_cont_checkm2	3.05837	2.76229	3.35983				unweighted SRS of S3; 448 family clusters
S3_srs_unweighted	family	size_bin	3-5Mb	306	mean_cont_magicc	3.09823	2.23959	4.09027				unweighted SRS of S3; 448 family clusters
S3_srs_unweighted	family	size_bin	3-5Mb	306	cell_HQ_to_HQ	0.271242	0.214521	0.330966				unweighted SRS of S3; 448 family clusters
S3_srs_unweighted	family	size_bin	3-5Mb	306	cell_HQ_to_MQ	0.19281	0.149991	0.234759				unweighted SRS of S3; 448 family clusters
S3_srs_unweighted	family	size_bin	3-5Mb	306	cell_HQ_to_LQ	0.0359477	0.0151492	0.0604254				unweighted SRS of S3; 448 family clusters
S3_srs_unweighted	family	size_bin	3-5Mb	306	cell_MQ_to_HQ	0.173203	0.126981	0.223608				unweighted SRS of S3; 448 family clusters
S3_srs_unweighted	family	size_bin	3-5Mb	306	cell_MQ_to_MQ	0.284314	0.235289	0.334312				unweighted SRS of S3; 448 family clusters
S3_srs_unweighted	family	size_bin	3-5Mb	306	cell_MQ_to_LQ	0.0424837	0.0185828	0.0702875				unweighted SRS of S3; 448 family clusters
S3_srs_unweighted	family	size_bin	3-5Mb	306	cell_LQ_to_HQ	0	0	0				unweighted SRS of S3; 448 family clusters
S3_srs_unweighted	family	size_bin	3-5Mb	306	cell_LQ_to_MQ	0	0	0				unweighted SRS of S3; 448 family clusters
S3_srs_unweighted	family	size_bin	3-5Mb	306	cell_LQ_to_LQ	0	0	0				unweighted SRS of S3; 448 family clusters
S3_srs_unweighted	family	size_bin	3-5Mb	306	slope_d_comp_per_log10Mbp	31.0256	10.7544	51.0014				unweighted SRS of S3; 448 family clusters
S3_srs_unweighted	family	size_bin	3-5Mb	306	slope_d_cont_per_log10Mbp	14.3492	3.12043	28.1895				unweighted SRS of S3; 448 family clusters
S3_srs_unweighted	family	size_bin	>5Mb	91	p_class_change	0.56044	0.454522	0.674706				unweighted SRS of S3; 448 family clusters
S3_srs_unweighted	family	size_bin	>5Mb	91	p_downgrade	0.307692	0.212112	0.421572				unweighted SRS of S3; 448 family clusters
S3_srs_unweighted	family	size_bin	>5Mb	91	p_upgrade	0.252747	0.151515	0.354183				unweighted SRS of S3; 448 family clusters
S3_srs_unweighted	family	size_bin	>5Mb	91	p_HQ_checkm2	0.472527	0.359989	0.581633				unweighted SRS of S3; 448 family clusters
S3_srs_unweighted	family	size_bin	>5Mb	91	p_HQ_magicc	0.571429	0.447059	0.684793				unweighted SRS of S3; 448 family clusters
S3_srs_unweighted	family	size_bin	>5Mb	91	HQ_downgrade_rate	0.325581	0.196055	0.477297				unweighted SRS of S3; 448 family clusters
S3_srs_unweighted	family	size_bin	>5Mb	91	HQ_to_MQ_rate	0.116279	0.0333333	0.214321				unweighted SRS of S3; 448 family clusters
S3_srs_unweighted	family	size_bin	>5Mb	91	HQ_to_LQ_rate	0.209302	0.0952156	0.36				unweighted SRS of S3; 448 family clusters
S3_srs_unweighted	family	size_bin	>5Mb	91	MQ_to_HQ_rate	0.479167	0.309524	0.642887				unweighted SRS of S3; 448 family clusters
S3_srs_unweighted	family	size_bin	>5Mb	91	MQ_to_LQ_rate	0.291667	0.157895	0.450025				unweighted SRS of S3; 448 family clusters
S3_srs_unweighted	family	size_bin	>5Mb	91	LQ_to_higher_rate	nan	nan	nan				unweighted SRS of S3; 448 family clusters
S3_srs_unweighted	family	size_bin	>5Mb	91	cont5_disagreement_rate	0.269231	0.14539	0.433333				unweighted SRS of S3; 448 family clusters
S3_srs_unweighted	family	size_bin	>5Mb	91	floor_rate	0	0	0				unweighted SRS of S3; 448 family clusters
S3_srs_unweighted	family	size_bin	>5Mb	91	floor_rate_exact50	0	0	0				unweighted SRS of S3; 448 family clusters
S3_srs_unweighted	family	size_bin	>5Mb	91	mean_d_comp	3.06163	1.01617	5.29639				unweighted SRS of S3; 448 family clusters
S3_srs_unweighted	family	size_bin	>5Mb	91	mean_d_cont	5.40779	1.46048	10.315				unweighted SRS of S3; 448 family clusters
S3_srs_unweighted	family	size_bin	>5Mb	91	mean_comp_checkm2	91.679	90.0967	93.2105				unweighted SRS of S3; 448 family clusters
S3_srs_unweighted	family	size_bin	>5Mb	91	mean_comp_magicc	94.7406	93.0535	96.4384				unweighted SRS of S3; 448 family clusters
S3_srs_unweighted	family	size_bin	>5Mb	91	mean_cont_checkm2	4.36571	3.66192	5.10985				unweighted SRS of S3; 448 family clusters
S3_srs_unweighted	family	size_bin	>5Mb	91	mean_cont_magicc	9.77351	5.89419	14.6774				unweighted SRS of S3; 448 family clusters
S3_srs_unweighted	family	size_bin	>5Mb	91	cell_HQ_to_HQ	0.318681	0.209997	0.424666				unweighted SRS of S3; 448 family clusters
S3_srs_unweighted	family	size_bin	>5Mb	91	cell_HQ_to_MQ	0.0549451	0.0138889	0.1				unweighted SRS of S3; 448 family clusters
S3_srs_unweighted	family	size_bin	>5Mb	91	cell_HQ_to_LQ	0.0989011	0.0429948	0.173348				unweighted SRS of S3; 448 family clusters
S3_srs_unweighted	family	size_bin	>5Mb	91	cell_MQ_to_HQ	0.252747	0.151515	0.354183				unweighted SRS of S3; 448 family clusters
S3_srs_unweighted	family	size_bin	>5Mb	91	cell_MQ_to_MQ	0.120879	0.0526316	0.19049				unweighted SRS of S3; 448 family clusters
S3_srs_unweighted	family	size_bin	>5Mb	91	cell_MQ_to_LQ	0.153846	0.0776303	0.253731				unweighted SRS of S3; 448 family clusters
S3_srs_unweighted	family	size_bin	>5Mb	91	cell_LQ_to_HQ	0	0	0				unweighted SRS of S3; 448 family clusters
S3_srs_unweighted	family	size_bin	>5Mb	91	cell_LQ_to_MQ	0	0	0				unweighted SRS of S3; 448 family clusters
S3_srs_unweighted	family	size_bin	>5Mb	91	cell_LQ_to_LQ	0	0	0				unweighted SRS of S3; 448 family clusters
S3_srs_unweighted	family	size_bin	>5Mb	91	slope_d_comp_per_log10Mbp	-4.47753	-21.8614	12.8458				unweighted SRS of S3; 448 family clusters
S3_srs_unweighted	family	size_bin	>5Mb	91	slope_d_cont_per_log10Mbp	67.135	21.4084	115.338				unweighted SRS of S3; 448 family clusters
S3_srs_unweighted	family	lineage_reduction	<-1 (>=2x reduced)	14	p_class_change	0	0	0				unweighted SRS of S3; 448 family clusters
S3_srs_unweighted	family	lineage_reduction	<-1 (>=2x reduced)	14	p_downgrade	0	0	0				unweighted SRS of S3; 448 family clusters
S3_srs_unweighted	family	lineage_reduction	<-1 (>=2x reduced)	14	p_upgrade	0	0	0				unweighted SRS of S3; 448 family clusters
S3_srs_unweighted	family	lineage_reduction	<-1 (>=2x reduced)	14	p_HQ_checkm2	0	0	0				unweighted SRS of S3; 448 family clusters
S3_srs_unweighted	family	lineage_reduction	<-1 (>=2x reduced)	14	p_HQ_magicc	0	0	0				unweighted SRS of S3; 448 family clusters
S3_srs_unweighted	family	lineage_reduction	<-1 (>=2x reduced)	14	HQ_downgrade_rate	nan	nan	nan				unweighted SRS of S3; 448 family clusters
S3_srs_unweighted	family	lineage_reduction	<-1 (>=2x reduced)	14	HQ_to_MQ_rate	nan	nan	nan				unweighted SRS of S3; 448 family clusters
S3_srs_unweighted	family	lineage_reduction	<-1 (>=2x reduced)	14	HQ_to_LQ_rate	nan	nan	nan				unweighted SRS of S3; 448 family clusters
S3_srs_unweighted	family	lineage_reduction	<-1 (>=2x reduced)	14	MQ_to_HQ_rate	0	0	0				unweighted SRS of S3; 448 family clusters
S3_srs_unweighted	family	lineage_reduction	<-1 (>=2x reduced)	14	MQ_to_LQ_rate	0	0	0				unweighted SRS of S3; 448 family clusters
S3_srs_unweighted	family	lineage_reduction	<-1 (>=2x reduced)	14	LQ_to_higher_rate	nan	nan	nan				unweighted SRS of S3; 448 family clusters
S3_srs_unweighted	family	lineage_reduction	<-1 (>=2x reduced)	14	cont5_disagreement_rate	0	0	0				unweighted SRS of S3; 448 family clusters
S3_srs_unweighted	family	lineage_reduction	<-1 (>=2x reduced)	14	floor_rate	0	0	0				unweighted SRS of S3; 448 family clusters
S3_srs_unweighted	family	lineage_reduction	<-1 (>=2x reduced)	14	floor_rate_exact50	0	0	0				unweighted SRS of S3; 448 family clusters
S3_srs_unweighted	family	lineage_reduction	<-1 (>=2x reduced)	14	mean_d_comp	0.781093	-6.60277	8.04041				unweighted SRS of S3; 448 family clusters
S3_srs_unweighted	family	lineage_reduction	<-1 (>=2x reduced)	14	mean_d_cont	-1.15909	-2.59424	-0.0258721				unweighted SRS of S3; 448 family clusters
S3_srs_unweighted	family	lineage_reduction	<-1 (>=2x reduced)	14	mean_comp_checkm2	63.1714	55.5513	71.4922				unweighted SRS of S3; 448 family clusters
S3_srs_unweighted	family	lineage_reduction	<-1 (>=2x reduced)	14	mean_comp_magicc	63.9525	58.0463	70.6189				unweighted SRS of S3; 448 family clusters
S3_srs_unweighted	family	lineage_reduction	<-1 (>=2x reduced)	14	mean_cont_checkm2	1.79286	0.683728	3.24677				unweighted SRS of S3; 448 family clusters
S3_srs_unweighted	family	lineage_reduction	<-1 (>=2x reduced)	14	mean_cont_magicc	0.633771	0.36909	0.96978				unweighted SRS of S3; 448 family clusters
S3_srs_unweighted	family	lineage_reduction	<-1 (>=2x reduced)	14	cell_HQ_to_HQ	0	0	0				unweighted SRS of S3; 448 family clusters
S3_srs_unweighted	family	lineage_reduction	<-1 (>=2x reduced)	14	cell_HQ_to_MQ	0	0	0				unweighted SRS of S3; 448 family clusters
S3_srs_unweighted	family	lineage_reduction	<-1 (>=2x reduced)	14	cell_HQ_to_LQ	0	0	0				unweighted SRS of S3; 448 family clusters
S3_srs_unweighted	family	lineage_reduction	<-1 (>=2x reduced)	14	cell_MQ_to_HQ	0	0	0				unweighted SRS of S3; 448 family clusters
S3_srs_unweighted	family	lineage_reduction	<-1 (>=2x reduced)	14	cell_MQ_to_MQ	1	1	1				unweighted SRS of S3; 448 family clusters
S3_srs_unweighted	family	lineage_reduction	<-1 (>=2x reduced)	14	cell_MQ_to_LQ	0	0	0				unweighted SRS of S3; 448 family clusters
S3_srs_unweighted	family	lineage_reduction	<-1 (>=2x reduced)	14	cell_LQ_to_HQ	0	0	0				unweighted SRS of S3; 448 family clusters
S3_srs_unweighted	family	lineage_reduction	<-1 (>=2x reduced)	14	cell_LQ_to_MQ	0	0	0				unweighted SRS of S3; 448 family clusters
S3_srs_unweighted	family	lineage_reduction	<-1 (>=2x reduced)	14	cell_LQ_to_LQ	0	0	0				unweighted SRS of S3; 448 family clusters
S3_srs_unweighted	family	lineage_reduction	<-1 (>=2x reduced)	14	slope_d_comp_per_log10Mbp	60.0323	12.894	154.011				unweighted SRS of S3; 448 family clusters
S3_srs_unweighted	family	lineage_reduction	<-1 (>=2x reduced)	14	slope_d_cont_per_log10Mbp	0.31005	-37.1584	14.5351				unweighted SRS of S3; 448 family clusters
S3_srs_unweighted	family	lineage_reduction	-1 to -0.5	75	p_class_change	0.146667	0.0704164	0.226667				unweighted SRS of S3; 448 family clusters
S3_srs_unweighted	family	lineage_reduction	-1 to -0.5	75	p_downgrade	0.12	0.05	0.19404				unweighted SRS of S3; 448 family clusters
S3_srs_unweighted	family	lineage_reduction	-1 to -0.5	75	p_upgrade	0.0266667	0	0.0714286				unweighted SRS of S3; 448 family clusters
S3_srs_unweighted	family	lineage_reduction	-1 to -0.5	75	p_HQ_checkm2	0.133333	0.0555556	0.216881				unweighted SRS of S3; 448 family clusters
S3_srs_unweighted	family	lineage_reduction	-1 to -0.5	75	p_HQ_magicc	0.0933333	0.031746	0.166667				unweighted SRS of S3; 448 family clusters
S3_srs_unweighted	family	lineage_reduction	-1 to -0.5	75	HQ_downgrade_rate	0.5	0.2	0.8				unweighted SRS of S3; 448 family clusters
S3_srs_unweighted	family	lineage_reduction	-1 to -0.5	75	HQ_to_MQ_rate	0.5	0.2	0.8				unweighted SRS of S3; 448 family clusters
S3_srs_unweighted	family	lineage_reduction	-1 to -0.5	75	HQ_to_LQ_rate	0	0	0				unweighted SRS of S3; 448 family clusters
S3_srs_unweighted	family	lineage_reduction	-1 to -0.5	75	MQ_to_HQ_rate	0.0307692	0	0.0833333				unweighted SRS of S3; 448 family clusters
S3_srs_unweighted	family	lineage_reduction	-1 to -0.5	75	MQ_to_LQ_rate	0.0615385	0.0114706	0.122819				unweighted SRS of S3; 448 family clusters
S3_srs_unweighted	family	lineage_reduction	-1 to -0.5	75	LQ_to_higher_rate	nan	nan	nan				unweighted SRS of S3; 448 family clusters
S3_srs_unweighted	family	lineage_reduction	-1 to -0.5	75	cont5_disagreement_rate	0.111111	0.0377184	0.191176				unweighted SRS of S3; 448 family clusters
S3_srs_unweighted	family	lineage_reduction	-1 to -0.5	75	floor_rate	0	0	0				unweighted SRS of S3; 448 family clusters
S3_srs_unweighted	family	lineage_reduction	-1 to -0.5	75	floor_rate_exact50	0	0	0				unweighted SRS of S3; 448 family clusters
S3_srs_unweighted	family	lineage_reduction	-1 to -0.5	75	mean_d_comp	-4.26077	-6.55149	-1.93872				unweighted SRS of S3; 448 family clusters
S3_srs_unweighted	family	lineage_reduction	-1 to -0.5	75	mean_d_cont	-0.512113	-1.56126	0.634284				unweighted SRS of S3; 448 family clusters
S3_srs_unweighted	family	lineage_reduction	-1 to -0.5	75	mean_comp_checkm2	70.1489	66.9439	73.0359				unweighted SRS of S3; 448 family clusters
S3_srs_unweighted	family	lineage_reduction	-1 to -0.5	75	mean_comp_magicc	65.8882	62.83	68.9394				unweighted SRS of S3; 448 family clusters
S3_srs_unweighted	family	lineage_reduction	-1 to -0.5	75	mean_cont_checkm2	2.3444	1.81041	2.92255				unweighted SRS of S3; 448 family clusters
S3_srs_unweighted	family	lineage_reduction	-1 to -0.5	75	mean_cont_magicc	1.83229	0.98629	2.78878				unweighted SRS of S3; 448 family clusters
S3_srs_unweighted	family	lineage_reduction	-1 to -0.5	75	cell_HQ_to_HQ	0.0666667	0.0147059	0.125				unweighted SRS of S3; 448 family clusters
S3_srs_unweighted	family	lineage_reduction	-1 to -0.5	75	cell_HQ_to_MQ	0.0666667	0.0144928	0.123463				unweighted SRS of S3; 448 family clusters
S3_srs_unweighted	family	lineage_reduction	-1 to -0.5	75	cell_HQ_to_LQ	0	0	0				unweighted SRS of S3; 448 family clusters
S3_srs_unweighted	family	lineage_reduction	-1 to -0.5	75	cell_MQ_to_HQ	0.0266667	0	0.0714286				unweighted SRS of S3; 448 family clusters
S3_srs_unweighted	family	lineage_reduction	-1 to -0.5	75	cell_MQ_to_MQ	0.786667	0.685714	0.882353				unweighted SRS of S3; 448 family clusters
S3_srs_unweighted	family	lineage_reduction	-1 to -0.5	75	cell_MQ_to_LQ	0.0533333	0.00928571	0.107711				unweighted SRS of S3; 448 family clusters
S3_srs_unweighted	family	lineage_reduction	-1 to -0.5	75	cell_LQ_to_HQ	0	0	0				unweighted SRS of S3; 448 family clusters
S3_srs_unweighted	family	lineage_reduction	-1 to -0.5	75	cell_LQ_to_MQ	0	0	0				unweighted SRS of S3; 448 family clusters
S3_srs_unweighted	family	lineage_reduction	-1 to -0.5	75	cell_LQ_to_LQ	0	0	0				unweighted SRS of S3; 448 family clusters
S3_srs_unweighted	family	lineage_reduction	-1 to -0.5	75	slope_d_comp_per_log10Mbp	18.3626	-0.173735	35.8702				unweighted SRS of S3; 448 family clusters
S3_srs_unweighted	family	lineage_reduction	-1 to -0.5	75	slope_d_cont_per_log10Mbp	-3.22106	-11.4511	3.95606				unweighted SRS of S3; 448 family clusters
S3_srs_unweighted	family	lineage_reduction	-0.5 to -0.25	92	p_class_change	0.217391	0.134809	0.307692				unweighted SRS of S3; 448 family clusters
S3_srs_unweighted	family	lineage_reduction	-0.5 to -0.25	92	p_downgrade	0.163043	0.091954	0.24359				unweighted SRS of S3; 448 family clusters
S3_srs_unweighted	family	lineage_reduction	-0.5 to -0.25	92	p_upgrade	0.0543478	0.0111111	0.105882				unweighted SRS of S3; 448 family clusters
S3_srs_unweighted	family	lineage_reduction	-0.5 to -0.25	92	p_HQ_checkm2	0.271739	0.168276	0.383721				unweighted SRS of S3; 448 family clusters
S3_srs_unweighted	family	lineage_reduction	-0.5 to -0.25	92	p_HQ_magicc	0.206522	0.109584	0.310353				unweighted SRS of S3; 448 family clusters
S3_srs_unweighted	family	lineage_reduction	-0.5 to -0.25	92	HQ_downgrade_rate	0.44	0.235294	0.695761				unweighted SRS of S3; 448 family clusters
S3_srs_unweighted	family	lineage_reduction	-0.5 to -0.25	92	HQ_to_MQ_rate	0.36	0.176407	0.6				unweighted SRS of S3; 448 family clusters
S3_srs_unweighted	family	lineage_reduction	-0.5 to -0.25	92	HQ_to_LQ_rate	0.08	0	0.222222				unweighted SRS of S3; 448 family clusters
S3_srs_unweighted	family	lineage_reduction	-0.5 to -0.25	92	MQ_to_HQ_rate	0.0746269	0.0153788	0.144928				unweighted SRS of S3; 448 family clusters
S3_srs_unweighted	family	lineage_reduction	-0.5 to -0.25	92	MQ_to_LQ_rate	0.0597015	0.012987	0.125044				unweighted SRS of S3; 448 family clusters
S3_srs_unweighted	family	lineage_reduction	-0.5 to -0.25	92	LQ_to_higher_rate	nan	nan	nan				unweighted SRS of S3; 448 family clusters
S3_srs_unweighted	family	lineage_reduction	-0.5 to -0.25	92	cont5_disagreement_rate	0.148649	0.0704225	0.241379				unweighted SRS of S3; 448 family clusters
S3_srs_unweighted	family	lineage_reduction	-0.5 to -0.25	92	floor_rate	0.0108696	0	0.035725				unweighted SRS of S3; 448 family clusters
S3_srs_unweighted	family	lineage_reduction	-0.5 to -0.25	92	floor_rate_exact50	0	0	0				unweighted SRS of S3; 448 family clusters
S3_srs_unweighted	family	lineage_reduction	-0.5 to -0.25	92	mean_d_comp	-2.11568	-4.51597	0.157293				unweighted SRS of S3; 448 family clusters
S3_srs_unweighted	family	lineage_reduction	-0.5 to -0.25	92	mean_d_cont	-0.500227	-1.6715	0.844235				unweighted SRS of S3; 448 family clusters
S3_srs_unweighted	family	lineage_reduction	-0.5 to -0.25	92	mean_comp_checkm2	75.3987	71.4335	79.2057				unweighted SRS of S3; 448 family clusters
S3_srs_unweighted	family	lineage_reduction	-0.5 to -0.25	92	mean_comp_magicc	73.283	69.368	77.4344				unweighted SRS of S3; 448 family clusters
S3_srs_unweighted	family	lineage_reduction	-0.5 to -0.25	92	mean_cont_checkm2	2.57848	2.0759	3.14435				unweighted SRS of S3; 448 family clusters
S3_srs_unweighted	family	lineage_reduction	-0.5 to -0.25	92	mean_cont_magicc	2.07825	1.14116	3.29093				unweighted SRS of S3; 448 family clusters
S3_srs_unweighted	family	lineage_reduction	-0.5 to -0.25	92	cell_HQ_to_HQ	0.152174	0.0645161	0.25439				unweighted SRS of S3; 448 family clusters
S3_srs_unweighted	family	lineage_reduction	-0.5 to -0.25	92	cell_HQ_to_MQ	0.0978261	0.0405371	0.163265				unweighted SRS of S3; 448 family clusters
S3_srs_unweighted	family	lineage_reduction	-0.5 to -0.25	92	cell_HQ_to_LQ	0.0217391	0	0.0555712				unweighted SRS of S3; 448 family clusters
S3_srs_unweighted	family	lineage_reduction	-0.5 to -0.25	92	cell_MQ_to_HQ	0.0543478	0.0111111	0.105882				unweighted SRS of S3; 448 family clusters
S3_srs_unweighted	family	lineage_reduction	-0.5 to -0.25	92	cell_MQ_to_MQ	0.630435	0.516121	0.74028				unweighted SRS of S3; 448 family clusters
S3_srs_unweighted	family	lineage_reduction	-0.5 to -0.25	92	cell_MQ_to_LQ	0.0434783	0.00943396	0.0918367				unweighted SRS of S3; 448 family clusters
S3_srs_unweighted	family	lineage_reduction	-0.5 to -0.25	92	cell_LQ_to_HQ	0	0	0				unweighted SRS of S3; 448 family clusters
S3_srs_unweighted	family	lineage_reduction	-0.5 to -0.25	92	cell_LQ_to_MQ	0	0	0				unweighted SRS of S3; 448 family clusters
S3_srs_unweighted	family	lineage_reduction	-0.5 to -0.25	92	cell_LQ_to_LQ	0	0	0				unweighted SRS of S3; 448 family clusters
S3_srs_unweighted	family	lineage_reduction	-0.5 to -0.25	92	slope_d_comp_per_log10Mbp	1.54123	-18.5766	20.8515				unweighted SRS of S3; 448 family clusters
S3_srs_unweighted	family	lineage_reduction	-0.5 to -0.25	92	slope_d_cont_per_log10Mbp	-0.634431	-14.2095	9.45913				unweighted SRS of S3; 448 family clusters
S3_srs_unweighted	family	lineage_reduction	-0.25 to +0.25 (typical)	262	p_class_change	0.312977	0.258323	0.371648				unweighted SRS of S3; 448 family clusters
S3_srs_unweighted	family	lineage_reduction	-0.25 to +0.25 (typical)	262	p_downgrade	0.206107	0.154128	0.261412				unweighted SRS of S3; 448 family clusters
S3_srs_unweighted	family	lineage_reduction	-0.25 to +0.25 (typical)	262	p_upgrade	0.10687	0.0719642	0.142873				unweighted SRS of S3; 448 family clusters
S3_srs_unweighted	family	lineage_reduction	-0.25 to +0.25 (typical)	262	p_HQ_checkm2	0.274809	0.219114	0.334533				unweighted SRS of S3; 448 family clusters
S3_srs_unweighted	family	lineage_reduction	-0.25 to +0.25 (typical)	262	p_HQ_magicc	0.217557	0.16733	0.273438				unweighted SRS of S3; 448 family clusters
S3_srs_unweighted	family	lineage_reduction	-0.25 to +0.25 (typical)	262	HQ_downgrade_rate	0.597222	0.464763	0.712126				unweighted SRS of S3; 448 family clusters
S3_srs_unweighted	family	lineage_reduction	-0.25 to +0.25 (typical)	262	HQ_to_MQ_rate	0.541667	0.402778	0.67089				unweighted SRS of S3; 448 family clusters
S3_srs_unweighted	family	lineage_reduction	-0.25 to +0.25 (typical)	262	HQ_to_LQ_rate	0.0555556	0.0133289	0.116667				unweighted SRS of S3; 448 family clusters
S3_srs_unweighted	family	lineage_reduction	-0.25 to +0.25 (typical)	262	MQ_to_HQ_rate	0.148148	0.10049	0.198832				unweighted SRS of S3; 448 family clusters
S3_srs_unweighted	family	lineage_reduction	-0.25 to +0.25 (typical)	262	MQ_to_LQ_rate	0.0582011	0.0235835	0.0989688				unweighted SRS of S3; 448 family clusters
S3_srs_unweighted	family	lineage_reduction	-0.25 to +0.25 (typical)	262	LQ_to_higher_rate	0	0	0				unweighted SRS of S3; 448 family clusters
S3_srs_unweighted	family	lineage_reduction	-0.25 to +0.25 (typical)	262	cont5_disagreement_rate	0.0976744	0.0593607	0.140777				unweighted SRS of S3; 448 family clusters
S3_srs_unweighted	family	lineage_reduction	-0.25 to +0.25 (typical)	262	floor_rate	0	0	0				unweighted SRS of S3; 448 family clusters
S3_srs_unweighted	family	lineage_reduction	-0.25 to +0.25 (typical)	262	floor_rate_exact50	0	0	0				unweighted SRS of S3; 448 family clusters
S3_srs_unweighted	family	lineage_reduction	-0.25 to +0.25 (typical)	262	mean_d_comp	-1.95801	-3.57138	-0.403558				unweighted SRS of S3; 448 family clusters
S3_srs_unweighted	family	lineage_reduction	-0.25 to +0.25 (typical)	262	mean_d_cont	-0.241687	-1.02348	0.641156				unweighted SRS of S3; 448 family clusters
S3_srs_unweighted	family	lineage_reduction	-0.25 to +0.25 (typical)	262	mean_comp_checkm2	80.0717	78.1268	82.0093				unweighted SRS of S3; 448 family clusters
S3_srs_unweighted	family	lineage_reduction	-0.25 to +0.25 (typical)	262	mean_comp_magicc	78.1137	76.2506	80.093				unweighted SRS of S3; 448 family clusters
S3_srs_unweighted	family	lineage_reduction	-0.25 to +0.25 (typical)	262	mean_cont_checkm2	2.69011	2.37545	3.00584				unweighted SRS of S3; 448 family clusters
S3_srs_unweighted	family	lineage_reduction	-0.25 to +0.25 (typical)	262	mean_cont_magicc	2.44843	1.7009	3.3345				unweighted SRS of S3; 448 family clusters
S3_srs_unweighted	family	lineage_reduction	-0.25 to +0.25 (typical)	262	cell_HQ_to_HQ	0.110687	0.0742354	0.155562				unweighted SRS of S3; 448 family clusters
S3_srs_unweighted	family	lineage_reduction	-0.25 to +0.25 (typical)	262	cell_HQ_to_MQ	0.148855	0.101393	0.197891				unweighted SRS of S3; 448 family clusters
S3_srs_unweighted	family	lineage_reduction	-0.25 to +0.25 (typical)	262	cell_HQ_to_LQ	0.0152672	0.00363636	0.0323929				unweighted SRS of S3; 448 family clusters
S3_srs_unweighted	family	lineage_reduction	-0.25 to +0.25 (typical)	262	cell_MQ_to_HQ	0.10687	0.0719642	0.142873				unweighted SRS of S3; 448 family clusters
S3_srs_unweighted	family	lineage_reduction	-0.25 to +0.25 (typical)	262	cell_MQ_to_MQ	0.572519	0.505563	0.637746				unweighted SRS of S3; 448 family clusters
S3_srs_unweighted	family	lineage_reduction	-0.25 to +0.25 (typical)	262	cell_MQ_to_LQ	0.0419847	0.0169463	0.0709267				unweighted SRS of S3; 448 family clusters
S3_srs_unweighted	family	lineage_reduction	-0.25 to +0.25 (typical)	262	cell_LQ_to_HQ	0	0	0				unweighted SRS of S3; 448 family clusters
S3_srs_unweighted	family	lineage_reduction	-0.25 to +0.25 (typical)	262	cell_LQ_to_MQ	0	0	0				unweighted SRS of S3; 448 family clusters
S3_srs_unweighted	family	lineage_reduction	-0.25 to +0.25 (typical)	262	cell_LQ_to_LQ	0.00381679	0	0.012398				unweighted SRS of S3; 448 family clusters
S3_srs_unweighted	family	lineage_reduction	-0.25 to +0.25 (typical)	262	slope_d_comp_per_log10Mbp	17.6673	5.7234	28.8857				unweighted SRS of S3; 448 family clusters
S3_srs_unweighted	family	lineage_reduction	-0.25 to +0.25 (typical)	262	slope_d_cont_per_log10Mbp	0.938871	-4.66649	7.39318				unweighted SRS of S3; 448 family clusters
S3_srs_unweighted	family	lineage_reduction	>+0.25 (larger than lineage)	449	p_class_change	0.483296	0.431191	0.533502				unweighted SRS of S3; 448 family clusters
S3_srs_unweighted	family	lineage_reduction	>+0.25 (larger than lineage)	449	p_downgrade	0.300668	0.253795	0.34905				unweighted SRS of S3; 448 family clusters
S3_srs_unweighted	family	lineage_reduction	>+0.25 (larger than lineage)	449	p_upgrade	0.182628	0.143162	0.221983				unweighted SRS of S3; 448 family clusters
S3_srs_unweighted	family	lineage_reduction	>+0.25 (larger than lineage)	449	p_HQ_checkm2	0.476615	0.430251	0.524295				unweighted SRS of S3; 448 family clusters
S3_srs_unweighted	family	lineage_reduction	>+0.25 (larger than lineage)	449	p_HQ_magicc	0.452116	0.406617	0.498837				unweighted SRS of S3; 448 family clusters
S3_srs_unweighted	family	lineage_reduction	>+0.25 (larger than lineage)	449	HQ_downgrade_rate	0.434579	0.371124	0.502309				unweighted SRS of S3; 448 family clusters
S3_srs_unweighted	family	lineage_reduction	>+0.25 (larger than lineage)	449	HQ_to_MQ_rate	0.303738	0.241379	0.365862				unweighted SRS of S3; 448 family clusters
S3_srs_unweighted	family	lineage_reduction	>+0.25 (larger than lineage)	449	HQ_to_LQ_rate	0.130841	0.082523	0.184993				unweighted SRS of S3; 448 family clusters
S3_srs_unweighted	family	lineage_reduction	>+0.25 (larger than lineage)	449	MQ_to_HQ_rate	0.348936	0.285698	0.413814				unweighted SRS of S3; 448 family clusters
S3_srs_unweighted	family	lineage_reduction	>+0.25 (larger than lineage)	449	MQ_to_LQ_rate	0.178723	0.114534	0.247061				unweighted SRS of S3; 448 family clusters
S3_srs_unweighted	family	lineage_reduction	>+0.25 (larger than lineage)	449	LQ_to_higher_rate	nan	nan	nan				unweighted SRS of S3; 448 family clusters
S3_srs_unweighted	family	lineage_reduction	>+0.25 (larger than lineage)	449	cont5_disagreement_rate	0.183183	0.133795	0.238658				unweighted SRS of S3; 448 family clusters
S3_srs_unweighted	family	lineage_reduction	>+0.25 (larger than lineage)	449	floor_rate	0	0	0				unweighted SRS of S3; 448 family clusters
S3_srs_unweighted	family	lineage_reduction	>+0.25 (larger than lineage)	449	floor_rate_exact50	0	0	0				unweighted SRS of S3; 448 family clusters
S3_srs_unweighted	family	lineage_reduction	>+0.25 (larger than lineage)	449	mean_d_comp	1.10206	-0.0160534	2.29991				unweighted SRS of S3; 448 family clusters
S3_srs_unweighted	family	lineage_reduction	>+0.25 (larger than lineage)	449	mean_d_cont	2.35926	0.952222	4.09732				unweighted SRS of S3; 448 family clusters
S3_srs_unweighted	family	lineage_reduction	>+0.25 (larger than lineage)	449	mean_comp_checkm2	88.5734	87.4827	89.6005				unweighted SRS of S3; 448 family clusters
S3_srs_unweighted	family	lineage_reduction	>+0.25 (larger than lineage)	449	mean_comp_magicc	89.6754	88.5738	90.726				unweighted SRS of S3; 448 family clusters
S3_srs_unweighted	family	lineage_reduction	>+0.25 (larger than lineage)	449	mean_cont_checkm2	3.30833	3.02766	3.58269				unweighted SRS of S3; 448 family clusters
S3_srs_unweighted	family	lineage_reduction	>+0.25 (larger than lineage)	449	mean_cont_magicc	5.66759	4.20979	7.44962				unweighted SRS of S3; 448 family clusters
S3_srs_unweighted	family	lineage_reduction	>+0.25 (larger than lineage)	449	cell_HQ_to_HQ	0.269488	0.224045	0.314352				unweighted SRS of S3; 448 family clusters
S3_srs_unweighted	family	lineage_reduction	>+0.25 (larger than lineage)	449	cell_HQ_to_MQ	0.144766	0.113109	0.177111				unweighted SRS of S3; 448 family clusters
S3_srs_unweighted	family	lineage_reduction	>+0.25 (larger than lineage)	449	cell_HQ_to_LQ	0.0623608	0.0391262	0.087729				unweighted SRS of S3; 448 family clusters
S3_srs_unweighted	family	lineage_reduction	>+0.25 (larger than lineage)	449	cell_MQ_to_HQ	0.182628	0.143162	0.221983				unweighted SRS of S3; 448 family clusters
S3_srs_unweighted	family	lineage_reduction	>+0.25 (larger than lineage)	449	cell_MQ_to_MQ	0.247216	0.207458	0.288462				unweighted SRS of S3; 448 family clusters
S3_srs_unweighted	family	lineage_reduction	>+0.25 (larger than lineage)	449	cell_MQ_to_LQ	0.0935412	0.0590687	0.130439				unweighted SRS of S3; 448 family clusters
S3_srs_unweighted	family	lineage_reduction	>+0.25 (larger than lineage)	449	cell_LQ_to_HQ	0	0	0				unweighted SRS of S3; 448 family clusters
S3_srs_unweighted	family	lineage_reduction	>+0.25 (larger than lineage)	449	cell_LQ_to_MQ	0	0	0				unweighted SRS of S3; 448 family clusters
S3_srs_unweighted	family	lineage_reduction	>+0.25 (larger than lineage)	449	cell_LQ_to_LQ	0	0	0				unweighted SRS of S3; 448 family clusters
S3_srs_unweighted	family	lineage_reduction	>+0.25 (larger than lineage)	449	slope_d_comp_per_log10Mbp	2.3613	-3.39054	8.3543				unweighted SRS of S3; 448 family clusters
S3_srs_unweighted	family	lineage_reduction	>+0.25 (larger than lineage)	449	slope_d_cont_per_log10Mbp	-1.2247	-10.0032	7.9661				unweighted SRS of S3; 448 family clusters
S3_srs_unweighted	family	phylum	Proteobacteria	221	p_class_change	0.307692	0.24781	0.372729				unweighted SRS of S3; 448 family clusters
S3_srs_unweighted	family	phylum	Proteobacteria	221	p_downgrade	0.18552	0.135333	0.233134				unweighted SRS of S3; 448 family clusters
S3_srs_unweighted	family	phylum	Proteobacteria	221	p_upgrade	0.122172	0.0825688	0.170106				unweighted SRS of S3; 448 family clusters
S3_srs_unweighted	family	phylum	Proteobacteria	221	p_HQ_checkm2	0.384615	0.317365	0.448652				unweighted SRS of S3; 448 family clusters
S3_srs_unweighted	family	phylum	Proteobacteria	221	p_HQ_magicc	0.343891	0.280529	0.406913				unweighted SRS of S3; 448 family clusters
S3_srs_unweighted	family	phylum	Proteobacteria	221	HQ_downgrade_rate	0.423529	0.314286	0.534101				unweighted SRS of S3; 448 family clusters
S3_srs_unweighted	family	phylum	Proteobacteria	221	HQ_to_MQ_rate	0.376471	0.264685	0.483525				unweighted SRS of S3; 448 family clusters
S3_srs_unweighted	family	phylum	Proteobacteria	221	HQ_to_LQ_rate	0.0470588	0.010989	0.104497				unweighted SRS of S3; 448 family clusters
S3_srs_unweighted	family	phylum	Proteobacteria	221	MQ_to_HQ_rate	0.198529	0.136742	0.269673				unweighted SRS of S3; 448 family clusters
S3_srs_unweighted	family	phylum	Proteobacteria	221	MQ_to_LQ_rate	0.0367647	0.00781099	0.0764454				unweighted SRS of S3; 448 family clusters
S3_srs_unweighted	family	phylum	Proteobacteria	221	LQ_to_higher_rate	nan	nan	nan				unweighted SRS of S3; 448 family clusters
S3_srs_unweighted	family	phylum	Proteobacteria	221	cont5_disagreement_rate	0.0484848	0.0188657	0.0896679				unweighted SRS of S3; 448 family clusters
S3_srs_unweighted	family	phylum	Proteobacteria	221	floor_rate	0	0	0				unweighted SRS of S3; 448 family clusters
S3_srs_unweighted	family	phylum	Proteobacteria	221	floor_rate_exact50	0	0	0				unweighted SRS of S3; 448 family clusters
S3_srs_unweighted	family	phylum	Proteobacteria	221	mean_d_comp	-1.16801	-2.7101	0.435345				unweighted SRS of S3; 448 family clusters
S3_srs_unweighted	family	phylum	Proteobacteria	221	mean_d_cont	-1.15941	-1.91333	-0.0848504				unweighted SRS of S3; 448 family clusters
S3_srs_unweighted	family	phylum	Proteobacteria	221	mean_comp_checkm2	82.7163	80.667	84.7163				unweighted SRS of S3; 448 family clusters
S3_srs_unweighted	family	phylum	Proteobacteria	221	mean_comp_magicc	81.5483	79.5593	83.6102				unweighted SRS of S3; 448 family clusters
S3_srs_unweighted	family	phylum	Proteobacteria	221	mean_cont_checkm2	3.06733	2.69644	3.44105				unweighted SRS of S3; 448 family clusters
S3_srs_unweighted	family	phylum	Proteobacteria	221	mean_cont_magicc	1.90792	1.16074	3.04091				unweighted SRS of S3; 448 family clusters
S3_srs_unweighted	family	phylum	Proteobacteria	221	cell_HQ_to_HQ	0.221719	0.161458	0.281258				unweighted SRS of S3; 448 family clusters
S3_srs_unweighted	family	phylum	Proteobacteria	221	cell_HQ_to_MQ	0.144796	0.0958068	0.186676				unweighted SRS of S3; 448 family clusters
S3_srs_unweighted	family	phylum	Proteobacteria	221	cell_HQ_to_LQ	0.0180995	0.00416667	0.0404055				unweighted SRS of S3; 448 family clusters
S3_srs_unweighted	family	phylum	Proteobacteria	221	cell_MQ_to_HQ	0.122172	0.0825688	0.170106				unweighted SRS of S3; 448 family clusters
S3_srs_unweighted	family	phylum	Proteobacteria	221	cell_MQ_to_MQ	0.470588	0.408522	0.536241				unweighted SRS of S3; 448 family clusters
S3_srs_unweighted	family	phylum	Proteobacteria	221	cell_MQ_to_LQ	0.0226244	0.00482976	0.0483889				unweighted SRS of S3; 448 family clusters
S3_srs_unweighted	family	phylum	Proteobacteria	221	cell_LQ_to_HQ	0	0	0				unweighted SRS of S3; 448 family clusters
S3_srs_unweighted	family	phylum	Proteobacteria	221	cell_LQ_to_MQ	0	0	0				unweighted SRS of S3; 448 family clusters
S3_srs_unweighted	family	phylum	Proteobacteria	221	cell_LQ_to_LQ	0	0	0				unweighted SRS of S3; 448 family clusters
S3_srs_unweighted	family	phylum	Proteobacteria	221	slope_d_comp_per_log10Mbp	19.7034	10.5862	32.2172				unweighted SRS of S3; 448 family clusters
S3_srs_unweighted	family	phylum	Proteobacteria	221	slope_d_cont_per_log10Mbp	2.12575	-2.38165	8.42868				unweighted SRS of S3; 448 family clusters
S3_srs_unweighted	family	phylum	other (<200 in cohort)	671	p_class_change	0.390462	0.351469	0.429032				unweighted SRS of S3; 448 family clusters
S3_srs_unweighted	family	phylum	other (<200 in cohort)	671	p_downgrade	0.256334	0.223436	0.289564				unweighted SRS of S3; 448 family clusters
S3_srs_unweighted	family	phylum	other (<200 in cohort)	671	p_upgrade	0.134128	0.107623	0.161765				unweighted SRS of S3; 448 family clusters
S3_srs_unweighted	family	phylum	other (<200 in cohort)	671	p_HQ_checkm2	0.351714	0.314151	0.391309				unweighted SRS of S3; 448 family clusters
S3_srs_unweighted	family	phylum	other (<200 in cohort)	671	p_HQ_magicc	0.312966	0.275615	0.350233				unweighted SRS of S3; 448 family clusters
S3_srs_unweighted	family	phylum	other (<200 in cohort)	671	HQ_downgrade_rate	0.491525	0.427999	0.560004				unweighted SRS of S3; 448 family clusters
S3_srs_unweighted	family	phylum	other (<200 in cohort)	671	HQ_to_MQ_rate	0.364407	0.302629	0.428585				unweighted SRS of S3; 448 family clusters
S3_srs_unweighted	family	phylum	other (<200 in cohort)	671	HQ_to_LQ_rate	0.127119	0.0847441	0.178571				unweighted SRS of S3; 448 family clusters
S3_srs_unweighted	family	phylum	other (<200 in cohort)	671	MQ_to_HQ_rate	0.207373	0.169164	0.246977				unweighted SRS of S3; 448 family clusters
S3_srs_unweighted	family	phylum	other (<200 in cohort)	671	MQ_to_LQ_rate	0.129032	0.0934567	0.16478				unweighted SRS of S3; 448 family clusters
S3_srs_unweighted	family	phylum	other (<200 in cohort)	671	LQ_to_higher_rate	0	0	0				unweighted SRS of S3; 448 family clusters
S3_srs_unweighted	family	phylum	other (<200 in cohort)	671	cont5_disagreement_rate	0.172608	0.136901	0.211833				unweighted SRS of S3; 448 family clusters
S3_srs_unweighted	family	phylum	other (<200 in cohort)	671	floor_rate	0.00149031	0	0.00505093				unweighted SRS of S3; 448 family clusters
S3_srs_unweighted	family	phylum	other (<200 in cohort)	671	floor_rate_exact50	0	0	0				unweighted SRS of S3; 448 family clusters
S3_srs_unweighted	family	phylum	other (<200 in cohort)	671	mean_d_comp	-0.392415	-1.39478	0.579179				unweighted SRS of S3; 448 family clusters
S3_srs_unweighted	family	phylum	other (<200 in cohort)	671	mean_d_cont	1.71619	0.746499	2.77857				unweighted SRS of S3; 448 family clusters
S3_srs_unweighted	family	phylum	other (<200 in cohort)	671	mean_comp_checkm2	82.7871	81.5328	84.0209				unweighted SRS of S3; 448 family clusters
S3_srs_unweighted	family	phylum	other (<200 in cohort)	671	mean_comp_magicc	82.3947	81.0667	83.7109				unweighted SRS of S3; 448 family clusters
S3_srs_unweighted	family	phylum	other (<200 in cohort)	671	mean_cont_checkm2	2.90689	2.68874	3.12999				unweighted SRS of S3; 448 family clusters
S3_srs_unweighted	family	phylum	other (<200 in cohort)	671	mean_cont_magicc	4.62307	3.64736	5.67665				unweighted SRS of S3; 448 family clusters
S3_srs_unweighted	family	phylum	other (<200 in cohort)	671	cell_HQ_to_HQ	0.178838	0.145241	0.214408				unweighted SRS of S3; 448 family clusters
S3_srs_unweighted	family	phylum	other (<200 in cohort)	671	cell_HQ_to_MQ	0.128167	0.103029	0.152519				unweighted SRS of S3; 448 family clusters
S3_srs_unweighted	family	phylum	other (<200 in cohort)	671	cell_HQ_to_LQ	0.0447094	0.0295645	0.0618484				unweighted SRS of S3; 448 family clusters
S3_srs_unweighted	family	phylum	other (<200 in cohort)	671	cell_MQ_to_HQ	0.134128	0.107623	0.161765				unweighted SRS of S3; 448 family clusters
S3_srs_unweighted	family	phylum	other (<200 in cohort)	671	cell_MQ_to_MQ	0.42921	0.389244	0.467787				unweighted SRS of S3; 448 family clusters
S3_srs_unweighted	family	phylum	other (<200 in cohort)	671	cell_MQ_to_LQ	0.0834575	0.0599408	0.107403				unweighted SRS of S3; 448 family clusters
S3_srs_unweighted	family	phylum	other (<200 in cohort)	671	cell_LQ_to_HQ	0	0	0				unweighted SRS of S3; 448 family clusters
S3_srs_unweighted	family	phylum	other (<200 in cohort)	671	cell_LQ_to_MQ	0	0	0				unweighted SRS of S3; 448 family clusters
S3_srs_unweighted	family	phylum	other (<200 in cohort)	671	cell_LQ_to_LQ	0.00149031	0	0.00489416				unweighted SRS of S3; 448 family clusters
S3_srs_unweighted	family	phylum	other (<200 in cohort)	671	slope_d_comp_per_log10Mbp	6.78871	3.02811	11.1486				unweighted SRS of S3; 448 family clusters
S3_srs_unweighted	family	phylum	other (<200 in cohort)	671	slope_d_cont_per_log10Mbp	4.08334	-1.29397	9.87164				unweighted SRS of S3; 448 family clusters
S3_srs_unweighted	family	domain	Archaea	45	p_class_change	0.555556	0.394737	0.697733				unweighted SRS of S3; 448 family clusters
S3_srs_unweighted	family	domain	Archaea	45	p_downgrade	0.377778	0.216216	0.533393				unweighted SRS of S3; 448 family clusters
S3_srs_unweighted	family	domain	Archaea	45	p_upgrade	0.177778	0.0731596	0.297297				unweighted SRS of S3; 448 family clusters
S3_srs_unweighted	family	domain	Archaea	45	p_HQ_checkm2	0.266667	0.148148	0.4				unweighted SRS of S3; 448 family clusters
S3_srs_unweighted	family	domain	Archaea	45	p_HQ_magicc	0.266667	0.137233	0.411765				unweighted SRS of S3; 448 family clusters
S3_srs_unweighted	family	domain	Archaea	45	HQ_downgrade_rate	0.666667	0.357143	0.916827				unweighted SRS of S3; 448 family clusters
S3_srs_unweighted	family	domain	Archaea	45	HQ_to_MQ_rate	0.333333	0.0833333	0.625				unweighted SRS of S3; 448 family clusters
S3_srs_unweighted	family	domain	Archaea	45	HQ_to_LQ_rate	0.333333	0	0.7				unweighted SRS of S3; 448 family clusters
S3_srs_unweighted	family	domain	Archaea	45	MQ_to_HQ_rate	0.242424	0.103426	0.4				unweighted SRS of S3; 448 family clusters
S3_srs_unweighted	family	domain	Archaea	45	MQ_to_LQ_rate	0.272727	0.105263	0.441258				unweighted SRS of S3; 448 family clusters
S3_srs_unweighted	family	domain	Archaea	45	LQ_to_higher_rate	nan	nan	nan				unweighted SRS of S3; 448 family clusters
S3_srs_unweighted	family	domain	Archaea	45	cont5_disagreement_rate	0.282051	0.102564	0.5				unweighted SRS of S3; 448 family clusters
S3_srs_unweighted	family	domain	Archaea	45	floor_rate	0	0	0				unweighted SRS of S3; 448 family clusters
S3_srs_unweighted	family	domain	Archaea	45	floor_rate_exact50	0	0	0				unweighted SRS of S3; 448 family clusters
S3_srs_unweighted	family	domain	Archaea	45	mean_d_comp	-0.290158	-4.91042	5.10833				unweighted SRS of S3; 448 family clusters
S3_srs_unweighted	family	domain	Archaea	45	mean_d_cont	5.10031	1.11023	10.2257				unweighted SRS of S3; 448 family clusters
S3_srs_unweighted	family	domain	Archaea	45	mean_comp_checkm2	80.7029	76.9206	84.338				unweighted SRS of S3; 448 family clusters
S3_srs_unweighted	family	domain	Archaea	45	mean_comp_magicc	80.4127	75.4195	85.5052				unweighted SRS of S3; 448 family clusters
S3_srs_unweighted	family	domain	Archaea	45	mean_cont_checkm2	2.542	1.74064	3.27007				unweighted SRS of S3; 448 family clusters
S3_srs_unweighted	family	domain	Archaea	45	mean_cont_magicc	7.64231	3.69728	12.6706				unweighted SRS of S3; 448 family clusters
S3_srs_unweighted	family	domain	Archaea	45	cell_HQ_to_HQ	0.0888889	0.0185101	0.185243				unweighted SRS of S3; 448 family clusters
S3_srs_unweighted	family	domain	Archaea	45	cell_HQ_to_MQ	0.0888889	0.0196078	0.178594				unweighted SRS of S3; 448 family clusters
S3_srs_unweighted	family	domain	Archaea	45	cell_HQ_to_LQ	0.0888889	0	0.1875				unweighted SRS of S3; 448 family clusters
S3_srs_unweighted	family	domain	Archaea	45	cell_MQ_to_HQ	0.177778	0.0731596	0.297297				unweighted SRS of S3; 448 family clusters
S3_srs_unweighted	family	domain	Archaea	45	cell_MQ_to_MQ	0.355556	0.225	0.487855				unweighted SRS of S3; 448 family clusters
S3_srs_unweighted	family	domain	Archaea	45	cell_MQ_to_LQ	0.2	0.0749769	0.324324				unweighted SRS of S3; 448 family clusters
S3_srs_unweighted	family	domain	Archaea	45	cell_LQ_to_HQ	0	0	0				unweighted SRS of S3; 448 family clusters
S3_srs_unweighted	family	domain	Archaea	45	cell_LQ_to_MQ	0	0	0				unweighted SRS of S3; 448 family clusters
S3_srs_unweighted	family	domain	Archaea	45	cell_LQ_to_LQ	0	0	0				unweighted SRS of S3; 448 family clusters
S3_srs_unweighted	family	domain	Archaea	45	slope_d_comp_per_log10Mbp	23.3493	-2.1008	63.332				unweighted SRS of S3; 448 family clusters
S3_srs_unweighted	family	domain	Archaea	45	slope_d_cont_per_log10Mbp	16.95	-22.3654	48.6379				unweighted SRS of S3; 448 family clusters
S3_srs_unweighted	family	domain	Bacteria	844	p_class_change	0.36019	0.326897	0.393383				unweighted SRS of S3; 448 family clusters
S3_srs_unweighted	family	domain	Bacteria	844	p_downgrade	0.232227	0.203194	0.262008				unweighted SRS of S3; 448 family clusters
S3_srs_unweighted	family	domain	Bacteria	844	p_upgrade	0.127962	0.106519	0.152016				unweighted SRS of S3; 448 family clusters
S3_srs_unweighted	family	domain	Bacteria	844	p_HQ_checkm2	0.366114	0.332239	0.402833				unweighted SRS of S3; 448 family clusters
S3_srs_unweighted	family	domain	Bacteria	844	p_HQ_magicc	0.32346	0.287787	0.358945				unweighted SRS of S3; 448 family clusters
S3_srs_unweighted	family	domain	Bacteria	844	HQ_downgrade_rate	0.466019	0.409222	0.526154				unweighted SRS of S3; 448 family clusters
S3_srs_unweighted	family	domain	Bacteria	844	HQ_to_MQ_rate	0.368932	0.316568	0.423086				unweighted SRS of S3; 448 family clusters
S3_srs_unweighted	family	domain	Bacteria	844	HQ_to_LQ_rate	0.0970874	0.0627123	0.133584				unweighted SRS of S3; 448 family clusters
S3_srs_unweighted	family	domain	Bacteria	844	MQ_to_HQ_rate	0.202247	0.16931	0.239523				unweighted SRS of S3; 448 family clusters
S3_srs_unweighted	family	domain	Bacteria	844	MQ_to_LQ_rate	0.0973783	0.0675182	0.128544				unweighted SRS of S3; 448 family clusters
S3_srs_unweighted	family	domain	Bacteria	844	LQ_to_higher_rate	0	0	0				unweighted SRS of S3; 448 family clusters
S3_srs_unweighted	family	domain	Bacteria	844	cont5_disagreement_rate	0.135464	0.103759	0.167183				unweighted SRS of S3; 448 family clusters
S3_srs_unweighted	family	domain	Bacteria	844	floor_rate	0.00118483	0	0.00394848				unweighted SRS of S3; 448 family clusters
S3_srs_unweighted	family	domain	Bacteria	844	floor_rate_exact50	0	0	0				unweighted SRS of S3; 448 family clusters
S3_srs_unweighted	family	domain	Bacteria	844	mean_d_comp	-0.689219	-1.50259	0.108172				unweighted SRS of S3; 448 family clusters
S3_srs_unweighted	family	domain	Bacteria	844	mean_d_cont	0.794626	-0.036067	1.75125				unweighted SRS of S3; 448 family clusters
S3_srs_unweighted	family	domain	Bacteria	844	mean_comp_checkm2	82.9729	81.8655	84.0725				unweighted SRS of S3; 448 family clusters
S3_srs_unweighted	family	domain	Bacteria	844	mean_comp_magicc	82.2837	81.1524	83.4522				unweighted SRS of S3; 448 family clusters
S3_srs_unweighted	family	domain	Bacteria	844	mean_cont_checkm2	2.96496	2.75951	3.17411				unweighted SRS of S3; 448 family clusters
S3_srs_unweighted	family	domain	Bacteria	844	mean_cont_magicc	3.75959	2.91474	4.72461				unweighted SRS of S3; 448 family clusters
S3_srs_unweighted	family	domain	Bacteria	844	cell_HQ_to_HQ	0.195498	0.165216	0.226833				unweighted SRS of S3; 448 family clusters
S3_srs_unweighted	family	domain	Bacteria	844	cell_HQ_to_MQ	0.135071	0.113362	0.157634				unweighted SRS of S3; 448 family clusters
S3_srs_unweighted	family	domain	Bacteria	844	cell_HQ_to_LQ	0.035545	0.0230671	0.048594				unweighted SRS of S3; 448 family clusters
S3_srs_unweighted	family	domain	Bacteria	844	cell_MQ_to_HQ	0.127962	0.106519	0.152016				unweighted SRS of S3; 448 family clusters
S3_srs_unweighted	family	domain	Bacteria	844	cell_MQ_to_MQ	0.443128	0.408022	0.477117				unweighted SRS of S3; 448 family clusters
S3_srs_unweighted	family	domain	Bacteria	844	cell_MQ_to_LQ	0.0616114	0.0423015	0.0816587				unweighted SRS of S3; 448 family clusters
S3_srs_unweighted	family	domain	Bacteria	844	cell_LQ_to_HQ	0	0	0				unweighted SRS of S3; 448 family clusters
S3_srs_unweighted	family	domain	Bacteria	844	cell_LQ_to_MQ	0	0	0				unweighted SRS of S3; 448 family clusters
S3_srs_unweighted	family	domain	Bacteria	844	cell_LQ_to_LQ	0.00118483	0	0.00384628				unweighted SRS of S3; 448 family clusters
S3_srs_unweighted	family	domain	Bacteria	844	slope_d_comp_per_log10Mbp	9.41833	5.63676	13.2913				unweighted SRS of S3; 448 family clusters
S3_srs_unweighted	family	domain	Bacteria	844	slope_d_cont_per_log10Mbp	4.19713	-0.698479	9.38909				unweighted SRS of S3; 448 family clusters
S3_srs_unweighted	family	domain	unclassified	3	p_class_change	0.333333	0.333333	0.333333				unweighted SRS of S3; 448 family clusters
S3_srs_unweighted	family	domain	unclassified	3	p_downgrade	0	0	0				unweighted SRS of S3; 448 family clusters
S3_srs_unweighted	family	domain	unclassified	3	p_upgrade	0.333333	0.333333	0.333333				unweighted SRS of S3; 448 family clusters
S3_srs_unweighted	family	domain	unclassified	3	p_HQ_checkm2	0	0	0				unweighted SRS of S3; 448 family clusters
S3_srs_unweighted	family	domain	unclassified	3	p_HQ_magicc	0.333333	0.333333	0.333333				unweighted SRS of S3; 448 family clusters
S3_srs_unweighted	family	domain	unclassified	3	HQ_downgrade_rate	nan	nan	nan				unweighted SRS of S3; 448 family clusters
S3_srs_unweighted	family	domain	unclassified	3	HQ_to_MQ_rate	nan	nan	nan				unweighted SRS of S3; 448 family clusters
S3_srs_unweighted	family	domain	unclassified	3	HQ_to_LQ_rate	nan	nan	nan				unweighted SRS of S3; 448 family clusters
S3_srs_unweighted	family	domain	unclassified	3	MQ_to_HQ_rate	0.333333	0.333333	0.333333				unweighted SRS of S3; 448 family clusters
S3_srs_unweighted	family	domain	unclassified	3	MQ_to_LQ_rate	0	0	0				unweighted SRS of S3; 448 family clusters
S3_srs_unweighted	family	domain	unclassified	3	LQ_to_higher_rate	nan	nan	nan				unweighted SRS of S3; 448 family clusters
S3_srs_unweighted	family	domain	unclassified	3	cont5_disagreement_rate	0	0	0				unweighted SRS of S3; 448 family clusters
S3_srs_unweighted	family	domain	unclassified	3	floor_rate	0	0	0				unweighted SRS of S3; 448 family clusters
S3_srs_unweighted	family	domain	unclassified	3	floor_rate_exact50	0	0	0				unweighted SRS of S3; 448 family clusters
S3_srs_unweighted	family	domain	unclassified	3	mean_d_comp	24.4388	24.4388	24.4388				unweighted SRS of S3; 448 family clusters
S3_srs_unweighted	family	domain	unclassified	3	mean_d_cont	-1.61613	-1.61613	-1.61613				unweighted SRS of S3; 448 family clusters
S3_srs_unweighted	family	domain	unclassified	3	mean_comp_checkm2	56.56	56.56	56.56				unweighted SRS of S3; 448 family clusters
S3_srs_unweighted	family	domain	unclassified	3	mean_comp_magicc	80.9988	80.9988	80.9988				unweighted SRS of S3; 448 family clusters
S3_srs_unweighted	family	domain	unclassified	3	mean_cont_checkm2	3.86	3.86	3.86				unweighted SRS of S3; 448 family clusters
S3_srs_unweighted	family	domain	unclassified	3	mean_cont_magicc	2.24387	2.24387	2.24387				unweighted SRS of S3; 448 family clusters
S3_srs_unweighted	family	domain	unclassified	3	cell_HQ_to_HQ	0	0	0				unweighted SRS of S3; 448 family clusters
S3_srs_unweighted	family	domain	unclassified	3	cell_HQ_to_MQ	0	0	0				unweighted SRS of S3; 448 family clusters
S3_srs_unweighted	family	domain	unclassified	3	cell_HQ_to_LQ	0	0	0				unweighted SRS of S3; 448 family clusters
S3_srs_unweighted	family	domain	unclassified	3	cell_MQ_to_HQ	0.333333	0.333333	0.333333				unweighted SRS of S3; 448 family clusters
S3_srs_unweighted	family	domain	unclassified	3	cell_MQ_to_MQ	0.666667	0.666667	0.666667				unweighted SRS of S3; 448 family clusters
S3_srs_unweighted	family	domain	unclassified	3	cell_MQ_to_LQ	0	0	0				unweighted SRS of S3; 448 family clusters
S3_srs_unweighted	family	domain	unclassified	3	cell_LQ_to_HQ	0	0	0				unweighted SRS of S3; 448 family clusters
S3_srs_unweighted	family	domain	unclassified	3	cell_LQ_to_MQ	0	0	0				unweighted SRS of S3; 448 family clusters
S3_srs_unweighted	family	domain	unclassified	3	cell_LQ_to_LQ	0	0	0				unweighted SRS of S3; 448 family clusters
S3_srs_unweighted	family	domain	unclassified	3	slope_d_comp_per_log10Mbp	223.394	223.394	223.394				unweighted SRS of S3; 448 family clusters
S3_srs_unweighted	family	domain	unclassified	3	slope_d_cont_per_log10Mbp	-17.0801	-17.0801	-17.0801				unweighted SRS of S3; 448 family clusters
S3_srs_unweighted	family	stratum	S3_main	892	p_class_change	0.369955	0.335984	0.403456				unweighted SRS of S3; 448 family clusters
S3_srs_unweighted	family	stratum	S3_main	892	p_downgrade	0.238789	0.210654	0.267353				unweighted SRS of S3; 448 family clusters
S3_srs_unweighted	family	stratum	S3_main	892	p_upgrade	0.131166	0.109795	0.1557				unweighted SRS of S3; 448 family clusters
S3_srs_unweighted	family	stratum	S3_main	892	p_HQ_checkm2	0.359865	0.326256	0.391928				unweighted SRS of S3; 448 family clusters
S3_srs_unweighted	family	stratum	S3_main	892	p_HQ_magicc	0.320628	0.286945	0.354515				unweighted SRS of S3; 448 family clusters
S3_srs_unweighted	family	stratum	S3_main	892	HQ_downgrade_rate	0.47352	0.415938	0.532873				unweighted SRS of S3; 448 family clusters
S3_srs_unweighted	family	stratum	S3_main	892	HQ_to_MQ_rate	0.367601	0.315027	0.42444				unweighted SRS of S3; 448 family clusters
S3_srs_unweighted	family	stratum	S3_main	892	HQ_to_LQ_rate	0.105919	0.0716345	0.147339				unweighted SRS of S3; 448 family clusters
S3_srs_unweighted	family	stratum	S3_main	892	MQ_to_HQ_rate	0.205263	0.173132	0.242442				unweighted SRS of S3; 448 family clusters
S3_srs_unweighted	family	stratum	S3_main	892	MQ_to_LQ_rate	0.107018	0.0785687	0.135994				unweighted SRS of S3; 448 family clusters
S3_srs_unweighted	family	stratum	S3_main	892	LQ_to_higher_rate	0	0	0				unweighted SRS of S3; 448 family clusters
S3_srs_unweighted	family	stratum	S3_main	892	cont5_disagreement_rate	0.143266	0.113371	0.175739				unweighted SRS of S3; 448 family clusters
S3_srs_unweighted	family	stratum	S3_main	892	floor_rate	0.00112108	0	0.00365442				unweighted SRS of S3; 448 family clusters
S3_srs_unweighted	family	stratum	S3_main	892	floor_rate_exact50	0	0	0				unweighted SRS of S3; 448 family clusters
S3_srs_unweighted	family	stratum	S3_main	892	mean_d_comp	-0.584575	-1.40962	0.266039				unweighted SRS of S3; 448 family clusters
S3_srs_unweighted	family	stratum	S3_main	892	mean_d_cont	1.00373	0.203124	1.89608				unweighted SRS of S3; 448 family clusters
S3_srs_unweighted	family	stratum	S3_main	892	mean_comp_checkm2	82.7696	81.6979	83.8343				unweighted SRS of S3; 448 family clusters
S3_srs_unweighted	family	stratum	S3_main	892	mean_comp_magicc	82.185	81.0143	83.3228				unweighted SRS of S3; 448 family clusters
S3_srs_unweighted	family	stratum	S3_main	892	mean_cont_checkm2	2.94664	2.7433	3.13218				unweighted SRS of S3; 448 family clusters
S3_srs_unweighted	family	stratum	S3_main	892	mean_cont_magicc	3.95037	3.14039	4.83721				unweighted SRS of S3; 448 family clusters
S3_srs_unweighted	family	stratum	S3_main	892	cell_HQ_to_HQ	0.189462	0.158914	0.220796				unweighted SRS of S3; 448 family clusters
S3_srs_unweighted	family	stratum	S3_main	892	cell_HQ_to_MQ	0.132287	0.11175	0.153933				unweighted SRS of S3; 448 family clusters
S3_srs_unweighted	family	stratum	S3_main	892	cell_HQ_to_LQ	0.0381166	0.0257666	0.0528093				unweighted SRS of S3; 448 family clusters
S3_srs_unweighted	family	stratum	S3_main	892	cell_MQ_to_HQ	0.131166	0.109795	0.1557				unweighted SRS of S3; 448 family clusters
S3_srs_unweighted	family	stratum	S3_main	892	cell_MQ_to_MQ	0.439462	0.406076	0.473488				unweighted SRS of S3; 448 family clusters
S3_srs_unweighted	family	stratum	S3_main	892	cell_MQ_to_LQ	0.0683857	0.0494372	0.0878473				unweighted SRS of S3; 448 family clusters
S3_srs_unweighted	family	stratum	S3_main	892	cell_LQ_to_HQ	0	0	0				unweighted SRS of S3; 448 family clusters
S3_srs_unweighted	family	stratum	S3_main	892	cell_LQ_to_MQ	0	0	0				unweighted SRS of S3; 448 family clusters
S3_srs_unweighted	family	stratum	S3_main	892	cell_LQ_to_LQ	0.00112108	0	0.00365408				unweighted SRS of S3; 448 family clusters
S3_srs_unweighted	family	stratum	S3_main	892	slope_d_comp_per_log10Mbp	8.70946	5.03126	12.5227				unweighted SRS of S3; 448 family clusters
S3_srs_unweighted	family	stratum	S3_main	892	slope_d_cont_per_log10Mbp	3.20958	-1.35007	8.22875				unweighted SRS of S3; 448 family clusters
S3_srs_unweighted	family	checkm2_class	HQ	321	p_class_change	0.47352	0.418544	0.532652				unweighted SRS of S3; 448 family clusters
S3_srs_unweighted	family	checkm2_class	HQ	321	p_downgrade	0.47352	0.418544	0.532652				unweighted SRS of S3; 448 family clusters
S3_srs_unweighted	family	checkm2_class	HQ	321	p_upgrade	0	0	0				unweighted SRS of S3; 448 family clusters
S3_srs_unweighted	family	checkm2_class	HQ	321	p_HQ_checkm2	1	1	1				unweighted SRS of S3; 448 family clusters
S3_srs_unweighted	family	checkm2_class	HQ	321	p_HQ_magicc	0.52648	0.467348	0.581456				unweighted SRS of S3; 448 family clusters
S3_srs_unweighted	family	checkm2_class	HQ	321	HQ_downgrade_rate	0.47352	0.418544	0.532652				unweighted SRS of S3; 448 family clusters
S3_srs_unweighted	family	checkm2_class	HQ	321	HQ_to_MQ_rate	0.367601	0.314706	0.421575				unweighted SRS of S3; 448 family clusters
S3_srs_unweighted	family	checkm2_class	HQ	321	HQ_to_LQ_rate	0.105919	0.0710055	0.144072				unweighted SRS of S3; 448 family clusters
S3_srs_unweighted	family	checkm2_class	HQ	321	MQ_to_HQ_rate	nan	nan	nan				unweighted SRS of S3; 448 family clusters
S3_srs_unweighted	family	checkm2_class	HQ	321	MQ_to_LQ_rate	nan	nan	nan				unweighted SRS of S3; 448 family clusters
S3_srs_unweighted	family	checkm2_class	HQ	321	LQ_to_higher_rate	nan	nan	nan				unweighted SRS of S3; 448 family clusters
S3_srs_unweighted	family	checkm2_class	HQ	321	cont5_disagreement_rate	0.180685	0.135338	0.228581				unweighted SRS of S3; 448 family clusters
S3_srs_unweighted	family	checkm2_class	HQ	321	floor_rate	0	0	0				unweighted SRS of S3; 448 family clusters
S3_srs_unweighted	family	checkm2_class	HQ	321	floor_rate_exact50	0	0	0				unweighted SRS of S3; 448 family clusters
S3_srs_unweighted	family	checkm2_class	HQ	321	mean_d_comp	-3.90874	-4.88819	-2.88775				unweighted SRS of S3; 448 family clusters
S3_srs_unweighted	family	checkm2_class	HQ	321	mean_d_cont	2.38524	1.40216	3.46495				unweighted SRS of S3; 448 family clusters
S3_srs_unweighted	family	checkm2_class	HQ	321	mean_comp_checkm2	96.1448	95.7495	96.5007				unweighted SRS of S3; 448 family clusters
S3_srs_unweighted	family	checkm2_class	HQ	321	mean_comp_magicc	92.2361	91.2255	93.2482				unweighted SRS of S3; 448 family clusters
S3_srs_unweighted	family	checkm2_class	HQ	321	mean_cont_checkm2	1.60355	1.43684	1.77937				unweighted SRS of S3; 448 family clusters
S3_srs_unweighted	family	checkm2_class	HQ	321	mean_cont_magicc	3.98879	2.97449	5.13712				unweighted SRS of S3; 448 family clusters
S3_srs_unweighted	family	checkm2_class	HQ	321	cell_HQ_to_HQ	0.52648	0.467348	0.581456				unweighted SRS of S3; 448 family clusters
S3_srs_unweighted	family	checkm2_class	HQ	321	cell_HQ_to_MQ	0.367601	0.314706	0.421575				unweighted SRS of S3; 448 family clusters
S3_srs_unweighted	family	checkm2_class	HQ	321	cell_HQ_to_LQ	0.105919	0.0710055	0.144072				unweighted SRS of S3; 448 family clusters
S3_srs_unweighted	family	checkm2_class	HQ	321	cell_MQ_to_HQ	0	0	0				unweighted SRS of S3; 448 family clusters
S3_srs_unweighted	family	checkm2_class	HQ	321	cell_MQ_to_MQ	0	0	0				unweighted SRS of S3; 448 family clusters
S3_srs_unweighted	family	checkm2_class	HQ	321	cell_MQ_to_LQ	0	0	0				unweighted SRS of S3; 448 family clusters
S3_srs_unweighted	family	checkm2_class	HQ	321	cell_LQ_to_HQ	0	0	0				unweighted SRS of S3; 448 family clusters
S3_srs_unweighted	family	checkm2_class	HQ	321	cell_LQ_to_MQ	0	0	0				unweighted SRS of S3; 448 family clusters
S3_srs_unweighted	family	checkm2_class	HQ	321	cell_LQ_to_LQ	0	0	0				unweighted SRS of S3; 448 family clusters
S3_srs_unweighted	family	checkm2_class	HQ	321	slope_d_comp_per_log10Mbp	11.0056	5.33995	16.764				unweighted SRS of S3; 448 family clusters
S3_srs_unweighted	family	checkm2_class	HQ	321	slope_d_cont_per_log10Mbp	0.93736	-4.93221	6.63924				unweighted SRS of S3; 448 family clusters
S3_srs_unweighted	family	checkm2_class	MQ	570	p_class_change	0.312281	0.274334	0.353556				unweighted SRS of S3; 448 family clusters
S3_srs_unweighted	family	checkm2_class	MQ	570	p_downgrade	0.107018	0.0783267	0.137588				unweighted SRS of S3; 448 family clusters
S3_srs_unweighted	family	checkm2_class	MQ	570	p_upgrade	0.205263	0.173622	0.239485				unweighted SRS of S3; 448 family clusters
S3_srs_unweighted	family	checkm2_class	MQ	570	p_HQ_checkm2	0	0	0				unweighted SRS of S3; 448 family clusters
S3_srs_unweighted	family	checkm2_class	MQ	570	p_HQ_magicc	0.205263	0.173622	0.239485				unweighted SRS of S3; 448 family clusters
S3_srs_unweighted	family	checkm2_class	MQ	570	HQ_downgrade_rate	nan	nan	nan				unweighted SRS of S3; 448 family clusters
S3_srs_unweighted	family	checkm2_class	MQ	570	HQ_to_MQ_rate	nan	nan	nan				unweighted SRS of S3; 448 family clusters
S3_srs_unweighted	family	checkm2_class	MQ	570	HQ_to_LQ_rate	nan	nan	nan				unweighted SRS of S3; 448 family clusters
S3_srs_unweighted	family	checkm2_class	MQ	570	MQ_to_HQ_rate	0.205263	0.173622	0.239485				unweighted SRS of S3; 448 family clusters
S3_srs_unweighted	family	checkm2_class	MQ	570	MQ_to_LQ_rate	0.107018	0.0783267	0.137588				unweighted SRS of S3; 448 family clusters
S3_srs_unweighted	family	checkm2_class	MQ	570	LQ_to_higher_rate	nan	nan	nan				unweighted SRS of S3; 448 family clusters
S3_srs_unweighted	family	checkm2_class	MQ	570	cont5_disagreement_rate	0.111406	0.0776691	0.145043				unweighted SRS of S3; 448 family clusters
S3_srs_unweighted	family	checkm2_class	MQ	570	floor_rate	0.00175439	0	0.00582696				unweighted SRS of S3; 448 family clusters
S3_srs_unweighted	family	checkm2_class	MQ	570	floor_rate_exact50	0	0	0				unweighted SRS of S3; 448 family clusters
S3_srs_unweighted	family	checkm2_class	MQ	570	mean_d_comp	1.32547	0.249544	2.35237				unweighted SRS of S3; 448 family clusters
S3_srs_unweighted	family	checkm2_class	MQ	570	mean_d_cont	0.191806	-0.775516	1.14714				unweighted SRS of S3; 448 family clusters
S3_srs_unweighted	family	checkm2_class	MQ	570	mean_comp_checkm2	75.2139	74.0587	76.414				unweighted SRS of S3; 448 family clusters
S3_srs_unweighted	family	checkm2_class	MQ	570	mean_comp_magicc	76.5393	75.1961	77.9334				unweighted SRS of S3; 448 family clusters
S3_srs_unweighted	family	checkm2_class	MQ	570	mean_cont_checkm2	3.69063	3.44247	3.93656				unweighted SRS of S3; 448 family clusters
S3_srs_unweighted	family	checkm2_class	MQ	570	mean_cont_magicc	3.88244	2.94173	4.85866				unweighted SRS of S3; 448 family clusters
S3_srs_unweighted	family	checkm2_class	MQ	570	cell_HQ_to_HQ	0	0	0				unweighted SRS of S3; 448 family clusters
S3_srs_unweighted	family	checkm2_class	MQ	570	cell_HQ_to_MQ	0	0	0				unweighted SRS of S3; 448 family clusters
S3_srs_unweighted	family	checkm2_class	MQ	570	cell_HQ_to_LQ	0	0	0				unweighted SRS of S3; 448 family clusters
S3_srs_unweighted	family	checkm2_class	MQ	570	cell_MQ_to_HQ	0.205263	0.173622	0.239485				unweighted SRS of S3; 448 family clusters
S3_srs_unweighted	family	checkm2_class	MQ	570	cell_MQ_to_MQ	0.687719	0.646444	0.725666				unweighted SRS of S3; 448 family clusters
S3_srs_unweighted	family	checkm2_class	MQ	570	cell_MQ_to_LQ	0.107018	0.0783267	0.137588				unweighted SRS of S3; 448 family clusters
S3_srs_unweighted	family	checkm2_class	MQ	570	cell_LQ_to_HQ	0	0	0				unweighted SRS of S3; 448 family clusters
S3_srs_unweighted	family	checkm2_class	MQ	570	cell_LQ_to_MQ	0	0	0				unweighted SRS of S3; 448 family clusters
S3_srs_unweighted	family	checkm2_class	MQ	570	cell_LQ_to_LQ	0	0	0				unweighted SRS of S3; 448 family clusters
S3_srs_unweighted	family	checkm2_class	MQ	570	slope_d_comp_per_log10Mbp	11.7829	6.75454	16.9455				unweighted SRS of S3; 448 family clusters
S3_srs_unweighted	family	checkm2_class	MQ	570	slope_d_cont_per_log10Mbp	2.9842	-3.97541	9.69443				unweighted SRS of S3; 448 family clusters
S3_srs_unweighted	family	checkm2_class	LQ	1	p_class_change	0	0	0				unweighted SRS of S3; 448 family clusters
S3_srs_unweighted	family	checkm2_class	LQ	1	p_downgrade	0	0	0				unweighted SRS of S3; 448 family clusters
S3_srs_unweighted	family	checkm2_class	LQ	1	p_upgrade	0	0	0				unweighted SRS of S3; 448 family clusters
S3_srs_unweighted	family	checkm2_class	LQ	1	p_HQ_checkm2	0	0	0				unweighted SRS of S3; 448 family clusters
S3_srs_unweighted	family	checkm2_class	LQ	1	p_HQ_magicc	0	0	0				unweighted SRS of S3; 448 family clusters
S3_srs_unweighted	family	checkm2_class	LQ	1	HQ_downgrade_rate	nan	nan	nan				unweighted SRS of S3; 448 family clusters
S3_srs_unweighted	family	checkm2_class	LQ	1	HQ_to_MQ_rate	nan	nan	nan				unweighted SRS of S3; 448 family clusters
S3_srs_unweighted	family	checkm2_class	LQ	1	HQ_to_LQ_rate	nan	nan	nan				unweighted SRS of S3; 448 family clusters
S3_srs_unweighted	family	checkm2_class	LQ	1	MQ_to_HQ_rate	nan	nan	nan				unweighted SRS of S3; 448 family clusters
S3_srs_unweighted	family	checkm2_class	LQ	1	MQ_to_LQ_rate	nan	nan	nan				unweighted SRS of S3; 448 family clusters
S3_srs_unweighted	family	checkm2_class	LQ	1	LQ_to_higher_rate	0	0	0				unweighted SRS of S3; 448 family clusters
S3_srs_unweighted	family	checkm2_class	LQ	1	cont5_disagreement_rate	nan	nan	nan				unweighted SRS of S3; 448 family clusters
S3_srs_unweighted	family	checkm2_class	LQ	1	floor_rate	0	0	0				unweighted SRS of S3; 448 family clusters
S3_srs_unweighted	family	checkm2_class	LQ	1	floor_rate_exact50	0	0	0				unweighted SRS of S3; 448 family clusters
S3_srs_unweighted	family	checkm2_class	LQ	1	mean_d_comp	-22.2534	-22.2534	-22.2534				unweighted SRS of S3; 448 family clusters
S3_srs_unweighted	family	checkm2_class	LQ	1	mean_d_cont	20.3371	20.3371	20.3371				unweighted SRS of S3; 448 family clusters
S3_srs_unweighted	family	checkm2_class	LQ	1	mean_comp_checkm2	96.08	96.08	96.08				unweighted SRS of S3; 448 family clusters
S3_srs_unweighted	family	checkm2_class	LQ	1	mean_comp_magicc	73.8266	73.8266	73.8266				unweighted SRS of S3; 448 family clusters
S3_srs_unweighted	family	checkm2_class	LQ	1	mean_cont_checkm2	10	10	10				unweighted SRS of S3; 448 family clusters
S3_srs_unweighted	family	checkm2_class	LQ	1	mean_cont_magicc	30.3371	30.3371	30.3371				unweighted SRS of S3; 448 family clusters
S3_srs_unweighted	family	checkm2_class	LQ	1	cell_HQ_to_HQ	0	0	0				unweighted SRS of S3; 448 family clusters
S3_srs_unweighted	family	checkm2_class	LQ	1	cell_HQ_to_MQ	0	0	0				unweighted SRS of S3; 448 family clusters
S3_srs_unweighted	family	checkm2_class	LQ	1	cell_HQ_to_LQ	0	0	0				unweighted SRS of S3; 448 family clusters
S3_srs_unweighted	family	checkm2_class	LQ	1	cell_MQ_to_HQ	0	0	0				unweighted SRS of S3; 448 family clusters
S3_srs_unweighted	family	checkm2_class	LQ	1	cell_MQ_to_MQ	0	0	0				unweighted SRS of S3; 448 family clusters
S3_srs_unweighted	family	checkm2_class	LQ	1	cell_MQ_to_LQ	0	0	0				unweighted SRS of S3; 448 family clusters
S3_srs_unweighted	family	checkm2_class	LQ	1	cell_LQ_to_HQ	0	0	0				unweighted SRS of S3; 448 family clusters
S3_srs_unweighted	family	checkm2_class	LQ	1	cell_LQ_to_MQ	0	0	0				unweighted SRS of S3; 448 family clusters
S3_srs_unweighted	family	checkm2_class	LQ	1	cell_LQ_to_LQ	1	1	1				unweighted SRS of S3; 448 family clusters
S3_srs_unweighted	family	checkm2_class	LQ	1	slope_d_comp_per_log10Mbp	nan	nan	nan				unweighted SRS of S3; 448 family clusters
S3_srs_unweighted	family	checkm2_class	LQ	1	slope_d_cont_per_log10Mbp	nan	nan	nan				unweighted SRS of S3; 448 family clusters
S3_srs_unweighted	spire_cluster	overall	ALL	892	p_class_change	0.369955	0.338565	0.403587				unweighted SRS of S3; 892 spire_cluster clusters
S3_srs_unweighted	spire_cluster	overall	ALL	892	p_downgrade	0.238789	0.210762	0.266816				unweighted SRS of S3; 892 spire_cluster clusters
S3_srs_unweighted	spire_cluster	overall	ALL	892	p_upgrade	0.131166	0.109865	0.153587				unweighted SRS of S3; 892 spire_cluster clusters
S3_srs_unweighted	spire_cluster	overall	ALL	892	p_HQ_checkm2	0.359865	0.328475	0.390135				unweighted SRS of S3; 892 spire_cluster clusters
S3_srs_unweighted	spire_cluster	overall	ALL	892	p_HQ_magicc	0.320628	0.289238	0.349776				unweighted SRS of S3; 892 spire_cluster clusters
S3_srs_unweighted	spire_cluster	overall	ALL	892	HQ_downgrade_rate	0.47352	0.419249	0.529061				unweighted SRS of S3; 892 spire_cluster clusters
S3_srs_unweighted	spire_cluster	overall	ALL	892	HQ_to_MQ_rate	0.367601	0.319016	0.422755				unweighted SRS of S3; 892 spire_cluster clusters
S3_srs_unweighted	spire_cluster	overall	ALL	892	HQ_to_LQ_rate	0.105919	0.0738193	0.142857				unweighted SRS of S3; 892 spire_cluster clusters
S3_srs_unweighted	spire_cluster	overall	ALL	892	MQ_to_HQ_rate	0.205263	0.173136	0.238684				unweighted SRS of S3; 892 spire_cluster clusters
S3_srs_unweighted	spire_cluster	overall	ALL	892	MQ_to_LQ_rate	0.107018	0.0810226	0.132855				unweighted SRS of S3; 892 spire_cluster clusters
S3_srs_unweighted	spire_cluster	overall	ALL	892	LQ_to_higher_rate	0	0	0				unweighted SRS of S3; 892 spire_cluster clusters
S3_srs_unweighted	spire_cluster	overall	ALL	892	cont5_disagreement_rate	0.143266	0.118343	0.170522				unweighted SRS of S3; 892 spire_cluster clusters
S3_srs_unweighted	spire_cluster	overall	ALL	892	floor_rate	0.00112108	0	0.00336323				unweighted SRS of S3; 892 spire_cluster clusters
S3_srs_unweighted	spire_cluster	overall	ALL	892	floor_rate_exact50	0	0	0				unweighted SRS of S3; 892 spire_cluster clusters
S3_srs_unweighted	spire_cluster	overall	ALL	892	mean_d_comp	-0.584575	-1.348	0.166807				unweighted SRS of S3; 892 spire_cluster clusters
S3_srs_unweighted	spire_cluster	overall	ALL	892	mean_d_cont	1.00373	0.395804	1.65594				unweighted SRS of S3; 892 spire_cluster clusters
S3_srs_unweighted	spire_cluster	overall	ALL	892	mean_comp_checkm2	82.7696	81.7564	83.7429				unweighted SRS of S3; 892 spire_cluster clusters
S3_srs_unweighted	spire_cluster	overall	ALL	892	mean_comp_magicc	82.185	81.146	83.1495				unweighted SRS of S3; 892 spire_cluster clusters
S3_srs_unweighted	spire_cluster	overall	ALL	892	mean_cont_checkm2	2.94664	2.78704	3.11696				unweighted SRS of S3; 892 spire_cluster clusters
S3_srs_unweighted	spire_cluster	overall	ALL	892	mean_cont_magicc	3.95037	3.33504	4.61528				unweighted SRS of S3; 892 spire_cluster clusters
S3_srs_unweighted	spire_cluster	overall	ALL	892	cell_HQ_to_HQ	0.189462	0.163677	0.215247				unweighted SRS of S3; 892 spire_cluster clusters
S3_srs_unweighted	spire_cluster	overall	ALL	892	cell_HQ_to_MQ	0.132287	0.112108	0.154737				unweighted SRS of S3; 892 spire_cluster clusters
S3_srs_unweighted	spire_cluster	overall	ALL	892	cell_HQ_to_LQ	0.0381166	0.0257848	0.0515695				unweighted SRS of S3; 892 spire_cluster clusters
S3_srs_unweighted	spire_cluster	overall	ALL	892	cell_MQ_to_HQ	0.131166	0.109865	0.153587				unweighted SRS of S3; 892 spire_cluster clusters
S3_srs_unweighted	spire_cluster	overall	ALL	892	cell_MQ_to_MQ	0.439462	0.408072	0.471973				unweighted SRS of S3; 892 spire_cluster clusters
S3_srs_unweighted	spire_cluster	overall	ALL	892	cell_MQ_to_LQ	0.0683857	0.0515695	0.0852018				unweighted SRS of S3; 892 spire_cluster clusters
S3_srs_unweighted	spire_cluster	overall	ALL	892	cell_LQ_to_HQ	0	0	0				unweighted SRS of S3; 892 spire_cluster clusters
S3_srs_unweighted	spire_cluster	overall	ALL	892	cell_LQ_to_MQ	0	0	0				unweighted SRS of S3; 892 spire_cluster clusters
S3_srs_unweighted	spire_cluster	overall	ALL	892	cell_LQ_to_LQ	0.00112108	0	0.00336323				unweighted SRS of S3; 892 spire_cluster clusters
S3_srs_unweighted	spire_cluster	overall	ALL	892	slope_d_comp_per_log10Mbp	8.70946	5.1956	12.1236				unweighted SRS of S3; 892 spire_cluster clusters
S3_srs_unweighted	spire_cluster	overall	ALL	892	slope_d_cont_per_log10Mbp	3.20958	-1.20385	7.82958				unweighted SRS of S3; 892 spire_cluster clusters
S3_srs_unweighted	spire_cluster	size_bin	1-2Mb	254	p_class_change	0.248031	0.196718	0.30039				unweighted SRS of S3; 892 spire_cluster clusters
S3_srs_unweighted	spire_cluster	size_bin	1-2Mb	254	p_downgrade	0.181102	0.13408	0.227273				unweighted SRS of S3; 892 spire_cluster clusters
S3_srs_unweighted	spire_cluster	size_bin	1-2Mb	254	p_upgrade	0.0669291	0.0383105	0.0975709				unweighted SRS of S3; 892 spire_cluster clusters
S3_srs_unweighted	spire_cluster	size_bin	1-2Mb	254	p_HQ_checkm2	0.220472	0.172546	0.270992				unweighted SRS of S3; 892 spire_cluster clusters
S3_srs_unweighted	spire_cluster	size_bin	1-2Mb	254	p_HQ_magicc	0.19685	0.150943	0.245768				unweighted SRS of S3; 892 spire_cluster clusters
S3_srs_unweighted	spire_cluster	size_bin	1-2Mb	254	HQ_downgrade_rate	0.410714	0.280702	0.535714				unweighted SRS of S3; 892 spire_cluster clusters
S3_srs_unweighted	spire_cluster	size_bin	1-2Mb	254	HQ_to_MQ_rate	0.267857	0.155546	0.383333				unweighted SRS of S3; 892 spire_cluster clusters
S3_srs_unweighted	spire_cluster	size_bin	1-2Mb	254	HQ_to_LQ_rate	0.142857	0.0566038	0.239201				unweighted SRS of S3; 892 spire_cluster clusters
S3_srs_unweighted	spire_cluster	size_bin	1-2Mb	254	MQ_to_HQ_rate	0.0858586	0.0493237	0.124352				unweighted SRS of S3; 892 spire_cluster clusters
S3_srs_unweighted	spire_cluster	size_bin	1-2Mb	254	MQ_to_LQ_rate	0.116162	0.0721081	0.163561				unweighted SRS of S3; 892 spire_cluster clusters
S3_srs_unweighted	spire_cluster	size_bin	1-2Mb	254	LQ_to_higher_rate	nan	nan	nan				unweighted SRS of S3; 892 spire_cluster clusters
S3_srs_unweighted	spire_cluster	size_bin	1-2Mb	254	cont5_disagreement_rate	0.148325	0.101061	0.19824				unweighted SRS of S3; 892 spire_cluster clusters
S3_srs_unweighted	spire_cluster	size_bin	1-2Mb	254	floor_rate	0.00393701	0	0.0128247				unweighted SRS of S3; 892 spire_cluster clusters
S3_srs_unweighted	spire_cluster	size_bin	1-2Mb	254	floor_rate_exact50	0	0	0				unweighted SRS of S3; 892 spire_cluster clusters
S3_srs_unweighted	spire_cluster	size_bin	1-2Mb	254	mean_d_comp	-1.83888	-3.39732	-0.26059				unweighted SRS of S3; 892 spire_cluster clusters
S3_srs_unweighted	spire_cluster	size_bin	1-2Mb	254	mean_d_cont	1.67255	0.481855	2.94554				unweighted SRS of S3; 892 spire_cluster clusters
S3_srs_unweighted	spire_cluster	size_bin	1-2Mb	254	mean_comp_checkm2	75.2515	73.3348	77.1941				unweighted SRS of S3; 892 spire_cluster clusters
S3_srs_unweighted	spire_cluster	size_bin	1-2Mb	254	mean_comp_magicc	73.4127	71.439	75.5207				unweighted SRS of S3; 892 spire_cluster clusters
S3_srs_unweighted	spire_cluster	size_bin	1-2Mb	254	mean_cont_checkm2	2.50591	2.19355	2.82213				unweighted SRS of S3; 892 spire_cluster clusters
S3_srs_unweighted	spire_cluster	size_bin	1-2Mb	254	mean_cont_magicc	4.17846	2.96056	5.44445				unweighted SRS of S3; 892 spire_cluster clusters
S3_srs_unweighted	spire_cluster	size_bin	1-2Mb	254	cell_HQ_to_HQ	0.129921	0.0916581	0.172797				unweighted SRS of S3; 892 spire_cluster clusters
S3_srs_unweighted	spire_cluster	size_bin	1-2Mb	254	cell_HQ_to_MQ	0.0590551	0.0321425	0.0885755				unweighted SRS of S3; 892 spire_cluster clusters
S3_srs_unweighted	spire_cluster	size_bin	1-2Mb	254	cell_HQ_to_LQ	0.0314961	0.0119036	0.0546218				unweighted SRS of S3; 892 spire_cluster clusters
S3_srs_unweighted	spire_cluster	size_bin	1-2Mb	254	cell_MQ_to_HQ	0.0669291	0.0383105	0.0975709				unweighted SRS of S3; 892 spire_cluster clusters
S3_srs_unweighted	spire_cluster	size_bin	1-2Mb	254	cell_MQ_to_MQ	0.622047	0.5625	0.680951				unweighted SRS of S3; 892 spire_cluster clusters
S3_srs_unweighted	spire_cluster	size_bin	1-2Mb	254	cell_MQ_to_LQ	0.0905512	0.0559889	0.129039				unweighted SRS of S3; 892 spire_cluster clusters
S3_srs_unweighted	spire_cluster	size_bin	1-2Mb	254	cell_LQ_to_HQ	0	0	0				unweighted SRS of S3; 892 spire_cluster clusters
S3_srs_unweighted	spire_cluster	size_bin	1-2Mb	254	cell_LQ_to_MQ	0	0	0				unweighted SRS of S3; 892 spire_cluster clusters
S3_srs_unweighted	spire_cluster	size_bin	1-2Mb	254	cell_LQ_to_LQ	0	0	0				unweighted SRS of S3; 892 spire_cluster clusters
S3_srs_unweighted	spire_cluster	size_bin	1-2Mb	254	slope_d_comp_per_log10Mbp	12.7848	-5.45624	30.4868				unweighted SRS of S3; 892 spire_cluster clusters
S3_srs_unweighted	spire_cluster	size_bin	1-2Mb	254	slope_d_cont_per_log10Mbp	-6.79541	-21.5102	7.36258				unweighted SRS of S3; 892 spire_cluster clusters
S3_srs_unweighted	spire_cluster	size_bin	2-3Mb	241	p_class_change	0.33195	0.272331	0.391309				unweighted SRS of S3; 892 spire_cluster clusters
S3_srs_unweighted	spire_cluster	size_bin	2-3Mb	241	p_downgrade	0.232365	0.181818	0.28507				unweighted SRS of S3; 892 spire_cluster clusters
S3_srs_unweighted	spire_cluster	size_bin	2-3Mb	241	p_upgrade	0.0995851	0.0624939	0.137938				unweighted SRS of S3; 892 spire_cluster clusters
S3_srs_unweighted	spire_cluster	size_bin	2-3Mb	241	p_HQ_checkm2	0.286307	0.227074	0.343224				unweighted SRS of S3; 892 spire_cluster clusters
S3_srs_unweighted	spire_cluster	size_bin	2-3Mb	241	p_HQ_magicc	0.19917	0.145749	0.251141				unweighted SRS of S3; 892 spire_cluster clusters
S3_srs_unweighted	spire_cluster	size_bin	2-3Mb	241	HQ_downgrade_rate	0.652174	0.537026	0.767148				unweighted SRS of S3; 892 spire_cluster clusters
S3_srs_unweighted	spire_cluster	size_bin	2-3Mb	241	HQ_to_MQ_rate	0.565217	0.442857	0.681176				unweighted SRS of S3; 892 spire_cluster clusters
S3_srs_unweighted	spire_cluster	size_bin	2-3Mb	241	HQ_to_LQ_rate	0.0869565	0.0273973	0.162162				unweighted SRS of S3; 892 spire_cluster clusters
S3_srs_unweighted	spire_cluster	size_bin	2-3Mb	241	MQ_to_HQ_rate	0.140351	0.0891687	0.193939				unweighted SRS of S3; 892 spire_cluster clusters
S3_srs_unweighted	spire_cluster	size_bin	2-3Mb	241	MQ_to_LQ_rate	0.0643275	0.030116	0.102044				unweighted SRS of S3; 892 spire_cluster clusters
S3_srs_unweighted	spire_cluster	size_bin	2-3Mb	241	LQ_to_higher_rate	0	0	0				unweighted SRS of S3; 892 spire_cluster clusters
S3_srs_unweighted	spire_cluster	size_bin	2-3Mb	241	cont5_disagreement_rate	0.120603	0.0777202	0.166667				unweighted SRS of S3; 892 spire_cluster clusters
S3_srs_unweighted	spire_cluster	size_bin	2-3Mb	241	floor_rate	0	0	0				unweighted SRS of S3; 892 spire_cluster clusters
S3_srs_unweighted	spire_cluster	size_bin	2-3Mb	241	floor_rate_exact50	0	0	0				unweighted SRS of S3; 892 spire_cluster clusters
S3_srs_unweighted	spire_cluster	size_bin	2-3Mb	241	mean_d_comp	-2.45823	-4.02879	-0.886672				unweighted SRS of S3; 892 spire_cluster clusters
S3_srs_unweighted	spire_cluster	size_bin	2-3Mb	241	mean_d_cont	-0.140269	-0.908416	0.730306				unweighted SRS of S3; 892 spire_cluster clusters
S3_srs_unweighted	spire_cluster	size_bin	2-3Mb	241	mean_comp_checkm2	80.6476	78.8335	82.3849				unweighted SRS of S3; 892 spire_cluster clusters
S3_srs_unweighted	spire_cluster	size_bin	2-3Mb	241	mean_comp_magicc	78.1894	76.3676	79.9474				unweighted SRS of S3; 892 spire_cluster clusters
S3_srs_unweighted	spire_cluster	size_bin	2-3Mb	241	mean_cont_checkm2	2.73344	2.43302	3.03258				unweighted SRS of S3; 892 spire_cluster clusters
S3_srs_unweighted	spire_cluster	size_bin	2-3Mb	241	mean_cont_magicc	2.59318	1.8772	3.45124				unweighted SRS of S3; 892 spire_cluster clusters
S3_srs_unweighted	spire_cluster	size_bin	2-3Mb	241	cell_HQ_to_HQ	0.0995851	0.0616706	0.138528				unweighted SRS of S3; 892 spire_cluster clusters
S3_srs_unweighted	spire_cluster	size_bin	2-3Mb	241	cell_HQ_to_MQ	0.161826	0.116667	0.207797				unweighted SRS of S3; 892 spire_cluster clusters
S3_srs_unweighted	spire_cluster	size_bin	2-3Mb	241	cell_HQ_to_LQ	0.0248963	0.00806452	0.046416				unweighted SRS of S3; 892 spire_cluster clusters
S3_srs_unweighted	spire_cluster	size_bin	2-3Mb	241	cell_MQ_to_HQ	0.0995851	0.0624939	0.137938				unweighted SRS of S3; 892 spire_cluster clusters
S3_srs_unweighted	spire_cluster	size_bin	2-3Mb	241	cell_MQ_to_MQ	0.564315	0.5	0.626675				unweighted SRS of S3; 892 spire_cluster clusters
S3_srs_unweighted	spire_cluster	size_bin	2-3Mb	241	cell_MQ_to_LQ	0.0456432	0.0213652	0.0729692				unweighted SRS of S3; 892 spire_cluster clusters
S3_srs_unweighted	spire_cluster	size_bin	2-3Mb	241	cell_LQ_to_HQ	0	0	0				unweighted SRS of S3; 892 spire_cluster clusters
S3_srs_unweighted	spire_cluster	size_bin	2-3Mb	241	cell_LQ_to_MQ	0	0	0				unweighted SRS of S3; 892 spire_cluster clusters
S3_srs_unweighted	spire_cluster	size_bin	2-3Mb	241	cell_LQ_to_LQ	0.00414938	0	0.0140912				unweighted SRS of S3; 892 spire_cluster clusters
S3_srs_unweighted	spire_cluster	size_bin	2-3Mb	241	slope_d_comp_per_log10Mbp	14.3945	-15.2311	42.3741				unweighted SRS of S3; 892 spire_cluster clusters
S3_srs_unweighted	spire_cluster	size_bin	2-3Mb	241	slope_d_cont_per_log10Mbp	-6.87418	-24.4961	9.98826				unweighted SRS of S3; 892 spire_cluster clusters
S3_srs_unweighted	spire_cluster	size_bin	3-5Mb	306	p_class_change	0.444444	0.389261	0.5				unweighted SRS of S3; 892 spire_cluster clusters
S3_srs_unweighted	spire_cluster	size_bin	3-5Mb	306	p_downgrade	0.271242	0.223333	0.323081				unweighted SRS of S3; 892 spire_cluster clusters
S3_srs_unweighted	spire_cluster	size_bin	3-5Mb	306	p_upgrade	0.173203	0.13103	0.214528				unweighted SRS of S3; 892 spire_cluster clusters
S3_srs_unweighted	spire_cluster	size_bin	3-5Mb	306	p_HQ_checkm2	0.5	0.444807	0.553703				unweighted SRS of S3; 892 spire_cluster clusters
S3_srs_unweighted	spire_cluster	size_bin	3-5Mb	306	p_HQ_magicc	0.444444	0.388097	0.495385				unweighted SRS of S3; 892 spire_cluster clusters
S3_srs_unweighted	spire_cluster	size_bin	3-5Mb	306	HQ_downgrade_rate	0.457516	0.381572	0.541673				unweighted SRS of S3; 892 spire_cluster clusters
S3_srs_unweighted	spire_cluster	size_bin	3-5Mb	306	HQ_to_MQ_rate	0.385621	0.31249	0.467118				unweighted SRS of S3; 892 spire_cluster clusters
S3_srs_unweighted	spire_cluster	size_bin	3-5Mb	306	HQ_to_LQ_rate	0.0718954	0.0344769	0.116883				unweighted SRS of S3; 892 spire_cluster clusters
S3_srs_unweighted	spire_cluster	size_bin	3-5Mb	306	MQ_to_HQ_rate	0.346405	0.270829	0.417144				unweighted SRS of S3; 892 spire_cluster clusters
S3_srs_unweighted	spire_cluster	size_bin	3-5Mb	306	MQ_to_LQ_rate	0.0849673	0.0416667	0.132085				unweighted SRS of S3; 892 spire_cluster clusters
S3_srs_unweighted	spire_cluster	size_bin	3-5Mb	306	LQ_to_higher_rate	nan	nan	nan				unweighted SRS of S3; 892 spire_cluster clusters
S3_srs_unweighted	spire_cluster	size_bin	3-5Mb	306	cont5_disagreement_rate	0.130252	0.0897946	0.174888				unweighted SRS of S3; 892 spire_cluster clusters
S3_srs_unweighted	spire_cluster	size_bin	3-5Mb	306	floor_rate	0	0	0				unweighted SRS of S3; 892 spire_cluster clusters
S3_srs_unweighted	spire_cluster	size_bin	3-5Mb	306	floor_rate_exact50	0	0	0				unweighted SRS of S3; 892 spire_cluster clusters
S3_srs_unweighted	spire_cluster	size_bin	3-5Mb	306	mean_d_comp	0.847904	-0.339537	2.02721				unweighted SRS of S3; 892 spire_cluster clusters
S3_srs_unweighted	spire_cluster	size_bin	3-5Mb	306	mean_d_cont	0.0398592	-0.75541	0.882088				unweighted SRS of S3; 892 spire_cluster clusters
S3_srs_unweighted	spire_cluster	size_bin	3-5Mb	306	mean_comp_checkm2	88.0318	86.6192	89.2913				unweighted SRS of S3; 892 spire_cluster clusters
S3_srs_unweighted	spire_cluster	size_bin	3-5Mb	306	mean_comp_magicc	88.8797	87.4957	90.157				unweighted SRS of S3; 892 spire_cluster clusters
S3_srs_unweighted	spire_cluster	size_bin	3-5Mb	306	mean_cont_checkm2	3.05837	2.80119	3.3425				unweighted SRS of S3; 892 spire_cluster clusters
S3_srs_unweighted	spire_cluster	size_bin	3-5Mb	306	mean_cont_magicc	3.09823	2.30906	3.96036				unweighted SRS of S3; 892 spire_cluster clusters
S3_srs_unweighted	spire_cluster	size_bin	3-5Mb	306	cell_HQ_to_HQ	0.271242	0.219745	0.320516				unweighted SRS of S3; 892 spire_cluster clusters
S3_srs_unweighted	spire_cluster	size_bin	3-5Mb	306	cell_HQ_to_MQ	0.19281	0.15068	0.239219				unweighted SRS of S3; 892 spire_cluster clusters
S3_srs_unweighted	spire_cluster	size_bin	3-5Mb	306	cell_HQ_to_LQ	0.0359477	0.0167771	0.0588235				unweighted SRS of S3; 892 spire_cluster clusters
S3_srs_unweighted	spire_cluster	size_bin	3-5Mb	306	cell_MQ_to_HQ	0.173203	0.13103	0.214528				unweighted SRS of S3; 892 spire_cluster clusters
S3_srs_unweighted	spire_cluster	size_bin	3-5Mb	306	cell_MQ_to_MQ	0.284314	0.237285	0.337662				unweighted SRS of S3; 892 spire_cluster clusters
S3_srs_unweighted	spire_cluster	size_bin	3-5Mb	306	cell_MQ_to_LQ	0.0424837	0.0206879	0.0674847				unweighted SRS of S3; 892 spire_cluster clusters
S3_srs_unweighted	spire_cluster	size_bin	3-5Mb	306	cell_LQ_to_HQ	0	0	0				unweighted SRS of S3; 892 spire_cluster clusters
S3_srs_unweighted	spire_cluster	size_bin	3-5Mb	306	cell_LQ_to_MQ	0	0	0				unweighted SRS of S3; 892 spire_cluster clusters
S3_srs_unweighted	spire_cluster	size_bin	3-5Mb	306	cell_LQ_to_LQ	0	0	0				unweighted SRS of S3; 892 spire_cluster clusters
S3_srs_unweighted	spire_cluster	size_bin	3-5Mb	306	slope_d_comp_per_log10Mbp	31.0256	14.158	49.4152				unweighted SRS of S3; 892 spire_cluster clusters
S3_srs_unweighted	spire_cluster	size_bin	3-5Mb	306	slope_d_cont_per_log10Mbp	14.3492	1.1357	28.1825				unweighted SRS of S3; 892 spire_cluster clusters
S3_srs_unweighted	spire_cluster	size_bin	>5Mb	91	p_class_change	0.56044	0.458295	0.659097				unweighted SRS of S3; 892 spire_cluster clusters
S3_srs_unweighted	spire_cluster	size_bin	>5Mb	91	p_downgrade	0.307692	0.216488	0.404509				unweighted SRS of S3; 892 spire_cluster clusters
S3_srs_unweighted	spire_cluster	size_bin	>5Mb	91	p_upgrade	0.252747	0.164557	0.345252				unweighted SRS of S3; 892 spire_cluster clusters
S3_srs_unweighted	spire_cluster	size_bin	>5Mb	91	p_HQ_checkm2	0.472527	0.373494	0.574713				unweighted SRS of S3; 892 spire_cluster clusters
S3_srs_unweighted	spire_cluster	size_bin	>5Mb	91	p_HQ_magicc	0.571429	0.472507	0.67034				unweighted SRS of S3; 892 spire_cluster clusters
S3_srs_unweighted	spire_cluster	size_bin	>5Mb	91	HQ_downgrade_rate	0.325581	0.194444	0.466702				unweighted SRS of S3; 892 spire_cluster clusters
S3_srs_unweighted	spire_cluster	size_bin	>5Mb	91	HQ_to_MQ_rate	0.116279	0.025641	0.214321				unweighted SRS of S3; 892 spire_cluster clusters
S3_srs_unweighted	spire_cluster	size_bin	>5Mb	91	HQ_to_LQ_rate	0.209302	0.0930233	0.3335				unweighted SRS of S3; 892 spire_cluster clusters
S3_srs_unweighted	spire_cluster	size_bin	>5Mb	91	MQ_to_HQ_rate	0.479167	0.340897	0.62				unweighted SRS of S3; 892 spire_cluster clusters
S3_srs_unweighted	spire_cluster	size_bin	>5Mb	91	MQ_to_LQ_rate	0.291667	0.166667	0.425013				unweighted SRS of S3; 892 spire_cluster clusters
S3_srs_unweighted	spire_cluster	size_bin	>5Mb	91	LQ_to_higher_rate	nan	nan	nan				unweighted SRS of S3; 892 spire_cluster clusters
S3_srs_unweighted	spire_cluster	size_bin	>5Mb	91	cont5_disagreement_rate	0.269231	0.151515	0.387783				unweighted SRS of S3; 892 spire_cluster clusters
S3_srs_unweighted	spire_cluster	size_bin	>5Mb	91	floor_rate	0	0	0				unweighted SRS of S3; 892 spire_cluster clusters
S3_srs_unweighted	spire_cluster	size_bin	>5Mb	91	floor_rate_exact50	0	0	0				unweighted SRS of S3; 892 spire_cluster clusters
S3_srs_unweighted	spire_cluster	size_bin	>5Mb	91	mean_d_comp	3.06163	1.1958	4.79166				unweighted SRS of S3; 892 spire_cluster clusters
S3_srs_unweighted	spire_cluster	size_bin	>5Mb	91	mean_d_cont	5.40779	2.07864	9.31812				unweighted SRS of S3; 892 spire_cluster clusters
S3_srs_unweighted	spire_cluster	size_bin	>5Mb	91	mean_comp_checkm2	91.679	90.046	93.2143				unweighted SRS of S3; 892 spire_cluster clusters
S3_srs_unweighted	spire_cluster	size_bin	>5Mb	91	mean_comp_magicc	94.7406	93.2034	96.0003				unweighted SRS of S3; 892 spire_cluster clusters
S3_srs_unweighted	spire_cluster	size_bin	>5Mb	91	mean_cont_checkm2	4.36571	3.74831	4.94704				unweighted SRS of S3; 892 spire_cluster clusters
S3_srs_unweighted	spire_cluster	size_bin	>5Mb	91	mean_cont_magicc	9.77351	6.41254	13.7121				unweighted SRS of S3; 892 spire_cluster clusters
S3_srs_unweighted	spire_cluster	size_bin	>5Mb	91	cell_HQ_to_HQ	0.318681	0.226181	0.412849				unweighted SRS of S3; 892 spire_cluster clusters
S3_srs_unweighted	spire_cluster	size_bin	>5Mb	91	cell_HQ_to_MQ	0.0549451	0.0117647	0.104651				unweighted SRS of S3; 892 spire_cluster clusters
S3_srs_unweighted	spire_cluster	size_bin	>5Mb	91	cell_HQ_to_LQ	0.0989011	0.0434666	0.162178				unweighted SRS of S3; 892 spire_cluster clusters
S3_srs_unweighted	spire_cluster	size_bin	>5Mb	91	cell_MQ_to_HQ	0.252747	0.164557	0.345252				unweighted SRS of S3; 892 spire_cluster clusters
S3_srs_unweighted	spire_cluster	size_bin	>5Mb	91	cell_MQ_to_MQ	0.120879	0.0588235	0.192319				unweighted SRS of S3; 892 spire_cluster clusters
S3_srs_unweighted	spire_cluster	size_bin	>5Mb	91	cell_MQ_to_LQ	0.153846	0.0833119	0.230769				unweighted SRS of S3; 892 spire_cluster clusters
S3_srs_unweighted	spire_cluster	size_bin	>5Mb	91	cell_LQ_to_HQ	0	0	0				unweighted SRS of S3; 892 spire_cluster clusters
S3_srs_unweighted	spire_cluster	size_bin	>5Mb	91	cell_LQ_to_MQ	0	0	0				unweighted SRS of S3; 892 spire_cluster clusters
S3_srs_unweighted	spire_cluster	size_bin	>5Mb	91	cell_LQ_to_LQ	0	0	0				unweighted SRS of S3; 892 spire_cluster clusters
S3_srs_unweighted	spire_cluster	size_bin	>5Mb	91	slope_d_comp_per_log10Mbp	-4.47753	-20.5049	13.0601				unweighted SRS of S3; 892 spire_cluster clusters
S3_srs_unweighted	spire_cluster	size_bin	>5Mb	91	slope_d_cont_per_log10Mbp	67.135	17.9125	116.136				unweighted SRS of S3; 892 spire_cluster clusters
S1_small_census	family	overall	ALL	17201	p_class_change	0.193768	0.163827	0.226699				census of frame MAGs <1 Mbp; 913 family clusters
S1_small_census	family	overall	ALL	17201	p_downgrade	0.177838	0.149439	0.209159				census of frame MAGs <1 Mbp; 913 family clusters
S1_small_census	family	overall	ALL	17201	p_upgrade	0.0159293	0.0114915	0.0214242				census of frame MAGs <1 Mbp; 913 family clusters
S1_small_census	family	overall	ALL	17201	p_HQ_checkm2	0.176908	0.146027	0.209046				census of frame MAGs <1 Mbp; 913 family clusters
S1_small_census	family	overall	ALL	17201	p_HQ_magicc	0.0697052	0.0522017	0.0912673				census of frame MAGs <1 Mbp; 913 family clusters
S1_small_census	family	overall	ALL	17201	HQ_downgrade_rate	0.695695	0.639753	0.750356				census of frame MAGs <1 Mbp; 913 family clusters
S1_small_census	family	overall	ALL	17201	HQ_to_MQ_rate	0.564574	0.519155	0.612712				census of frame MAGs <1 Mbp; 913 family clusters
S1_small_census	family	overall	ALL	17201	HQ_to_LQ_rate	0.131121	0.102589	0.163798				census of frame MAGs <1 Mbp; 913 family clusters
S1_small_census	family	overall	ALL	17201	MQ_to_HQ_rate	0.0192837	0.0135393	0.0267264				census of frame MAGs <1 Mbp; 913 family clusters
S1_small_census	family	overall	ALL	17201	MQ_to_LQ_rate	0.0665395	0.0502877	0.08735				census of frame MAGs <1 Mbp; 913 family clusters
S1_small_census	family	overall	ALL	17201	LQ_to_higher_rate	1	1	1				census of frame MAGs <1 Mbp; 913 family clusters
S1_small_census	family	overall	ALL	17201	cont5_disagreement_rate	0.140546	0.112847	0.173318				census of frame MAGs <1 Mbp; 913 family clusters
S1_small_census	family	overall	ALL	17201	floor_rate	0.079414	0.0536025	0.113837				census of frame MAGs <1 Mbp; 913 family clusters
S1_small_census	family	overall	ALL	17201	floor_rate_exact50	0	0	0				census of frame MAGs <1 Mbp; 913 family clusters
S1_small_census	family	overall	ALL	17201	mean_d_comp	-8.30551	-9.285	-7.34893				census of frame MAGs <1 Mbp; 913 family clusters
S1_small_census	family	overall	ALL	17201	mean_d_cont	1.2131	0.801679	1.68482				census of frame MAGs <1 Mbp; 913 family clusters
S1_small_census	family	overall	ALL	17201	mean_comp_checkm2	71.6358	69.5518	73.6954				census of frame MAGs <1 Mbp; 913 family clusters
S1_small_census	family	overall	ALL	17201	mean_comp_magicc	63.3303	61.4974	65.2209				census of frame MAGs <1 Mbp; 913 family clusters
S1_small_census	family	overall	ALL	17201	mean_cont_checkm2	1.33787	1.17501	1.51014				census of frame MAGs <1 Mbp; 913 family clusters
S1_small_census	family	overall	ALL	17201	mean_cont_magicc	2.55097	2.10864	3.06437				census of frame MAGs <1 Mbp; 913 family clusters
S1_small_census	family	overall	ALL	17201	cell_HQ_to_HQ	0.0538341	0.0395155	0.0705695				census of frame MAGs <1 Mbp; 913 family clusters
S1_small_census	family	overall	ALL	17201	cell_HQ_to_MQ	0.0998779	0.0826004	0.119193				census of frame MAGs <1 Mbp; 913 family clusters
S1_small_census	family	overall	ALL	17201	cell_HQ_to_LQ	0.0231963	0.017242	0.030069				census of frame MAGs <1 Mbp; 913 family clusters
S1_small_census	family	overall	ALL	17201	cell_MQ_to_HQ	0.0158712	0.0114539	0.0213196				census of frame MAGs <1 Mbp; 913 family clusters
S1_small_census	family	overall	ALL	17201	cell_MQ_to_MQ	0.752398	0.711508	0.791388				census of frame MAGs <1 Mbp; 913 family clusters
S1_small_census	family	overall	ALL	17201	cell_MQ_to_LQ	0.0547643	0.0416113	0.0713565				census of frame MAGs <1 Mbp; 913 family clusters
S1_small_census	family	overall	ALL	17201	cell_LQ_to_HQ	0	0	0				census of frame MAGs <1 Mbp; 913 family clusters
S1_small_census	family	overall	ALL	17201	cell_LQ_to_MQ	5.81362e-05	0	0.000193007				census of frame MAGs <1 Mbp; 913 family clusters
S1_small_census	family	overall	ALL	17201	cell_LQ_to_LQ	0	0	0				census of frame MAGs <1 Mbp; 913 family clusters
S1_small_census	family	overall	ALL	17201	slope_d_comp_per_log10Mbp	21.2855	16.1243	26.1388				census of frame MAGs <1 Mbp; 913 family clusters
S1_small_census	family	overall	ALL	17201	slope_d_cont_per_log10Mbp	2.2954	0.4349	4.44859				census of frame MAGs <1 Mbp; 913 family clusters
S1_small_census	family	size_bin	<1Mb	17201	p_class_change	0.193768	0.164243	0.226				census of frame MAGs <1 Mbp; 913 family clusters
S1_small_census	family	size_bin	<1Mb	17201	p_downgrade	0.177838	0.150125	0.208804				census of frame MAGs <1 Mbp; 913 family clusters
S1_small_census	family	size_bin	<1Mb	17201	p_upgrade	0.0159293	0.0113677	0.0213439				census of frame MAGs <1 Mbp; 913 family clusters
S1_small_census	family	size_bin	<1Mb	17201	p_HQ_checkm2	0.176908	0.146294	0.211489				census of frame MAGs <1 Mbp; 913 family clusters
S1_small_census	family	size_bin	<1Mb	17201	p_HQ_magicc	0.0697052	0.0514759	0.0905216				census of frame MAGs <1 Mbp; 913 family clusters
S1_small_census	family	size_bin	<1Mb	17201	HQ_downgrade_rate	0.695695	0.641646	0.749366				census of frame MAGs <1 Mbp; 913 family clusters
S1_small_census	family	size_bin	<1Mb	17201	HQ_to_MQ_rate	0.564574	0.519978	0.612672				census of frame MAGs <1 Mbp; 913 family clusters
S1_small_census	family	size_bin	<1Mb	17201	HQ_to_LQ_rate	0.131121	0.102945	0.164408				census of frame MAGs <1 Mbp; 913 family clusters
S1_small_census	family	size_bin	<1Mb	17201	MQ_to_HQ_rate	0.0192837	0.0134408	0.0266234				census of frame MAGs <1 Mbp; 913 family clusters
S1_small_census	family	size_bin	<1Mb	17201	MQ_to_LQ_rate	0.0665395	0.0501537	0.0869549				census of frame MAGs <1 Mbp; 913 family clusters
S1_small_census	family	size_bin	<1Mb	17201	LQ_to_higher_rate	1	1	1				census of frame MAGs <1 Mbp; 913 family clusters
S1_small_census	family	size_bin	<1Mb	17201	cont5_disagreement_rate	0.140546	0.112857	0.175173				census of frame MAGs <1 Mbp; 913 family clusters
S1_small_census	family	size_bin	<1Mb	17201	floor_rate	0.079414	0.0546777	0.113487				census of frame MAGs <1 Mbp; 913 family clusters
S1_small_census	family	size_bin	<1Mb	17201	floor_rate_exact50	0	0	0				census of frame MAGs <1 Mbp; 913 family clusters
S1_small_census	family	size_bin	<1Mb	17201	mean_d_comp	-8.30551	-9.31877	-7.3487				census of frame MAGs <1 Mbp; 913 family clusters
S1_small_census	family	size_bin	<1Mb	17201	mean_d_cont	1.2131	0.798182	1.72194				census of frame MAGs <1 Mbp; 913 family clusters
S1_small_census	family	size_bin	<1Mb	17201	mean_comp_checkm2	71.6358	69.5777	73.7857				census of frame MAGs <1 Mbp; 913 family clusters
S1_small_census	family	size_bin	<1Mb	17201	mean_comp_magicc	63.3303	61.4883	65.2939				census of frame MAGs <1 Mbp; 913 family clusters
S1_small_census	family	size_bin	<1Mb	17201	mean_cont_checkm2	1.33787	1.18478	1.51815				census of frame MAGs <1 Mbp; 913 family clusters
S1_small_census	family	size_bin	<1Mb	17201	mean_cont_magicc	2.55097	2.1014	3.09676				census of frame MAGs <1 Mbp; 913 family clusters
S1_small_census	family	size_bin	<1Mb	17201	cell_HQ_to_HQ	0.0538341	0.0393696	0.0703708				census of frame MAGs <1 Mbp; 913 family clusters
S1_small_census	family	size_bin	<1Mb	17201	cell_HQ_to_MQ	0.0998779	0.0829934	0.120386				census of frame MAGs <1 Mbp; 913 family clusters
S1_small_census	family	size_bin	<1Mb	17201	cell_HQ_to_LQ	0.0231963	0.0176334	0.0300832				census of frame MAGs <1 Mbp; 913 family clusters
S1_small_census	family	size_bin	<1Mb	17201	cell_MQ_to_HQ	0.0158712	0.0113329	0.0213439				census of frame MAGs <1 Mbp; 913 family clusters
S1_small_census	family	size_bin	<1Mb	17201	cell_MQ_to_MQ	0.752398	0.710892	0.791618				census of frame MAGs <1 Mbp; 913 family clusters
S1_small_census	family	size_bin	<1Mb	17201	cell_MQ_to_LQ	0.0547643	0.0416358	0.0710494				census of frame MAGs <1 Mbp; 913 family clusters
S1_small_census	family	size_bin	<1Mb	17201	cell_LQ_to_HQ	0	0	0				census of frame MAGs <1 Mbp; 913 family clusters
S1_small_census	family	size_bin	<1Mb	17201	cell_LQ_to_MQ	5.81362e-05	0	0.000202951				census of frame MAGs <1 Mbp; 913 family clusters
S1_small_census	family	size_bin	<1Mb	17201	cell_LQ_to_LQ	0	0	0				census of frame MAGs <1 Mbp; 913 family clusters
S1_small_census	family	size_bin	<1Mb	17201	slope_d_comp_per_log10Mbp	21.2855	16.03	25.8054				census of frame MAGs <1 Mbp; 913 family clusters
S1_small_census	family	size_bin	<1Mb	17201	slope_d_cont_per_log10Mbp	2.2954	0.434047	4.57279				census of frame MAGs <1 Mbp; 913 family clusters
S1_small_census	family	lineage_reduction	<-1 (>=2x reduced)	6388	p_class_change	0.0568253	0.0306675	0.0905695				census of frame MAGs <1 Mbp; 913 family clusters
S1_small_census	family	lineage_reduction	<-1 (>=2x reduced)	6388	p_downgrade	0.0499374	0.0294537	0.0757355				census of frame MAGs <1 Mbp; 913 family clusters
S1_small_census	family	lineage_reduction	<-1 (>=2x reduced)	6388	p_upgrade	0.00688791	0.000292386	0.0183176				census of frame MAGs <1 Mbp; 913 family clusters
S1_small_census	family	lineage_reduction	<-1 (>=2x reduced)	6388	p_HQ_checkm2	0.0422668	0.00954685	0.083638				census of frame MAGs <1 Mbp; 913 family clusters
S1_small_census	family	lineage_reduction	<-1 (>=2x reduced)	6388	p_HQ_magicc	0.0256731	0.00108556	0.0595757				census of frame MAGs <1 Mbp; 913 family clusters
S1_small_census	family	lineage_reduction	<-1 (>=2x reduced)	6388	HQ_downgrade_rate	0.555556	0.443788	0.952381				census of frame MAGs <1 Mbp; 913 family clusters
S1_small_census	family	lineage_reduction	<-1 (>=2x reduced)	6388	HQ_to_MQ_rate	0.522222	0.417592	0.860831				census of frame MAGs <1 Mbp; 913 family clusters
S1_small_census	family	lineage_reduction	<-1 (>=2x reduced)	6388	HQ_to_LQ_rate	0.0333333	0.00617096	0.191236				census of frame MAGs <1 Mbp; 913 family clusters
S1_small_census	family	lineage_reduction	<-1 (>=2x reduced)	6388	MQ_to_HQ_rate	0.00719189	0.000296448	0.0198548				census of frame MAGs <1 Mbp; 913 family clusters
S1_small_census	family	lineage_reduction	<-1 (>=2x reduced)	6388	MQ_to_LQ_rate	0.0276234	0.0145751	0.0482224				census of frame MAGs <1 Mbp; 913 family clusters
S1_small_census	family	lineage_reduction	<-1 (>=2x reduced)	6388	LQ_to_higher_rate	nan	nan	nan				census of frame MAGs <1 Mbp; 913 family clusters
S1_small_census	family	lineage_reduction	<-1 (>=2x reduced)	6388	cont5_disagreement_rate	0.0481008	0.0275925	0.0791585				census of frame MAGs <1 Mbp; 913 family clusters
S1_small_census	family	lineage_reduction	<-1 (>=2x reduced)	6388	floor_rate	0.174703	0.117107	0.243171				census of frame MAGs <1 Mbp; 913 family clusters
S1_small_census	family	lineage_reduction	<-1 (>=2x reduced)	6388	floor_rate_exact50	0	0	0				census of frame MAGs <1 Mbp; 913 family clusters
S1_small_census	family	lineage_reduction	<-1 (>=2x reduced)	6388	mean_d_comp	-5.85865	-6.90841	-4.7403				census of frame MAGs <1 Mbp; 913 family clusters
S1_small_census	family	lineage_reduction	<-1 (>=2x reduced)	6388	mean_d_cont	-0.0541138	-0.46334	0.392055				census of frame MAGs <1 Mbp; 913 family clusters
S1_small_census	family	lineage_reduction	<-1 (>=2x reduced)	6388	mean_comp_checkm2	62.5468	59.9235	65.3266				census of frame MAGs <1 Mbp; 913 family clusters
S1_small_census	family	lineage_reduction	<-1 (>=2x reduced)	6388	mean_comp_magicc	56.6882	53.7818	59.9557				census of frame MAGs <1 Mbp; 913 family clusters
S1_small_census	family	lineage_reduction	<-1 (>=2x reduced)	6388	mean_cont_checkm2	1.18154	0.847888	1.62231				census of frame MAGs <1 Mbp; 913 family clusters
S1_small_census	family	lineage_reduction	<-1 (>=2x reduced)	6388	mean_cont_magicc	1.12743	0.714506	1.71986				census of frame MAGs <1 Mbp; 913 family clusters
S1_small_census	family	lineage_reduction	<-1 (>=2x reduced)	6388	cell_HQ_to_HQ	0.0187852	0.000557669	0.0431847				census of frame MAGs <1 Mbp; 913 family clusters
S1_small_census	family	lineage_reduction	<-1 (>=2x reduced)	6388	cell_HQ_to_MQ	0.0220726	0.00702253	0.041518				census of frame MAGs <1 Mbp; 913 family clusters
S1_small_census	family	lineage_reduction	<-1 (>=2x reduced)	6388	cell_HQ_to_LQ	0.00140889	0.000315744	0.00295467				census of frame MAGs <1 Mbp; 913 family clusters
S1_small_census	family	lineage_reduction	<-1 (>=2x reduced)	6388	cell_MQ_to_HQ	0.00688791	0.000292386	0.0183176				census of frame MAGs <1 Mbp; 913 family clusters
S1_small_census	family	lineage_reduction	<-1 (>=2x reduced)	6388	cell_MQ_to_MQ	0.924389	0.870988	0.967864				census of frame MAGs <1 Mbp; 913 family clusters
S1_small_census	family	lineage_reduction	<-1 (>=2x reduced)	6388	cell_MQ_to_LQ	0.0264559	0.014059	0.0461268				census of frame MAGs <1 Mbp; 913 family clusters
S1_small_census	family	lineage_reduction	<-1 (>=2x reduced)	6388	cell_LQ_to_HQ	0	0	0				census of frame MAGs <1 Mbp; 913 family clusters
S1_small_census	family	lineage_reduction	<-1 (>=2x reduced)	6388	cell_LQ_to_MQ	0	0	0				census of frame MAGs <1 Mbp; 913 family clusters
S1_small_census	family	lineage_reduction	<-1 (>=2x reduced)	6388	cell_LQ_to_LQ	0	0	0				census of frame MAGs <1 Mbp; 913 family clusters
S1_small_census	family	lineage_reduction	<-1 (>=2x reduced)	6388	slope_d_comp_per_log10Mbp	7.98846	3.92603	11.7156				census of frame MAGs <1 Mbp; 913 family clusters
S1_small_census	family	lineage_reduction	<-1 (>=2x reduced)	6388	slope_d_cont_per_log10Mbp	-0.58637	-1.62593	0.586925				census of frame MAGs <1 Mbp; 913 family clusters
S1_small_census	family	lineage_reduction	-1 to -0.5	3955	p_class_change	0.0637168	0.0395846	0.0911715				census of frame MAGs <1 Mbp; 913 family clusters
S1_small_census	family	lineage_reduction	-1 to -0.5	3955	p_downgrade	0.063464	0.0394605	0.0908752				census of frame MAGs <1 Mbp; 913 family clusters
S1_small_census	family	lineage_reduction	-1 to -0.5	3955	p_upgrade	0.000252845	0	0.000879579				census of frame MAGs <1 Mbp; 913 family clusters
S1_small_census	family	lineage_reduction	-1 to -0.5	3955	p_HQ_checkm2	0.0381795	0.0197879	0.058334				census of frame MAGs <1 Mbp; 913 family clusters
S1_small_census	family	lineage_reduction	-1 to -0.5	3955	p_HQ_magicc	0.0045512	0.000547442	0.00888124				census of frame MAGs <1 Mbp; 913 family clusters
S1_small_census	family	lineage_reduction	-1 to -0.5	3955	HQ_downgrade_rate	0.887417	0.805031	0.981986				census of frame MAGs <1 Mbp; 913 family clusters
S1_small_census	family	lineage_reduction	-1 to -0.5	3955	HQ_to_MQ_rate	0.81457	0.703704	0.924528				census of frame MAGs <1 Mbp; 913 family clusters
S1_small_census	family	lineage_reduction	-1 to -0.5	3955	HQ_to_LQ_rate	0.0728477	0.0168067	0.172052				census of frame MAGs <1 Mbp; 913 family clusters
S1_small_census	family	lineage_reduction	-1 to -0.5	3955	MQ_to_HQ_rate	0.000262881	0	0.000912829				census of frame MAGs <1 Mbp; 913 family clusters
S1_small_census	family	lineage_reduction	-1 to -0.5	3955	MQ_to_LQ_rate	0.0307571	0.0183647	0.0463811				census of frame MAGs <1 Mbp; 913 family clusters
S1_small_census	family	lineage_reduction	-1 to -0.5	3955	LQ_to_higher_rate	nan	nan	nan				census of frame MAGs <1 Mbp; 913 family clusters
S1_small_census	family	lineage_reduction	-1 to -0.5	3955	cont5_disagreement_rate	0.0658174	0.0444547	0.0927965				census of frame MAGs <1 Mbp; 913 family clusters
S1_small_census	family	lineage_reduction	-1 to -0.5	3955	floor_rate	0.0543616	0.0360857	0.0801246				census of frame MAGs <1 Mbp; 913 family clusters
S1_small_census	family	lineage_reduction	-1 to -0.5	3955	floor_rate_exact50	0	0	0				census of frame MAGs <1 Mbp; 913 family clusters
S1_small_census	family	lineage_reduction	-1 to -0.5	3955	mean_d_comp	-8.53364	-10.6741	-6.63709				census of frame MAGs <1 Mbp; 913 family clusters
S1_small_census	family	lineage_reduction	-1 to -0.5	3955	mean_d_cont	0.34751	-0.0364801	0.793568				census of frame MAGs <1 Mbp; 913 family clusters
S1_small_census	family	lineage_reduction	-1 to -0.5	3955	mean_comp_checkm2	64.7435	61.8211	67.9271				census of frame MAGs <1 Mbp; 913 family clusters
S1_small_census	family	lineage_reduction	-1 to -0.5	3955	mean_comp_magicc	56.2098	54.7605	57.7537				census of frame MAGs <1 Mbp; 913 family clusters
S1_small_census	family	lineage_reduction	-1 to -0.5	3955	mean_cont_checkm2	1.16085	0.964749	1.39269				census of frame MAGs <1 Mbp; 913 family clusters
S1_small_census	family	lineage_reduction	-1 to -0.5	3955	mean_cont_magicc	1.50836	1.0885	2.01556				census of frame MAGs <1 Mbp; 913 family clusters
S1_small_census	family	lineage_reduction	-1 to -0.5	3955	cell_HQ_to_HQ	0.00429836	0.000547442	0.0084261				census of frame MAGs <1 Mbp; 913 family clusters
S1_small_census	family	lineage_reduction	-1 to -0.5	3955	cell_HQ_to_MQ	0.0310999	0.0159355	0.047518				census of frame MAGs <1 Mbp; 913 family clusters
S1_small_census	family	lineage_reduction	-1 to -0.5	3955	cell_HQ_to_LQ	0.00278129	0.000506968	0.00625952				census of frame MAGs <1 Mbp; 913 family clusters
S1_small_census	family	lineage_reduction	-1 to -0.5	3955	cell_MQ_to_HQ	0.000252845	0	0.000879579				census of frame MAGs <1 Mbp; 913 family clusters
S1_small_census	family	lineage_reduction	-1 to -0.5	3955	cell_MQ_to_MQ	0.931985	0.901885	0.95827				census of frame MAGs <1 Mbp; 913 family clusters
S1_small_census	family	lineage_reduction	-1 to -0.5	3955	cell_MQ_to_LQ	0.0295828	0.0178921	0.0445897				census of frame MAGs <1 Mbp; 913 family clusters
S1_small_census	family	lineage_reduction	-1 to -0.5	3955	cell_LQ_to_HQ	0	0	0				census of frame MAGs <1 Mbp; 913 family clusters
S1_small_census	family	lineage_reduction	-1 to -0.5	3955	cell_LQ_to_MQ	0	0	0				census of frame MAGs <1 Mbp; 913 family clusters
S1_small_census	family	lineage_reduction	-1 to -0.5	3955	cell_LQ_to_LQ	0	0	0				census of frame MAGs <1 Mbp; 913 family clusters
S1_small_census	family	lineage_reduction	-1 to -0.5	3955	slope_d_comp_per_log10Mbp	23.7211	14.959	31.8098				census of frame MAGs <1 Mbp; 913 family clusters
S1_small_census	family	lineage_reduction	-1 to -0.5	3955	slope_d_cont_per_log10Mbp	0.157983	-1.7069	2.61984				census of frame MAGs <1 Mbp; 913 family clusters
S1_small_census	family	lineage_reduction	-0.5 to -0.25	1590	p_class_change	0.22327	0.176513	0.26626				census of frame MAGs <1 Mbp; 913 family clusters
S1_small_census	family	lineage_reduction	-0.5 to -0.25	1590	p_downgrade	0.22327	0.176513	0.26626				census of frame MAGs <1 Mbp; 913 family clusters
S1_small_census	family	lineage_reduction	-0.5 to -0.25	1590	p_upgrade	0	0	0				census of frame MAGs <1 Mbp; 913 family clusters
S1_small_census	family	lineage_reduction	-0.5 to -0.25	1590	p_HQ_checkm2	0.171698	0.133024	0.214366				census of frame MAGs <1 Mbp; 913 family clusters
S1_small_census	family	lineage_reduction	-0.5 to -0.25	1590	p_HQ_magicc	0.00754717	0.00126062	0.0175329				census of frame MAGs <1 Mbp; 913 family clusters
S1_small_census	family	lineage_reduction	-0.5 to -0.25	1590	HQ_downgrade_rate	0.956044	0.901227	0.992593				census of frame MAGs <1 Mbp; 913 family clusters
S1_small_census	family	lineage_reduction	-0.5 to -0.25	1590	HQ_to_MQ_rate	0.897436	0.831164	0.951614				census of frame MAGs <1 Mbp; 913 family clusters
S1_small_census	family	lineage_reduction	-0.5 to -0.25	1590	HQ_to_LQ_rate	0.0586081	0.0225543	0.107143				census of frame MAGs <1 Mbp; 913 family clusters
S1_small_census	family	lineage_reduction	-0.5 to -0.25	1590	MQ_to_HQ_rate	0	0	0				census of frame MAGs <1 Mbp; 913 family clusters
S1_small_census	family	lineage_reduction	-0.5 to -0.25	1590	MQ_to_LQ_rate	0.0713743	0.0411838	0.108713				census of frame MAGs <1 Mbp; 913 family clusters
S1_small_census	family	lineage_reduction	-0.5 to -0.25	1590	LQ_to_higher_rate	nan	nan	nan				census of frame MAGs <1 Mbp; 913 family clusters
S1_small_census	family	lineage_reduction	-0.5 to -0.25	1590	cont5_disagreement_rate	0.187373	0.120929	0.273408				census of frame MAGs <1 Mbp; 913 family clusters
S1_small_census	family	lineage_reduction	-0.5 to -0.25	1590	floor_rate	0.00943396	0.00385852	0.0168693				census of frame MAGs <1 Mbp; 913 family clusters
S1_small_census	family	lineage_reduction	-0.5 to -0.25	1590	floor_rate_exact50	0	0	0				census of frame MAGs <1 Mbp; 913 family clusters
S1_small_census	family	lineage_reduction	-0.5 to -0.25	1590	mean_d_comp	-14.4232	-15.9857	-12.726				census of frame MAGs <1 Mbp; 913 family clusters
S1_small_census	family	lineage_reduction	-0.5 to -0.25	1590	mean_d_cont	1.27066	0.612309	2.05129				census of frame MAGs <1 Mbp; 913 family clusters
S1_small_census	family	lineage_reduction	-0.5 to -0.25	1590	mean_comp_checkm2	76.7894	75.0805	78.3887				census of frame MAGs <1 Mbp; 913 family clusters
S1_small_census	family	lineage_reduction	-0.5 to -0.25	1590	mean_comp_magicc	62.3662	60.8901	63.7361				census of frame MAGs <1 Mbp; 913 family clusters
S1_small_census	family	lineage_reduction	-0.5 to -0.25	1590	mean_cont_checkm2	1.56082	1.41009	1.72466				census of frame MAGs <1 Mbp; 913 family clusters
S1_small_census	family	lineage_reduction	-0.5 to -0.25	1590	mean_cont_magicc	2.83148	2.20774	3.57078				census of frame MAGs <1 Mbp; 913 family clusters
S1_small_census	family	lineage_reduction	-0.5 to -0.25	1590	cell_HQ_to_HQ	0.00754717	0.00126062	0.0175329				census of frame MAGs <1 Mbp; 913 family clusters
S1_small_census	family	lineage_reduction	-0.5 to -0.25	1590	cell_HQ_to_MQ	0.154088	0.116911	0.1958				census of frame MAGs <1 Mbp; 913 family clusters
S1_small_census	family	lineage_reduction	-0.5 to -0.25	1590	cell_HQ_to_LQ	0.0100629	0.00373951	0.0181681				census of frame MAGs <1 Mbp; 913 family clusters
S1_small_census	family	lineage_reduction	-0.5 to -0.25	1590	cell_MQ_to_HQ	0	0	0				census of frame MAGs <1 Mbp; 913 family clusters
S1_small_census	family	lineage_reduction	-0.5 to -0.25	1590	cell_MQ_to_MQ	0.769182	0.72489	0.816227				census of frame MAGs <1 Mbp; 913 family clusters
S1_small_census	family	lineage_reduction	-0.5 to -0.25	1590	cell_MQ_to_LQ	0.0591195	0.033798	0.0906341				census of frame MAGs <1 Mbp; 913 family clusters
S1_small_census	family	lineage_reduction	-0.5 to -0.25	1590	cell_LQ_to_HQ	0	0	0				census of frame MAGs <1 Mbp; 913 family clusters
S1_small_census	family	lineage_reduction	-0.5 to -0.25	1590	cell_LQ_to_MQ	0	0	0				census of frame MAGs <1 Mbp; 913 family clusters
S1_small_census	family	lineage_reduction	-0.5 to -0.25	1590	cell_LQ_to_LQ	0	0	0				census of frame MAGs <1 Mbp; 913 family clusters
S1_small_census	family	lineage_reduction	-0.5 to -0.25	1590	slope_d_comp_per_log10Mbp	19.4843	4.37903	30.2676				census of frame MAGs <1 Mbp; 913 family clusters
S1_small_census	family	lineage_reduction	-0.5 to -0.25	1590	slope_d_cont_per_log10Mbp	1.4521	-3.70328	9.91289				census of frame MAGs <1 Mbp; 913 family clusters
S1_small_census	family	lineage_reduction	-0.25 to +0.25 (typical)	3654	p_class_change	0.40312	0.361679	0.443795				census of frame MAGs <1 Mbp; 913 family clusters
S1_small_census	family	lineage_reduction	-0.25 to +0.25 (typical)	3654	p_downgrade	0.37329	0.328655	0.416952				census of frame MAGs <1 Mbp; 913 family clusters
S1_small_census	family	lineage_reduction	-0.25 to +0.25 (typical)	3654	p_upgrade	0.0298303	0.0215889	0.037783				census of frame MAGs <1 Mbp; 913 family clusters
S1_small_census	family	lineage_reduction	-0.25 to +0.25 (typical)	3654	p_HQ_checkm2	0.385605	0.341887	0.429286				census of frame MAGs <1 Mbp; 913 family clusters
S1_small_census	family	lineage_reduction	-0.25 to +0.25 (typical)	3654	p_HQ_magicc	0.137384	0.0923705	0.181246				census of frame MAGs <1 Mbp; 913 family clusters
S1_small_census	family	lineage_reduction	-0.25 to +0.25 (typical)	3654	HQ_downgrade_rate	0.720369	0.641145	0.808246				census of frame MAGs <1 Mbp; 913 family clusters
S1_small_census	family	lineage_reduction	-0.25 to +0.25 (typical)	3654	HQ_to_MQ_rate	0.601845	0.532962	0.682097				census of frame MAGs <1 Mbp; 913 family clusters
S1_small_census	family	lineage_reduction	-0.25 to +0.25 (typical)	3654	HQ_to_LQ_rate	0.118524	0.0887939	0.153397				census of frame MAGs <1 Mbp; 913 family clusters
S1_small_census	family	lineage_reduction	-0.25 to +0.25 (typical)	3654	MQ_to_HQ_rate	0.0481283	0.0336607	0.062429				census of frame MAGs <1 Mbp; 913 family clusters
S1_small_census	family	lineage_reduction	-0.25 to +0.25 (typical)	3654	MQ_to_LQ_rate	0.155526	0.113429	0.206625				census of frame MAGs <1 Mbp; 913 family clusters
S1_small_census	family	lineage_reduction	-0.25 to +0.25 (typical)	3654	LQ_to_higher_rate	1	1	1				census of frame MAGs <1 Mbp; 913 family clusters
S1_small_census	family	lineage_reduction	-0.25 to +0.25 (typical)	3654	cont5_disagreement_rate	0.261023	0.211764	0.322084				census of frame MAGs <1 Mbp; 913 family clusters
S1_small_census	family	lineage_reduction	-0.25 to +0.25 (typical)	3654	floor_rate	0.00547345	0.00110494	0.0121122				census of frame MAGs <1 Mbp; 913 family clusters
S1_small_census	family	lineage_reduction	-0.25 to +0.25 (typical)	3654	floor_rate_exact50	0	0	0				census of frame MAGs <1 Mbp; 913 family clusters
S1_small_census	family	lineage_reduction	-0.25 to +0.25 (typical)	3654	mean_d_comp	-10.9923	-12.5009	-9.40402				census of frame MAGs <1 Mbp; 913 family clusters
S1_small_census	family	lineage_reduction	-0.25 to +0.25 (typical)	3654	mean_d_cont	2.60195	1.93744	3.44721				census of frame MAGs <1 Mbp; 913 family clusters
S1_small_census	family	lineage_reduction	-0.25 to +0.25 (typical)	3654	mean_comp_checkm2	84.6852	83.5277	85.8379				census of frame MAGs <1 Mbp; 913 family clusters
S1_small_census	family	lineage_reduction	-0.25 to +0.25 (typical)	3654	mean_comp_magicc	73.6929	71.4955	75.8398				census of frame MAGs <1 Mbp; 913 family clusters
S1_small_census	family	lineage_reduction	-0.25 to +0.25 (typical)	3654	mean_cont_checkm2	1.50744	1.36938	1.6539				census of frame MAGs <1 Mbp; 913 family clusters
S1_small_census	family	lineage_reduction	-0.25 to +0.25 (typical)	3654	mean_cont_magicc	4.10939	3.41281	4.98132				census of frame MAGs <1 Mbp; 913 family clusters
S1_small_census	family	lineage_reduction	-0.25 to +0.25 (typical)	3654	cell_HQ_to_HQ	0.107827	0.069439	0.145959				census of frame MAGs <1 Mbp; 913 family clusters
S1_small_census	family	lineage_reduction	-0.25 to +0.25 (typical)	3654	cell_HQ_to_MQ	0.232074	0.200454	0.267056				census of frame MAGs <1 Mbp; 913 family clusters
S1_small_census	family	lineage_reduction	-0.25 to +0.25 (typical)	3654	cell_HQ_to_LQ	0.0457033	0.0344573	0.0584515				census of frame MAGs <1 Mbp; 913 family clusters
S1_small_census	family	lineage_reduction	-0.25 to +0.25 (typical)	3654	cell_MQ_to_HQ	0.0295567	0.0212898	0.0374513				census of frame MAGs <1 Mbp; 913 family clusters
S1_small_census	family	lineage_reduction	-0.25 to +0.25 (typical)	3654	cell_MQ_to_MQ	0.489053	0.447464	0.533274				census of frame MAGs <1 Mbp; 913 family clusters
S1_small_census	family	lineage_reduction	-0.25 to +0.25 (typical)	3654	cell_MQ_to_LQ	0.0955118	0.0680545	0.131311				census of frame MAGs <1 Mbp; 913 family clusters
S1_small_census	family	lineage_reduction	-0.25 to +0.25 (typical)	3654	cell_LQ_to_HQ	0	0	0				census of frame MAGs <1 Mbp; 913 family clusters
S1_small_census	family	lineage_reduction	-0.25 to +0.25 (typical)	3654	cell_LQ_to_MQ	0.000273673	0	0.000976253				census of frame MAGs <1 Mbp; 913 family clusters
S1_small_census	family	lineage_reduction	-0.25 to +0.25 (typical)	3654	cell_LQ_to_LQ	0	0	0				census of frame MAGs <1 Mbp; 913 family clusters
S1_small_census	family	lineage_reduction	-0.25 to +0.25 (typical)	3654	slope_d_comp_per_log10Mbp	16.5016	0.653394	30.9898				census of frame MAGs <1 Mbp; 913 family clusters
S1_small_census	family	lineage_reduction	-0.25 to +0.25 (typical)	3654	slope_d_cont_per_log10Mbp	19.551	11.3022	29.7453				census of frame MAGs <1 Mbp; 913 family clusters
S1_small_census	family	lineage_reduction	>+0.25 (larger than lineage)	1614	p_class_change	0.551425	0.507933	0.599262				census of frame MAGs <1 Mbp; 913 family clusters
S1_small_census	family	lineage_reduction	>+0.25 (larger than lineage)	1614	p_downgrade	0.477076	0.422912	0.534041				census of frame MAGs <1 Mbp; 913 family clusters
S1_small_census	family	lineage_reduction	>+0.25 (larger than lineage)	1614	p_upgrade	0.0743494	0.0550169	0.0947565				census of frame MAGs <1 Mbp; 913 family clusters
S1_small_census	family	lineage_reduction	>+0.25 (larger than lineage)	1614	p_HQ_checkm2	0.582404	0.533041	0.63164				census of frame MAGs <1 Mbp; 913 family clusters
S1_small_census	family	lineage_reduction	>+0.25 (larger than lineage)	1614	p_HQ_magicc	0.311648	0.258061	0.364957				census of frame MAGs <1 Mbp; 913 family clusters
S1_small_census	family	lineage_reduction	>+0.25 (larger than lineage)	1614	HQ_downgrade_rate	0.592553	0.527742	0.662713				census of frame MAGs <1 Mbp; 913 family clusters
S1_small_census	family	lineage_reduction	>+0.25 (larger than lineage)	1614	HQ_to_MQ_rate	0.384043	0.327596	0.447258				census of frame MAGs <1 Mbp; 913 family clusters
S1_small_census	family	lineage_reduction	>+0.25 (larger than lineage)	1614	HQ_to_LQ_rate	0.208511	0.148132	0.269778				census of frame MAGs <1 Mbp; 913 family clusters
S1_small_census	family	lineage_reduction	>+0.25 (larger than lineage)	1614	MQ_to_HQ_rate	0.178042	0.134868	0.225315				census of frame MAGs <1 Mbp; 913 family clusters
S1_small_census	family	lineage_reduction	>+0.25 (larger than lineage)	1614	MQ_to_LQ_rate	0.316024	0.252846	0.382065				census of frame MAGs <1 Mbp; 913 family clusters
S1_small_census	family	lineage_reduction	>+0.25 (larger than lineage)	1614	LQ_to_higher_rate	nan	nan	nan				census of frame MAGs <1 Mbp; 913 family clusters
S1_small_census	family	lineage_reduction	>+0.25 (larger than lineage)	1614	cont5_disagreement_rate	0.387517	0.327415	0.452437				census of frame MAGs <1 Mbp; 913 family clusters
S1_small_census	family	lineage_reduction	>+0.25 (larger than lineage)	1614	floor_rate	0	0	0				census of frame MAGs <1 Mbp; 913 family clusters
S1_small_census	family	lineage_reduction	>+0.25 (larger than lineage)	1614	floor_rate_exact50	0	0	0				census of frame MAGs <1 Mbp; 913 family clusters
S1_small_census	family	lineage_reduction	>+0.25 (larger than lineage)	1614	mean_d_comp	-5.32136	-6.9383	-3.71072				census of frame MAGs <1 Mbp; 913 family clusters
S1_small_census	family	lineage_reduction	>+0.25 (larger than lineage)	1614	mean_d_cont	5.14865	4.04077	6.3144				census of frame MAGs <1 Mbp; 913 family clusters
S1_small_census	family	lineage_reduction	>+0.25 (larger than lineage)	1614	mean_comp_checkm2	89.8778	88.9988	90.7547				census of frame MAGs <1 Mbp; 913 family clusters
S1_small_census	family	lineage_reduction	>+0.25 (larger than lineage)	1614	mean_comp_magicc	84.5564	82.8606	86.2487				census of frame MAGs <1 Mbp; 913 family clusters
S1_small_census	family	lineage_reduction	>+0.25 (larger than lineage)	1614	mean_cont_checkm2	1.78682	1.61008	1.96896				census of frame MAGs <1 Mbp; 913 family clusters
S1_small_census	family	lineage_reduction	>+0.25 (larger than lineage)	1614	mean_cont_magicc	6.93547	5.8092	8.14636				census of frame MAGs <1 Mbp; 913 family clusters
S1_small_census	family	lineage_reduction	>+0.25 (larger than lineage)	1614	cell_HQ_to_HQ	0.237299	0.190897	0.280847				census of frame MAGs <1 Mbp; 913 family clusters
S1_small_census	family	lineage_reduction	>+0.25 (larger than lineage)	1614	cell_HQ_to_MQ	0.223668	0.185428	0.265371				census of frame MAGs <1 Mbp; 913 family clusters
S1_small_census	family	lineage_reduction	>+0.25 (larger than lineage)	1614	cell_HQ_to_LQ	0.121437	0.086392	0.160679				census of frame MAGs <1 Mbp; 913 family clusters
S1_small_census	family	lineage_reduction	>+0.25 (larger than lineage)	1614	cell_MQ_to_HQ	0.0743494	0.0550169	0.0947565				census of frame MAGs <1 Mbp; 913 family clusters
S1_small_census	family	lineage_reduction	>+0.25 (larger than lineage)	1614	cell_MQ_to_MQ	0.211276	0.176293	0.248463				census of frame MAGs <1 Mbp; 913 family clusters
S1_small_census	family	lineage_reduction	>+0.25 (larger than lineage)	1614	cell_MQ_to_LQ	0.13197	0.101333	0.166792				census of frame MAGs <1 Mbp; 913 family clusters
S1_small_census	family	lineage_reduction	>+0.25 (larger than lineage)	1614	cell_LQ_to_HQ	0	0	0				census of frame MAGs <1 Mbp; 913 family clusters
S1_small_census	family	lineage_reduction	>+0.25 (larger than lineage)	1614	cell_LQ_to_MQ	0	0	0				census of frame MAGs <1 Mbp; 913 family clusters
S1_small_census	family	lineage_reduction	>+0.25 (larger than lineage)	1614	cell_LQ_to_LQ	0	0	0				census of frame MAGs <1 Mbp; 913 family clusters
S1_small_census	family	lineage_reduction	>+0.25 (larger than lineage)	1614	slope_d_comp_per_log10Mbp	48.7698	13.2595	83.0261				census of frame MAGs <1 Mbp; 913 family clusters
S1_small_census	family	lineage_reduction	>+0.25 (larger than lineage)	1614	slope_d_cont_per_log10Mbp	44.144	16.1513	74.6046				census of frame MAGs <1 Mbp; 913 family clusters
S1_small_census	family	phylum	Actinobacteriota	895	p_class_change	0.0636872	0.00120766	0.271424				census of frame MAGs <1 Mbp; 913 family clusters
S1_small_census	family	phylum	Actinobacteriota	895	p_downgrade	0.0636872	0.00120766	0.271424				census of frame MAGs <1 Mbp; 913 family clusters
S1_small_census	family	phylum	Actinobacteriota	895	p_upgrade	0	0	0				census of frame MAGs <1 Mbp; 913 family clusters
S1_small_census	family	phylum	Actinobacteriota	895	p_HQ_checkm2	0	0	0				census of frame MAGs <1 Mbp; 913 family clusters
S1_small_census	family	phylum	Actinobacteriota	895	p_HQ_magicc	0	0	0				census of frame MAGs <1 Mbp; 913 family clusters
S1_small_census	family	phylum	Actinobacteriota	895	HQ_downgrade_rate	nan	nan	nan				census of frame MAGs <1 Mbp; 913 family clusters
S1_small_census	family	phylum	Actinobacteriota	895	HQ_to_MQ_rate	nan	nan	nan				census of frame MAGs <1 Mbp; 913 family clusters
S1_small_census	family	phylum	Actinobacteriota	895	HQ_to_LQ_rate	nan	nan	nan				census of frame MAGs <1 Mbp; 913 family clusters
S1_small_census	family	phylum	Actinobacteriota	895	MQ_to_HQ_rate	0	0	0				census of frame MAGs <1 Mbp; 913 family clusters
S1_small_census	family	phylum	Actinobacteriota	895	MQ_to_LQ_rate	0.0636872	0.00120766	0.271424				census of frame MAGs <1 Mbp; 913 family clusters
S1_small_census	family	phylum	Actinobacteriota	895	LQ_to_higher_rate	nan	nan	nan				census of frame MAGs <1 Mbp; 913 family clusters
S1_small_census	family	phylum	Actinobacteriota	895	cont5_disagreement_rate	0.0785071	0.0023922	0.296507				census of frame MAGs <1 Mbp; 913 family clusters
S1_small_census	family	phylum	Actinobacteriota	895	floor_rate	0.0312849	0.00785289	0.0881722				census of frame MAGs <1 Mbp; 913 family clusters
S1_small_census	family	phylum	Actinobacteriota	895	floor_rate_exact50	0	0	0				census of frame MAGs <1 Mbp; 913 family clusters
S1_small_census	family	phylum	Actinobacteriota	895	mean_d_comp	-2.9669	-6.18429	-0.668578				census of frame MAGs <1 Mbp; 913 family clusters
S1_small_census	family	phylum	Actinobacteriota	895	mean_d_cont	-0.349925	-2.53953	5.09372				census of frame MAGs <1 Mbp; 913 family clusters
S1_small_census	family	phylum	Actinobacteriota	895	mean_comp_checkm2	59.8408	55.4736	62.3753				census of frame MAGs <1 Mbp; 913 family clusters
S1_small_census	family	phylum	Actinobacteriota	895	mean_comp_magicc	56.8739	53.2985	59.599				census of frame MAGs <1 Mbp; 913 family clusters
S1_small_census	family	phylum	Actinobacteriota	895	mean_cont_checkm2	2.19286	0.953362	3.09935				census of frame MAGs <1 Mbp; 913 family clusters
S1_small_census	family	phylum	Actinobacteriota	895	mean_cont_magicc	1.84294	0.202235	7.07482				census of frame MAGs <1 Mbp; 913 family clusters
S1_small_census	family	phylum	Actinobacteriota	895	cell_HQ_to_HQ	0	0	0				census of frame MAGs <1 Mbp; 913 family clusters
S1_small_census	family	phylum	Actinobacteriota	895	cell_HQ_to_MQ	0	0	0				census of frame MAGs <1 Mbp; 913 family clusters
S1_small_census	family	phylum	Actinobacteriota	895	cell_HQ_to_LQ	0	0	0				census of frame MAGs <1 Mbp; 913 family clusters
S1_small_census	family	phylum	Actinobacteriota	895	cell_MQ_to_HQ	0	0	0				census of frame MAGs <1 Mbp; 913 family clusters
S1_small_census	family	phylum	Actinobacteriota	895	cell_MQ_to_MQ	0.936313	0.728576	0.998792				census of frame MAGs <1 Mbp; 913 family clusters
S1_small_census	family	phylum	Actinobacteriota	895	cell_MQ_to_LQ	0.0636872	0.00120766	0.271424				census of frame MAGs <1 Mbp; 913 family clusters
S1_small_census	family	phylum	Actinobacteriota	895	cell_LQ_to_HQ	0	0	0				census of frame MAGs <1 Mbp; 913 family clusters
S1_small_census	family	phylum	Actinobacteriota	895	cell_LQ_to_MQ	0	0	0				census of frame MAGs <1 Mbp; 913 family clusters
S1_small_census	family	phylum	Actinobacteriota	895	cell_LQ_to_LQ	0	0	0				census of frame MAGs <1 Mbp; 913 family clusters
S1_small_census	family	phylum	Actinobacteriota	895	slope_d_comp_per_log10Mbp	-9.62803	-36.2921	15.364				census of frame MAGs <1 Mbp; 913 family clusters
S1_small_census	family	phylum	Actinobacteriota	895	slope_d_cont_per_log10Mbp	-4.41706	-26.6832	4.99566				census of frame MAGs <1 Mbp; 913 family clusters
S1_small_census	family	phylum	Bacteroidota	230	p_class_change	0.026087	0.00430505	0.0600038				census of frame MAGs <1 Mbp; 913 family clusters
S1_small_census	family	phylum	Bacteroidota	230	p_downgrade	0.026087	0.00430505	0.0600038				census of frame MAGs <1 Mbp; 913 family clusters
S1_small_census	family	phylum	Bacteroidota	230	p_upgrade	0	0	0				census of frame MAGs <1 Mbp; 913 family clusters
S1_small_census	family	phylum	Bacteroidota	230	p_HQ_checkm2	0.0173913	0	0.0621127				census of frame MAGs <1 Mbp; 913 family clusters
S1_small_census	family	phylum	Bacteroidota	230	p_HQ_magicc	0.00869565	0	0.0357223				census of frame MAGs <1 Mbp; 913 family clusters
S1_small_census	family	phylum	Bacteroidota	230	HQ_downgrade_rate	0.5	0.333333	1				census of frame MAGs <1 Mbp; 913 family clusters
S1_small_census	family	phylum	Bacteroidota	230	HQ_to_MQ_rate	0.5	0.333333	1				census of frame MAGs <1 Mbp; 913 family clusters
S1_small_census	family	phylum	Bacteroidota	230	HQ_to_LQ_rate	0	0	0				census of frame MAGs <1 Mbp; 913 family clusters
S1_small_census	family	phylum	Bacteroidota	230	MQ_to_HQ_rate	0	0	0				census of frame MAGs <1 Mbp; 913 family clusters
S1_small_census	family	phylum	Bacteroidota	230	MQ_to_LQ_rate	0.0176991	0	0.0468796				census of frame MAGs <1 Mbp; 913 family clusters
S1_small_census	family	phylum	Bacteroidota	230	LQ_to_higher_rate	nan	nan	nan				census of frame MAGs <1 Mbp; 913 family clusters
S1_small_census	family	phylum	Bacteroidota	230	cont5_disagreement_rate	0.0319635	0	0.087841				census of frame MAGs <1 Mbp; 913 family clusters
S1_small_census	family	phylum	Bacteroidota	230	floor_rate	0.104348	0.0450407	0.179642				census of frame MAGs <1 Mbp; 913 family clusters
S1_small_census	family	phylum	Bacteroidota	230	floor_rate_exact50	0	0	0				census of frame MAGs <1 Mbp; 913 family clusters
S1_small_census	family	phylum	Bacteroidota	230	mean_d_comp	-3.99734	-6.87811	-2.16716				census of frame MAGs <1 Mbp; 913 family clusters
S1_small_census	family	phylum	Bacteroidota	230	mean_d_cont	-0.342554	-0.901502	0.254602				census of frame MAGs <1 Mbp; 913 family clusters
S1_small_census	family	phylum	Bacteroidota	230	mean_comp_checkm2	57.4863	55.6092	61.1891				census of frame MAGs <1 Mbp; 913 family clusters
S1_small_census	family	phylum	Bacteroidota	230	mean_comp_magicc	53.4889	52.1847	55.7633				census of frame MAGs <1 Mbp; 913 family clusters
S1_small_census	family	phylum	Bacteroidota	230	mean_cont_checkm2	1.14452	0.723969	1.62633				census of frame MAGs <1 Mbp; 913 family clusters
S1_small_census	family	phylum	Bacteroidota	230	mean_cont_magicc	0.801968	0.268624	1.48671				census of frame MAGs <1 Mbp; 913 family clusters
S1_small_census	family	phylum	Bacteroidota	230	cell_HQ_to_HQ	0.00869565	0	0.0357223				census of frame MAGs <1 Mbp; 913 family clusters
S1_small_census	family	phylum	Bacteroidota	230	cell_HQ_to_MQ	0.00869565	0	0.0295887				census of frame MAGs <1 Mbp; 913 family clusters
S1_small_census	family	phylum	Bacteroidota	230	cell_HQ_to_LQ	0	0	0				census of frame MAGs <1 Mbp; 913 family clusters
S1_small_census	family	phylum	Bacteroidota	230	cell_MQ_to_HQ	0	0	0				census of frame MAGs <1 Mbp; 913 family clusters
S1_small_census	family	phylum	Bacteroidota	230	cell_MQ_to_MQ	0.965217	0.914613	0.994767				census of frame MAGs <1 Mbp; 913 family clusters
S1_small_census	family	phylum	Bacteroidota	230	cell_MQ_to_LQ	0.0173913	0	0.0456459				census of frame MAGs <1 Mbp; 913 family clusters
S1_small_census	family	phylum	Bacteroidota	230	cell_LQ_to_HQ	0	0	0				census of frame MAGs <1 Mbp; 913 family clusters
S1_small_census	family	phylum	Bacteroidota	230	cell_LQ_to_MQ	0	0	0				census of frame MAGs <1 Mbp; 913 family clusters
S1_small_census	family	phylum	Bacteroidota	230	cell_LQ_to_LQ	0	0	0				census of frame MAGs <1 Mbp; 913 family clusters
S1_small_census	family	phylum	Bacteroidota	230	slope_d_comp_per_log10Mbp	41.6078	0.630032	65.0501				census of frame MAGs <1 Mbp; 913 family clusters
S1_small_census	family	phylum	Bacteroidota	230	slope_d_cont_per_log10Mbp	-1.01792	-5.58509	4.20872				census of frame MAGs <1 Mbp; 913 family clusters
S1_small_census	family	phylum	Firmicutes	1859	p_class_change	0.0602474	0.0165034	0.108414				census of frame MAGs <1 Mbp; 913 family clusters
S1_small_census	family	phylum	Firmicutes	1859	p_downgrade	0.0597095	0.016	0.107459				census of frame MAGs <1 Mbp; 913 family clusters
S1_small_census	family	phylum	Firmicutes	1859	p_upgrade	0.000537924	0	0.00302184				census of frame MAGs <1 Mbp; 913 family clusters
S1_small_census	family	phylum	Firmicutes	1859	p_HQ_checkm2	0.041958	0.0102222	0.0728309				census of frame MAGs <1 Mbp; 913 family clusters
S1_small_census	family	phylum	Firmicutes	1859	p_HQ_magicc	0.00753093	0	0.0177497				census of frame MAGs <1 Mbp; 913 family clusters
S1_small_census	family	phylum	Firmicutes	1859	HQ_downgrade_rate	0.833333	0.666667	1				census of frame MAGs <1 Mbp; 913 family clusters
S1_small_census	family	phylum	Firmicutes	1859	HQ_to_MQ_rate	0.717949	0.4	0.842308				census of frame MAGs <1 Mbp; 913 family clusters
S1_small_census	family	phylum	Firmicutes	1859	HQ_to_LQ_rate	0.115385	0	0.48				census of frame MAGs <1 Mbp; 913 family clusters
S1_small_census	family	phylum	Firmicutes	1859	MQ_to_HQ_rate	0.000561482	0	0.00329002				census of frame MAGs <1 Mbp; 913 family clusters
S1_small_census	family	phylum	Firmicutes	1859	MQ_to_LQ_rate	0.0258282	0.00518097	0.0540111				census of frame MAGs <1 Mbp; 913 family clusters
S1_small_census	family	phylum	Firmicutes	1859	LQ_to_higher_rate	nan	nan	nan				census of frame MAGs <1 Mbp; 913 family clusters
S1_small_census	family	phylum	Firmicutes	1859	cont5_disagreement_rate	0.0577558	0.00964874	0.111444				census of frame MAGs <1 Mbp; 913 family clusters
S1_small_census	family	phylum	Firmicutes	1859	floor_rate	0.0505648	0.0283585	0.07641				census of frame MAGs <1 Mbp; 913 family clusters
S1_small_census	family	phylum	Firmicutes	1859	floor_rate_exact50	0	0	0				census of frame MAGs <1 Mbp; 913 family clusters
S1_small_census	family	phylum	Firmicutes	1859	mean_d_comp	-7.33673	-11.1117	-2.83398				census of frame MAGs <1 Mbp; 913 family clusters
S1_small_census	family	phylum	Firmicutes	1859	mean_d_cont	0.326868	-0.23821	1.24879				census of frame MAGs <1 Mbp; 913 family clusters
S1_small_census	family	phylum	Firmicutes	1859	mean_comp_checkm2	64.1491	57.0245	69.9492				census of frame MAGs <1 Mbp; 913 family clusters
S1_small_census	family	phylum	Firmicutes	1859	mean_comp_magicc	56.8124	54.057	59.7165				census of frame MAGs <1 Mbp; 913 family clusters
S1_small_census	family	phylum	Firmicutes	1859	mean_cont_checkm2	0.859026	0.529966	1.0979				census of frame MAGs <1 Mbp; 913 family clusters
S1_small_census	family	phylum	Firmicutes	1859	mean_cont_magicc	1.18589	0.354271	2.14493				census of frame MAGs <1 Mbp; 913 family clusters
S1_small_census	family	phylum	Firmicutes	1859	cell_HQ_to_HQ	0.00699301	0	0.0152683				census of frame MAGs <1 Mbp; 913 family clusters
S1_small_census	family	phylum	Firmicutes	1859	cell_HQ_to_MQ	0.0301237	0.00597336	0.0509517				census of frame MAGs <1 Mbp; 913 family clusters
S1_small_census	family	phylum	Firmicutes	1859	cell_HQ_to_LQ	0.00484131	0	0.0192974				census of frame MAGs <1 Mbp; 913 family clusters
S1_small_census	family	phylum	Firmicutes	1859	cell_MQ_to_HQ	0.000537924	0	0.00302184				census of frame MAGs <1 Mbp; 913 family clusters
S1_small_census	family	phylum	Firmicutes	1859	cell_MQ_to_MQ	0.93276	0.880302	0.981424				census of frame MAGs <1 Mbp; 913 family clusters
S1_small_census	family	phylum	Firmicutes	1859	cell_MQ_to_LQ	0.0247445	0.00511822	0.0508496				census of frame MAGs <1 Mbp; 913 family clusters
S1_small_census	family	phylum	Firmicutes	1859	cell_LQ_to_HQ	0	0	0				census of frame MAGs <1 Mbp; 913 family clusters
S1_small_census	family	phylum	Firmicutes	1859	cell_LQ_to_MQ	0	0	0				census of frame MAGs <1 Mbp; 913 family clusters
S1_small_census	family	phylum	Firmicutes	1859	cell_LQ_to_LQ	0	0	0				census of frame MAGs <1 Mbp; 913 family clusters
S1_small_census	family	phylum	Firmicutes	1859	slope_d_comp_per_log10Mbp	8.28692	-13.3798	23.4571				census of frame MAGs <1 Mbp; 913 family clusters
S1_small_census	family	phylum	Firmicutes	1859	slope_d_cont_per_log10Mbp	-0.345606	-3.50739	3.76286				census of frame MAGs <1 Mbp; 913 family clusters
S1_small_census	family	phylum	Firmicutes_A	2446	p_class_change	0.0331153	0.00255723	0.0724329				census of frame MAGs <1 Mbp; 913 family clusters
S1_small_census	family	phylum	Firmicutes_A	2446	p_downgrade	0.0298446	0.00255723	0.0614132				census of frame MAGs <1 Mbp; 913 family clusters
S1_small_census	family	phylum	Firmicutes_A	2446	p_upgrade	0.00327065	0	0.0109799				census of frame MAGs <1 Mbp; 913 family clusters
S1_small_census	family	phylum	Firmicutes_A	2446	p_HQ_checkm2	0.0474244	0	0.137059				census of frame MAGs <1 Mbp; 913 family clusters
S1_small_census	family	phylum	Firmicutes_A	2446	p_HQ_magicc	0.029027	0	0.0974463				census of frame MAGs <1 Mbp; 913 family clusters
S1_small_census	family	phylum	Firmicutes_A	2446	HQ_downgrade_rate	0.456897	0.34375	1				census of frame MAGs <1 Mbp; 913 family clusters
S1_small_census	family	phylum	Firmicutes_A	2446	HQ_to_MQ_rate	0.439655	0.34375	1				census of frame MAGs <1 Mbp; 913 family clusters
S1_small_census	family	phylum	Firmicutes_A	2446	HQ_to_LQ_rate	0.0172414	0	0.5				census of frame MAGs <1 Mbp; 913 family clusters
S1_small_census	family	phylum	Firmicutes_A	2446	MQ_to_HQ_rate	0.00343348	0	0.0127099				census of frame MAGs <1 Mbp; 913 family clusters
S1_small_census	family	phylum	Firmicutes_A	2446	MQ_to_LQ_rate	0.00858369	0.00107703	0.0138818				census of frame MAGs <1 Mbp; 913 family clusters
S1_small_census	family	phylum	Firmicutes_A	2446	LQ_to_higher_rate	nan	nan	nan				census of frame MAGs <1 Mbp; 913 family clusters
S1_small_census	family	phylum	Firmicutes_A	2446	cont5_disagreement_rate	0.0158333	0.00387536	0.0245971				census of frame MAGs <1 Mbp; 913 family clusters
S1_small_census	family	phylum	Firmicutes_A	2446	floor_rate	0.174571	0.0406498	0.302905				census of frame MAGs <1 Mbp; 913 family clusters
S1_small_census	family	phylum	Firmicutes_A	2446	floor_rate_exact50	0	0	0				census of frame MAGs <1 Mbp; 913 family clusters
S1_small_census	family	phylum	Firmicutes_A	2446	mean_d_comp	-5.77683	-7.20071	-3.89205				census of frame MAGs <1 Mbp; 913 family clusters
S1_small_census	family	phylum	Firmicutes_A	2446	mean_d_cont	-0.286414	-0.738929	0.0341272				census of frame MAGs <1 Mbp; 913 family clusters
S1_small_census	family	phylum	Firmicutes_A	2446	mean_comp_checkm2	62.0066	57.4803	68.397				census of frame MAGs <1 Mbp; 913 family clusters
S1_small_census	family	phylum	Firmicutes_A	2446	mean_comp_magicc	56.2298	52.0313	63.2427				census of frame MAGs <1 Mbp; 913 family clusters
S1_small_census	family	phylum	Firmicutes_A	2446	mean_cont_checkm2	0.772535	0.489387	1.11137				census of frame MAGs <1 Mbp; 913 family clusters
S1_small_census	family	phylum	Firmicutes_A	2446	mean_cont_magicc	0.486121	0.189952	0.693201				census of frame MAGs <1 Mbp; 913 family clusters
S1_small_census	family	phylum	Firmicutes_A	2446	cell_HQ_to_HQ	0.0257563	0	0.0864665				census of frame MAGs <1 Mbp; 913 family clusters
S1_small_census	family	phylum	Firmicutes_A	2446	cell_HQ_to_MQ	0.0208504	0	0.0518065				census of frame MAGs <1 Mbp; 913 family clusters
S1_small_census	family	phylum	Firmicutes_A	2446	cell_HQ_to_LQ	0.000817661	0	0.00178217				census of frame MAGs <1 Mbp; 913 family clusters
S1_small_census	family	phylum	Firmicutes_A	2446	cell_MQ_to_HQ	0.00327065	0	0.0109799				census of frame MAGs <1 Mbp; 913 family clusters
S1_small_census	family	phylum	Firmicutes_A	2446	cell_MQ_to_MQ	0.941128	0.841739	0.997443				census of frame MAGs <1 Mbp; 913 family clusters
S1_small_census	family	phylum	Firmicutes_A	2446	cell_MQ_to_LQ	0.00817661	0.00105859	0.0130959				census of frame MAGs <1 Mbp; 913 family clusters
S1_small_census	family	phylum	Firmicutes_A	2446	cell_LQ_to_HQ	0	0	0				census of frame MAGs <1 Mbp; 913 family clusters
S1_small_census	family	phylum	Firmicutes_A	2446	cell_LQ_to_MQ	0	0	0				census of frame MAGs <1 Mbp; 913 family clusters
S1_small_census	family	phylum	Firmicutes_A	2446	cell_LQ_to_LQ	0	0	0				census of frame MAGs <1 Mbp; 913 family clusters
S1_small_census	family	phylum	Firmicutes_A	2446	slope_d_comp_per_log10Mbp	2.81791	-3.34757	12.1513				census of frame MAGs <1 Mbp; 913 family clusters
S1_small_census	family	phylum	Firmicutes_A	2446	slope_d_cont_per_log10Mbp	-0.549581	-2.51913	1.57618				census of frame MAGs <1 Mbp; 913 family clusters
S1_small_census	family	phylum	Firmicutes_C	405	p_class_change	0	0	0				census of frame MAGs <1 Mbp; 913 family clusters
S1_small_census	family	phylum	Firmicutes_C	405	p_downgrade	0	0	0				census of frame MAGs <1 Mbp; 913 family clusters
S1_small_census	family	phylum	Firmicutes_C	405	p_upgrade	0	0	0				census of frame MAGs <1 Mbp; 913 family clusters
S1_small_census	family	phylum	Firmicutes_C	405	p_HQ_checkm2	0	0	0				census of frame MAGs <1 Mbp; 913 family clusters
S1_small_census	family	phylum	Firmicutes_C	405	p_HQ_magicc	0	0	0				census of frame MAGs <1 Mbp; 913 family clusters
S1_small_census	family	phylum	Firmicutes_C	405	HQ_downgrade_rate	nan	nan	nan				census of frame MAGs <1 Mbp; 913 family clusters
S1_small_census	family	phylum	Firmicutes_C	405	HQ_to_MQ_rate	nan	nan	nan				census of frame MAGs <1 Mbp; 913 family clusters
S1_small_census	family	phylum	Firmicutes_C	405	HQ_to_LQ_rate	nan	nan	nan				census of frame MAGs <1 Mbp; 913 family clusters
S1_small_census	family	phylum	Firmicutes_C	405	MQ_to_HQ_rate	0	0	0				census of frame MAGs <1 Mbp; 913 family clusters
S1_small_census	family	phylum	Firmicutes_C	405	MQ_to_LQ_rate	0	0	0				census of frame MAGs <1 Mbp; 913 family clusters
S1_small_census	family	phylum	Firmicutes_C	405	LQ_to_higher_rate	nan	nan	nan				census of frame MAGs <1 Mbp; 913 family clusters
S1_small_census	family	phylum	Firmicutes_C	405	cont5_disagreement_rate	0	0	0				census of frame MAGs <1 Mbp; 913 family clusters
S1_small_census	family	phylum	Firmicutes_C	405	floor_rate	0.190123	0.0411146	0.236462				census of frame MAGs <1 Mbp; 913 family clusters
S1_small_census	family	phylum	Firmicutes_C	405	floor_rate_exact50	0	0	0				census of frame MAGs <1 Mbp; 913 family clusters
S1_small_census	family	phylum	Firmicutes_C	405	mean_d_comp	-5.03382	-6.38957	-0.477755				census of frame MAGs <1 Mbp; 913 family clusters
S1_small_census	family	phylum	Firmicutes_C	405	mean_d_cont	-0.280501	-0.51131	-0.208806				census of frame MAGs <1 Mbp; 913 family clusters
S1_small_census	family	phylum	Firmicutes_C	405	mean_comp_checkm2	57.4869	54.0026	60.1174				census of frame MAGs <1 Mbp; 913 family clusters
S1_small_census	family	phylum	Firmicutes_C	405	mean_comp_magicc	52.4531	51.6406	59.127				census of frame MAGs <1 Mbp; 913 family clusters
S1_small_census	family	phylum	Firmicutes_C	405	mean_cont_checkm2	0.329086	0.254747	0.576144				census of frame MAGs <1 Mbp; 913 family clusters
S1_small_census	family	phylum	Firmicutes_C	405	mean_cont_magicc	0.0485854	0.0308211	0.0679974				census of frame MAGs <1 Mbp; 913 family clusters
S1_small_census	family	phylum	Firmicutes_C	405	cell_HQ_to_HQ	0	0	0				census of frame MAGs <1 Mbp; 913 family clusters
S1_small_census	family	phylum	Firmicutes_C	405	cell_HQ_to_MQ	0	0	0				census of frame MAGs <1 Mbp; 913 family clusters
S1_small_census	family	phylum	Firmicutes_C	405	cell_HQ_to_LQ	0	0	0				census of frame MAGs <1 Mbp; 913 family clusters
S1_small_census	family	phylum	Firmicutes_C	405	cell_MQ_to_HQ	0	0	0				census of frame MAGs <1 Mbp; 913 family clusters
S1_small_census	family	phylum	Firmicutes_C	405	cell_MQ_to_MQ	1	1	1				census of frame MAGs <1 Mbp; 913 family clusters
S1_small_census	family	phylum	Firmicutes_C	405	cell_MQ_to_LQ	0	0	0				census of frame MAGs <1 Mbp; 913 family clusters
S1_small_census	family	phylum	Firmicutes_C	405	cell_LQ_to_HQ	0	0	0				census of frame MAGs <1 Mbp; 913 family clusters
S1_small_census	family	phylum	Firmicutes_C	405	cell_LQ_to_MQ	0	0	0				census of frame MAGs <1 Mbp; 913 family clusters
S1_small_census	family	phylum	Firmicutes_C	405	cell_LQ_to_LQ	0	0	0				census of frame MAGs <1 Mbp; 913 family clusters
S1_small_census	family	phylum	Firmicutes_C	405	slope_d_comp_per_log10Mbp	23.3664	1.07357	27.5265				census of frame MAGs <1 Mbp; 913 family clusters
S1_small_census	family	phylum	Firmicutes_C	405	slope_d_cont_per_log10Mbp	-0.802904	-3.52844	4.69876				census of frame MAGs <1 Mbp; 913 family clusters
S1_small_census	family	phylum	Nanoarchaeota	667	p_class_change	0.388306	0.330433	0.460466				census of frame MAGs <1 Mbp; 913 family clusters
S1_small_census	family	phylum	Nanoarchaeota	667	p_downgrade	0.383808	0.326756	0.45676				census of frame MAGs <1 Mbp; 913 family clusters
S1_small_census	family	phylum	Nanoarchaeota	667	p_upgrade	0.00449775	0	0.00970874				census of frame MAGs <1 Mbp; 913 family clusters
S1_small_census	family	phylum	Nanoarchaeota	667	p_HQ_checkm2	0.149925	0.108268	0.27869				census of frame MAGs <1 Mbp; 913 family clusters
S1_small_census	family	phylum	Nanoarchaeota	667	p_HQ_magicc	0.0089955	0	0.027364				census of frame MAGs <1 Mbp; 913 family clusters
S1_small_census	family	phylum	Nanoarchaeota	667	HQ_downgrade_rate	0.97	0.90625	1				census of frame MAGs <1 Mbp; 913 family clusters
S1_small_census	family	phylum	Nanoarchaeota	667	HQ_to_MQ_rate	0.65	0.519656	0.761194				census of frame MAGs <1 Mbp; 913 family clusters
S1_small_census	family	phylum	Nanoarchaeota	667	HQ_to_LQ_rate	0.32	0.220179	0.448732				census of frame MAGs <1 Mbp; 913 family clusters
S1_small_census	family	phylum	Nanoarchaeota	667	MQ_to_HQ_rate	0.00529101	0	0.0119815				census of frame MAGs <1 Mbp; 913 family clusters
S1_small_census	family	phylum	Nanoarchaeota	667	MQ_to_LQ_rate	0.280423	0.17037	0.32657				census of frame MAGs <1 Mbp; 913 family clusters
S1_small_census	family	phylum	Nanoarchaeota	667	LQ_to_higher_rate	nan	nan	nan				census of frame MAGs <1 Mbp; 913 family clusters
S1_small_census	family	phylum	Nanoarchaeota	667	cont5_disagreement_rate	0.473016	0.302876	0.536066				census of frame MAGs <1 Mbp; 913 family clusters
S1_small_census	family	phylum	Nanoarchaeota	667	floor_rate	0.0674663	0.033199	0.181846				census of frame MAGs <1 Mbp; 913 family clusters
S1_small_census	family	phylum	Nanoarchaeota	667	floor_rate_exact50	0	0	0				census of frame MAGs <1 Mbp; 913 family clusters
S1_small_census	family	phylum	Nanoarchaeota	667	mean_d_comp	-16.5045	-18.9104	-15.3445				census of frame MAGs <1 Mbp; 913 family clusters
S1_small_census	family	phylum	Nanoarchaeota	667	mean_d_cont	6.47061	4.42709	7.66703				census of frame MAGs <1 Mbp; 913 family clusters
S1_small_census	family	phylum	Nanoarchaeota	667	mean_comp_checkm2	77.9485	76.2394	80.2055				census of frame MAGs <1 Mbp; 913 family clusters
S1_small_census	family	phylum	Nanoarchaeota	667	mean_comp_magicc	61.444	58.6336	63.1218				census of frame MAGs <1 Mbp; 913 family clusters
S1_small_census	family	phylum	Nanoarchaeota	667	mean_cont_checkm2	1.35337	1.0665	1.48527				census of frame MAGs <1 Mbp; 913 family clusters
S1_small_census	family	phylum	Nanoarchaeota	667	mean_cont_magicc	7.82399	5.66631	9.02669				census of frame MAGs <1 Mbp; 913 family clusters
S1_small_census	family	phylum	Nanoarchaeota	667	cell_HQ_to_HQ	0.00449775	0	0.0241935				census of frame MAGs <1 Mbp; 913 family clusters
S1_small_census	family	phylum	Nanoarchaeota	667	cell_HQ_to_MQ	0.0974513	0.0698149	0.182901				census of frame MAGs <1 Mbp; 913 family clusters
S1_small_census	family	phylum	Nanoarchaeota	667	cell_HQ_to_LQ	0.047976	0.0313637	0.0969126				census of frame MAGs <1 Mbp; 913 family clusters
S1_small_census	family	phylum	Nanoarchaeota	667	cell_MQ_to_HQ	0.00449775	0	0.00970874				census of frame MAGs <1 Mbp; 913 family clusters
S1_small_census	family	phylum	Nanoarchaeota	667	cell_MQ_to_MQ	0.607196	0.525422	0.665674				census of frame MAGs <1 Mbp; 913 family clusters
S1_small_census	family	phylum	Nanoarchaeota	667	cell_MQ_to_LQ	0.238381	0.131028	0.280906				census of frame MAGs <1 Mbp; 913 family clusters
S1_small_census	family	phylum	Nanoarchaeota	667	cell_LQ_to_HQ	0	0	0				census of frame MAGs <1 Mbp; 913 family clusters
S1_small_census	family	phylum	Nanoarchaeota	667	cell_LQ_to_MQ	0	0	0				census of frame MAGs <1 Mbp; 913 family clusters
S1_small_census	family	phylum	Nanoarchaeota	667	cell_LQ_to_LQ	0	0	0				census of frame MAGs <1 Mbp; 913 family clusters
S1_small_census	family	phylum	Nanoarchaeota	667	slope_d_comp_per_log10Mbp	14.9025	-4.59758	25.0506				census of frame MAGs <1 Mbp; 913 family clusters
S1_small_census	family	phylum	Nanoarchaeota	667	slope_d_cont_per_log10Mbp	30.7178	18.165	38.5842				census of frame MAGs <1 Mbp; 913 family clusters
S1_small_census	family	phylum	Patescibacteria	7318	p_class_change	0.329052	0.300958	0.359446				census of frame MAGs <1 Mbp; 913 family clusters
S1_small_census	family	phylum	Patescibacteria	7318	p_downgrade	0.298442	0.267726	0.331621				census of frame MAGs <1 Mbp; 913 family clusters
S1_small_census	family	phylum	Patescibacteria	7318	p_upgrade	0.0306095	0.0249395	0.0365234				census of frame MAGs <1 Mbp; 913 family clusters
S1_small_census	family	phylum	Patescibacteria	7318	p_HQ_checkm2	0.347636	0.322272	0.373584				census of frame MAGs <1 Mbp; 913 family clusters
S1_small_census	family	phylum	Patescibacteria	7318	p_HQ_magicc	0.138289	0.113442	0.161765				census of frame MAGs <1 Mbp; 913 family clusters
S1_small_census	family	phylum	Patescibacteria	7318	HQ_downgrade_rate	0.689858	0.636954	0.745493				census of frame MAGs <1 Mbp; 913 family clusters
S1_small_census	family	phylum	Patescibacteria	7318	HQ_to_MQ_rate	0.556997	0.508719	0.610849				census of frame MAGs <1 Mbp; 913 family clusters
S1_small_census	family	phylum	Patescibacteria	7318	HQ_to_LQ_rate	0.132862	0.101055	0.166745				census of frame MAGs <1 Mbp; 913 family clusters
S1_small_census	family	phylum	Patescibacteria	7318	MQ_to_HQ_rate	0.0467211	0.0381428	0.0557261				census of frame MAGs <1 Mbp; 913 family clusters
S1_small_census	family	phylum	Patescibacteria	7318	MQ_to_LQ_rate	0.0898806	0.0725467	0.110354				census of frame MAGs <1 Mbp; 913 family clusters
S1_small_census	family	phylum	Patescibacteria	7318	LQ_to_higher_rate	1	1	1				census of frame MAGs <1 Mbp; 913 family clusters
S1_small_census	family	phylum	Patescibacteria	7318	cont5_disagreement_rate	0.206668	0.172139	0.24515				census of frame MAGs <1 Mbp; 913 family clusters
S1_small_census	family	phylum	Patescibacteria	7318	floor_rate	0.0327958	0.0251437	0.0421734				census of frame MAGs <1 Mbp; 913 family clusters
S1_small_census	family	phylum	Patescibacteria	7318	floor_rate_exact50	0	0	0				census of frame MAGs <1 Mbp; 913 family clusters
S1_small_census	family	phylum	Patescibacteria	7318	mean_d_comp	-10.2005	-11.5048	-8.99091				census of frame MAGs <1 Mbp; 913 family clusters
S1_small_census	family	phylum	Patescibacteria	7318	mean_d_cont	1.87664	1.40591	2.38812				census of frame MAGs <1 Mbp; 913 family clusters
S1_small_census	family	phylum	Patescibacteria	7318	mean_comp_checkm2	81.5483	80.8776	82.2713				census of frame MAGs <1 Mbp; 913 family clusters
S1_small_census	family	phylum	Patescibacteria	7318	mean_comp_magicc	71.3478	69.9608	72.6793				census of frame MAGs <1 Mbp; 913 family clusters
S1_small_census	family	phylum	Patescibacteria	7318	mean_cont_checkm2	1.56167	1.45198	1.68087				census of frame MAGs <1 Mbp; 913 family clusters
S1_small_census	family	phylum	Patescibacteria	7318	mean_cont_magicc	3.43831	2.94517	3.97514				census of frame MAGs <1 Mbp; 913 family clusters
S1_small_census	family	phylum	Patescibacteria	7318	cell_HQ_to_HQ	0.107816	0.0862334	0.127665				census of frame MAGs <1 Mbp; 913 family clusters
S1_small_census	family	phylum	Patescibacteria	7318	cell_HQ_to_MQ	0.193632	0.171214	0.218027				census of frame MAGs <1 Mbp; 913 family clusters
S1_small_census	family	phylum	Patescibacteria	7318	cell_HQ_to_LQ	0.0461875	0.0344773	0.0587595				census of frame MAGs <1 Mbp; 913 family clusters
S1_small_census	family	phylum	Patescibacteria	7318	cell_MQ_to_HQ	0.0304728	0.02474	0.0363608				census of frame MAGs <1 Mbp; 913 family clusters
S1_small_census	family	phylum	Patescibacteria	7318	cell_MQ_to_MQ	0.563132	0.534908	0.588804				census of frame MAGs <1 Mbp; 913 family clusters
S1_small_census	family	phylum	Patescibacteria	7318	cell_MQ_to_LQ	0.0586226	0.047254	0.0722019				census of frame MAGs <1 Mbp; 913 family clusters
S1_small_census	family	phylum	Patescibacteria	7318	cell_LQ_to_HQ	0	0	0				census of frame MAGs <1 Mbp; 913 family clusters
S1_small_census	family	phylum	Patescibacteria	7318	cell_LQ_to_MQ	0.000136649	0	0.000464119				census of frame MAGs <1 Mbp; 913 family clusters
S1_small_census	family	phylum	Patescibacteria	7318	cell_LQ_to_LQ	0	0	0				census of frame MAGs <1 Mbp; 913 family clusters
S1_small_census	family	phylum	Patescibacteria	7318	slope_d_comp_per_log10Mbp	19.9637	15.3974	24.2134				census of frame MAGs <1 Mbp; 913 family clusters
S1_small_census	family	phylum	Patescibacteria	7318	slope_d_cont_per_log10Mbp	11.0089	8.49983	13.6678				census of frame MAGs <1 Mbp; 913 family clusters
S1_small_census	family	phylum	Proteobacteria	1400	p_class_change	0.117143	0.0425638	0.199488				census of frame MAGs <1 Mbp; 913 family clusters
S1_small_census	family	phylum	Proteobacteria	1400	p_downgrade	0.0914286	0.0396317	0.142857				census of frame MAGs <1 Mbp; 913 family clusters
S1_small_census	family	phylum	Proteobacteria	1400	p_upgrade	0.0257143	0.000853683	0.0631742				census of frame MAGs <1 Mbp; 913 family clusters
S1_small_census	family	phylum	Proteobacteria	1400	p_HQ_checkm2	0.0892857	0.0104189	0.210065				census of frame MAGs <1 Mbp; 913 family clusters
S1_small_census	family	phylum	Proteobacteria	1400	p_HQ_magicc	0.0628571	0.00139339	0.162019				census of frame MAGs <1 Mbp; 913 family clusters
S1_small_census	family	phylum	Proteobacteria	1400	HQ_downgrade_rate	0.584	0.521739	1				census of frame MAGs <1 Mbp; 913 family clusters
S1_small_census	family	phylum	Proteobacteria	1400	HQ_to_MQ_rate	0.552	0.5	0.925992				census of frame MAGs <1 Mbp; 913 family clusters
S1_small_census	family	phylum	Proteobacteria	1400	HQ_to_LQ_rate	0.032	0	0.384722				census of frame MAGs <1 Mbp; 913 family clusters
S1_small_census	family	phylum	Proteobacteria	1400	MQ_to_HQ_rate	0.0282353	0.000863465	0.0799048				census of frame MAGs <1 Mbp; 913 family clusters
S1_small_census	family	phylum	Proteobacteria	1400	MQ_to_LQ_rate	0.0431373	0.0125073	0.0811328				census of frame MAGs <1 Mbp; 913 family clusters
S1_small_census	family	phylum	Proteobacteria	1400	LQ_to_higher_rate	nan	nan	nan				census of frame MAGs <1 Mbp; 913 family clusters
S1_small_census	family	phylum	Proteobacteria	1400	cont5_disagreement_rate	0.0855967	0.0242559	0.191422				census of frame MAGs <1 Mbp; 913 family clusters
S1_small_census	family	phylum	Proteobacteria	1400	floor_rate	0.0764286	0.0258033	0.164976				census of frame MAGs <1 Mbp; 913 family clusters
S1_small_census	family	phylum	Proteobacteria	1400	floor_rate_exact50	0	0	0				census of frame MAGs <1 Mbp; 913 family clusters
S1_small_census	family	phylum	Proteobacteria	1400	mean_d_comp	-4.15497	-6.61427	-2.64688				census of frame MAGs <1 Mbp; 913 family clusters
S1_small_census	family	phylum	Proteobacteria	1400	mean_d_cont	-0.212215	-0.857113	0.681687				census of frame MAGs <1 Mbp; 913 family clusters
S1_small_census	family	phylum	Proteobacteria	1400	mean_comp_checkm2	66.9676	61.3529	72.7187				census of frame MAGs <1 Mbp; 913 family clusters
S1_small_census	family	phylum	Proteobacteria	1400	mean_comp_magicc	62.8126	55.3394	69.8264				census of frame MAGs <1 Mbp; 913 family clusters
S1_small_census	family	phylum	Proteobacteria	1400	mean_cont_checkm2	1.96572	1.06155	2.94716				census of frame MAGs <1 Mbp; 913 family clusters
S1_small_census	family	phylum	Proteobacteria	1400	mean_cont_magicc	1.75351	0.614709	3.31688				census of frame MAGs <1 Mbp; 913 family clusters
S1_small_census	family	phylum	Proteobacteria	1400	cell_HQ_to_HQ	0.0371429	0	0.0981459				census of frame MAGs <1 Mbp; 913 family clusters
S1_small_census	family	phylum	Proteobacteria	1400	cell_HQ_to_MQ	0.0492857	0.00701955	0.11034				census of frame MAGs <1 Mbp; 913 family clusters
S1_small_census	family	phylum	Proteobacteria	1400	cell_HQ_to_LQ	0.00285714	0	0.00934579				census of frame MAGs <1 Mbp; 913 family clusters
S1_small_census	family	phylum	Proteobacteria	1400	cell_MQ_to_HQ	0.0257143	0.000853683	0.0631742				census of frame MAGs <1 Mbp; 913 family clusters
S1_small_census	family	phylum	Proteobacteria	1400	cell_MQ_to_MQ	0.845714	0.706959	0.956539				census of frame MAGs <1 Mbp; 913 family clusters
S1_small_census	family	phylum	Proteobacteria	1400	cell_MQ_to_LQ	0.0392857	0.0107311	0.0785074				census of frame MAGs <1 Mbp; 913 family clusters
S1_small_census	family	phylum	Proteobacteria	1400	cell_LQ_to_HQ	0	0	0				census of frame MAGs <1 Mbp; 913 family clusters
S1_small_census	family	phylum	Proteobacteria	1400	cell_LQ_to_MQ	0	0	0				census of frame MAGs <1 Mbp; 913 family clusters
S1_small_census	family	phylum	Proteobacteria	1400	cell_LQ_to_LQ	0	0	0				census of frame MAGs <1 Mbp; 913 family clusters
S1_small_census	family	phylum	Proteobacteria	1400	slope_d_comp_per_log10Mbp	7.94129	-2.75109	25.2259				census of frame MAGs <1 Mbp; 913 family clusters
S1_small_census	family	phylum	Proteobacteria	1400	slope_d_cont_per_log10Mbp	-1.97809	-5.77888	1.86606				census of frame MAGs <1 Mbp; 913 family clusters
S1_small_census	family	phylum	Thermoplasmatota	273	p_class_change	0.018315	0	0.0793651				census of frame MAGs <1 Mbp; 913 family clusters
S1_small_census	family	phylum	Thermoplasmatota	273	p_downgrade	0.018315	0	0.0793651				census of frame MAGs <1 Mbp; 913 family clusters
S1_small_census	family	phylum	Thermoplasmatota	273	p_upgrade	0	0	0				census of frame MAGs <1 Mbp; 913 family clusters
S1_small_census	family	phylum	Thermoplasmatota	273	p_HQ_checkm2	0	0	0				census of frame MAGs <1 Mbp; 913 family clusters
S1_small_census	family	phylum	Thermoplasmatota	273	p_HQ_magicc	0	0	0				census of frame MAGs <1 Mbp; 913 family clusters
S1_small_census	family	phylum	Thermoplasmatota	273	HQ_downgrade_rate	nan	nan	nan				census of frame MAGs <1 Mbp; 913 family clusters
S1_small_census	family	phylum	Thermoplasmatota	273	HQ_to_MQ_rate	nan	nan	nan				census of frame MAGs <1 Mbp; 913 family clusters
S1_small_census	family	phylum	Thermoplasmatota	273	HQ_to_LQ_rate	nan	nan	nan				census of frame MAGs <1 Mbp; 913 family clusters
S1_small_census	family	phylum	Thermoplasmatota	273	MQ_to_HQ_rate	0	0	0				census of frame MAGs <1 Mbp; 913 family clusters
S1_small_census	family	phylum	Thermoplasmatota	273	MQ_to_LQ_rate	0.018315	0	0.0793651				census of frame MAGs <1 Mbp; 913 family clusters
S1_small_census	family	phylum	Thermoplasmatota	273	LQ_to_higher_rate	nan	nan	nan				census of frame MAGs <1 Mbp; 913 family clusters
S1_small_census	family	phylum	Thermoplasmatota	273	cont5_disagreement_rate	0.0418251	0	0.150024				census of frame MAGs <1 Mbp; 913 family clusters
S1_small_census	family	phylum	Thermoplasmatota	273	floor_rate	0.249084	0.0735152	0.363636				census of frame MAGs <1 Mbp; 913 family clusters
S1_small_census	family	phylum	Thermoplasmatota	273	floor_rate_exact50	0	0	0				census of frame MAGs <1 Mbp; 913 family clusters
S1_small_census	family	phylum	Thermoplasmatota	273	mean_d_comp	-6.67661	-10.4073	-4.65141				census of frame MAGs <1 Mbp; 913 family clusters
S1_small_census	family	phylum	Thermoplasmatota	273	mean_d_cont	-0.39818	-0.95336	1.17707				census of frame MAGs <1 Mbp; 913 family clusters
S1_small_census	family	phylum	Thermoplasmatota	273	mean_comp_checkm2	59.5225	57.9313	62.3041				census of frame MAGs <1 Mbp; 913 family clusters
S1_small_census	family	phylum	Thermoplasmatota	273	mean_comp_magicc	52.8459	51.1785	55.997				census of frame MAGs <1 Mbp; 913 family clusters
S1_small_census	family	phylum	Thermoplasmatota	273	mean_cont_checkm2	1.1259	0.683893	1.30018				census of frame MAGs <1 Mbp; 913 family clusters
S1_small_census	family	phylum	Thermoplasmatota	273	mean_cont_magicc	0.727717	0.287854	1.9773				census of frame MAGs <1 Mbp; 913 family clusters
S1_small_census	family	phylum	Thermoplasmatota	273	cell_HQ_to_HQ	0	0	0				census of frame MAGs <1 Mbp; 913 family clusters
S1_small_census	family	phylum	Thermoplasmatota	273	cell_HQ_to_MQ	0	0	0				census of frame MAGs <1 Mbp; 913 family clusters
S1_small_census	family	phylum	Thermoplasmatota	273	cell_HQ_to_LQ	0	0	0				census of frame MAGs <1 Mbp; 913 family clusters
S1_small_census	family	phylum	Thermoplasmatota	273	cell_MQ_to_HQ	0	0	0				census of frame MAGs <1 Mbp; 913 family clusters
S1_small_census	family	phylum	Thermoplasmatota	273	cell_MQ_to_MQ	0.981685	0.920635	1				census of frame MAGs <1 Mbp; 913 family clusters
S1_small_census	family	phylum	Thermoplasmatota	273	cell_MQ_to_LQ	0.018315	0	0.0793651				census of frame MAGs <1 Mbp; 913 family clusters
S1_small_census	family	phylum	Thermoplasmatota	273	cell_LQ_to_HQ	0	0	0				census of frame MAGs <1 Mbp; 913 family clusters
S1_small_census	family	phylum	Thermoplasmatota	273	cell_LQ_to_MQ	0	0	0				census of frame MAGs <1 Mbp; 913 family clusters
S1_small_census	family	phylum	Thermoplasmatota	273	cell_LQ_to_LQ	0	0	0				census of frame MAGs <1 Mbp; 913 family clusters
S1_small_census	family	phylum	Thermoplasmatota	273	slope_d_comp_per_log10Mbp	-22.6882	-40.2754	-12.1824				census of frame MAGs <1 Mbp; 913 family clusters
S1_small_census	family	phylum	Thermoplasmatota	273	slope_d_cont_per_log10Mbp	-4.12787	-6.98628	0.529923				census of frame MAGs <1 Mbp; 913 family clusters
S1_small_census	family	phylum	Thermoproteota	335	p_class_change	0.0597015	0.0156551	0.152474				census of frame MAGs <1 Mbp; 913 family clusters
S1_small_census	family	phylum	Thermoproteota	335	p_downgrade	0.0597015	0.0156551	0.152474				census of frame MAGs <1 Mbp; 913 family clusters
S1_small_census	family	phylum	Thermoproteota	335	p_upgrade	0	0	0				census of frame MAGs <1 Mbp; 913 family clusters
S1_small_census	family	phylum	Thermoproteota	335	p_HQ_checkm2	0.00597015	0	0.0272109				census of frame MAGs <1 Mbp; 913 family clusters
S1_small_census	family	phylum	Thermoproteota	335	p_HQ_magicc	0	0	0				census of frame MAGs <1 Mbp; 913 family clusters
S1_small_census	family	phylum	Thermoproteota	335	HQ_downgrade_rate	1	1	1				census of frame MAGs <1 Mbp; 913 family clusters
S1_small_census	family	phylum	Thermoproteota	335	HQ_to_MQ_rate	1	1	1				census of frame MAGs <1 Mbp; 913 family clusters
S1_small_census	family	phylum	Thermoproteota	335	HQ_to_LQ_rate	0	0	0				census of frame MAGs <1 Mbp; 913 family clusters
S1_small_census	family	phylum	Thermoproteota	335	MQ_to_HQ_rate	0	0	0				census of frame MAGs <1 Mbp; 913 family clusters
S1_small_census	family	phylum	Thermoproteota	335	MQ_to_LQ_rate	0.0540541	0.0146158	0.136891				census of frame MAGs <1 Mbp; 913 family clusters
S1_small_census	family	phylum	Thermoproteota	335	LQ_to_higher_rate	nan	nan	nan				census of frame MAGs <1 Mbp; 913 family clusters
S1_small_census	family	phylum	Thermoproteota	335	cont5_disagreement_rate	0.0966667	0.0380418	0.201091				census of frame MAGs <1 Mbp; 913 family clusters
S1_small_census	family	phylum	Thermoproteota	335	floor_rate	0.164179	0.0776835	0.346502				census of frame MAGs <1 Mbp; 913 family clusters
S1_small_census	family	phylum	Thermoproteota	335	floor_rate_exact50	0	0	0				census of frame MAGs <1 Mbp; 913 family clusters
S1_small_census	family	phylum	Thermoproteota	335	mean_d_comp	-6.88025	-11.4412	-4.91827				census of frame MAGs <1 Mbp; 913 family clusters
S1_small_census	family	phylum	Thermoproteota	335	mean_d_cont	0.219212	-0.994568	2.5924				census of frame MAGs <1 Mbp; 913 family clusters
S1_small_census	family	phylum	Thermoproteota	335	mean_comp_checkm2	63.6323	59.7495	65.7691				census of frame MAGs <1 Mbp; 913 family clusters
S1_small_census	family	phylum	Thermoproteota	335	mean_comp_magicc	56.752	52.1272	59.8235				census of frame MAGs <1 Mbp; 913 family clusters
S1_small_census	family	phylum	Thermoproteota	335	mean_cont_checkm2	1.68179	0.777263	2.1498				census of frame MAGs <1 Mbp; 913 family clusters
S1_small_census	family	phylum	Thermoproteota	335	mean_cont_magicc	1.901	1.031	3.56859				census of frame MAGs <1 Mbp; 913 family clusters
S1_small_census	family	phylum	Thermoproteota	335	cell_HQ_to_HQ	0	0	0				census of frame MAGs <1 Mbp; 913 family clusters
S1_small_census	family	phylum	Thermoproteota	335	cell_HQ_to_MQ	0.00597015	0	0.0272109				census of frame MAGs <1 Mbp; 913 family clusters
S1_small_census	family	phylum	Thermoproteota	335	cell_HQ_to_LQ	0	0	0				census of frame MAGs <1 Mbp; 913 family clusters
S1_small_census	family	phylum	Thermoproteota	335	cell_MQ_to_HQ	0	0	0				census of frame MAGs <1 Mbp; 913 family clusters
S1_small_census	family	phylum	Thermoproteota	335	cell_MQ_to_MQ	0.940299	0.847526	0.984345				census of frame MAGs <1 Mbp; 913 family clusters
S1_small_census	family	phylum	Thermoproteota	335	cell_MQ_to_LQ	0.0537313	0.0146158	0.134617				census of frame MAGs <1 Mbp; 913 family clusters
S1_small_census	family	phylum	Thermoproteota	335	cell_LQ_to_HQ	0	0	0				census of frame MAGs <1 Mbp; 913 family clusters
S1_small_census	family	phylum	Thermoproteota	335	cell_LQ_to_MQ	0	0	0				census of frame MAGs <1 Mbp; 913 family clusters
S1_small_census	family	phylum	Thermoproteota	335	cell_LQ_to_LQ	0	0	0				census of frame MAGs <1 Mbp; 913 family clusters
S1_small_census	family	phylum	Thermoproteota	335	slope_d_comp_per_log10Mbp	-4.95386	-17.9808	2.53868				census of frame MAGs <1 Mbp; 913 family clusters
S1_small_census	family	phylum	Thermoproteota	335	slope_d_cont_per_log10Mbp	1.35774	-3.35609	10.4108				census of frame MAGs <1 Mbp; 913 family clusters
S1_small_census	family	phylum	other (<200 in cohort)	1373	p_class_change	0.160961	0.104423	0.225488				census of frame MAGs <1 Mbp; 913 family clusters
S1_small_census	family	phylum	other (<200 in cohort)	1373	p_downgrade	0.159505	0.102948	0.223562				census of frame MAGs <1 Mbp; 913 family clusters
S1_small_census	family	phylum	other (<200 in cohort)	1373	p_upgrade	0.00145666	0	0.00415991				census of frame MAGs <1 Mbp; 913 family clusters
S1_small_census	family	phylum	other (<200 in cohort)	1373	p_HQ_checkm2	0.0538966	0.0265897	0.0892128				census of frame MAGs <1 Mbp; 913 family clusters
S1_small_census	family	phylum	other (<200 in cohort)	1373	p_HQ_magicc	0.00436999	0.000741636	0.00928329				census of frame MAGs <1 Mbp; 913 family clusters
S1_small_census	family	phylum	other (<200 in cohort)	1373	HQ_downgrade_rate	0.945946	0.864365	1				census of frame MAGs <1 Mbp; 913 family clusters
S1_small_census	family	phylum	other (<200 in cohort)	1373	HQ_to_MQ_rate	0.756757	0.48935	0.913465				census of frame MAGs <1 Mbp; 913 family clusters
S1_small_census	family	phylum	other (<200 in cohort)	1373	HQ_to_LQ_rate	0.189189	0.0617236	0.395937				census of frame MAGs <1 Mbp; 913 family clusters
S1_small_census	family	phylum	other (<200 in cohort)	1373	MQ_to_HQ_rate	0.00153965	0	0.00442897				census of frame MAGs <1 Mbp; 913 family clusters
S1_small_census	family	phylum	other (<200 in cohort)	1373	MQ_to_LQ_rate	0.114704	0.0651023	0.175339				census of frame MAGs <1 Mbp; 913 family clusters
S1_small_census	family	phylum	other (<200 in cohort)	1373	LQ_to_higher_rate	nan	nan	nan				census of frame MAGs <1 Mbp; 913 family clusters
S1_small_census	family	phylum	other (<200 in cohort)	1373	cont5_disagreement_rate	0.160755	0.100614	0.234334				census of frame MAGs <1 Mbp; 913 family clusters
S1_small_census	family	phylum	other (<200 in cohort)	1373	floor_rate	0.146395	0.0958033	0.200424				census of frame MAGs <1 Mbp; 913 family clusters
S1_small_census	family	phylum	other (<200 in cohort)	1373	floor_rate_exact50	0	0	0				census of frame MAGs <1 Mbp; 913 family clusters
S1_small_census	family	phylum	other (<200 in cohort)	1373	mean_d_comp	-10.1092	-12.1635	-8.16591				census of frame MAGs <1 Mbp; 913 family clusters
S1_small_census	family	phylum	other (<200 in cohort)	1373	mean_d_cont	2.72997	1.58746	4.08403				census of frame MAGs <1 Mbp; 913 family clusters
S1_small_census	family	phylum	other (<200 in cohort)	1373	mean_comp_checkm2	66.3807	64.1129	68.7922				census of frame MAGs <1 Mbp; 913 family clusters
S1_small_census	family	phylum	other (<200 in cohort)	1373	mean_comp_magicc	56.2716	54.8716	58.0456				census of frame MAGs <1 Mbp; 913 family clusters
S1_small_census	family	phylum	other (<200 in cohort)	1373	mean_cont_checkm2	0.883598	0.689071	1.08466				census of frame MAGs <1 Mbp; 913 family clusters
S1_small_census	family	phylum	other (<200 in cohort)	1373	mean_cont_magicc	3.61356	2.33156	5.06088				census of frame MAGs <1 Mbp; 913 family clusters
S1_small_census	family	phylum	other (<200 in cohort)	1373	cell_HQ_to_HQ	0.00291333	0	0.00662842				census of frame MAGs <1 Mbp; 913 family clusters
S1_small_census	family	phylum	other (<200 in cohort)	1373	cell_HQ_to_MQ	0.0407866	0.0153834	0.0765138				census of frame MAGs <1 Mbp; 913 family clusters
S1_small_census	family	phylum	other (<200 in cohort)	1373	cell_HQ_to_LQ	0.0101966	0.00343275	0.018962				census of frame MAGs <1 Mbp; 913 family clusters
S1_small_census	family	phylum	other (<200 in cohort)	1373	cell_MQ_to_HQ	0.00145666	0	0.00415991				census of frame MAGs <1 Mbp; 913 family clusters
S1_small_census	family	phylum	other (<200 in cohort)	1373	cell_MQ_to_MQ	0.836125	0.771639	0.894429				census of frame MAGs <1 Mbp; 913 family clusters
S1_small_census	family	phylum	other (<200 in cohort)	1373	cell_MQ_to_LQ	0.108521	0.0612603	0.165867				census of frame MAGs <1 Mbp; 913 family clusters
S1_small_census	family	phylum	other (<200 in cohort)	1373	cell_LQ_to_HQ	0	0	0				census of frame MAGs <1 Mbp; 913 family clusters
S1_small_census	family	phylum	other (<200 in cohort)	1373	cell_LQ_to_MQ	0	0	0				census of frame MAGs <1 Mbp; 913 family clusters
S1_small_census	family	phylum	other (<200 in cohort)	1373	cell_LQ_to_LQ	0	0	0				census of frame MAGs <1 Mbp; 913 family clusters
S1_small_census	family	phylum	other (<200 in cohort)	1373	slope_d_comp_per_log10Mbp	11.2683	-2.93917	21.3646				census of frame MAGs <1 Mbp; 913 family clusters
S1_small_census	family	phylum	other (<200 in cohort)	1373	slope_d_cont_per_log10Mbp	6.00812	-0.204541	13.3509				census of frame MAGs <1 Mbp; 913 family clusters
S1_small_census	family	domain	Archaea	1768	p_class_change	0.236991	0.148892	0.31674				census of frame MAGs <1 Mbp; 913 family clusters
S1_small_census	family	domain	Archaea	1768	p_downgrade	0.234163	0.146722	0.313541				census of frame MAGs <1 Mbp; 913 family clusters
S1_small_census	family	domain	Archaea	1768	p_upgrade	0.00282805	0.000582683	0.00529126				census of frame MAGs <1 Mbp; 913 family clusters
S1_small_census	family	domain	Archaea	1768	p_HQ_checkm2	0.0888009	0.0569472	0.130067				census of frame MAGs <1 Mbp; 913 family clusters
S1_small_census	family	domain	Archaea	1768	p_HQ_magicc	0.0050905	0.000983512	0.0104236				census of frame MAGs <1 Mbp; 913 family clusters
S1_small_census	family	domain	Archaea	1768	HQ_downgrade_rate	0.974522	0.929107	1				census of frame MAGs <1 Mbp; 913 family clusters
S1_small_census	family	domain	Archaea	1768	HQ_to_MQ_rate	0.732484	0.617272	0.841774				census of frame MAGs <1 Mbp; 913 family clusters
S1_small_census	family	domain	Archaea	1768	HQ_to_LQ_rate	0.242038	0.145296	0.350905				census of frame MAGs <1 Mbp; 913 family clusters
S1_small_census	family	domain	Archaea	1768	MQ_to_HQ_rate	0.00310366	0.000626086	0.00582528				census of frame MAGs <1 Mbp; 913 family clusters
S1_small_census	family	domain	Archaea	1768	MQ_to_LQ_rate	0.162011	0.0828785	0.23551				census of frame MAGs <1 Mbp; 913 family clusters
S1_small_census	family	domain	Archaea	1768	LQ_to_higher_rate	nan	nan	nan				census of frame MAGs <1 Mbp; 913 family clusters
S1_small_census	family	domain	Archaea	1768	cont5_disagreement_rate	0.268263	0.143311	0.387431				census of frame MAGs <1 Mbp; 913 family clusters
S1_small_census	family	domain	Archaea	1768	floor_rate	0.125	0.0780212	0.191832				census of frame MAGs <1 Mbp; 913 family clusters
S1_small_census	family	domain	Archaea	1768	floor_rate_exact50	0	0	0				census of frame MAGs <1 Mbp; 913 family clusters
S1_small_census	family	domain	Archaea	1768	mean_d_comp	-12.3583	-14.73	-9.96084				census of frame MAGs <1 Mbp; 913 family clusters
S1_small_census	family	domain	Archaea	1768	mean_d_cont	3.53911	1.65289	5.24977				census of frame MAGs <1 Mbp; 913 family clusters
S1_small_census	family	domain	Archaea	1768	mean_comp_checkm2	70.4454	66.4987	73.9188				census of frame MAGs <1 Mbp; 913 family clusters
S1_small_census	family	domain	Archaea	1768	mean_comp_magicc	58.0871	55.5474	59.9366				census of frame MAGs <1 Mbp; 913 family clusters
S1_small_census	family	domain	Archaea	1768	mean_cont_checkm2	1.20352	0.915049	1.45568				census of frame MAGs <1 Mbp; 913 family clusters
S1_small_census	family	domain	Archaea	1768	mean_cont_magicc	4.74264	2.87498	6.44599				census of frame MAGs <1 Mbp; 913 family clusters
S1_small_census	family	domain	Archaea	1768	cell_HQ_to_HQ	0.00226244	0	0.00734866				census of frame MAGs <1 Mbp; 913 family clusters
S1_small_census	family	domain	Archaea	1768	cell_HQ_to_MQ	0.0650452	0.0391103	0.0997737				census of frame MAGs <1 Mbp; 913 family clusters
S1_small_census	family	domain	Archaea	1768	cell_HQ_to_LQ	0.0214932	0.0115826	0.032289				census of frame MAGs <1 Mbp; 913 family clusters
S1_small_census	family	domain	Archaea	1768	cell_MQ_to_HQ	0.00282805	0.000582683	0.00529126				census of frame MAGs <1 Mbp; 913 family clusters
S1_small_census	family	domain	Archaea	1768	cell_MQ_to_MQ	0.760747	0.681213	0.849463				census of frame MAGs <1 Mbp; 913 family clusters
S1_small_census	family	domain	Archaea	1768	cell_MQ_to_LQ	0.147624	0.0765394	0.214008				census of frame MAGs <1 Mbp; 913 family clusters
S1_small_census	family	domain	Archaea	1768	cell_LQ_to_HQ	0	0	0				census of frame MAGs <1 Mbp; 913 family clusters
S1_small_census	family	domain	Archaea	1768	cell_LQ_to_MQ	0	0	0				census of frame MAGs <1 Mbp; 913 family clusters
S1_small_census	family	domain	Archaea	1768	cell_LQ_to_LQ	0	0	0				census of frame MAGs <1 Mbp; 913 family clusters
S1_small_census	family	domain	Archaea	1768	slope_d_comp_per_log10Mbp	19.2787	4.27215	27.7862				census of frame MAGs <1 Mbp; 913 family clusters
S1_small_census	family	domain	Archaea	1768	slope_d_cont_per_log10Mbp	7.32754	0.883944	17.7435				census of frame MAGs <1 Mbp; 913 family clusters
S1_small_census	family	domain	Bacteria	15361	p_class_change	0.18918	0.15894	0.226123				census of frame MAGs <1 Mbp; 913 family clusters
S1_small_census	family	domain	Bacteria	15361	p_downgrade	0.171669	0.144198	0.20611				census of frame MAGs <1 Mbp; 913 family clusters
S1_small_census	family	domain	Bacteria	15361	p_upgrade	0.0175119	0.0124749	0.0238788				census of frame MAGs <1 Mbp; 913 family clusters
S1_small_census	family	domain	Bacteria	15361	p_HQ_checkm2	0.187813	0.152519	0.228018				census of frame MAGs <1 Mbp; 913 family clusters
S1_small_census	family	domain	Bacteria	15361	p_HQ_magicc	0.0774038	0.0576137	0.101827				census of frame MAGs <1 Mbp; 913 family clusters
S1_small_census	family	domain	Bacteria	15361	HQ_downgrade_rate	0.680763	0.622867	0.736714				census of frame MAGs <1 Mbp; 913 family clusters
S1_small_census	family	domain	Bacteria	15361	HQ_to_MQ_rate	0.555633	0.509309	0.60677				census of frame MAGs <1 Mbp; 913 family clusters
S1_small_census	family	domain	Bacteria	15361	HQ_to_LQ_rate	0.12513	0.0960261	0.158948				census of frame MAGs <1 Mbp; 913 family clusters
S1_small_census	family	domain	Bacteria	15361	MQ_to_HQ_rate	0.021483	0.0149879	0.0302761				census of frame MAGs <1 Mbp; 913 family clusters
S1_small_census	family	domain	Bacteria	15361	MQ_to_LQ_rate	0.0539479	0.0411891	0.0704214				census of frame MAGs <1 Mbp; 913 family clusters
S1_small_census	family	domain	Bacteria	15361	LQ_to_higher_rate	1	1	1				census of frame MAGs <1 Mbp; 913 family clusters
S1_small_census	family	domain	Bacteria	15361	cont5_disagreement_rate	0.125851	0.101529	0.155093				census of frame MAGs <1 Mbp; 913 family clusters
S1_small_census	family	domain	Bacteria	15361	floor_rate	0.072326	0.0455185	0.109388				census of frame MAGs <1 Mbp; 913 family clusters
S1_small_census	family	domain	Bacteria	15361	floor_rate_exact50	0	0	0				census of frame MAGs <1 Mbp; 913 family clusters
S1_small_census	family	domain	Bacteria	15361	mean_d_comp	-7.83555	-8.89325	-6.90246				census of frame MAGs <1 Mbp; 913 family clusters
S1_small_census	family	domain	Bacteria	15361	mean_d_cont	0.942368	0.589159	1.36392				census of frame MAGs <1 Mbp; 913 family clusters
S1_small_census	family	domain	Bacteria	15361	mean_comp_checkm2	71.8113	69.5817	74.2567				census of frame MAGs <1 Mbp; 913 family clusters
S1_small_census	family	domain	Bacteria	15361	mean_comp_magicc	63.9757	61.9551	66.3308				census of frame MAGs <1 Mbp; 913 family clusters
S1_small_census	family	domain	Bacteria	15361	mean_cont_checkm2	1.35152	1.17227	1.54627				census of frame MAGs <1 Mbp; 913 family clusters
S1_small_census	family	domain	Bacteria	15361	mean_cont_magicc	2.29389	1.90341	2.76121				census of frame MAGs <1 Mbp; 913 family clusters
S1_small_census	family	domain	Bacteria	15361	cell_HQ_to_HQ	0.059957	0.0442726	0.0789765				census of frame MAGs <1 Mbp; 913 family clusters
S1_small_census	family	domain	Bacteria	15361	cell_HQ_to_MQ	0.104355	0.0851878	0.127649				census of frame MAGs <1 Mbp; 913 family clusters
S1_small_census	family	domain	Bacteria	15361	cell_HQ_to_LQ	0.0235011	0.0169895	0.0314429				census of frame MAGs <1 Mbp; 913 family clusters
S1_small_census	family	domain	Bacteria	15361	cell_MQ_to_HQ	0.0174468	0.0123798	0.0238569				census of frame MAGs <1 Mbp; 913 family clusters
S1_small_census	family	domain	Bacteria	15361	cell_MQ_to_MQ	0.750863	0.702041	0.793104				census of frame MAGs <1 Mbp; 913 family clusters
S1_small_census	family	domain	Bacteria	15361	cell_MQ_to_LQ	0.0438123	0.034011	0.0560247				census of frame MAGs <1 Mbp; 913 family clusters
S1_small_census	family	domain	Bacteria	15361	cell_LQ_to_HQ	0	0	0				census of frame MAGs <1 Mbp; 913 family clusters
S1_small_census	family	domain	Bacteria	15361	cell_LQ_to_MQ	6.50999e-05	0	0.000236099				census of frame MAGs <1 Mbp; 913 family clusters
S1_small_census	family	domain	Bacteria	15361	cell_LQ_to_LQ	0	0	0				census of frame MAGs <1 Mbp; 913 family clusters
S1_small_census	family	domain	Bacteria	15361	slope_d_comp_per_log10Mbp	21.3481	15.8564	26.1788				census of frame MAGs <1 Mbp; 913 family clusters
S1_small_census	family	domain	Bacteria	15361	slope_d_cont_per_log10Mbp	1.78374	0.012574	3.88556				census of frame MAGs <1 Mbp; 913 family clusters
S1_small_census	family	domain	unclassified	72	p_class_change	0.111111	0.111111	0.111111				census of frame MAGs <1 Mbp; 913 family clusters
S1_small_census	family	domain	unclassified	72	p_downgrade	0.111111	0.111111	0.111111				census of frame MAGs <1 Mbp; 913 family clusters
S1_small_census	family	domain	unclassified	72	p_upgrade	0	0	0				census of frame MAGs <1 Mbp; 913 family clusters
S1_small_census	family	domain	unclassified	72	p_HQ_checkm2	0.0138889	0.0138889	0.0138889				census of frame MAGs <1 Mbp; 913 family clusters
S1_small_census	family	domain	unclassified	72	p_HQ_magicc	0.0138889	0.0138889	0.0138889				census of frame MAGs <1 Mbp; 913 family clusters
S1_small_census	family	domain	unclassified	72	HQ_downgrade_rate	0	0	0				census of frame MAGs <1 Mbp; 913 family clusters
S1_small_census	family	domain	unclassified	72	HQ_to_MQ_rate	0	0	0				census of frame MAGs <1 Mbp; 913 family clusters
S1_small_census	family	domain	unclassified	72	HQ_to_LQ_rate	0	0	0				census of frame MAGs <1 Mbp; 913 family clusters
S1_small_census	family	domain	unclassified	72	MQ_to_HQ_rate	0	0	0				census of frame MAGs <1 Mbp; 913 family clusters
S1_small_census	family	domain	unclassified	72	MQ_to_LQ_rate	0.112676	0.112676	0.112676				census of frame MAGs <1 Mbp; 913 family clusters
S1_small_census	family	domain	unclassified	72	LQ_to_higher_rate	nan	nan	nan				census of frame MAGs <1 Mbp; 913 family clusters
S1_small_census	family	domain	unclassified	72	cont5_disagreement_rate	0.112903	0.112903	0.112903				census of frame MAGs <1 Mbp; 913 family clusters
S1_small_census	family	domain	unclassified	72	floor_rate	0.472222	0.472222	0.472222				census of frame MAGs <1 Mbp; 913 family clusters
S1_small_census	family	domain	unclassified	72	floor_rate_exact50	0	0	0				census of frame MAGs <1 Mbp; 913 family clusters
S1_small_census	family	domain	unclassified	72	mean_d_comp	-9.05347	-9.05347	-9.05347				census of frame MAGs <1 Mbp; 913 family clusters
S1_small_census	family	domain	unclassified	72	mean_d_cont	1.85622	1.85622	1.85622				census of frame MAGs <1 Mbp; 913 family clusters
S1_small_census	family	domain	unclassified	72	mean_comp_checkm2	63.4306	63.4306	63.4306				census of frame MAGs <1 Mbp; 913 family clusters
S1_small_census	family	domain	unclassified	72	mean_comp_magicc	54.3771	54.3771	54.3771				census of frame MAGs <1 Mbp; 913 family clusters
S1_small_census	family	domain	unclassified	72	mean_cont_checkm2	1.72389	1.72389	1.72389				census of frame MAGs <1 Mbp; 913 family clusters
S1_small_census	family	domain	unclassified	72	mean_cont_magicc	3.58011	3.58011	3.58011				census of frame MAGs <1 Mbp; 913 family clusters
S1_small_census	family	domain	unclassified	72	cell_HQ_to_HQ	0.0138889	0.0138889	0.0138889				census of frame MAGs <1 Mbp; 913 family clusters
S1_small_census	family	domain	unclassified	72	cell_HQ_to_MQ	0	0	0				census of frame MAGs <1 Mbp; 913 family clusters
S1_small_census	family	domain	unclassified	72	cell_HQ_to_LQ	0	0	0				census of frame MAGs <1 Mbp; 913 family clusters
S1_small_census	family	domain	unclassified	72	cell_MQ_to_HQ	0	0	0				census of frame MAGs <1 Mbp; 913 family clusters
S1_small_census	family	domain	unclassified	72	cell_MQ_to_MQ	0.875	0.875	0.875				census of frame MAGs <1 Mbp; 913 family clusters
S1_small_census	family	domain	unclassified	72	cell_MQ_to_LQ	0.111111	0.111111	0.111111				census of frame MAGs <1 Mbp; 913 family clusters
S1_small_census	family	domain	unclassified	72	cell_LQ_to_HQ	0	0	0				census of frame MAGs <1 Mbp; 913 family clusters
S1_small_census	family	domain	unclassified	72	cell_LQ_to_MQ	0	0	0				census of frame MAGs <1 Mbp; 913 family clusters
S1_small_census	family	domain	unclassified	72	cell_LQ_to_LQ	0	0	0				census of frame MAGs <1 Mbp; 913 family clusters
S1_small_census	family	domain	unclassified	72	slope_d_comp_per_log10Mbp	30.7748	30.7748	30.7748				census of frame MAGs <1 Mbp; 913 family clusters
S1_small_census	family	domain	unclassified	72	slope_d_cont_per_log10Mbp	16.0091	16.0091	16.0091				census of frame MAGs <1 Mbp; 913 family clusters
S1_small_census	family	stratum	S1_small	17201	p_class_change	0.193768	0.163752	0.225087				census of frame MAGs <1 Mbp; 913 family clusters
S1_small_census	family	stratum	S1_small	17201	p_downgrade	0.177838	0.149203	0.208214				census of frame MAGs <1 Mbp; 913 family clusters
S1_small_census	family	stratum	S1_small	17201	p_upgrade	0.0159293	0.0114977	0.0213926				census of frame MAGs <1 Mbp; 913 family clusters
S1_small_census	family	stratum	S1_small	17201	p_HQ_checkm2	0.176908	0.147401	0.209152				census of frame MAGs <1 Mbp; 913 family clusters
S1_small_census	family	stratum	S1_small	17201	p_HQ_magicc	0.0697052	0.0515994	0.0901655				census of frame MAGs <1 Mbp; 913 family clusters
S1_small_census	family	stratum	S1_small	17201	HQ_downgrade_rate	0.695695	0.637546	0.749097				census of frame MAGs <1 Mbp; 913 family clusters
S1_small_census	family	stratum	S1_small	17201	HQ_to_MQ_rate	0.564574	0.517327	0.612192				census of frame MAGs <1 Mbp; 913 family clusters
S1_small_census	family	stratum	S1_small	17201	HQ_to_LQ_rate	0.131121	0.101535	0.164819				census of frame MAGs <1 Mbp; 913 family clusters
S1_small_census	family	stratum	S1_small	17201	MQ_to_HQ_rate	0.0192837	0.0134999	0.0267357				census of frame MAGs <1 Mbp; 913 family clusters
S1_small_census	family	stratum	S1_small	17201	MQ_to_LQ_rate	0.0665395	0.0503647	0.0861942				census of frame MAGs <1 Mbp; 913 family clusters
S1_small_census	family	stratum	S1_small	17201	LQ_to_higher_rate	1	1	1				census of frame MAGs <1 Mbp; 913 family clusters
S1_small_census	family	stratum	S1_small	17201	cont5_disagreement_rate	0.140546	0.112971	0.17252				census of frame MAGs <1 Mbp; 913 family clusters
S1_small_census	family	stratum	S1_small	17201	floor_rate	0.079414	0.0548173	0.114178				census of frame MAGs <1 Mbp; 913 family clusters
S1_small_census	family	stratum	S1_small	17201	floor_rate_exact50	0	0	0				census of frame MAGs <1 Mbp; 913 family clusters
S1_small_census	family	stratum	S1_small	17201	mean_d_comp	-8.30551	-9.28806	-7.34823				census of frame MAGs <1 Mbp; 913 family clusters
S1_small_census	family	stratum	S1_small	17201	mean_d_cont	1.2131	0.805857	1.69991				census of frame MAGs <1 Mbp; 913 family clusters
S1_small_census	family	stratum	S1_small	17201	mean_comp_checkm2	71.6358	69.5237	73.6545				census of frame MAGs <1 Mbp; 913 family clusters
S1_small_census	family	stratum	S1_small	17201	mean_comp_magicc	63.3303	61.434	65.2615				census of frame MAGs <1 Mbp; 913 family clusters
S1_small_census	family	stratum	S1_small	17201	mean_cont_checkm2	1.33787	1.17667	1.51469				census of frame MAGs <1 Mbp; 913 family clusters
S1_small_census	family	stratum	S1_small	17201	mean_cont_magicc	2.55097	2.10215	3.05916				census of frame MAGs <1 Mbp; 913 family clusters
S1_small_census	family	stratum	S1_small	17201	cell_HQ_to_HQ	0.0538341	0.039525	0.0700483				census of frame MAGs <1 Mbp; 913 family clusters
S1_small_census	family	stratum	S1_small	17201	cell_HQ_to_MQ	0.0998779	0.0826869	0.119448				census of frame MAGs <1 Mbp; 913 family clusters
S1_small_census	family	stratum	S1_small	17201	cell_HQ_to_LQ	0.0231963	0.0172294	0.0302907				census of frame MAGs <1 Mbp; 913 family clusters
S1_small_census	family	stratum	S1_small	17201	cell_MQ_to_HQ	0.0158712	0.0114543	0.0213262				census of frame MAGs <1 Mbp; 913 family clusters
S1_small_census	family	stratum	S1_small	17201	cell_MQ_to_MQ	0.752398	0.711968	0.791477				census of frame MAGs <1 Mbp; 913 family clusters
S1_small_census	family	stratum	S1_small	17201	cell_MQ_to_LQ	0.0547643	0.0416169	0.0701755				census of frame MAGs <1 Mbp; 913 family clusters
S1_small_census	family	stratum	S1_small	17201	cell_LQ_to_HQ	0	0	0				census of frame MAGs <1 Mbp; 913 family clusters
S1_small_census	family	stratum	S1_small	17201	cell_LQ_to_MQ	5.81362e-05	0	0.000199228				census of frame MAGs <1 Mbp; 913 family clusters
S1_small_census	family	stratum	S1_small	17201	cell_LQ_to_LQ	0	0	0				census of frame MAGs <1 Mbp; 913 family clusters
S1_small_census	family	stratum	S1_small	17201	slope_d_comp_per_log10Mbp	21.2855	16.2228	25.8701				census of frame MAGs <1 Mbp; 913 family clusters
S1_small_census	family	stratum	S1_small	17201	slope_d_cont_per_log10Mbp	2.2954	0.432087	4.50286				census of frame MAGs <1 Mbp; 913 family clusters
S1_small_census	family	checkm2_class	HQ	3043	p_class_change	0.695695	0.639747	0.752246				census of frame MAGs <1 Mbp; 913 family clusters
S1_small_census	family	checkm2_class	HQ	3043	p_downgrade	0.695695	0.639747	0.752246				census of frame MAGs <1 Mbp; 913 family clusters
S1_small_census	family	checkm2_class	HQ	3043	p_upgrade	0	0	0				census of frame MAGs <1 Mbp; 913 family clusters
S1_small_census	family	checkm2_class	HQ	3043	p_HQ_checkm2	1	1	1				census of frame MAGs <1 Mbp; 913 family clusters
S1_small_census	family	checkm2_class	HQ	3043	p_HQ_magicc	0.304305	0.247754	0.360253				census of frame MAGs <1 Mbp; 913 family clusters
S1_small_census	family	checkm2_class	HQ	3043	HQ_downgrade_rate	0.695695	0.639747	0.752246				census of frame MAGs <1 Mbp; 913 family clusters
S1_small_census	family	checkm2_class	HQ	3043	HQ_to_MQ_rate	0.564574	0.516543	0.612274				census of frame MAGs <1 Mbp; 913 family clusters
S1_small_census	family	checkm2_class	HQ	3043	HQ_to_LQ_rate	0.131121	0.101842	0.165158				census of frame MAGs <1 Mbp; 913 family clusters
S1_small_census	family	checkm2_class	HQ	3043	MQ_to_HQ_rate	nan	nan	nan				census of frame MAGs <1 Mbp; 913 family clusters
S1_small_census	family	checkm2_class	HQ	3043	MQ_to_LQ_rate	nan	nan	nan				census of frame MAGs <1 Mbp; 913 family clusters
S1_small_census	family	checkm2_class	HQ	3043	LQ_to_higher_rate	nan	nan	nan				census of frame MAGs <1 Mbp; 913 family clusters
S1_small_census	family	checkm2_class	HQ	3043	cont5_disagreement_rate	0.241867	0.197255	0.292778				census of frame MAGs <1 Mbp; 913 family clusters
S1_small_census	family	checkm2_class	HQ	3043	floor_rate	0.000657246	0	0.00168811				census of frame MAGs <1 Mbp; 913 family clusters
S1_small_census	family	checkm2_class	HQ	3043	floor_rate_exact50	0	0	0				census of frame MAGs <1 Mbp; 913 family clusters
S1_small_census	family	checkm2_class	HQ	3043	mean_d_comp	-13.2757	-15.0012	-11.5649				census of frame MAGs <1 Mbp; 913 family clusters
S1_small_census	family	checkm2_class	HQ	3043	mean_d_cont	3.0488	2.40097	3.79286				census of frame MAGs <1 Mbp; 913 family clusters
S1_small_census	family	checkm2_class	HQ	3043	mean_comp_checkm2	95.2609	95.0677	95.4383				census of frame MAGs <1 Mbp; 913 family clusters
S1_small_census	family	checkm2_class	HQ	3043	mean_comp_magicc	81.9852	80.152	83.7195				census of frame MAGs <1 Mbp; 913 family clusters
S1_small_census	family	checkm2_class	HQ	3043	mean_cont_checkm2	0.962994	0.89503	1.03461				census of frame MAGs <1 Mbp; 913 family clusters
S1_small_census	family	checkm2_class	HQ	3043	mean_cont_magicc	4.01179	3.33367	4.77445				census of frame MAGs <1 Mbp; 913 family clusters
S1_small_census	family	checkm2_class	HQ	3043	cell_HQ_to_HQ	0.304305	0.247754	0.360253				census of frame MAGs <1 Mbp; 913 family clusters
S1_small_census	family	checkm2_class	HQ	3043	cell_HQ_to_MQ	0.564574	0.516543	0.612274				census of frame MAGs <1 Mbp; 913 family clusters
S1_small_census	family	checkm2_class	HQ	3043	cell_HQ_to_LQ	0.131121	0.101842	0.165158				census of frame MAGs <1 Mbp; 913 family clusters
S1_small_census	family	checkm2_class	HQ	3043	cell_MQ_to_HQ	0	0	0				census of frame MAGs <1 Mbp; 913 family clusters
S1_small_census	family	checkm2_class	HQ	3043	cell_MQ_to_MQ	0	0	0				census of frame MAGs <1 Mbp; 913 family clusters
S1_small_census	family	checkm2_class	HQ	3043	cell_MQ_to_LQ	0	0	0				census of frame MAGs <1 Mbp; 913 family clusters
S1_small_census	family	checkm2_class	HQ	3043	cell_LQ_to_HQ	0	0	0				census of frame MAGs <1 Mbp; 913 family clusters
S1_small_census	family	checkm2_class	HQ	3043	cell_LQ_to_MQ	0	0	0				census of frame MAGs <1 Mbp; 913 family clusters
S1_small_census	family	checkm2_class	HQ	3043	cell_LQ_to_LQ	0	0	0				census of frame MAGs <1 Mbp; 913 family clusters
S1_small_census	family	checkm2_class	HQ	3043	slope_d_comp_per_log10Mbp	61.5953	49.2578	73.3964				census of frame MAGs <1 Mbp; 913 family clusters
S1_small_census	family	checkm2_class	HQ	3043	slope_d_cont_per_log10Mbp	11.056	5.09613	17.938				census of frame MAGs <1 Mbp; 913 family clusters
S1_small_census	family	checkm2_class	MQ	14157	p_class_change	0.0858233	0.0683263	0.108259				census of frame MAGs <1 Mbp; 913 family clusters
S1_small_census	family	checkm2_class	MQ	14157	p_downgrade	0.0665395	0.0508124	0.0877842				census of frame MAGs <1 Mbp; 913 family clusters
S1_small_census	family	checkm2_class	MQ	14157	p_upgrade	0.0192837	0.0135067	0.0266868				census of frame MAGs <1 Mbp; 913 family clusters
S1_small_census	family	checkm2_class	MQ	14157	p_HQ_checkm2	0	0	0				census of frame MAGs <1 Mbp; 913 family clusters
S1_small_census	family	checkm2_class	MQ	14157	p_HQ_magicc	0.0192837	0.0135067	0.0266868				census of frame MAGs <1 Mbp; 913 family clusters
S1_small_census	family	checkm2_class	MQ	14157	HQ_downgrade_rate	nan	nan	nan				census of frame MAGs <1 Mbp; 913 family clusters
S1_small_census	family	checkm2_class	MQ	14157	HQ_to_MQ_rate	nan	nan	nan				census of frame MAGs <1 Mbp; 913 family clusters
S1_small_census	family	checkm2_class	MQ	14157	HQ_to_LQ_rate	nan	nan	nan				census of frame MAGs <1 Mbp; 913 family clusters
S1_small_census	family	checkm2_class	MQ	14157	MQ_to_HQ_rate	0.0192837	0.0135067	0.0266868				census of frame MAGs <1 Mbp; 913 family clusters
S1_small_census	family	checkm2_class	MQ	14157	MQ_to_LQ_rate	0.0665395	0.0508124	0.0877842				census of frame MAGs <1 Mbp; 913 family clusters
S1_small_census	family	checkm2_class	MQ	14157	LQ_to_higher_rate	nan	nan	nan				census of frame MAGs <1 Mbp; 913 family clusters
S1_small_census	family	checkm2_class	MQ	14157	cont5_disagreement_rate	0.116986	0.0915167	0.150712				census of frame MAGs <1 Mbp; 913 family clusters
S1_small_census	family	checkm2_class	MQ	14157	floor_rate	0.0963481	0.0658133	0.135733				census of frame MAGs <1 Mbp; 913 family clusters
S1_small_census	family	checkm2_class	MQ	14157	floor_rate_exact50	0	0	0				census of frame MAGs <1 Mbp; 913 family clusters
S1_small_census	family	checkm2_class	MQ	14157	mean_d_comp	-7.23679	-8.1926	-6.27458				census of frame MAGs <1 Mbp; 913 family clusters
S1_small_census	family	checkm2_class	MQ	14157	mean_d_cont	0.819184	0.405782	1.3095				census of frame MAGs <1 Mbp; 913 family clusters
S1_small_census	family	checkm2_class	MQ	14157	mean_comp_checkm2	66.5575	64.9489	68.1676				census of frame MAGs <1 Mbp; 913 family clusters
S1_small_census	family	checkm2_class	MQ	14157	mean_comp_magicc	59.3207	57.9964	60.7459				census of frame MAGs <1 Mbp; 913 family clusters
S1_small_census	family	checkm2_class	MQ	14157	mean_cont_checkm2	1.41783	1.22908	1.64406				census of frame MAGs <1 Mbp; 913 family clusters
S1_small_census	family	checkm2_class	MQ	14157	mean_cont_magicc	2.23702	1.81029	2.78022				census of frame MAGs <1 Mbp; 913 family clusters
S1_small_census	family	checkm2_class	MQ	14157	cell_HQ_to_HQ	0	0	0				census of frame MAGs <1 Mbp; 913 family clusters
S1_small_census	family	checkm2_class	MQ	14157	cell_HQ_to_MQ	0	0	0				census of frame MAGs <1 Mbp; 913 family clusters
S1_small_census	family	checkm2_class	MQ	14157	cell_HQ_to_LQ	0	0	0				census of frame MAGs <1 Mbp; 913 family clusters
S1_small_census	family	checkm2_class	MQ	14157	cell_MQ_to_HQ	0.0192837	0.0135067	0.0266868				census of frame MAGs <1 Mbp; 913 family clusters
S1_small_census	family	checkm2_class	MQ	14157	cell_MQ_to_MQ	0.914177	0.891741	0.931674				census of frame MAGs <1 Mbp; 913 family clusters
S1_small_census	family	checkm2_class	MQ	14157	cell_MQ_to_LQ	0.0665395	0.0508124	0.0877842				census of frame MAGs <1 Mbp; 913 family clusters
S1_small_census	family	checkm2_class	MQ	14157	cell_LQ_to_HQ	0	0	0				census of frame MAGs <1 Mbp; 913 family clusters
S1_small_census	family	checkm2_class	MQ	14157	cell_LQ_to_MQ	0	0	0				census of frame MAGs <1 Mbp; 913 family clusters
S1_small_census	family	checkm2_class	MQ	14157	cell_LQ_to_LQ	0	0	0				census of frame MAGs <1 Mbp; 913 family clusters
S1_small_census	family	checkm2_class	MQ	14157	slope_d_comp_per_log10Mbp	18.8321	14.069	23.3056				census of frame MAGs <1 Mbp; 913 family clusters
S1_small_census	family	checkm2_class	MQ	14157	slope_d_cont_per_log10Mbp	0.958219	-0.688156	3.03866				census of frame MAGs <1 Mbp; 913 family clusters
S1_small_census	family	checkm2_class	LQ	1	p_class_change	1	1	1				census of frame MAGs <1 Mbp; 913 family clusters
S1_small_census	family	checkm2_class	LQ	1	p_downgrade	0	0	0				census of frame MAGs <1 Mbp; 913 family clusters
S1_small_census	family	checkm2_class	LQ	1	p_upgrade	1	1	1				census of frame MAGs <1 Mbp; 913 family clusters
S1_small_census	family	checkm2_class	LQ	1	p_HQ_checkm2	0	0	0				census of frame MAGs <1 Mbp; 913 family clusters
S1_small_census	family	checkm2_class	LQ	1	p_HQ_magicc	0	0	0				census of frame MAGs <1 Mbp; 913 family clusters
S1_small_census	family	checkm2_class	LQ	1	HQ_downgrade_rate	nan	nan	nan				census of frame MAGs <1 Mbp; 913 family clusters
S1_small_census	family	checkm2_class	LQ	1	HQ_to_MQ_rate	nan	nan	nan				census of frame MAGs <1 Mbp; 913 family clusters
S1_small_census	family	checkm2_class	LQ	1	HQ_to_LQ_rate	nan	nan	nan				census of frame MAGs <1 Mbp; 913 family clusters
S1_small_census	family	checkm2_class	LQ	1	MQ_to_HQ_rate	nan	nan	nan				census of frame MAGs <1 Mbp; 913 family clusters
S1_small_census	family	checkm2_class	LQ	1	MQ_to_LQ_rate	nan	nan	nan				census of frame MAGs <1 Mbp; 913 family clusters
S1_small_census	family	checkm2_class	LQ	1	LQ_to_higher_rate	1	1	1				census of frame MAGs <1 Mbp; 913 family clusters
S1_small_census	family	checkm2_class	LQ	1	cont5_disagreement_rate	nan	nan	nan				census of frame MAGs <1 Mbp; 913 family clusters
S1_small_census	family	checkm2_class	LQ	1	floor_rate	0	0	0				census of frame MAGs <1 Mbp; 913 family clusters
S1_small_census	family	checkm2_class	LQ	1	floor_rate_exact50	0	0	0				census of frame MAGs <1 Mbp; 913 family clusters
S1_small_census	family	checkm2_class	LQ	1	mean_d_comp	-14.0327	-14.0327	-14.0327				census of frame MAGs <1 Mbp; 913 family clusters
S1_small_census	family	checkm2_class	LQ	1	mean_d_cont	-8.1687	-8.1687	-8.1687				census of frame MAGs <1 Mbp; 913 family clusters
S1_small_census	family	checkm2_class	LQ	1	mean_comp_checkm2	74.46	74.46	74.46				census of frame MAGs <1 Mbp; 913 family clusters
S1_small_census	family	checkm2_class	LQ	1	mean_comp_magicc	60.4273	60.4273	60.4273				census of frame MAGs <1 Mbp; 913 family clusters
S1_small_census	family	checkm2_class	LQ	1	mean_cont_checkm2	10	10	10				census of frame MAGs <1 Mbp; 913 family clusters
S1_small_census	family	checkm2_class	LQ	1	mean_cont_magicc	1.8313	1.8313	1.8313				census of frame MAGs <1 Mbp; 913 family clusters
S1_small_census	family	checkm2_class	LQ	1	cell_HQ_to_HQ	0	0	0				census of frame MAGs <1 Mbp; 913 family clusters
S1_small_census	family	checkm2_class	LQ	1	cell_HQ_to_MQ	0	0	0				census of frame MAGs <1 Mbp; 913 family clusters
S1_small_census	family	checkm2_class	LQ	1	cell_HQ_to_LQ	0	0	0				census of frame MAGs <1 Mbp; 913 family clusters
S1_small_census	family	checkm2_class	LQ	1	cell_MQ_to_HQ	0	0	0				census of frame MAGs <1 Mbp; 913 family clusters
S1_small_census	family	checkm2_class	LQ	1	cell_MQ_to_MQ	0	0	0				census of frame MAGs <1 Mbp; 913 family clusters
S1_small_census	family	checkm2_class	LQ	1	cell_MQ_to_LQ	0	0	0				census of frame MAGs <1 Mbp; 913 family clusters
S1_small_census	family	checkm2_class	LQ	1	cell_LQ_to_HQ	0	0	0				census of frame MAGs <1 Mbp; 913 family clusters
S1_small_census	family	checkm2_class	LQ	1	cell_LQ_to_MQ	1	1	1				census of frame MAGs <1 Mbp; 913 family clusters
S1_small_census	family	checkm2_class	LQ	1	cell_LQ_to_LQ	0	0	0				census of frame MAGs <1 Mbp; 913 family clusters
S1_small_census	family	checkm2_class	LQ	1	slope_d_comp_per_log10Mbp	nan	nan	nan				census of frame MAGs <1 Mbp; 913 family clusters
S1_small_census	family	checkm2_class	LQ	1	slope_d_cont_per_log10Mbp	nan	nan	nan				census of frame MAGs <1 Mbp; 913 family clusters
S1_small_census	spire_cluster	overall	ALL	17201	p_class_change	0.193768	0.177839	0.209818				census of frame MAGs <1 Mbp; 5886 spire_cluster clusters
S1_small_census	spire_cluster	overall	ALL	17201	p_downgrade	0.177838	0.162039	0.193651				census of frame MAGs <1 Mbp; 5886 spire_cluster clusters
S1_small_census	spire_cluster	overall	ALL	17201	p_upgrade	0.0159293	0.013405	0.0187366				census of frame MAGs <1 Mbp; 5886 spire_cluster clusters
S1_small_census	spire_cluster	overall	ALL	17201	p_HQ_checkm2	0.176908	0.160051	0.192938				census of frame MAGs <1 Mbp; 5886 spire_cluster clusters
S1_small_census	spire_cluster	overall	ALL	17201	p_HQ_magicc	0.0697052	0.0590068	0.0816362				census of frame MAGs <1 Mbp; 5886 spire_cluster clusters
S1_small_census	spire_cluster	overall	ALL	17201	HQ_downgrade_rate	0.695695	0.650855	0.737289				census of frame MAGs <1 Mbp; 5886 spire_cluster clusters
S1_small_census	spire_cluster	overall	ALL	17201	HQ_to_MQ_rate	0.564574	0.52364	0.601981				census of frame MAGs <1 Mbp; 5886 spire_cluster clusters
S1_small_census	spire_cluster	overall	ALL	17201	HQ_to_LQ_rate	0.131121	0.111608	0.154537				census of frame MAGs <1 Mbp; 5886 spire_cluster clusters
S1_small_census	spire_cluster	overall	ALL	17201	MQ_to_HQ_rate	0.0192837	0.016054	0.0228833				census of frame MAGs <1 Mbp; 5886 spire_cluster clusters
S1_small_census	spire_cluster	overall	ALL	17201	MQ_to_LQ_rate	0.0665395	0.0571931	0.0764495				census of frame MAGs <1 Mbp; 5886 spire_cluster clusters
S1_small_census	spire_cluster	overall	ALL	17201	LQ_to_higher_rate	1	1	1				census of frame MAGs <1 Mbp; 5886 spire_cluster clusters
S1_small_census	spire_cluster	overall	ALL	17201	cont5_disagreement_rate	0.140546	0.125319	0.156104				census of frame MAGs <1 Mbp; 5886 spire_cluster clusters
S1_small_census	spire_cluster	overall	ALL	17201	floor_rate	0.079414	0.061489	0.107265				census of frame MAGs <1 Mbp; 5886 spire_cluster clusters
S1_small_census	spire_cluster	overall	ALL	17201	floor_rate_exact50	0	0	0				census of frame MAGs <1 Mbp; 5886 spire_cluster clusters
S1_small_census	spire_cluster	overall	ALL	17201	mean_d_comp	-8.30551	-8.73961	-7.8362				census of frame MAGs <1 Mbp; 5886 spire_cluster clusters
S1_small_census	spire_cluster	overall	ALL	17201	mean_d_cont	1.2131	1.01903	1.43802				census of frame MAGs <1 Mbp; 5886 spire_cluster clusters
S1_small_census	spire_cluster	overall	ALL	17201	mean_comp_checkm2	71.6358	70.6406	72.5258				census of frame MAGs <1 Mbp; 5886 spire_cluster clusters
S1_small_census	spire_cluster	overall	ALL	17201	mean_comp_magicc	63.3303	62.3699	64.2877				census of frame MAGs <1 Mbp; 5886 spire_cluster clusters
S1_small_census	spire_cluster	overall	ALL	17201	mean_cont_checkm2	1.33787	1.24818	1.42659				census of frame MAGs <1 Mbp; 5886 spire_cluster clusters
S1_small_census	spire_cluster	overall	ALL	17201	mean_cont_magicc	2.55097	2.31397	2.80373				census of frame MAGs <1 Mbp; 5886 spire_cluster clusters
S1_small_census	spire_cluster	overall	ALL	17201	cell_HQ_to_HQ	0.0538341	0.0446551	0.0644776				census of frame MAGs <1 Mbp; 5886 spire_cluster clusters
S1_small_census	spire_cluster	overall	ALL	17201	cell_HQ_to_MQ	0.0998779	0.0887725	0.110258				census of frame MAGs <1 Mbp; 5886 spire_cluster clusters
S1_small_census	spire_cluster	overall	ALL	17201	cell_HQ_to_LQ	0.0231963	0.0193935	0.0273016				census of frame MAGs <1 Mbp; 5886 spire_cluster clusters
S1_small_census	spire_cluster	overall	ALL	17201	cell_MQ_to_HQ	0.0158712	0.0133034	0.0187118				census of frame MAGs <1 Mbp; 5886 spire_cluster clusters
S1_small_census	spire_cluster	overall	ALL	17201	cell_MQ_to_MQ	0.752398	0.732622	0.772981				census of frame MAGs <1 Mbp; 5886 spire_cluster clusters
S1_small_census	spire_cluster	overall	ALL	17201	cell_MQ_to_LQ	0.0547643	0.0473427	0.0626553				census of frame MAGs <1 Mbp; 5886 spire_cluster clusters
S1_small_census	spire_cluster	overall	ALL	17201	cell_LQ_to_HQ	0	0	0				census of frame MAGs <1 Mbp; 5886 spire_cluster clusters
S1_small_census	spire_cluster	overall	ALL	17201	cell_LQ_to_MQ	5.81362e-05	0	0.000181609				census of frame MAGs <1 Mbp; 5886 spire_cluster clusters
S1_small_census	spire_cluster	overall	ALL	17201	cell_LQ_to_LQ	0	0	0				census of frame MAGs <1 Mbp; 5886 spire_cluster clusters
S1_small_census	spire_cluster	overall	ALL	17201	slope_d_comp_per_log10Mbp	21.2855	18.4192	24.1332				census of frame MAGs <1 Mbp; 5886 spire_cluster clusters
S1_small_census	spire_cluster	overall	ALL	17201	slope_d_cont_per_log10Mbp	2.2954	1.22589	3.43518				census of frame MAGs <1 Mbp; 5886 spire_cluster clusters
S1_small_census	spire_cluster	size_bin	<1Mb	17201	p_class_change	0.193768	0.177769	0.210508				census of frame MAGs <1 Mbp; 5886 spire_cluster clusters
S1_small_census	spire_cluster	size_bin	<1Mb	17201	p_downgrade	0.177838	0.162583	0.193877				census of frame MAGs <1 Mbp; 5886 spire_cluster clusters
S1_small_census	spire_cluster	size_bin	<1Mb	17201	p_upgrade	0.0159293	0.0133449	0.0187162				census of frame MAGs <1 Mbp; 5886 spire_cluster clusters
S1_small_census	spire_cluster	size_bin	<1Mb	17201	p_HQ_checkm2	0.176908	0.16021	0.193674				census of frame MAGs <1 Mbp; 5886 spire_cluster clusters
S1_small_census	spire_cluster	size_bin	<1Mb	17201	p_HQ_magicc	0.0697052	0.0596635	0.080874				census of frame MAGs <1 Mbp; 5886 spire_cluster clusters
S1_small_census	spire_cluster	size_bin	<1Mb	17201	HQ_downgrade_rate	0.695695	0.656028	0.735472				census of frame MAGs <1 Mbp; 5886 spire_cluster clusters
S1_small_census	spire_cluster	size_bin	<1Mb	17201	HQ_to_MQ_rate	0.564574	0.52941	0.60255				census of frame MAGs <1 Mbp; 5886 spire_cluster clusters
S1_small_census	spire_cluster	size_bin	<1Mb	17201	HQ_to_LQ_rate	0.131121	0.110688	0.153314				census of frame MAGs <1 Mbp; 5886 spire_cluster clusters
S1_small_census	spire_cluster	size_bin	<1Mb	17201	MQ_to_HQ_rate	0.0192837	0.0159888	0.0228638				census of frame MAGs <1 Mbp; 5886 spire_cluster clusters
S1_small_census	spire_cluster	size_bin	<1Mb	17201	MQ_to_LQ_rate	0.0665395	0.0574096	0.0771289				census of frame MAGs <1 Mbp; 5886 spire_cluster clusters
S1_small_census	spire_cluster	size_bin	<1Mb	17201	LQ_to_higher_rate	1	1	1				census of frame MAGs <1 Mbp; 5886 spire_cluster clusters
S1_small_census	spire_cluster	size_bin	<1Mb	17201	cont5_disagreement_rate	0.140546	0.125343	0.157205				census of frame MAGs <1 Mbp; 5886 spire_cluster clusters
S1_small_census	spire_cluster	size_bin	<1Mb	17201	floor_rate	0.079414	0.0612414	0.10573				census of frame MAGs <1 Mbp; 5886 spire_cluster clusters
S1_small_census	spire_cluster	size_bin	<1Mb	17201	floor_rate_exact50	0	0	0				census of frame MAGs <1 Mbp; 5886 spire_cluster clusters
S1_small_census	spire_cluster	size_bin	<1Mb	17201	mean_d_comp	-8.30551	-8.77574	-7.86421				census of frame MAGs <1 Mbp; 5886 spire_cluster clusters
S1_small_census	spire_cluster	size_bin	<1Mb	17201	mean_d_cont	1.2131	1.01276	1.44154				census of frame MAGs <1 Mbp; 5886 spire_cluster clusters
S1_small_census	spire_cluster	size_bin	<1Mb	17201	mean_comp_checkm2	71.6358	70.6606	72.5848				census of frame MAGs <1 Mbp; 5886 spire_cluster clusters
S1_small_census	spire_cluster	size_bin	<1Mb	17201	mean_comp_magicc	63.3303	62.3515	64.3073				census of frame MAGs <1 Mbp; 5886 spire_cluster clusters
S1_small_census	spire_cluster	size_bin	<1Mb	17201	mean_cont_checkm2	1.33787	1.24769	1.42556				census of frame MAGs <1 Mbp; 5886 spire_cluster clusters
S1_small_census	spire_cluster	size_bin	<1Mb	17201	mean_cont_magicc	2.55097	2.31476	2.80605				census of frame MAGs <1 Mbp; 5886 spire_cluster clusters
S1_small_census	spire_cluster	size_bin	<1Mb	17201	cell_HQ_to_HQ	0.0538341	0.0451164	0.0635821				census of frame MAGs <1 Mbp; 5886 spire_cluster clusters
S1_small_census	spire_cluster	size_bin	<1Mb	17201	cell_HQ_to_MQ	0.0998779	0.0894121	0.110751				census of frame MAGs <1 Mbp; 5886 spire_cluster clusters
S1_small_census	spire_cluster	size_bin	<1Mb	17201	cell_HQ_to_LQ	0.0231963	0.0192438	0.0273986				census of frame MAGs <1 Mbp; 5886 spire_cluster clusters
S1_small_census	spire_cluster	size_bin	<1Mb	17201	cell_MQ_to_HQ	0.0158712	0.0132851	0.0186621				census of frame MAGs <1 Mbp; 5886 spire_cluster clusters
S1_small_census	spire_cluster	size_bin	<1Mb	17201	cell_MQ_to_MQ	0.752398	0.732595	0.771957				census of frame MAGs <1 Mbp; 5886 spire_cluster clusters
S1_small_census	spire_cluster	size_bin	<1Mb	17201	cell_MQ_to_LQ	0.0547643	0.0475585	0.0630781				census of frame MAGs <1 Mbp; 5886 spire_cluster clusters
S1_small_census	spire_cluster	size_bin	<1Mb	17201	cell_LQ_to_HQ	0	0	0				census of frame MAGs <1 Mbp; 5886 spire_cluster clusters
S1_small_census	spire_cluster	size_bin	<1Mb	17201	cell_LQ_to_MQ	5.81362e-05	0	0.000183669				census of frame MAGs <1 Mbp; 5886 spire_cluster clusters
S1_small_census	spire_cluster	size_bin	<1Mb	17201	cell_LQ_to_LQ	0	0	0				census of frame MAGs <1 Mbp; 5886 spire_cluster clusters
S1_small_census	spire_cluster	size_bin	<1Mb	17201	slope_d_comp_per_log10Mbp	21.2855	18.4002	24.0816				census of frame MAGs <1 Mbp; 5886 spire_cluster clusters
S1_small_census	spire_cluster	size_bin	<1Mb	17201	slope_d_cont_per_log10Mbp	2.2954	1.21397	3.44084				census of frame MAGs <1 Mbp; 5886 spire_cluster clusters
S2_rare_phylum_census	family	overall	ALL	554	p_class_change	0.5	0.450975	0.540368				census of frame MAGs in phyla with <1000 catalogue MAGs; 218 family clusters
S2_rare_phylum_census	family	overall	ALL	554	p_downgrade	0.359206	0.310713	0.402529				census of frame MAGs in phyla with <1000 catalogue MAGs; 218 family clusters
S2_rare_phylum_census	family	overall	ALL	554	p_upgrade	0.140794	0.108477	0.174488				census of frame MAGs in phyla with <1000 catalogue MAGs; 218 family clusters
S2_rare_phylum_census	family	overall	ALL	554	p_HQ_checkm2	0.393502	0.349282	0.438342				census of frame MAGs in phyla with <1000 catalogue MAGs; 218 family clusters
S2_rare_phylum_census	family	overall	ALL	554	p_HQ_magicc	0.306859	0.266892	0.355909				census of frame MAGs in phyla with <1000 catalogue MAGs; 218 family clusters
S2_rare_phylum_census	family	overall	ALL	554	HQ_downgrade_rate	0.577982	0.502388	0.642349				census of frame MAGs in phyla with <1000 catalogue MAGs; 218 family clusters
S2_rare_phylum_census	family	overall	ALL	554	HQ_to_MQ_rate	0.357798	0.283473	0.427781				census of frame MAGs in phyla with <1000 catalogue MAGs; 218 family clusters
S2_rare_phylum_census	family	overall	ALL	554	HQ_to_LQ_rate	0.220183	0.156233	0.279768				census of frame MAGs in phyla with <1000 catalogue MAGs; 218 family clusters
S2_rare_phylum_census	family	overall	ALL	554	MQ_to_HQ_rate	0.232143	0.183799	0.284354				census of frame MAGs in phyla with <1000 catalogue MAGs; 218 family clusters
S2_rare_phylum_census	family	overall	ALL	554	MQ_to_LQ_rate	0.217262	0.167223	0.268499				census of frame MAGs in phyla with <1000 catalogue MAGs; 218 family clusters
S2_rare_phylum_census	family	overall	ALL	554	LQ_to_higher_rate	nan	nan	nan				census of frame MAGs in phyla with <1000 catalogue MAGs; 218 family clusters
S2_rare_phylum_census	family	overall	ALL	554	cont5_disagreement_rate	0.27115	0.223788	0.326801				census of frame MAGs in phyla with <1000 catalogue MAGs; 218 family clusters
S2_rare_phylum_census	family	overall	ALL	554	floor_rate	0.00180505	0	0.00607318				census of frame MAGs in phyla with <1000 catalogue MAGs; 218 family clusters
S2_rare_phylum_census	family	overall	ALL	554	floor_rate_exact50	0	0	0				census of frame MAGs in phyla with <1000 catalogue MAGs; 218 family clusters
S2_rare_phylum_census	family	overall	ALL	554	mean_d_comp	-0.306082	-1.97782	1.37234				census of frame MAGs in phyla with <1000 catalogue MAGs; 218 family clusters
S2_rare_phylum_census	family	overall	ALL	554	mean_d_cont	5.23415	3.63769	6.58584				census of frame MAGs in phyla with <1000 catalogue MAGs; 218 family clusters
S2_rare_phylum_census	family	overall	ALL	554	mean_comp_checkm2	83.5644	82.2453	84.7203				census of frame MAGs in phyla with <1000 catalogue MAGs; 218 family clusters
S2_rare_phylum_census	family	overall	ALL	554	mean_comp_magicc	83.2583	81.5897	84.802				census of frame MAGs in phyla with <1000 catalogue MAGs; 218 family clusters
S2_rare_phylum_census	family	overall	ALL	554	mean_cont_checkm2	2.53603	2.2278	2.84989				census of frame MAGs in phyla with <1000 catalogue MAGs; 218 family clusters
S2_rare_phylum_census	family	overall	ALL	554	mean_cont_magicc	7.77018	6.06818	9.18816				census of frame MAGs in phyla with <1000 catalogue MAGs; 218 family clusters
S2_rare_phylum_census	family	overall	ALL	554	cell_HQ_to_HQ	0.166065	0.135623	0.20122				census of frame MAGs in phyla with <1000 catalogue MAGs; 218 family clusters
S2_rare_phylum_census	family	overall	ALL	554	cell_HQ_to_MQ	0.140794	0.108048	0.173128				census of frame MAGs in phyla with <1000 catalogue MAGs; 218 family clusters
S2_rare_phylum_census	family	overall	ALL	554	cell_HQ_to_LQ	0.0866426	0.0602106	0.112417				census of frame MAGs in phyla with <1000 catalogue MAGs; 218 family clusters
S2_rare_phylum_census	family	overall	ALL	554	cell_MQ_to_HQ	0.140794	0.108477	0.174488				census of frame MAGs in phyla with <1000 catalogue MAGs; 218 family clusters
S2_rare_phylum_census	family	overall	ALL	554	cell_MQ_to_MQ	0.333935	0.291843	0.374526				census of frame MAGs in phyla with <1000 catalogue MAGs; 218 family clusters
S2_rare_phylum_census	family	overall	ALL	554	cell_MQ_to_LQ	0.131769	0.099683	0.164457				census of frame MAGs in phyla with <1000 catalogue MAGs; 218 family clusters
S2_rare_phylum_census	family	overall	ALL	554	cell_LQ_to_HQ	0	0	0				census of frame MAGs in phyla with <1000 catalogue MAGs; 218 family clusters
S2_rare_phylum_census	family	overall	ALL	554	cell_LQ_to_MQ	0	0	0				census of frame MAGs in phyla with <1000 catalogue MAGs; 218 family clusters
S2_rare_phylum_census	family	overall	ALL	554	cell_LQ_to_LQ	0	0	0				census of frame MAGs in phyla with <1000 catalogue MAGs; 218 family clusters
S2_rare_phylum_census	family	overall	ALL	554	slope_d_comp_per_log10Mbp	22.3979	15.7984	30.0134				census of frame MAGs in phyla with <1000 catalogue MAGs; 218 family clusters
S2_rare_phylum_census	family	overall	ALL	554	slope_d_cont_per_log10Mbp	22.5657	7.60954	33.9299				census of frame MAGs in phyla with <1000 catalogue MAGs; 218 family clusters
S2_rare_phylum_census	family	size_bin	1-2Mb	174	p_class_change	0.413793	0.324868	0.493979				census of frame MAGs in phyla with <1000 catalogue MAGs; 218 family clusters
S2_rare_phylum_census	family	size_bin	1-2Mb	174	p_downgrade	0.350575	0.266667	0.432448				census of frame MAGs in phyla with <1000 catalogue MAGs; 218 family clusters
S2_rare_phylum_census	family	size_bin	1-2Mb	174	p_upgrade	0.0632184	0.0285664	0.0994152				census of frame MAGs in phyla with <1000 catalogue MAGs; 218 family clusters
S2_rare_phylum_census	family	size_bin	1-2Mb	174	p_HQ_checkm2	0.344828	0.278403	0.418302				census of frame MAGs in phyla with <1000 catalogue MAGs; 218 family clusters
S2_rare_phylum_census	family	size_bin	1-2Mb	174	p_HQ_magicc	0.16092	0.103614	0.223608				census of frame MAGs in phyla with <1000 catalogue MAGs; 218 family clusters
S2_rare_phylum_census	family	size_bin	1-2Mb	174	HQ_downgrade_rate	0.716667	0.576226	0.831329				census of frame MAGs in phyla with <1000 catalogue MAGs; 218 family clusters
S2_rare_phylum_census	family	size_bin	1-2Mb	174	HQ_to_MQ_rate	0.566667	0.42	0.694953				census of frame MAGs in phyla with <1000 catalogue MAGs; 218 family clusters
S2_rare_phylum_census	family	size_bin	1-2Mb	174	HQ_to_LQ_rate	0.15	0.0655738	0.25				census of frame MAGs in phyla with <1000 catalogue MAGs; 218 family clusters
S2_rare_phylum_census	family	size_bin	1-2Mb	174	MQ_to_HQ_rate	0.0964912	0.0425532	0.152183				census of frame MAGs in phyla with <1000 catalogue MAGs; 218 family clusters
S2_rare_phylum_census	family	size_bin	1-2Mb	174	MQ_to_LQ_rate	0.157895	0.088481	0.238116				census of frame MAGs in phyla with <1000 catalogue MAGs; 218 family clusters
S2_rare_phylum_census	family	size_bin	1-2Mb	174	LQ_to_higher_rate	nan	nan	nan				census of frame MAGs in phyla with <1000 catalogue MAGs; 218 family clusters
S2_rare_phylum_census	family	size_bin	1-2Mb	174	cont5_disagreement_rate	0.253165	0.184524	0.340278				census of frame MAGs in phyla with <1000 catalogue MAGs; 218 family clusters
S2_rare_phylum_census	family	size_bin	1-2Mb	174	floor_rate	0.00574713	0	0.0192339				census of frame MAGs in phyla with <1000 catalogue MAGs; 218 family clusters
S2_rare_phylum_census	family	size_bin	1-2Mb	174	floor_rate_exact50	0	0	0				census of frame MAGs in phyla with <1000 catalogue MAGs; 218 family clusters
S2_rare_phylum_census	family	size_bin	1-2Mb	174	mean_d_comp	-6.00191	-9.02661	-3.18699				census of frame MAGs in phyla with <1000 catalogue MAGs; 218 family clusters
S2_rare_phylum_census	family	size_bin	1-2Mb	174	mean_d_cont	3.71649	1.74112	6.26469				census of frame MAGs in phyla with <1000 catalogue MAGs; 218 family clusters
S2_rare_phylum_census	family	size_bin	1-2Mb	174	mean_comp_checkm2	79.2321	76.5221	81.6932				census of frame MAGs in phyla with <1000 catalogue MAGs; 218 family clusters
S2_rare_phylum_census	family	size_bin	1-2Mb	174	mean_comp_magicc	73.2302	70.1971	75.9572				census of frame MAGs in phyla with <1000 catalogue MAGs; 218 family clusters
S2_rare_phylum_census	family	size_bin	1-2Mb	174	mean_cont_checkm2	1.70828	1.34616	2.12722				census of frame MAGs in phyla with <1000 catalogue MAGs; 218 family clusters
S2_rare_phylum_census	family	size_bin	1-2Mb	174	mean_cont_magicc	5.42477	3.48472	7.9086				census of frame MAGs in phyla with <1000 catalogue MAGs; 218 family clusters
S2_rare_phylum_census	family	size_bin	1-2Mb	174	cell_HQ_to_HQ	0.0977011	0.0577938	0.146341				census of frame MAGs in phyla with <1000 catalogue MAGs; 218 family clusters
S2_rare_phylum_census	family	size_bin	1-2Mb	174	cell_HQ_to_MQ	0.195402	0.128354	0.262837				census of frame MAGs in phyla with <1000 catalogue MAGs; 218 family clusters
S2_rare_phylum_census	family	size_bin	1-2Mb	174	cell_HQ_to_LQ	0.0517241	0.0216187	0.0852786				census of frame MAGs in phyla with <1000 catalogue MAGs; 218 family clusters
S2_rare_phylum_census	family	size_bin	1-2Mb	174	cell_MQ_to_HQ	0.0632184	0.0285664	0.0994152				census of frame MAGs in phyla with <1000 catalogue MAGs; 218 family clusters
S2_rare_phylum_census	family	size_bin	1-2Mb	174	cell_MQ_to_MQ	0.488506	0.409632	0.571447				census of frame MAGs in phyla with <1000 catalogue MAGs; 218 family clusters
S2_rare_phylum_census	family	size_bin	1-2Mb	174	cell_MQ_to_LQ	0.103448	0.0569555	0.15814				census of frame MAGs in phyla with <1000 catalogue MAGs; 218 family clusters
S2_rare_phylum_census	family	size_bin	1-2Mb	174	cell_LQ_to_HQ	0	0	0				census of frame MAGs in phyla with <1000 catalogue MAGs; 218 family clusters
S2_rare_phylum_census	family	size_bin	1-2Mb	174	cell_LQ_to_MQ	0	0	0				census of frame MAGs in phyla with <1000 catalogue MAGs; 218 family clusters
S2_rare_phylum_census	family	size_bin	1-2Mb	174	cell_LQ_to_LQ	0	0	0				census of frame MAGs in phyla with <1000 catalogue MAGs; 218 family clusters
S2_rare_phylum_census	family	size_bin	1-2Mb	174	slope_d_comp_per_log10Mbp	52.155	17.7553	82.0692				census of frame MAGs in phyla with <1000 catalogue MAGs; 218 family clusters
S2_rare_phylum_census	family	size_bin	1-2Mb	174	slope_d_cont_per_log10Mbp	-21.2158	-40.0705	-4.76964				census of frame MAGs in phyla with <1000 catalogue MAGs; 218 family clusters
S2_rare_phylum_census	family	size_bin	2-3Mb	177	p_class_change	0.418079	0.356724	0.492671				census of frame MAGs in phyla with <1000 catalogue MAGs; 218 family clusters
S2_rare_phylum_census	family	size_bin	2-3Mb	177	p_downgrade	0.299435	0.236264	0.372555				census of frame MAGs in phyla with <1000 catalogue MAGs; 218 family clusters
S2_rare_phylum_census	family	size_bin	2-3Mb	177	p_upgrade	0.118644	0.0721637	0.172775				census of frame MAGs in phyla with <1000 catalogue MAGs; 218 family clusters
S2_rare_phylum_census	family	size_bin	2-3Mb	177	p_HQ_checkm2	0.440678	0.364162	0.51547				census of frame MAGs in phyla with <1000 catalogue MAGs; 218 family clusters
S2_rare_phylum_census	family	size_bin	2-3Mb	177	p_HQ_magicc	0.333333	0.247188	0.417815				census of frame MAGs in phyla with <1000 catalogue MAGs; 218 family clusters
S2_rare_phylum_census	family	size_bin	2-3Mb	177	HQ_downgrade_rate	0.512821	0.412444	0.625				census of frame MAGs in phyla with <1000 catalogue MAGs; 218 family clusters
S2_rare_phylum_census	family	size_bin	2-3Mb	177	HQ_to_MQ_rate	0.397436	0.290311	0.516879				census of frame MAGs in phyla with <1000 catalogue MAGs; 218 family clusters
S2_rare_phylum_census	family	size_bin	2-3Mb	177	HQ_to_LQ_rate	0.115385	0.0540541	0.189189				census of frame MAGs in phyla with <1000 catalogue MAGs; 218 family clusters
S2_rare_phylum_census	family	size_bin	2-3Mb	177	MQ_to_HQ_rate	0.212121	0.1287	0.3125				census of frame MAGs in phyla with <1000 catalogue MAGs; 218 family clusters
S2_rare_phylum_census	family	size_bin	2-3Mb	177	MQ_to_LQ_rate	0.131313	0.0640957	0.214308				census of frame MAGs in phyla with <1000 catalogue MAGs; 218 family clusters
S2_rare_phylum_census	family	size_bin	2-3Mb	177	LQ_to_higher_rate	nan	nan	nan				census of frame MAGs in phyla with <1000 catalogue MAGs; 218 family clusters
S2_rare_phylum_census	family	size_bin	2-3Mb	177	cont5_disagreement_rate	0.191083	0.127365	0.268985				census of frame MAGs in phyla with <1000 catalogue MAGs; 218 family clusters
S2_rare_phylum_census	family	size_bin	2-3Mb	177	floor_rate	0	0	0				census of frame MAGs in phyla with <1000 catalogue MAGs; 218 family clusters
S2_rare_phylum_census	family	size_bin	2-3Mb	177	floor_rate_exact50	0	0	0				census of frame MAGs in phyla with <1000 catalogue MAGs; 218 family clusters
S2_rare_phylum_census	family	size_bin	2-3Mb	177	mean_d_comp	-1.63971	-3.77385	0.608596				census of frame MAGs in phyla with <1000 catalogue MAGs; 218 family clusters
S2_rare_phylum_census	family	size_bin	2-3Mb	177	mean_d_cont	1.61235	0.339848	3.25623				census of frame MAGs in phyla with <1000 catalogue MAGs; 218 family clusters
S2_rare_phylum_census	family	size_bin	2-3Mb	177	mean_comp_checkm2	84.9376	82.3254	87.1542				census of frame MAGs in phyla with <1000 catalogue MAGs; 218 family clusters
S2_rare_phylum_census	family	size_bin	2-3Mb	177	mean_comp_magicc	83.2979	80.4532	85.9358				census of frame MAGs in phyla with <1000 catalogue MAGs; 218 family clusters
S2_rare_phylum_census	family	size_bin	2-3Mb	177	mean_cont_checkm2	2.2978	1.91385	2.70429				census of frame MAGs in phyla with <1000 catalogue MAGs; 218 family clusters
S2_rare_phylum_census	family	size_bin	2-3Mb	177	mean_cont_magicc	3.91014	2.67003	5.52407				census of frame MAGs in phyla with <1000 catalogue MAGs; 218 family clusters
S2_rare_phylum_census	family	size_bin	2-3Mb	177	cell_HQ_to_HQ	0.214689	0.148649	0.274396				census of frame MAGs in phyla with <1000 catalogue MAGs; 218 family clusters
S2_rare_phylum_census	family	size_bin	2-3Mb	177	cell_HQ_to_MQ	0.175141	0.122431	0.226601				census of frame MAGs in phyla with <1000 catalogue MAGs; 218 family clusters
S2_rare_phylum_census	family	size_bin	2-3Mb	177	cell_HQ_to_LQ	0.0508475	0.0224719	0.0857143				census of frame MAGs in phyla with <1000 catalogue MAGs; 218 family clusters
S2_rare_phylum_census	family	size_bin	2-3Mb	177	cell_MQ_to_HQ	0.118644	0.0721637	0.172775				census of frame MAGs in phyla with <1000 catalogue MAGs; 218 family clusters
S2_rare_phylum_census	family	size_bin	2-3Mb	177	cell_MQ_to_MQ	0.367232	0.283328	0.447718				census of frame MAGs in phyla with <1000 catalogue MAGs; 218 family clusters
S2_rare_phylum_census	family	size_bin	2-3Mb	177	cell_MQ_to_LQ	0.0734463	0.0349913	0.123542				census of frame MAGs in phyla with <1000 catalogue MAGs; 218 family clusters
S2_rare_phylum_census	family	size_bin	2-3Mb	177	cell_LQ_to_HQ	0	0	0				census of frame MAGs in phyla with <1000 catalogue MAGs; 218 family clusters
S2_rare_phylum_census	family	size_bin	2-3Mb	177	cell_LQ_to_MQ	0	0	0				census of frame MAGs in phyla with <1000 catalogue MAGs; 218 family clusters
S2_rare_phylum_census	family	size_bin	2-3Mb	177	cell_LQ_to_LQ	0	0	0				census of frame MAGs in phyla with <1000 catalogue MAGs; 218 family clusters
S2_rare_phylum_census	family	size_bin	2-3Mb	177	slope_d_comp_per_log10Mbp	41.1247	0.717756	86.8292				census of frame MAGs in phyla with <1000 catalogue MAGs; 218 family clusters
S2_rare_phylum_census	family	size_bin	2-3Mb	177	slope_d_cont_per_log10Mbp	0.988435	-24.0494	24.2093				census of frame MAGs in phyla with <1000 catalogue MAGs; 218 family clusters
S2_rare_phylum_census	family	size_bin	3-5Mb	158	p_class_change	0.594937	0.509918	0.671062				census of frame MAGs in phyla with <1000 catalogue MAGs; 218 family clusters
S2_rare_phylum_census	family	size_bin	3-5Mb	158	p_downgrade	0.341772	0.261072	0.429489				census of frame MAGs in phyla with <1000 catalogue MAGs; 218 family clusters
S2_rare_phylum_census	family	size_bin	3-5Mb	158	p_upgrade	0.253165	0.168063	0.329133				census of frame MAGs in phyla with <1000 catalogue MAGs; 218 family clusters
S2_rare_phylum_census	family	size_bin	3-5Mb	158	p_HQ_checkm2	0.417722	0.33582	0.503547				census of frame MAGs in phyla with <1000 catalogue MAGs; 218 family clusters
S2_rare_phylum_census	family	size_bin	3-5Mb	158	p_HQ_magicc	0.462025	0.381423	0.544234				census of frame MAGs in phyla with <1000 catalogue MAGs; 218 family clusters
S2_rare_phylum_census	family	size_bin	3-5Mb	158	HQ_downgrade_rate	0.5	0.357143	0.622951				census of frame MAGs in phyla with <1000 catalogue MAGs; 218 family clusters
S2_rare_phylum_census	family	size_bin	3-5Mb	158	HQ_to_MQ_rate	0.136364	0.0508263	0.227273				census of frame MAGs in phyla with <1000 catalogue MAGs; 218 family clusters
S2_rare_phylum_census	family	size_bin	3-5Mb	158	HQ_to_LQ_rate	0.363636	0.233961	0.481513				census of frame MAGs in phyla with <1000 catalogue MAGs; 218 family clusters
S2_rare_phylum_census	family	size_bin	3-5Mb	158	MQ_to_HQ_rate	0.434783	0.310333	0.537754				census of frame MAGs in phyla with <1000 catalogue MAGs; 218 family clusters
S2_rare_phylum_census	family	size_bin	3-5Mb	158	MQ_to_LQ_rate	0.228261	0.140625	0.338247				census of frame MAGs in phyla with <1000 catalogue MAGs; 218 family clusters
S2_rare_phylum_census	family	size_bin	3-5Mb	158	LQ_to_higher_rate	nan	nan	nan				census of frame MAGs in phyla with <1000 catalogue MAGs; 218 family clusters
S2_rare_phylum_census	family	size_bin	3-5Mb	158	cont5_disagreement_rate	0.338583	0.25	0.436515				census of frame MAGs in phyla with <1000 catalogue MAGs; 218 family clusters
S2_rare_phylum_census	family	size_bin	3-5Mb	158	floor_rate	0	0	0				census of frame MAGs in phyla with <1000 catalogue MAGs; 218 family clusters
S2_rare_phylum_census	family	size_bin	3-5Mb	158	floor_rate_exact50	0	0	0				census of frame MAGs in phyla with <1000 catalogue MAGs; 218 family clusters
S2_rare_phylum_census	family	size_bin	3-5Mb	158	mean_d_comp	6.61199	4.01178	9.43682				census of frame MAGs in phyla with <1000 catalogue MAGs; 218 family clusters
S2_rare_phylum_census	family	size_bin	3-5Mb	158	mean_d_cont	5.12377	3.17139	7.35547				census of frame MAGs in phyla with <1000 catalogue MAGs; 218 family clusters
S2_rare_phylum_census	family	size_bin	3-5Mb	158	mean_comp_checkm2	84.7007	82.3711	86.7377				census of frame MAGs in phyla with <1000 catalogue MAGs; 218 family clusters
S2_rare_phylum_census	family	size_bin	3-5Mb	158	mean_comp_magicc	91.3127	89.4274	93.0372				census of frame MAGs in phyla with <1000 catalogue MAGs; 218 family clusters
S2_rare_phylum_census	family	size_bin	3-5Mb	158	mean_cont_checkm2	2.95342	2.56212	3.31407				census of frame MAGs in phyla with <1000 catalogue MAGs; 218 family clusters
S2_rare_phylum_census	family	size_bin	3-5Mb	158	mean_cont_magicc	8.07719	6.18497	10.209				census of frame MAGs in phyla with <1000 catalogue MAGs; 218 family clusters
S2_rare_phylum_census	family	size_bin	3-5Mb	158	cell_HQ_to_HQ	0.208861	0.147879	0.283468				census of frame MAGs in phyla with <1000 catalogue MAGs; 218 family clusters
S2_rare_phylum_census	family	size_bin	3-5Mb	158	cell_HQ_to_MQ	0.056962	0.021421	0.0982714				census of frame MAGs in phyla with <1000 catalogue MAGs; 218 family clusters
S2_rare_phylum_census	family	size_bin	3-5Mb	158	cell_HQ_to_LQ	0.151899	0.0937318	0.2126				census of frame MAGs in phyla with <1000 catalogue MAGs; 218 family clusters
S2_rare_phylum_census	family	size_bin	3-5Mb	158	cell_MQ_to_HQ	0.253165	0.168063	0.329133				census of frame MAGs in phyla with <1000 catalogue MAGs; 218 family clusters
S2_rare_phylum_census	family	size_bin	3-5Mb	158	cell_MQ_to_MQ	0.196203	0.13513	0.257872				census of frame MAGs in phyla with <1000 catalogue MAGs; 218 family clusters
S2_rare_phylum_census	family	size_bin	3-5Mb	158	cell_MQ_to_LQ	0.132911	0.0808081	0.196735				census of frame MAGs in phyla with <1000 catalogue MAGs; 218 family clusters
S2_rare_phylum_census	family	size_bin	3-5Mb	158	cell_LQ_to_HQ	0	0	0				census of frame MAGs in phyla with <1000 catalogue MAGs; 218 family clusters
S2_rare_phylum_census	family	size_bin	3-5Mb	158	cell_LQ_to_MQ	0	0	0				census of frame MAGs in phyla with <1000 catalogue MAGs; 218 family clusters
S2_rare_phylum_census	family	size_bin	3-5Mb	158	cell_LQ_to_LQ	0	0	0				census of frame MAGs in phyla with <1000 catalogue MAGs; 218 family clusters
S2_rare_phylum_census	family	size_bin	3-5Mb	158	slope_d_comp_per_log10Mbp	5.48917	-27.6321	40.2578				census of frame MAGs in phyla with <1000 catalogue MAGs; 218 family clusters
S2_rare_phylum_census	family	size_bin	3-5Mb	158	slope_d_cont_per_log10Mbp	37.7199	9.43469	71.9696				census of frame MAGs in phyla with <1000 catalogue MAGs; 218 family clusters
S2_rare_phylum_census	family	size_bin	>5Mb	45	p_class_change	0.822222	0.727236	0.933333				census of frame MAGs in phyla with <1000 catalogue MAGs; 218 family clusters
S2_rare_phylum_census	family	size_bin	>5Mb	45	p_downgrade	0.688889	0.571429	0.775				census of frame MAGs in phyla with <1000 catalogue MAGs; 218 family clusters
S2_rare_phylum_census	family	size_bin	>5Mb	45	p_upgrade	0.133333	0.0416667	0.277778				census of frame MAGs in phyla with <1000 catalogue MAGs; 218 family clusters
S2_rare_phylum_census	family	size_bin	>5Mb	45	p_HQ_checkm2	0.311111	0.169485	0.517241				census of frame MAGs in phyla with <1000 catalogue MAGs; 218 family clusters
S2_rare_phylum_census	family	size_bin	>5Mb	45	p_HQ_magicc	0.222222	0.102032	0.413814				census of frame MAGs in phyla with <1000 catalogue MAGs; 218 family clusters
S2_rare_phylum_census	family	size_bin	>5Mb	45	HQ_downgrade_rate	0.714286	0.461538	0.933333				census of frame MAGs in phyla with <1000 catalogue MAGs; 218 family clusters
S2_rare_phylum_census	family	size_bin	>5Mb	45	HQ_to_MQ_rate	0.285714	0.0665625	0.533462				census of frame MAGs in phyla with <1000 catalogue MAGs; 218 family clusters
S2_rare_phylum_census	family	size_bin	>5Mb	45	HQ_to_LQ_rate	0.428571	0.133333	0.705882				census of frame MAGs in phyla with <1000 catalogue MAGs; 218 family clusters
S2_rare_phylum_census	family	size_bin	>5Mb	45	MQ_to_HQ_rate	0.193548	0.0625	0.421053				census of frame MAGs in phyla with <1000 catalogue MAGs; 218 family clusters
S2_rare_phylum_census	family	size_bin	>5Mb	45	MQ_to_LQ_rate	0.677419	0.55	0.78125				census of frame MAGs in phyla with <1000 catalogue MAGs; 218 family clusters
S2_rare_phylum_census	family	size_bin	>5Mb	45	LQ_to_higher_rate	nan	nan	nan				census of frame MAGs in phyla with <1000 catalogue MAGs; 218 family clusters
S2_rare_phylum_census	family	size_bin	>5Mb	45	cont5_disagreement_rate	0.631579	0.416544	0.823529				census of frame MAGs in phyla with <1000 catalogue MAGs; 218 family clusters
S2_rare_phylum_census	family	size_bin	>5Mb	45	floor_rate	0	0	0				census of frame MAGs in phyla with <1000 catalogue MAGs; 218 family clusters
S2_rare_phylum_census	family	size_bin	>5Mb	45	floor_rate_exact50	0	0	0				census of frame MAGs in phyla with <1000 catalogue MAGs; 218 family clusters
S2_rare_phylum_census	family	size_bin	>5Mb	45	mean_d_comp	2.67325	-1.07269	7.05819				census of frame MAGs in phyla with <1000 catalogue MAGs; 218 family clusters
S2_rare_phylum_census	family	size_bin	>5Mb	45	mean_d_cont	25.7358	14.6825	38.9804				census of frame MAGs in phyla with <1000 catalogue MAGs; 218 family clusters
S2_rare_phylum_census	family	size_bin	>5Mb	45	mean_comp_checkm2	90.9253	87.3051	93.5592				census of frame MAGs in phyla with <1000 catalogue MAGs; 218 family clusters
S2_rare_phylum_census	family	size_bin	>5Mb	45	mean_comp_magicc	93.5986	91.5091	95.5378				census of frame MAGs in phyla with <1000 catalogue MAGs; 218 family clusters
S2_rare_phylum_census	family	size_bin	>5Mb	45	mean_cont_checkm2	5.20822	3.53457	6.18505				census of frame MAGs in phyla with <1000 catalogue MAGs; 218 family clusters
S2_rare_phylum_census	family	size_bin	>5Mb	45	mean_cont_magicc	30.944	19.0413	44.1824				census of frame MAGs in phyla with <1000 catalogue MAGs; 218 family clusters
S2_rare_phylum_census	family	size_bin	>5Mb	45	cell_HQ_to_HQ	0.0888889	0.015873	0.208388				census of frame MAGs in phyla with <1000 catalogue MAGs; 218 family clusters
S2_rare_phylum_census	family	size_bin	>5Mb	45	cell_HQ_to_MQ	0.0888889	0.0196078	0.175				census of frame MAGs in phyla with <1000 catalogue MAGs; 218 family clusters
S2_rare_phylum_census	family	size_bin	>5Mb	45	cell_HQ_to_LQ	0.133333	0.0384259	0.266667				census of frame MAGs in phyla with <1000 catalogue MAGs; 218 family clusters
S2_rare_phylum_census	family	size_bin	>5Mb	45	cell_MQ_to_HQ	0.133333	0.0416667	0.277778				census of frame MAGs in phyla with <1000 catalogue MAGs; 218 family clusters
S2_rare_phylum_census	family	size_bin	>5Mb	45	cell_MQ_to_MQ	0.0888889	0	0.164709				census of frame MAGs in phyla with <1000 catalogue MAGs; 218 family clusters
S2_rare_phylum_census	family	size_bin	>5Mb	45	cell_MQ_to_LQ	0.466667	0.3	0.583373				census of frame MAGs in phyla with <1000 catalogue MAGs; 218 family clusters
S2_rare_phylum_census	family	size_bin	>5Mb	45	cell_LQ_to_HQ	0	0	0				census of frame MAGs in phyla with <1000 catalogue MAGs; 218 family clusters
S2_rare_phylum_census	family	size_bin	>5Mb	45	cell_LQ_to_MQ	0	0	0				census of frame MAGs in phyla with <1000 catalogue MAGs; 218 family clusters
S2_rare_phylum_census	family	size_bin	>5Mb	45	cell_LQ_to_LQ	0	0	0				census of frame MAGs in phyla with <1000 catalogue MAGs; 218 family clusters
S2_rare_phylum_census	family	size_bin	>5Mb	45	slope_d_comp_per_log10Mbp	9.68428	-109.368	16.7146				census of frame MAGs in phyla with <1000 catalogue MAGs; 218 family clusters
S2_rare_phylum_census	family	size_bin	>5Mb	45	slope_d_cont_per_log10Mbp	88.5959	-47.5842	215.353				census of frame MAGs in phyla with <1000 catalogue MAGs; 218 family clusters
S2_rare_phylum_census	family	lineage_reduction	<-1 (>=2x reduced)	3	p_class_change	0.333333	0	1				census of frame MAGs in phyla with <1000 catalogue MAGs; 218 family clusters
S2_rare_phylum_census	family	lineage_reduction	<-1 (>=2x reduced)	3	p_downgrade	0.333333	0	1				census of frame MAGs in phyla with <1000 catalogue MAGs; 218 family clusters
S2_rare_phylum_census	family	lineage_reduction	<-1 (>=2x reduced)	3	p_upgrade	0	0	0				census of frame MAGs in phyla with <1000 catalogue MAGs; 218 family clusters
S2_rare_phylum_census	family	lineage_reduction	<-1 (>=2x reduced)	3	p_HQ_checkm2	0	0	0				census of frame MAGs in phyla with <1000 catalogue MAGs; 218 family clusters
S2_rare_phylum_census	family	lineage_reduction	<-1 (>=2x reduced)	3	p_HQ_magicc	0	0	0				census of frame MAGs in phyla with <1000 catalogue MAGs; 218 family clusters
S2_rare_phylum_census	family	lineage_reduction	<-1 (>=2x reduced)	3	HQ_downgrade_rate	nan	nan	nan				census of frame MAGs in phyla with <1000 catalogue MAGs; 218 family clusters
S2_rare_phylum_census	family	lineage_reduction	<-1 (>=2x reduced)	3	HQ_to_MQ_rate	nan	nan	nan				census of frame MAGs in phyla with <1000 catalogue MAGs; 218 family clusters
S2_rare_phylum_census	family	lineage_reduction	<-1 (>=2x reduced)	3	HQ_to_LQ_rate	nan	nan	nan				census of frame MAGs in phyla with <1000 catalogue MAGs; 218 family clusters
S2_rare_phylum_census	family	lineage_reduction	<-1 (>=2x reduced)	3	MQ_to_HQ_rate	0	0	0				census of frame MAGs in phyla with <1000 catalogue MAGs; 218 family clusters
S2_rare_phylum_census	family	lineage_reduction	<-1 (>=2x reduced)	3	MQ_to_LQ_rate	0.333333	0	1				census of frame MAGs in phyla with <1000 catalogue MAGs; 218 family clusters
S2_rare_phylum_census	family	lineage_reduction	<-1 (>=2x reduced)	3	LQ_to_higher_rate	nan	nan	nan				census of frame MAGs in phyla with <1000 catalogue MAGs; 218 family clusters
S2_rare_phylum_census	family	lineage_reduction	<-1 (>=2x reduced)	3	cont5_disagreement_rate	0.333333	0	1				census of frame MAGs in phyla with <1000 catalogue MAGs; 218 family clusters
S2_rare_phylum_census	family	lineage_reduction	<-1 (>=2x reduced)	3	floor_rate	0	0	0				census of frame MAGs in phyla with <1000 catalogue MAGs; 218 family clusters
S2_rare_phylum_census	family	lineage_reduction	<-1 (>=2x reduced)	3	floor_rate_exact50	0	0	0				census of frame MAGs in phyla with <1000 catalogue MAGs; 218 family clusters
S2_rare_phylum_census	family	lineage_reduction	<-1 (>=2x reduced)	3	mean_d_comp	0.4488	-13.0147	9.4955				census of frame MAGs in phyla with <1000 catalogue MAGs; 218 family clusters
S2_rare_phylum_census	family	lineage_reduction	<-1 (>=2x reduced)	3	mean_d_cont	4.2013	-1.107	13.2137				census of frame MAGs in phyla with <1000 catalogue MAGs; 218 family clusters
S2_rare_phylum_census	family	lineage_reduction	<-1 (>=2x reduced)	3	mean_comp_checkm2	64.6333	56.55	73.17				census of frame MAGs in phyla with <1000 catalogue MAGs; 218 family clusters
S2_rare_phylum_census	family	lineage_reduction	<-1 (>=2x reduced)	3	mean_comp_magicc	65.0821	60.1553	69.0456				census of frame MAGs in phyla with <1000 catalogue MAGs; 218 family clusters
S2_rare_phylum_census	family	lineage_reduction	<-1 (>=2x reduced)	3	mean_cont_checkm2	0.546667	0.07	1.31				census of frame MAGs in phyla with <1000 catalogue MAGs; 218 family clusters
S2_rare_phylum_census	family	lineage_reduction	<-1 (>=2x reduced)	3	mean_cont_magicc	4.74797	0.203	13.4737				census of frame MAGs in phyla with <1000 catalogue MAGs; 218 family clusters
S2_rare_phylum_census	family	lineage_reduction	<-1 (>=2x reduced)	3	cell_HQ_to_HQ	0	0	0				census of frame MAGs in phyla with <1000 catalogue MAGs; 218 family clusters
S2_rare_phylum_census	family	lineage_reduction	<-1 (>=2x reduced)	3	cell_HQ_to_MQ	0	0	0				census of frame MAGs in phyla with <1000 catalogue MAGs; 218 family clusters
S2_rare_phylum_census	family	lineage_reduction	<-1 (>=2x reduced)	3	cell_HQ_to_LQ	0	0	0				census of frame MAGs in phyla with <1000 catalogue MAGs; 218 family clusters
S2_rare_phylum_census	family	lineage_reduction	<-1 (>=2x reduced)	3	cell_MQ_to_HQ	0	0	0				census of frame MAGs in phyla with <1000 catalogue MAGs; 218 family clusters
S2_rare_phylum_census	family	lineage_reduction	<-1 (>=2x reduced)	3	cell_MQ_to_MQ	0.666667	0	1				census of frame MAGs in phyla with <1000 catalogue MAGs; 218 family clusters
S2_rare_phylum_census	family	lineage_reduction	<-1 (>=2x reduced)	3	cell_MQ_to_LQ	0.333333	0	1				census of frame MAGs in phyla with <1000 catalogue MAGs; 218 family clusters
S2_rare_phylum_census	family	lineage_reduction	<-1 (>=2x reduced)	3	cell_LQ_to_HQ	0	0	0				census of frame MAGs in phyla with <1000 catalogue MAGs; 218 family clusters
S2_rare_phylum_census	family	lineage_reduction	<-1 (>=2x reduced)	3	cell_LQ_to_MQ	0	0	0				census of frame MAGs in phyla with <1000 catalogue MAGs; 218 family clusters
S2_rare_phylum_census	family	lineage_reduction	<-1 (>=2x reduced)	3	cell_LQ_to_LQ	0	0	0				census of frame MAGs in phyla with <1000 catalogue MAGs; 218 family clusters
S2_rare_phylum_census	family	lineage_reduction	<-1 (>=2x reduced)	3	slope_d_comp_per_log10Mbp	56.1147	-1998.96	326.638				census of frame MAGs in phyla with <1000 catalogue MAGs; 218 family clusters
S2_rare_phylum_census	family	lineage_reduction	<-1 (>=2x reduced)	3	slope_d_cont_per_log10Mbp	214.608	-142.457	261.611				census of frame MAGs in phyla with <1000 catalogue MAGs; 218 family clusters
S2_rare_phylum_census	family	lineage_reduction	-1 to -0.5	52	p_class_change	0.173077	0.0769231	0.272764				census of frame MAGs in phyla with <1000 catalogue MAGs; 218 family clusters
S2_rare_phylum_census	family	lineage_reduction	-1 to -0.5	52	p_downgrade	0.173077	0.0769231	0.272764				census of frame MAGs in phyla with <1000 catalogue MAGs; 218 family clusters
S2_rare_phylum_census	family	lineage_reduction	-1 to -0.5	52	p_upgrade	0	0	0				census of frame MAGs in phyla with <1000 catalogue MAGs; 218 family clusters
S2_rare_phylum_census	family	lineage_reduction	-1 to -0.5	52	p_HQ_checkm2	0.0384615	0	0.106383				census of frame MAGs in phyla with <1000 catalogue MAGs; 218 family clusters
S2_rare_phylum_census	family	lineage_reduction	-1 to -0.5	52	p_HQ_magicc	0	0	0				census of frame MAGs in phyla with <1000 catalogue MAGs; 218 family clusters
S2_rare_phylum_census	family	lineage_reduction	-1 to -0.5	52	HQ_downgrade_rate	1	1	1				census of frame MAGs in phyla with <1000 catalogue MAGs; 218 family clusters
S2_rare_phylum_census	family	lineage_reduction	-1 to -0.5	52	HQ_to_MQ_rate	1	1	1				census of frame MAGs in phyla with <1000 catalogue MAGs; 218 family clusters
S2_rare_phylum_census	family	lineage_reduction	-1 to -0.5	52	HQ_to_LQ_rate	0	0	0				census of frame MAGs in phyla with <1000 catalogue MAGs; 218 family clusters
S2_rare_phylum_census	family	lineage_reduction	-1 to -0.5	52	MQ_to_HQ_rate	0	0	0				census of frame MAGs in phyla with <1000 catalogue MAGs; 218 family clusters
S2_rare_phylum_census	family	lineage_reduction	-1 to -0.5	52	MQ_to_LQ_rate	0.14	0.0487805	0.229207				census of frame MAGs in phyla with <1000 catalogue MAGs; 218 family clusters
S2_rare_phylum_census	family	lineage_reduction	-1 to -0.5	52	LQ_to_higher_rate	nan	nan	nan				census of frame MAGs in phyla with <1000 catalogue MAGs; 218 family clusters
S2_rare_phylum_census	family	lineage_reduction	-1 to -0.5	52	cont5_disagreement_rate	0.162791	0.0570656	0.290356				census of frame MAGs in phyla with <1000 catalogue MAGs; 218 family clusters
S2_rare_phylum_census	family	lineage_reduction	-1 to -0.5	52	floor_rate	0.0192308	0	0.0666667				census of frame MAGs in phyla with <1000 catalogue MAGs; 218 family clusters
S2_rare_phylum_census	family	lineage_reduction	-1 to -0.5	52	floor_rate_exact50	0	0	0				census of frame MAGs in phyla with <1000 catalogue MAGs; 218 family clusters
S2_rare_phylum_census	family	lineage_reduction	-1 to -0.5	52	mean_d_comp	0.365279	-2.76335	3.80655				census of frame MAGs in phyla with <1000 catalogue MAGs; 218 family clusters
S2_rare_phylum_census	family	lineage_reduction	-1 to -0.5	52	mean_d_cont	1.25878	-0.911145	3.42167				census of frame MAGs in phyla with <1000 catalogue MAGs; 218 family clusters
S2_rare_phylum_census	family	lineage_reduction	-1 to -0.5	52	mean_comp_checkm2	63.1296	60.3242	66.2193				census of frame MAGs in phyla with <1000 catalogue MAGs; 218 family clusters
S2_rare_phylum_census	family	lineage_reduction	-1 to -0.5	52	mean_comp_magicc	63.4949	60.3991	66.9217				census of frame MAGs in phyla with <1000 catalogue MAGs; 218 family clusters
S2_rare_phylum_census	family	lineage_reduction	-1 to -0.5	52	mean_cont_checkm2	2.30731	1.49041	3.16241				census of frame MAGs in phyla with <1000 catalogue MAGs; 218 family clusters
S2_rare_phylum_census	family	lineage_reduction	-1 to -0.5	52	mean_cont_magicc	3.56609	1.66467	5.33067				census of frame MAGs in phyla with <1000 catalogue MAGs; 218 family clusters
S2_rare_phylum_census	family	lineage_reduction	-1 to -0.5	52	cell_HQ_to_HQ	0	0	0				census of frame MAGs in phyla with <1000 catalogue MAGs; 218 family clusters
S2_rare_phylum_census	family	lineage_reduction	-1 to -0.5	52	cell_HQ_to_MQ	0.0384615	0	0.106383				census of frame MAGs in phyla with <1000 catalogue MAGs; 218 family clusters
S2_rare_phylum_census	family	lineage_reduction	-1 to -0.5	52	cell_HQ_to_LQ	0	0	0				census of frame MAGs in phyla with <1000 catalogue MAGs; 218 family clusters
S2_rare_phylum_census	family	lineage_reduction	-1 to -0.5	52	cell_MQ_to_HQ	0	0	0				census of frame MAGs in phyla with <1000 catalogue MAGs; 218 family clusters
S2_rare_phylum_census	family	lineage_reduction	-1 to -0.5	52	cell_MQ_to_MQ	0.826923	0.727236	0.923077				census of frame MAGs in phyla with <1000 catalogue MAGs; 218 family clusters
S2_rare_phylum_census	family	lineage_reduction	-1 to -0.5	52	cell_MQ_to_LQ	0.134615	0.0465116	0.222222				census of frame MAGs in phyla with <1000 catalogue MAGs; 218 family clusters
S2_rare_phylum_census	family	lineage_reduction	-1 to -0.5	52	cell_LQ_to_HQ	0	0	0				census of frame MAGs in phyla with <1000 catalogue MAGs; 218 family clusters
S2_rare_phylum_census	family	lineage_reduction	-1 to -0.5	52	cell_LQ_to_MQ	0	0	0				census of frame MAGs in phyla with <1000 catalogue MAGs; 218 family clusters
S2_rare_phylum_census	family	lineage_reduction	-1 to -0.5	52	cell_LQ_to_LQ	0	0	0				census of frame MAGs in phyla with <1000 catalogue MAGs; 218 family clusters
S2_rare_phylum_census	family	lineage_reduction	-1 to -0.5	52	slope_d_comp_per_log10Mbp	25.9166	-5.88023	55.3461				census of frame MAGs in phyla with <1000 catalogue MAGs; 218 family clusters
S2_rare_phylum_census	family	lineage_reduction	-1 to -0.5	52	slope_d_cont_per_log10Mbp	1.22618	-16.2512	18.7795				census of frame MAGs in phyla with <1000 catalogue MAGs; 218 family clusters
S2_rare_phylum_census	family	lineage_reduction	-0.5 to -0.25	84	p_class_change	0.321429	0.222222	0.418613				census of frame MAGs in phyla with <1000 catalogue MAGs; 218 family clusters
S2_rare_phylum_census	family	lineage_reduction	-0.5 to -0.25	84	p_downgrade	0.214286	0.13113	0.294877				census of frame MAGs in phyla with <1000 catalogue MAGs; 218 family clusters
S2_rare_phylum_census	family	lineage_reduction	-0.5 to -0.25	84	p_upgrade	0.107143	0.0338983	0.204545				census of frame MAGs in phyla with <1000 catalogue MAGs; 218 family clusters
S2_rare_phylum_census	family	lineage_reduction	-0.5 to -0.25	84	p_HQ_checkm2	0.261905	0.153846	0.359231				census of frame MAGs in phyla with <1000 catalogue MAGs; 218 family clusters
S2_rare_phylum_census	family	lineage_reduction	-0.5 to -0.25	84	p_HQ_magicc	0.22619	0.112893	0.358709				census of frame MAGs in phyla with <1000 catalogue MAGs; 218 family clusters
S2_rare_phylum_census	family	lineage_reduction	-0.5 to -0.25	84	HQ_downgrade_rate	0.545455	0.357143	0.727273				census of frame MAGs in phyla with <1000 catalogue MAGs; 218 family clusters
S2_rare_phylum_census	family	lineage_reduction	-0.5 to -0.25	84	HQ_to_MQ_rate	0.5	0.291633	0.714286				census of frame MAGs in phyla with <1000 catalogue MAGs; 218 family clusters
S2_rare_phylum_census	family	lineage_reduction	-0.5 to -0.25	84	HQ_to_LQ_rate	0.0454545	0	0.142857				census of frame MAGs in phyla with <1000 catalogue MAGs; 218 family clusters
S2_rare_phylum_census	family	lineage_reduction	-0.5 to -0.25	84	MQ_to_HQ_rate	0.145161	0.0461538	0.279078				census of frame MAGs in phyla with <1000 catalogue MAGs; 218 family clusters
S2_rare_phylum_census	family	lineage_reduction	-0.5 to -0.25	84	MQ_to_LQ_rate	0.0967742	0.031238	0.172451				census of frame MAGs in phyla with <1000 catalogue MAGs; 218 family clusters
S2_rare_phylum_census	family	lineage_reduction	-0.5 to -0.25	84	LQ_to_higher_rate	nan	nan	nan				census of frame MAGs in phyla with <1000 catalogue MAGs; 218 family clusters
S2_rare_phylum_census	family	lineage_reduction	-0.5 to -0.25	84	cont5_disagreement_rate	0.227848	0.141012	0.328146				census of frame MAGs in phyla with <1000 catalogue MAGs; 218 family clusters
S2_rare_phylum_census	family	lineage_reduction	-0.5 to -0.25	84	floor_rate	0	0	0				census of frame MAGs in phyla with <1000 catalogue MAGs; 218 family clusters
S2_rare_phylum_census	family	lineage_reduction	-0.5 to -0.25	84	floor_rate_exact50	0	0	0				census of frame MAGs in phyla with <1000 catalogue MAGs; 218 family clusters
S2_rare_phylum_census	family	lineage_reduction	-0.5 to -0.25	84	mean_d_comp	-0.90357	-3.91674	2.61649				census of frame MAGs in phyla with <1000 catalogue MAGs; 218 family clusters
S2_rare_phylum_census	family	lineage_reduction	-0.5 to -0.25	84	mean_d_cont	1.63339	-0.0109271	3.52815				census of frame MAGs in phyla with <1000 catalogue MAGs; 218 family clusters
S2_rare_phylum_census	family	lineage_reduction	-0.5 to -0.25	84	mean_comp_checkm2	77.2113	73.1262	80.8485				census of frame MAGs in phyla with <1000 catalogue MAGs; 218 family clusters
S2_rare_phylum_census	family	lineage_reduction	-0.5 to -0.25	84	mean_comp_magicc	76.3077	71.7951	80.5965				census of frame MAGs in phyla with <1000 catalogue MAGs; 218 family clusters
S2_rare_phylum_census	family	lineage_reduction	-0.5 to -0.25	84	mean_cont_checkm2	1.9844	1.58638	2.45241				census of frame MAGs in phyla with <1000 catalogue MAGs; 218 family clusters
S2_rare_phylum_census	family	lineage_reduction	-0.5 to -0.25	84	mean_cont_magicc	3.6178	1.99162	5.60952				census of frame MAGs in phyla with <1000 catalogue MAGs; 218 family clusters
S2_rare_phylum_census	family	lineage_reduction	-0.5 to -0.25	84	cell_HQ_to_HQ	0.119048	0.05208	0.189484				census of frame MAGs in phyla with <1000 catalogue MAGs; 218 family clusters
S2_rare_phylum_census	family	lineage_reduction	-0.5 to -0.25	84	cell_HQ_to_MQ	0.130952	0.0645161	0.198024				census of frame MAGs in phyla with <1000 catalogue MAGs; 218 family clusters
S2_rare_phylum_census	family	lineage_reduction	-0.5 to -0.25	84	cell_HQ_to_LQ	0.0119048	0	0.0394737				census of frame MAGs in phyla with <1000 catalogue MAGs; 218 family clusters
S2_rare_phylum_census	family	lineage_reduction	-0.5 to -0.25	84	cell_MQ_to_HQ	0.107143	0.0338983	0.204545				census of frame MAGs in phyla with <1000 catalogue MAGs; 218 family clusters
S2_rare_phylum_census	family	lineage_reduction	-0.5 to -0.25	84	cell_MQ_to_MQ	0.559524	0.431344	0.693339				census of frame MAGs in phyla with <1000 catalogue MAGs; 218 family clusters
S2_rare_phylum_census	family	lineage_reduction	-0.5 to -0.25	84	cell_MQ_to_LQ	0.0714286	0.0224657	0.129884				census of frame MAGs in phyla with <1000 catalogue MAGs; 218 family clusters
S2_rare_phylum_census	family	lineage_reduction	-0.5 to -0.25	84	cell_LQ_to_HQ	0	0	0				census of frame MAGs in phyla with <1000 catalogue MAGs; 218 family clusters
S2_rare_phylum_census	family	lineage_reduction	-0.5 to -0.25	84	cell_LQ_to_MQ	0	0	0				census of frame MAGs in phyla with <1000 catalogue MAGs; 218 family clusters
S2_rare_phylum_census	family	lineage_reduction	-0.5 to -0.25	84	cell_LQ_to_LQ	0	0	0				census of frame MAGs in phyla with <1000 catalogue MAGs; 218 family clusters
S2_rare_phylum_census	family	lineage_reduction	-0.5 to -0.25	84	slope_d_comp_per_log10Mbp	44.0879	24.9151	66.381				census of frame MAGs in phyla with <1000 catalogue MAGs; 218 family clusters
S2_rare_phylum_census	family	lineage_reduction	-0.5 to -0.25	84	slope_d_cont_per_log10Mbp	-3.34468	-21.2822	9.6845				census of frame MAGs in phyla with <1000 catalogue MAGs; 218 family clusters
S2_rare_phylum_census	family	lineage_reduction	-0.25 to +0.25 (typical)	234	p_class_change	0.487179	0.414137	0.558238				census of frame MAGs in phyla with <1000 catalogue MAGs; 218 family clusters
S2_rare_phylum_census	family	lineage_reduction	-0.25 to +0.25 (typical)	234	p_downgrade	0.316239	0.256665	0.380536				census of frame MAGs in phyla with <1000 catalogue MAGs; 218 family clusters
S2_rare_phylum_census	family	lineage_reduction	-0.25 to +0.25 (typical)	234	p_upgrade	0.17094	0.109648	0.232366				census of frame MAGs in phyla with <1000 catalogue MAGs; 218 family clusters
S2_rare_phylum_census	family	lineage_reduction	-0.25 to +0.25 (typical)	234	p_HQ_checkm2	0.457265	0.389302	0.523328				census of frame MAGs in phyla with <1000 catalogue MAGs; 218 family clusters
S2_rare_phylum_census	family	lineage_reduction	-0.25 to +0.25 (typical)	234	p_HQ_magicc	0.384615	0.309961	0.456145				census of frame MAGs in phyla with <1000 catalogue MAGs; 218 family clusters
S2_rare_phylum_census	family	lineage_reduction	-0.25 to +0.25 (typical)	234	HQ_downgrade_rate	0.53271	0.436893	0.621627				census of frame MAGs in phyla with <1000 catalogue MAGs; 218 family clusters
S2_rare_phylum_census	family	lineage_reduction	-0.25 to +0.25 (typical)	234	HQ_to_MQ_rate	0.35514	0.256383	0.452387				census of frame MAGs in phyla with <1000 catalogue MAGs; 218 family clusters
S2_rare_phylum_census	family	lineage_reduction	-0.25 to +0.25 (typical)	234	HQ_to_LQ_rate	0.17757	0.110092	0.25				census of frame MAGs in phyla with <1000 catalogue MAGs; 218 family clusters
S2_rare_phylum_census	family	lineage_reduction	-0.25 to +0.25 (typical)	234	MQ_to_HQ_rate	0.314961	0.211007	0.414493				census of frame MAGs in phyla with <1000 catalogue MAGs; 218 family clusters
S2_rare_phylum_census	family	lineage_reduction	-0.25 to +0.25 (typical)	234	MQ_to_LQ_rate	0.133858	0.0793651	0.203407				census of frame MAGs in phyla with <1000 catalogue MAGs; 218 family clusters
S2_rare_phylum_census	family	lineage_reduction	-0.25 to +0.25 (typical)	234	LQ_to_higher_rate	nan	nan	nan				census of frame MAGs in phyla with <1000 catalogue MAGs; 218 family clusters
S2_rare_phylum_census	family	lineage_reduction	-0.25 to +0.25 (typical)	234	cont5_disagreement_rate	0.240385	0.1826	0.305704				census of frame MAGs in phyla with <1000 catalogue MAGs; 218 family clusters
S2_rare_phylum_census	family	lineage_reduction	-0.25 to +0.25 (typical)	234	floor_rate	0	0	0				census of frame MAGs in phyla with <1000 catalogue MAGs; 218 family clusters
S2_rare_phylum_census	family	lineage_reduction	-0.25 to +0.25 (typical)	234	floor_rate_exact50	0	0	0				census of frame MAGs in phyla with <1000 catalogue MAGs; 218 family clusters
S2_rare_phylum_census	family	lineage_reduction	-0.25 to +0.25 (typical)	234	mean_d_comp	-0.350245	-3.49776	2.44941				census of frame MAGs in phyla with <1000 catalogue MAGs; 218 family clusters
S2_rare_phylum_census	family	lineage_reduction	-0.25 to +0.25 (typical)	234	mean_d_cont	3.25385	1.84443	5.0231				census of frame MAGs in phyla with <1000 catalogue MAGs; 218 family clusters
S2_rare_phylum_census	family	lineage_reduction	-0.25 to +0.25 (typical)	234	mean_comp_checkm2	86.1204	84.3409	87.8402				census of frame MAGs in phyla with <1000 catalogue MAGs; 218 family clusters
S2_rare_phylum_census	family	lineage_reduction	-0.25 to +0.25 (typical)	234	mean_comp_magicc	85.7702	82.8504	88.3365				census of frame MAGs in phyla with <1000 catalogue MAGs; 218 family clusters
S2_rare_phylum_census	family	lineage_reduction	-0.25 to +0.25 (typical)	234	mean_cont_checkm2	2.20786	1.89768	2.50126				census of frame MAGs in phyla with <1000 catalogue MAGs; 218 family clusters
S2_rare_phylum_census	family	lineage_reduction	-0.25 to +0.25 (typical)	234	mean_cont_magicc	5.46171	4.08175	7.20858				census of frame MAGs in phyla with <1000 catalogue MAGs; 218 family clusters
S2_rare_phylum_census	family	lineage_reduction	-0.25 to +0.25 (typical)	234	cell_HQ_to_HQ	0.213675	0.162676	0.268598				census of frame MAGs in phyla with <1000 catalogue MAGs; 218 family clusters
S2_rare_phylum_census	family	lineage_reduction	-0.25 to +0.25 (typical)	234	cell_HQ_to_MQ	0.162393	0.111637	0.21569				census of frame MAGs in phyla with <1000 catalogue MAGs; 218 family clusters
S2_rare_phylum_census	family	lineage_reduction	-0.25 to +0.25 (typical)	234	cell_HQ_to_LQ	0.0811966	0.0483092	0.118183				census of frame MAGs in phyla with <1000 catalogue MAGs; 218 family clusters
S2_rare_phylum_census	family	lineage_reduction	-0.25 to +0.25 (typical)	234	cell_MQ_to_HQ	0.17094	0.109648	0.232366				census of frame MAGs in phyla with <1000 catalogue MAGs; 218 family clusters
S2_rare_phylum_census	family	lineage_reduction	-0.25 to +0.25 (typical)	234	cell_MQ_to_MQ	0.299145	0.233178	0.37359				census of frame MAGs in phyla with <1000 catalogue MAGs; 218 family clusters
S2_rare_phylum_census	family	lineage_reduction	-0.25 to +0.25 (typical)	234	cell_MQ_to_LQ	0.0726496	0.0423964	0.111111				census of frame MAGs in phyla with <1000 catalogue MAGs; 218 family clusters
S2_rare_phylum_census	family	lineage_reduction	-0.25 to +0.25 (typical)	234	cell_LQ_to_HQ	0	0	0				census of frame MAGs in phyla with <1000 catalogue MAGs; 218 family clusters
S2_rare_phylum_census	family	lineage_reduction	-0.25 to +0.25 (typical)	234	cell_LQ_to_MQ	0	0	0				census of frame MAGs in phyla with <1000 catalogue MAGs; 218 family clusters
S2_rare_phylum_census	family	lineage_reduction	-0.25 to +0.25 (typical)	234	cell_LQ_to_LQ	0	0	0				census of frame MAGs in phyla with <1000 catalogue MAGs; 218 family clusters
S2_rare_phylum_census	family	lineage_reduction	-0.25 to +0.25 (typical)	234	slope_d_comp_per_log10Mbp	52.7677	38.1776	67.5028				census of frame MAGs in phyla with <1000 catalogue MAGs; 218 family clusters
S2_rare_phylum_census	family	lineage_reduction	-0.25 to +0.25 (typical)	234	slope_d_cont_per_log10Mbp	5.25361	-7.06732	22.2108				census of frame MAGs in phyla with <1000 catalogue MAGs; 218 family clusters
S2_rare_phylum_census	family	lineage_reduction	>+0.25 (larger than lineage)	181	p_class_change	0.696133	0.628183	0.758621				census of frame MAGs in phyla with <1000 catalogue MAGs; 218 family clusters
S2_rare_phylum_census	family	lineage_reduction	>+0.25 (larger than lineage)	181	p_downgrade	0.535912	0.447504	0.617811				census of frame MAGs in phyla with <1000 catalogue MAGs; 218 family clusters
S2_rare_phylum_census	family	lineage_reduction	>+0.25 (larger than lineage)	181	p_upgrade	0.160221	0.106729	0.214286				census of frame MAGs in phyla with <1000 catalogue MAGs; 218 family clusters
S2_rare_phylum_census	family	lineage_reduction	>+0.25 (larger than lineage)	181	p_HQ_checkm2	0.480663	0.4035	0.562876				census of frame MAGs in phyla with <1000 catalogue MAGs; 218 family clusters
S2_rare_phylum_census	family	lineage_reduction	>+0.25 (larger than lineage)	181	p_HQ_magicc	0.337017	0.260595	0.423314				census of frame MAGs in phyla with <1000 catalogue MAGs; 218 family clusters
S2_rare_phylum_census	family	lineage_reduction	>+0.25 (larger than lineage)	181	HQ_downgrade_rate	0.632184	0.509091	0.721765				census of frame MAGs in phyla with <1000 catalogue MAGs; 218 family clusters
S2_rare_phylum_census	family	lineage_reduction	>+0.25 (larger than lineage)	181	HQ_to_MQ_rate	0.310345	0.202698	0.419786				census of frame MAGs in phyla with <1000 catalogue MAGs; 218 family clusters
S2_rare_phylum_census	family	lineage_reduction	>+0.25 (larger than lineage)	181	HQ_to_LQ_rate	0.321839	0.20894	0.420007				census of frame MAGs in phyla with <1000 catalogue MAGs; 218 family clusters
S2_rare_phylum_census	family	lineage_reduction	>+0.25 (larger than lineage)	181	MQ_to_HQ_rate	0.308511	0.205344	0.403246				census of frame MAGs in phyla with <1000 catalogue MAGs; 218 family clusters
S2_rare_phylum_census	family	lineage_reduction	>+0.25 (larger than lineage)	181	MQ_to_LQ_rate	0.446809	0.339618	0.569809				census of frame MAGs in phyla with <1000 catalogue MAGs; 218 family clusters
S2_rare_phylum_census	family	lineage_reduction	>+0.25 (larger than lineage)	181	LQ_to_higher_rate	nan	nan	nan				census of frame MAGs in phyla with <1000 catalogue MAGs; 218 family clusters
S2_rare_phylum_census	family	lineage_reduction	>+0.25 (larger than lineage)	181	cont5_disagreement_rate	0.382812	0.289841	0.490745				census of frame MAGs in phyla with <1000 catalogue MAGs; 218 family clusters
S2_rare_phylum_census	family	lineage_reduction	>+0.25 (larger than lineage)	181	floor_rate	0	0	0				census of frame MAGs in phyla with <1000 catalogue MAGs; 218 family clusters
S2_rare_phylum_census	family	lineage_reduction	>+0.25 (larger than lineage)	181	floor_rate_exact50	0	0	0				census of frame MAGs in phyla with <1000 catalogue MAGs; 218 family clusters
S2_rare_phylum_census	family	lineage_reduction	>+0.25 (larger than lineage)	181	mean_d_comp	-0.177088	-2.12705	2.03619				census of frame MAGs in phyla with <1000 catalogue MAGs; 218 family clusters
S2_rare_phylum_census	family	lineage_reduction	>+0.25 (larger than lineage)	181	mean_d_cont	10.6246	7.23199	13.4846				census of frame MAGs in phyla with <1000 catalogue MAGs; 218 family clusters
S2_rare_phylum_census	family	lineage_reduction	>+0.25 (larger than lineage)	181	mean_comp_checkm2	89.3929	87.64	90.9452				census of frame MAGs in phyla with <1000 catalogue MAGs; 218 family clusters
S2_rare_phylum_census	family	lineage_reduction	>+0.25 (larger than lineage)	181	mean_comp_magicc	89.2158	87.3558	90.8271				census of frame MAGs in phyla with <1000 catalogue MAGs; 218 family clusters
S2_rare_phylum_census	family	lineage_reduction	>+0.25 (larger than lineage)	181	mean_cont_checkm2	3.31497	2.72175	3.93558				census of frame MAGs in phyla with <1000 catalogue MAGs; 218 family clusters
S2_rare_phylum_census	family	lineage_reduction	>+0.25 (larger than lineage)	181	mean_cont_magicc	13.9396	10.3672	16.9654				census of frame MAGs in phyla with <1000 catalogue MAGs; 218 family clusters
S2_rare_phylum_census	family	lineage_reduction	>+0.25 (larger than lineage)	181	cell_HQ_to_HQ	0.176796	0.128786	0.24339				census of frame MAGs in phyla with <1000 catalogue MAGs; 218 family clusters
S2_rare_phylum_census	family	lineage_reduction	>+0.25 (larger than lineage)	181	cell_HQ_to_MQ	0.149171	0.0928505	0.206456				census of frame MAGs in phyla with <1000 catalogue MAGs; 218 family clusters
S2_rare_phylum_census	family	lineage_reduction	>+0.25 (larger than lineage)	181	cell_HQ_to_LQ	0.154696	0.0961376	0.214295				census of frame MAGs in phyla with <1000 catalogue MAGs; 218 family clusters
S2_rare_phylum_census	family	lineage_reduction	>+0.25 (larger than lineage)	181	cell_MQ_to_HQ	0.160221	0.106729	0.214286				census of frame MAGs in phyla with <1000 catalogue MAGs; 218 family clusters
S2_rare_phylum_census	family	lineage_reduction	>+0.25 (larger than lineage)	181	cell_MQ_to_MQ	0.127072	0.0724638	0.174129				census of frame MAGs in phyla with <1000 catalogue MAGs; 218 family clusters
S2_rare_phylum_census	family	lineage_reduction	>+0.25 (larger than lineage)	181	cell_MQ_to_LQ	0.232044	0.165713	0.306323				census of frame MAGs in phyla with <1000 catalogue MAGs; 218 family clusters
S2_rare_phylum_census	family	lineage_reduction	>+0.25 (larger than lineage)	181	cell_LQ_to_HQ	0	0	0				census of frame MAGs in phyla with <1000 catalogue MAGs; 218 family clusters
S2_rare_phylum_census	family	lineage_reduction	>+0.25 (larger than lineage)	181	cell_LQ_to_MQ	0	0	0				census of frame MAGs in phyla with <1000 catalogue MAGs; 218 family clusters
S2_rare_phylum_census	family	lineage_reduction	>+0.25 (larger than lineage)	181	cell_LQ_to_LQ	0	0	0				census of frame MAGs in phyla with <1000 catalogue MAGs; 218 family clusters
S2_rare_phylum_census	family	lineage_reduction	>+0.25 (larger than lineage)	181	slope_d_comp_per_log10Mbp	11.9558	-0.3302	20.4492				census of frame MAGs in phyla with <1000 catalogue MAGs; 218 family clusters
S2_rare_phylum_census	family	lineage_reduction	>+0.25 (larger than lineage)	181	slope_d_cont_per_log10Mbp	32.4564	1.08176	52.7189				census of frame MAGs in phyla with <1000 catalogue MAGs; 218 family clusters
S2_rare_phylum_census	family	phylum	other (<200 in cohort)	554	p_class_change	0.5	0.451609	0.543771				census of frame MAGs in phyla with <1000 catalogue MAGs; 218 family clusters
S2_rare_phylum_census	family	phylum	other (<200 in cohort)	554	p_downgrade	0.359206	0.311996	0.404177				census of frame MAGs in phyla with <1000 catalogue MAGs; 218 family clusters
S2_rare_phylum_census	family	phylum	other (<200 in cohort)	554	p_upgrade	0.140794	0.108056	0.173435				census of frame MAGs in phyla with <1000 catalogue MAGs; 218 family clusters
S2_rare_phylum_census	family	phylum	other (<200 in cohort)	554	p_HQ_checkm2	0.393502	0.348913	0.437257				census of frame MAGs in phyla with <1000 catalogue MAGs; 218 family clusters
S2_rare_phylum_census	family	phylum	other (<200 in cohort)	554	p_HQ_magicc	0.306859	0.262449	0.354002				census of frame MAGs in phyla with <1000 catalogue MAGs; 218 family clusters
S2_rare_phylum_census	family	phylum	other (<200 in cohort)	554	HQ_downgrade_rate	0.577982	0.5	0.642036				census of frame MAGs in phyla with <1000 catalogue MAGs; 218 family clusters
S2_rare_phylum_census	family	phylum	other (<200 in cohort)	554	HQ_to_MQ_rate	0.357798	0.281241	0.425637				census of frame MAGs in phyla with <1000 catalogue MAGs; 218 family clusters
S2_rare_phylum_census	family	phylum	other (<200 in cohort)	554	HQ_to_LQ_rate	0.220183	0.158939	0.2827				census of frame MAGs in phyla with <1000 catalogue MAGs; 218 family clusters
S2_rare_phylum_census	family	phylum	other (<200 in cohort)	554	MQ_to_HQ_rate	0.232143	0.181248	0.282145				census of frame MAGs in phyla with <1000 catalogue MAGs; 218 family clusters
S2_rare_phylum_census	family	phylum	other (<200 in cohort)	554	MQ_to_LQ_rate	0.217262	0.168116	0.271656				census of frame MAGs in phyla with <1000 catalogue MAGs; 218 family clusters
S2_rare_phylum_census	family	phylum	other (<200 in cohort)	554	LQ_to_higher_rate	nan	nan	nan				census of frame MAGs in phyla with <1000 catalogue MAGs; 218 family clusters
S2_rare_phylum_census	family	phylum	other (<200 in cohort)	554	cont5_disagreement_rate	0.27115	0.222912	0.328257				census of frame MAGs in phyla with <1000 catalogue MAGs; 218 family clusters
S2_rare_phylum_census	family	phylum	other (<200 in cohort)	554	floor_rate	0.00180505	0	0.00613497				census of frame MAGs in phyla with <1000 catalogue MAGs; 218 family clusters
S2_rare_phylum_census	family	phylum	other (<200 in cohort)	554	floor_rate_exact50	0	0	0				census of frame MAGs in phyla with <1000 catalogue MAGs; 218 family clusters
S2_rare_phylum_census	family	phylum	other (<200 in cohort)	554	mean_d_comp	-0.306082	-1.94893	1.42304				census of frame MAGs in phyla with <1000 catalogue MAGs; 218 family clusters
S2_rare_phylum_census	family	phylum	other (<200 in cohort)	554	mean_d_cont	5.23415	3.70641	6.59266				census of frame MAGs in phyla with <1000 catalogue MAGs; 218 family clusters
S2_rare_phylum_census	family	phylum	other (<200 in cohort)	554	mean_comp_checkm2	83.5644	82.2654	84.7347				census of frame MAGs in phyla with <1000 catalogue MAGs; 218 family clusters
S2_rare_phylum_census	family	phylum	other (<200 in cohort)	554	mean_comp_magicc	83.2583	81.5499	84.9088				census of frame MAGs in phyla with <1000 catalogue MAGs; 218 family clusters
S2_rare_phylum_census	family	phylum	other (<200 in cohort)	554	mean_cont_checkm2	2.53603	2.22604	2.86812				census of frame MAGs in phyla with <1000 catalogue MAGs; 218 family clusters
S2_rare_phylum_census	family	phylum	other (<200 in cohort)	554	mean_cont_magicc	7.77018	6.15859	9.19507				census of frame MAGs in phyla with <1000 catalogue MAGs; 218 family clusters
S2_rare_phylum_census	family	phylum	other (<200 in cohort)	554	cell_HQ_to_HQ	0.166065	0.136657	0.201222				census of frame MAGs in phyla with <1000 catalogue MAGs; 218 family clusters
S2_rare_phylum_census	family	phylum	other (<200 in cohort)	554	cell_HQ_to_MQ	0.140794	0.107631	0.173122				census of frame MAGs in phyla with <1000 catalogue MAGs; 218 family clusters
S2_rare_phylum_census	family	phylum	other (<200 in cohort)	554	cell_HQ_to_LQ	0.0866426	0.0603269	0.113686				census of frame MAGs in phyla with <1000 catalogue MAGs; 218 family clusters
S2_rare_phylum_census	family	phylum	other (<200 in cohort)	554	cell_MQ_to_HQ	0.140794	0.108056	0.173435				census of frame MAGs in phyla with <1000 catalogue MAGs; 218 family clusters
S2_rare_phylum_census	family	phylum	other (<200 in cohort)	554	cell_MQ_to_MQ	0.333935	0.290035	0.375539				census of frame MAGs in phyla with <1000 catalogue MAGs; 218 family clusters
S2_rare_phylum_census	family	phylum	other (<200 in cohort)	554	cell_MQ_to_LQ	0.131769	0.100869	0.167287				census of frame MAGs in phyla with <1000 catalogue MAGs; 218 family clusters
S2_rare_phylum_census	family	phylum	other (<200 in cohort)	554	cell_LQ_to_HQ	0	0	0				census of frame MAGs in phyla with <1000 catalogue MAGs; 218 family clusters
S2_rare_phylum_census	family	phylum	other (<200 in cohort)	554	cell_LQ_to_MQ	0	0	0				census of frame MAGs in phyla with <1000 catalogue MAGs; 218 family clusters
S2_rare_phylum_census	family	phylum	other (<200 in cohort)	554	cell_LQ_to_LQ	0	0	0				census of frame MAGs in phyla with <1000 catalogue MAGs; 218 family clusters
S2_rare_phylum_census	family	phylum	other (<200 in cohort)	554	slope_d_comp_per_log10Mbp	22.3979	15.6413	30.064				census of frame MAGs in phyla with <1000 catalogue MAGs; 218 family clusters
S2_rare_phylum_census	family	phylum	other (<200 in cohort)	554	slope_d_cont_per_log10Mbp	22.5657	7.73844	33.4689				census of frame MAGs in phyla with <1000 catalogue MAGs; 218 family clusters
S2_rare_phylum_census	family	domain	Archaea	34	p_class_change	0.823529	0.705882	0.925926				census of frame MAGs in phyla with <1000 catalogue MAGs; 218 family clusters
S2_rare_phylum_census	family	domain	Archaea	34	p_downgrade	0.764706	0.617647	0.892904				census of frame MAGs in phyla with <1000 catalogue MAGs; 218 family clusters
S2_rare_phylum_census	family	domain	Archaea	34	p_upgrade	0.0588235	0	0.15				census of frame MAGs in phyla with <1000 catalogue MAGs; 218 family clusters
S2_rare_phylum_census	family	domain	Archaea	34	p_HQ_checkm2	0.411765	0.263158	0.578947				census of frame MAGs in phyla with <1000 catalogue MAGs; 218 family clusters
S2_rare_phylum_census	family	domain	Archaea	34	p_HQ_magicc	0.0588235	0	0.15				census of frame MAGs in phyla with <1000 catalogue MAGs; 218 family clusters
S2_rare_phylum_census	family	domain	Archaea	34	HQ_downgrade_rate	1	1	1				census of frame MAGs in phyla with <1000 catalogue MAGs; 218 family clusters
S2_rare_phylum_census	family	domain	Archaea	34	HQ_to_MQ_rate	0.785714	0.5	1				census of frame MAGs in phyla with <1000 catalogue MAGs; 218 family clusters
S2_rare_phylum_census	family	domain	Archaea	34	HQ_to_LQ_rate	0.214286	0	0.5				census of frame MAGs in phyla with <1000 catalogue MAGs; 218 family clusters
S2_rare_phylum_census	family	domain	Archaea	34	MQ_to_HQ_rate	0.1	0	0.263246				census of frame MAGs in phyla with <1000 catalogue MAGs; 218 family clusters
S2_rare_phylum_census	family	domain	Archaea	34	MQ_to_LQ_rate	0.6	0.333333	0.8125				census of frame MAGs in phyla with <1000 catalogue MAGs; 218 family clusters
S2_rare_phylum_census	family	domain	Archaea	34	LQ_to_higher_rate	nan	nan	nan				census of frame MAGs in phyla with <1000 catalogue MAGs; 218 family clusters
S2_rare_phylum_census	family	domain	Archaea	34	cont5_disagreement_rate	0.5	0.318182	0.68				census of frame MAGs in phyla with <1000 catalogue MAGs; 218 family clusters
S2_rare_phylum_census	family	domain	Archaea	34	floor_rate	0	0	0				census of frame MAGs in phyla with <1000 catalogue MAGs; 218 family clusters
S2_rare_phylum_census	family	domain	Archaea	34	floor_rate_exact50	0	0	0				census of frame MAGs in phyla with <1000 catalogue MAGs; 218 family clusters
S2_rare_phylum_census	family	domain	Archaea	34	mean_d_comp	-8.41567	-14.4655	-2.54241				census of frame MAGs in phyla with <1000 catalogue MAGs; 218 family clusters
S2_rare_phylum_census	family	domain	Archaea	34	mean_d_cont	19.8581	5.9456	32.9887				census of frame MAGs in phyla with <1000 catalogue MAGs; 218 family clusters
S2_rare_phylum_census	family	domain	Archaea	34	mean_comp_checkm2	83.8453	78.9119	87.3582				census of frame MAGs in phyla with <1000 catalogue MAGs; 218 family clusters
S2_rare_phylum_census	family	domain	Archaea	34	mean_comp_magicc	75.4296	69.4087	79.71				census of frame MAGs in phyla with <1000 catalogue MAGs; 218 family clusters
S2_rare_phylum_census	family	domain	Archaea	34	mean_cont_checkm2	2.09647	0.777314	3.23039				census of frame MAGs in phyla with <1000 catalogue MAGs; 218 family clusters
S2_rare_phylum_census	family	domain	Archaea	34	mean_cont_magicc	21.9545	7.12029	36.132				census of frame MAGs in phyla with <1000 catalogue MAGs; 218 family clusters
S2_rare_phylum_census	family	domain	Archaea	34	cell_HQ_to_HQ	0	0	0				census of frame MAGs in phyla with <1000 catalogue MAGs; 218 family clusters
S2_rare_phylum_census	family	domain	Archaea	34	cell_HQ_to_MQ	0.323529	0.153814	0.543528				census of frame MAGs in phyla with <1000 catalogue MAGs; 218 family clusters
S2_rare_phylum_census	family	domain	Archaea	34	cell_HQ_to_LQ	0.0882353	0	0.1875				census of frame MAGs in phyla with <1000 catalogue MAGs; 218 family clusters
S2_rare_phylum_census	family	domain	Archaea	34	cell_MQ_to_HQ	0.0588235	0	0.15				census of frame MAGs in phyla with <1000 catalogue MAGs; 218 family clusters
S2_rare_phylum_census	family	domain	Archaea	34	cell_MQ_to_MQ	0.176471	0.0740741	0.294118				census of frame MAGs in phyla with <1000 catalogue MAGs; 218 family clusters
S2_rare_phylum_census	family	domain	Archaea	34	cell_MQ_to_LQ	0.352941	0.157895	0.545455				census of frame MAGs in phyla with <1000 catalogue MAGs; 218 family clusters
S2_rare_phylum_census	family	domain	Archaea	34	cell_LQ_to_HQ	0	0	0				census of frame MAGs in phyla with <1000 catalogue MAGs; 218 family clusters
S2_rare_phylum_census	family	domain	Archaea	34	cell_LQ_to_MQ	0	0	0				census of frame MAGs in phyla with <1000 catalogue MAGs; 218 family clusters
S2_rare_phylum_census	family	domain	Archaea	34	cell_LQ_to_LQ	0	0	0				census of frame MAGs in phyla with <1000 catalogue MAGs; 218 family clusters
S2_rare_phylum_census	family	domain	Archaea	34	slope_d_comp_per_log10Mbp	21.9166	15.2955	120.823				census of frame MAGs in phyla with <1000 catalogue MAGs; 218 family clusters
S2_rare_phylum_census	family	domain	Archaea	34	slope_d_cont_per_log10Mbp	54.3691	-46.9208	90.1723				census of frame MAGs in phyla with <1000 catalogue MAGs; 218 family clusters
S2_rare_phylum_census	family	domain	Bacteria	520	p_class_change	0.478846	0.430427	0.524137				census of frame MAGs in phyla with <1000 catalogue MAGs; 218 family clusters
S2_rare_phylum_census	family	domain	Bacteria	520	p_downgrade	0.332692	0.285707	0.381359				census of frame MAGs in phyla with <1000 catalogue MAGs; 218 family clusters
S2_rare_phylum_census	family	domain	Bacteria	520	p_upgrade	0.146154	0.11165	0.179631				census of frame MAGs in phyla with <1000 catalogue MAGs; 218 family clusters
S2_rare_phylum_census	family	domain	Bacteria	520	p_HQ_checkm2	0.392308	0.3446	0.440007				census of frame MAGs in phyla with <1000 catalogue MAGs; 218 family clusters
S2_rare_phylum_census	family	domain	Bacteria	520	p_HQ_magicc	0.323077	0.275454	0.371003				census of frame MAGs in phyla with <1000 catalogue MAGs; 218 family clusters
S2_rare_phylum_census	family	domain	Bacteria	520	HQ_downgrade_rate	0.54902	0.469385	0.619296				census of frame MAGs in phyla with <1000 catalogue MAGs; 218 family clusters
S2_rare_phylum_census	family	domain	Bacteria	520	HQ_to_MQ_rate	0.328431	0.248845	0.400926				census of frame MAGs in phyla with <1000 catalogue MAGs; 218 family clusters
S2_rare_phylum_census	family	domain	Bacteria	520	HQ_to_LQ_rate	0.220588	0.159178	0.288136				census of frame MAGs in phyla with <1000 catalogue MAGs; 218 family clusters
S2_rare_phylum_census	family	domain	Bacteria	520	MQ_to_HQ_rate	0.240506	0.185012	0.292374				census of frame MAGs in phyla with <1000 catalogue MAGs; 218 family clusters
S2_rare_phylum_census	family	domain	Bacteria	520	MQ_to_LQ_rate	0.193038	0.141877	0.25				census of frame MAGs in phyla with <1000 catalogue MAGs; 218 family clusters
S2_rare_phylum_census	family	domain	Bacteria	520	LQ_to_higher_rate	nan	nan	nan				census of frame MAGs in phyla with <1000 catalogue MAGs; 218 family clusters
S2_rare_phylum_census	family	domain	Bacteria	520	cont5_disagreement_rate	0.256351	0.20623	0.315796				census of frame MAGs in phyla with <1000 catalogue MAGs; 218 family clusters
S2_rare_phylum_census	family	domain	Bacteria	520	floor_rate	0.00192308	0	0.00666667				census of frame MAGs in phyla with <1000 catalogue MAGs; 218 family clusters
S2_rare_phylum_census	family	domain	Bacteria	520	floor_rate_exact50	0	0	0				census of frame MAGs in phyla with <1000 catalogue MAGs; 218 family clusters
S2_rare_phylum_census	family	domain	Bacteria	520	mean_d_comp	0.224161	-1.43629	1.94625				census of frame MAGs in phyla with <1000 catalogue MAGs; 218 family clusters
S2_rare_phylum_census	family	domain	Bacteria	520	mean_d_cont	4.27798	3.0011	5.68996				census of frame MAGs in phyla with <1000 catalogue MAGs; 218 family clusters
S2_rare_phylum_census	family	domain	Bacteria	520	mean_comp_checkm2	83.5461	82.1879	84.779				census of frame MAGs in phyla with <1000 catalogue MAGs; 218 family clusters
S2_rare_phylum_census	family	domain	Bacteria	520	mean_comp_magicc	83.7702	81.9885	85.3925				census of frame MAGs in phyla with <1000 catalogue MAGs; 218 family clusters
S2_rare_phylum_census	family	domain	Bacteria	520	mean_cont_checkm2	2.56477	2.26071	2.93491				census of frame MAGs in phyla with <1000 catalogue MAGs; 218 family clusters
S2_rare_phylum_census	family	domain	Bacteria	520	mean_cont_magicc	6.84274	5.43417	8.46213				census of frame MAGs in phyla with <1000 catalogue MAGs; 218 family clusters
S2_rare_phylum_census	family	domain	Bacteria	520	cell_HQ_to_HQ	0.176923	0.142857	0.212612				census of frame MAGs in phyla with <1000 catalogue MAGs; 218 family clusters
S2_rare_phylum_census	family	domain	Bacteria	520	cell_HQ_to_MQ	0.128846	0.0948253	0.161522				census of frame MAGs in phyla with <1000 catalogue MAGs; 218 family clusters
S2_rare_phylum_census	family	domain	Bacteria	520	cell_HQ_to_LQ	0.0865385	0.0599633	0.115258				census of frame MAGs in phyla with <1000 catalogue MAGs; 218 family clusters
S2_rare_phylum_census	family	domain	Bacteria	520	cell_MQ_to_HQ	0.146154	0.11165	0.179631				census of frame MAGs in phyla with <1000 catalogue MAGs; 218 family clusters
S2_rare_phylum_census	family	domain	Bacteria	520	cell_MQ_to_MQ	0.344231	0.299421	0.388473				census of frame MAGs in phyla with <1000 catalogue MAGs; 218 family clusters
S2_rare_phylum_census	family	domain	Bacteria	520	cell_MQ_to_LQ	0.117308	0.0849626	0.153665				census of frame MAGs in phyla with <1000 catalogue MAGs; 218 family clusters
S2_rare_phylum_census	family	domain	Bacteria	520	cell_LQ_to_HQ	0	0	0				census of frame MAGs in phyla with <1000 catalogue MAGs; 218 family clusters
S2_rare_phylum_census	family	domain	Bacteria	520	cell_LQ_to_MQ	0	0	0				census of frame MAGs in phyla with <1000 catalogue MAGs; 218 family clusters
S2_rare_phylum_census	family	domain	Bacteria	520	cell_LQ_to_LQ	0	0	0				census of frame MAGs in phyla with <1000 catalogue MAGs; 218 family clusters
S2_rare_phylum_census	family	domain	Bacteria	520	slope_d_comp_per_log10Mbp	21.1415	13.0447	30.1232				census of frame MAGs in phyla with <1000 catalogue MAGs; 218 family clusters
S2_rare_phylum_census	family	domain	Bacteria	520	slope_d_cont_per_log10Mbp	20.5257	11.8565	28.5928				census of frame MAGs in phyla with <1000 catalogue MAGs; 218 family clusters
S2_rare_phylum_census	family	stratum	S2_rare_phylum	554	p_class_change	0.5	0.453943	0.54431				census of frame MAGs in phyla with <1000 catalogue MAGs; 218 family clusters
S2_rare_phylum_census	family	stratum	S2_rare_phylum	554	p_downgrade	0.359206	0.311268	0.404716				census of frame MAGs in phyla with <1000 catalogue MAGs; 218 family clusters
S2_rare_phylum_census	family	stratum	S2_rare_phylum	554	p_upgrade	0.140794	0.109422	0.175183				census of frame MAGs in phyla with <1000 catalogue MAGs; 218 family clusters
S2_rare_phylum_census	family	stratum	S2_rare_phylum	554	p_HQ_checkm2	0.393502	0.348065	0.43948				census of frame MAGs in phyla with <1000 catalogue MAGs; 218 family clusters
S2_rare_phylum_census	family	stratum	S2_rare_phylum	554	p_HQ_magicc	0.306859	0.265996	0.355079				census of frame MAGs in phyla with <1000 catalogue MAGs; 218 family clusters
S2_rare_phylum_census	family	stratum	S2_rare_phylum	554	HQ_downgrade_rate	0.577982	0.502461	0.642857				census of frame MAGs in phyla with <1000 catalogue MAGs; 218 family clusters
S2_rare_phylum_census	family	stratum	S2_rare_phylum	554	HQ_to_MQ_rate	0.357798	0.282709	0.425658				census of frame MAGs in phyla with <1000 catalogue MAGs; 218 family clusters
S2_rare_phylum_census	family	stratum	S2_rare_phylum	554	HQ_to_LQ_rate	0.220183	0.160368	0.276798				census of frame MAGs in phyla with <1000 catalogue MAGs; 218 family clusters
S2_rare_phylum_census	family	stratum	S2_rare_phylum	554	MQ_to_HQ_rate	0.232143	0.18181	0.282872				census of frame MAGs in phyla with <1000 catalogue MAGs; 218 family clusters
S2_rare_phylum_census	family	stratum	S2_rare_phylum	554	MQ_to_LQ_rate	0.217262	0.17114	0.268295				census of frame MAGs in phyla with <1000 catalogue MAGs; 218 family clusters
S2_rare_phylum_census	family	stratum	S2_rare_phylum	554	LQ_to_higher_rate	nan	nan	nan				census of frame MAGs in phyla with <1000 catalogue MAGs; 218 family clusters
S2_rare_phylum_census	family	stratum	S2_rare_phylum	554	cont5_disagreement_rate	0.27115	0.22306	0.324208				census of frame MAGs in phyla with <1000 catalogue MAGs; 218 family clusters
S2_rare_phylum_census	family	stratum	S2_rare_phylum	554	floor_rate	0.00180505	0	0.00638332				census of frame MAGs in phyla with <1000 catalogue MAGs; 218 family clusters
S2_rare_phylum_census	family	stratum	S2_rare_phylum	554	floor_rate_exact50	0	0	0				census of frame MAGs in phyla with <1000 catalogue MAGs; 218 family clusters
S2_rare_phylum_census	family	stratum	S2_rare_phylum	554	mean_d_comp	-0.306082	-1.95536	1.33327				census of frame MAGs in phyla with <1000 catalogue MAGs; 218 family clusters
S2_rare_phylum_census	family	stratum	S2_rare_phylum	554	mean_d_cont	5.23415	3.75876	6.6009				census of frame MAGs in phyla with <1000 catalogue MAGs; 218 family clusters
S2_rare_phylum_census	family	stratum	S2_rare_phylum	554	mean_comp_checkm2	83.5644	82.2227	84.7307				census of frame MAGs in phyla with <1000 catalogue MAGs; 218 family clusters
S2_rare_phylum_census	family	stratum	S2_rare_phylum	554	mean_comp_magicc	83.2583	81.5025	84.8145				census of frame MAGs in phyla with <1000 catalogue MAGs; 218 family clusters
S2_rare_phylum_census	family	stratum	S2_rare_phylum	554	mean_cont_checkm2	2.53603	2.22787	2.87553				census of frame MAGs in phyla with <1000 catalogue MAGs; 218 family clusters
S2_rare_phylum_census	family	stratum	S2_rare_phylum	554	mean_cont_magicc	7.77018	6.21399	9.20173				census of frame MAGs in phyla with <1000 catalogue MAGs; 218 family clusters
S2_rare_phylum_census	family	stratum	S2_rare_phylum	554	cell_HQ_to_HQ	0.166065	0.136835	0.200463				census of frame MAGs in phyla with <1000 catalogue MAGs; 218 family clusters
S2_rare_phylum_census	family	stratum	S2_rare_phylum	554	cell_HQ_to_MQ	0.140794	0.106926	0.172019				census of frame MAGs in phyla with <1000 catalogue MAGs; 218 family clusters
S2_rare_phylum_census	family	stratum	S2_rare_phylum	554	cell_HQ_to_LQ	0.0866426	0.0606591	0.112016				census of frame MAGs in phyla with <1000 catalogue MAGs; 218 family clusters
S2_rare_phylum_census	family	stratum	S2_rare_phylum	554	cell_MQ_to_HQ	0.140794	0.109422	0.175183				census of frame MAGs in phyla with <1000 catalogue MAGs; 218 family clusters
S2_rare_phylum_census	family	stratum	S2_rare_phylum	554	cell_MQ_to_MQ	0.333935	0.291086	0.377983				census of frame MAGs in phyla with <1000 catalogue MAGs; 218 family clusters
S2_rare_phylum_census	family	stratum	S2_rare_phylum	554	cell_MQ_to_LQ	0.131769	0.101846	0.165948				census of frame MAGs in phyla with <1000 catalogue MAGs; 218 family clusters
S2_rare_phylum_census	family	stratum	S2_rare_phylum	554	cell_LQ_to_HQ	0	0	0				census of frame MAGs in phyla with <1000 catalogue MAGs; 218 family clusters
S2_rare_phylum_census	family	stratum	S2_rare_phylum	554	cell_LQ_to_MQ	0	0	0				census of frame MAGs in phyla with <1000 catalogue MAGs; 218 family clusters
S2_rare_phylum_census	family	stratum	S2_rare_phylum	554	cell_LQ_to_LQ	0	0	0				census of frame MAGs in phyla with <1000 catalogue MAGs; 218 family clusters
S2_rare_phylum_census	family	stratum	S2_rare_phylum	554	slope_d_comp_per_log10Mbp	22.3979	15.6954	30.16				census of frame MAGs in phyla with <1000 catalogue MAGs; 218 family clusters
S2_rare_phylum_census	family	stratum	S2_rare_phylum	554	slope_d_cont_per_log10Mbp	22.5657	7.63862	32.9904				census of frame MAGs in phyla with <1000 catalogue MAGs; 218 family clusters
S2_rare_phylum_census	family	checkm2_class	HQ	218	p_class_change	0.577982	0.5	0.645168				census of frame MAGs in phyla with <1000 catalogue MAGs; 218 family clusters
S2_rare_phylum_census	family	checkm2_class	HQ	218	p_downgrade	0.577982	0.5	0.645168				census of frame MAGs in phyla with <1000 catalogue MAGs; 218 family clusters
S2_rare_phylum_census	family	checkm2_class	HQ	218	p_upgrade	0	0	0				census of frame MAGs in phyla with <1000 catalogue MAGs; 218 family clusters
S2_rare_phylum_census	family	checkm2_class	HQ	218	p_HQ_checkm2	1	1	1				census of frame MAGs in phyla with <1000 catalogue MAGs; 218 family clusters
S2_rare_phylum_census	family	checkm2_class	HQ	218	p_HQ_magicc	0.422018	0.354832	0.5				census of frame MAGs in phyla with <1000 catalogue MAGs; 218 family clusters
S2_rare_phylum_census	family	checkm2_class	HQ	218	HQ_downgrade_rate	0.577982	0.5	0.645168				census of frame MAGs in phyla with <1000 catalogue MAGs; 218 family clusters
S2_rare_phylum_census	family	checkm2_class	HQ	218	HQ_to_MQ_rate	0.357798	0.284197	0.42919				census of frame MAGs in phyla with <1000 catalogue MAGs; 218 family clusters
S2_rare_phylum_census	family	checkm2_class	HQ	218	HQ_to_LQ_rate	0.220183	0.157061	0.284949				census of frame MAGs in phyla with <1000 catalogue MAGs; 218 family clusters
S2_rare_phylum_census	family	checkm2_class	HQ	218	MQ_to_HQ_rate	nan	nan	nan				census of frame MAGs in phyla with <1000 catalogue MAGs; 218 family clusters
S2_rare_phylum_census	family	checkm2_class	HQ	218	MQ_to_LQ_rate	nan	nan	nan				census of frame MAGs in phyla with <1000 catalogue MAGs; 218 family clusters
S2_rare_phylum_census	family	checkm2_class	HQ	218	LQ_to_higher_rate	nan	nan	nan				census of frame MAGs in phyla with <1000 catalogue MAGs; 218 family clusters
S2_rare_phylum_census	family	checkm2_class	HQ	218	cont5_disagreement_rate	0.288991	0.22277	0.352948				census of frame MAGs in phyla with <1000 catalogue MAGs; 218 family clusters
S2_rare_phylum_census	family	checkm2_class	HQ	218	floor_rate	0	0	0				census of frame MAGs in phyla with <1000 catalogue MAGs; 218 family clusters
S2_rare_phylum_census	family	checkm2_class	HQ	218	floor_rate_exact50	0	0	0				census of frame MAGs in phyla with <1000 catalogue MAGs; 218 family clusters
S2_rare_phylum_census	family	checkm2_class	HQ	218	mean_d_comp	-6.43586	-8.61697	-4.35818				census of frame MAGs in phyla with <1000 catalogue MAGs; 218 family clusters
S2_rare_phylum_census	family	checkm2_class	HQ	218	mean_d_cont	5.79519	3.92757	7.76356				census of frame MAGs in phyla with <1000 catalogue MAGs; 218 family clusters
S2_rare_phylum_census	family	checkm2_class	HQ	218	mean_comp_checkm2	95.1414	94.7384	95.5135				census of frame MAGs in phyla with <1000 catalogue MAGs; 218 family clusters
S2_rare_phylum_census	family	checkm2_class	HQ	218	mean_comp_magicc	88.7055	86.4508	90.7394				census of frame MAGs in phyla with <1000 catalogue MAGs; 218 family clusters
S2_rare_phylum_census	family	checkm2_class	HQ	218	mean_cont_checkm2	1.49248	1.28508	1.70291				census of frame MAGs in phyla with <1000 catalogue MAGs; 218 family clusters
S2_rare_phylum_census	family	checkm2_class	HQ	218	mean_cont_magicc	7.28766	5.31152	9.29464				census of frame MAGs in phyla with <1000 catalogue MAGs; 218 family clusters
S2_rare_phylum_census	family	checkm2_class	HQ	218	cell_HQ_to_HQ	0.422018	0.354832	0.5				census of frame MAGs in phyla with <1000 catalogue MAGs; 218 family clusters
S2_rare_phylum_census	family	checkm2_class	HQ	218	cell_HQ_to_MQ	0.357798	0.284197	0.42919				census of frame MAGs in phyla with <1000 catalogue MAGs; 218 family clusters
S2_rare_phylum_census	family	checkm2_class	HQ	218	cell_HQ_to_LQ	0.220183	0.157061	0.284949				census of frame MAGs in phyla with <1000 catalogue MAGs; 218 family clusters
S2_rare_phylum_census	family	checkm2_class	HQ	218	cell_MQ_to_HQ	0	0	0				census of frame MAGs in phyla with <1000 catalogue MAGs; 218 family clusters
S2_rare_phylum_census	family	checkm2_class	HQ	218	cell_MQ_to_MQ	0	0	0				census of frame MAGs in phyla with <1000 catalogue MAGs; 218 family clusters
S2_rare_phylum_census	family	checkm2_class	HQ	218	cell_MQ_to_LQ	0	0	0				census of frame MAGs in phyla with <1000 catalogue MAGs; 218 family clusters
S2_rare_phylum_census	family	checkm2_class	HQ	218	cell_LQ_to_HQ	0	0	0				census of frame MAGs in phyla with <1000 catalogue MAGs; 218 family clusters
S2_rare_phylum_census	family	checkm2_class	HQ	218	cell_LQ_to_MQ	0	0	0				census of frame MAGs in phyla with <1000 catalogue MAGs; 218 family clusters
S2_rare_phylum_census	family	checkm2_class	HQ	218	cell_LQ_to_LQ	0	0	0				census of frame MAGs in phyla with <1000 catalogue MAGs; 218 family clusters
S2_rare_phylum_census	family	checkm2_class	HQ	218	slope_d_comp_per_log10Mbp	31.2036	19.617	42.1648				census of frame MAGs in phyla with <1000 catalogue MAGs; 218 family clusters
S2_rare_phylum_census	family	checkm2_class	HQ	218	slope_d_cont_per_log10Mbp	17.2088	5.50268	30.219				census of frame MAGs in phyla with <1000 catalogue MAGs; 218 family clusters
S2_rare_phylum_census	family	checkm2_class	MQ	336	p_class_change	0.449405	0.388056	0.50872				census of frame MAGs in phyla with <1000 catalogue MAGs; 218 family clusters
S2_rare_phylum_census	family	checkm2_class	MQ	336	p_downgrade	0.217262	0.167671	0.270033				census of frame MAGs in phyla with <1000 catalogue MAGs; 218 family clusters
S2_rare_phylum_census	family	checkm2_class	MQ	336	p_upgrade	0.232143	0.181804	0.280706				census of frame MAGs in phyla with <1000 catalogue MAGs; 218 family clusters
S2_rare_phylum_census	family	checkm2_class	MQ	336	p_HQ_checkm2	0	0	0				census of frame MAGs in phyla with <1000 catalogue MAGs; 218 family clusters
S2_rare_phylum_census	family	checkm2_class	MQ	336	p_HQ_magicc	0.232143	0.181804	0.280706				census of frame MAGs in phyla with <1000 catalogue MAGs; 218 family clusters
S2_rare_phylum_census	family	checkm2_class	MQ	336	HQ_downgrade_rate	nan	nan	nan				census of frame MAGs in phyla with <1000 catalogue MAGs; 218 family clusters
S2_rare_phylum_census	family	checkm2_class	MQ	336	HQ_to_MQ_rate	nan	nan	nan				census of frame MAGs in phyla with <1000 catalogue MAGs; 218 family clusters
S2_rare_phylum_census	family	checkm2_class	MQ	336	HQ_to_LQ_rate	nan	nan	nan				census of frame MAGs in phyla with <1000 catalogue MAGs; 218 family clusters
S2_rare_phylum_census	family	checkm2_class	MQ	336	MQ_to_HQ_rate	0.232143	0.181804	0.280706				census of frame MAGs in phyla with <1000 catalogue MAGs; 218 family clusters
S2_rare_phylum_census	family	checkm2_class	MQ	336	MQ_to_LQ_rate	0.217262	0.167671	0.270033				census of frame MAGs in phyla with <1000 catalogue MAGs; 218 family clusters
S2_rare_phylum_census	family	checkm2_class	MQ	336	LQ_to_higher_rate	nan	nan	nan				census of frame MAGs in phyla with <1000 catalogue MAGs; 218 family clusters
S2_rare_phylum_census	family	checkm2_class	MQ	336	cont5_disagreement_rate	0.255144	0.191995	0.331731				census of frame MAGs in phyla with <1000 catalogue MAGs; 218 family clusters
S2_rare_phylum_census	family	checkm2_class	MQ	336	floor_rate	0.00297619	0	0.0107537				census of frame MAGs in phyla with <1000 catalogue MAGs; 218 family clusters
S2_rare_phylum_census	family	checkm2_class	MQ	336	floor_rate_exact50	0	0	0				census of frame MAGs in phyla with <1000 catalogue MAGs; 218 family clusters
S2_rare_phylum_census	family	checkm2_class	MQ	336	mean_d_comp	3.67098	1.68027	5.54964				census of frame MAGs in phyla with <1000 catalogue MAGs; 218 family clusters
S2_rare_phylum_census	family	checkm2_class	MQ	336	mean_d_cont	4.87015	2.9994	6.61802				census of frame MAGs in phyla with <1000 catalogue MAGs; 218 family clusters
S2_rare_phylum_census	family	checkm2_class	MQ	336	mean_comp_checkm2	76.0532	74.515	77.3435				census of frame MAGs in phyla with <1000 catalogue MAGs; 218 family clusters
S2_rare_phylum_census	family	checkm2_class	MQ	336	mean_comp_magicc	79.7242	77.3911	81.6929				census of frame MAGs in phyla with <1000 catalogue MAGs; 218 family clusters
S2_rare_phylum_census	family	checkm2_class	MQ	336	mean_cont_checkm2	3.2131	2.80624	3.63589				census of frame MAGs in phyla with <1000 catalogue MAGs; 218 family clusters
S2_rare_phylum_census	family	checkm2_class	MQ	336	mean_cont_magicc	8.08325	6.08787	9.92947				census of frame MAGs in phyla with <1000 catalogue MAGs; 218 family clusters
S2_rare_phylum_census	family	checkm2_class	MQ	336	cell_HQ_to_HQ	0	0	0				census of frame MAGs in phyla with <1000 catalogue MAGs; 218 family clusters
S2_rare_phylum_census	family	checkm2_class	MQ	336	cell_HQ_to_MQ	0	0	0				census of frame MAGs in phyla with <1000 catalogue MAGs; 218 family clusters
S2_rare_phylum_census	family	checkm2_class	MQ	336	cell_HQ_to_LQ	0	0	0				census of frame MAGs in phyla with <1000 catalogue MAGs; 218 family clusters
S2_rare_phylum_census	family	checkm2_class	MQ	336	cell_MQ_to_HQ	0.232143	0.181804	0.280706				census of frame MAGs in phyla with <1000 catalogue MAGs; 218 family clusters
S2_rare_phylum_census	family	checkm2_class	MQ	336	cell_MQ_to_MQ	0.550595	0.49128	0.611944				census of frame MAGs in phyla with <1000 catalogue MAGs; 218 family clusters
S2_rare_phylum_census	family	checkm2_class	MQ	336	cell_MQ_to_LQ	0.217262	0.167671	0.270033				census of frame MAGs in phyla with <1000 catalogue MAGs; 218 family clusters
S2_rare_phylum_census	family	checkm2_class	MQ	336	cell_LQ_to_HQ	0	0	0				census of frame MAGs in phyla with <1000 catalogue MAGs; 218 family clusters
S2_rare_phylum_census	family	checkm2_class	MQ	336	cell_LQ_to_MQ	0	0	0				census of frame MAGs in phyla with <1000 catalogue MAGs; 218 family clusters
S2_rare_phylum_census	family	checkm2_class	MQ	336	cell_LQ_to_LQ	0	0	0				census of frame MAGs in phyla with <1000 catalogue MAGs; 218 family clusters
S2_rare_phylum_census	family	checkm2_class	MQ	336	slope_d_comp_per_log10Mbp	19.6589	12.8541	28.5353				census of frame MAGs in phyla with <1000 catalogue MAGs; 218 family clusters
S2_rare_phylum_census	family	checkm2_class	MQ	336	slope_d_cont_per_log10Mbp	24.7725	5.01921	38.7425				census of frame MAGs in phyla with <1000 catalogue MAGs; 218 family clusters
S2_rare_phylum_census	spire_cluster	overall	ALL	554	p_class_change	0.5	0.458484	0.541516				census of frame MAGs in phyla with <1000 catalogue MAGs; 554 spire_cluster clusters
S2_rare_phylum_census	spire_cluster	overall	ALL	554	p_downgrade	0.359206	0.319495	0.398917				census of frame MAGs in phyla with <1000 catalogue MAGs; 554 spire_cluster clusters
S2_rare_phylum_census	spire_cluster	overall	ALL	554	p_upgrade	0.140794	0.111913	0.169675				census of frame MAGs in phyla with <1000 catalogue MAGs; 554 spire_cluster clusters
S2_rare_phylum_census	spire_cluster	overall	ALL	554	p_HQ_checkm2	0.393502	0.351986	0.435018				census of frame MAGs in phyla with <1000 catalogue MAGs; 554 spire_cluster clusters
S2_rare_phylum_census	spire_cluster	overall	ALL	554	p_HQ_magicc	0.306859	0.268953	0.344765				census of frame MAGs in phyla with <1000 catalogue MAGs; 554 spire_cluster clusters
S2_rare_phylum_census	spire_cluster	overall	ALL	554	HQ_downgrade_rate	0.577982	0.514144	0.644867				census of frame MAGs in phyla with <1000 catalogue MAGs; 554 spire_cluster clusters
S2_rare_phylum_census	spire_cluster	overall	ALL	554	HQ_to_MQ_rate	0.357798	0.294393	0.422754				census of frame MAGs in phyla with <1000 catalogue MAGs; 554 spire_cluster clusters
S2_rare_phylum_census	spire_cluster	overall	ALL	554	HQ_to_LQ_rate	0.220183	0.16508	0.278539				census of frame MAGs in phyla with <1000 catalogue MAGs; 554 spire_cluster clusters
S2_rare_phylum_census	spire_cluster	overall	ALL	554	MQ_to_HQ_rate	0.232143	0.188231	0.277778				census of frame MAGs in phyla with <1000 catalogue MAGs; 554 spire_cluster clusters
S2_rare_phylum_census	spire_cluster	overall	ALL	554	MQ_to_LQ_rate	0.217262	0.173666	0.259942				census of frame MAGs in phyla with <1000 catalogue MAGs; 554 spire_cluster clusters
S2_rare_phylum_census	spire_cluster	overall	ALL	554	LQ_to_higher_rate	nan	nan	nan				census of frame MAGs in phyla with <1000 catalogue MAGs; 554 spire_cluster clusters
S2_rare_phylum_census	spire_cluster	overall	ALL	554	cont5_disagreement_rate	0.27115	0.230753	0.313185				census of frame MAGs in phyla with <1000 catalogue MAGs; 554 spire_cluster clusters
S2_rare_phylum_census	spire_cluster	overall	ALL	554	floor_rate	0.00180505	0	0.00541516				census of frame MAGs in phyla with <1000 catalogue MAGs; 554 spire_cluster clusters
S2_rare_phylum_census	spire_cluster	overall	ALL	554	floor_rate_exact50	0	0	0				census of frame MAGs in phyla with <1000 catalogue MAGs; 554 spire_cluster clusters
S2_rare_phylum_census	spire_cluster	overall	ALL	554	mean_d_comp	-0.306082	-1.58463	0.953079				census of frame MAGs in phyla with <1000 catalogue MAGs; 554 spire_cluster clusters
S2_rare_phylum_census	spire_cluster	overall	ALL	554	mean_d_cont	5.23415	4.01468	6.48946				census of frame MAGs in phyla with <1000 catalogue MAGs; 554 spire_cluster clusters
S2_rare_phylum_census	spire_cluster	overall	ALL	554	mean_comp_checkm2	83.5644	82.3842	84.7336				census of frame MAGs in phyla with <1000 catalogue MAGs; 554 spire_cluster clusters
S2_rare_phylum_census	spire_cluster	overall	ALL	554	mean_comp_magicc	83.2583	82.0053	84.4949				census of frame MAGs in phyla with <1000 catalogue MAGs; 554 spire_cluster clusters
S2_rare_phylum_census	spire_cluster	overall	ALL	554	mean_cont_checkm2	2.53603	2.34633	2.72701				census of frame MAGs in phyla with <1000 catalogue MAGs; 554 spire_cluster clusters
S2_rare_phylum_census	spire_cluster	overall	ALL	554	mean_cont_magicc	7.77018	6.51978	9.0596				census of frame MAGs in phyla with <1000 catalogue MAGs; 554 spire_cluster clusters
S2_rare_phylum_census	spire_cluster	overall	ALL	554	cell_HQ_to_HQ	0.166065	0.133574	0.196751				census of frame MAGs in phyla with <1000 catalogue MAGs; 554 spire_cluster clusters
S2_rare_phylum_census	spire_cluster	overall	ALL	554	cell_HQ_to_MQ	0.140794	0.113718	0.169675				census of frame MAGs in phyla with <1000 catalogue MAGs; 554 spire_cluster clusters
S2_rare_phylum_census	spire_cluster	overall	ALL	554	cell_HQ_to_LQ	0.0866426	0.0631769	0.110108				census of frame MAGs in phyla with <1000 catalogue MAGs; 554 spire_cluster clusters
S2_rare_phylum_census	spire_cluster	overall	ALL	554	cell_MQ_to_HQ	0.140794	0.111913	0.169675				census of frame MAGs in phyla with <1000 catalogue MAGs; 554 spire_cluster clusters
S2_rare_phylum_census	spire_cluster	overall	ALL	554	cell_MQ_to_MQ	0.333935	0.294224	0.373646				census of frame MAGs in phyla with <1000 catalogue MAGs; 554 spire_cluster clusters
S2_rare_phylum_census	spire_cluster	overall	ALL	554	cell_MQ_to_LQ	0.131769	0.102888	0.158845				census of frame MAGs in phyla with <1000 catalogue MAGs; 554 spire_cluster clusters
S2_rare_phylum_census	spire_cluster	overall	ALL	554	cell_LQ_to_HQ	0	0	0				census of frame MAGs in phyla with <1000 catalogue MAGs; 554 spire_cluster clusters
S2_rare_phylum_census	spire_cluster	overall	ALL	554	cell_LQ_to_MQ	0	0	0				census of frame MAGs in phyla with <1000 catalogue MAGs; 554 spire_cluster clusters
S2_rare_phylum_census	spire_cluster	overall	ALL	554	cell_LQ_to_LQ	0	0	0				census of frame MAGs in phyla with <1000 catalogue MAGs; 554 spire_cluster clusters
S2_rare_phylum_census	spire_cluster	overall	ALL	554	slope_d_comp_per_log10Mbp	22.3979	16.4019	29.2148				census of frame MAGs in phyla with <1000 catalogue MAGs; 554 spire_cluster clusters
S2_rare_phylum_census	spire_cluster	overall	ALL	554	slope_d_cont_per_log10Mbp	22.5657	11.9365	32.6699				census of frame MAGs in phyla with <1000 catalogue MAGs; 554 spire_cluster clusters
S2_rare_phylum_census	spire_cluster	size_bin	1-2Mb	174	p_class_change	0.413793	0.341307	0.488889				census of frame MAGs in phyla with <1000 catalogue MAGs; 554 spire_cluster clusters
S2_rare_phylum_census	spire_cluster	size_bin	1-2Mb	174	p_downgrade	0.350575	0.279994	0.422222				census of frame MAGs in phyla with <1000 catalogue MAGs; 554 spire_cluster clusters
S2_rare_phylum_census	spire_cluster	size_bin	1-2Mb	174	p_upgrade	0.0632184	0.0301455	0.101803				census of frame MAGs in phyla with <1000 catalogue MAGs; 554 spire_cluster clusters
S2_rare_phylum_census	spire_cluster	size_bin	1-2Mb	174	p_HQ_checkm2	0.344828	0.277092	0.414032				census of frame MAGs in phyla with <1000 catalogue MAGs; 554 spire_cluster clusters
S2_rare_phylum_census	spire_cluster	size_bin	1-2Mb	174	p_HQ_magicc	0.16092	0.109088	0.219261				census of frame MAGs in phyla with <1000 catalogue MAGs; 554 spire_cluster clusters
S2_rare_phylum_census	spire_cluster	size_bin	1-2Mb	174	HQ_downgrade_rate	0.716667	0.6	0.830197				census of frame MAGs in phyla with <1000 catalogue MAGs; 554 spire_cluster clusters
S2_rare_phylum_census	spire_cluster	size_bin	1-2Mb	174	HQ_to_MQ_rate	0.566667	0.442615	0.694953				census of frame MAGs in phyla with <1000 catalogue MAGs; 554 spire_cluster clusters
S2_rare_phylum_census	spire_cluster	size_bin	1-2Mb	174	HQ_to_LQ_rate	0.15	0.0666667	0.246154				census of frame MAGs in phyla with <1000 catalogue MAGs; 554 spire_cluster clusters
S2_rare_phylum_census	spire_cluster	size_bin	1-2Mb	174	MQ_to_HQ_rate	0.0964912	0.0471698	0.155363				census of frame MAGs in phyla with <1000 catalogue MAGs; 554 spire_cluster clusters
S2_rare_phylum_census	spire_cluster	size_bin	1-2Mb	174	MQ_to_LQ_rate	0.157895	0.0924337	0.23009				census of frame MAGs in phyla with <1000 catalogue MAGs; 554 spire_cluster clusters
S2_rare_phylum_census	spire_cluster	size_bin	1-2Mb	174	LQ_to_higher_rate	nan	nan	nan				census of frame MAGs in phyla with <1000 catalogue MAGs; 554 spire_cluster clusters
S2_rare_phylum_census	spire_cluster	size_bin	1-2Mb	174	cont5_disagreement_rate	0.253165	0.189185	0.326923				census of frame MAGs in phyla with <1000 catalogue MAGs; 554 spire_cluster clusters
S2_rare_phylum_census	spire_cluster	size_bin	1-2Mb	174	floor_rate	0.00574713	0	0.0198069				census of frame MAGs in phyla with <1000 catalogue MAGs; 554 spire_cluster clusters
S2_rare_phylum_census	spire_cluster	size_bin	1-2Mb	174	floor_rate_exact50	0	0	0				census of frame MAGs in phyla with <1000 catalogue MAGs; 554 spire_cluster clusters
S2_rare_phylum_census	spire_cluster	size_bin	1-2Mb	174	mean_d_comp	-6.00191	-8.29154	-3.75892				census of frame MAGs in phyla with <1000 catalogue MAGs; 554 spire_cluster clusters
S2_rare_phylum_census	spire_cluster	size_bin	1-2Mb	174	mean_d_cont	3.71649	2.10776	5.61383				census of frame MAGs in phyla with <1000 catalogue MAGs; 554 spire_cluster clusters
S2_rare_phylum_census	spire_cluster	size_bin	1-2Mb	174	mean_comp_checkm2	79.2321	77.0251	81.5356				census of frame MAGs in phyla with <1000 catalogue MAGs; 554 spire_cluster clusters
S2_rare_phylum_census	spire_cluster	size_bin	1-2Mb	174	mean_comp_magicc	73.2302	70.8992	75.5767				census of frame MAGs in phyla with <1000 catalogue MAGs; 554 spire_cluster clusters
S2_rare_phylum_census	spire_cluster	size_bin	1-2Mb	174	mean_cont_checkm2	1.70828	1.4265	2.02249				census of frame MAGs in phyla with <1000 catalogue MAGs; 554 spire_cluster clusters
S2_rare_phylum_census	spire_cluster	size_bin	1-2Mb	174	mean_cont_magicc	5.42477	3.80811	7.3352				census of frame MAGs in phyla with <1000 catalogue MAGs; 554 spire_cluster clusters
S2_rare_phylum_census	spire_cluster	size_bin	1-2Mb	174	cell_HQ_to_HQ	0.0977011	0.0555556	0.145254				census of frame MAGs in phyla with <1000 catalogue MAGs; 554 spire_cluster clusters
S2_rare_phylum_census	spire_cluster	size_bin	1-2Mb	174	cell_HQ_to_MQ	0.195402	0.138091	0.255322				census of frame MAGs in phyla with <1000 catalogue MAGs; 554 spire_cluster clusters
S2_rare_phylum_census	spire_cluster	size_bin	1-2Mb	174	cell_HQ_to_LQ	0.0517241	0.0222192	0.0879121				census of frame MAGs in phyla with <1000 catalogue MAGs; 554 spire_cluster clusters
S2_rare_phylum_census	spire_cluster	size_bin	1-2Mb	174	cell_MQ_to_HQ	0.0632184	0.0301455	0.101803				census of frame MAGs in phyla with <1000 catalogue MAGs; 554 spire_cluster clusters
S2_rare_phylum_census	spire_cluster	size_bin	1-2Mb	174	cell_MQ_to_MQ	0.488506	0.413793	0.559334				census of frame MAGs in phyla with <1000 catalogue MAGs; 554 spire_cluster clusters
S2_rare_phylum_census	spire_cluster	size_bin	1-2Mb	174	cell_MQ_to_LQ	0.103448	0.0601066	0.152868				census of frame MAGs in phyla with <1000 catalogue MAGs; 554 spire_cluster clusters
S2_rare_phylum_census	spire_cluster	size_bin	1-2Mb	174	cell_LQ_to_HQ	0	0	0				census of frame MAGs in phyla with <1000 catalogue MAGs; 554 spire_cluster clusters
S2_rare_phylum_census	spire_cluster	size_bin	1-2Mb	174	cell_LQ_to_MQ	0	0	0				census of frame MAGs in phyla with <1000 catalogue MAGs; 554 spire_cluster clusters
S2_rare_phylum_census	spire_cluster	size_bin	1-2Mb	174	cell_LQ_to_LQ	0	0	0				census of frame MAGs in phyla with <1000 catalogue MAGs; 554 spire_cluster clusters
S2_rare_phylum_census	spire_cluster	size_bin	1-2Mb	174	slope_d_comp_per_log10Mbp	52.155	25.0065	80.1088				census of frame MAGs in phyla with <1000 catalogue MAGs; 554 spire_cluster clusters
S2_rare_phylum_census	spire_cluster	size_bin	1-2Mb	174	slope_d_cont_per_log10Mbp	-21.2158	-43.0677	-0.238245				census of frame MAGs in phyla with <1000 catalogue MAGs; 554 spire_cluster clusters
S2_rare_phylum_census	spire_cluster	size_bin	2-3Mb	177	p_class_change	0.418079	0.343187	0.486213				census of frame MAGs in phyla with <1000 catalogue MAGs; 554 spire_cluster clusters
S2_rare_phylum_census	spire_cluster	size_bin	2-3Mb	177	p_downgrade	0.299435	0.230759	0.366279				census of frame MAGs in phyla with <1000 catalogue MAGs; 554 spire_cluster clusters
S2_rare_phylum_census	spire_cluster	size_bin	2-3Mb	177	p_upgrade	0.118644	0.0722222	0.16757				census of frame MAGs in phyla with <1000 catalogue MAGs; 554 spire_cluster clusters
S2_rare_phylum_census	spire_cluster	size_bin	2-3Mb	177	p_HQ_checkm2	0.440678	0.366085	0.51087				census of frame MAGs in phyla with <1000 catalogue MAGs; 554 spire_cluster clusters
S2_rare_phylum_census	spire_cluster	size_bin	2-3Mb	177	p_HQ_magicc	0.333333	0.260415	0.40353				census of frame MAGs in phyla with <1000 catalogue MAGs; 554 spire_cluster clusters
S2_rare_phylum_census	spire_cluster	size_bin	2-3Mb	177	HQ_downgrade_rate	0.512821	0.402593	0.623417				census of frame MAGs in phyla with <1000 catalogue MAGs; 554 spire_cluster clusters
S2_rare_phylum_census	spire_cluster	size_bin	2-3Mb	177	HQ_to_MQ_rate	0.397436	0.292674	0.507258				census of frame MAGs in phyla with <1000 catalogue MAGs; 554 spire_cluster clusters
S2_rare_phylum_census	spire_cluster	size_bin	2-3Mb	177	HQ_to_LQ_rate	0.115385	0.0493827	0.196975				census of frame MAGs in phyla with <1000 catalogue MAGs; 554 spire_cluster clusters
S2_rare_phylum_census	spire_cluster	size_bin	2-3Mb	177	MQ_to_HQ_rate	0.212121	0.132743	0.29				census of frame MAGs in phyla with <1000 catalogue MAGs; 554 spire_cluster clusters
S2_rare_phylum_census	spire_cluster	size_bin	2-3Mb	177	MQ_to_LQ_rate	0.131313	0.0683657	0.2				census of frame MAGs in phyla with <1000 catalogue MAGs; 554 spire_cluster clusters
S2_rare_phylum_census	spire_cluster	size_bin	2-3Mb	177	LQ_to_higher_rate	nan	nan	nan				census of frame MAGs in phyla with <1000 catalogue MAGs; 554 spire_cluster clusters
S2_rare_phylum_census	spire_cluster	size_bin	2-3Mb	177	cont5_disagreement_rate	0.191083	0.130427	0.253338				census of frame MAGs in phyla with <1000 catalogue MAGs; 554 spire_cluster clusters
S2_rare_phylum_census	spire_cluster	size_bin	2-3Mb	177	floor_rate	0	0	0				census of frame MAGs in phyla with <1000 catalogue MAGs; 554 spire_cluster clusters
S2_rare_phylum_census	spire_cluster	size_bin	2-3Mb	177	floor_rate_exact50	0	0	0				census of frame MAGs in phyla with <1000 catalogue MAGs; 554 spire_cluster clusters
S2_rare_phylum_census	spire_cluster	size_bin	2-3Mb	177	mean_d_comp	-1.63971	-3.61613	0.186857				census of frame MAGs in phyla with <1000 catalogue MAGs; 554 spire_cluster clusters
S2_rare_phylum_census	spire_cluster	size_bin	2-3Mb	177	mean_d_cont	1.61235	0.483788	2.88516				census of frame MAGs in phyla with <1000 catalogue MAGs; 554 spire_cluster clusters
S2_rare_phylum_census	spire_cluster	size_bin	2-3Mb	177	mean_comp_checkm2	84.9376	82.6994	86.9056				census of frame MAGs in phyla with <1000 catalogue MAGs; 554 spire_cluster clusters
S2_rare_phylum_census	spire_cluster	size_bin	2-3Mb	177	mean_comp_magicc	83.2979	81.0688	85.3505				census of frame MAGs in phyla with <1000 catalogue MAGs; 554 spire_cluster clusters
S2_rare_phylum_census	spire_cluster	size_bin	2-3Mb	177	mean_cont_checkm2	2.2978	2.00123	2.62844				census of frame MAGs in phyla with <1000 catalogue MAGs; 554 spire_cluster clusters
S2_rare_phylum_census	spire_cluster	size_bin	2-3Mb	177	mean_cont_magicc	3.91014	2.84758	5.1852				census of frame MAGs in phyla with <1000 catalogue MAGs; 554 spire_cluster clusters
S2_rare_phylum_census	spire_cluster	size_bin	2-3Mb	177	cell_HQ_to_HQ	0.214689	0.154686	0.276258				census of frame MAGs in phyla with <1000 catalogue MAGs; 554 spire_cluster clusters
S2_rare_phylum_census	spire_cluster	size_bin	2-3Mb	177	cell_HQ_to_MQ	0.175141	0.119492	0.232326				census of frame MAGs in phyla with <1000 catalogue MAGs; 554 spire_cluster clusters
S2_rare_phylum_census	spire_cluster	size_bin	2-3Mb	177	cell_HQ_to_LQ	0.0508475	0.0218579	0.0869628				census of frame MAGs in phyla with <1000 catalogue MAGs; 554 spire_cluster clusters
S2_rare_phylum_census	spire_cluster	size_bin	2-3Mb	177	cell_MQ_to_HQ	0.118644	0.0722222	0.16757				census of frame MAGs in phyla with <1000 catalogue MAGs; 554 spire_cluster clusters
S2_rare_phylum_census	spire_cluster	size_bin	2-3Mb	177	cell_MQ_to_MQ	0.367232	0.298779	0.442543				census of frame MAGs in phyla with <1000 catalogue MAGs; 554 spire_cluster clusters
S2_rare_phylum_census	spire_cluster	size_bin	2-3Mb	177	cell_MQ_to_LQ	0.0734463	0.0378378	0.113645				census of frame MAGs in phyla with <1000 catalogue MAGs; 554 spire_cluster clusters
S2_rare_phylum_census	spire_cluster	size_bin	2-3Mb	177	cell_LQ_to_HQ	0	0	0				census of frame MAGs in phyla with <1000 catalogue MAGs; 554 spire_cluster clusters
S2_rare_phylum_census	spire_cluster	size_bin	2-3Mb	177	cell_LQ_to_MQ	0	0	0				census of frame MAGs in phyla with <1000 catalogue MAGs; 554 spire_cluster clusters
S2_rare_phylum_census	spire_cluster	size_bin	2-3Mb	177	cell_LQ_to_LQ	0	0	0				census of frame MAGs in phyla with <1000 catalogue MAGs; 554 spire_cluster clusters
S2_rare_phylum_census	spire_cluster	size_bin	2-3Mb	177	slope_d_comp_per_log10Mbp	41.1247	2.09977	80.8432				census of frame MAGs in phyla with <1000 catalogue MAGs; 554 spire_cluster clusters
S2_rare_phylum_census	spire_cluster	size_bin	2-3Mb	177	slope_d_cont_per_log10Mbp	0.988435	-19.6372	23.4937				census of frame MAGs in phyla with <1000 catalogue MAGs; 554 spire_cluster clusters
S2_rare_phylum_census	spire_cluster	size_bin	3-5Mb	158	p_class_change	0.594937	0.517637	0.670886				census of frame MAGs in phyla with <1000 catalogue MAGs; 554 spire_cluster clusters
S2_rare_phylum_census	spire_cluster	size_bin	3-5Mb	158	p_downgrade	0.341772	0.267971	0.416679				census of frame MAGs in phyla with <1000 catalogue MAGs; 554 spire_cluster clusters
S2_rare_phylum_census	spire_cluster	size_bin	3-5Mb	158	p_upgrade	0.253165	0.188808	0.320008				census of frame MAGs in phyla with <1000 catalogue MAGs; 554 spire_cluster clusters
S2_rare_phylum_census	spire_cluster	size_bin	3-5Mb	158	p_HQ_checkm2	0.417722	0.34	0.49359				census of frame MAGs in phyla with <1000 catalogue MAGs; 554 spire_cluster clusters
S2_rare_phylum_census	spire_cluster	size_bin	3-5Mb	158	p_HQ_magicc	0.462025	0.384071	0.542886				census of frame MAGs in phyla with <1000 catalogue MAGs; 554 spire_cluster clusters
S2_rare_phylum_census	spire_cluster	size_bin	3-5Mb	158	HQ_downgrade_rate	0.5	0.382353	0.622957				census of frame MAGs in phyla with <1000 catalogue MAGs; 554 spire_cluster clusters
S2_rare_phylum_census	spire_cluster	size_bin	3-5Mb	158	HQ_to_MQ_rate	0.136364	0.057971	0.224138				census of frame MAGs in phyla with <1000 catalogue MAGs; 554 spire_cluster clusters
S2_rare_phylum_census	spire_cluster	size_bin	3-5Mb	158	HQ_to_LQ_rate	0.363636	0.246371	0.489824				census of frame MAGs in phyla with <1000 catalogue MAGs; 554 spire_cluster clusters
S2_rare_phylum_census	spire_cluster	size_bin	3-5Mb	158	MQ_to_HQ_rate	0.434783	0.333333	0.533981				census of frame MAGs in phyla with <1000 catalogue MAGs; 554 spire_cluster clusters
S2_rare_phylum_census	spire_cluster	size_bin	3-5Mb	158	MQ_to_LQ_rate	0.228261	0.144293	0.311692				census of frame MAGs in phyla with <1000 catalogue MAGs; 554 spire_cluster clusters
S2_rare_phylum_census	spire_cluster	size_bin	3-5Mb	158	LQ_to_higher_rate	nan	nan	nan				census of frame MAGs in phyla with <1000 catalogue MAGs; 554 spire_cluster clusters
S2_rare_phylum_census	spire_cluster	size_bin	3-5Mb	158	cont5_disagreement_rate	0.338583	0.255995	0.426493				census of frame MAGs in phyla with <1000 catalogue MAGs; 554 spire_cluster clusters
S2_rare_phylum_census	spire_cluster	size_bin	3-5Mb	158	floor_rate	0	0	0				census of frame MAGs in phyla with <1000 catalogue MAGs; 554 spire_cluster clusters
S2_rare_phylum_census	spire_cluster	size_bin	3-5Mb	158	floor_rate_exact50	0	0	0				census of frame MAGs in phyla with <1000 catalogue MAGs; 554 spire_cluster clusters
S2_rare_phylum_census	spire_cluster	size_bin	3-5Mb	158	mean_d_comp	6.61199	4.18875	9.11025				census of frame MAGs in phyla with <1000 catalogue MAGs; 554 spire_cluster clusters
S2_rare_phylum_census	spire_cluster	size_bin	3-5Mb	158	mean_d_cont	5.12377	3.29884	6.97188				census of frame MAGs in phyla with <1000 catalogue MAGs; 554 spire_cluster clusters
S2_rare_phylum_census	spire_cluster	size_bin	3-5Mb	158	mean_comp_checkm2	84.7007	82.5724	86.7973				census of frame MAGs in phyla with <1000 catalogue MAGs; 554 spire_cluster clusters
S2_rare_phylum_census	spire_cluster	size_bin	3-5Mb	158	mean_comp_magicc	91.3127	89.6768	92.9378				census of frame MAGs in phyla with <1000 catalogue MAGs; 554 spire_cluster clusters
S2_rare_phylum_census	spire_cluster	size_bin	3-5Mb	158	mean_cont_checkm2	2.95342	2.62898	3.27579				census of frame MAGs in phyla with <1000 catalogue MAGs; 554 spire_cluster clusters
S2_rare_phylum_census	spire_cluster	size_bin	3-5Mb	158	mean_cont_magicc	8.07719	6.29787	9.88022				census of frame MAGs in phyla with <1000 catalogue MAGs; 554 spire_cluster clusters
S2_rare_phylum_census	spire_cluster	size_bin	3-5Mb	158	cell_HQ_to_HQ	0.208861	0.147054	0.272235				census of frame MAGs in phyla with <1000 catalogue MAGs; 554 spire_cluster clusters
S2_rare_phylum_census	spire_cluster	size_bin	3-5Mb	158	cell_HQ_to_MQ	0.056962	0.0242388	0.0946031				census of frame MAGs in phyla with <1000 catalogue MAGs; 554 spire_cluster clusters
S2_rare_phylum_census	spire_cluster	size_bin	3-5Mb	158	cell_HQ_to_LQ	0.151899	0.0972222	0.211553				census of frame MAGs in phyla with <1000 catalogue MAGs; 554 spire_cluster clusters
S2_rare_phylum_census	spire_cluster	size_bin	3-5Mb	158	cell_MQ_to_HQ	0.253165	0.188808	0.320008				census of frame MAGs in phyla with <1000 catalogue MAGs; 554 spire_cluster clusters
S2_rare_phylum_census	spire_cluster	size_bin	3-5Mb	158	cell_MQ_to_MQ	0.196203	0.1375	0.259754				census of frame MAGs in phyla with <1000 catalogue MAGs; 554 spire_cluster clusters
S2_rare_phylum_census	spire_cluster	size_bin	3-5Mb	158	cell_MQ_to_LQ	0.132911	0.0821838	0.185185				census of frame MAGs in phyla with <1000 catalogue MAGs; 554 spire_cluster clusters
S2_rare_phylum_census	spire_cluster	size_bin	3-5Mb	158	cell_LQ_to_HQ	0	0	0				census of frame MAGs in phyla with <1000 catalogue MAGs; 554 spire_cluster clusters
S2_rare_phylum_census	spire_cluster	size_bin	3-5Mb	158	cell_LQ_to_MQ	0	0	0				census of frame MAGs in phyla with <1000 catalogue MAGs; 554 spire_cluster clusters
S2_rare_phylum_census	spire_cluster	size_bin	3-5Mb	158	cell_LQ_to_LQ	0	0	0				census of frame MAGs in phyla with <1000 catalogue MAGs; 554 spire_cluster clusters
S2_rare_phylum_census	spire_cluster	size_bin	3-5Mb	158	slope_d_comp_per_log10Mbp	5.48917	-27.977	40.4063				census of frame MAGs in phyla with <1000 catalogue MAGs; 554 spire_cluster clusters
S2_rare_phylum_census	spire_cluster	size_bin	3-5Mb	158	slope_d_cont_per_log10Mbp	37.7199	6.93557	67.3443				census of frame MAGs in phyla with <1000 catalogue MAGs; 554 spire_cluster clusters
S2_rare_phylum_census	spire_cluster	size_bin	>5Mb	45	p_class_change	0.822222	0.699953	0.928613				census of frame MAGs in phyla with <1000 catalogue MAGs; 554 spire_cluster clusters
S2_rare_phylum_census	spire_cluster	size_bin	>5Mb	45	p_downgrade	0.688889	0.555556	0.825				census of frame MAGs in phyla with <1000 catalogue MAGs; 554 spire_cluster clusters
S2_rare_phylum_census	spire_cluster	size_bin	>5Mb	45	p_upgrade	0.133333	0.0392157	0.238095				census of frame MAGs in phyla with <1000 catalogue MAGs; 554 spire_cluster clusters
S2_rare_phylum_census	spire_cluster	size_bin	>5Mb	45	p_HQ_checkm2	0.311111	0.166667	0.456223				census of frame MAGs in phyla with <1000 catalogue MAGs; 554 spire_cluster clusters
S2_rare_phylum_census	spire_cluster	size_bin	>5Mb	45	p_HQ_magicc	0.222222	0.102041	0.347826				census of frame MAGs in phyla with <1000 catalogue MAGs; 554 spire_cluster clusters
S2_rare_phylum_census	spire_cluster	size_bin	>5Mb	45	HQ_downgrade_rate	0.714286	0.454545	0.9375				census of frame MAGs in phyla with <1000 catalogue MAGs; 554 spire_cluster clusters
S2_rare_phylum_census	spire_cluster	size_bin	>5Mb	45	HQ_to_MQ_rate	0.285714	0.0588235	0.545455				census of frame MAGs in phyla with <1000 catalogue MAGs; 554 spire_cluster clusters
S2_rare_phylum_census	spire_cluster	size_bin	>5Mb	45	HQ_to_LQ_rate	0.428571	0.153846	0.714286				census of frame MAGs in phyla with <1000 catalogue MAGs; 554 spire_cluster clusters
S2_rare_phylum_census	spire_cluster	size_bin	>5Mb	45	MQ_to_HQ_rate	0.193548	0.0587815	0.342879				census of frame MAGs in phyla with <1000 catalogue MAGs; 554 spire_cluster clusters
S2_rare_phylum_census	spire_cluster	size_bin	>5Mb	45	MQ_to_LQ_rate	0.677419	0.514266	0.84375				census of frame MAGs in phyla with <1000 catalogue MAGs; 554 spire_cluster clusters
S2_rare_phylum_census	spire_cluster	size_bin	>5Mb	45	LQ_to_higher_rate	nan	nan	nan				census of frame MAGs in phyla with <1000 catalogue MAGs; 554 spire_cluster clusters
S2_rare_phylum_census	spire_cluster	size_bin	>5Mb	45	cont5_disagreement_rate	0.631579	0.4	0.85				census of frame MAGs in phyla with <1000 catalogue MAGs; 554 spire_cluster clusters
S2_rare_phylum_census	spire_cluster	size_bin	>5Mb	45	floor_rate	0	0	0				census of frame MAGs in phyla with <1000 catalogue MAGs; 554 spire_cluster clusters
S2_rare_phylum_census	spire_cluster	size_bin	>5Mb	45	floor_rate_exact50	0	0	0				census of frame MAGs in phyla with <1000 catalogue MAGs; 554 spire_cluster clusters
S2_rare_phylum_census	spire_cluster	size_bin	>5Mb	45	mean_d_comp	2.67325	-0.764752	6.50108				census of frame MAGs in phyla with <1000 catalogue MAGs; 554 spire_cluster clusters
S2_rare_phylum_census	spire_cluster	size_bin	>5Mb	45	mean_d_cont	25.7358	17.2167	34.8973				census of frame MAGs in phyla with <1000 catalogue MAGs; 554 spire_cluster clusters
S2_rare_phylum_census	spire_cluster	size_bin	>5Mb	45	mean_comp_checkm2	90.9253	87.3946	93.7964				census of frame MAGs in phyla with <1000 catalogue MAGs; 554 spire_cluster clusters
S2_rare_phylum_census	spire_cluster	size_bin	>5Mb	45	mean_comp_magicc	93.5986	91.7465	95.304				census of frame MAGs in phyla with <1000 catalogue MAGs; 554 spire_cluster clusters
S2_rare_phylum_census	spire_cluster	size_bin	>5Mb	45	mean_cont_checkm2	5.20822	4.36042	5.97444				census of frame MAGs in phyla with <1000 catalogue MAGs; 554 spire_cluster clusters
S2_rare_phylum_census	spire_cluster	size_bin	>5Mb	45	mean_cont_magicc	30.944	22.2692	40.5123				census of frame MAGs in phyla with <1000 catalogue MAGs; 554 spire_cluster clusters
S2_rare_phylum_census	spire_cluster	size_bin	>5Mb	45	cell_HQ_to_HQ	0.0888889	0.0196078	0.181818				census of frame MAGs in phyla with <1000 catalogue MAGs; 554 spire_cluster clusters
S2_rare_phylum_census	spire_cluster	size_bin	>5Mb	45	cell_HQ_to_MQ	0.0888889	0.0192308	0.181818				census of frame MAGs in phyla with <1000 catalogue MAGs; 554 spire_cluster clusters
S2_rare_phylum_census	spire_cluster	size_bin	>5Mb	45	cell_HQ_to_LQ	0.133333	0.0416667	0.244456				census of frame MAGs in phyla with <1000 catalogue MAGs; 554 spire_cluster clusters
S2_rare_phylum_census	spire_cluster	size_bin	>5Mb	45	cell_MQ_to_HQ	0.133333	0.0392157	0.238095				census of frame MAGs in phyla with <1000 catalogue MAGs; 554 spire_cluster clusters
S2_rare_phylum_census	spire_cluster	size_bin	>5Mb	45	cell_MQ_to_MQ	0.0888889	0.0188679	0.178571				census of frame MAGs in phyla with <1000 catalogue MAGs; 554 spire_cluster clusters
S2_rare_phylum_census	spire_cluster	size_bin	>5Mb	45	cell_MQ_to_LQ	0.466667	0.324324	0.619048				census of frame MAGs in phyla with <1000 catalogue MAGs; 554 spire_cluster clusters
S2_rare_phylum_census	spire_cluster	size_bin	>5Mb	45	cell_LQ_to_HQ	0	0	0				census of frame MAGs in phyla with <1000 catalogue MAGs; 554 spire_cluster clusters
S2_rare_phylum_census	spire_cluster	size_bin	>5Mb	45	cell_LQ_to_MQ	0	0	0				census of frame MAGs in phyla with <1000 catalogue MAGs; 554 spire_cluster clusters
S2_rare_phylum_census	spire_cluster	size_bin	>5Mb	45	cell_LQ_to_LQ	0	0	0				census of frame MAGs in phyla with <1000 catalogue MAGs; 554 spire_cluster clusters
S2_rare_phylum_census	spire_cluster	size_bin	>5Mb	45	slope_d_comp_per_log10Mbp	9.68428	-34.2845	53.6512				census of frame MAGs in phyla with <1000 catalogue MAGs; 554 spire_cluster clusters
S2_rare_phylum_census	spire_cluster	size_bin	>5Mb	45	slope_d_cont_per_log10Mbp	88.5959	29.4642	124.164				census of frame MAGs in phyla with <1000 catalogue MAGs; 554 spire_cluster clusters
reps_census	family	overall	ALL	6566	p_class_change	0.371764	0.356306	0.388241				census of SPIRE 95 % ANI MAG representatives; 1493 family clusters
reps_census	family	overall	ALL	6566	p_downgrade	0.257387	0.241267	0.274051				census of SPIRE 95 % ANI MAG representatives; 1493 family clusters
reps_census	family	overall	ALL	6566	p_upgrade	0.114377	0.104695	0.124365				census of SPIRE 95 % ANI MAG representatives; 1493 family clusters
reps_census	family	overall	ALL	6566	p_HQ_checkm2	0.369479	0.35179	0.38748				census of SPIRE 95 % ANI MAG representatives; 1493 family clusters
reps_census	family	overall	ALL	6566	p_HQ_magicc	0.298355	0.280825	0.315933				census of SPIRE 95 % ANI MAG representatives; 1493 family clusters
reps_census	family	overall	ALL	6566	HQ_downgrade_rate	0.500824	0.475521	0.527676				census of SPIRE 95 % ANI MAG representatives; 1493 family clusters
reps_census	family	overall	ALL	6566	HQ_to_MQ_rate	0.379225	0.357019	0.402595				census of SPIRE 95 % ANI MAG representatives; 1493 family clusters
reps_census	family	overall	ALL	6566	HQ_to_LQ_rate	0.121599	0.102531	0.141611				census of SPIRE 95 % ANI MAG representatives; 1493 family clusters
reps_census	family	overall	ALL	6566	MQ_to_HQ_rate	0.180851	0.165707	0.196703				census of SPIRE 95 % ANI MAG representatives; 1493 family clusters
reps_census	family	overall	ALL	6566	MQ_to_LQ_rate	0.114845	0.0974285	0.132433				census of SPIRE 95 % ANI MAG representatives; 1493 family clusters
reps_census	family	overall	ALL	6566	LQ_to_higher_rate	0.75	0	1				census of SPIRE 95 % ANI MAG representatives; 1493 family clusters
reps_census	family	overall	ALL	6566	cont5_disagreement_rate	0.174935	0.156793	0.194892				census of SPIRE 95 % ANI MAG representatives; 1493 family clusters
reps_census	family	overall	ALL	6566	floor_rate	0.00913798	0.00626044	0.0124679				census of SPIRE 95 % ANI MAG representatives; 1493 family clusters
reps_census	family	overall	ALL	6566	floor_rate_exact50	0	0	0				census of SPIRE 95 % ANI MAG representatives; 1493 family clusters
reps_census	family	overall	ALL	6566	mean_d_comp	-2.24457	-2.79896	-1.70931				census of SPIRE 95 % ANI MAG representatives; 1493 family clusters
reps_census	family	overall	ALL	6566	mean_d_cont	1.58111	1.02418	2.19251				census of SPIRE 95 % ANI MAG representatives; 1493 family clusters
reps_census	family	overall	ALL	6566	mean_comp_checkm2	82.8185	82.1981	83.4427				census of SPIRE 95 % ANI MAG representatives; 1493 family clusters
reps_census	family	overall	ALL	6566	mean_comp_magicc	80.5739	79.8999	81.2784				census of SPIRE 95 % ANI MAG representatives; 1493 family clusters
reps_census	family	overall	ALL	6566	mean_cont_checkm2	2.62817	2.52021	2.74154				census of SPIRE 95 % ANI MAG representatives; 1493 family clusters
reps_census	family	overall	ALL	6566	mean_cont_magicc	4.20928	3.67905	4.82966				census of SPIRE 95 % ANI MAG representatives; 1493 family clusters
reps_census	family	overall	ALL	6566	cell_HQ_to_HQ	0.184435	0.169878	0.1995				census of SPIRE 95 % ANI MAG representatives; 1493 family clusters
reps_census	family	overall	ALL	6566	cell_HQ_to_MQ	0.140116	0.130064	0.151008				census of SPIRE 95 % ANI MAG representatives; 1493 family clusters
reps_census	family	overall	ALL	6566	cell_HQ_to_LQ	0.0449284	0.0380111	0.051875				census of SPIRE 95 % ANI MAG representatives; 1493 family clusters
reps_census	family	overall	ALL	6566	cell_MQ_to_HQ	0.11392	0.104312	0.123872				census of SPIRE 95 % ANI MAG representatives; 1493 family clusters
reps_census	family	overall	ALL	6566	cell_MQ_to_MQ	0.443649	0.427014	0.460385				census of SPIRE 95 % ANI MAG representatives; 1493 family clusters
reps_census	family	overall	ALL	6566	cell_MQ_to_LQ	0.0723424	0.0611883	0.0842675				census of SPIRE 95 % ANI MAG representatives; 1493 family clusters
reps_census	family	overall	ALL	6566	cell_LQ_to_HQ	0	0	0				census of SPIRE 95 % ANI MAG representatives; 1493 family clusters
reps_census	family	overall	ALL	6566	cell_LQ_to_MQ	0.000456899	0	0.00102558				census of SPIRE 95 % ANI MAG representatives; 1493 family clusters
reps_census	family	overall	ALL	6566	cell_LQ_to_LQ	0.0001523	0	0.000500603				census of SPIRE 95 % ANI MAG representatives; 1493 family clusters
reps_census	family	overall	ALL	6566	slope_d_comp_per_log10Mbp	14.3402	12.9818	15.6585				census of SPIRE 95 % ANI MAG representatives; 1493 family clusters
reps_census	family	overall	ALL	6566	slope_d_cont_per_log10Mbp	0.69638	-1.14094	2.71784				census of SPIRE 95 % ANI MAG representatives; 1493 family clusters
reps_census	family	size_bin	<1Mb	1200	p_class_change	0.3425	0.310797	0.379367				census of SPIRE 95 % ANI MAG representatives; 1493 family clusters
reps_census	family	size_bin	<1Mb	1200	p_downgrade	0.3075	0.276008	0.341021				census of SPIRE 95 % ANI MAG representatives; 1493 family clusters
reps_census	family	size_bin	<1Mb	1200	p_upgrade	0.035	0.0253144	0.0466732				census of SPIRE 95 % ANI MAG representatives; 1493 family clusters
reps_census	family	size_bin	<1Mb	1200	p_HQ_checkm2	0.314167	0.280712	0.350584				census of SPIRE 95 % ANI MAG representatives; 1493 family clusters
reps_census	family	size_bin	<1Mb	1200	p_HQ_magicc	0.1275	0.104314	0.154167				census of SPIRE 95 % ANI MAG representatives; 1493 family clusters
reps_census	family	size_bin	<1Mb	1200	HQ_downgrade_rate	0.702918	0.64829	0.757732				census of SPIRE 95 % ANI MAG representatives; 1493 family clusters
reps_census	family	size_bin	<1Mb	1200	HQ_to_MQ_rate	0.567639	0.511805	0.625				census of SPIRE 95 % ANI MAG representatives; 1493 family clusters
reps_census	family	size_bin	<1Mb	1200	HQ_to_LQ_rate	0.135279	0.0967742	0.174395				census of SPIRE 95 % ANI MAG representatives; 1493 family clusters
reps_census	family	size_bin	<1Mb	1200	MQ_to_HQ_rate	0.0498783	0.0357557	0.0677972				census of SPIRE 95 % ANI MAG representatives; 1493 family clusters
reps_census	family	size_bin	<1Mb	1200	MQ_to_LQ_rate	0.126521	0.0988938	0.158209				census of SPIRE 95 % ANI MAG representatives; 1493 family clusters
reps_census	family	size_bin	<1Mb	1200	LQ_to_higher_rate	1	1	1				census of SPIRE 95 % ANI MAG representatives; 1493 family clusters
reps_census	family	size_bin	<1Mb	1200	cont5_disagreement_rate	0.254795	0.21908	0.290833				census of SPIRE 95 % ANI MAG representatives; 1493 family clusters
reps_census	family	size_bin	<1Mb	1200	floor_rate	0.0458333	0.029752	0.0625934				census of SPIRE 95 % ANI MAG representatives; 1493 family clusters
reps_census	family	size_bin	<1Mb	1200	floor_rate_exact50	0	0	0				census of SPIRE 95 % ANI MAG representatives; 1493 family clusters
reps_census	family	size_bin	<1Mb	1200	mean_d_comp	-9.50815	-10.5729	-8.46984				census of SPIRE 95 % ANI MAG representatives; 1493 family clusters
reps_census	family	size_bin	<1Mb	1200	mean_d_cont	2.5386	1.98033	3.08937				census of SPIRE 95 % ANI MAG representatives; 1493 family clusters
reps_census	family	size_bin	<1Mb	1200	mean_comp_checkm2	79.1405	77.8415	80.5091				census of SPIRE 95 % ANI MAG representatives; 1493 family clusters
reps_census	family	size_bin	<1Mb	1200	mean_comp_magicc	69.6323	68.2033	71.1571				census of SPIRE 95 % ANI MAG representatives; 1493 family clusters
reps_census	family	size_bin	<1Mb	1200	mean_cont_checkm2	1.56438	1.43914	1.69664				census of SPIRE 95 % ANI MAG representatives; 1493 family clusters
reps_census	family	size_bin	<1Mb	1200	mean_cont_magicc	4.10298	3.57595	4.64035				census of SPIRE 95 % ANI MAG representatives; 1493 family clusters
reps_census	family	size_bin	<1Mb	1200	cell_HQ_to_HQ	0.0933333	0.0734671	0.11572				census of SPIRE 95 % ANI MAG representatives; 1493 family clusters
reps_census	family	size_bin	<1Mb	1200	cell_HQ_to_MQ	0.178333	0.151802	0.208018				census of SPIRE 95 % ANI MAG representatives; 1493 family clusters
reps_census	family	size_bin	<1Mb	1200	cell_HQ_to_LQ	0.0425	0.0310709	0.0550008				census of SPIRE 95 % ANI MAG representatives; 1493 family clusters
reps_census	family	size_bin	<1Mb	1200	cell_MQ_to_HQ	0.0341667	0.0247308	0.0456851				census of SPIRE 95 % ANI MAG representatives; 1493 family clusters
reps_census	family	size_bin	<1Mb	1200	cell_MQ_to_MQ	0.564167	0.526576	0.598435				census of SPIRE 95 % ANI MAG representatives; 1493 family clusters
reps_census	family	size_bin	<1Mb	1200	cell_MQ_to_LQ	0.0866667	0.0664692	0.1098				census of SPIRE 95 % ANI MAG representatives; 1493 family clusters
reps_census	family	size_bin	<1Mb	1200	cell_LQ_to_HQ	0	0	0				census of SPIRE 95 % ANI MAG representatives; 1493 family clusters
reps_census	family	size_bin	<1Mb	1200	cell_LQ_to_MQ	0.000833333	0	0.00277268				census of SPIRE 95 % ANI MAG representatives; 1493 family clusters
reps_census	family	size_bin	<1Mb	1200	cell_LQ_to_LQ	0	0	0				census of SPIRE 95 % ANI MAG representatives; 1493 family clusters
reps_census	family	size_bin	<1Mb	1200	slope_d_comp_per_log10Mbp	21.2276	15.4192	27.7556				census of SPIRE 95 % ANI MAG representatives; 1493 family clusters
reps_census	family	size_bin	<1Mb	1200	slope_d_cont_per_log10Mbp	8.17005	5.41278	10.9479				census of SPIRE 95 % ANI MAG representatives; 1493 family clusters
reps_census	family	size_bin	1-2Mb	1485	p_class_change	0.299663	0.265677	0.335213				census of SPIRE 95 % ANI MAG representatives; 1493 family clusters
reps_census	family	size_bin	1-2Mb	1485	p_downgrade	0.247811	0.215593	0.282849				census of SPIRE 95 % ANI MAG representatives; 1493 family clusters
reps_census	family	size_bin	1-2Mb	1485	p_upgrade	0.0518519	0.0383794	0.0661172				census of SPIRE 95 % ANI MAG representatives; 1493 family clusters
reps_census	family	size_bin	1-2Mb	1485	p_HQ_checkm2	0.284175	0.252081	0.316933				census of SPIRE 95 % ANI MAG representatives; 1493 family clusters
reps_census	family	size_bin	1-2Mb	1485	p_HQ_magicc	0.167677	0.140052	0.197295				census of SPIRE 95 % ANI MAG representatives; 1493 family clusters
reps_census	family	size_bin	1-2Mb	1485	HQ_downgrade_rate	0.590047	0.529412	0.646739				census of SPIRE 95 % ANI MAG representatives; 1493 family clusters
reps_census	family	size_bin	1-2Mb	1485	HQ_to_MQ_rate	0.42654	0.370843	0.481938				census of SPIRE 95 % ANI MAG representatives; 1493 family clusters
reps_census	family	size_bin	1-2Mb	1485	HQ_to_LQ_rate	0.163507	0.121208	0.20673				census of SPIRE 95 % ANI MAG representatives; 1493 family clusters
reps_census	family	size_bin	1-2Mb	1485	MQ_to_HQ_rate	0.0715631	0.0529183	0.091727				census of SPIRE 95 % ANI MAG representatives; 1493 family clusters
reps_census	family	size_bin	1-2Mb	1485	MQ_to_LQ_rate	0.112053	0.0815523	0.143724				census of SPIRE 95 % ANI MAG representatives; 1493 family clusters
reps_census	family	size_bin	1-2Mb	1485	LQ_to_higher_rate	1	1	1				census of SPIRE 95 % ANI MAG representatives; 1493 family clusters
reps_census	family	size_bin	1-2Mb	1485	cont5_disagreement_rate	0.171496	0.144681	0.199825				census of SPIRE 95 % ANI MAG representatives; 1493 family clusters
reps_census	family	size_bin	1-2Mb	1485	floor_rate	0.003367	0.000691551	0.00666305				census of SPIRE 95 % ANI MAG representatives; 1493 family clusters
reps_census	family	size_bin	1-2Mb	1485	floor_rate_exact50	0	0	0				census of SPIRE 95 % ANI MAG representatives; 1493 family clusters
reps_census	family	size_bin	1-2Mb	1485	mean_d_comp	-3.72728	-4.78581	-2.75263				census of SPIRE 95 % ANI MAG representatives; 1493 family clusters
reps_census	family	size_bin	1-2Mb	1485	mean_d_cont	1.98117	1.13351	2.88096				census of SPIRE 95 % ANI MAG representatives; 1493 family clusters
reps_census	family	size_bin	1-2Mb	1485	mean_comp_checkm2	77.9801	76.6811	79.2058				census of SPIRE 95 % ANI MAG representatives; 1493 family clusters
reps_census	family	size_bin	1-2Mb	1485	mean_comp_magicc	74.2529	72.7517	75.6349				census of SPIRE 95 % ANI MAG representatives; 1493 family clusters
reps_census	family	size_bin	1-2Mb	1485	mean_cont_checkm2	2.1812	2.03375	2.34143				census of SPIRE 95 % ANI MAG representatives; 1493 family clusters
reps_census	family	size_bin	1-2Mb	1485	mean_cont_magicc	4.16237	3.30586	5.06692				census of SPIRE 95 % ANI MAG representatives; 1493 family clusters
reps_census	family	size_bin	1-2Mb	1485	cell_HQ_to_HQ	0.116498	0.0951049	0.141179				census of SPIRE 95 % ANI MAG representatives; 1493 family clusters
reps_census	family	size_bin	1-2Mb	1485	cell_HQ_to_MQ	0.121212	0.101662	0.14				census of SPIRE 95 % ANI MAG representatives; 1493 family clusters
reps_census	family	size_bin	1-2Mb	1485	cell_HQ_to_LQ	0.0464646	0.033731	0.0601266				census of SPIRE 95 % ANI MAG representatives; 1493 family clusters
reps_census	family	size_bin	1-2Mb	1485	cell_MQ_to_HQ	0.0511785	0.0379924	0.0653601				census of SPIRE 95 % ANI MAG representatives; 1493 family clusters
reps_census	family	size_bin	1-2Mb	1485	cell_MQ_to_MQ	0.583838	0.543448	0.624916				census of SPIRE 95 % ANI MAG representatives; 1493 family clusters
reps_census	family	size_bin	1-2Mb	1485	cell_MQ_to_LQ	0.0801347	0.0585288	0.10245				census of SPIRE 95 % ANI MAG representatives; 1493 family clusters
reps_census	family	size_bin	1-2Mb	1485	cell_LQ_to_HQ	0	0	0				census of SPIRE 95 % ANI MAG representatives; 1493 family clusters
reps_census	family	size_bin	1-2Mb	1485	cell_LQ_to_MQ	0.000673401	0	0.00211722				census of SPIRE 95 % ANI MAG representatives; 1493 family clusters
reps_census	family	size_bin	1-2Mb	1485	cell_LQ_to_LQ	0	0	0				census of SPIRE 95 % ANI MAG representatives; 1493 family clusters
reps_census	family	size_bin	1-2Mb	1485	slope_d_comp_per_log10Mbp	12.3988	3.75035	20.748				census of SPIRE 95 % ANI MAG representatives; 1493 family clusters
reps_census	family	size_bin	1-2Mb	1485	slope_d_cont_per_log10Mbp	-17.5334	-24.8027	-10.9878				census of SPIRE 95 % ANI MAG representatives; 1493 family clusters
reps_census	family	size_bin	2-3Mb	1509	p_class_change	0.340623	0.311574	0.372913				census of SPIRE 95 % ANI MAG representatives; 1493 family clusters
reps_census	family	size_bin	2-3Mb	1509	p_downgrade	0.23393	0.208775	0.26284				census of SPIRE 95 % ANI MAG representatives; 1493 family clusters
reps_census	family	size_bin	2-3Mb	1509	p_upgrade	0.106693	0.089338	0.125737				census of SPIRE 95 % ANI MAG representatives; 1493 family clusters
reps_census	family	size_bin	2-3Mb	1509	p_HQ_checkm2	0.351889	0.321705	0.38293				census of SPIRE 95 % ANI MAG representatives; 1493 family clusters
reps_census	family	size_bin	2-3Mb	1509	p_HQ_magicc	0.264414	0.231707	0.297682				census of SPIRE 95 % ANI MAG representatives; 1493 family clusters
reps_census	family	size_bin	2-3Mb	1509	HQ_downgrade_rate	0.551789	0.504999	0.60151				census of SPIRE 95 % ANI MAG representatives; 1493 family clusters
reps_census	family	size_bin	2-3Mb	1509	HQ_to_MQ_rate	0.472693	0.425453	0.523239				census of SPIRE 95 % ANI MAG representatives; 1493 family clusters
reps_census	family	size_bin	2-3Mb	1509	HQ_to_LQ_rate	0.079096	0.0553287	0.104724				census of SPIRE 95 % ANI MAG representatives; 1493 family clusters
reps_census	family	size_bin	2-3Mb	1509	MQ_to_HQ_rate	0.16479	0.136877	0.195439				census of SPIRE 95 % ANI MAG representatives; 1493 family clusters
reps_census	family	size_bin	2-3Mb	1509	MQ_to_LQ_rate	0.0614125	0.0420322	0.0834288				census of SPIRE 95 % ANI MAG representatives; 1493 family clusters
reps_census	family	size_bin	2-3Mb	1509	LQ_to_higher_rate	0	0	0				census of SPIRE 95 % ANI MAG representatives; 1493 family clusters
reps_census	family	size_bin	2-3Mb	1509	cont5_disagreement_rate	0.113672	0.0925169	0.136789				census of SPIRE 95 % ANI MAG representatives; 1493 family clusters
reps_census	family	size_bin	2-3Mb	1509	floor_rate	0	0	0				census of SPIRE 95 % ANI MAG representatives; 1493 family clusters
reps_census	family	size_bin	2-3Mb	1509	floor_rate_exact50	0	0	0				census of SPIRE 95 % ANI MAG representatives; 1493 family clusters
reps_census	family	size_bin	2-3Mb	1509	mean_d_comp	-2.39413	-3.38017	-1.42549				census of SPIRE 95 % ANI MAG representatives; 1493 family clusters
reps_census	family	size_bin	2-3Mb	1509	mean_d_cont	-0.157806	-0.606443	0.325727				census of SPIRE 95 % ANI MAG representatives; 1493 family clusters
reps_census	family	size_bin	2-3Mb	1509	mean_comp_checkm2	82.2038	81.1439	83.2793				census of SPIRE 95 % ANI MAG representatives; 1493 family clusters
reps_census	family	size_bin	2-3Mb	1509	mean_comp_magicc	79.8097	78.4795	81.0585				census of SPIRE 95 % ANI MAG representatives; 1493 family clusters
reps_census	family	size_bin	2-3Mb	1509	mean_cont_checkm2	2.66094	2.49998	2.81508				census of SPIRE 95 % ANI MAG representatives; 1493 family clusters
reps_census	family	size_bin	2-3Mb	1509	mean_cont_magicc	2.50314	2.07692	2.95678				census of SPIRE 95 % ANI MAG representatives; 1493 family clusters
reps_census	family	size_bin	2-3Mb	1509	cell_HQ_to_HQ	0.15772	0.134839	0.181288				census of SPIRE 95 % ANI MAG representatives; 1493 family clusters
reps_census	family	size_bin	2-3Mb	1509	cell_HQ_to_MQ	0.166335	0.145774	0.188342				census of SPIRE 95 % ANI MAG representatives; 1493 family clusters
reps_census	family	size_bin	2-3Mb	1509	cell_HQ_to_LQ	0.027833	0.0190098	0.0372685				census of SPIRE 95 % ANI MAG representatives; 1493 family clusters
reps_census	family	size_bin	2-3Mb	1509	cell_MQ_to_HQ	0.106693	0.089338	0.125737				census of SPIRE 95 % ANI MAG representatives; 1493 family clusters
reps_census	family	size_bin	2-3Mb	1509	cell_MQ_to_MQ	0.500994	0.462804	0.539478				census of SPIRE 95 % ANI MAG representatives; 1493 family clusters
reps_census	family	size_bin	2-3Mb	1509	cell_MQ_to_LQ	0.0397614	0.0273506	0.0538615				census of SPIRE 95 % ANI MAG representatives; 1493 family clusters
reps_census	family	size_bin	2-3Mb	1509	cell_LQ_to_HQ	0	0	0				census of SPIRE 95 % ANI MAG representatives; 1493 family clusters
reps_census	family	size_bin	2-3Mb	1509	cell_LQ_to_MQ	0	0	0				census of SPIRE 95 % ANI MAG representatives; 1493 family clusters
reps_census	family	size_bin	2-3Mb	1509	cell_LQ_to_LQ	0.000662691	0	0.00219146				census of SPIRE 95 % ANI MAG representatives; 1493 family clusters
reps_census	family	size_bin	2-3Mb	1509	slope_d_comp_per_log10Mbp	21.2757	7.93025	34.9603				census of SPIRE 95 % ANI MAG representatives; 1493 family clusters
reps_census	family	size_bin	2-3Mb	1509	slope_d_cont_per_log10Mbp	-3.63136	-9.9591	2.28951				census of SPIRE 95 % ANI MAG representatives; 1493 family clusters
reps_census	family	size_bin	3-5Mb	1797	p_class_change	0.410684	0.382644	0.44199				census of SPIRE 95 % ANI MAG representatives; 1493 family clusters
reps_census	family	size_bin	3-5Mb	1797	p_downgrade	0.225932	0.202807	0.250169				census of SPIRE 95 % ANI MAG representatives; 1493 family clusters
reps_census	family	size_bin	3-5Mb	1797	p_upgrade	0.184752	0.162917	0.206902				census of SPIRE 95 % ANI MAG representatives; 1493 family clusters
reps_census	family	size_bin	3-5Mb	1797	p_HQ_checkm2	0.467446	0.433554	0.500844				census of SPIRE 95 % ANI MAG representatives; 1493 family clusters
reps_census	family	size_bin	3-5Mb	1797	p_HQ_magicc	0.476349	0.444325	0.50948				census of SPIRE 95 % ANI MAG representatives; 1493 family clusters
reps_census	family	size_bin	3-5Mb	1797	HQ_downgrade_rate	0.375	0.336013	0.41606				census of SPIRE 95 % ANI MAG representatives; 1493 family clusters
reps_census	family	size_bin	3-5Mb	1797	HQ_to_MQ_rate	0.279762	0.245711	0.314376				census of SPIRE 95 % ANI MAG representatives; 1493 family clusters
reps_census	family	size_bin	3-5Mb	1797	HQ_to_LQ_rate	0.0952381	0.0682911	0.124673				census of SPIRE 95 % ANI MAG representatives; 1493 family clusters
reps_census	family	size_bin	3-5Mb	1797	MQ_to_HQ_rate	0.346234	0.30813	0.387062				census of SPIRE 95 % ANI MAG representatives; 1493 family clusters
reps_census	family	size_bin	3-5Mb	1797	MQ_to_LQ_rate	0.0951883	0.0728817	0.120857				census of SPIRE 95 % ANI MAG representatives; 1493 family clusters
reps_census	family	size_bin	3-5Mb	1797	LQ_to_higher_rate	1	1	1				census of SPIRE 95 % ANI MAG representatives; 1493 family clusters
reps_census	family	size_bin	3-5Mb	1797	cont5_disagreement_rate	0.147038	0.117904	0.176896				census of SPIRE 95 % ANI MAG representatives; 1493 family clusters
reps_census	family	size_bin	3-5Mb	1797	floor_rate	0	0	0				census of SPIRE 95 % ANI MAG representatives; 1493 family clusters
reps_census	family	size_bin	3-5Mb	1797	floor_rate_exact50	0	0	0				census of SPIRE 95 % ANI MAG representatives; 1493 family clusters
reps_census	family	size_bin	3-5Mb	1797	mean_d_comp	1.97982	1.14075	2.82064				census of SPIRE 95 % ANI MAG representatives; 1493 family clusters
reps_census	family	size_bin	3-5Mb	1797	mean_d_cont	0.423684	-0.170055	1.07114				census of SPIRE 95 % ANI MAG representatives; 1493 family clusters
reps_census	family	size_bin	3-5Mb	1797	mean_comp_checkm2	87.3391	86.3718	88.3214				census of SPIRE 95 % ANI MAG representatives; 1493 family clusters
reps_census	family	size_bin	3-5Mb	1797	mean_comp_magicc	89.3189	88.3999	90.2989				census of SPIRE 95 % ANI MAG representatives; 1493 family clusters
reps_census	family	size_bin	3-5Mb	1797	mean_cont_checkm2	3.1221	2.95687	3.28165				census of SPIRE 95 % ANI MAG representatives; 1493 family clusters
reps_census	family	size_bin	3-5Mb	1797	mean_cont_magicc	3.54579	2.96379	4.19402				census of SPIRE 95 % ANI MAG representatives; 1493 family clusters
reps_census	family	size_bin	3-5Mb	1797	cell_HQ_to_HQ	0.292154	0.260714	0.324139				census of SPIRE 95 % ANI MAG representatives; 1493 family clusters
reps_census	family	size_bin	3-5Mb	1797	cell_HQ_to_MQ	0.130774	0.112802	0.149975				census of SPIRE 95 % ANI MAG representatives; 1493 family clusters
reps_census	family	size_bin	3-5Mb	1797	cell_HQ_to_LQ	0.0445186	0.0327142	0.0578113				census of SPIRE 95 % ANI MAG representatives; 1493 family clusters
reps_census	family	size_bin	3-5Mb	1797	cell_MQ_to_HQ	0.184196	0.162379	0.206442				census of SPIRE 95 % ANI MAG representatives; 1493 family clusters
reps_census	family	size_bin	3-5Mb	1797	cell_MQ_to_MQ	0.297162	0.264438	0.328623				census of SPIRE 95 % ANI MAG representatives; 1493 family clusters
reps_census	family	size_bin	3-5Mb	1797	cell_MQ_to_LQ	0.05064	0.038421	0.0646829				census of SPIRE 95 % ANI MAG representatives; 1493 family clusters
reps_census	family	size_bin	3-5Mb	1797	cell_LQ_to_HQ	0	0	0				census of SPIRE 95 % ANI MAG representatives; 1493 family clusters
reps_census	family	size_bin	3-5Mb	1797	cell_LQ_to_MQ	0.000556483	0	0.0018249				census of SPIRE 95 % ANI MAG representatives; 1493 family clusters
reps_census	family	size_bin	3-5Mb	1797	cell_LQ_to_LQ	0	0	0				census of SPIRE 95 % ANI MAG representatives; 1493 family clusters
reps_census	family	size_bin	3-5Mb	1797	slope_d_comp_per_log10Mbp	20.2992	10.3122	29.6443				census of SPIRE 95 % ANI MAG representatives; 1493 family clusters
reps_census	family	size_bin	3-5Mb	1797	slope_d_cont_per_log10Mbp	9.02844	1.76081	16.6111				census of SPIRE 95 % ANI MAG representatives; 1493 family clusters
reps_census	family	size_bin	>5Mb	575	p_class_change	0.57913	0.525531	0.634513				census of SPIRE 95 % ANI MAG representatives; 1493 family clusters
reps_census	family	size_bin	>5Mb	575	p_downgrade	0.337391	0.277602	0.401692				census of SPIRE 95 % ANI MAG representatives; 1493 family clusters
reps_census	family	size_bin	>5Mb	575	p_upgrade	0.241739	0.199262	0.285714				census of SPIRE 95 % ANI MAG representatives; 1493 family clusters
reps_census	family	size_bin	>5Mb	575	p_HQ_checkm2	0.445217	0.387346	0.506802				census of SPIRE 95 % ANI MAG representatives; 1493 family clusters
reps_census	family	size_bin	>5Mb	575	p_HQ_magicc	0.525217	0.465985	0.586793				census of SPIRE 95 % ANI MAG representatives; 1493 family clusters
reps_census	family	size_bin	>5Mb	575	HQ_downgrade_rate	0.363281	0.298695	0.439131				census of SPIRE 95 % ANI MAG representatives; 1493 family clusters
reps_census	family	size_bin	>5Mb	575	HQ_to_MQ_rate	0.15625	0.113537	0.199174				census of SPIRE 95 % ANI MAG representatives; 1493 family clusters
reps_census	family	size_bin	>5Mb	575	HQ_to_LQ_rate	0.207031	0.148934	0.280549				census of SPIRE 95 % ANI MAG representatives; 1493 family clusters
reps_census	family	size_bin	>5Mb	575	MQ_to_HQ_rate	0.435737	0.367149	0.508672				census of SPIRE 95 % ANI MAG representatives; 1493 family clusters
reps_census	family	size_bin	>5Mb	575	MQ_to_LQ_rate	0.316614	0.238388	0.395954				census of SPIRE 95 % ANI MAG representatives; 1493 family clusters
reps_census	family	size_bin	>5Mb	575	LQ_to_higher_rate	nan	nan	nan				census of SPIRE 95 % ANI MAG representatives; 1493 family clusters
reps_census	family	size_bin	>5Mb	575	cont5_disagreement_rate	0.274924	0.21384	0.347376				census of SPIRE 95 % ANI MAG representatives; 1493 family clusters
reps_census	family	size_bin	>5Mb	575	floor_rate	0	0	0				census of SPIRE 95 % ANI MAG representatives; 1493 family clusters
reps_census	family	size_bin	>5Mb	575	floor_rate_exact50	0	0	0				census of SPIRE 95 % ANI MAG representatives; 1493 family clusters
reps_census	family	size_bin	>5Mb	575	mean_d_comp	3.93389	2.83951	5.05158				census of SPIRE 95 % ANI MAG representatives; 1493 family clusters
reps_census	family	size_bin	>5Mb	575	mean_d_cont	6.73044	3.8899	10.1468				census of SPIRE 95 % ANI MAG representatives; 1493 family clusters
reps_census	family	size_bin	>5Mb	575	mean_comp_checkm2	90.4749	89.1312	91.7283				census of SPIRE 95 % ANI MAG representatives; 1493 family clusters
reps_census	family	size_bin	>5Mb	575	mean_comp_magicc	94.4088	93.5602	95.2149				census of SPIRE 95 % ANI MAG representatives; 1493 family clusters
reps_census	family	size_bin	>5Mb	575	mean_cont_checkm2	4.37294	3.94737	4.77785				census of SPIRE 95 % ANI MAG representatives; 1493 family clusters
reps_census	family	size_bin	>5Mb	575	mean_cont_magicc	11.1034	8.10919	14.662				census of SPIRE 95 % ANI MAG representatives; 1493 family clusters
reps_census	family	size_bin	>5Mb	575	cell_HQ_to_HQ	0.283478	0.229049	0.339797				census of SPIRE 95 % ANI MAG representatives; 1493 family clusters
reps_census	family	size_bin	>5Mb	575	cell_HQ_to_MQ	0.0695652	0.0487382	0.0905967				census of SPIRE 95 % ANI MAG representatives; 1493 family clusters
reps_census	family	size_bin	>5Mb	575	cell_HQ_to_LQ	0.0921739	0.0648272	0.123835				census of SPIRE 95 % ANI MAG representatives; 1493 family clusters
reps_census	family	size_bin	>5Mb	575	cell_MQ_to_HQ	0.241739	0.199262	0.285714				census of SPIRE 95 % ANI MAG representatives; 1493 family clusters
reps_census	family	size_bin	>5Mb	575	cell_MQ_to_MQ	0.137391	0.102202	0.174962				census of SPIRE 95 % ANI MAG representatives; 1493 family clusters
reps_census	family	size_bin	>5Mb	575	cell_MQ_to_LQ	0.175652	0.128297	0.225437				census of SPIRE 95 % ANI MAG representatives; 1493 family clusters
reps_census	family	size_bin	>5Mb	575	cell_LQ_to_HQ	0	0	0				census of SPIRE 95 % ANI MAG representatives; 1493 family clusters
reps_census	family	size_bin	>5Mb	575	cell_LQ_to_MQ	0	0	0				census of SPIRE 95 % ANI MAG representatives; 1493 family clusters
reps_census	family	size_bin	>5Mb	575	cell_LQ_to_LQ	0	0	0				census of SPIRE 95 % ANI MAG representatives; 1493 family clusters
reps_census	family	size_bin	>5Mb	575	slope_d_comp_per_log10Mbp	-3.0349	-18.2236	5.59933				census of SPIRE 95 % ANI MAG representatives; 1493 family clusters
reps_census	family	size_bin	>5Mb	575	slope_d_cont_per_log10Mbp	86.8301	39.5709	115.163				census of SPIRE 95 % ANI MAG representatives; 1493 family clusters
reps_census	family	lineage_reduction	<-1 (>=2x reduced)	212	p_class_change	0.0943396	0.0480718	0.145376				census of SPIRE 95 % ANI MAG representatives; 1493 family clusters
reps_census	family	lineage_reduction	<-1 (>=2x reduced)	212	p_downgrade	0.0849057	0.0468659	0.126935				census of SPIRE 95 % ANI MAG representatives; 1493 family clusters
reps_census	family	lineage_reduction	<-1 (>=2x reduced)	212	p_upgrade	0.00943396	0	0.0287116				census of SPIRE 95 % ANI MAG representatives; 1493 family clusters
reps_census	family	lineage_reduction	<-1 (>=2x reduced)	212	p_HQ_checkm2	0.0849057	0.0343095	0.147065				census of SPIRE 95 % ANI MAG representatives; 1493 family clusters
reps_census	family	lineage_reduction	<-1 (>=2x reduced)	212	p_HQ_magicc	0.0377358	0.0044838	0.0884956				census of SPIRE 95 % ANI MAG representatives; 1493 family clusters
reps_census	family	lineage_reduction	<-1 (>=2x reduced)	212	HQ_downgrade_rate	0.666667	0.461538	0.916667				census of SPIRE 95 % ANI MAG representatives; 1493 family clusters
reps_census	family	lineage_reduction	<-1 (>=2x reduced)	212	HQ_to_MQ_rate	0.611111	0.384615	0.866667				census of SPIRE 95 % ANI MAG representatives; 1493 family clusters
reps_census	family	lineage_reduction	<-1 (>=2x reduced)	212	HQ_to_LQ_rate	0.0555556	0	0.22736				census of SPIRE 95 % ANI MAG representatives; 1493 family clusters
reps_census	family	lineage_reduction	<-1 (>=2x reduced)	212	MQ_to_HQ_rate	0.0103093	0	0.0333368				census of SPIRE 95 % ANI MAG representatives; 1493 family clusters
reps_census	family	lineage_reduction	<-1 (>=2x reduced)	212	MQ_to_LQ_rate	0.0309278	0.0104167	0.0579734				census of SPIRE 95 % ANI MAG representatives; 1493 family clusters
reps_census	family	lineage_reduction	<-1 (>=2x reduced)	212	LQ_to_higher_rate	nan	nan	nan				census of SPIRE 95 % ANI MAG representatives; 1493 family clusters
reps_census	family	lineage_reduction	<-1 (>=2x reduced)	212	cont5_disagreement_rate	0.0510204	0.0242718	0.084507				census of SPIRE 95 % ANI MAG representatives; 1493 family clusters
reps_census	family	lineage_reduction	<-1 (>=2x reduced)	212	floor_rate	0.15566	0.0960681	0.218888				census of SPIRE 95 % ANI MAG representatives; 1493 family clusters
reps_census	family	lineage_reduction	<-1 (>=2x reduced)	212	floor_rate_exact50	0	0	0				census of SPIRE 95 % ANI MAG representatives; 1493 family clusters
reps_census	family	lineage_reduction	<-1 (>=2x reduced)	212	mean_d_comp	-5.1456	-6.54253	-3.75423				census of SPIRE 95 % ANI MAG representatives; 1493 family clusters
reps_census	family	lineage_reduction	<-1 (>=2x reduced)	212	mean_d_cont	0.0669132	-0.557987	0.786417				census of SPIRE 95 % ANI MAG representatives; 1493 family clusters
reps_census	family	lineage_reduction	<-1 (>=2x reduced)	212	mean_comp_checkm2	65.0792	61.8223	68.8393				census of SPIRE 95 % ANI MAG representatives; 1493 family clusters
reps_census	family	lineage_reduction	<-1 (>=2x reduced)	212	mean_comp_magicc	59.9336	56.9768	63.5912				census of SPIRE 95 % ANI MAG representatives; 1493 family clusters
reps_census	family	lineage_reduction	<-1 (>=2x reduced)	212	mean_cont_checkm2	1.60401	1.30929	1.91024				census of SPIRE 95 % ANI MAG representatives; 1493 family clusters
reps_census	family	lineage_reduction	<-1 (>=2x reduced)	212	mean_cont_magicc	1.67092	1.1258	2.37125				census of SPIRE 95 % ANI MAG representatives; 1493 family clusters
reps_census	family	lineage_reduction	<-1 (>=2x reduced)	212	cell_HQ_to_HQ	0.0283019	0.0044838	0.061351				census of SPIRE 95 % ANI MAG representatives; 1493 family clusters
reps_census	family	lineage_reduction	<-1 (>=2x reduced)	212	cell_HQ_to_MQ	0.0518868	0.0183404	0.086966				census of SPIRE 95 % ANI MAG representatives; 1493 family clusters
reps_census	family	lineage_reduction	<-1 (>=2x reduced)	212	cell_HQ_to_LQ	0.00471698	0	0.0167598				census of SPIRE 95 % ANI MAG representatives; 1493 family clusters
reps_census	family	lineage_reduction	<-1 (>=2x reduced)	212	cell_MQ_to_HQ	0.00943396	0	0.0287116				census of SPIRE 95 % ANI MAG representatives; 1493 family clusters
reps_census	family	lineage_reduction	<-1 (>=2x reduced)	212	cell_MQ_to_MQ	0.877358	0.8	0.93909				census of SPIRE 95 % ANI MAG representatives; 1493 family clusters
reps_census	family	lineage_reduction	<-1 (>=2x reduced)	212	cell_MQ_to_LQ	0.0283019	0.00966184	0.0532564				census of SPIRE 95 % ANI MAG representatives; 1493 family clusters
reps_census	family	lineage_reduction	<-1 (>=2x reduced)	212	cell_LQ_to_HQ	0	0	0				census of SPIRE 95 % ANI MAG representatives; 1493 family clusters
reps_census	family	lineage_reduction	<-1 (>=2x reduced)	212	cell_LQ_to_MQ	0	0	0				census of SPIRE 95 % ANI MAG representatives; 1493 family clusters
reps_census	family	lineage_reduction	<-1 (>=2x reduced)	212	cell_LQ_to_LQ	0	0	0				census of SPIRE 95 % ANI MAG representatives; 1493 family clusters
reps_census	family	lineage_reduction	<-1 (>=2x reduced)	212	slope_d_comp_per_log10Mbp	11.2355	5.62149	16.5351				census of SPIRE 95 % ANI MAG representatives; 1493 family clusters
reps_census	family	lineage_reduction	<-1 (>=2x reduced)	212	slope_d_cont_per_log10Mbp	1.23294	-1.13289	3.83808				census of SPIRE 95 % ANI MAG representatives; 1493 family clusters
reps_census	family	lineage_reduction	-1 to -0.5	623	p_class_change	0.131621	0.102331	0.161122				census of SPIRE 95 % ANI MAG representatives; 1493 family clusters
reps_census	family	lineage_reduction	-1 to -0.5	623	p_downgrade	0.101124	0.075533	0.12789				census of SPIRE 95 % ANI MAG representatives; 1493 family clusters
reps_census	family	lineage_reduction	-1 to -0.5	623	p_upgrade	0.0304976	0.0165908	0.0468539				census of SPIRE 95 % ANI MAG representatives; 1493 family clusters
reps_census	family	lineage_reduction	-1 to -0.5	623	p_HQ_checkm2	0.11236	0.0808901	0.14631				census of SPIRE 95 % ANI MAG representatives; 1493 family clusters
reps_census	family	lineage_reduction	-1 to -0.5	623	p_HQ_magicc	0.0754414	0.0497213	0.104169				census of SPIRE 95 % ANI MAG representatives; 1493 family clusters
reps_census	family	lineage_reduction	-1 to -0.5	623	HQ_downgrade_rate	0.6	0.478869	0.722222				census of SPIRE 95 % ANI MAG representatives; 1493 family clusters
reps_census	family	lineage_reduction	-1 to -0.5	623	HQ_to_MQ_rate	0.528571	0.412482	0.649145				census of SPIRE 95 % ANI MAG representatives; 1493 family clusters
reps_census	family	lineage_reduction	-1 to -0.5	623	HQ_to_LQ_rate	0.0714286	0.0153846	0.137931				census of SPIRE 95 % ANI MAG representatives; 1493 family clusters
reps_census	family	lineage_reduction	-1 to -0.5	623	MQ_to_HQ_rate	0.034358	0.0186741	0.0530984				census of SPIRE 95 % ANI MAG representatives; 1493 family clusters
reps_census	family	lineage_reduction	-1 to -0.5	623	MQ_to_LQ_rate	0.0379747	0.021238	0.0566461				census of SPIRE 95 % ANI MAG representatives; 1493 family clusters
reps_census	family	lineage_reduction	-1 to -0.5	623	LQ_to_higher_rate	nan	nan	nan				census of SPIRE 95 % ANI MAG representatives; 1493 family clusters
reps_census	family	lineage_reduction	-1 to -0.5	623	cont5_disagreement_rate	0.0779221	0.0545104	0.101789				census of SPIRE 95 % ANI MAG representatives; 1493 family clusters
reps_census	family	lineage_reduction	-1 to -0.5	623	floor_rate	0.035313	0.0186865	0.0540155				census of SPIRE 95 % ANI MAG representatives; 1493 family clusters
reps_census	family	lineage_reduction	-1 to -0.5	623	floor_rate_exact50	0	0	0				census of SPIRE 95 % ANI MAG representatives; 1493 family clusters
reps_census	family	lineage_reduction	-1 to -0.5	623	mean_d_comp	-6.18757	-7.37282	-4.92587				census of SPIRE 95 % ANI MAG representatives; 1493 family clusters
reps_census	family	lineage_reduction	-1 to -0.5	623	mean_d_cont	-0.214994	-0.751047	0.364043				census of SPIRE 95 % ANI MAG representatives; 1493 family clusters
reps_census	family	lineage_reduction	-1 to -0.5	623	mean_comp_checkm2	69.4987	67.9603	71.1031				census of SPIRE 95 % ANI MAG representatives; 1493 family clusters
reps_census	family	lineage_reduction	-1 to -0.5	623	mean_comp_magicc	63.3111	61.6761	64.976				census of SPIRE 95 % ANI MAG representatives; 1493 family clusters
reps_census	family	lineage_reduction	-1 to -0.5	623	mean_cont_checkm2	2.0695	1.83596	2.32593				census of SPIRE 95 % ANI MAG representatives; 1493 family clusters
reps_census	family	lineage_reduction	-1 to -0.5	623	mean_cont_magicc	1.85451	1.4298	2.35556				census of SPIRE 95 % ANI MAG representatives; 1493 family clusters
reps_census	family	lineage_reduction	-1 to -0.5	623	cell_HQ_to_HQ	0.0449438	0.0263107	0.0655232				census of SPIRE 95 % ANI MAG representatives; 1493 family clusters
reps_census	family	lineage_reduction	-1 to -0.5	623	cell_HQ_to_MQ	0.05939	0.0390949	0.0809605				census of SPIRE 95 % ANI MAG representatives; 1493 family clusters
reps_census	family	lineage_reduction	-1 to -0.5	623	cell_HQ_to_LQ	0.00802568	0.00159223	0.0154801				census of SPIRE 95 % ANI MAG representatives; 1493 family clusters
reps_census	family	lineage_reduction	-1 to -0.5	623	cell_MQ_to_HQ	0.0304976	0.0165908	0.0468539				census of SPIRE 95 % ANI MAG representatives; 1493 family clusters
reps_census	family	lineage_reduction	-1 to -0.5	623	cell_MQ_to_MQ	0.823435	0.785318	0.859562				census of SPIRE 95 % ANI MAG representatives; 1493 family clusters
reps_census	family	lineage_reduction	-1 to -0.5	623	cell_MQ_to_LQ	0.0337079	0.0188021	0.0502724				census of SPIRE 95 % ANI MAG representatives; 1493 family clusters
reps_census	family	lineage_reduction	-1 to -0.5	623	cell_LQ_to_HQ	0	0	0				census of SPIRE 95 % ANI MAG representatives; 1493 family clusters
reps_census	family	lineage_reduction	-1 to -0.5	623	cell_LQ_to_MQ	0	0	0				census of SPIRE 95 % ANI MAG representatives; 1493 family clusters
reps_census	family	lineage_reduction	-1 to -0.5	623	cell_LQ_to_LQ	0	0	0				census of SPIRE 95 % ANI MAG representatives; 1493 family clusters
reps_census	family	lineage_reduction	-1 to -0.5	623	slope_d_comp_per_log10Mbp	17.6495	13.537	21.6398				census of SPIRE 95 % ANI MAG representatives; 1493 family clusters
reps_census	family	lineage_reduction	-1 to -0.5	623	slope_d_cont_per_log10Mbp	-1.48044	-2.94512	0.0940037				census of SPIRE 95 % ANI MAG representatives; 1493 family clusters
reps_census	family	lineage_reduction	-0.5 to -0.25	684	p_class_change	0.248538	0.21158	0.288607				census of SPIRE 95 % ANI MAG representatives; 1493 family clusters
reps_census	family	lineage_reduction	-0.5 to -0.25	684	p_downgrade	0.19152	0.158709	0.225968				census of SPIRE 95 % ANI MAG representatives; 1493 family clusters
reps_census	family	lineage_reduction	-0.5 to -0.25	684	p_upgrade	0.0570175	0.0371935	0.0801619				census of SPIRE 95 % ANI MAG representatives; 1493 family clusters
reps_census	family	lineage_reduction	-0.5 to -0.25	684	p_HQ_checkm2	0.233918	0.197279	0.278992				census of SPIRE 95 % ANI MAG representatives; 1493 family clusters
reps_census	family	lineage_reduction	-0.5 to -0.25	684	p_HQ_magicc	0.146199	0.10571	0.192573				census of SPIRE 95 % ANI MAG representatives; 1493 family clusters
reps_census	family	lineage_reduction	-0.5 to -0.25	684	HQ_downgrade_rate	0.61875	0.516758	0.717655				census of SPIRE 95 % ANI MAG representatives; 1493 family clusters
reps_census	family	lineage_reduction	-0.5 to -0.25	684	HQ_to_MQ_rate	0.53125	0.439181	0.628571				census of SPIRE 95 % ANI MAG representatives; 1493 family clusters
reps_census	family	lineage_reduction	-0.5 to -0.25	684	HQ_to_LQ_rate	0.0875	0.0440183	0.134757				census of SPIRE 95 % ANI MAG representatives; 1493 family clusters
reps_census	family	lineage_reduction	-0.5 to -0.25	684	MQ_to_HQ_rate	0.0744275	0.047792	0.106123				census of SPIRE 95 % ANI MAG representatives; 1493 family clusters
reps_census	family	lineage_reduction	-0.5 to -0.25	684	MQ_to_LQ_rate	0.0610687	0.0419119	0.0823724				census of SPIRE 95 % ANI MAG representatives; 1493 family clusters
reps_census	family	lineage_reduction	-0.5 to -0.25	684	LQ_to_higher_rate	nan	nan	nan				census of SPIRE 95 % ANI MAG representatives; 1493 family clusters
reps_census	family	lineage_reduction	-0.5 to -0.25	684	cont5_disagreement_rate	0.15894	0.126782	0.190547				census of SPIRE 95 % ANI MAG representatives; 1493 family clusters
reps_census	family	lineage_reduction	-0.5 to -0.25	684	floor_rate	0.00292398	0	0.0078494				census of SPIRE 95 % ANI MAG representatives; 1493 family clusters
reps_census	family	lineage_reduction	-0.5 to -0.25	684	floor_rate_exact50	0	0	0				census of SPIRE 95 % ANI MAG representatives; 1493 family clusters
reps_census	family	lineage_reduction	-0.5 to -0.25	684	mean_d_comp	-5.44547	-6.92817	-4.08782				census of SPIRE 95 % ANI MAG representatives; 1493 family clusters
reps_census	family	lineage_reduction	-0.5 to -0.25	684	mean_d_cont	0.343441	-0.109766	0.811305				census of SPIRE 95 % ANI MAG representatives; 1493 family clusters
reps_census	family	lineage_reduction	-0.5 to -0.25	684	mean_comp_checkm2	76.1852	74.6394	77.8674				census of SPIRE 95 % ANI MAG representatives; 1493 family clusters
reps_census	family	lineage_reduction	-0.5 to -0.25	684	mean_comp_magicc	70.7397	68.9297	72.7539				census of SPIRE 95 % ANI MAG representatives; 1493 family clusters
reps_census	family	lineage_reduction	-0.5 to -0.25	684	mean_cont_checkm2	2.11026	1.9232	2.29901				census of SPIRE 95 % ANI MAG representatives; 1493 family clusters
reps_census	family	lineage_reduction	-0.5 to -0.25	684	mean_cont_magicc	2.4537	2.03097	2.8824				census of SPIRE 95 % ANI MAG representatives; 1493 family clusters
reps_census	family	lineage_reduction	-0.5 to -0.25	684	cell_HQ_to_HQ	0.0891813	0.0609329	0.124634				census of SPIRE 95 % ANI MAG representatives; 1493 family clusters
reps_census	family	lineage_reduction	-0.5 to -0.25	684	cell_HQ_to_MQ	0.124269	0.0984596	0.153345				census of SPIRE 95 % ANI MAG representatives; 1493 family clusters
reps_census	family	lineage_reduction	-0.5 to -0.25	684	cell_HQ_to_LQ	0.0204678	0.0100573	0.0320006				census of SPIRE 95 % ANI MAG representatives; 1493 family clusters
reps_census	family	lineage_reduction	-0.5 to -0.25	684	cell_MQ_to_HQ	0.0570175	0.0371935	0.0801619				census of SPIRE 95 % ANI MAG representatives; 1493 family clusters
reps_census	family	lineage_reduction	-0.5 to -0.25	684	cell_MQ_to_MQ	0.662281	0.606973	0.71026				census of SPIRE 95 % ANI MAG representatives; 1493 family clusters
reps_census	family	lineage_reduction	-0.5 to -0.25	684	cell_MQ_to_LQ	0.0467836	0.0319293	0.0631592				census of SPIRE 95 % ANI MAG representatives; 1493 family clusters
reps_census	family	lineage_reduction	-0.5 to -0.25	684	cell_LQ_to_HQ	0	0	0				census of SPIRE 95 % ANI MAG representatives; 1493 family clusters
reps_census	family	lineage_reduction	-0.5 to -0.25	684	cell_LQ_to_MQ	0	0	0				census of SPIRE 95 % ANI MAG representatives; 1493 family clusters
reps_census	family	lineage_reduction	-0.5 to -0.25	684	cell_LQ_to_LQ	0	0	0				census of SPIRE 95 % ANI MAG representatives; 1493 family clusters
reps_census	family	lineage_reduction	-0.5 to -0.25	684	slope_d_comp_per_log10Mbp	23.0602	18.872	27.0962				census of SPIRE 95 % ANI MAG representatives; 1493 family clusters
reps_census	family	lineage_reduction	-0.5 to -0.25	684	slope_d_cont_per_log10Mbp	-2.7176	-4.14851	-1.10729				census of SPIRE 95 % ANI MAG representatives; 1493 family clusters
reps_census	family	lineage_reduction	-0.25 to +0.25 (typical)	2077	p_class_change	0.370727	0.34748	0.395022				census of SPIRE 95 % ANI MAG representatives; 1493 family clusters
reps_census	family	lineage_reduction	-0.25 to +0.25 (typical)	2077	p_downgrade	0.280212	0.258287	0.305076				census of SPIRE 95 % ANI MAG representatives; 1493 family clusters
reps_census	family	lineage_reduction	-0.25 to +0.25 (typical)	2077	p_upgrade	0.0905152	0.0763481	0.104877				census of SPIRE 95 % ANI MAG representatives; 1493 family clusters
reps_census	family	lineage_reduction	-0.25 to +0.25 (typical)	2077	p_HQ_checkm2	0.359653	0.33435	0.387003				census of SPIRE 95 % ANI MAG representatives; 1493 family clusters
reps_census	family	lineage_reduction	-0.25 to +0.25 (typical)	2077	p_HQ_magicc	0.229658	0.207564	0.252973				census of SPIRE 95 % ANI MAG representatives; 1493 family clusters
reps_census	family	lineage_reduction	-0.25 to +0.25 (typical)	2077	HQ_downgrade_rate	0.610442	0.571429	0.651022				census of SPIRE 95 % ANI MAG representatives; 1493 family clusters
reps_census	family	lineage_reduction	-0.25 to +0.25 (typical)	2077	HQ_to_MQ_rate	0.512718	0.469633	0.554221				census of SPIRE 95 % ANI MAG representatives; 1493 family clusters
reps_census	family	lineage_reduction	-0.25 to +0.25 (typical)	2077	HQ_to_LQ_rate	0.0977242	0.0755773	0.121796				census of SPIRE 95 % ANI MAG representatives; 1493 family clusters
reps_census	family	lineage_reduction	-0.25 to +0.25 (typical)	2077	MQ_to_HQ_rate	0.140166	0.11844	0.163205				census of SPIRE 95 % ANI MAG representatives; 1493 family clusters
reps_census	family	lineage_reduction	-0.25 to +0.25 (typical)	2077	MQ_to_LQ_rate	0.094951	0.0743597	0.116886				census of SPIRE 95 % ANI MAG representatives; 1493 family clusters
reps_census	family	lineage_reduction	-0.25 to +0.25 (typical)	2077	LQ_to_higher_rate	0.666667	0	1				census of SPIRE 95 % ANI MAG representatives; 1493 family clusters
reps_census	family	lineage_reduction	-0.25 to +0.25 (typical)	2077	cont5_disagreement_rate	0.181306	0.157984	0.206924				census of SPIRE 95 % ANI MAG representatives; 1493 family clusters
reps_census	family	lineage_reduction	-0.25 to +0.25 (typical)	2077	floor_rate	0.00144439	0	0.00337862				census of SPIRE 95 % ANI MAG representatives; 1493 family clusters
reps_census	family	lineage_reduction	-0.25 to +0.25 (typical)	2077	floor_rate_exact50	0	0	0				census of SPIRE 95 % ANI MAG representatives; 1493 family clusters
reps_census	family	lineage_reduction	-0.25 to +0.25 (typical)	2077	mean_d_comp	-4.19308	-5.0374	-3.40583				census of SPIRE 95 % ANI MAG representatives; 1493 family clusters
reps_census	family	lineage_reduction	-0.25 to +0.25 (typical)	2077	mean_d_cont	1.04689	0.588086	1.55067				census of SPIRE 95 % ANI MAG representatives; 1493 family clusters
reps_census	family	lineage_reduction	-0.25 to +0.25 (typical)	2077	mean_comp_checkm2	82.6811	81.8798	83.4938				census of SPIRE 95 % ANI MAG representatives; 1493 family clusters
reps_census	family	lineage_reduction	-0.25 to +0.25 (typical)	2077	mean_comp_magicc	78.488	77.5827	79.4235				census of SPIRE 95 % ANI MAG representatives; 1493 family clusters
reps_census	family	lineage_reduction	-0.25 to +0.25 (typical)	2077	mean_cont_checkm2	2.34252	2.21533	2.46432				census of SPIRE 95 % ANI MAG representatives; 1493 family clusters
reps_census	family	lineage_reduction	-0.25 to +0.25 (typical)	2077	mean_cont_magicc	3.3894	2.93839	3.87286				census of SPIRE 95 % ANI MAG representatives; 1493 family clusters
reps_census	family	lineage_reduction	-0.25 to +0.25 (typical)	2077	cell_HQ_to_HQ	0.140106	0.123184	0.157749				census of SPIRE 95 % ANI MAG representatives; 1493 family clusters
reps_census	family	lineage_reduction	-0.25 to +0.25 (typical)	2077	cell_HQ_to_MQ	0.184401	0.164382	0.206132				census of SPIRE 95 % ANI MAG representatives; 1493 family clusters
reps_census	family	lineage_reduction	-0.25 to +0.25 (typical)	2077	cell_HQ_to_LQ	0.0351468	0.0273279	0.0443905				census of SPIRE 95 % ANI MAG representatives; 1493 family clusters
reps_census	family	lineage_reduction	-0.25 to +0.25 (typical)	2077	cell_MQ_to_HQ	0.0895522	0.0755351	0.104				census of SPIRE 95 % ANI MAG representatives; 1493 family clusters
reps_census	family	lineage_reduction	-0.25 to +0.25 (typical)	2077	cell_MQ_to_MQ	0.488686	0.46028	0.51585				census of SPIRE 95 % ANI MAG representatives; 1493 family clusters
reps_census	family	lineage_reduction	-0.25 to +0.25 (typical)	2077	cell_MQ_to_LQ	0.0606644	0.0473537	0.0752507				census of SPIRE 95 % ANI MAG representatives; 1493 family clusters
reps_census	family	lineage_reduction	-0.25 to +0.25 (typical)	2077	cell_LQ_to_HQ	0	0	0				census of SPIRE 95 % ANI MAG representatives; 1493 family clusters
reps_census	family	lineage_reduction	-0.25 to +0.25 (typical)	2077	cell_LQ_to_MQ	0.000962927	0	0.00241555				census of SPIRE 95 % ANI MAG representatives; 1493 family clusters
reps_census	family	lineage_reduction	-0.25 to +0.25 (typical)	2077	cell_LQ_to_LQ	0.000481464	0	0.00158655				census of SPIRE 95 % ANI MAG representatives; 1493 family clusters
reps_census	family	lineage_reduction	-0.25 to +0.25 (typical)	2077	slope_d_comp_per_log10Mbp	18.1971	15.6123	20.9251				census of SPIRE 95 % ANI MAG representatives; 1493 family clusters
reps_census	family	lineage_reduction	-0.25 to +0.25 (typical)	2077	slope_d_cont_per_log10Mbp	-3.93678	-5.64125	-2.11262				census of SPIRE 95 % ANI MAG representatives; 1493 family clusters
reps_census	family	lineage_reduction	>+0.25 (larger than lineage)	2970	p_class_change	0.471044	0.444189	0.501802				census of SPIRE 95 % ANI MAG representatives; 1493 family clusters
reps_census	family	lineage_reduction	>+0.25 (larger than lineage)	2970	p_downgrade	0.301684	0.273095	0.33322				census of SPIRE 95 % ANI MAG representatives; 1493 family clusters
reps_census	family	lineage_reduction	>+0.25 (larger than lineage)	2970	p_upgrade	0.16936	0.152643	0.186716				census of SPIRE 95 % ANI MAG representatives; 1493 family clusters
reps_census	family	lineage_reduction	>+0.25 (larger than lineage)	2970	p_HQ_checkm2	0.481818	0.456829	0.506924				census of SPIRE 95 % ANI MAG representatives; 1493 family clusters
reps_census	family	lineage_reduction	>+0.25 (larger than lineage)	2970	p_HQ_magicc	0.446801	0.418995	0.472603				census of SPIRE 95 % ANI MAG representatives; 1493 family clusters
reps_census	family	lineage_reduction	>+0.25 (larger than lineage)	2970	HQ_downgrade_rate	0.42348	0.389493	0.459983				census of SPIRE 95 % ANI MAG representatives; 1493 family clusters
reps_census	family	lineage_reduction	>+0.25 (larger than lineage)	2970	HQ_to_MQ_rate	0.28232	0.257899	0.308268				census of SPIRE 95 % ANI MAG representatives; 1493 family clusters
reps_census	family	lineage_reduction	>+0.25 (larger than lineage)	2970	HQ_to_LQ_rate	0.14116	0.11238	0.171397				census of SPIRE 95 % ANI MAG representatives; 1493 family clusters
reps_census	family	lineage_reduction	>+0.25 (larger than lineage)	2970	MQ_to_HQ_rate	0.326398	0.296658	0.356308				census of SPIRE 95 % ANI MAG representatives; 1493 family clusters
reps_census	family	lineage_reduction	>+0.25 (larger than lineage)	2970	MQ_to_LQ_rate	0.188557	0.153744	0.225962				census of SPIRE 95 % ANI MAG representatives; 1493 family clusters
reps_census	family	lineage_reduction	>+0.25 (larger than lineage)	2970	LQ_to_higher_rate	1	1	1				census of SPIRE 95 % ANI MAG representatives; 1493 family clusters
reps_census	family	lineage_reduction	>+0.25 (larger than lineage)	2970	cont5_disagreement_rate	0.208278	0.177379	0.242253				census of SPIRE 95 % ANI MAG representatives; 1493 family clusters
reps_census	family	lineage_reduction	>+0.25 (larger than lineage)	2970	floor_rate	0	0	0				census of SPIRE 95 % ANI MAG representatives; 1493 family clusters
reps_census	family	lineage_reduction	>+0.25 (larger than lineage)	2970	floor_rate_exact50	0	0	0				census of SPIRE 95 % ANI MAG representatives; 1493 family clusters
reps_census	family	lineage_reduction	>+0.25 (larger than lineage)	2970	mean_d_comp	0.889442	0.149045	1.5662				census of SPIRE 95 % ANI MAG representatives; 1493 family clusters
reps_census	family	lineage_reduction	>+0.25 (larger than lineage)	2970	mean_d_cont	2.7246	1.74326	3.88792				census of SPIRE 95 % ANI MAG representatives; 1493 family clusters
reps_census	family	lineage_reduction	>+0.25 (larger than lineage)	2970	mean_comp_checkm2	88.5024	87.7856	89.1945				census of SPIRE 95 % ANI MAG representatives; 1493 family clusters
reps_census	family	lineage_reduction	>+0.25 (larger than lineage)	2970	mean_comp_magicc	89.3919	88.595	90.1494				census of SPIRE 95 % ANI MAG representatives; 1493 family clusters
reps_census	family	lineage_reduction	>+0.25 (larger than lineage)	2970	mean_cont_checkm2	3.1375	2.96513	3.30634				census of SPIRE 95 % ANI MAG representatives; 1493 family clusters
reps_census	family	lineage_reduction	>+0.25 (larger than lineage)	2970	mean_cont_magicc	5.8621	4.84915	7.06444				census of SPIRE 95 % ANI MAG representatives; 1493 family clusters
reps_census	family	lineage_reduction	>+0.25 (larger than lineage)	2970	cell_HQ_to_HQ	0.277778	0.253532	0.301423				census of SPIRE 95 % ANI MAG representatives; 1493 family clusters
reps_census	family	lineage_reduction	>+0.25 (larger than lineage)	2970	cell_HQ_to_MQ	0.136027	0.123036	0.149645				census of SPIRE 95 % ANI MAG representatives; 1493 family clusters
reps_census	family	lineage_reduction	>+0.25 (larger than lineage)	2970	cell_HQ_to_LQ	0.0680135	0.0544579	0.0825219				census of SPIRE 95 % ANI MAG representatives; 1493 family clusters
reps_census	family	lineage_reduction	>+0.25 (larger than lineage)	2970	cell_MQ_to_HQ	0.169024	0.15221	0.186392				census of SPIRE 95 % ANI MAG representatives; 1493 family clusters
reps_census	family	lineage_reduction	>+0.25 (larger than lineage)	2970	cell_MQ_to_MQ	0.251178	0.228256	0.274705				census of SPIRE 95 % ANI MAG representatives; 1493 family clusters
reps_census	family	lineage_reduction	>+0.25 (larger than lineage)	2970	cell_MQ_to_LQ	0.0976431	0.0799871	0.118091				census of SPIRE 95 % ANI MAG representatives; 1493 family clusters
reps_census	family	lineage_reduction	>+0.25 (larger than lineage)	2970	cell_LQ_to_HQ	0	0	0				census of SPIRE 95 % ANI MAG representatives; 1493 family clusters
reps_census	family	lineage_reduction	>+0.25 (larger than lineage)	2970	cell_LQ_to_MQ	0.0003367	0	0.0011149				census of SPIRE 95 % ANI MAG representatives; 1493 family clusters
reps_census	family	lineage_reduction	>+0.25 (larger than lineage)	2970	cell_LQ_to_LQ	0	0	0				census of SPIRE 95 % ANI MAG representatives; 1493 family clusters
reps_census	family	lineage_reduction	>+0.25 (larger than lineage)	2970	slope_d_comp_per_log10Mbp	7.27422	5.04726	9.52694				census of SPIRE 95 % ANI MAG representatives; 1493 family clusters
reps_census	family	lineage_reduction	>+0.25 (larger than lineage)	2970	slope_d_cont_per_log10Mbp	-0.412906	-4.55926	4.12631				census of SPIRE 95 % ANI MAG representatives; 1493 family clusters
reps_census	family	phylum	Acidobacteriota	358	p_class_change	0.427374	0.354566	0.507272				census of SPIRE 95 % ANI MAG representatives; 1493 family clusters
reps_census	family	phylum	Acidobacteriota	358	p_downgrade	0.195531	0.145539	0.256412				census of SPIRE 95 % ANI MAG representatives; 1493 family clusters
reps_census	family	phylum	Acidobacteriota	358	p_upgrade	0.231844	0.177637	0.281916				census of SPIRE 95 % ANI MAG representatives; 1493 family clusters
reps_census	family	phylum	Acidobacteriota	358	p_HQ_checkm2	0.321229	0.24921	0.392864				census of SPIRE 95 % ANI MAG representatives; 1493 family clusters
reps_census	family	phylum	Acidobacteriota	358	p_HQ_magicc	0.452514	0.384606	0.518439				census of SPIRE 95 % ANI MAG representatives; 1493 family clusters
reps_census	family	phylum	Acidobacteriota	358	HQ_downgrade_rate	0.313043	0.209302	0.410148				census of SPIRE 95 % ANI MAG representatives; 1493 family clusters
reps_census	family	phylum	Acidobacteriota	358	HQ_to_MQ_rate	0.173913	0.09615	0.245769				census of SPIRE 95 % ANI MAG representatives; 1493 family clusters
reps_census	family	phylum	Acidobacteriota	358	HQ_to_LQ_rate	0.13913	0.0634837	0.220933				census of SPIRE 95 % ANI MAG representatives; 1493 family clusters
reps_census	family	phylum	Acidobacteriota	358	MQ_to_HQ_rate	0.341564	0.261156	0.42008				census of SPIRE 95 % ANI MAG representatives; 1493 family clusters
reps_census	family	phylum	Acidobacteriota	358	MQ_to_LQ_rate	0.139918	0.0869489	0.211397				census of SPIRE 95 % ANI MAG representatives; 1493 family clusters
reps_census	family	phylum	Acidobacteriota	358	LQ_to_higher_rate	nan	nan	nan				census of SPIRE 95 % ANI MAG representatives; 1493 family clusters
reps_census	family	phylum	Acidobacteriota	358	cont5_disagreement_rate	0.183673	0.113954	0.270937				census of SPIRE 95 % ANI MAG representatives; 1493 family clusters
reps_census	family	phylum	Acidobacteriota	358	floor_rate	0	0	0				census of SPIRE 95 % ANI MAG representatives; 1493 family clusters
reps_census	family	phylum	Acidobacteriota	358	floor_rate_exact50	0	0	0				census of SPIRE 95 % ANI MAG representatives; 1493 family clusters
reps_census	family	phylum	Acidobacteriota	358	mean_d_comp	4.12744	2.65694	5.72744				census of SPIRE 95 % ANI MAG representatives; 1493 family clusters
reps_census	family	phylum	Acidobacteriota	358	mean_d_cont	2.01329	0.00307994	4.64812				census of SPIRE 95 % ANI MAG representatives; 1493 family clusters
reps_census	family	phylum	Acidobacteriota	358	mean_comp_checkm2	83.7281	82.0401	85.2714				census of SPIRE 95 % ANI MAG representatives; 1493 family clusters
reps_census	family	phylum	Acidobacteriota	358	mean_comp_magicc	87.8555	85.9234	89.9618				census of SPIRE 95 % ANI MAG representatives; 1493 family clusters
reps_census	family	phylum	Acidobacteriota	358	mean_cont_checkm2	3.79025	3.32248	4.26794				census of SPIRE 95 % ANI MAG representatives; 1493 family clusters
reps_census	family	phylum	Acidobacteriota	358	mean_cont_magicc	5.80354	3.75666	8.477				census of SPIRE 95 % ANI MAG representatives; 1493 family clusters
reps_census	family	phylum	Acidobacteriota	358	cell_HQ_to_HQ	0.22067	0.16509	0.284047				census of SPIRE 95 % ANI MAG representatives; 1493 family clusters
reps_census	family	phylum	Acidobacteriota	358	cell_HQ_to_MQ	0.0558659	0.0294964	0.0815067				census of SPIRE 95 % ANI MAG representatives; 1493 family clusters
reps_census	family	phylum	Acidobacteriota	358	cell_HQ_to_LQ	0.0446927	0.0198649	0.0737806				census of SPIRE 95 % ANI MAG representatives; 1493 family clusters
reps_census	family	phylum	Acidobacteriota	358	cell_MQ_to_HQ	0.231844	0.177637	0.281916				census of SPIRE 95 % ANI MAG representatives; 1493 family clusters
reps_census	family	phylum	Acidobacteriota	358	cell_MQ_to_MQ	0.351955	0.27272	0.425374				census of SPIRE 95 % ANI MAG representatives; 1493 family clusters
reps_census	family	phylum	Acidobacteriota	358	cell_MQ_to_LQ	0.0949721	0.0569569	0.145952				census of SPIRE 95 % ANI MAG representatives; 1493 family clusters
reps_census	family	phylum	Acidobacteriota	358	cell_LQ_to_HQ	0	0	0				census of SPIRE 95 % ANI MAG representatives; 1493 family clusters
reps_census	family	phylum	Acidobacteriota	358	cell_LQ_to_MQ	0	0	0				census of SPIRE 95 % ANI MAG representatives; 1493 family clusters
reps_census	family	phylum	Acidobacteriota	358	cell_LQ_to_LQ	0	0	0				census of SPIRE 95 % ANI MAG representatives; 1493 family clusters
reps_census	family	phylum	Acidobacteriota	358	slope_d_comp_per_log10Mbp	4.35718	-5.4913	14.8586				census of SPIRE 95 % ANI MAG representatives; 1493 family clusters
reps_census	family	phylum	Acidobacteriota	358	slope_d_cont_per_log10Mbp	31.9993	12.7262	54.6787				census of SPIRE 95 % ANI MAG representatives; 1493 family clusters
reps_census	family	phylum	Actinobacteriota	435	p_class_change	0.282759	0.23118	0.344623				census of SPIRE 95 % ANI MAG representatives; 1493 family clusters
reps_census	family	phylum	Actinobacteriota	435	p_downgrade	0.174713	0.137252	0.21958				census of SPIRE 95 % ANI MAG representatives; 1493 family clusters
reps_census	family	phylum	Actinobacteriota	435	p_upgrade	0.108046	0.0713035	0.145464				census of SPIRE 95 % ANI MAG representatives; 1493 family clusters
reps_census	family	phylum	Actinobacteriota	435	p_HQ_checkm2	0.289655	0.227527	0.357143				census of SPIRE 95 % ANI MAG representatives; 1493 family clusters
reps_census	family	phylum	Actinobacteriota	435	p_HQ_magicc	0.252874	0.181789	0.325099				census of SPIRE 95 % ANI MAG representatives; 1493 family clusters
reps_census	family	phylum	Actinobacteriota	435	HQ_downgrade_rate	0.5	0.403081	0.617037				census of SPIRE 95 % ANI MAG representatives; 1493 family clusters
reps_census	family	phylum	Actinobacteriota	435	HQ_to_MQ_rate	0.436508	0.348826	0.539507				census of SPIRE 95 % ANI MAG representatives; 1493 family clusters
reps_census	family	phylum	Actinobacteriota	435	HQ_to_LQ_rate	0.0634921	0.0210526	0.12				census of SPIRE 95 % ANI MAG representatives; 1493 family clusters
reps_census	family	phylum	Actinobacteriota	435	MQ_to_HQ_rate	0.152104	0.0975514	0.214079				census of SPIRE 95 % ANI MAG representatives; 1493 family clusters
reps_census	family	phylum	Actinobacteriota	435	MQ_to_LQ_rate	0.0420712	0.0183445	0.0712219				census of SPIRE 95 % ANI MAG representatives; 1493 family clusters
reps_census	family	phylum	Actinobacteriota	435	LQ_to_higher_rate	nan	nan	nan				census of SPIRE 95 % ANI MAG representatives; 1493 family clusters
reps_census	family	phylum	Actinobacteriota	435	cont5_disagreement_rate	0.0745342	0.044288	0.116205				census of SPIRE 95 % ANI MAG representatives; 1493 family clusters
reps_census	family	phylum	Actinobacteriota	435	floor_rate	0	0	0				census of SPIRE 95 % ANI MAG representatives; 1493 family clusters
reps_census	family	phylum	Actinobacteriota	435	floor_rate_exact50	0	0	0				census of SPIRE 95 % ANI MAG representatives; 1493 family clusters
reps_census	family	phylum	Actinobacteriota	435	mean_d_comp	-2.80416	-4.83388	-0.859822				census of SPIRE 95 % ANI MAG representatives; 1493 family clusters
reps_census	family	phylum	Actinobacteriota	435	mean_d_cont	-1.18983	-2.02756	-0.182731				census of SPIRE 95 % ANI MAG representatives; 1493 family clusters
reps_census	family	phylum	Actinobacteriota	435	mean_comp_checkm2	79.8717	77.508	82.3332				census of SPIRE 95 % ANI MAG representatives; 1493 family clusters
reps_census	family	phylum	Actinobacteriota	435	mean_comp_magicc	77.0675	74.0837	80.0453				census of SPIRE 95 % ANI MAG representatives; 1493 family clusters
reps_census	family	phylum	Actinobacteriota	435	mean_cont_checkm2	3.41464	3.00182	3.86785				census of SPIRE 95 % ANI MAG representatives; 1493 family clusters
reps_census	family	phylum	Actinobacteriota	435	mean_cont_magicc	2.22481	1.58914	3.09072				census of SPIRE 95 % ANI MAG representatives; 1493 family clusters
reps_census	family	phylum	Actinobacteriota	435	cell_HQ_to_HQ	0.144828	0.0957196	0.195128				census of SPIRE 95 % ANI MAG representatives; 1493 family clusters
reps_census	family	phylum	Actinobacteriota	435	cell_HQ_to_MQ	0.126437	0.0956708	0.161623				census of SPIRE 95 % ANI MAG representatives; 1493 family clusters
reps_census	family	phylum	Actinobacteriota	435	cell_HQ_to_LQ	0.0183908	0.00600936	0.0354865				census of SPIRE 95 % ANI MAG representatives; 1493 family clusters
reps_census	family	phylum	Actinobacteriota	435	cell_MQ_to_HQ	0.108046	0.0713035	0.145464				census of SPIRE 95 % ANI MAG representatives; 1493 family clusters
reps_census	family	phylum	Actinobacteriota	435	cell_MQ_to_MQ	0.572414	0.486401	0.654078				census of SPIRE 95 % ANI MAG representatives; 1493 family clusters
reps_census	family	phylum	Actinobacteriota	435	cell_MQ_to_LQ	0.0298851	0.0129022	0.0509958				census of SPIRE 95 % ANI MAG representatives; 1493 family clusters
reps_census	family	phylum	Actinobacteriota	435	cell_LQ_to_HQ	0	0	0				census of SPIRE 95 % ANI MAG representatives; 1493 family clusters
reps_census	family	phylum	Actinobacteriota	435	cell_LQ_to_MQ	0	0	0				census of SPIRE 95 % ANI MAG representatives; 1493 family clusters
reps_census	family	phylum	Actinobacteriota	435	cell_LQ_to_LQ	0	0	0				census of SPIRE 95 % ANI MAG representatives; 1493 family clusters
reps_census	family	phylum	Actinobacteriota	435	slope_d_comp_per_log10Mbp	12.548	5.49703	20.3258				census of SPIRE 95 % ANI MAG representatives; 1493 family clusters
reps_census	family	phylum	Actinobacteriota	435	slope_d_cont_per_log10Mbp	-1.04972	-6.53309	3.03469				census of SPIRE 95 % ANI MAG representatives; 1493 family clusters
reps_census	family	phylum	Bacteroidota	631	p_class_change	0.29477	0.263489	0.337742				census of SPIRE 95 % ANI MAG representatives; 1493 family clusters
reps_census	family	phylum	Bacteroidota	631	p_downgrade	0.207607	0.179078	0.243308				census of SPIRE 95 % ANI MAG representatives; 1493 family clusters
reps_census	family	phylum	Bacteroidota	631	p_upgrade	0.0871632	0.0613568	0.117961				census of SPIRE 95 % ANI MAG representatives; 1493 family clusters
reps_census	family	phylum	Bacteroidota	631	p_HQ_checkm2	0.488114	0.422722	0.554501				census of SPIRE 95 % ANI MAG representatives; 1493 family clusters
reps_census	family	phylum	Bacteroidota	631	p_HQ_magicc	0.396197	0.357803	0.436009				census of SPIRE 95 % ANI MAG representatives; 1493 family clusters
reps_census	family	phylum	Bacteroidota	631	HQ_downgrade_rate	0.366883	0.318335	0.432552				census of SPIRE 95 % ANI MAG representatives; 1493 family clusters
reps_census	family	phylum	Bacteroidota	631	HQ_to_MQ_rate	0.321429	0.271653	0.376507				census of SPIRE 95 % ANI MAG representatives; 1493 family clusters
reps_census	family	phylum	Bacteroidota	631	HQ_to_LQ_rate	0.0454545	0.0231649	0.078537				census of SPIRE 95 % ANI MAG representatives; 1493 family clusters
reps_census	family	phylum	Bacteroidota	631	MQ_to_HQ_rate	0.170279	0.129688	0.218254				census of SPIRE 95 % ANI MAG representatives; 1493 family clusters
reps_census	family	phylum	Bacteroidota	631	MQ_to_LQ_rate	0.0557276	0.0263158	0.0864198				census of SPIRE 95 % ANI MAG representatives; 1493 family clusters
reps_census	family	phylum	Bacteroidota	631	LQ_to_higher_rate	nan	nan	nan				census of SPIRE 95 % ANI MAG representatives; 1493 family clusters
reps_census	family	phylum	Bacteroidota	631	cont5_disagreement_rate	0.0773381	0.0556553	0.10435				census of SPIRE 95 % ANI MAG representatives; 1493 family clusters
reps_census	family	phylum	Bacteroidota	631	floor_rate	0.00316957	0	0.00773047				census of SPIRE 95 % ANI MAG representatives; 1493 family clusters
reps_census	family	phylum	Bacteroidota	631	floor_rate_exact50	0	0	0				census of SPIRE 95 % ANI MAG representatives; 1493 family clusters
reps_census	family	phylum	Bacteroidota	631	mean_d_comp	-2.23144	-3.11957	-1.25696				census of SPIRE 95 % ANI MAG representatives; 1493 family clusters
reps_census	family	phylum	Bacteroidota	631	mean_d_cont	-0.135717	-0.623233	0.366617				census of SPIRE 95 % ANI MAG representatives; 1493 family clusters
reps_census	family	phylum	Bacteroidota	631	mean_comp_checkm2	86.3525	84.7223	88.0147				census of SPIRE 95 % ANI MAG representatives; 1493 family clusters
reps_census	family	phylum	Bacteroidota	631	mean_comp_magicc	84.121	82.8869	85.5867				census of SPIRE 95 % ANI MAG representatives; 1493 family clusters
reps_census	family	phylum	Bacteroidota	631	mean_cont_checkm2	2.21263	1.94518	2.52464				census of SPIRE 95 % ANI MAG representatives; 1493 family clusters
reps_census	family	phylum	Bacteroidota	631	mean_cont_magicc	2.07691	1.55766	2.63446				census of SPIRE 95 % ANI MAG representatives; 1493 family clusters
reps_census	family	phylum	Bacteroidota	631	cell_HQ_to_HQ	0.309033	0.253595	0.360094				census of SPIRE 95 % ANI MAG representatives; 1493 family clusters
reps_census	family	phylum	Bacteroidota	631	cell_HQ_to_MQ	0.156894	0.127096	0.191784				census of SPIRE 95 % ANI MAG representatives; 1493 family clusters
reps_census	family	phylum	Bacteroidota	631	cell_HQ_to_LQ	0.022187	0.0113817	0.0382775				census of SPIRE 95 % ANI MAG representatives; 1493 family clusters
reps_census	family	phylum	Bacteroidota	631	cell_MQ_to_HQ	0.0871632	0.0613568	0.117961				census of SPIRE 95 % ANI MAG representatives; 1493 family clusters
reps_census	family	phylum	Bacteroidota	631	cell_MQ_to_MQ	0.396197	0.347106	0.439375				census of SPIRE 95 % ANI MAG representatives; 1493 family clusters
reps_census	family	phylum	Bacteroidota	631	cell_MQ_to_LQ	0.0285261	0.0129682	0.0456952				census of SPIRE 95 % ANI MAG representatives; 1493 family clusters
reps_census	family	phylum	Bacteroidota	631	cell_LQ_to_HQ	0	0	0				census of SPIRE 95 % ANI MAG representatives; 1493 family clusters
reps_census	family	phylum	Bacteroidota	631	cell_LQ_to_MQ	0	0	0				census of SPIRE 95 % ANI MAG representatives; 1493 family clusters
reps_census	family	phylum	Bacteroidota	631	cell_LQ_to_LQ	0	0	0				census of SPIRE 95 % ANI MAG representatives; 1493 family clusters
reps_census	family	phylum	Bacteroidota	631	slope_d_comp_per_log10Mbp	7.87522	3.03001	14.1883				census of SPIRE 95 % ANI MAG representatives; 1493 family clusters
reps_census	family	phylum	Bacteroidota	631	slope_d_cont_per_log10Mbp	2.10936	-1.74267	6.79051				census of SPIRE 95 % ANI MAG representatives; 1493 family clusters
reps_census	family	phylum	Chloroflexota	257	p_class_change	0.389105	0.308913	0.472534				census of SPIRE 95 % ANI MAG representatives; 1493 family clusters
reps_census	family	phylum	Chloroflexota	257	p_downgrade	0.233463	0.169799	0.305705				census of SPIRE 95 % ANI MAG representatives; 1493 family clusters
reps_census	family	phylum	Chloroflexota	257	p_upgrade	0.155642	0.112902	0.198831				census of SPIRE 95 % ANI MAG representatives; 1493 family clusters
reps_census	family	phylum	Chloroflexota	257	p_HQ_checkm2	0.272374	0.211096	0.338033				census of SPIRE 95 % ANI MAG representatives; 1493 family clusters
reps_census	family	phylum	Chloroflexota	257	p_HQ_magicc	0.287938	0.221117	0.359376				census of SPIRE 95 % ANI MAG representatives; 1493 family clusters
reps_census	family	phylum	Chloroflexota	257	HQ_downgrade_rate	0.514286	0.368421	0.651515				census of SPIRE 95 % ANI MAG representatives; 1493 family clusters
reps_census	family	phylum	Chloroflexota	257	HQ_to_MQ_rate	0.4	0.243223	0.538487				census of SPIRE 95 % ANI MAG representatives; 1493 family clusters
reps_census	family	phylum	Chloroflexota	257	HQ_to_LQ_rate	0.114286	0.0459639	0.212839				census of SPIRE 95 % ANI MAG representatives; 1493 family clusters
reps_census	family	phylum	Chloroflexota	257	MQ_to_HQ_rate	0.215054	0.153837	0.28				census of SPIRE 95 % ANI MAG representatives; 1493 family clusters
reps_census	family	phylum	Chloroflexota	257	MQ_to_LQ_rate	0.129032	0.0729053	0.197972				census of SPIRE 95 % ANI MAG representatives; 1493 family clusters
reps_census	family	phylum	Chloroflexota	257	LQ_to_higher_rate	0	0	0				census of SPIRE 95 % ANI MAG representatives; 1493 family clusters
reps_census	family	phylum	Chloroflexota	257	cont5_disagreement_rate	0.164021	0.109	0.229067				census of SPIRE 95 % ANI MAG representatives; 1493 family clusters
reps_census	family	phylum	Chloroflexota	257	floor_rate	0	0	0				census of SPIRE 95 % ANI MAG representatives; 1493 family clusters
reps_census	family	phylum	Chloroflexota	257	floor_rate_exact50	0	0	0				census of SPIRE 95 % ANI MAG representatives; 1493 family clusters
reps_census	family	phylum	Chloroflexota	257	mean_d_comp	1.61847	-1.30459	4.4141				census of SPIRE 95 % ANI MAG representatives; 1493 family clusters
reps_census	family	phylum	Chloroflexota	257	mean_d_cont	1.82005	0.133728	3.74308				census of SPIRE 95 % ANI MAG representatives; 1493 family clusters
reps_census	family	phylum	Chloroflexota	257	mean_comp_checkm2	80.1024	78.0607	82.2803				census of SPIRE 95 % ANI MAG representatives; 1493 family clusters
reps_census	family	phylum	Chloroflexota	257	mean_comp_magicc	81.7208	78.5034	85.0312				census of SPIRE 95 % ANI MAG representatives; 1493 family clusters
reps_census	family	phylum	Chloroflexota	257	mean_cont_checkm2	3.62428	3.28129	3.99646				census of SPIRE 95 % ANI MAG representatives; 1493 family clusters
reps_census	family	phylum	Chloroflexota	257	mean_cont_magicc	5.44433	3.61348	7.57409				census of SPIRE 95 % ANI MAG representatives; 1493 family clusters
reps_census	family	phylum	Chloroflexota	257	cell_HQ_to_HQ	0.132296	0.0859725	0.18447				census of SPIRE 95 % ANI MAG representatives; 1493 family clusters
reps_census	family	phylum	Chloroflexota	257	cell_HQ_to_MQ	0.108949	0.0613476	0.15825				census of SPIRE 95 % ANI MAG representatives; 1493 family clusters
reps_census	family	phylum	Chloroflexota	257	cell_HQ_to_LQ	0.0311284	0.0125767	0.0575229				census of SPIRE 95 % ANI MAG representatives; 1493 family clusters
reps_census	family	phylum	Chloroflexota	257	cell_MQ_to_HQ	0.155642	0.112902	0.198831				census of SPIRE 95 % ANI MAG representatives; 1493 family clusters
reps_census	family	phylum	Chloroflexota	257	cell_MQ_to_MQ	0.474708	0.382688	0.562213				census of SPIRE 95 % ANI MAG representatives; 1493 family clusters
reps_census	family	phylum	Chloroflexota	257	cell_MQ_to_LQ	0.0933852	0.0519465	0.142157				census of SPIRE 95 % ANI MAG representatives; 1493 family clusters
reps_census	family	phylum	Chloroflexota	257	cell_LQ_to_HQ	0	0	0				census of SPIRE 95 % ANI MAG representatives; 1493 family clusters
reps_census	family	phylum	Chloroflexota	257	cell_LQ_to_MQ	0	0	0				census of SPIRE 95 % ANI MAG representatives; 1493 family clusters
reps_census	family	phylum	Chloroflexota	257	cell_LQ_to_LQ	0.00389105	0	0.0116968				census of SPIRE 95 % ANI MAG representatives; 1493 family clusters
reps_census	family	phylum	Chloroflexota	257	slope_d_comp_per_log10Mbp	18.0722	7.69632	25.7406				census of SPIRE 95 % ANI MAG representatives; 1493 family clusters
reps_census	family	phylum	Chloroflexota	257	slope_d_cont_per_log10Mbp	20.4049	10.5236	30.4878				census of SPIRE 95 % ANI MAG representatives; 1493 family clusters
reps_census	family	phylum	Firmicutes_A	251	p_class_change	0.330677	0.274262	0.393959				census of SPIRE 95 % ANI MAG representatives; 1493 family clusters
reps_census	family	phylum	Firmicutes_A	251	p_downgrade	0.219124	0.168773	0.270007				census of SPIRE 95 % ANI MAG representatives; 1493 family clusters
reps_census	family	phylum	Firmicutes_A	251	p_upgrade	0.111554	0.0780134	0.150945				census of SPIRE 95 % ANI MAG representatives; 1493 family clusters
reps_census	family	phylum	Firmicutes_A	251	p_HQ_checkm2	0.358566	0.286597	0.442807				census of SPIRE 95 % ANI MAG representatives; 1493 family clusters
reps_census	family	phylum	Firmicutes_A	251	p_HQ_magicc	0.278884	0.205528	0.362789				census of SPIRE 95 % ANI MAG representatives; 1493 family clusters
reps_census	family	phylum	Firmicutes_A	251	HQ_downgrade_rate	0.533333	0.418889	0.675685				census of SPIRE 95 % ANI MAG representatives; 1493 family clusters
reps_census	family	phylum	Firmicutes_A	251	HQ_to_MQ_rate	0.455556	0.35	0.582282				census of SPIRE 95 % ANI MAG representatives; 1493 family clusters
reps_census	family	phylum	Firmicutes_A	251	HQ_to_LQ_rate	0.0777778	0.00970874	0.173913				census of SPIRE 95 % ANI MAG representatives; 1493 family clusters
reps_census	family	phylum	Firmicutes_A	251	MQ_to_HQ_rate	0.173913	0.121923	0.243003				census of SPIRE 95 % ANI MAG representatives; 1493 family clusters
reps_census	family	phylum	Firmicutes_A	251	MQ_to_LQ_rate	0.0434783	0	0.0952495				census of SPIRE 95 % ANI MAG representatives; 1493 family clusters
reps_census	family	phylum	Firmicutes_A	251	LQ_to_higher_rate	nan	nan	nan				census of SPIRE 95 % ANI MAG representatives; 1493 family clusters
reps_census	family	phylum	Firmicutes_A	251	cont5_disagreement_rate	0.1	0.0566783	0.142871				census of SPIRE 95 % ANI MAG representatives; 1493 family clusters
reps_census	family	phylum	Firmicutes_A	251	floor_rate	0.00398406	0	0.0138889				census of SPIRE 95 % ANI MAG representatives; 1493 family clusters
reps_census	family	phylum	Firmicutes_A	251	floor_rate_exact50	0	0	0				census of SPIRE 95 % ANI MAG representatives; 1493 family clusters
reps_census	family	phylum	Firmicutes_A	251	mean_d_comp	-0.618235	-3.31796	1.49175				census of SPIRE 95 % ANI MAG representatives; 1493 family clusters
reps_census	family	phylum	Firmicutes_A	251	mean_d_cont	-0.126819	-0.819745	0.834161				census of SPIRE 95 % ANI MAG representatives; 1493 family clusters
reps_census	family	phylum	Firmicutes_A	251	mean_comp_checkm2	81.0135	78.5705	83.9915				census of SPIRE 95 % ANI MAG representatives; 1493 family clusters
reps_census	family	phylum	Firmicutes_A	251	mean_comp_magicc	80.3952	77.4384	83.4343				census of SPIRE 95 % ANI MAG representatives; 1493 family clusters
reps_census	family	phylum	Firmicutes_A	251	mean_cont_checkm2	2.55064	1.95945	3.01648				census of SPIRE 95 % ANI MAG representatives; 1493 family clusters
reps_census	family	phylum	Firmicutes_A	251	mean_cont_magicc	2.42382	1.53514	3.34714				census of SPIRE 95 % ANI MAG representatives; 1493 family clusters
reps_census	family	phylum	Firmicutes_A	251	cell_HQ_to_HQ	0.167331	0.102686	0.244053				census of SPIRE 95 % ANI MAG representatives; 1493 family clusters
reps_census	family	phylum	Firmicutes_A	251	cell_HQ_to_MQ	0.163347	0.12253	0.211342				census of SPIRE 95 % ANI MAG representatives; 1493 family clusters
reps_census	family	phylum	Firmicutes_A	251	cell_HQ_to_LQ	0.0278884	0.00336644	0.0625116				census of SPIRE 95 % ANI MAG representatives; 1493 family clusters
reps_census	family	phylum	Firmicutes_A	251	cell_MQ_to_HQ	0.111554	0.0780134	0.150945				census of SPIRE 95 % ANI MAG representatives; 1493 family clusters
reps_census	family	phylum	Firmicutes_A	251	cell_MQ_to_MQ	0.501992	0.394492	0.591286				census of SPIRE 95 % ANI MAG representatives; 1493 family clusters
reps_census	family	phylum	Firmicutes_A	251	cell_MQ_to_LQ	0.0278884	0	0.0562522				census of SPIRE 95 % ANI MAG representatives; 1493 family clusters
reps_census	family	phylum	Firmicutes_A	251	cell_LQ_to_HQ	0	0	0				census of SPIRE 95 % ANI MAG representatives; 1493 family clusters
reps_census	family	phylum	Firmicutes_A	251	cell_LQ_to_MQ	0	0	0				census of SPIRE 95 % ANI MAG representatives; 1493 family clusters
reps_census	family	phylum	Firmicutes_A	251	cell_LQ_to_LQ	0	0	0				census of SPIRE 95 % ANI MAG representatives; 1493 family clusters
reps_census	family	phylum	Firmicutes_A	251	slope_d_comp_per_log10Mbp	19.6132	12.0343	28.9047				census of SPIRE 95 % ANI MAG representatives; 1493 family clusters
reps_census	family	phylum	Firmicutes_A	251	slope_d_cont_per_log10Mbp	6.33557	0.351712	12.6562				census of SPIRE 95 % ANI MAG representatives; 1493 family clusters
reps_census	family	phylum	Patescibacteria	1065	p_class_change	0.419718	0.387053	0.458379				census of SPIRE 95 % ANI MAG representatives; 1493 family clusters
reps_census	family	phylum	Patescibacteria	1065	p_downgrade	0.377465	0.344011	0.415329				census of SPIRE 95 % ANI MAG representatives; 1493 family clusters
reps_census	family	phylum	Patescibacteria	1065	p_upgrade	0.0422535	0.0317325	0.054146				census of SPIRE 95 % ANI MAG representatives; 1493 family clusters
reps_census	family	phylum	Patescibacteria	1065	p_HQ_checkm2	0.429108	0.392613	0.468855				census of SPIRE 95 % ANI MAG representatives; 1493 family clusters
reps_census	family	phylum	Patescibacteria	1065	p_HQ_magicc	0.194366	0.168779	0.220302				census of SPIRE 95 % ANI MAG representatives; 1493 family clusters
reps_census	family	phylum	Patescibacteria	1065	HQ_downgrade_rate	0.643326	0.594997	0.692494				census of SPIRE 95 % ANI MAG representatives; 1493 family clusters
reps_census	family	phylum	Patescibacteria	1065	HQ_to_MQ_rate	0.459519	0.411286	0.509767				census of SPIRE 95 % ANI MAG representatives; 1493 family clusters
reps_census	family	phylum	Patescibacteria	1065	HQ_to_LQ_rate	0.183807	0.146802	0.223329				census of SPIRE 95 % ANI MAG representatives; 1493 family clusters
reps_census	family	phylum	Patescibacteria	1065	MQ_to_HQ_rate	0.0724876	0.0541741	0.0944653				census of SPIRE 95 % ANI MAG representatives; 1493 family clusters
reps_census	family	phylum	Patescibacteria	1065	MQ_to_LQ_rate	0.177924	0.141608	0.219513				census of SPIRE 95 % ANI MAG representatives; 1493 family clusters
reps_census	family	phylum	Patescibacteria	1065	LQ_to_higher_rate	1	1	1				census of SPIRE 95 % ANI MAG representatives; 1493 family clusters
reps_census	family	phylum	Patescibacteria	1065	cont5_disagreement_rate	0.304167	0.265932	0.34345				census of SPIRE 95 % ANI MAG representatives; 1493 family clusters
reps_census	family	phylum	Patescibacteria	1065	floor_rate	0.0187793	0.00949633	0.0282563				census of SPIRE 95 % ANI MAG representatives; 1493 family clusters
reps_census	family	phylum	Patescibacteria	1065	floor_rate_exact50	0	0	0				census of SPIRE 95 % ANI MAG representatives; 1493 family clusters
reps_census	family	phylum	Patescibacteria	1065	mean_d_comp	-7.35189	-8.51195	-6.2813				census of SPIRE 95 % ANI MAG representatives; 1493 family clusters
reps_census	family	phylum	Patescibacteria	1065	mean_d_cont	3.78266	3.05339	4.48016				census of SPIRE 95 % ANI MAG representatives; 1493 family clusters
reps_census	family	phylum	Patescibacteria	1065	mean_comp_checkm2	83.892	82.8019	85.028				census of SPIRE 95 % ANI MAG representatives; 1493 family clusters
reps_census	family	phylum	Patescibacteria	1065	mean_comp_magicc	76.5401	75.2283	77.6615				census of SPIRE 95 % ANI MAG representatives; 1493 family clusters
reps_census	family	phylum	Patescibacteria	1065	mean_cont_checkm2	1.65871	1.50841	1.81541				census of SPIRE 95 % ANI MAG representatives; 1493 family clusters
reps_census	family	phylum	Patescibacteria	1065	mean_cont_magicc	5.44137	4.66196	6.18646				census of SPIRE 95 % ANI MAG representatives; 1493 family clusters
reps_census	family	phylum	Patescibacteria	1065	cell_HQ_to_HQ	0.153052	0.12991	0.177249				census of SPIRE 95 % ANI MAG representatives; 1493 family clusters
reps_census	family	phylum	Patescibacteria	1065	cell_HQ_to_MQ	0.197183	0.170055	0.228547				census of SPIRE 95 % ANI MAG representatives; 1493 family clusters
reps_census	family	phylum	Patescibacteria	1065	cell_HQ_to_LQ	0.0788732	0.0619712	0.0969919				census of SPIRE 95 % ANI MAG representatives; 1493 family clusters
reps_census	family	phylum	Patescibacteria	1065	cell_MQ_to_HQ	0.0413146	0.0311551	0.0530901				census of SPIRE 95 % ANI MAG representatives; 1493 family clusters
reps_census	family	phylum	Patescibacteria	1065	cell_MQ_to_MQ	0.42723	0.389059	0.460221				census of SPIRE 95 % ANI MAG representatives; 1493 family clusters
reps_census	family	phylum	Patescibacteria	1065	cell_MQ_to_LQ	0.101408	0.0782945	0.127405				census of SPIRE 95 % ANI MAG representatives; 1493 family clusters
reps_census	family	phylum	Patescibacteria	1065	cell_LQ_to_HQ	0	0	0				census of SPIRE 95 % ANI MAG representatives; 1493 family clusters
reps_census	family	phylum	Patescibacteria	1065	cell_LQ_to_MQ	0.000938967	0	0.00314829				census of SPIRE 95 % ANI MAG representatives; 1493 family clusters
reps_census	family	phylum	Patescibacteria	1065	cell_LQ_to_LQ	0	0	0				census of SPIRE 95 % ANI MAG representatives; 1493 family clusters
reps_census	family	phylum	Patescibacteria	1065	slope_d_comp_per_log10Mbp	30.3	24.8749	36.092				census of SPIRE 95 % ANI MAG representatives; 1493 family clusters
reps_census	family	phylum	Patescibacteria	1065	slope_d_cont_per_log10Mbp	20.03	15.1313	24.7518				census of SPIRE 95 % ANI MAG representatives; 1493 family clusters
reps_census	family	phylum	Proteobacteria	1320	p_class_change	0.301515	0.276736	0.32714				census of SPIRE 95 % ANI MAG representatives; 1493 family clusters
reps_census	family	phylum	Proteobacteria	1320	p_downgrade	0.175	0.152312	0.200528				census of SPIRE 95 % ANI MAG representatives; 1493 family clusters
reps_census	family	phylum	Proteobacteria	1320	p_upgrade	0.126515	0.10759	0.146279				census of SPIRE 95 % ANI MAG representatives; 1493 family clusters
reps_census	family	phylum	Proteobacteria	1320	p_HQ_checkm2	0.395455	0.358523	0.435529				census of SPIRE 95 % ANI MAG representatives; 1493 family clusters
reps_census	family	phylum	Proteobacteria	1320	p_HQ_magicc	0.367424	0.334414	0.402767				census of SPIRE 95 % ANI MAG representatives; 1493 family clusters
reps_census	family	phylum	Proteobacteria	1320	HQ_downgrade_rate	0.388889	0.340847	0.435235				census of SPIRE 95 % ANI MAG representatives; 1493 family clusters
reps_census	family	phylum	Proteobacteria	1320	HQ_to_MQ_rate	0.354406	0.304953	0.40098				census of SPIRE 95 % ANI MAG representatives; 1493 family clusters
reps_census	family	phylum	Proteobacteria	1320	HQ_to_LQ_rate	0.0344828	0.0188672	0.0555585				census of SPIRE 95 % ANI MAG representatives; 1493 family clusters
reps_census	family	phylum	Proteobacteria	1320	MQ_to_HQ_rate	0.208281	0.179317	0.240969				census of SPIRE 95 % ANI MAG representatives; 1493 family clusters
reps_census	family	phylum	Proteobacteria	1320	MQ_to_LQ_rate	0.0351317	0.0216336	0.0530037				census of SPIRE 95 % ANI MAG representatives; 1493 family clusters
reps_census	family	phylum	Proteobacteria	1320	LQ_to_higher_rate	1	1	1				census of SPIRE 95 % ANI MAG representatives; 1493 family clusters
reps_census	family	phylum	Proteobacteria	1320	cont5_disagreement_rate	0.0504854	0.0361184	0.0698606				census of SPIRE 95 % ANI MAG representatives; 1493 family clusters
reps_census	family	phylum	Proteobacteria	1320	floor_rate	0.00227273	0	0.00533862				census of SPIRE 95 % ANI MAG representatives; 1493 family clusters
reps_census	family	phylum	Proteobacteria	1320	floor_rate_exact50	0	0	0				census of SPIRE 95 % ANI MAG representatives; 1493 family clusters
reps_census	family	phylum	Proteobacteria	1320	mean_d_comp	-1.9262	-2.76658	-1.05897				census of SPIRE 95 % ANI MAG representatives; 1493 family clusters
reps_census	family	phylum	Proteobacteria	1320	mean_d_cont	-1.33991	-1.77793	-0.796302				census of SPIRE 95 % ANI MAG representatives; 1493 family clusters
reps_census	family	phylum	Proteobacteria	1320	mean_comp_checkm2	84.2012	82.9012	85.5587				census of SPIRE 95 % ANI MAG representatives; 1493 family clusters
reps_census	family	phylum	Proteobacteria	1320	mean_comp_magicc	82.275	80.9858	83.6095				census of SPIRE 95 % ANI MAG representatives; 1493 family clusters
reps_census	family	phylum	Proteobacteria	1320	mean_cont_checkm2	2.94114	2.68468	3.17046				census of SPIRE 95 % ANI MAG representatives; 1493 family clusters
reps_census	family	phylum	Proteobacteria	1320	mean_cont_magicc	1.60123	1.25258	2.0682				census of SPIRE 95 % ANI MAG representatives; 1493 family clusters
reps_census	family	phylum	Proteobacteria	1320	cell_HQ_to_HQ	0.241667	0.212782	0.272801				census of SPIRE 95 % ANI MAG representatives; 1493 family clusters
reps_census	family	phylum	Proteobacteria	1320	cell_HQ_to_MQ	0.140152	0.118245	0.163733				census of SPIRE 95 % ANI MAG representatives; 1493 family clusters
reps_census	family	phylum	Proteobacteria	1320	cell_HQ_to_LQ	0.0136364	0.00743215	0.0219897				census of SPIRE 95 % ANI MAG representatives; 1493 family clusters
reps_census	family	phylum	Proteobacteria	1320	cell_MQ_to_HQ	0.125758	0.107048	0.145739				census of SPIRE 95 % ANI MAG representatives; 1493 family clusters
reps_census	family	phylum	Proteobacteria	1320	cell_MQ_to_MQ	0.456818	0.418601	0.493281				census of SPIRE 95 % ANI MAG representatives; 1493 family clusters
reps_census	family	phylum	Proteobacteria	1320	cell_MQ_to_LQ	0.0212121	0.0128983	0.032163				census of SPIRE 95 % ANI MAG representatives; 1493 family clusters
reps_census	family	phylum	Proteobacteria	1320	cell_LQ_to_HQ	0	0	0				census of SPIRE 95 % ANI MAG representatives; 1493 family clusters
reps_census	family	phylum	Proteobacteria	1320	cell_LQ_to_MQ	0.000757576	0	0.00252375				census of SPIRE 95 % ANI MAG representatives; 1493 family clusters
reps_census	family	phylum	Proteobacteria	1320	cell_LQ_to_LQ	0	0	0				census of SPIRE 95 % ANI MAG representatives; 1493 family clusters
reps_census	family	phylum	Proteobacteria	1320	slope_d_comp_per_log10Mbp	12.8039	9.05284	17.4253				census of SPIRE 95 % ANI MAG representatives; 1493 family clusters
reps_census	family	phylum	Proteobacteria	1320	slope_d_cont_per_log10Mbp	0.127192	-2.10191	2.97766				census of SPIRE 95 % ANI MAG representatives; 1493 family clusters
reps_census	family	phylum	other (<200 in cohort)	2249	p_class_change	0.422855	0.394973	0.448212				census of SPIRE 95 % ANI MAG representatives; 1493 family clusters
reps_census	family	phylum	other (<200 in cohort)	2249	p_downgrade	0.295687	0.266735	0.322954				census of SPIRE 95 % ANI MAG representatives; 1493 family clusters
reps_census	family	phylum	other (<200 in cohort)	2249	p_upgrade	0.127168	0.110014	0.145276				census of SPIRE 95 % ANI MAG representatives; 1493 family clusters
reps_census	family	phylum	other (<200 in cohort)	2249	p_HQ_checkm2	0.328146	0.304541	0.351293				census of SPIRE 95 % ANI MAG representatives; 1493 family clusters
reps_census	family	phylum	other (<200 in cohort)	2249	p_HQ_magicc	0.26723	0.239341	0.294291				census of SPIRE 95 % ANI MAG representatives; 1493 family clusters
reps_census	family	phylum	other (<200 in cohort)	2249	HQ_downgrade_rate	0.571816	0.52957	0.615499				census of SPIRE 95 % ANI MAG representatives; 1493 family clusters
reps_census	family	phylum	other (<200 in cohort)	2249	HQ_to_MQ_rate	0.382114	0.343173	0.423141				census of SPIRE 95 % ANI MAG representatives; 1493 family clusters
reps_census	family	phylum	other (<200 in cohort)	2249	HQ_to_LQ_rate	0.189702	0.158133	0.222531				census of SPIRE 95 % ANI MAG representatives; 1493 family clusters
reps_census	family	phylum	other (<200 in cohort)	2249	MQ_to_HQ_rate	0.188742	0.163361	0.216121				census of SPIRE 95 % ANI MAG representatives; 1493 family clusters
reps_census	family	phylum	other (<200 in cohort)	2249	MQ_to_LQ_rate	0.160927	0.131866	0.188553				census of SPIRE 95 % ANI MAG representatives; 1493 family clusters
reps_census	family	phylum	other (<200 in cohort)	2249	LQ_to_higher_rate	1	1	1				census of SPIRE 95 % ANI MAG representatives; 1493 family clusters
reps_census	family	phylum	other (<200 in cohort)	2249	cont5_disagreement_rate	0.232432	0.204734	0.261661				census of SPIRE 95 % ANI MAG representatives; 1493 family clusters
reps_census	family	phylum	other (<200 in cohort)	2249	floor_rate	0.0151178	0.00933958	0.0214094				census of SPIRE 95 % ANI MAG representatives; 1493 family clusters
reps_census	family	phylum	other (<200 in cohort)	2249	floor_rate_exact50	0	0	0				census of SPIRE 95 % ANI MAG representatives; 1493 family clusters
reps_census	family	phylum	other (<200 in cohort)	2249	mean_d_comp	-1.54558	-2.77673	-0.428129				census of SPIRE 95 % ANI MAG representatives; 1493 family clusters
reps_census	family	phylum	other (<200 in cohort)	2249	mean_d_cont	3.36518	2.50757	4.19443				census of SPIRE 95 % ANI MAG representatives; 1493 family clusters
reps_census	family	phylum	other (<200 in cohort)	2249	mean_comp_checkm2	81.444	80.6065	82.2988				census of SPIRE 95 % ANI MAG representatives; 1493 family clusters
reps_census	family	phylum	other (<200 in cohort)	2249	mean_comp_magicc	79.8984	78.6534	81.0851				census of SPIRE 95 % ANI MAG representatives; 1493 family clusters
reps_census	family	phylum	other (<200 in cohort)	2249	mean_cont_checkm2	2.57787	2.41543	2.73891				census of SPIRE 95 % ANI MAG representatives; 1493 family clusters
reps_census	family	phylum	other (<200 in cohort)	2249	mean_cont_magicc	5.94304	5.06722	6.81305				census of SPIRE 95 % ANI MAG representatives; 1493 family clusters
reps_census	family	phylum	other (<200 in cohort)	2249	cell_HQ_to_HQ	0.140507	0.121975	0.158615				census of SPIRE 95 % ANI MAG representatives; 1493 family clusters
reps_census	family	phylum	other (<200 in cohort)	2249	cell_HQ_to_MQ	0.125389	0.110654	0.140617				census of SPIRE 95 % ANI MAG representatives; 1493 family clusters
reps_census	family	phylum	other (<200 in cohort)	2249	cell_HQ_to_LQ	0.0622499	0.0510723	0.0741528				census of SPIRE 95 % ANI MAG representatives; 1493 family clusters
reps_census	family	phylum	other (<200 in cohort)	2249	cell_MQ_to_HQ	0.126723	0.109578	0.144763				census of SPIRE 95 % ANI MAG representatives; 1493 family clusters
reps_census	family	phylum	other (<200 in cohort)	2249	cell_MQ_to_MQ	0.436639	0.40853	0.465425				census of SPIRE 95 % ANI MAG representatives; 1493 family clusters
reps_census	family	phylum	other (<200 in cohort)	2249	cell_MQ_to_LQ	0.108048	0.0885426	0.127504				census of SPIRE 95 % ANI MAG representatives; 1493 family clusters
reps_census	family	phylum	other (<200 in cohort)	2249	cell_LQ_to_HQ	0	0	0				census of SPIRE 95 % ANI MAG representatives; 1493 family clusters
reps_census	family	phylum	other (<200 in cohort)	2249	cell_LQ_to_MQ	0.000444642	0	0.00144205				census of SPIRE 95 % ANI MAG representatives; 1493 family clusters
reps_census	family	phylum	other (<200 in cohort)	2249	cell_LQ_to_LQ	0	0	0				census of SPIRE 95 % ANI MAG representatives; 1493 family clusters
reps_census	family	phylum	other (<200 in cohort)	2249	slope_d_comp_per_log10Mbp	20.3355	17.7442	22.7861				census of SPIRE 95 % ANI MAG representatives; 1493 family clusters
reps_census	family	phylum	other (<200 in cohort)	2249	slope_d_cont_per_log10Mbp	6.60166	2.16262	10.8753				census of SPIRE 95 % ANI MAG representatives; 1493 family clusters
reps_census	family	domain	Archaea	477	p_class_change	0.42348	0.362997	0.479031				census of SPIRE 95 % ANI MAG representatives; 1493 family clusters
reps_census	family	domain	Archaea	477	p_downgrade	0.358491	0.279802	0.431576				census of SPIRE 95 % ANI MAG representatives; 1493 family clusters
reps_census	family	domain	Archaea	477	p_upgrade	0.0649895	0.032249	0.103145				census of SPIRE 95 % ANI MAG representatives; 1493 family clusters
reps_census	family	domain	Archaea	477	p_HQ_checkm2	0.236897	0.189972	0.285454				census of SPIRE 95 % ANI MAG representatives; 1493 family clusters
reps_census	family	domain	Archaea	477	p_HQ_magicc	0.119497	0.0691217	0.181645				census of SPIRE 95 % ANI MAG representatives; 1493 family clusters
reps_census	family	domain	Archaea	477	HQ_downgrade_rate	0.769912	0.645154	0.876111				census of SPIRE 95 % ANI MAG representatives; 1493 family clusters
reps_census	family	domain	Archaea	477	HQ_to_MQ_rate	0.548673	0.437485	0.663712				census of SPIRE 95 % ANI MAG representatives; 1493 family clusters
reps_census	family	domain	Archaea	477	HQ_to_LQ_rate	0.221239	0.117631	0.320265				census of SPIRE 95 % ANI MAG representatives; 1493 family clusters
reps_census	family	domain	Archaea	477	MQ_to_HQ_rate	0.0851648	0.0426212	0.136247				census of SPIRE 95 % ANI MAG representatives; 1493 family clusters
reps_census	family	domain	Archaea	477	MQ_to_LQ_rate	0.230769	0.153328	0.299458				census of SPIRE 95 % ANI MAG representatives; 1493 family clusters
reps_census	family	domain	Archaea	477	LQ_to_higher_rate	nan	nan	nan				census of SPIRE 95 % ANI MAG representatives; 1493 family clusters
reps_census	family	domain	Archaea	477	cont5_disagreement_rate	0.289157	0.210663	0.363464				census of SPIRE 95 % ANI MAG representatives; 1493 family clusters
reps_census	family	domain	Archaea	477	floor_rate	0.0503145	0.0291927	0.0760372				census of SPIRE 95 % ANI MAG representatives; 1493 family clusters
reps_census	family	domain	Archaea	477	floor_rate_exact50	0	0	0				census of SPIRE 95 % ANI MAG representatives; 1493 family clusters
reps_census	family	domain	Archaea	477	mean_d_comp	-7.74943	-10.1733	-4.96224				census of SPIRE 95 % ANI MAG representatives; 1493 family clusters
reps_census	family	domain	Archaea	477	mean_d_cont	5.51911	3.22555	7.89741				census of SPIRE 95 % ANI MAG representatives; 1493 family clusters
reps_census	family	domain	Archaea	477	mean_comp_checkm2	78.5432	76.8007	79.9901				census of SPIRE 95 % ANI MAG representatives; 1493 family clusters
reps_census	family	domain	Archaea	477	mean_comp_magicc	70.7938	68.1216	73.8184				census of SPIRE 95 % ANI MAG representatives; 1493 family clusters
reps_census	family	domain	Archaea	477	mean_cont_checkm2	2.01241	1.66814	2.30815				census of SPIRE 95 % ANI MAG representatives; 1493 family clusters
reps_census	family	domain	Archaea	477	mean_cont_magicc	7.53152	5.08373	9.9689				census of SPIRE 95 % ANI MAG representatives; 1493 family clusters
reps_census	family	domain	Archaea	477	cell_HQ_to_HQ	0.0545073	0.027659	0.0871822				census of SPIRE 95 % ANI MAG representatives; 1493 family clusters
reps_census	family	domain	Archaea	477	cell_HQ_to_MQ	0.129979	0.0944656	0.170611				census of SPIRE 95 % ANI MAG representatives; 1493 family clusters
reps_census	family	domain	Archaea	477	cell_HQ_to_LQ	0.0524109	0.0264879	0.0762735				census of SPIRE 95 % ANI MAG representatives; 1493 family clusters
reps_census	family	domain	Archaea	477	cell_MQ_to_HQ	0.0649895	0.032249	0.103145				census of SPIRE 95 % ANI MAG representatives; 1493 family clusters
reps_census	family	domain	Archaea	477	cell_MQ_to_MQ	0.522013	0.470057	0.580658				census of SPIRE 95 % ANI MAG representatives; 1493 family clusters
reps_census	family	domain	Archaea	477	cell_MQ_to_LQ	0.176101	0.115297	0.232775				census of SPIRE 95 % ANI MAG representatives; 1493 family clusters
reps_census	family	domain	Archaea	477	cell_LQ_to_HQ	0	0	0				census of SPIRE 95 % ANI MAG representatives; 1493 family clusters
reps_census	family	domain	Archaea	477	cell_LQ_to_MQ	0	0	0				census of SPIRE 95 % ANI MAG representatives; 1493 family clusters
reps_census	family	domain	Archaea	477	cell_LQ_to_LQ	0	0	0				census of SPIRE 95 % ANI MAG representatives; 1493 family clusters
reps_census	family	domain	Archaea	477	slope_d_comp_per_log10Mbp	21.3213	12.261	35.4789				census of SPIRE 95 % ANI MAG representatives; 1493 family clusters
reps_census	family	domain	Archaea	477	slope_d_cont_per_log10Mbp	15.5119	-3.41054	31.4666				census of SPIRE 95 % ANI MAG representatives; 1493 family clusters
reps_census	family	domain	Bacteria	6064	p_class_change	0.367579	0.352028	0.383585				census of SPIRE 95 % ANI MAG representatives; 1493 family clusters
reps_census	family	domain	Bacteria	6064	p_downgrade	0.249835	0.234191	0.26565				census of SPIRE 95 % ANI MAG representatives; 1493 family clusters
reps_census	family	domain	Bacteria	6064	p_upgrade	0.117744	0.107831	0.127543				census of SPIRE 95 % ANI MAG representatives; 1493 family clusters
reps_census	family	domain	Bacteria	6064	p_HQ_checkm2	0.381431	0.3642	0.399756				census of SPIRE 95 % ANI MAG representatives; 1493 family clusters
reps_census	family	domain	Bacteria	6064	p_HQ_magicc	0.312665	0.295042	0.32928				census of SPIRE 95 % ANI MAG representatives; 1493 family clusters
reps_census	family	domain	Bacteria	6064	HQ_downgrade_rate	0.487678	0.4626	0.513155				census of SPIRE 95 % ANI MAG representatives; 1493 family clusters
reps_census	family	domain	Bacteria	6064	HQ_to_MQ_rate	0.370947	0.349775	0.392858				census of SPIRE 95 % ANI MAG representatives; 1493 family clusters
reps_census	family	domain	Bacteria	6064	HQ_to_LQ_rate	0.116732	0.0981217	0.135936				census of SPIRE 95 % ANI MAG representatives; 1493 family clusters
reps_census	family	domain	Bacteria	6064	MQ_to_HQ_rate	0.189752	0.173882	0.205041				census of SPIRE 95 % ANI MAG representatives; 1493 family clusters
reps_census	family	domain	Bacteria	6064	MQ_to_LQ_rate	0.103283	0.0884958	0.11856				census of SPIRE 95 % ANI MAG representatives; 1493 family clusters
reps_census	family	domain	Bacteria	6064	LQ_to_higher_rate	0.75	0	1				census of SPIRE 95 % ANI MAG representatives; 1493 family clusters
reps_census	family	domain	Bacteria	6064	cont5_disagreement_rate	0.165214	0.147314	0.184333				census of SPIRE 95 % ANI MAG representatives; 1493 family clusters
reps_census	family	domain	Bacteria	6064	floor_rate	0.00577177	0.00366734	0.00807221				census of SPIRE 95 % ANI MAG representatives; 1493 family clusters
reps_census	family	domain	Bacteria	6064	floor_rate_exact50	0	0	0				census of SPIRE 95 % ANI MAG representatives; 1493 family clusters
reps_census	family	domain	Bacteria	6064	mean_d_comp	-1.89297	-2.36843	-1.41593				census of SPIRE 95 % ANI MAG representatives; 1493 family clusters
reps_census	family	domain	Bacteria	6064	mean_d_cont	1.27032	0.778268	1.78967				census of SPIRE 95 % ANI MAG representatives; 1493 family clusters
reps_census	family	domain	Bacteria	6064	mean_comp_checkm2	83.2581	82.6934	83.8304				census of SPIRE 95 % ANI MAG representatives; 1493 family clusters
reps_census	family	domain	Bacteria	6064	mean_comp_magicc	81.3651	80.7288	81.9785				census of SPIRE 95 % ANI MAG representatives; 1493 family clusters
reps_census	family	domain	Bacteria	6064	mean_cont_checkm2	2.66675	2.54977	2.78863				census of SPIRE 95 % ANI MAG representatives; 1493 family clusters
reps_census	family	domain	Bacteria	6064	mean_cont_magicc	3.93707	3.47914	4.43151				census of SPIRE 95 % ANI MAG representatives; 1493 family clusters
reps_census	family	domain	Bacteria	6064	cell_HQ_to_HQ	0.195416	0.180917	0.209502				census of SPIRE 95 % ANI MAG representatives; 1493 family clusters
reps_census	family	domain	Bacteria	6064	cell_HQ_to_MQ	0.141491	0.13144	0.152149				census of SPIRE 95 % ANI MAG representatives; 1493 family clusters
reps_census	family	domain	Bacteria	6064	cell_HQ_to_LQ	0.0445251	0.0373469	0.0515855				census of SPIRE 95 % ANI MAG representatives; 1493 family clusters
reps_census	family	domain	Bacteria	6064	cell_MQ_to_HQ	0.117249	0.107403	0.127165				census of SPIRE 95 % ANI MAG representatives; 1493 family clusters
reps_census	family	domain	Bacteria	6064	cell_MQ_to_MQ	0.43684	0.41853	0.453791				census of SPIRE 95 % ANI MAG representatives; 1493 family clusters
reps_census	family	domain	Bacteria	6064	cell_MQ_to_LQ	0.0638193	0.0543332	0.0734512				census of SPIRE 95 % ANI MAG representatives; 1493 family clusters
reps_census	family	domain	Bacteria	6064	cell_LQ_to_HQ	0	0	0				census of SPIRE 95 % ANI MAG representatives; 1493 family clusters
reps_census	family	domain	Bacteria	6064	cell_LQ_to_MQ	0.000494723	0	0.00115749				census of SPIRE 95 % ANI MAG representatives; 1493 family clusters
reps_census	family	domain	Bacteria	6064	cell_LQ_to_LQ	0.000164908	0	0.00054326				census of SPIRE 95 % ANI MAG representatives; 1493 family clusters
reps_census	family	domain	Bacteria	6064	slope_d_comp_per_log10Mbp	13.5771	12.2369	14.9303				census of SPIRE 95 % ANI MAG representatives; 1493 family clusters
reps_census	family	domain	Bacteria	6064	slope_d_cont_per_log10Mbp	0.890129	-0.470276	2.40634				census of SPIRE 95 % ANI MAG representatives; 1493 family clusters
reps_census	family	domain	unclassified	25	p_class_change	0.4	0.4	0.4				census of SPIRE 95 % ANI MAG representatives; 1493 family clusters
reps_census	family	domain	unclassified	25	p_downgrade	0.16	0.16	0.16				census of SPIRE 95 % ANI MAG representatives; 1493 family clusters
reps_census	family	domain	unclassified	25	p_upgrade	0.24	0.24	0.24				census of SPIRE 95 % ANI MAG representatives; 1493 family clusters
reps_census	family	domain	unclassified	25	p_HQ_checkm2	0	0	0				census of SPIRE 95 % ANI MAG representatives; 1493 family clusters
reps_census	family	domain	unclassified	25	p_HQ_magicc	0.24	0.24	0.24				census of SPIRE 95 % ANI MAG representatives; 1493 family clusters
reps_census	family	domain	unclassified	25	HQ_downgrade_rate	nan	nan	nan				census of SPIRE 95 % ANI MAG representatives; 1493 family clusters
reps_census	family	domain	unclassified	25	HQ_to_MQ_rate	nan	nan	nan				census of SPIRE 95 % ANI MAG representatives; 1493 family clusters
reps_census	family	domain	unclassified	25	HQ_to_LQ_rate	nan	nan	nan				census of SPIRE 95 % ANI MAG representatives; 1493 family clusters
reps_census	family	domain	unclassified	25	MQ_to_HQ_rate	0.24	0.24	0.24				census of SPIRE 95 % ANI MAG representatives; 1493 family clusters
reps_census	family	domain	unclassified	25	MQ_to_LQ_rate	0.16	0.16	0.16				census of SPIRE 95 % ANI MAG representatives; 1493 family clusters
reps_census	family	domain	unclassified	25	LQ_to_higher_rate	nan	nan	nan				census of SPIRE 95 % ANI MAG representatives; 1493 family clusters
reps_census	family	domain	unclassified	25	cont5_disagreement_rate	0.214286	0.214286	0.214286				census of SPIRE 95 % ANI MAG representatives; 1493 family clusters
reps_census	family	domain	unclassified	25	floor_rate	0.04	0.04	0.04				census of SPIRE 95 % ANI MAG representatives; 1493 family clusters
reps_census	family	domain	unclassified	25	floor_rate_exact50	0	0	0				census of SPIRE 95 % ANI MAG representatives; 1493 family clusters
reps_census	family	domain	unclassified	25	mean_d_comp	17.5064	17.5064	17.5064				census of SPIRE 95 % ANI MAG representatives; 1493 family clusters
reps_census	family	domain	unclassified	25	mean_d_cont	1.83048	1.83048	1.83048				census of SPIRE 95 % ANI MAG representatives; 1493 family clusters
reps_census	family	domain	unclassified	25	mean_comp_checkm2	57.754	57.754	57.754				census of SPIRE 95 % ANI MAG representatives; 1493 family clusters
reps_census	family	domain	unclassified	25	mean_comp_magicc	75.2604	75.2604	75.2604				census of SPIRE 95 % ANI MAG representatives; 1493 family clusters
reps_census	family	domain	unclassified	25	mean_cont_checkm2	5.0192	5.0192	5.0192				census of SPIRE 95 % ANI MAG representatives; 1493 family clusters
reps_census	family	domain	unclassified	25	mean_cont_magicc	6.84968	6.84968	6.84968				census of SPIRE 95 % ANI MAG representatives; 1493 family clusters
reps_census	family	domain	unclassified	25	cell_HQ_to_HQ	0	0	0				census of SPIRE 95 % ANI MAG representatives; 1493 family clusters
reps_census	family	domain	unclassified	25	cell_HQ_to_MQ	0	0	0				census of SPIRE 95 % ANI MAG representatives; 1493 family clusters
reps_census	family	domain	unclassified	25	cell_HQ_to_LQ	0	0	0				census of SPIRE 95 % ANI MAG representatives; 1493 family clusters
reps_census	family	domain	unclassified	25	cell_MQ_to_HQ	0.24	0.24	0.24				census of SPIRE 95 % ANI MAG representatives; 1493 family clusters
reps_census	family	domain	unclassified	25	cell_MQ_to_MQ	0.6	0.6	0.6				census of SPIRE 95 % ANI MAG representatives; 1493 family clusters
reps_census	family	domain	unclassified	25	cell_MQ_to_LQ	0.16	0.16	0.16				census of SPIRE 95 % ANI MAG representatives; 1493 family clusters
reps_census	family	domain	unclassified	25	cell_LQ_to_HQ	0	0	0				census of SPIRE 95 % ANI MAG representatives; 1493 family clusters
reps_census	family	domain	unclassified	25	cell_LQ_to_MQ	0	0	0				census of SPIRE 95 % ANI MAG representatives; 1493 family clusters
reps_census	family	domain	unclassified	25	cell_LQ_to_LQ	0	0	0				census of SPIRE 95 % ANI MAG representatives; 1493 family clusters
reps_census	family	domain	unclassified	25	slope_d_comp_per_log10Mbp	54.5964	54.5964	54.5964				census of SPIRE 95 % ANI MAG representatives; 1493 family clusters
reps_census	family	domain	unclassified	25	slope_d_cont_per_log10Mbp	19.232	19.232	19.232				census of SPIRE 95 % ANI MAG representatives; 1493 family clusters
reps_census	family	stratum	S1_small	1200	p_class_change	0.3425	0.310315	0.378828				census of SPIRE 95 % ANI MAG representatives; 1493 family clusters
reps_census	family	stratum	S1_small	1200	p_downgrade	0.3075	0.275804	0.34167				census of SPIRE 95 % ANI MAG representatives; 1493 family clusters
reps_census	family	stratum	S1_small	1200	p_upgrade	0.035	0.0245179	0.046623				census of SPIRE 95 % ANI MAG representatives; 1493 family clusters
reps_census	family	stratum	S1_small	1200	p_HQ_checkm2	0.314167	0.279189	0.349424				census of SPIRE 95 % ANI MAG representatives; 1493 family clusters
reps_census	family	stratum	S1_small	1200	p_HQ_magicc	0.1275	0.103861	0.153211				census of SPIRE 95 % ANI MAG representatives; 1493 family clusters
reps_census	family	stratum	S1_small	1200	HQ_downgrade_rate	0.702918	0.649626	0.755859				census of SPIRE 95 % ANI MAG representatives; 1493 family clusters
reps_census	family	stratum	S1_small	1200	HQ_to_MQ_rate	0.567639	0.509971	0.625016				census of SPIRE 95 % ANI MAG representatives; 1493 family clusters
reps_census	family	stratum	S1_small	1200	HQ_to_LQ_rate	0.135279	0.0968661	0.177666				census of SPIRE 95 % ANI MAG representatives; 1493 family clusters
reps_census	family	stratum	S1_small	1200	MQ_to_HQ_rate	0.0498783	0.0345707	0.0678945				census of SPIRE 95 % ANI MAG representatives; 1493 family clusters
reps_census	family	stratum	S1_small	1200	MQ_to_LQ_rate	0.126521	0.0990075	0.156541				census of SPIRE 95 % ANI MAG representatives; 1493 family clusters
reps_census	family	stratum	S1_small	1200	LQ_to_higher_rate	1	1	1				census of SPIRE 95 % ANI MAG representatives; 1493 family clusters
reps_census	family	stratum	S1_small	1200	cont5_disagreement_rate	0.254795	0.217838	0.291046				census of SPIRE 95 % ANI MAG representatives; 1493 family clusters
reps_census	family	stratum	S1_small	1200	floor_rate	0.0458333	0.0304651	0.0623084				census of SPIRE 95 % ANI MAG representatives; 1493 family clusters
reps_census	family	stratum	S1_small	1200	floor_rate_exact50	0	0	0				census of SPIRE 95 % ANI MAG representatives; 1493 family clusters
reps_census	family	stratum	S1_small	1200	mean_d_comp	-9.50815	-10.5457	-8.47014				census of SPIRE 95 % ANI MAG representatives; 1493 family clusters
reps_census	family	stratum	S1_small	1200	mean_d_cont	2.5386	1.98778	3.07771				census of SPIRE 95 % ANI MAG representatives; 1493 family clusters
reps_census	family	stratum	S1_small	1200	mean_comp_checkm2	79.1405	77.7732	80.5129				census of SPIRE 95 % ANI MAG representatives; 1493 family clusters
reps_census	family	stratum	S1_small	1200	mean_comp_magicc	69.6323	68.2094	71.1642				census of SPIRE 95 % ANI MAG representatives; 1493 family clusters
reps_census	family	stratum	S1_small	1200	mean_cont_checkm2	1.56438	1.43723	1.70503				census of SPIRE 95 % ANI MAG representatives; 1493 family clusters
reps_census	family	stratum	S1_small	1200	mean_cont_magicc	4.10298	3.56807	4.62698				census of SPIRE 95 % ANI MAG representatives; 1493 family clusters
reps_census	family	stratum	S1_small	1200	cell_HQ_to_HQ	0.0933333	0.072558	0.114376				census of SPIRE 95 % ANI MAG representatives; 1493 family clusters
reps_census	family	stratum	S1_small	1200	cell_HQ_to_MQ	0.178333	0.151188	0.208558				census of SPIRE 95 % ANI MAG representatives; 1493 family clusters
reps_census	family	stratum	S1_small	1200	cell_HQ_to_LQ	0.0425	0.0312257	0.0545894				census of SPIRE 95 % ANI MAG representatives; 1493 family clusters
reps_census	family	stratum	S1_small	1200	cell_MQ_to_HQ	0.0341667	0.024124	0.0458794				census of SPIRE 95 % ANI MAG representatives; 1493 family clusters
reps_census	family	stratum	S1_small	1200	cell_MQ_to_MQ	0.564167	0.525347	0.599467				census of SPIRE 95 % ANI MAG representatives; 1493 family clusters
reps_census	family	stratum	S1_small	1200	cell_MQ_to_LQ	0.0866667	0.0669489	0.10856				census of SPIRE 95 % ANI MAG representatives; 1493 family clusters
reps_census	family	stratum	S1_small	1200	cell_LQ_to_HQ	0	0	0				census of SPIRE 95 % ANI MAG representatives; 1493 family clusters
reps_census	family	stratum	S1_small	1200	cell_LQ_to_MQ	0.000833333	0	0.00285725				census of SPIRE 95 % ANI MAG representatives; 1493 family clusters
reps_census	family	stratum	S1_small	1200	cell_LQ_to_LQ	0	0	0				census of SPIRE 95 % ANI MAG representatives; 1493 family clusters
reps_census	family	stratum	S1_small	1200	slope_d_comp_per_log10Mbp	21.2276	15.3457	27.4195				census of SPIRE 95 % ANI MAG representatives; 1493 family clusters
reps_census	family	stratum	S1_small	1200	slope_d_cont_per_log10Mbp	8.17005	5.19895	11.1644				census of SPIRE 95 % ANI MAG representatives; 1493 family clusters
reps_census	family	stratum	S2_rare_phylum	554	p_class_change	0.5	0.452666	0.543197				census of SPIRE 95 % ANI MAG representatives; 1493 family clusters
reps_census	family	stratum	S2_rare_phylum	554	p_downgrade	0.359206	0.312698	0.40332				census of SPIRE 95 % ANI MAG representatives; 1493 family clusters
reps_census	family	stratum	S2_rare_phylum	554	p_upgrade	0.140794	0.108154	0.172478				census of SPIRE 95 % ANI MAG representatives; 1493 family clusters
reps_census	family	stratum	S2_rare_phylum	554	p_HQ_checkm2	0.393502	0.349171	0.439519				census of SPIRE 95 % ANI MAG representatives; 1493 family clusters
reps_census	family	stratum	S2_rare_phylum	554	p_HQ_magicc	0.306859	0.265622	0.355697				census of SPIRE 95 % ANI MAG representatives; 1493 family clusters
reps_census	family	stratum	S2_rare_phylum	554	HQ_downgrade_rate	0.577982	0.5	0.645057				census of SPIRE 95 % ANI MAG representatives; 1493 family clusters
reps_census	family	stratum	S2_rare_phylum	554	HQ_to_MQ_rate	0.357798	0.284399	0.42932				census of SPIRE 95 % ANI MAG representatives; 1493 family clusters
reps_census	family	stratum	S2_rare_phylum	554	HQ_to_LQ_rate	0.220183	0.159181	0.279621				census of SPIRE 95 % ANI MAG representatives; 1493 family clusters
reps_census	family	stratum	S2_rare_phylum	554	MQ_to_HQ_rate	0.232143	0.18098	0.281844				census of SPIRE 95 % ANI MAG representatives; 1493 family clusters
reps_census	family	stratum	S2_rare_phylum	554	MQ_to_LQ_rate	0.217262	0.168621	0.267573				census of SPIRE 95 % ANI MAG representatives; 1493 family clusters
reps_census	family	stratum	S2_rare_phylum	554	LQ_to_higher_rate	nan	nan	nan				census of SPIRE 95 % ANI MAG representatives; 1493 family clusters
reps_census	family	stratum	S2_rare_phylum	554	cont5_disagreement_rate	0.27115	0.222759	0.322823				census of SPIRE 95 % ANI MAG representatives; 1493 family clusters
reps_census	family	stratum	S2_rare_phylum	554	floor_rate	0.00180505	0	0.00642433				census of SPIRE 95 % ANI MAG representatives; 1493 family clusters
reps_census	family	stratum	S2_rare_phylum	554	floor_rate_exact50	0	0	0				census of SPIRE 95 % ANI MAG representatives; 1493 family clusters
reps_census	family	stratum	S2_rare_phylum	554	mean_d_comp	-0.306082	-1.98373	1.28231				census of SPIRE 95 % ANI MAG representatives; 1493 family clusters
reps_census	family	stratum	S2_rare_phylum	554	mean_d_cont	5.23415	3.72618	6.69614				census of SPIRE 95 % ANI MAG representatives; 1493 family clusters
reps_census	family	stratum	S2_rare_phylum	554	mean_comp_checkm2	83.5644	82.2353	84.7818				census of SPIRE 95 % ANI MAG representatives; 1493 family clusters
reps_census	family	stratum	S2_rare_phylum	554	mean_comp_magicc	83.2583	81.5262	84.8939				census of SPIRE 95 % ANI MAG representatives; 1493 family clusters
reps_census	family	stratum	S2_rare_phylum	554	mean_cont_checkm2	2.53603	2.2256	2.86036				census of SPIRE 95 % ANI MAG representatives; 1493 family clusters
reps_census	family	stratum	S2_rare_phylum	554	mean_cont_magicc	7.77018	6.18215	9.24579				census of SPIRE 95 % ANI MAG representatives; 1493 family clusters
reps_census	family	stratum	S2_rare_phylum	554	cell_HQ_to_HQ	0.166065	0.135704	0.202673				census of SPIRE 95 % ANI MAG representatives; 1493 family clusters
reps_census	family	stratum	S2_rare_phylum	554	cell_HQ_to_MQ	0.140794	0.109341	0.173843				census of SPIRE 95 % ANI MAG representatives; 1493 family clusters
reps_census	family	stratum	S2_rare_phylum	554	cell_HQ_to_LQ	0.0866426	0.0613703	0.113382				census of SPIRE 95 % ANI MAG representatives; 1493 family clusters
reps_census	family	stratum	S2_rare_phylum	554	cell_MQ_to_HQ	0.140794	0.108154	0.172478				census of SPIRE 95 % ANI MAG representatives; 1493 family clusters
reps_census	family	stratum	S2_rare_phylum	554	cell_MQ_to_MQ	0.333935	0.289829	0.37621				census of SPIRE 95 % ANI MAG representatives; 1493 family clusters
reps_census	family	stratum	S2_rare_phylum	554	cell_MQ_to_LQ	0.131769	0.100327	0.162621				census of SPIRE 95 % ANI MAG representatives; 1493 family clusters
reps_census	family	stratum	S2_rare_phylum	554	cell_LQ_to_HQ	0	0	0				census of SPIRE 95 % ANI MAG representatives; 1493 family clusters
reps_census	family	stratum	S2_rare_phylum	554	cell_LQ_to_MQ	0	0	0				census of SPIRE 95 % ANI MAG representatives; 1493 family clusters
reps_census	family	stratum	S2_rare_phylum	554	cell_LQ_to_LQ	0	0	0				census of SPIRE 95 % ANI MAG representatives; 1493 family clusters
reps_census	family	stratum	S2_rare_phylum	554	slope_d_comp_per_log10Mbp	22.3979	15.7924	30.3981				census of SPIRE 95 % ANI MAG representatives; 1493 family clusters
reps_census	family	stratum	S2_rare_phylum	554	slope_d_cont_per_log10Mbp	22.5657	7.51358	33.2945				census of SPIRE 95 % ANI MAG representatives; 1493 family clusters
reps_census	family	stratum	S3_main	892	p_class_change	0.369955	0.336969	0.404237				census of SPIRE 95 % ANI MAG representatives; 1493 family clusters
reps_census	family	stratum	S3_main	892	p_downgrade	0.238789	0.211157	0.266517				census of SPIRE 95 % ANI MAG representatives; 1493 family clusters
reps_census	family	stratum	S3_main	892	p_upgrade	0.131166	0.109747	0.154822				census of SPIRE 95 % ANI MAG representatives; 1493 family clusters
reps_census	family	stratum	S3_main	892	p_HQ_checkm2	0.359865	0.326271	0.392479				census of SPIRE 95 % ANI MAG representatives; 1493 family clusters
reps_census	family	stratum	S3_main	892	p_HQ_magicc	0.320628	0.288649	0.35387				census of SPIRE 95 % ANI MAG representatives; 1493 family clusters
reps_census	family	stratum	S3_main	892	HQ_downgrade_rate	0.47352	0.414631	0.533156				census of SPIRE 95 % ANI MAG representatives; 1493 family clusters
reps_census	family	stratum	S3_main	892	HQ_to_MQ_rate	0.367601	0.314355	0.420699				census of SPIRE 95 % ANI MAG representatives; 1493 family clusters
reps_census	family	stratum	S3_main	892	HQ_to_LQ_rate	0.105919	0.0702476	0.143793				census of SPIRE 95 % ANI MAG representatives; 1493 family clusters
reps_census	family	stratum	S3_main	892	MQ_to_HQ_rate	0.205263	0.172583	0.24099				census of SPIRE 95 % ANI MAG representatives; 1493 family clusters
reps_census	family	stratum	S3_main	892	MQ_to_LQ_rate	0.107018	0.0793943	0.135784				census of SPIRE 95 % ANI MAG representatives; 1493 family clusters
reps_census	family	stratum	S3_main	892	LQ_to_higher_rate	0	0	0				census of SPIRE 95 % ANI MAG representatives; 1493 family clusters
reps_census	family	stratum	S3_main	892	cont5_disagreement_rate	0.143266	0.114021	0.174468				census of SPIRE 95 % ANI MAG representatives; 1493 family clusters
reps_census	family	stratum	S3_main	892	floor_rate	0.00112108	0	0.00368155				census of SPIRE 95 % ANI MAG representatives; 1493 family clusters
reps_census	family	stratum	S3_main	892	floor_rate_exact50	0	0	0				census of SPIRE 95 % ANI MAG representatives; 1493 family clusters
reps_census	family	stratum	S3_main	892	mean_d_comp	-0.584575	-1.40553	0.25685				census of SPIRE 95 % ANI MAG representatives; 1493 family clusters
reps_census	family	stratum	S3_main	892	mean_d_cont	1.00373	0.212729	1.84699				census of SPIRE 95 % ANI MAG representatives; 1493 family clusters
reps_census	family	stratum	S3_main	892	mean_comp_checkm2	82.7696	81.7514	83.8312				census of SPIRE 95 % ANI MAG representatives; 1493 family clusters
reps_census	family	stratum	S3_main	892	mean_comp_magicc	82.185	81.1241	83.3759				census of SPIRE 95 % ANI MAG representatives; 1493 family clusters
reps_census	family	stratum	S3_main	892	mean_cont_checkm2	2.94664	2.74726	3.13884				census of SPIRE 95 % ANI MAG representatives; 1493 family clusters
reps_census	family	stratum	S3_main	892	mean_cont_magicc	3.95037	3.14772	4.85731				census of SPIRE 95 % ANI MAG representatives; 1493 family clusters
reps_census	family	stratum	S3_main	892	cell_HQ_to_HQ	0.189462	0.159449	0.220299				census of SPIRE 95 % ANI MAG representatives; 1493 family clusters
reps_census	family	stratum	S3_main	892	cell_HQ_to_MQ	0.132287	0.111756	0.154225				census of SPIRE 95 % ANI MAG representatives; 1493 family clusters
reps_census	family	stratum	S3_main	892	cell_HQ_to_LQ	0.0381166	0.0252318	0.0521272				census of SPIRE 95 % ANI MAG representatives; 1493 family clusters
reps_census	family	stratum	S3_main	892	cell_MQ_to_HQ	0.131166	0.109747	0.154822				census of SPIRE 95 % ANI MAG representatives; 1493 family clusters
reps_census	family	stratum	S3_main	892	cell_MQ_to_MQ	0.439462	0.407569	0.472301				census of SPIRE 95 % ANI MAG representatives; 1493 family clusters
reps_census	family	stratum	S3_main	892	cell_MQ_to_LQ	0.0683857	0.0499986	0.0873915				census of SPIRE 95 % ANI MAG representatives; 1493 family clusters
reps_census	family	stratum	S3_main	892	cell_LQ_to_HQ	0	0	0				census of SPIRE 95 % ANI MAG representatives; 1493 family clusters
reps_census	family	stratum	S3_main	892	cell_LQ_to_MQ	0	0	0				census of SPIRE 95 % ANI MAG representatives; 1493 family clusters
reps_census	family	stratum	S3_main	892	cell_LQ_to_LQ	0.00112108	0	0.00364111				census of SPIRE 95 % ANI MAG representatives; 1493 family clusters
reps_census	family	stratum	S3_main	892	slope_d_comp_per_log10Mbp	8.70946	5.11113	12.7763				census of SPIRE 95 % ANI MAG representatives; 1493 family clusters
reps_census	family	stratum	S3_main	892	slope_d_cont_per_log10Mbp	3.20958	-1.45943	8.00457				census of SPIRE 95 % ANI MAG representatives; 1493 family clusters
reps_census	family	stratum	reps	3920	p_class_change	0.36301	0.342668	0.384574				census of SPIRE 95 % ANI MAG representatives; 1493 family clusters
reps_census	family	stratum	reps	3920	p_downgrade	0.231888	0.212275	0.25277				census of SPIRE 95 % ANI MAG representatives; 1493 family clusters
reps_census	family	stratum	reps	3920	p_upgrade	0.131122	0.118039	0.144125				census of SPIRE 95 % ANI MAG representatives; 1493 family clusters
reps_census	family	stratum	reps	3920	p_HQ_checkm2	0.385204	0.363401	0.409131				census of SPIRE 95 % ANI MAG representatives; 1493 family clusters
reps_census	family	stratum	reps	3920	p_HQ_magicc	0.344388	0.323618	0.364727				census of SPIRE 95 % ANI MAG representatives; 1493 family clusters
reps_census	family	stratum	reps	3920	HQ_downgrade_rate	0.445033	0.414364	0.477111				census of SPIRE 95 % ANI MAG representatives; 1493 family clusters
reps_census	family	stratum	reps	3920	HQ_to_MQ_rate	0.337748	0.31098	0.365177				census of SPIRE 95 % ANI MAG representatives; 1493 family clusters
reps_census	family	stratum	reps	3920	HQ_to_LQ_rate	0.107285	0.0866756	0.129596				census of SPIRE 95 % ANI MAG representatives; 1493 family clusters
reps_census	family	stratum	reps	3920	MQ_to_HQ_rate	0.212625	0.193028	0.232653				census of SPIRE 95 % ANI MAG representatives; 1493 family clusters
reps_census	family	stratum	reps	3920	MQ_to_LQ_rate	0.0984219	0.078457	0.121123				census of SPIRE 95 % ANI MAG representatives; 1493 family clusters
reps_census	family	stratum	reps	3920	LQ_to_higher_rate	1	1	1				census of SPIRE 95 % ANI MAG representatives; 1493 family clusters
reps_census	family	stratum	reps	3920	cont5_disagreement_rate	0.13964	0.120714	0.160462				census of SPIRE 95 % ANI MAG representatives; 1493 family clusters
reps_census	family	stratum	reps	3920	floor_rate	0.000765306	0	0.00169616				census of SPIRE 95 % ANI MAG representatives; 1493 family clusters
reps_census	family	stratum	reps	3920	floor_rate_exact50	0	0	0				census of SPIRE 95 % ANI MAG representatives; 1493 family clusters
reps_census	family	stratum	reps	3920	mean_d_comp	-0.67271	-1.35194	0.0178353				census of SPIRE 95 % ANI MAG representatives; 1493 family clusters
reps_census	family	stratum	reps	3920	mean_d_cont	0.903118	0.315669	1.57224				census of SPIRE 95 % ANI MAG representatives; 1493 family clusters
reps_census	family	stratum	reps	3920	mean_comp_checkm2	83.8501	83.1221	84.5821				census of SPIRE 95 % ANI MAG representatives; 1493 family clusters
reps_census	family	stratum	reps	3920	mean_comp_magicc	83.1774	82.3978	83.8905				census of SPIRE 95 % ANI MAG representatives; 1493 family clusters
reps_census	family	stratum	reps	3920	mean_cont_checkm2	2.89437	2.74292	3.03496				census of SPIRE 95 % ANI MAG representatives; 1493 family clusters
reps_census	family	stratum	reps	3920	mean_cont_magicc	3.79749	3.22098	4.48042				census of SPIRE 95 % ANI MAG representatives; 1493 family clusters
reps_census	family	stratum	reps	3920	cell_HQ_to_HQ	0.213776	0.195169	0.232614				census of SPIRE 95 % ANI MAG representatives; 1493 family clusters
reps_census	family	stratum	reps	3920	cell_HQ_to_MQ	0.130102	0.117408	0.143454				census of SPIRE 95 % ANI MAG representatives; 1493 family clusters
reps_census	family	stratum	reps	3920	cell_HQ_to_LQ	0.0413265	0.0333546	0.04947				census of SPIRE 95 % ANI MAG representatives; 1493 family clusters
reps_census	family	stratum	reps	3920	cell_MQ_to_HQ	0.130612	0.117617	0.143625				census of SPIRE 95 % ANI MAG representatives; 1493 family clusters
reps_census	family	stratum	reps	3920	cell_MQ_to_MQ	0.423214	0.400521	0.444887				census of SPIRE 95 % ANI MAG representatives; 1493 family clusters
reps_census	family	stratum	reps	3920	cell_MQ_to_LQ	0.0604592	0.0479764	0.0750504				census of SPIRE 95 % ANI MAG representatives; 1493 family clusters
reps_census	family	stratum	reps	3920	cell_LQ_to_HQ	0	0	0				census of SPIRE 95 % ANI MAG representatives; 1493 family clusters
reps_census	family	stratum	reps	3920	cell_LQ_to_MQ	0.000510204	0	0.00128685				census of SPIRE 95 % ANI MAG representatives; 1493 family clusters
reps_census	family	stratum	reps	3920	cell_LQ_to_LQ	0	0	0				census of SPIRE 95 % ANI MAG representatives; 1493 family clusters
reps_census	family	stratum	reps	3920	slope_d_comp_per_log10Mbp	13.2881	10.941	15.7858				census of SPIRE 95 % ANI MAG representatives; 1493 family clusters
reps_census	family	stratum	reps	3920	slope_d_cont_per_log10Mbp	1.9658	-0.761862	4.84291				census of SPIRE 95 % ANI MAG representatives; 1493 family clusters
reps_census	family	checkm2_class	HQ	2426	p_class_change	0.500824	0.474444	0.528091				census of SPIRE 95 % ANI MAG representatives; 1493 family clusters
reps_census	family	checkm2_class	HQ	2426	p_downgrade	0.500824	0.474444	0.528091				census of SPIRE 95 % ANI MAG representatives; 1493 family clusters
reps_census	family	checkm2_class	HQ	2426	p_upgrade	0	0	0				census of SPIRE 95 % ANI MAG representatives; 1493 family clusters
reps_census	family	checkm2_class	HQ	2426	p_HQ_checkm2	1	1	1				census of SPIRE 95 % ANI MAG representatives; 1493 family clusters
reps_census	family	checkm2_class	HQ	2426	p_HQ_magicc	0.499176	0.471909	0.525556				census of SPIRE 95 % ANI MAG representatives; 1493 family clusters
reps_census	family	checkm2_class	HQ	2426	HQ_downgrade_rate	0.500824	0.474444	0.528091				census of SPIRE 95 % ANI MAG representatives; 1493 family clusters
reps_census	family	checkm2_class	HQ	2426	HQ_to_MQ_rate	0.379225	0.359625	0.402019				census of SPIRE 95 % ANI MAG representatives; 1493 family clusters
reps_census	family	checkm2_class	HQ	2426	HQ_to_LQ_rate	0.121599	0.101342	0.142212				census of SPIRE 95 % ANI MAG representatives; 1493 family clusters
reps_census	family	checkm2_class	HQ	2426	MQ_to_HQ_rate	nan	nan	nan				census of SPIRE 95 % ANI MAG representatives; 1493 family clusters
reps_census	family	checkm2_class	HQ	2426	MQ_to_LQ_rate	nan	nan	nan				census of SPIRE 95 % ANI MAG representatives; 1493 family clusters
reps_census	family	checkm2_class	HQ	2426	LQ_to_higher_rate	nan	nan	nan				census of SPIRE 95 % ANI MAG representatives; 1493 family clusters
reps_census	family	checkm2_class	HQ	2426	cont5_disagreement_rate	0.198269	0.17276	0.223763				census of SPIRE 95 % ANI MAG representatives; 1493 family clusters
reps_census	family	checkm2_class	HQ	2426	floor_rate	0.000824402	0	0.00212689				census of SPIRE 95 % ANI MAG representatives; 1493 family clusters
reps_census	family	checkm2_class	HQ	2426	floor_rate_exact50	0	0	0				census of SPIRE 95 % ANI MAG representatives; 1493 family clusters
reps_census	family	checkm2_class	HQ	2426	mean_d_comp	-6.14655	-6.73665	-5.5927				census of SPIRE 95 % ANI MAG representatives; 1493 family clusters
reps_census	family	checkm2_class	HQ	2426	mean_d_cont	2.7666	2.1685	3.39204				census of SPIRE 95 % ANI MAG representatives; 1493 family clusters
reps_census	family	checkm2_class	HQ	2426	mean_comp_checkm2	96.2221	96.0305	96.3994				census of SPIRE 95 % ANI MAG representatives; 1493 family clusters
reps_census	family	checkm2_class	HQ	2426	mean_comp_magicc	90.0756	89.4365	90.6605				census of SPIRE 95 % ANI MAG representatives; 1493 family clusters
reps_census	family	checkm2_class	HQ	2426	mean_cont_checkm2	1.49715	1.42228	1.57338				census of SPIRE 95 % ANI MAG representatives; 1493 family clusters
reps_census	family	checkm2_class	HQ	2426	mean_cont_magicc	4.26375	3.66986	4.87814				census of SPIRE 95 % ANI MAG representatives; 1493 family clusters
reps_census	family	checkm2_class	HQ	2426	cell_HQ_to_HQ	0.499176	0.471909	0.525556				census of SPIRE 95 % ANI MAG representatives; 1493 family clusters
reps_census	family	checkm2_class	HQ	2426	cell_HQ_to_MQ	0.379225	0.359625	0.402019				census of SPIRE 95 % ANI MAG representatives; 1493 family clusters
reps_census	family	checkm2_class	HQ	2426	cell_HQ_to_LQ	0.121599	0.101342	0.142212				census of SPIRE 95 % ANI MAG representatives; 1493 family clusters
reps_census	family	checkm2_class	HQ	2426	cell_MQ_to_HQ	0	0	0				census of SPIRE 95 % ANI MAG representatives; 1493 family clusters
reps_census	family	checkm2_class	HQ	2426	cell_MQ_to_MQ	0	0	0				census of SPIRE 95 % ANI MAG representatives; 1493 family clusters
reps_census	family	checkm2_class	HQ	2426	cell_MQ_to_LQ	0	0	0				census of SPIRE 95 % ANI MAG representatives; 1493 family clusters
reps_census	family	checkm2_class	HQ	2426	cell_LQ_to_HQ	0	0	0				census of SPIRE 95 % ANI MAG representatives; 1493 family clusters
reps_census	family	checkm2_class	HQ	2426	cell_LQ_to_MQ	0	0	0				census of SPIRE 95 % ANI MAG representatives; 1493 family clusters
reps_census	family	checkm2_class	HQ	2426	cell_LQ_to_LQ	0	0	0				census of SPIRE 95 % ANI MAG representatives; 1493 family clusters
reps_census	family	checkm2_class	HQ	2426	slope_d_comp_per_log10Mbp	15.7952	13.9559	17.8246				census of SPIRE 95 % ANI MAG representatives; 1493 family clusters
reps_census	family	checkm2_class	HQ	2426	slope_d_cont_per_log10Mbp	0.143847	-1.6353	2.11796				census of SPIRE 95 % ANI MAG representatives; 1493 family clusters
reps_census	family	checkm2_class	MQ	4136	p_class_change	0.295696	0.27656	0.31478				census of SPIRE 95 % ANI MAG representatives; 1493 family clusters
reps_census	family	checkm2_class	MQ	4136	p_downgrade	0.114845	0.0973682	0.132317				census of SPIRE 95 % ANI MAG representatives; 1493 family clusters
reps_census	family	checkm2_class	MQ	4136	p_upgrade	0.180851	0.164758	0.197284				census of SPIRE 95 % ANI MAG representatives; 1493 family clusters
reps_census	family	checkm2_class	MQ	4136	p_HQ_checkm2	0	0	0				census of SPIRE 95 % ANI MAG representatives; 1493 family clusters
reps_census	family	checkm2_class	MQ	4136	p_HQ_magicc	0.180851	0.164758	0.197284				census of SPIRE 95 % ANI MAG representatives; 1493 family clusters
reps_census	family	checkm2_class	MQ	4136	HQ_downgrade_rate	nan	nan	nan				census of SPIRE 95 % ANI MAG representatives; 1493 family clusters
reps_census	family	checkm2_class	MQ	4136	HQ_to_MQ_rate	nan	nan	nan				census of SPIRE 95 % ANI MAG representatives; 1493 family clusters
reps_census	family	checkm2_class	MQ	4136	HQ_to_LQ_rate	nan	nan	nan				census of SPIRE 95 % ANI MAG representatives; 1493 family clusters
reps_census	family	checkm2_class	MQ	4136	MQ_to_HQ_rate	0.180851	0.164758	0.197284				census of SPIRE 95 % ANI MAG representatives; 1493 family clusters
reps_census	family	checkm2_class	MQ	4136	MQ_to_LQ_rate	0.114845	0.0973682	0.132317				census of SPIRE 95 % ANI MAG representatives; 1493 family clusters
reps_census	family	checkm2_class	MQ	4136	LQ_to_higher_rate	nan	nan	nan				census of SPIRE 95 % ANI MAG representatives; 1493 family clusters
reps_census	family	checkm2_class	MQ	4136	cont5_disagreement_rate	0.155654	0.133707	0.176149				census of SPIRE 95 % ANI MAG representatives; 1493 family clusters
reps_census	family	checkm2_class	MQ	4136	floor_rate	0.0140232	0.0093651	0.0189786				census of SPIRE 95 % ANI MAG representatives; 1493 family clusters
reps_census	family	checkm2_class	MQ	4136	floor_rate_exact50	0	0	0				census of SPIRE 95 % ANI MAG representatives; 1493 family clusters
reps_census	family	checkm2_class	MQ	4136	mean_d_comp	0.0504927	-0.638005	0.684049				census of SPIRE 95 % ANI MAG representatives; 1493 family clusters
reps_census	family	checkm2_class	MQ	4136	mean_d_cont	0.889149	0.225867	1.59777				census of SPIRE 95 % ANI MAG representatives; 1493 family clusters
reps_census	family	checkm2_class	MQ	4136	mean_comp_checkm2	74.9584	74.3877	75.5566				census of SPIRE 95 % ANI MAG representatives; 1493 family clusters
reps_census	family	checkm2_class	MQ	4136	mean_comp_magicc	75.0089	74.243	75.783				census of SPIRE 95 % ANI MAG representatives; 1493 family clusters
reps_census	family	checkm2_class	MQ	4136	mean_cont_checkm2	3.28445	3.14049	3.42263				census of SPIRE 95 % ANI MAG representatives; 1493 family clusters
reps_census	family	checkm2_class	MQ	4136	mean_cont_magicc	4.1736	3.55569	4.84139				census of SPIRE 95 % ANI MAG representatives; 1493 family clusters
reps_census	family	checkm2_class	MQ	4136	cell_HQ_to_HQ	0	0	0				census of SPIRE 95 % ANI MAG representatives; 1493 family clusters
reps_census	family	checkm2_class	MQ	4136	cell_HQ_to_MQ	0	0	0				census of SPIRE 95 % ANI MAG representatives; 1493 family clusters
reps_census	family	checkm2_class	MQ	4136	cell_HQ_to_LQ	0	0	0				census of SPIRE 95 % ANI MAG representatives; 1493 family clusters
reps_census	family	checkm2_class	MQ	4136	cell_MQ_to_HQ	0.180851	0.164758	0.197284				census of SPIRE 95 % ANI MAG representatives; 1493 family clusters
reps_census	family	checkm2_class	MQ	4136	cell_MQ_to_MQ	0.704304	0.68522	0.72344				census of SPIRE 95 % ANI MAG representatives; 1493 family clusters
reps_census	family	checkm2_class	MQ	4136	cell_MQ_to_LQ	0.114845	0.0973682	0.132317				census of SPIRE 95 % ANI MAG representatives; 1493 family clusters
reps_census	family	checkm2_class	MQ	4136	cell_LQ_to_HQ	0	0	0				census of SPIRE 95 % ANI MAG representatives; 1493 family clusters
reps_census	family	checkm2_class	MQ	4136	cell_LQ_to_MQ	0	0	0				census of SPIRE 95 % ANI MAG representatives; 1493 family clusters
reps_census	family	checkm2_class	MQ	4136	cell_LQ_to_LQ	0	0	0				census of SPIRE 95 % ANI MAG representatives; 1493 family clusters
reps_census	family	checkm2_class	MQ	4136	slope_d_comp_per_log10Mbp	15.9304	14.387	17.4744				census of SPIRE 95 % ANI MAG representatives; 1493 family clusters
reps_census	family	checkm2_class	MQ	4136	slope_d_cont_per_log10Mbp	0.38868	-2.03455	2.85977				census of SPIRE 95 % ANI MAG representatives; 1493 family clusters
reps_census	family	checkm2_class	LQ	4	p_class_change	0.75	0	1				census of SPIRE 95 % ANI MAG representatives; 1493 family clusters
reps_census	family	checkm2_class	LQ	4	p_downgrade	0	0	0				census of SPIRE 95 % ANI MAG representatives; 1493 family clusters
reps_census	family	checkm2_class	LQ	4	p_upgrade	0.75	0	1				census of SPIRE 95 % ANI MAG representatives; 1493 family clusters
reps_census	family	checkm2_class	LQ	4	p_HQ_checkm2	0	0	0				census of SPIRE 95 % ANI MAG representatives; 1493 family clusters
reps_census	family	checkm2_class	LQ	4	p_HQ_magicc	0	0	0				census of SPIRE 95 % ANI MAG representatives; 1493 family clusters
reps_census	family	checkm2_class	LQ	4	HQ_downgrade_rate	nan	nan	nan				census of SPIRE 95 % ANI MAG representatives; 1493 family clusters
reps_census	family	checkm2_class	LQ	4	HQ_to_MQ_rate	nan	nan	nan				census of SPIRE 95 % ANI MAG representatives; 1493 family clusters
reps_census	family	checkm2_class	LQ	4	HQ_to_LQ_rate	nan	nan	nan				census of SPIRE 95 % ANI MAG representatives; 1493 family clusters
reps_census	family	checkm2_class	LQ	4	MQ_to_HQ_rate	nan	nan	nan				census of SPIRE 95 % ANI MAG representatives; 1493 family clusters
reps_census	family	checkm2_class	LQ	4	MQ_to_LQ_rate	nan	nan	nan				census of SPIRE 95 % ANI MAG representatives; 1493 family clusters
reps_census	family	checkm2_class	LQ	4	LQ_to_higher_rate	0.75	0	1				census of SPIRE 95 % ANI MAG representatives; 1493 family clusters
reps_census	family	checkm2_class	LQ	4	cont5_disagreement_rate	nan	nan	nan				census of SPIRE 95 % ANI MAG representatives; 1493 family clusters
reps_census	family	checkm2_class	LQ	4	floor_rate	0	0	0				census of SPIRE 95 % ANI MAG representatives; 1493 family clusters
reps_census	family	checkm2_class	LQ	4	floor_rate_exact50	0	0	0				census of SPIRE 95 % ANI MAG representatives; 1493 family clusters
reps_census	family	checkm2_class	LQ	4	mean_d_comp	-8.78272	-22.2534	0.6524				census of SPIRE 95 % ANI MAG representatives; 1493 family clusters
reps_census	family	checkm2_class	LQ	4	mean_d_cont	-1.92535	-9.995	20.3371				census of SPIRE 95 % ANI MAG representatives; 1493 family clusters
reps_census	family	checkm2_class	LQ	4	mean_comp_checkm2	80.795	72.84	96.08				census of SPIRE 95 % ANI MAG representatives; 1493 family clusters
reps_census	family	checkm2_class	LQ	4	mean_comp_magicc	72.0123	60.4273	80.4524				census of SPIRE 95 % ANI MAG representatives; 1493 family clusters
reps_census	family	checkm2_class	LQ	4	mean_cont_checkm2	10	10	10				census of SPIRE 95 % ANI MAG representatives; 1493 family clusters
reps_census	family	checkm2_class	LQ	4	mean_cont_magicc	8.07465	0.005	30.3371				census of SPIRE 95 % ANI MAG representatives; 1493 family clusters
reps_census	family	checkm2_class	LQ	4	cell_HQ_to_HQ	0	0	0				census of SPIRE 95 % ANI MAG representatives; 1493 family clusters
reps_census	family	checkm2_class	LQ	4	cell_HQ_to_MQ	0	0	0				census of SPIRE 95 % ANI MAG representatives; 1493 family clusters
reps_census	family	checkm2_class	LQ	4	cell_HQ_to_LQ	0	0	0				census of SPIRE 95 % ANI MAG representatives; 1493 family clusters
reps_census	family	checkm2_class	LQ	4	cell_MQ_to_HQ	0	0	0				census of SPIRE 95 % ANI MAG representatives; 1493 family clusters
reps_census	family	checkm2_class	LQ	4	cell_MQ_to_MQ	0	0	0				census of SPIRE 95 % ANI MAG representatives; 1493 family clusters
reps_census	family	checkm2_class	LQ	4	cell_MQ_to_LQ	0	0	0				census of SPIRE 95 % ANI MAG representatives; 1493 family clusters
reps_census	family	checkm2_class	LQ	4	cell_LQ_to_HQ	0	0	0				census of SPIRE 95 % ANI MAG representatives; 1493 family clusters
reps_census	family	checkm2_class	LQ	4	cell_LQ_to_MQ	0.75	0	1				census of SPIRE 95 % ANI MAG representatives; 1493 family clusters
reps_census	family	checkm2_class	LQ	4	cell_LQ_to_LQ	0.25	0	1				census of SPIRE 95 % ANI MAG representatives; 1493 family clusters
reps_census	family	checkm2_class	LQ	4	slope_d_comp_per_log10Mbp	7.98281	-123.704	234.541				census of SPIRE 95 % ANI MAG representatives; 1493 family clusters
reps_census	family	checkm2_class	LQ	4	slope_d_cont_per_log10Mbp	15.2788	-311.384	163.81				census of SPIRE 95 % ANI MAG representatives; 1493 family clusters
reps_census	spire_cluster	overall	ALL	6566	p_class_change	0.371764	0.360646	0.384252				census of SPIRE 95 % ANI MAG representatives; 6566 spire_cluster clusters
reps_census	spire_cluster	overall	ALL	6566	p_downgrade	0.257387	0.247182	0.2682				census of SPIRE 95 % ANI MAG representatives; 6566 spire_cluster clusters
reps_census	spire_cluster	overall	ALL	6566	p_upgrade	0.114377	0.106758	0.122148				census of SPIRE 95 % ANI MAG representatives; 6566 spire_cluster clusters
reps_census	spire_cluster	overall	ALL	6566	p_HQ_checkm2	0.369479	0.3576	0.380902				census of SPIRE 95 % ANI MAG representatives; 6566 spire_cluster clusters
reps_census	spire_cluster	overall	ALL	6566	p_HQ_magicc	0.298355	0.287999	0.30902				census of SPIRE 95 % ANI MAG representatives; 6566 spire_cluster clusters
reps_census	spire_cluster	overall	ALL	6566	HQ_downgrade_rate	0.500824	0.481464	0.519849				census of SPIRE 95 % ANI MAG representatives; 6566 spire_cluster clusters
reps_census	spire_cluster	overall	ALL	6566	HQ_to_MQ_rate	0.379225	0.360408	0.398195				census of SPIRE 95 % ANI MAG representatives; 6566 spire_cluster clusters
reps_census	spire_cluster	overall	ALL	6566	HQ_to_LQ_rate	0.121599	0.109261	0.134317				census of SPIRE 95 % ANI MAG representatives; 6566 spire_cluster clusters
reps_census	spire_cluster	overall	ALL	6566	MQ_to_HQ_rate	0.180851	0.169366	0.192687				census of SPIRE 95 % ANI MAG representatives; 6566 spire_cluster clusters
reps_census	spire_cluster	overall	ALL	6566	MQ_to_LQ_rate	0.114845	0.105302	0.124453				census of SPIRE 95 % ANI MAG representatives; 6566 spire_cluster clusters
reps_census	spire_cluster	overall	ALL	6566	LQ_to_higher_rate	0.75	0	1				census of SPIRE 95 % ANI MAG representatives; 6566 spire_cluster clusters
reps_census	spire_cluster	overall	ALL	6566	cont5_disagreement_rate	0.174935	0.164839	0.184979				census of SPIRE 95 % ANI MAG representatives; 6566 spire_cluster clusters
reps_census	spire_cluster	overall	ALL	6566	floor_rate	0.00913798	0.00685349	0.0117271				census of SPIRE 95 % ANI MAG representatives; 6566 spire_cluster clusters
reps_census	spire_cluster	overall	ALL	6566	floor_rate_exact50	0	0	0				census of SPIRE 95 % ANI MAG representatives; 6566 spire_cluster clusters
reps_census	spire_cluster	overall	ALL	6566	mean_d_comp	-2.24457	-2.56222	-1.94506				census of SPIRE 95 % ANI MAG representatives; 6566 spire_cluster clusters
reps_census	spire_cluster	overall	ALL	6566	mean_d_cont	1.58111	1.36569	1.80928				census of SPIRE 95 % ANI MAG representatives; 6566 spire_cluster clusters
reps_census	spire_cluster	overall	ALL	6566	mean_comp_checkm2	82.8185	82.4712	83.177				census of SPIRE 95 % ANI MAG representatives; 6566 spire_cluster clusters
reps_census	spire_cluster	overall	ALL	6566	mean_comp_magicc	80.5739	80.185	80.9573				census of SPIRE 95 % ANI MAG representatives; 6566 spire_cluster clusters
reps_census	spire_cluster	overall	ALL	6566	mean_cont_checkm2	2.62817	2.56561	2.69037				census of SPIRE 95 % ANI MAG representatives; 6566 spire_cluster clusters
reps_census	spire_cluster	overall	ALL	6566	mean_cont_magicc	4.20928	3.99111	4.43896				census of SPIRE 95 % ANI MAG representatives; 6566 spire_cluster clusters
reps_census	spire_cluster	overall	ALL	6566	cell_HQ_to_HQ	0.184435	0.175449	0.19403				census of SPIRE 95 % ANI MAG representatives; 6566 spire_cluster clusters
reps_census	spire_cluster	overall	ALL	6566	cell_HQ_to_MQ	0.140116	0.131735	0.148492				census of SPIRE 95 % ANI MAG representatives; 6566 spire_cluster clusters
reps_census	spire_cluster	overall	ALL	6566	cell_HQ_to_LQ	0.0449284	0.0402071	0.049802				census of SPIRE 95 % ANI MAG representatives; 6566 spire_cluster clusters
reps_census	spire_cluster	overall	ALL	6566	cell_MQ_to_HQ	0.11392	0.106153	0.121687				census of SPIRE 95 % ANI MAG representatives; 6566 spire_cluster clusters
reps_census	spire_cluster	overall	ALL	6566	cell_MQ_to_MQ	0.443649	0.431313	0.455376				census of SPIRE 95 % ANI MAG representatives; 6566 spire_cluster clusters
reps_census	spire_cluster	overall	ALL	6566	cell_MQ_to_LQ	0.0723424	0.0660981	0.0784344				census of SPIRE 95 % ANI MAG representatives; 6566 spire_cluster clusters
reps_census	spire_cluster	overall	ALL	6566	cell_LQ_to_HQ	0	0	0				census of SPIRE 95 % ANI MAG representatives; 6566 spire_cluster clusters
reps_census	spire_cluster	overall	ALL	6566	cell_LQ_to_MQ	0.000456899	0	0.0010661				census of SPIRE 95 % ANI MAG representatives; 6566 spire_cluster clusters
reps_census	spire_cluster	overall	ALL	6566	cell_LQ_to_LQ	0.0001523	0	0.000456899				census of SPIRE 95 % ANI MAG representatives; 6566 spire_cluster clusters
reps_census	spire_cluster	overall	ALL	6566	slope_d_comp_per_log10Mbp	14.3402	13.4124	15.2018				census of SPIRE 95 % ANI MAG representatives; 6566 spire_cluster clusters
reps_census	spire_cluster	overall	ALL	6566	slope_d_cont_per_log10Mbp	0.69638	-0.276159	1.7318				census of SPIRE 95 % ANI MAG representatives; 6566 spire_cluster clusters
reps_census	spire_cluster	size_bin	<1Mb	1200	p_class_change	0.3425	0.315304	0.36879				census of SPIRE 95 % ANI MAG representatives; 6566 spire_cluster clusters
reps_census	spire_cluster	size_bin	<1Mb	1200	p_downgrade	0.3075	0.281224	0.334167				census of SPIRE 95 % ANI MAG representatives; 6566 spire_cluster clusters
reps_census	spire_cluster	size_bin	<1Mb	1200	p_upgrade	0.035	0.0250606	0.0456778				census of SPIRE 95 % ANI MAG representatives; 6566 spire_cluster clusters
reps_census	spire_cluster	size_bin	<1Mb	1200	p_HQ_checkm2	0.314167	0.287866	0.339951				census of SPIRE 95 % ANI MAG representatives; 6566 spire_cluster clusters
reps_census	spire_cluster	size_bin	<1Mb	1200	p_HQ_magicc	0.1275	0.109792	0.147255				census of SPIRE 95 % ANI MAG representatives; 6566 spire_cluster clusters
reps_census	spire_cluster	size_bin	<1Mb	1200	HQ_downgrade_rate	0.702918	0.656318	0.747459				census of SPIRE 95 % ANI MAG representatives; 6566 spire_cluster clusters
reps_census	spire_cluster	size_bin	<1Mb	1200	HQ_to_MQ_rate	0.567639	0.518089	0.615961				census of SPIRE 95 % ANI MAG representatives; 6566 spire_cluster clusters
reps_census	spire_cluster	size_bin	<1Mb	1200	HQ_to_LQ_rate	0.135279	0.101866	0.169119				census of SPIRE 95 % ANI MAG representatives; 6566 spire_cluster clusters
reps_census	spire_cluster	size_bin	<1Mb	1200	MQ_to_HQ_rate	0.0498783	0.0354178	0.0654995				census of SPIRE 95 % ANI MAG representatives; 6566 spire_cluster clusters
reps_census	spire_cluster	size_bin	<1Mb	1200	MQ_to_LQ_rate	0.126521	0.103862	0.150583				census of SPIRE 95 % ANI MAG representatives; 6566 spire_cluster clusters
reps_census	spire_cluster	size_bin	<1Mb	1200	LQ_to_higher_rate	1	1	1				census of SPIRE 95 % ANI MAG representatives; 6566 spire_cluster clusters
reps_census	spire_cluster	size_bin	<1Mb	1200	cont5_disagreement_rate	0.254795	0.229263	0.28217				census of SPIRE 95 % ANI MAG representatives; 6566 spire_cluster clusters
reps_census	spire_cluster	size_bin	<1Mb	1200	floor_rate	0.0458333	0.034825	0.0582283				census of SPIRE 95 % ANI MAG representatives; 6566 spire_cluster clusters
reps_census	spire_cluster	size_bin	<1Mb	1200	floor_rate_exact50	0	0	0				census of SPIRE 95 % ANI MAG representatives; 6566 spire_cluster clusters
reps_census	spire_cluster	size_bin	<1Mb	1200	mean_d_comp	-9.50815	-10.2408	-8.77934				census of SPIRE 95 % ANI MAG representatives; 6566 spire_cluster clusters
reps_census	spire_cluster	size_bin	<1Mb	1200	mean_d_cont	2.5386	2.18904	2.93108				census of SPIRE 95 % ANI MAG representatives; 6566 spire_cluster clusters
reps_census	spire_cluster	size_bin	<1Mb	1200	mean_comp_checkm2	79.1405	78.2777	80.0351				census of SPIRE 95 % ANI MAG representatives; 6566 spire_cluster clusters
reps_census	spire_cluster	size_bin	<1Mb	1200	mean_comp_magicc	69.6323	68.7263	70.5371				census of SPIRE 95 % ANI MAG representatives; 6566 spire_cluster clusters
reps_census	spire_cluster	size_bin	<1Mb	1200	mean_cont_checkm2	1.56438	1.44605	1.6868				census of SPIRE 95 % ANI MAG representatives; 6566 spire_cluster clusters
reps_census	spire_cluster	size_bin	<1Mb	1200	mean_cont_magicc	4.10298	3.76283	4.4926				census of SPIRE 95 % ANI MAG representatives; 6566 spire_cluster clusters
reps_census	spire_cluster	size_bin	<1Mb	1200	cell_HQ_to_HQ	0.0933333	0.0782661	0.110563				census of SPIRE 95 % ANI MAG representatives; 6566 spire_cluster clusters
reps_census	spire_cluster	size_bin	<1Mb	1200	cell_HQ_to_MQ	0.178333	0.157074	0.200531				census of SPIRE 95 % ANI MAG representatives; 6566 spire_cluster clusters
reps_census	spire_cluster	size_bin	<1Mb	1200	cell_HQ_to_LQ	0.0425	0.0312737	0.0536616				census of SPIRE 95 % ANI MAG representatives; 6566 spire_cluster clusters
reps_census	spire_cluster	size_bin	<1Mb	1200	cell_MQ_to_HQ	0.0341667	0.0243699	0.0447022				census of SPIRE 95 % ANI MAG representatives; 6566 spire_cluster clusters
reps_census	spire_cluster	size_bin	<1Mb	1200	cell_MQ_to_MQ	0.564167	0.53641	0.591417				census of SPIRE 95 % ANI MAG representatives; 6566 spire_cluster clusters
reps_census	spire_cluster	size_bin	<1Mb	1200	cell_MQ_to_LQ	0.0866667	0.0706803	0.103995				census of SPIRE 95 % ANI MAG representatives; 6566 spire_cluster clusters
reps_census	spire_cluster	size_bin	<1Mb	1200	cell_LQ_to_HQ	0	0	0				census of SPIRE 95 % ANI MAG representatives; 6566 spire_cluster clusters
reps_census	spire_cluster	size_bin	<1Mb	1200	cell_LQ_to_MQ	0.000833333	0	0.00257732				census of SPIRE 95 % ANI MAG representatives; 6566 spire_cluster clusters
reps_census	spire_cluster	size_bin	<1Mb	1200	cell_LQ_to_LQ	0	0	0				census of SPIRE 95 % ANI MAG representatives; 6566 spire_cluster clusters
reps_census	spire_cluster	size_bin	<1Mb	1200	slope_d_comp_per_log10Mbp	21.2276	15.9479	27.0186				census of SPIRE 95 % ANI MAG representatives; 6566 spire_cluster clusters
reps_census	spire_cluster	size_bin	<1Mb	1200	slope_d_cont_per_log10Mbp	8.17005	5.78429	10.6832				census of SPIRE 95 % ANI MAG representatives; 6566 spire_cluster clusters
reps_census	spire_cluster	size_bin	1-2Mb	1485	p_class_change	0.299663	0.277174	0.323037				census of SPIRE 95 % ANI MAG representatives; 6566 spire_cluster clusters
reps_census	spire_cluster	size_bin	1-2Mb	1485	p_downgrade	0.247811	0.225352	0.268908				census of SPIRE 95 % ANI MAG representatives; 6566 spire_cluster clusters
reps_census	spire_cluster	size_bin	1-2Mb	1485	p_upgrade	0.0518519	0.0405309	0.0637068				census of SPIRE 95 % ANI MAG representatives; 6566 spire_cluster clusters
reps_census	spire_cluster	size_bin	1-2Mb	1485	p_HQ_checkm2	0.284175	0.26136	0.307589				census of SPIRE 95 % ANI MAG representatives; 6566 spire_cluster clusters
reps_census	spire_cluster	size_bin	1-2Mb	1485	p_HQ_magicc	0.167677	0.14877	0.187371				census of SPIRE 95 % ANI MAG representatives; 6566 spire_cluster clusters
reps_census	spire_cluster	size_bin	1-2Mb	1485	HQ_downgrade_rate	0.590047	0.543925	0.635923				census of SPIRE 95 % ANI MAG representatives; 6566 spire_cluster clusters
reps_census	spire_cluster	size_bin	1-2Mb	1485	HQ_to_MQ_rate	0.42654	0.379144	0.473948				census of SPIRE 95 % ANI MAG representatives; 6566 spire_cluster clusters
reps_census	spire_cluster	size_bin	1-2Mb	1485	HQ_to_LQ_rate	0.163507	0.129711	0.198609				census of SPIRE 95 % ANI MAG representatives; 6566 spire_cluster clusters
reps_census	spire_cluster	size_bin	1-2Mb	1485	MQ_to_HQ_rate	0.0715631	0.0558127	0.0878386				census of SPIRE 95 % ANI MAG representatives; 6566 spire_cluster clusters
reps_census	spire_cluster	size_bin	1-2Mb	1485	MQ_to_LQ_rate	0.112053	0.0932379	0.131553				census of SPIRE 95 % ANI MAG representatives; 6566 spire_cluster clusters
reps_census	spire_cluster	size_bin	1-2Mb	1485	LQ_to_higher_rate	1	1	1				census of SPIRE 95 % ANI MAG representatives; 6566 spire_cluster clusters
reps_census	spire_cluster	size_bin	1-2Mb	1485	cont5_disagreement_rate	0.171496	0.151188	0.192436				census of SPIRE 95 % ANI MAG representatives; 6566 spire_cluster clusters
reps_census	spire_cluster	size_bin	1-2Mb	1485	floor_rate	0.003367	0.000680261	0.00669815				census of SPIRE 95 % ANI MAG representatives; 6566 spire_cluster clusters
reps_census	spire_cluster	size_bin	1-2Mb	1485	floor_rate_exact50	0	0	0				census of SPIRE 95 % ANI MAG representatives; 6566 spire_cluster clusters
reps_census	spire_cluster	size_bin	1-2Mb	1485	mean_d_comp	-3.72728	-4.37962	-3.04945				census of SPIRE 95 % ANI MAG representatives; 6566 spire_cluster clusters
reps_census	spire_cluster	size_bin	1-2Mb	1485	mean_d_cont	1.98117	1.50423	2.48208				census of SPIRE 95 % ANI MAG representatives; 6566 spire_cluster clusters
reps_census	spire_cluster	size_bin	1-2Mb	1485	mean_comp_checkm2	77.9801	77.1735	78.7958				census of SPIRE 95 % ANI MAG representatives; 6566 spire_cluster clusters
reps_census	spire_cluster	size_bin	1-2Mb	1485	mean_comp_magicc	74.2529	73.4178	75.1433				census of SPIRE 95 % ANI MAG representatives; 6566 spire_cluster clusters
reps_census	spire_cluster	size_bin	1-2Mb	1485	mean_cont_checkm2	2.1812	2.05593	2.31193				census of SPIRE 95 % ANI MAG representatives; 6566 spire_cluster clusters
reps_census	spire_cluster	size_bin	1-2Mb	1485	mean_cont_magicc	4.16237	3.69307	4.65708				census of SPIRE 95 % ANI MAG representatives; 6566 spire_cluster clusters
reps_census	spire_cluster	size_bin	1-2Mb	1485	cell_HQ_to_HQ	0.116498	0.100804	0.132484				census of SPIRE 95 % ANI MAG representatives; 6566 spire_cluster clusters
reps_census	spire_cluster	size_bin	1-2Mb	1485	cell_HQ_to_MQ	0.121212	0.105226	0.137569				census of SPIRE 95 % ANI MAG representatives; 6566 spire_cluster clusters
reps_census	spire_cluster	size_bin	1-2Mb	1485	cell_HQ_to_LQ	0.0464646	0.0363254	0.0575108				census of SPIRE 95 % ANI MAG representatives; 6566 spire_cluster clusters
reps_census	spire_cluster	size_bin	1-2Mb	1485	cell_MQ_to_HQ	0.0511785	0.0398671	0.062943				census of SPIRE 95 % ANI MAG representatives; 6566 spire_cluster clusters
reps_census	spire_cluster	size_bin	1-2Mb	1485	cell_MQ_to_MQ	0.583838	0.558139	0.609376				census of SPIRE 95 % ANI MAG representatives; 6566 spire_cluster clusters
reps_census	spire_cluster	size_bin	1-2Mb	1485	cell_MQ_to_LQ	0.0801347	0.0663504	0.0943552				census of SPIRE 95 % ANI MAG representatives; 6566 spire_cluster clusters
reps_census	spire_cluster	size_bin	1-2Mb	1485	cell_LQ_to_HQ	0	0	0				census of SPIRE 95 % ANI MAG representatives; 6566 spire_cluster clusters
reps_census	spire_cluster	size_bin	1-2Mb	1485	cell_LQ_to_MQ	0.000673401	0	0.00209209				census of SPIRE 95 % ANI MAG representatives; 6566 spire_cluster clusters
reps_census	spire_cluster	size_bin	1-2Mb	1485	cell_LQ_to_LQ	0	0	0				census of SPIRE 95 % ANI MAG representatives; 6566 spire_cluster clusters
reps_census	spire_cluster	size_bin	1-2Mb	1485	slope_d_comp_per_log10Mbp	12.3988	5.20133	20.2871				census of SPIRE 95 % ANI MAG representatives; 6566 spire_cluster clusters
reps_census	spire_cluster	size_bin	1-2Mb	1485	slope_d_cont_per_log10Mbp	-17.5334	-23.1211	-12.0761				census of SPIRE 95 % ANI MAG representatives; 6566 spire_cluster clusters
reps_census	spire_cluster	size_bin	2-3Mb	1509	p_class_change	0.340623	0.315541	0.364506				census of SPIRE 95 % ANI MAG representatives; 6566 spire_cluster clusters
reps_census	spire_cluster	size_bin	2-3Mb	1509	p_downgrade	0.23393	0.212956	0.255941				census of SPIRE 95 % ANI MAG representatives; 6566 spire_cluster clusters
reps_census	spire_cluster	size_bin	2-3Mb	1509	p_upgrade	0.106693	0.0922021	0.122363				census of SPIRE 95 % ANI MAG representatives; 6566 spire_cluster clusters
reps_census	spire_cluster	size_bin	2-3Mb	1509	p_HQ_checkm2	0.351889	0.327989	0.376841				census of SPIRE 95 % ANI MAG representatives; 6566 spire_cluster clusters
reps_census	spire_cluster	size_bin	2-3Mb	1509	p_HQ_magicc	0.264414	0.242344	0.285719				census of SPIRE 95 % ANI MAG representatives; 6566 spire_cluster clusters
reps_census	spire_cluster	size_bin	2-3Mb	1509	HQ_downgrade_rate	0.551789	0.511292	0.595464				census of SPIRE 95 % ANI MAG representatives; 6566 spire_cluster clusters
reps_census	spire_cluster	size_bin	2-3Mb	1509	HQ_to_MQ_rate	0.472693	0.431296	0.514235				census of SPIRE 95 % ANI MAG representatives; 6566 spire_cluster clusters
reps_census	spire_cluster	size_bin	2-3Mb	1509	HQ_to_LQ_rate	0.079096	0.0574241	0.102121				census of SPIRE 95 % ANI MAG representatives; 6566 spire_cluster clusters
reps_census	spire_cluster	size_bin	2-3Mb	1509	MQ_to_HQ_rate	0.16479	0.142715	0.188424				census of SPIRE 95 % ANI MAG representatives; 6566 spire_cluster clusters
reps_census	spire_cluster	size_bin	2-3Mb	1509	MQ_to_LQ_rate	0.0614125	0.0470467	0.0777202				census of SPIRE 95 % ANI MAG representatives; 6566 spire_cluster clusters
reps_census	spire_cluster	size_bin	2-3Mb	1509	LQ_to_higher_rate	0	0	0				census of SPIRE 95 % ANI MAG representatives; 6566 spire_cluster clusters
reps_census	spire_cluster	size_bin	2-3Mb	1509	cont5_disagreement_rate	0.113672	0.0965154	0.131261				census of SPIRE 95 % ANI MAG representatives; 6566 spire_cluster clusters
reps_census	spire_cluster	size_bin	2-3Mb	1509	floor_rate	0	0	0				census of SPIRE 95 % ANI MAG representatives; 6566 spire_cluster clusters
reps_census	spire_cluster	size_bin	2-3Mb	1509	floor_rate_exact50	0	0	0				census of SPIRE 95 % ANI MAG representatives; 6566 spire_cluster clusters
reps_census	spire_cluster	size_bin	2-3Mb	1509	mean_d_comp	-2.39413	-3.03947	-1.80482				census of SPIRE 95 % ANI MAG representatives; 6566 spire_cluster clusters
reps_census	spire_cluster	size_bin	2-3Mb	1509	mean_d_cont	-0.157806	-0.466581	0.174838				census of SPIRE 95 % ANI MAG representatives; 6566 spire_cluster clusters
reps_census	spire_cluster	size_bin	2-3Mb	1509	mean_comp_checkm2	82.2038	81.4732	82.9527				census of SPIRE 95 % ANI MAG representatives; 6566 spire_cluster clusters
reps_census	spire_cluster	size_bin	2-3Mb	1509	mean_comp_magicc	79.8097	79.0792	80.5437				census of SPIRE 95 % ANI MAG representatives; 6566 spire_cluster clusters
reps_census	spire_cluster	size_bin	2-3Mb	1509	mean_cont_checkm2	2.66094	2.54278	2.78633				census of SPIRE 95 % ANI MAG representatives; 6566 spire_cluster clusters
reps_census	spire_cluster	size_bin	2-3Mb	1509	mean_cont_magicc	2.50314	2.21042	2.83071				census of SPIRE 95 % ANI MAG representatives; 6566 spire_cluster clusters
reps_census	spire_cluster	size_bin	2-3Mb	1509	cell_HQ_to_HQ	0.15772	0.139655	0.175908				census of SPIRE 95 % ANI MAG representatives; 6566 spire_cluster clusters
reps_census	spire_cluster	size_bin	2-3Mb	1509	cell_HQ_to_MQ	0.166335	0.148122	0.185387				census of SPIRE 95 % ANI MAG representatives; 6566 spire_cluster clusters
reps_census	spire_cluster	size_bin	2-3Mb	1509	cell_HQ_to_LQ	0.027833	0.0198625	0.036302				census of SPIRE 95 % ANI MAG representatives; 6566 spire_cluster clusters
reps_census	spire_cluster	size_bin	2-3Mb	1509	cell_MQ_to_HQ	0.106693	0.0922021	0.122363				census of SPIRE 95 % ANI MAG representatives; 6566 spire_cluster clusters
reps_census	spire_cluster	size_bin	2-3Mb	1509	cell_MQ_to_MQ	0.500994	0.476095	0.526816				census of SPIRE 95 % ANI MAG representatives; 6566 spire_cluster clusters
reps_census	spire_cluster	size_bin	2-3Mb	1509	cell_MQ_to_LQ	0.0397614	0.0303425	0.0499691				census of SPIRE 95 % ANI MAG representatives; 6566 spire_cluster clusters
reps_census	spire_cluster	size_bin	2-3Mb	1509	cell_LQ_to_HQ	0	0	0				census of SPIRE 95 % ANI MAG representatives; 6566 spire_cluster clusters
reps_census	spire_cluster	size_bin	2-3Mb	1509	cell_LQ_to_MQ	0	0	0				census of SPIRE 95 % ANI MAG representatives; 6566 spire_cluster clusters
reps_census	spire_cluster	size_bin	2-3Mb	1509	cell_LQ_to_LQ	0.000662691	0	0.00204224				census of SPIRE 95 % ANI MAG representatives; 6566 spire_cluster clusters
reps_census	spire_cluster	size_bin	2-3Mb	1509	slope_d_comp_per_log10Mbp	21.2757	9.96749	33.7569				census of SPIRE 95 % ANI MAG representatives; 6566 spire_cluster clusters
reps_census	spire_cluster	size_bin	2-3Mb	1509	slope_d_cont_per_log10Mbp	-3.63136	-9.84466	2.93168				census of SPIRE 95 % ANI MAG representatives; 6566 spire_cluster clusters
reps_census	spire_cluster	size_bin	3-5Mb	1797	p_class_change	0.410684	0.38876	0.433562				census of SPIRE 95 % ANI MAG representatives; 6566 spire_cluster clusters
reps_census	spire_cluster	size_bin	3-5Mb	1797	p_downgrade	0.225932	0.206263	0.244557				census of SPIRE 95 % ANI MAG representatives; 6566 spire_cluster clusters
reps_census	spire_cluster	size_bin	3-5Mb	1797	p_upgrade	0.184752	0.167139	0.203109				census of SPIRE 95 % ANI MAG representatives; 6566 spire_cluster clusters
reps_census	spire_cluster	size_bin	3-5Mb	1797	p_HQ_checkm2	0.467446	0.445055	0.490716				census of SPIRE 95 % ANI MAG representatives; 6566 spire_cluster clusters
reps_census	spire_cluster	size_bin	3-5Mb	1797	p_HQ_magicc	0.476349	0.453728	0.50029				census of SPIRE 95 % ANI MAG representatives; 6566 spire_cluster clusters
reps_census	spire_cluster	size_bin	3-5Mb	1797	HQ_downgrade_rate	0.375	0.341104	0.408553				census of SPIRE 95 % ANI MAG representatives; 6566 spire_cluster clusters
reps_census	spire_cluster	size_bin	3-5Mb	1797	HQ_to_MQ_rate	0.279762	0.247853	0.309942				census of SPIRE 95 % ANI MAG representatives; 6566 spire_cluster clusters
reps_census	spire_cluster	size_bin	3-5Mb	1797	HQ_to_LQ_rate	0.0952381	0.076475	0.11617				census of SPIRE 95 % ANI MAG representatives; 6566 spire_cluster clusters
reps_census	spire_cluster	size_bin	3-5Mb	1797	MQ_to_HQ_rate	0.346234	0.316816	0.377283				census of SPIRE 95 % ANI MAG representatives; 6566 spire_cluster clusters
reps_census	spire_cluster	size_bin	3-5Mb	1797	MQ_to_LQ_rate	0.0951883	0.0775858	0.113297				census of SPIRE 95 % ANI MAG representatives; 6566 spire_cluster clusters
reps_census	spire_cluster	size_bin	3-5Mb	1797	LQ_to_higher_rate	1	1	1				census of SPIRE 95 % ANI MAG representatives; 6566 spire_cluster clusters
reps_census	spire_cluster	size_bin	3-5Mb	1797	cont5_disagreement_rate	0.147038	0.128541	0.16691				census of SPIRE 95 % ANI MAG representatives; 6566 spire_cluster clusters
reps_census	spire_cluster	size_bin	3-5Mb	1797	floor_rate	0	0	0				census of SPIRE 95 % ANI MAG representatives; 6566 spire_cluster clusters
reps_census	spire_cluster	size_bin	3-5Mb	1797	floor_rate_exact50	0	0	0				census of SPIRE 95 % ANI MAG representatives; 6566 spire_cluster clusters
reps_census	spire_cluster	size_bin	3-5Mb	1797	mean_d_comp	1.97982	1.46389	2.52271				census of SPIRE 95 % ANI MAG representatives; 6566 spire_cluster clusters
reps_census	spire_cluster	size_bin	3-5Mb	1797	mean_d_cont	0.423684	0.0603687	0.796585				census of SPIRE 95 % ANI MAG representatives; 6566 spire_cluster clusters
reps_census	spire_cluster	size_bin	3-5Mb	1797	mean_comp_checkm2	87.3391	86.7413	87.8969				census of SPIRE 95 % ANI MAG representatives; 6566 spire_cluster clusters
reps_census	spire_cluster	size_bin	3-5Mb	1797	mean_comp_magicc	89.3189	88.795	89.858				census of SPIRE 95 % ANI MAG representatives; 6566 spire_cluster clusters
reps_census	spire_cluster	size_bin	3-5Mb	1797	mean_cont_checkm2	3.1221	3.01166	3.23314				census of SPIRE 95 % ANI MAG representatives; 6566 spire_cluster clusters
reps_census	spire_cluster	size_bin	3-5Mb	1797	mean_cont_magicc	3.54579	3.18574	3.92382				census of SPIRE 95 % ANI MAG representatives; 6566 spire_cluster clusters
reps_census	spire_cluster	size_bin	3-5Mb	1797	cell_HQ_to_HQ	0.292154	0.270975	0.313187				census of SPIRE 95 % ANI MAG representatives; 6566 spire_cluster clusters
reps_census	spire_cluster	size_bin	3-5Mb	1797	cell_HQ_to_MQ	0.130774	0.114156	0.14602				census of SPIRE 95 % ANI MAG representatives; 6566 spire_cluster clusters
reps_census	spire_cluster	size_bin	3-5Mb	1797	cell_HQ_to_LQ	0.0445186	0.0355774	0.0545358				census of SPIRE 95 % ANI MAG representatives; 6566 spire_cluster clusters
reps_census	spire_cluster	size_bin	3-5Mb	1797	cell_MQ_to_HQ	0.184196	0.166479	0.202677				census of SPIRE 95 % ANI MAG representatives; 6566 spire_cluster clusters
reps_census	spire_cluster	size_bin	3-5Mb	1797	cell_MQ_to_MQ	0.297162	0.277561	0.31834				census of SPIRE 95 % ANI MAG representatives; 6566 spire_cluster clusters
reps_census	spire_cluster	size_bin	3-5Mb	1797	cell_MQ_to_LQ	0.05064	0.0411767	0.0608036				census of SPIRE 95 % ANI MAG representatives; 6566 spire_cluster clusters
reps_census	spire_cluster	size_bin	3-5Mb	1797	cell_LQ_to_HQ	0	0	0				census of SPIRE 95 % ANI MAG representatives; 6566 spire_cluster clusters
reps_census	spire_cluster	size_bin	3-5Mb	1797	cell_LQ_to_MQ	0.000556483	0	0.00170845				census of SPIRE 95 % ANI MAG representatives; 6566 spire_cluster clusters
reps_census	spire_cluster	size_bin	3-5Mb	1797	cell_LQ_to_LQ	0	0	0				census of SPIRE 95 % ANI MAG representatives; 6566 spire_cluster clusters
reps_census	spire_cluster	size_bin	3-5Mb	1797	slope_d_comp_per_log10Mbp	20.2992	12.1364	28.6025				census of SPIRE 95 % ANI MAG representatives; 6566 spire_cluster clusters
reps_census	spire_cluster	size_bin	3-5Mb	1797	slope_d_cont_per_log10Mbp	9.02844	3.10174	15.3082				census of SPIRE 95 % ANI MAG representatives; 6566 spire_cluster clusters
reps_census	spire_cluster	size_bin	>5Mb	575	p_class_change	0.57913	0.53687	0.617598				census of SPIRE 95 % ANI MAG representatives; 6566 spire_cluster clusters
reps_census	spire_cluster	size_bin	>5Mb	575	p_downgrade	0.337391	0.298059	0.376534				census of SPIRE 95 % ANI MAG representatives; 6566 spire_cluster clusters
reps_census	spire_cluster	size_bin	>5Mb	575	p_upgrade	0.241739	0.207766	0.277231				census of SPIRE 95 % ANI MAG representatives; 6566 spire_cluster clusters
reps_census	spire_cluster	size_bin	>5Mb	575	p_HQ_checkm2	0.445217	0.404362	0.487139				census of SPIRE 95 % ANI MAG representatives; 6566 spire_cluster clusters
reps_census	spire_cluster	size_bin	>5Mb	575	p_HQ_magicc	0.525217	0.483534	0.565219				census of SPIRE 95 % ANI MAG representatives; 6566 spire_cluster clusters
reps_census	spire_cluster	size_bin	>5Mb	575	HQ_downgrade_rate	0.363281	0.306443	0.42324				census of SPIRE 95 % ANI MAG representatives; 6566 spire_cluster clusters
reps_census	spire_cluster	size_bin	>5Mb	575	HQ_to_MQ_rate	0.15625	0.113819	0.202904				census of SPIRE 95 % ANI MAG representatives; 6566 spire_cluster clusters
reps_census	spire_cluster	size_bin	>5Mb	575	HQ_to_LQ_rate	0.207031	0.159181	0.259393				census of SPIRE 95 % ANI MAG representatives; 6566 spire_cluster clusters
reps_census	spire_cluster	size_bin	>5Mb	575	MQ_to_HQ_rate	0.435737	0.382259	0.489166				census of SPIRE 95 % ANI MAG representatives; 6566 spire_cluster clusters
reps_census	spire_cluster	size_bin	>5Mb	575	MQ_to_LQ_rate	0.316614	0.265159	0.366667				census of SPIRE 95 % ANI MAG representatives; 6566 spire_cluster clusters
reps_census	spire_cluster	size_bin	>5Mb	575	LQ_to_higher_rate	nan	nan	nan				census of SPIRE 95 % ANI MAG representatives; 6566 spire_cluster clusters
reps_census	spire_cluster	size_bin	>5Mb	575	cont5_disagreement_rate	0.274924	0.226414	0.325505				census of SPIRE 95 % ANI MAG representatives; 6566 spire_cluster clusters
reps_census	spire_cluster	size_bin	>5Mb	575	floor_rate	0	0	0				census of SPIRE 95 % ANI MAG representatives; 6566 spire_cluster clusters
reps_census	spire_cluster	size_bin	>5Mb	575	floor_rate_exact50	0	0	0				census of SPIRE 95 % ANI MAG representatives; 6566 spire_cluster clusters
reps_census	spire_cluster	size_bin	>5Mb	575	mean_d_comp	3.93389	3.12563	4.7528				census of SPIRE 95 % ANI MAG representatives; 6566 spire_cluster clusters
reps_census	spire_cluster	size_bin	>5Mb	575	mean_d_cont	6.73044	5.26823	8.23169				census of SPIRE 95 % ANI MAG representatives; 6566 spire_cluster clusters
reps_census	spire_cluster	size_bin	>5Mb	575	mean_comp_checkm2	90.4749	89.6289	91.3509				census of SPIRE 95 % ANI MAG representatives; 6566 spire_cluster clusters
reps_census	spire_cluster	size_bin	>5Mb	575	mean_comp_magicc	94.4088	93.8235	95.0175				census of SPIRE 95 % ANI MAG representatives; 6566 spire_cluster clusters
reps_census	spire_cluster	size_bin	>5Mb	575	mean_cont_checkm2	4.37294	4.14065	4.6027				census of SPIRE 95 % ANI MAG representatives; 6566 spire_cluster clusters
reps_census	spire_cluster	size_bin	>5Mb	575	mean_cont_magicc	11.1034	9.60107	12.6593				census of SPIRE 95 % ANI MAG representatives; 6566 spire_cluster clusters
reps_census	spire_cluster	size_bin	>5Mb	575	cell_HQ_to_HQ	0.283478	0.245608	0.32036				census of SPIRE 95 % ANI MAG representatives; 6566 spire_cluster clusters
reps_census	spire_cluster	size_bin	>5Mb	575	cell_HQ_to_MQ	0.0695652	0.0501708	0.0912409				census of SPIRE 95 % ANI MAG representatives; 6566 spire_cluster clusters
reps_census	spire_cluster	size_bin	>5Mb	575	cell_HQ_to_LQ	0.0921739	0.0695951	0.116755				census of SPIRE 95 % ANI MAG representatives; 6566 spire_cluster clusters
reps_census	spire_cluster	size_bin	>5Mb	575	cell_MQ_to_HQ	0.241739	0.207766	0.277231				census of SPIRE 95 % ANI MAG representatives; 6566 spire_cluster clusters
reps_census	spire_cluster	size_bin	>5Mb	575	cell_MQ_to_MQ	0.137391	0.109564	0.166365				census of SPIRE 95 % ANI MAG representatives; 6566 spire_cluster clusters
reps_census	spire_cluster	size_bin	>5Mb	575	cell_MQ_to_LQ	0.175652	0.145022	0.206789				census of SPIRE 95 % ANI MAG representatives; 6566 spire_cluster clusters
reps_census	spire_cluster	size_bin	>5Mb	575	cell_LQ_to_HQ	0	0	0				census of SPIRE 95 % ANI MAG representatives; 6566 spire_cluster clusters
reps_census	spire_cluster	size_bin	>5Mb	575	cell_LQ_to_MQ	0	0	0				census of SPIRE 95 % ANI MAG representatives; 6566 spire_cluster clusters
reps_census	spire_cluster	size_bin	>5Mb	575	cell_LQ_to_LQ	0	0	0				census of SPIRE 95 % ANI MAG representatives; 6566 spire_cluster clusters
reps_census	spire_cluster	size_bin	>5Mb	575	slope_d_comp_per_log10Mbp	-3.0349	-15.1632	8.82878				census of SPIRE 95 % ANI MAG representatives; 6566 spire_cluster clusters
reps_census	spire_cluster	size_bin	>5Mb	575	slope_d_cont_per_log10Mbp	86.8301	66.1154	105.097				census of SPIRE 95 % ANI MAG representatives; 6566 spire_cluster clusters
