genome_id	true_completeness	true_contamination	dominant_accession	dominant_phylum	sample_type	n_contigs	total_length	ref_index	replicate	pred_completeness	pred_contamination	wall_clock_s	n_threads	tool
genome_0	81.582639	52.04302	GB_GCA_001029695.1	Patescibacteriota	set_c_clean	9	1387947	0	0	71.81668853759766	11.15051555633545	203.81	4	DeepCheck
genome_1	70.907389	41.767604	GB_GCA_001029695.1	Patescibacteriota	set_c_clean	201	1170336	0	1	52.58831787109375	5.997472763061523	203.81	4	DeepCheck
genome_2	76.773087	54.872661	GB_GCA_001029695.1	Patescibacteriota	set_c_clean	125	1367382	0	2	81.44853973388672	5.775383949279785	203.81	4	DeepCheck
genome_3	100.0	47.552622	GB_GCA_001029695.1	Patescibacteriota	set_c_clean	14	1532604	0	3	88.29183959960938	0.8867435455322266	203.81	4	DeepCheck
genome_4	100.0	67.72355	GB_GCA_001029695.1	Patescibacteriota	set_c_clean	8	1742116	0	4	96.51773834228516	23.593616485595703	203.81	4	DeepCheck
genome_5	66.324085	55.297718	GB_GCA_001029695.1	Patescibacteriota	set_c_clean	25	1263265	0	5	49.82889175415039	0.8820004463195801	203.81	4	DeepCheck
genome_6	79.793161	58.444203	GB_GCA_001029695.1	Patescibacteriota	set_c_clean	90	1435848	0	6	68.72842407226562	5.106521129608154	203.81	4	DeepCheck
genome_7	54.148667	13.15926	GB_GCA_001029695.1	Patescibacteriota	set_c_clean	4	699116	0	7	68.20069885253906	0.04343390464782715	203.81	4	DeepCheck
genome_8	100.0	85.04924	GB_GCA_001029695.1	Patescibacteriota	set_c_clean	25	1922075	0	8	77.1416244506836	7.522834777832031	203.81	4	DeepCheck
genome_9	100.0	25.561312	GB_GCA_001029695.1	Patescibacteriota	set_c_clean	4	1304184	0	9	87.84892272949219	1.792993426322937	203.81	4	DeepCheck
genome_10	84.08561	25.933787	GB_GCA_001777515.1	Patescibacteriota	set_c_clean	38	1011284	1	0	62.418643951416016	0.34810155630111694	203.81	4	DeepCheck
genome_11	61.136417	39.395466	GB_GCA_001777515.1	Patescibacteriota	set_c_clean	20	924076	1	1	48.02127456665039	0.20337998867034912	203.81	4	DeepCheck
genome_12	100.0	13.834943	GB_GCA_001777515.1	Patescibacteriota	set_c_clean	3	1046356	1	2	76.06809997558594	0.13792924582958221	203.81	4	DeepCheck
genome_13	100.0	9.522981	GB_GCA_001777515.1	Patescibacteriota	set_c_clean	5	1006721	1	3	70.77593994140625	0.08118711411952972	203.81	4	DeepCheck
genome_14	86.37274	84.928529	GB_GCA_001777515.1	Patescibacteriota	set_c_clean	70	1574579	1	4	75.90263366699219	12.148846626281738	203.81	4	DeepCheck
genome_15	62.246311	0.563759	GB_GCA_001777515.1	Patescibacteriota	set_c_clean	9	577342	1	5	53.76546859741211	-0.17906948924064636	203.81	4	DeepCheck
genome_16	70.723803	70.723803	GB_GCA_001777515.1	Patescibacteriota	set_c_clean	143	1300168	1	6	59.9925537109375	5.133257865905762	203.81	4	DeepCheck
genome_17	100.0	12.07491	GB_GCA_001777515.1	Patescibacteriota	set_c_clean	2	1030178	1	7	79.16130065917969	-0.5082391500473022	203.81	4	DeepCheck
genome_18	94.121544	22.537743	GB_GCA_001777515.1	Patescibacteriota	set_c_clean	40	1072317	1	8	68.85086822509766	1.6186915636062622	203.81	4	DeepCheck
genome_19	62.062671	62.062671	GB_GCA_001777515.1	Patescibacteriota	set_c_clean	27	1140944	1	9	53.30716323852539	4.816991329193115	203.81	4	DeepCheck
genome_20	100.0	67.686071	GB_GCA_001778095.1	Patescibacteriota	set_c_clean	4	1533085	2	0	74.1108169555664	4.954202651977539	203.81	4	DeepCheck
genome_21	70.318586	25.661	GB_GCA_001778095.1	Patescibacteriota	set_c_clean	2	877502	2	1	67.61981201171875	-0.013403594493865967	203.81	4	DeepCheck
genome_22	100.0	0.363245	GB_GCA_001778095.1	Patescibacteriota	set_c_clean	2	917580	2	2	85.4471435546875	0.08012428879737854	203.81	4	DeepCheck
genome_23	65.905941	34.691811	GB_GCA_001778095.1	Patescibacteriota	set_c_clean	17	919724	2	3	47.97093200683594	0.3423266112804413	203.81	4	DeepCheck
genome_24	53.414623	53.414623	GB_GCA_001778095.1	Patescibacteriota	set_c_clean	45	976696	2	4	50.7166633605957	2.1505188941955566	203.81	4	DeepCheck
genome_25	100.0	68.715758	GB_GCA_001778095.1	Patescibacteriota	set_c_clean	65	1542499	2	5	82.08878326416016	3.6470935344696045	203.81	4	DeepCheck
genome_26	100.0	71.580373	GB_GCA_001778095.1	Patescibacteriota	set_c_clean	20	1568689	2	6	75.26117706298828	5.121294975280762	203.81	4	DeepCheck
genome_27	100.0	11.786704	GB_GCA_001778095.1	Patescibacteriota	set_c_clean	4	1022020	2	7	81.50382995605469	0.5677476525306702	203.81	4	DeepCheck
genome_28	100.0	45.276995	GB_GCA_001778095.1	Patescibacteriota	set_c_clean	7	1328208	2	8	66.9174575805664	1.701436161994934	203.81	4	DeepCheck
genome_29	83.461907	7.2649	GB_GCA_001778095.1	Patescibacteriota	set_c_clean	49	829478	2	9	60.869956970214844	1.7182492017745972	203.81	4	DeepCheck
genome_30	50.072545	50.072545	GB_GCA_001779275.1	Patescibacteriota	set_c_clean	44	1360446	3	0	67.63932037353516	1.0131739377975464	203.81	4	DeepCheck
genome_31	100.0	58.818675	GB_GCA_001779275.1	Patescibacteriota	set_c_clean	33	2157512	3	1	71.12200164794922	4.972699165344238	203.81	4	DeepCheck
genome_32	55.371059	55.371059	GB_GCA_001779275.1	Patescibacteriota	set_c_clean	131	1504404	3	2	67.39413452148438	8.751380920410156	203.81	4	DeepCheck
genome_33	61.737463	15.105909	GB_GCA_001779275.1	Patescibacteriota	set_c_clean	29	1043898	3	3	44.17790222167969	0.3359660506248474	203.81	4	DeepCheck
genome_34	95.717772	44.772999	GB_GCA_001779275.1	Patescibacteriota	set_c_clean	16	1908532	3	4	64.42315673828125	2.375896692276001	203.81	4	DeepCheck
genome_35	52.45875	52.45875	GB_GCA_001779275.1	Patescibacteriota	set_c_clean	27	1425278	3	5	57.50745391845703	5.777319431304932	203.81	4	DeepCheck
genome_36	50.897808	2.339167	GB_GCA_001779275.1	Patescibacteriota	set_c_clean	29	723211	3	6	36.289058685302734	0.10786689817905426	203.81	4	DeepCheck
genome_37	100.0	71.965918	GB_GCA_001779275.1	Patescibacteriota	set_c_clean	2	2336114	3	7	88.91788482666016	17.8865966796875	203.81	4	DeepCheck
genome_38	100.0	16.650362	GB_GCA_001779275.1	Patescibacteriota	set_c_clean	2	1584666	3	8	86.41423797607422	1.716707706451416	203.81	4	DeepCheck
genome_39	100.0	46.925045	GB_GCA_001779275.1	Patescibacteriota	set_c_clean	19	1995940	3	9	74.23946380615234	6.479422569274902	203.81	4	DeepCheck
genome_40	100.0	18.691692	GB_GCA_001781415.1	Patescibacteriota	set_c_clean	4	1142728	4	0	86.76756286621094	1.2395821809768677	203.81	4	DeepCheck
genome_41	100.0	45.716734	GB_GCA_001781415.1	Patescibacteriota	set_c_clean	30	1402917	4	1	68.68241119384766	5.102574825286865	203.81	4	DeepCheck
genome_42	100.0	62.942447	GB_GCA_001781415.1	Patescibacteriota	set_c_clean	23	1568761	4	2	67.00979614257812	8.937429428100586	203.81	4	DeepCheck
genome_43	100.0	14.033154	GB_GCA_001781415.1	Patescibacteriota	set_c_clean	2	1097877	4	3	87.26612091064453	0.6503291130065918	203.81	4	DeepCheck
genome_44	100.0	34.911246	GB_GCA_001781415.1	Patescibacteriota	set_c_clean	16	1298885	4	4	73.67353820800781	0.791650652885437	203.81	4	DeepCheck
genome_45	80.886297	80.886297	GB_GCA_001781415.1	Patescibacteriota	set_c_clean	18	1557498	4	5	88.40338897705078	25.682518005371094	203.81	4	DeepCheck
genome_46	73.046834	49.455425	GB_GCA_001781415.1	Patescibacteriota	set_c_clean	4	1179415	4	6	50.83867263793945	3.5133843421936035	203.81	4	DeepCheck
genome_47	81.033996	43.823655	GB_GCA_001781415.1	Patescibacteriota	set_c_clean	109	1202092	4	7	58.81644058227539	0.780738115310669	203.81	4	DeepCheck
genome_48	72.575797	15.247775	GB_GCA_001781415.1	Patescibacteriota	set_c_clean	43	845539	4	8	61.305885314941406	0.05947500467300415	203.81	4	DeepCheck
genome_49	84.588843	28.516676	GB_GCA_001781415.1	Patescibacteriota	set_c_clean	5	1088946	4	9	58.896018981933594	5.008383274078369	203.81	4	DeepCheck
genome_50	100.0	56.288029	GB_GCA_001783805.1	Patescibacteriota	set_c_clean	4	1402957	5	0	71.2585678100586	2.107762098312378	203.81	4	DeepCheck
genome_51	66.764661	18.285926	GB_GCA_001783805.1	Patescibacteriota	set_c_clean	4	763477	5	1	58.868228912353516	0.4375767111778259	203.81	4	DeepCheck
genome_52	83.887358	83.887358	GB_GCA_001783805.1	Patescibacteriota	set_c_clean	16	1506070	5	2	61.35951232910156	3.676950454711914	203.81	4	DeepCheck
genome_53	59.027999	48.304284	GB_GCA_001783805.1	Patescibacteriota	set_c_clean	10	963494	5	3	64.2193832397461	10.392745971679688	203.81	4	DeepCheck
genome_54	100.0	0.774112	GB_GCA_001783805.1	Patescibacteriota	set_c_clean	2	904623	5	4	87.37400817871094	0.20856261253356934	203.81	4	DeepCheck
genome_55	63.967877	7.318247	GB_GCA_001783805.1	Patescibacteriota	set_c_clean	9	639917	5	5	56.2972297668457	-0.032783299684524536	203.81	4	DeepCheck
genome_56	66.28286	37.996088	GB_GCA_001783805.1	Patescibacteriota	set_c_clean	2	936085	5	6	60.449195861816406	5.081263065338135	203.81	4	DeepCheck
genome_57	100.0	26.856186	GB_GCA_001783805.1	Patescibacteriota	set_c_clean	2	1138755	5	7	89.74801635742188	14.396712303161621	203.81	4	DeepCheck
genome_58	100.0	16.175917	GB_GCA_001783805.1	Patescibacteriota	set_c_clean	5	1042881	5	8	88.17752838134766	0.5674101114273071	203.81	4	DeepCheck
genome_59	100.0	82.155326	GB_GCA_001783805.1	Patescibacteriota	set_c_clean	8	1635161	5	9	77.8318862915039	10.045985221862793	203.81	4	DeepCheck
genome_60	100.0	68.219694	GB_GCA_001785375.1	Patescibacteriota	set_c_clean	4	1247418	6	0	61.519073486328125	1.1806666851043701	203.81	4	DeepCheck
genome_61	77.375492	49.258234	GB_GCA_001785375.1	Patescibacteriota	set_c_clean	118	939041	6	1	55.838348388671875	3.1753034591674805	203.81	4	DeepCheck
genome_62	100.0	26.296995	GB_GCA_001785375.1	Patescibacteriota	set_c_clean	3	936544	6	2	73.9105224609375	0.02167820930480957	203.81	4	DeepCheck
genome_63	100.0	65.631705	GB_GCA_001785375.1	Patescibacteriota	set_c_clean	111	1228227	6	3	72.39964294433594	4.861452579498291	203.81	4	DeepCheck
genome_64	83.101541	46.491428	GB_GCA_001785375.1	Patescibacteriota	set_c_clean	8	960985	6	4	56.646514892578125	0.05386844277381897	203.81	4	DeepCheck
genome_65	100.0	19.870108	GB_GCA_001785375.1	Patescibacteriota	set_c_clean	5	888886	6	5	70.68831634521484	0.3420300781726837	203.81	4	DeepCheck
genome_66	74.260897	49.943698	GB_GCA_001785375.1	Patescibacteriota	set_c_clean	6	921028	6	6	51.38850784301758	2.0642988681793213	203.81	4	DeepCheck
genome_67	87.28189	25.587392	GB_GCA_001785375.1	Patescibacteriota	set_c_clean	30	836972	6	7	62.61543655395508	-1.0876439809799194	203.81	4	DeepCheck
genome_68	76.457135	33.996906	GB_GCA_001785375.1	Patescibacteriota	set_c_clean	10	819062	6	8	64.25003051757812	2.5291144847869873	203.81	4	DeepCheck
genome_69	79.559458	79.559458	GB_GCA_001785375.1	Patescibacteriota	set_c_clean	30	1179932	6	9	50.81877899169922	1.0503407716751099	203.81	4	DeepCheck
genome_70	84.86044	13.283604	GB_GCA_001786215.1	Patescibacteriota	set_c_clean	47	628380	7	0	57.94101333618164	1.2042678594589233	203.81	4	DeepCheck
genome_71	100.0	28.280878	GB_GCA_001786215.1	Patescibacteriota	set_c_clean	2	821335	7	1	66.79550170898438	4.7317328453063965	203.81	4	DeepCheck
genome_72	100.0	0.0	GB_GCA_001786215.1	Patescibacteriota	set_c_clean	1	640263	7	2	77.05146789550781	0.44356250762939453	203.81	4	DeepCheck
genome_73	74.340857	15.87457	GB_GCA_001786215.1	Patescibacteriota	set_c_clean	4	577616	7	3	57.31464767456055	0.0001214444637298584	203.81	4	DeepCheck
genome_74	60.594474	60.594318	GB_GCA_001786215.1	Patescibacteriota	set_c_clean	21	775927	7	4	55.311519622802734	1.0673396587371826	203.81	4	DeepCheck
genome_75	90.383952	85.821139	GB_GCA_001786215.1	Patescibacteriota	set_c_clean	21	1128176	7	5	65.71286010742188	5.203996181488037	203.81	4	DeepCheck
genome_76	72.627186	14.490764	GB_GCA_001786215.1	Patescibacteriota	set_c_clean	8	557784	7	6	71.634765625	3.3382303714752197	203.81	4	DeepCheck
genome_77	100.0	20.537186	GB_GCA_001786215.1	Patescibacteriota	set_c_clean	6	771755	7	7	81.01702880859375	6.678678035736084	203.81	4	DeepCheck
genome_78	89.044971	48.290312	GB_GCA_001786215.1	Patescibacteriota	set_c_clean	57	879307	7	8	51.782535552978516	1.7608623504638672	203.81	4	DeepCheck
genome_79	59.729674	36.625574	GB_GCA_001786215.1	Patescibacteriota	set_c_clean	25	616927	7	9	43.78621292114258	1.2528516054153442	203.81	4	DeepCheck
genome_80	100.0	32.57028	GB_GCA_001790385.1	Patescibacteriota	set_c_clean	31	1468363	8	0	89.56611633300781	6.694003105163574	203.81	4	DeepCheck
genome_81	100.0	69.849884	GB_GCA_001790385.1	Patescibacteriota	set_c_clean	32	1881276	8	1	85.25660705566406	17.67212677001953	203.81	4	DeepCheck
genome_82	86.944424	21.849729	GB_GCA_001790385.1	Patescibacteriota	set_c_clean	45	1205016	8	2	67.38282775878906	8.053784370422363	203.81	4	DeepCheck
genome_83	85.402817	81.706935	GB_GCA_001790385.1	Patescibacteriota	set_c_clean	32	1850926	8	3	63.29221725463867	2.6588902473449707	203.81	4	DeepCheck
genome_84	100.0	79.954154	GB_GCA_001790385.1	Patescibacteriota	set_c_clean	3	1993192	8	4	78.23883056640625	9.586577415466309	203.81	4	DeepCheck
genome_85	85.637196	85.637196	GB_GCA_001790385.1	Patescibacteriota	set_c_clean	13	1897054	8	5	85.51445770263672	14.077740669250488	203.81	4	DeepCheck
genome_86	100.0	42.958313	GB_GCA_001790385.1	Patescibacteriota	set_c_clean	8	1583422	8	6	72.59815979003906	2.1739442348480225	203.81	4	DeepCheck
genome_87	68.929164	53.75389	GB_GCA_001790385.1	Patescibacteriota	set_c_clean	23	1358851	8	7	60.33665084838867	2.9975810050964355	203.81	4	DeepCheck
genome_88	100.0	0.555791	GB_GCA_001790385.1	Patescibacteriota	set_c_clean	3	1113767	8	8	98.5272445678711	0.445721298456192	203.81	4	DeepCheck
genome_89	77.44208	62.520777	GB_GCA_001790385.1	Patescibacteriota	set_c_clean	35	1550244	8	9	68.9205322265625	10.25715160369873	203.81	4	DeepCheck
genome_90	72.368893	72.368893	GB_GCA_001791305.1	Patescibacteriota	set_c_clean	9	1549528	9	0	67.19709014892578	5.000177383422852	203.81	4	DeepCheck
genome_91	72.339189	22.394113	GB_GCA_001791305.1	Patescibacteriota	set_c_clean	15	1014192	9	1	65.75980377197266	5.319869041442871	203.81	4	DeepCheck
genome_92	65.451495	55.781094	GB_GCA_001791305.1	Patescibacteriota	set_c_clean	15	1297887	9	2	66.52485656738281	0.7417563199996948	203.81	4	DeepCheck
genome_93	100.0	15.513238	GB_GCA_001791305.1	Patescibacteriota	set_c_clean	3	1236657	9	3	85.34599304199219	5.214033126831055	203.81	4	DeepCheck
genome_94	79.578844	78.433946	GB_GCA_001791305.1	Patescibacteriota	set_c_clean	28	1691647	9	4	60.06578063964844	4.920535564422607	203.81	4	DeepCheck
genome_95	100.0	91.584624	GB_GCA_001791305.1	Patescibacteriota	set_c_clean	62	2051059	9	5	73.87589263916016	14.829561233520508	203.81	4	DeepCheck
genome_96	85.787557	17.205504	GB_GCA_001791305.1	Patescibacteriota	set_c_clean	8	1102619	9	6	74.26539611816406	1.634484887123108	203.81	4	DeepCheck
genome_97	52.470633	23.31614	GB_GCA_001791305.1	Patescibacteriota	set_c_clean	3	811355	9	7	45.08094787597656	0.29685720801353455	203.81	4	DeepCheck
genome_98	100.0	41.534277	GB_GCA_001791305.1	Patescibacteriota	set_c_clean	14	1515232	9	8	81.91449737548828	6.621300220489502	203.81	4	DeepCheck
genome_99	64.78746	20.335221	GB_GCA_001791305.1	Patescibacteriota	set_c_clean	4	911303	9	9	55.989585876464844	0.33949166536331177	203.81	4	DeepCheck
genome_100	71.024742	45.040578	GB_GCA_001794215.1	Patescibacteriota	set_c_clean	5	1126819	10	0	48.22560501098633	1.8865339756011963	203.81	4	DeepCheck
genome_101	91.037123	91.037123	GB_GCA_001794215.1	Patescibacteriota	set_c_clean	59	1767666	10	1	74.20108032226562	8.82183837890625	203.81	4	DeepCheck
genome_102	66.671851	66.671851	GB_GCA_001794215.1	Patescibacteriota	set_c_clean	32	1294566	10	2	44.08903503417969	1.6715019941329956	203.81	4	DeepCheck
genome_103	51.057167	25.151491	GB_GCA_001794215.1	Patescibacteriota	set_c_clean	3	739871	10	3	53.19424819946289	7.890769004821777	203.81	4	DeepCheck
genome_104	100.0	11.726437	GB_GCA_001794215.1	Patescibacteriota	set_c_clean	3	1084695	10	4	84.61250305175781	1.3473182916641235	203.81	4	DeepCheck
genome_105	100.0	35.534774	GB_GCA_001794215.1	Patescibacteriota	set_c_clean	2	1315838	10	5	62.48549270629883	1.9504576921463013	203.81	4	DeepCheck
genome_106	100.0	7.939649	GB_GCA_001794215.1	Patescibacteriota	set_c_clean	3	1047931	10	6	83.92892456054688	1.062260627746582	203.81	4	DeepCheck
genome_107	100.0	35.095159	GB_GCA_001794215.1	Patescibacteriota	set_c_clean	4	1311570	10	7	61.3621711730957	1.8564634323120117	203.81	4	DeepCheck
genome_108	81.014246	25.535485	GB_GCA_001794215.1	Patescibacteriota	set_c_clean	88	1034437	10	8	68.3834457397461	6.3970046043396	203.81	4	DeepCheck
genome_109	84.148513	31.286225	GB_GCA_001794215.1	Patescibacteriota	set_c_clean	102	1120697	10	9	61.207794189453125	2.0049941539764404	203.81	4	DeepCheck
genome_110	100.0	52.725475	GB_GCA_001819715.1	Patescibacteriota	set_c_clean	2	1339155	11	0	73.06815338134766	4.053469657897949	203.81	4	DeepCheck
genome_111	94.38471	64.753352	GB_GCA_001819715.1	Patescibacteriota	set_c_clean	4	1395383	11	1	53.923988342285156	1.057317852973938	203.81	4	DeepCheck
genome_112	100.0	64.743887	GB_GCA_001819715.1	Patescibacteriota	set_c_clean	9	1444537	11	2	68.89908599853516	5.102688312530518	203.81	4	DeepCheck
genome_113	100.0	31.191052	GB_GCA_001819715.1	Patescibacteriota	set_c_clean	7	1150333	11	3	72.93999481201172	7.112022399902344	203.81	4	DeepCheck
genome_114	83.415066	83.415066	GB_GCA_001819715.1	Patescibacteriota	set_c_clean	89	1462830	11	4	55.17938232421875	4.269373893737793	203.81	4	DeepCheck
genome_115	57.567532	40.215981	GB_GCA_001819715.1	Patescibacteriota	set_c_clean	5	857403	11	5	31.70085906982422	0.21290667355060577	203.81	4	DeepCheck
genome_116	66.006035	43.454891	GB_GCA_001819715.1	Patescibacteriota	set_c_clean	13	959795	11	6	48.99213409423828	1.111851692199707	203.81	4	DeepCheck
genome_117	100.0	63.993577	GB_GCA_001819715.1	Patescibacteriota	set_c_clean	54	1437958	11	7	67.80487060546875	0.9092602729797363	203.81	4	DeepCheck
genome_118	86.587146	32.074796	GB_GCA_001819715.1	Patescibacteriota	set_c_clean	26	1040473	11	8	71.01942443847656	0.925389289855957	203.81	4	DeepCheck
genome_119	68.737783	16.703085	GB_GCA_001819715.1	Patescibacteriota	set_c_clean	15	749178	11	9	44.90460205078125	4.12957763671875	203.81	4	DeepCheck
genome_120	89.071804	13.444446	GB_GCA_001822065.1	Patescibacteriota	set_c_clean	4	857001	12	0	85.78004455566406	1.1621818542480469	203.81	4	DeepCheck
genome_121	100.0	41.840577	GB_GCA_001822065.1	Patescibacteriota	set_c_clean	11	1185739	12	1	83.26081848144531	1.636252522468567	203.81	4	DeepCheck
genome_122	70.74905	29.879445	GB_GCA_001822065.1	Patescibacteriota	set_c_clean	17	841220	12	2	63.70396423339844	4.9354729652404785	203.81	4	DeepCheck
genome_123	92.198128	83.548254	GB_GCA_001822065.1	Patescibacteriota	set_c_clean	10	1469180	12	3	58.60603332519531	3.5257248878479004	203.81	4	DeepCheck
genome_124	84.690765	66.731063	GB_GCA_001822065.1	Patescibacteriota	set_c_clean	35	1265835	12	4	60.1245002746582	3.601637363433838	203.81	4	DeepCheck
genome_125	69.257482	9.478854	GB_GCA_001822065.1	Patescibacteriota	set_c_clean	13	658209	12	5	42.79800796508789	1.5246291160583496	203.81	4	DeepCheck
genome_126	100.0	13.120749	GB_GCA_001822065.1	Patescibacteriota	set_c_clean	5	945651	12	6	83.43693542480469	0.6980664730072021	203.81	4	DeepCheck
genome_127	100.0	26.754079	GB_GCA_001822065.1	Patescibacteriota	set_c_clean	3	1059621	12	7	79.02719116210938	4.256534576416016	203.81	4	DeepCheck
genome_128	85.906843	57.197542	GB_GCA_001822065.1	Patescibacteriota	set_c_clean	125	1196304	12	8	55.6438102722168	5.424355983734131	203.81	4	DeepCheck
genome_129	100.0	18.526471	GB_GCA_001822065.1	Patescibacteriota	set_c_clean	4	990841	12	9	78.3645248413086	3.403970718383789	203.81	4	DeepCheck
genome_130	54.743755	8.47078	GB_GCA_002396685.1	Patescibacteriota	set_c_clean	5	525498	13	0	41.28666687011719	0.17744898796081543	203.81	4	DeepCheck
genome_131	78.671419	70.450732	GB_GCA_002396685.1	Patescibacteriota	set_c_clean	16	1239642	13	1	57.17477798461914	3.869483709335327	203.81	4	DeepCheck
genome_132	100.0	78.93739	GB_GCA_002396685.1	Patescibacteriota	set_c_clean	13	1487494	13	2	94.38160705566406	14.810818672180176	203.81	4	DeepCheck
genome_133	100.0	84.990611	GB_GCA_002396685.1	Patescibacteriota	set_c_clean	45	1537814	13	3	65.27169036865234	1.3149566650390625	203.81	4	DeepCheck
genome_134	67.713069	67.713069	GB_GCA_002396685.1	Patescibacteriota	set_c_clean	38	1125788	13	4	54.55284118652344	4.874760627746582	203.81	4	DeepCheck
genome_135	69.277258	65.730976	GB_GCA_002396685.1	Patescibacteriota	set_c_clean	6	1122314	13	5	51.534271240234375	2.1494860649108887	203.81	4	DeepCheck
genome_136	61.464369	61.464369	GB_GCA_002396685.1	Patescibacteriota	set_c_clean	4	1021898	13	6	47.43324661254883	0.281505286693573	203.81	4	DeepCheck
genome_137	51.964229	37.495925	GB_GCA_002396685.1	Patescibacteriota	set_c_clean	22	743676	13	7	46.432804107666016	0.16702376306056976	203.81	4	DeepCheck
genome_138	80.834555	20.720011	GB_GCA_002396685.1	Patescibacteriota	set_c_clean	57	844216	13	8	56.89009475708008	0.045765191316604614	203.81	4	DeepCheck
genome_139	81.161756	48.756335	GB_GCA_002396685.1	Patescibacteriota	set_c_clean	24	1080000	13	9	62.594234466552734	0.20744241774082184	203.81	4	DeepCheck
genome_140	74.919644	74.919644	GB_GCA_002404315.1	Patescibacteriota	set_c_clean	92	1088052	14	0	55.500518798828125	4.238119125366211	203.81	4	DeepCheck
genome_141	86.350954	78.182487	GB_GCA_002404315.1	Patescibacteriota	set_c_clean	60	1194753	14	1	71.02982330322266	8.847797393798828	203.81	4	DeepCheck
genome_142	70.32897	30.441399	GB_GCA_002404315.1	Patescibacteriota	set_c_clean	25	731740	14	2	56.75624084472656	0.3955535590648651	203.81	4	DeepCheck
genome_143	84.26804	74.139498	GB_GCA_002404315.1	Patescibacteriota	set_c_clean	13	1150270	14	3	75.64353942871094	5.443251132965088	203.81	4	DeepCheck
genome_144	100.0	90.393392	GB_GCA_002404315.1	Patescibacteriota	set_c_clean	12	1382534	14	4	75.86351776123047	7.650331974029541	203.81	4	DeepCheck
genome_145	100.0	61.63127	GB_GCA_002404315.1	Patescibacteriota	set_c_clean	10	1173679	14	5	81.10334777832031	3.6963798999786377	203.81	4	DeepCheck
genome_146	52.661861	52.661724	GB_GCA_002404315.1	Patescibacteriota	set_c_clean	84	764803	14	6	35.49525451660156	0.5758360028266907	203.81	4	DeepCheck
genome_147	69.521419	3.880211	GB_GCA_002404315.1	Patescibacteriota	set_c_clean	2	533003	14	7	72.17057037353516	-0.0066183507442474365	203.81	4	DeepCheck
genome_148	71.675669	71.675531	GB_GCA_002404315.1	Patescibacteriota	set_c_clean	45	1040939	14	8	78.17745208740234	5.250553131103516	203.81	4	DeepCheck
genome_149	100.0	20.517637	GB_GCA_002404315.1	Patescibacteriota	set_c_clean	8	875134	14	9	93.83995819091797	0.35646259784698486	203.81	4	DeepCheck
genome_150	68.389793	32.352935	GB_GCA_002434045.1	Patescibacteriota	set_c_clean	37	905254	15	0	64.28555297851562	0.6385091543197632	203.81	4	DeepCheck
genome_151	77.2885	77.2885	GB_GCA_002434045.1	Patescibacteriota	set_c_clean	7	1388998	15	1	59.675323486328125	7.791252613067627	203.81	4	DeepCheck
genome_152	76.378731	64.821941	GB_GCA_002434045.1	Patescibacteriota	set_c_clean	5	1268801	15	2	64.14165496826172	8.000818252563477	203.81	4	DeepCheck
genome_153	100.0	29.210643	GB_GCA_002434045.1	Patescibacteriota	set_c_clean	4	1161061	15	3	89.09412384033203	2.3017189502716064	203.81	4	DeepCheck
genome_154	81.287031	76.536313	GB_GCA_002434045.1	Patescibacteriota	set_c_clean	142	1418169	15	4	54.722412109375	2.9618046283721924	203.81	4	DeepCheck
genome_155	89.448352	7.317323	GB_GCA_002434045.1	Patescibacteriota	set_c_clean	2	869517	15	5	86.55851745605469	1.3354763984680176	203.81	4	DeepCheck
genome_156	75.368359	32.250996	GB_GCA_002434045.1	Patescibacteriota	set_c_clean	54	967046	15	6	69.56706237792969	0.10723546147346497	203.81	4	DeepCheck
genome_157	56.782034	27.070266	GB_GCA_002434045.1	Patescibacteriota	set_c_clean	3	753480	15	7	39.694236755371094	2.3222386837005615	203.81	4	DeepCheck
genome_158	75.956287	75.956175	GB_GCA_002434045.1	Patescibacteriota	set_c_clean	60	1365055	15	8	49.2906494140625	4.45549201965332	203.81	4	DeepCheck
genome_159	88.086537	17.477687	GB_GCA_002434045.1	Patescibacteriota	set_c_clean	68	948579	15	9	84.78852081298828	0.4568710923194885	203.81	4	DeepCheck
genome_160	100.0	27.447557	GB_GCA_002787695.1	Patescibacteriota	set_c_clean	3	859997	16	0	83.19701385498047	0.3813602030277252	203.81	4	DeepCheck
genome_161	100.0	10.494157	GB_GCA_002787695.1	Patescibacteriota	set_c_clean	4	745598	16	1	79.655517578125	0.18713697791099548	203.81	4	DeepCheck
genome_162	100.0	85.643279	GB_GCA_002787695.1	Patescibacteriota	set_c_clean	11	1252693	16	2	64.32222747802734	0.21791383624076843	203.81	4	DeepCheck
genome_163	100.0	29.571938	GB_GCA_002787695.1	Patescibacteriota	set_c_clean	3	874332	16	3	79.40403747558594	6.236949443817139	203.81	4	DeepCheck
genome_164	100.0	36.937247	GB_GCA_002787695.1	Patescibacteriota	set_c_clean	10	924032	16	4	78.2689437866211	0.4712149500846863	203.81	4	DeepCheck
genome_165	100.0	3.819291	GB_GCA_002787695.1	Patescibacteriota	set_c_clean	6	700557	16	5	83.4083023071289	0.2817966043949127	203.81	4	DeepCheck
genome_166	100.0	18.576287	GB_GCA_002787695.1	Patescibacteriota	set_c_clean	3	800135	16	6	75.35160827636719	0.9037315845489502	203.81	4	DeepCheck
genome_167	100.0	57.645769	GB_GCA_002787695.1	Patescibacteriota	set_c_clean	6	1063770	16	7	81.31745910644531	1.4353364706039429	203.81	4	DeepCheck
genome_168	52.608164	34.022985	GB_GCA_002787695.1	Patescibacteriota	set_c_clean	40	584574	16	8	50.5162239074707	0.4023272395133972	203.81	4	DeepCheck
genome_169	97.888216	9.540669	GB_GCA_002787695.1	Patescibacteriota	set_c_clean	2	724914	16	9	83.81927490234375	0.263417512178421	203.81	4	DeepCheck
genome_170	78.329365	78.329365	GB_GCA_003484955.1	Patescibacteriota	set_c_clean	27	1175788	17	0	65.17108917236328	5.555553436279297	203.81	4	DeepCheck
genome_171	79.123592	12.677655	GB_GCA_003484955.1	Patescibacteriota	set_c_clean	40	689006	17	1	67.92459106445312	2.2142951488494873	203.81	4	DeepCheck
genome_172	100.0	82.23668	GB_GCA_003484955.1	Patescibacteriota	set_c_clean	4	1367761	17	2	64.7498779296875	9.847379684448242	203.81	4	DeepCheck
genome_173	90.509779	9.541517	GB_GCA_003484955.1	Patescibacteriota	set_c_clean	55	750926	17	3	80.83085632324219	0.23992657661437988	203.81	4	DeepCheck
genome_174	57.107873	57.107873	GB_GCA_003484955.1	Patescibacteriota	set_c_clean	8	857236	17	4	32.5850715637207	0.170203298330307	203.81	4	DeepCheck
genome_175	88.155211	49.248342	GB_GCA_003484955.1	Patescibacteriota	set_c_clean	42	1031270	17	5	58.1639518737793	0.17004460096359253	203.81	4	DeepCheck
genome_176	100.0	4.206299	GB_GCA_003484955.1	Patescibacteriota	set_c_clean	4	782111	17	6	87.94120025634766	0.29277727007865906	203.81	4	DeepCheck
genome_177	76.461779	60.242678	GB_GCA_003484955.1	Patescibacteriota	set_c_clean	40	1026023	17	7	57.1192512512207	1.1225812435150146	203.81	4	DeepCheck
genome_178	72.990549	72.990549	GB_GCA_003484955.1	Patescibacteriota	set_c_clean	28	1095648	17	8	56.70177459716797	6.274194240570068	203.81	4	DeepCheck
genome_179	100.0	58.587472	GB_GCA_003484955.1	Patescibacteriota	set_c_clean	67	1190264	17	9	72.28727722167969	9.831658363342285	203.81	4	DeepCheck
genome_180	100.0	29.297015	GB_GCA_003487225.1	Patescibacteriota	set_c_clean	11	752753	18	0	74.29869842529297	5.043750286102295	203.81	4	DeepCheck
genome_181	100.0	40.783663	GB_GCA_003487225.1	Patescibacteriota	set_c_clean	10	819627	18	1	64.92605590820312	0.08264593780040741	203.81	4	DeepCheck
genome_182	58.005046	13.755155	GB_GCA_003487225.1	Patescibacteriota	set_c_clean	10	417780	18	2	53.407554626464844	0.27053728699684143	203.81	4	DeepCheck
genome_183	90.89866	83.618378	GB_GCA_003487225.1	Patescibacteriota	set_c_clean	6	1016019	18	3	58.06555938720703	1.485713243484497	203.81	4	DeepCheck
genome_184	100.0	72.733082	GB_GCA_003487225.1	Patescibacteriota	set_c_clean	7	1005633	18	4	60.125003814697266	0.24963989853858948	203.81	4	DeepCheck
genome_185	76.435144	39.10809	GB_GCA_003487225.1	Patescibacteriota	set_c_clean	27	672680	18	5	46.352840423583984	1.1278793811798096	203.81	4	DeepCheck
genome_186	100.0	22.381392	GB_GCA_003487225.1	Patescibacteriota	set_c_clean	2	712491	18	6	70.39031982421875	1.876568078994751	203.81	4	DeepCheck
genome_187	100.0	48.798242	GB_GCA_003487225.1	Patescibacteriota	set_c_clean	24	866287	18	7	57.621002197265625	-0.0567510724067688	203.81	4	DeepCheck
genome_188	100.0	35.24474	GB_GCA_003487225.1	Patescibacteriota	set_c_clean	6	787380	18	8	78.52074432373047	0.5273647308349609	203.81	4	DeepCheck
genome_189	100.0	15.717061	GB_GCA_003487225.1	Patescibacteriota	set_c_clean	2	673692	18	9	68.62120819091797	-0.06194561719894409	203.81	4	DeepCheck
genome_190	100.0	34.909154	GB_GCA_003504275.1	Patescibacteriota	set_c_clean	2	1196485	19	0	87.9249038696289	8.616273880004883	203.81	4	DeepCheck
genome_191	70.051371	47.245519	GB_GCA_003504275.1	Patescibacteriota	set_c_clean	16	1040285	19	1	55.37241744995117	2.113213300704956	203.81	4	DeepCheck
genome_192	62.783099	24.012552	GB_GCA_003504275.1	Patescibacteriota	set_c_clean	3	769775	19	2	55.37063980102539	1.1297955513000488	203.81	4	DeepCheck
genome_193	85.669458	18.510693	GB_GCA_003504275.1	Patescibacteriota	set_c_clean	40	923955	19	3	68.1165542602539	0.07040724158287048	203.81	4	DeepCheck
genome_194	100.0	33.313	GB_GCA_003504275.1	Patescibacteriota	set_c_clean	69	1182329	19	4	67.8475341796875	0.09609311819076538	203.81	4	DeepCheck
genome_195	65.008761	37.046304	GB_GCA_003504275.1	Patescibacteriota	set_c_clean	5	905108	19	5	45.93524932861328	0.3440130352973938	203.81	4	DeepCheck
genome_196	100.0	52.585011	GB_GCA_003504275.1	Patescibacteriota	set_c_clean	14	1353249	19	6	71.19527435302734	7.937058925628662	203.81	4	DeepCheck
genome_197	100.0	7.494909	GB_GCA_003504275.1	Patescibacteriota	set_c_clean	3	953353	19	7	90.46961975097656	0.19936487078666687	203.81	4	DeepCheck
genome_198	100.0	14.43236	GB_GCA_003504275.1	Patescibacteriota	set_c_clean	3	1014880	19	8	76.06829071044922	0.8805185556411743	203.81	4	DeepCheck
genome_199	100.0	22.140939	GB_GCA_003504275.1	Patescibacteriota	set_c_clean	3	1083246	19	9	73.87947082519531	3.386617422103882	203.81	4	DeepCheck
genome_200	66.011094	52.098621	GB_GCA_003551845.1	Patescibacteriota	set_c_clean	27	1020801	20	0	68.6506118774414	7.798625469207764	203.81	4	DeepCheck
genome_201	100.0	27.328696	GB_GCA_003551845.1	Patescibacteriota	set_c_clean	19	1100479	20	1	74.24713134765625	2.0474021434783936	203.81	4	DeepCheck
genome_202	71.674407	45.874842	GB_GCA_003551845.1	Patescibacteriota	set_c_clean	6	1015957	20	2	67.3476791381836	5.331179141998291	203.81	4	DeepCheck
genome_203	68.243583	1.205509	GB_GCA_003551845.1	Patescibacteriota	set_c_clean	65	600236	20	3	63.89361572265625	-0.027494877576828003	203.81	4	DeepCheck
genome_204	62.642054	11.913357	GB_GCA_003551845.1	Patescibacteriota	set_c_clean	7	644369	20	4	74.84819030761719	-0.06130784749984741	203.81	4	DeepCheck
genome_205	69.0019	69.0019	GB_GCA_003551845.1	Patescibacteriota	set_c_clean	20	1192742	20	5	50.912593841552734	1.837119460105896	203.81	4	DeepCheck
genome_206	100.0	2.947418	GB_GCA_003551845.1	Patescibacteriota	set_c_clean	2	889756	20	6	85.80896759033203	0.16343221068382263	203.81	4	DeepCheck
genome_207	85.223341	25.724358	GB_GCA_003551845.1	Patescibacteriota	set_c_clean	34	958901	20	7	80.81489562988281	-0.10340958833694458	203.81	4	DeepCheck
genome_208	66.430054	66.430054	GB_GCA_003551845.1	Patescibacteriota	set_c_clean	55	1148286	20	8	52.457557678222656	1.9327208995819092	203.81	4	DeepCheck
genome_209	100.0	2.597995	GB_GCA_003551845.1	Patescibacteriota	set_c_clean	3	886736	20	9	83.88553619384766	0.21251216530799866	203.81	4	DeepCheck
genome_210	65.251026	3.040686	GB_GCA_005239865.1	Patescibacteriota	set_c_clean	50	684425	21	0	54.93242645263672	-0.07818862795829773	203.81	4	DeepCheck
genome_211	100.0	95.010916	GB_GCA_005239865.1	Patescibacteriota	set_c_clean	8	1954415	21	1	55.97980499267578	4.857118129730225	203.81	4	DeepCheck
genome_212	100.0	33.514101	GB_GCA_005239865.1	Patescibacteriota	set_c_clean	82	1338089	21	2	75.30693054199219	7.991577625274658	203.81	4	DeepCheck
genome_213	75.542203	75.542203	GB_GCA_005239865.1	Patescibacteriota	set_c_clean	45	1514180	21	3	53.123897552490234	5.007465362548828	203.81	4	DeepCheck
genome_214	80.28553	39.501581	GB_GCA_005239865.1	Patescibacteriota	set_c_clean	46	1200516	21	4	58.5279655456543	3.002906560897827	203.81	4	DeepCheck
genome_215	100.0	53.869556	GB_GCA_005239865.1	Patescibacteriota	set_c_clean	3	1542093	21	5	79.32018280029297	10.91606616973877	203.81	4	DeepCheck
genome_216	68.435395	68.435395	GB_GCA_005239865.1	Patescibacteriota	set_c_clean	15	1371730	21	6	45.163856506347656	2.0974345207214355	203.81	4	DeepCheck
genome_217	100.0	77.004574	GB_GCA_005239865.1	Patescibacteriota	set_c_clean	39	1773954	21	7	67.5093002319336	4.978785514831543	203.81	4	DeepCheck
genome_218	78.969735	34.081548	GB_GCA_005239865.1	Patescibacteriota	set_c_clean	94	1133009	21	8	61.97298812866211	5.292356967926025	203.81	4	DeepCheck
genome_219	75.835356	58.201691	GB_GCA_005239865.1	Patescibacteriota	set_c_clean	92	1343330	21	9	68.20059204101562	5.215412139892578	203.81	4	DeepCheck
genome_220	100.0	69.45141	GB_GCA_009994005.1	Patescibacteriota	set_c_clean	57	2410570	22	0	72.61318969726562	5.065521717071533	203.81	4	DeepCheck
genome_221	100.0	53.545864	GB_GCA_009994005.1	Patescibacteriota	set_c_clean	13	2184302	22	1	80.23985290527344	9.397003173828125	203.81	4	DeepCheck
genome_222	78.733253	41.314295	GB_GCA_009994005.1	Patescibacteriota	set_c_clean	82	1707764	22	2	68.63899230957031	9.447094917297363	203.81	4	DeepCheck
genome_223	100.0	93.874269	GB_GCA_009994005.1	Patescibacteriota	set_c_clean	35	2758003	22	3	72.27780151367188	8.023944854736328	203.81	4	DeepCheck
genome_224	86.214978	12.46516	GB_GCA_009994005.1	Patescibacteriota	set_c_clean	5	1403797	22	4	61.697166442871094	-0.04018619656562805	203.81	4	DeepCheck
genome_225	86.760117	76.708752	GB_GCA_009994005.1	Patescibacteriota	set_c_clean	71	2325464	22	5	63.27703094482422	5.277898788452148	203.81	4	DeepCheck
genome_226	52.329687	52.329617	GB_GCA_009994005.1	Patescibacteriota	set_c_clean	57	1488855	22	6	61.121578216552734	14.8875150680542	203.81	4	DeepCheck
genome_227	73.011438	16.834004	GB_GCA_009994005.1	Patescibacteriota	set_c_clean	13	1278117	22	7	58.11767578125	-0.013063102960586548	203.81	4	DeepCheck
genome_228	100.0	45.19044	GB_GCA_009994005.1	Patescibacteriota	set_c_clean	3	2065440	22	8	72.61288452148438	0.2566918730735779	203.81	4	DeepCheck
genome_229	100.0	68.616936	GB_GCA_009994005.1	Patescibacteriota	set_c_clean	134	2398699	22	9	75.64933013916016	9.739928245544434	203.81	4	DeepCheck
genome_230	100.0	41.873634	GB_GCA_013100845.1	Patescibacteriota	set_c_clean	13	1203087	23	0	82.33393096923828	9.146099090576172	203.81	4	DeepCheck
genome_231	85.086185	45.096987	GB_GCA_013100845.1	Patescibacteriota	set_c_clean	77	1103952	23	1	79.00975799560547	9.255019187927246	203.81	4	DeepCheck
genome_232	85.087364	42.569272	GB_GCA_013100845.1	Patescibacteriota	set_c_clean	11	1082527	23	2	67.81666564941406	5.612574100494385	203.81	4	DeepCheck
genome_233	79.8975	79.8975	GB_GCA_013100845.1	Patescibacteriota	set_c_clean	41	1355060	23	3	57.75647735595703	2.6028380393981934	203.81	4	DeepCheck
genome_234	74.801032	21.177855	GB_GCA_013100845.1	Patescibacteriota	set_c_clean	6	813900	23	4	79.75579833984375	-0.002063065767288208	203.81	4	DeepCheck
genome_235	100.0	77.425563	GB_GCA_013100845.1	Patescibacteriota	set_c_clean	20	1504567	23	5	66.46760559082031	4.759986400604248	203.81	4	DeepCheck
genome_236	83.935476	83.935476	GB_GCA_013100845.1	Patescibacteriota	set_c_clean	101	1423544	23	6	72.53926849365234	9.656539916992188	203.81	4	DeepCheck
genome_237	53.20985	53.20985	GB_GCA_013100845.1	Patescibacteriota	set_c_clean	12	902438	23	7	66.66848754882812	4.300726413726807	203.81	4	DeepCheck
genome_238	100.0	92.107184	GB_GCA_013100845.1	Patescibacteriota	set_c_clean	4	1629067	23	8	78.83776092529297	7.44171142578125	203.81	4	DeepCheck
genome_239	100.0	26.704395	GB_GCA_013100845.1	Patescibacteriota	set_c_clean	6	1074452	23	9	81.75540161132812	6.242547035217285	203.81	4	DeepCheck
genome_240	100.0	75.361134	GB_GCA_015663315.1	Patescibacteriota	set_c_clean	2	1593810	24	0	81.12548065185547	7.070130825042725	203.81	4	DeepCheck
genome_241	100.0	13.545237	GB_GCA_015663315.1	Patescibacteriota	set_c_clean	4	1031982	24	1	91.37071990966797	0.2972140908241272	203.81	4	DeepCheck
genome_242	100.0	26.687117	GB_GCA_015663315.1	Patescibacteriota	set_c_clean	3	1151425	24	2	74.66802978515625	0.33937394618988037	203.81	4	DeepCheck
genome_243	75.985644	43.397152	GB_GCA_015663315.1	Patescibacteriota	set_c_clean	71	1085038	24	3	56.559417724609375	0.19875094294548035	203.81	4	DeepCheck
genome_244	94.303385	40.097131	GB_GCA_015663315.1	Patescibacteriota	set_c_clean	18	1221530	24	4	95.21661376953125	13.994073867797852	203.81	4	DeepCheck
genome_245	55.965575	55.965575	GB_GCA_015663315.1	Patescibacteriota	set_c_clean	4	1017312	24	5	41.349769592285156	1.918213129043579	203.81	4	DeepCheck
genome_246	82.719368	61.528068	GB_GCA_015663315.1	Patescibacteriota	set_c_clean	88	1311026	24	6	69.0027084350586	3.924018144607544	203.81	4	DeepCheck
genome_247	57.537852	57.537852	GB_GCA_015663315.1	Patescibacteriota	set_c_clean	11	1045892	24	7	45.83548355102539	0.5433477163314819	203.81	4	DeepCheck
genome_248	100.0	68.559524	GB_GCA_015663315.1	Patescibacteriota	set_c_clean	12	1531992	24	8	87.04850006103516	14.681159973144531	203.81	4	DeepCheck
genome_249	100.0	6.833738	GB_GCA_015663315.1	Patescibacteriota	set_c_clean	3	970983	24	9	94.57612609863281	0.4818566143512726	203.81	4	DeepCheck
genome_250	71.564233	65.598581	GB_GCA_016181845.1	Patescibacteriota	set_c_clean	10	1017423	25	0	53.795074462890625	1.7056584358215332	203.81	4	DeepCheck
genome_251	72.871793	29.473295	GB_GCA_016181845.1	Patescibacteriota	set_c_clean	100	759158	25	1	49.52190017700195	1.9462347030639648	203.81	4	DeepCheck
genome_252	50.874336	37.345891	GB_GCA_016181845.1	Patescibacteriota	set_c_clean	5	654385	25	2	45.41576385498047	0.11083781719207764	203.81	4	DeepCheck
genome_253	88.527333	32.421811	GB_GCA_016181845.1	Patescibacteriota	set_c_clean	8	897156	25	3	70.29954528808594	8.152728080749512	203.81	4	DeepCheck
genome_254	79.144012	7.7061	GB_GCA_016181845.1	Patescibacteriota	set_c_clean	10	644222	25	4	62.006866455078125	-0.12836232781410217	203.81	4	DeepCheck
genome_255	100.0	37.314344	GB_GCA_016181845.1	Patescibacteriota	set_c_clean	6	1018547	25	5	65.43859100341797	0.009693950414657593	203.81	4	DeepCheck
genome_256	53.830941	53.830941	GB_GCA_016181845.1	Patescibacteriota	set_c_clean	17	798596	25	6	47.87375259399414	1.9660823345184326	203.81	4	DeepCheck
genome_257	80.306783	37.086778	GB_GCA_016181845.1	Patescibacteriota	set_c_clean	34	870782	25	7	49.703372955322266	-0.05379095673561096	203.81	4	DeepCheck
genome_258	61.534479	17.756211	GB_GCA_016181845.1	Patescibacteriota	set_c_clean	4	588149	25	8	34.392974853515625	0.30141547322273254	203.81	4	DeepCheck
genome_259	68.992387	65.413077	GB_GCA_016181845.1	Patescibacteriota	set_c_clean	10	996970	25	9	53.86470413208008	0.10342113673686981	203.81	4	DeepCheck
genome_260	100.0	34.668729	GB_GCA_016181965.1	Patescibacteriota	set_c_clean	3	812513	26	0	79.35737609863281	2.3240253925323486	203.81	4	DeepCheck
genome_261	76.624535	74.963288	GB_GCA_016181965.1	Patescibacteriota	set_c_clean	7	914593	26	1	48.92104721069336	0.29962843656539917	203.81	4	DeepCheck
genome_262	100.0	5.783619	GB_GCA_016181965.1	Patescibacteriota	set_c_clean	5	638237	26	2	86.304931640625	-0.009857118129730225	203.81	4	DeepCheck
genome_263	100.0	23.898552	GB_GCA_016181965.1	Patescibacteriota	set_c_clean	16	747532	26	3	71.57503509521484	-0.003616511821746826	203.81	4	DeepCheck
genome_264	51.795831	51.795831	GB_GCA_016181965.1	Patescibacteriota	set_c_clean	17	625012	26	4	31.388774871826172	0.23295246064662933	203.81	4	DeepCheck
genome_265	100.0	20.113634	GB_GCA_016181965.1	Patescibacteriota	set_c_clean	3	724696	26	5	85.51439666748047	0.2724744379520416	203.81	4	DeepCheck
genome_266	55.674891	36.389809	GB_GCA_016181965.1	Patescibacteriota	set_c_clean	24	555465	26	6	35.20494842529297	0.20320266485214233	203.81	4	DeepCheck
genome_267	83.591893	56.511232	GB_GCA_016181965.1	Patescibacteriota	set_c_clean	25	845301	26	7	61.46791076660156	2.820537567138672	203.81	4	DeepCheck
genome_268	64.747357	57.459119	GB_GCA_016181965.1	Patescibacteriota	set_c_clean	87	737323	26	8	45.57306671142578	0.15365593135356903	203.81	4	DeepCheck
genome_269	100.0	3.152607	GB_GCA_016181965.1	Patescibacteriota	set_c_clean	3	622363	26	9	89.27613830566406	0.20393505692481995	203.81	4	DeepCheck
genome_270	100.0	40.216752	GB_GCA_016186485.1	Patescibacteriota	set_c_clean	3	963233	27	0	73.3564682006836	2.077179431915283	203.81	4	DeepCheck
genome_271	68.300774	38.847531	GB_GCA_016186485.1	Patescibacteriota	set_c_clean	10	736066	27	1	44.10243225097656	0.2979755401611328	203.81	4	DeepCheck
genome_272	100.0	3.122744	GB_GCA_016186485.1	Patescibacteriota	set_c_clean	2	708412	27	2	83.67625427246094	0.20997971296310425	203.81	4	DeepCheck
genome_273	70.004513	56.709852	GB_GCA_016186485.1	Patescibacteriota	set_c_clean	35	870477	27	3	37.29262161254883	0.8445475101470947	203.81	4	DeepCheck
genome_274	100.0	20.934407	GB_GCA_016186485.1	Patescibacteriota	set_c_clean	7	830771	27	4	65.5475845336914	0.0860411673784256	203.81	4	DeepCheck
genome_275	100.0	2.360691	GB_GCA_016186485.1	Patescibacteriota	set_c_clean	2	703177	27	5	87.04218292236328	0.2033129334449768	203.81	4	DeepCheck
genome_276	100.0	30.230144	GB_GCA_016186485.1	Patescibacteriota	set_c_clean	5	894629	27	6	82.0703125	0.2327367663383484	203.81	4	DeepCheck
genome_277	100.0	41.675207	GB_GCA_016186485.1	Patescibacteriota	set_c_clean	7	973252	27	7	69.1941146850586	2.8836958408355713	203.81	4	DeepCheck
genome_278	100.0	55.624199	GB_GCA_016186485.1	Patescibacteriota	set_c_clean	29	1069076	27	8	68.67964172363281	0.9010035395622253	203.81	4	DeepCheck
genome_279	100.0	77.110021	GB_GCA_016186485.1	Patescibacteriota	set_c_clean	138	1216675	27	9	70.19100189208984	8.558908462524414	203.81	4	DeepCheck
genome_280	93.884707	3.750866	GB_GCA_016186495.1	Patescibacteriota	set_c_clean	4	638233	28	0	80.80545806884766	0.17418041825294495	203.81	4	DeepCheck
genome_281	54.87273	54.87273	GB_GCA_016186495.1	Patescibacteriota	set_c_clean	14	717394	28	1	32.09862518310547	1.7696641683578491	203.81	4	DeepCheck
genome_282	69.662485	12.343331	GB_GCA_016186495.1	Patescibacteriota	set_c_clean	22	536063	28	2	58.668251037597656	0.14941617846488953	203.81	4	DeepCheck
genome_283	58.70085	25.524523	GB_GCA_016186495.1	Patescibacteriota	set_c_clean	5	550572	28	3	30.71835708618164	0.22686049342155457	203.81	4	DeepCheck
genome_284	54.23007	35.558347	GB_GCA_016186495.1	Patescibacteriota	set_c_clean	5	586937	28	4	33.77470779418945	1.854193925857544	203.81	4	DeepCheck
genome_285	80.761647	15.426602	GB_GCA_016186495.1	Patescibacteriota	set_c_clean	7	628772	28	5	42.1136360168457	0.47515928745269775	203.81	4	DeepCheck
genome_286	100.0	39.274946	GB_GCA_016186495.1	Patescibacteriota	set_c_clean	20	910425	28	6	67.26162719726562	1.4289982318878174	203.81	4	DeepCheck
genome_287	100.0	0.779423	GB_GCA_016186495.1	Patescibacteriota	set_c_clean	3	658784	28	7	79.07157897949219	-0.0591181218624115	203.81	4	DeepCheck
genome_288	74.914218	32.365697	GB_GCA_016186495.1	Patescibacteriota	set_c_clean	12	701277	28	8	53.429019927978516	0.40862077474594116	203.81	4	DeepCheck
genome_289	100.0	25.031475	GB_GCA_016186495.1	Patescibacteriota	set_c_clean	11	817317	28	9	76.04035949707031	0.47668442130088806	203.81	4	DeepCheck
genome_290	70.369881	41.992302	GB_GCA_016195715.1	Patescibacteriota	set_c_clean	155	1291428	29	0	54.680824279785156	4.982661247253418	203.81	4	DeepCheck
genome_291	59.626709	55.783908	GB_GCA_016195715.1	Patescibacteriota	set_c_clean	5	1326465	29	1	47.51655960083008	1.5472464561462402	203.81	4	DeepCheck
genome_292	90.691647	14.481217	GB_GCA_016195715.1	Patescibacteriota	set_c_clean	37	1208798	29	2	66.24658966064453	5.056059837341309	203.81	4	DeepCheck
genome_293	100.0	54.207618	GB_GCA_016195715.1	Patescibacteriota	set_c_clean	41	1772376	29	3	80.96995544433594	5.749735355377197	203.81	4	DeepCheck
genome_294	61.494383	7.375686	GB_GCA_016195715.1	Patescibacteriota	set_c_clean	28	791554	29	4	60.576171875	0.5973107814788818	203.81	4	DeepCheck
genome_295	59.861103	45.192127	GB_GCA_016195715.1	Patescibacteriota	set_c_clean	15	1207423	29	5	38.280757904052734	1.6974284648895264	203.81	4	DeepCheck
genome_296	72.469948	16.183057	GB_GCA_016195715.1	Patescibacteriota	set_c_clean	80	1018928	29	6	42.53497314453125	1.7748233079910278	203.81	4	DeepCheck
genome_297	72.277577	47.527546	GB_GCA_016195715.1	Patescibacteriota	set_c_clean	37	1376973	29	7	61.496620178222656	4.981575012207031	203.81	4	DeepCheck
genome_298	57.510371	24.680861	GB_GCA_016195715.1	Patescibacteriota	set_c_clean	2	944660	29	8	33.91693878173828	1.9121348857879639	203.81	4	DeepCheck
genome_299	81.778649	81.778562	GB_GCA_016195715.1	Patescibacteriota	set_c_clean	10	1879835	29	9	59.195220947265625	8.110478401184082	203.81	4	DeepCheck
genome_300	72.346013	69.468277	GB_GCA_016432465.1	Patescibacteriota	set_c_clean	46	1309611	30	0	51.111717224121094	5.133991718292236	203.81	4	DeepCheck
genome_301	100.0	60.183504	GB_GCA_016432465.1	Patescibacteriota	set_c_clean	15	1479245	30	1	69.29334259033203	5.078612327575684	203.81	4	DeepCheck
genome_302	61.928879	61.928879	GB_GCA_016432465.1	Patescibacteriota	set_c_clean	26	1143788	30	2	50.48695373535156	5.238950252532959	203.81	4	DeepCheck
genome_303	71.332876	39.060976	GB_GCA_016432465.1	Patescibacteriota	set_c_clean	70	1019453	30	3	44.46195983886719	0.4933305084705353	203.81	4	DeepCheck
genome_304	81.601332	10.13981	GB_GCA_016432465.1	Patescibacteriota	set_c_clean	18	847201	30	4	55.19529724121094	0.056733936071395874	203.81	4	DeepCheck
genome_305	58.155715	25.235714	GB_GCA_016432465.1	Patescibacteriota	set_c_clean	7	770094	30	5	31.715641021728516	0.6926760077476501	203.81	4	DeepCheck
genome_306	100.0	40.376558	GB_GCA_016432465.1	Patescibacteriota	set_c_clean	21	1296334	30	6	66.48224639892578	3.9528284072875977	203.81	4	DeepCheck
genome_307	65.018317	40.065124	GB_GCA_016432465.1	Patescibacteriota	set_c_clean	17	970413	30	7	42.99020004272461	4.4822001457214355	203.81	4	DeepCheck
genome_308	100.0	9.853823	GB_GCA_016432465.1	Patescibacteriota	set_c_clean	6	1014466	30	8	63.88042068481445	1.194766879081726	203.81	4	DeepCheck
genome_309	64.282179	64.282179	GB_GCA_016432465.1	Patescibacteriota	set_c_clean	30	1187252	30	9	56.394439697265625	7.902358531951904	203.81	4	DeepCheck
genome_310	69.963963	13.0697	GB_GCA_016700375.1	Patescibacteriota	set_c_clean	23	1043313	31	0	70.76101684570312	3.369227409362793	203.81	4	DeepCheck
genome_311	70.37646	6.230113	GB_GCA_016700375.1	Patescibacteriota	set_c_clean	7	962557	31	1	51.184661865234375	0.29865020513534546	203.81	4	DeepCheck
genome_312	100.0	57.745918	GB_GCA_016700375.1	Patescibacteriota	set_c_clean	5	1982068	31	2	75.5085220336914	7.754647731781006	203.81	4	DeepCheck
genome_313	100.0	21.986177	GB_GCA_016700375.1	Patescibacteriota	set_c_clean	14	1532749	31	3	82.02117919921875	6.436643123626709	203.81	4	DeepCheck
genome_314	90.709227	84.377482	GB_GCA_016700375.1	Patescibacteriota	set_c_clean	12	2199954	31	4	58.25191116333008	5.961531639099121	203.81	4	DeepCheck
genome_315	73.039903	41.491483	GB_GCA_016700375.1	Patescibacteriota	set_c_clean	38	1439080	31	5	71.69144439697266	5.627756595611572	203.81	4	DeepCheck
genome_316	100.0	92.539001	GB_GCA_016700375.1	Patescibacteriota	set_c_clean	10	2419241	31	6	84.30394744873047	18.685829162597656	203.81	4	DeepCheck
genome_317	56.516545	13.972132	GB_GCA_016700375.1	Patescibacteriota	set_c_clean	5	885686	31	7	39.49831771850586	0.2454109489917755	203.81	4	DeepCheck
genome_318	88.505636	23.836326	GB_GCA_016700375.1	Patescibacteriota	set_c_clean	100	1411570	31	8	70.54651641845703	5.120562553405762	203.81	4	DeepCheck
genome_319	100.0	22.160233	GB_GCA_016700375.1	Patescibacteriota	set_c_clean	3	1534936	31	9	75.8520736694336	4.705448627471924	203.81	4	DeepCheck
genome_320	100.0	57.03772	GB_GCA_017406775.1	Patescibacteriota	set_c_clean	44	1131328	32	0	79.06718444824219	0.21408088505268097	203.81	4	DeepCheck
genome_321	71.145363	61.965137	GB_GCA_017406775.1	Patescibacteriota	set_c_clean	36	958952	32	1	44.679893493652344	1.9464068412780762	203.81	4	DeepCheck
genome_322	85.380987	15.219498	GB_GCA_017406775.1	Patescibacteriota	set_c_clean	40	724744	32	2	79.37053680419922	0.23217499256134033	203.81	4	DeepCheck
genome_323	72.410878	8.041859	GB_GCA_017406775.1	Patescibacteriota	set_c_clean	30	579596	32	3	78.24201965332031	0.4687305688858032	203.81	4	DeepCheck
genome_324	100.0	36.325578	GB_GCA_017406775.1	Patescibacteriota	set_c_clean	11	982114	32	4	88.51671600341797	-0.06603747606277466	203.81	4	DeepCheck
genome_325	100.0	26.15551	GB_GCA_017406775.1	Patescibacteriota	set_c_clean	7	908847	32	5	73.69053649902344	2.4379000663757324	203.81	4	DeepCheck
genome_326	85.273966	24.306306	GB_GCA_017406775.1	Patescibacteriota	set_c_clean	21	789436	32	6	65.63902282714844	-0.036275386810302734	203.81	4	DeepCheck
genome_327	100.0	6.759687	GB_GCA_017406775.1	Patescibacteriota	set_c_clean	2	769116	32	7	97.89833068847656	0.24212226271629333	203.81	4	DeepCheck
genome_328	77.93295	77.93295	GB_GCA_017406775.1	Patescibacteriota	set_c_clean	26	1122886	32	8	64.51034545898438	9.158899307250977	203.81	4	DeepCheck
genome_329	100.0	22.491109	GB_GCA_017406775.1	Patescibacteriota	set_c_clean	5	882448	32	9	95.65120697021484	0.0483587384223938	203.81	4	DeepCheck
genome_330	100.0	33.437236	GB_GCA_018647845.1	Patescibacteriota	set_c_clean	2	1248288	33	0	78.17951202392578	4.560693264007568	203.81	4	DeepCheck
genome_331	100.0	40.29142	GB_GCA_018647845.1	Patescibacteriota	set_c_clean	3	1312408	33	1	78.06476593017578	0.7797353267669678	203.81	4	DeepCheck
genome_332	83.925805	83.925805	GB_GCA_018647845.1	Patescibacteriota	set_c_clean	15	1570230	33	2	64.09117889404297	4.884373188018799	203.81	4	DeepCheck
genome_333	57.835651	11.963822	GB_GCA_018647845.1	Patescibacteriota	set_c_clean	85	652965	33	3	54.573665618896484	0.48527792096138	203.81	4	DeepCheck
genome_334	74.256724	15.732768	GB_GCA_018647845.1	Patescibacteriota	set_c_clean	12	841840	33	4	57.82275390625	0.07964447140693665	203.81	4	DeepCheck
genome_335	100.0	95.329064	GB_GCA_018647845.1	Patescibacteriota	set_c_clean	20	1827278	33	5	87.35932159423828	14.808866500854492	203.81	4	DeepCheck
genome_336	57.513573	57.513573	GB_GCA_018647845.1	Patescibacteriota	set_c_clean	40	1076064	33	6	58.09695053100586	2.0359859466552734	203.81	4	DeepCheck
genome_337	68.92859	68.92859	GB_GCA_018647845.1	Patescibacteriota	set_c_clean	23	1289636	33	7	59.44559097290039	4.913177490234375	203.81	4	DeepCheck
genome_338	100.0	28.02583	GB_GCA_018647845.1	Patescibacteriota	set_c_clean	3	1197665	33	8	80.38334655761719	3.8408496379852295	203.81	4	DeepCheck
genome_339	100.0	4.52374	GB_GCA_018647845.1	Patescibacteriota	set_c_clean	4	977806	33	9	90.79216003417969	0.02659037709236145	203.81	4	DeepCheck
genome_340	50.92296	50.922862	GB_GCA_018649525.1	Patescibacteriota	set_c_clean	7	1033509	34	0	34.165916442871094	0.24680346250534058	203.81	4	DeepCheck
genome_341	61.751733	61.751733	GB_GCA_018649525.1	Patescibacteriota	set_c_clean	9	1253286	34	1	56.25885772705078	3.0547752380371094	203.81	4	DeepCheck
genome_342	100.0	9.518929	GB_GCA_018649525.1	Patescibacteriota	set_c_clean	5	1111374	34	2	86.66561126708984	0.27195513248443604	203.81	4	DeepCheck
genome_343	59.709414	59.709414	GB_GCA_018649525.1	Patescibacteriota	set_c_clean	23	1211836	34	3	59.22649383544922	8.736308097839355	203.81	4	DeepCheck
genome_344	100.0	57.9375	GB_GCA_018649525.1	Patescibacteriota	set_c_clean	38	1602715	34	4	91.46143341064453	21.436288833618164	203.81	4	DeepCheck
genome_345	70.950198	36.764396	GB_GCA_018649525.1	Patescibacteriota	set_c_clean	127	1093064	34	5	48.751121520996094	0.7657643556594849	203.81	4	DeepCheck
genome_346	74.248358	53.051702	GB_GCA_018649525.1	Patescibacteriota	set_c_clean	98	1291813	34	6	51.28358459472656	5.150763034820557	203.81	4	DeepCheck
genome_347	100.0	42.534032	GB_GCA_018649525.1	Patescibacteriota	set_c_clean	3	1446404	34	7	98.30657958984375	10.703651428222656	203.81	4	DeepCheck
genome_348	100.0	70.074243	GB_GCA_018649525.1	Patescibacteriota	set_c_clean	3	1725876	34	8	80.29340362548828	6.69167947769165	203.81	4	DeepCheck
genome_349	100.0	71.178425	GB_GCA_018649525.1	Patescibacteriota	set_c_clean	14	1737081	34	9	80.8842544555664	3.1076080799102783	203.81	4	DeepCheck
genome_350	84.357562	81.761851	GB_GCA_018657425.1	Patescibacteriota	set_c_clean	24	1523016	35	0	54.02037048339844	-0.1686200499534607	203.81	4	DeepCheck
genome_351	87.433302	30.369756	GB_GCA_018657425.1	Patescibacteriota	set_c_clean	96	1080042	35	1	65.50333404541016	0.8561000227928162	203.81	4	DeepCheck
genome_352	52.613926	52.613817	GB_GCA_018657425.1	Patescibacteriota	set_c_clean	79	964749	35	2	50.53290557861328	0.1569848507642746	203.81	4	DeepCheck
genome_353	80.319147	80.319147	GB_GCA_018657425.1	Patescibacteriota	set_c_clean	42	1472764	35	3	61.52052307128906	4.959686756134033	203.81	4	DeepCheck
genome_354	100.0	1.205907	GB_GCA_018657425.1	Patescibacteriota	set_c_clean	2	927876	35	4	85.58727264404297	-0.12987032532691956	203.81	4	DeepCheck
genome_355	88.709125	35.811064	GB_GCA_018657425.1	Patescibacteriota	set_c_clean	7	1141626	35	5	84.5360336303711	-0.10277852416038513	203.81	4	DeepCheck
genome_356	51.59606	0.071879	GB_GCA_018657425.1	Patescibacteriota	set_c_clean	14	473702	35	6	56.32610321044922	0.13866685330867767	203.81	4	DeepCheck
genome_357	100.0	30.276935	GB_GCA_018657425.1	Patescibacteriota	set_c_clean	7	1194405	35	7	81.91512298583984	-0.18178075551986694	203.81	4	DeepCheck
genome_358	100.0	41.987631	GB_GCA_018657425.1	Patescibacteriota	set_c_clean	4	1301771	35	8	76.37460327148438	0.30370020866394043	203.81	4	DeepCheck
genome_359	100.0	28.644445	GB_GCA_018657425.1	Patescibacteriota	set_c_clean	12	1179438	35	9	77.56719970703125	1.811485767364502	203.81	4	DeepCheck
genome_360	54.869764	54.869764	GB_GCA_018816885.1	Patescibacteriota	set_c_clean	4	1382526	36	0	57.52391052246094	7.363250255584717	203.81	4	DeepCheck
genome_361	79.631933	79.594547	GB_GCA_018816885.1	Patescibacteriota	set_c_clean	40	2005975	36	1	62.04233169555664	8.556516647338867	203.81	4	DeepCheck
genome_362	100.0	89.980037	GB_GCA_018816885.1	Patescibacteriota	set_c_clean	190	2393416	36	2	81.07655334472656	14.733905792236328	203.81	4	DeepCheck
genome_363	74.141091	65.91987	GB_GCA_018816885.1	Patescibacteriota	set_c_clean	43	1764523	36	3	69.48493957519531	13.27637767791748	203.81	4	DeepCheck
genome_364	50.994702	50.994702	GB_GCA_018816885.1	Patescibacteriota	set_c_clean	34	1284888	36	4	47.604576110839844	2.068012237548828	203.81	4	DeepCheck
genome_365	67.486437	67.486437	GB_GCA_018816885.1	Patescibacteriota	set_c_clean	97	1700422	36	5	68.08062744140625	9.97917366027832	203.81	4	DeepCheck
genome_366	100.0	43.371659	GB_GCA_018816885.1	Patescibacteriota	set_c_clean	41	1806232	36	6	84.12450408935547	10.485556602478027	203.81	4	DeepCheck
genome_367	88.717004	87.275693	GB_GCA_018816885.1	Patescibacteriota	set_c_clean	5	2217200	36	7	81.1890869140625	8.341265678405762	203.81	4	DeepCheck
genome_368	64.566984	64.566984	GB_GCA_018816885.1	Patescibacteriota	set_c_clean	26	1626862	36	8	50.99169158935547	16.049972534179688	203.81	4	DeepCheck
genome_369	60.763677	24.250432	GB_GCA_018816885.1	Patescibacteriota	set_c_clean	134	1071029	36	9	39.95044708251953	1.2179534435272217	203.81	4	DeepCheck
genome_370	71.58246	68.60068	GB_GCA_019634005.1	Patescibacteriota	set_c_clean	51	894803	37	0	49.24802780151367	0.8537754416465759	203.81	4	DeepCheck
genome_371	100.0	5.930191	GB_GCA_019634005.1	Patescibacteriota	set_c_clean	4	676163	37	1	83.66295623779297	-0.11110305786132812	203.81	4	DeepCheck
genome_372	52.177782	51.224483	GB_GCA_019634005.1	Patescibacteriota	set_c_clean	7	660027	37	2	37.67266082763672	1.185595989227295	203.81	4	DeepCheck
genome_373	67.17363	62.373925	GB_GCA_019634005.1	Patescibacteriota	set_c_clean	10	826915	37	3	43.62796401977539	1.4443252086639404	203.81	4	DeepCheck
genome_374	100.0	40.254735	GB_GCA_019634005.1	Patescibacteriota	set_c_clean	5	895260	37	4	74.36457824707031	3.7378077507019043	203.81	4	DeepCheck
genome_375	100.0	47.885197	GB_GCA_019634005.1	Patescibacteriota	set_c_clean	2	943966	37	5	86.02732849121094	-0.1311175525188446	203.81	4	DeepCheck
genome_376	100.0	78.08886	GB_GCA_019634005.1	Patescibacteriota	set_c_clean	3	1136759	37	6	64.49337768554688	4.9386725425720215	203.81	4	DeepCheck
genome_377	100.0	70.083032	GB_GCA_019634005.1	Patescibacteriota	set_c_clean	3	1085657	37	7	70.22062683105469	2.9924967288970947	203.81	4	DeepCheck
genome_378	100.0	34.226316	GB_GCA_019634005.1	Patescibacteriota	set_c_clean	8	856780	37	8	69.33739471435547	0.4638880491256714	203.81	4	DeepCheck
genome_379	69.292663	20.886403	GB_GCA_019634005.1	Patescibacteriota	set_c_clean	43	575622	37	9	50.495880126953125	0.02878829836845398	203.81	4	DeepCheck
genome_380	57.618006	57.618006	GB_GCA_020724865.1	Patescibacteriota	set_c_clean	40	922258	38	0	46.310943603515625	1.4824784994125366	203.81	4	DeepCheck
genome_381	82.253371	8.165224	GB_GCA_020724865.1	Patescibacteriota	set_c_clean	8	723639	38	1	70.22528076171875	0.05386844277381897	203.81	4	DeepCheck
genome_382	66.952135	63.81327	GB_GCA_020724865.1	Patescibacteriota	set_c_clean	15	1046543	38	2	53.768001556396484	1.2715861797332764	203.81	4	DeepCheck
genome_383	90.631134	66.925521	GB_GCA_020724865.1	Patescibacteriota	set_c_clean	55	1260959	38	3	68.43950653076172	1.092482328414917	203.81	4	DeepCheck
genome_384	64.812369	21.753147	GB_GCA_020724865.1	Patescibacteriota	set_c_clean	2	692802	38	4	58.83444595336914	-0.1166902482509613	203.81	4	DeepCheck
genome_385	75.275296	33.684484	GB_GCA_020724865.1	Patescibacteriota	set_c_clean	11	872028	38	5	75.42643737792969	-0.01685023307800293	203.81	4	DeepCheck
genome_386	100.0	45.866221	GB_GCA_020724865.1	Patescibacteriota	set_c_clean	7	1167398	38	6	86.61347198486328	1.4704391956329346	203.81	4	DeepCheck
genome_387	100.0	69.574208	GB_GCA_020724865.1	Patescibacteriota	set_c_clean	14	1357138	38	7	77.89102172851562	5.609805107116699	203.81	4	DeepCheck
genome_388	72.869636	72.869636	GB_GCA_020724865.1	Patescibacteriota	set_c_clean	130	1166382	38	8	57.95759582519531	5.288254261016846	203.81	4	DeepCheck
genome_389	100.0	42.724607	GB_GCA_020724865.1	Patescibacteriota	set_c_clean	2	1142255	38	9	90.14849853515625	-0.27063190937042236	203.81	4	DeepCheck
genome_390	61.399616	61.399616	GB_GCA_020724905.1	Patescibacteriota	set_c_clean	3	706798	39	0	44.82927322387695	1.8957406282424927	203.81	4	DeepCheck
genome_391	83.137818	53.486097	GB_GCA_020724905.1	Patescibacteriota	set_c_clean	34	786369	39	1	57.86811828613281	0.4577808082103729	203.81	4	DeepCheck
genome_392	76.39079	32.030571	GB_GCA_020724905.1	Patescibacteriota	set_c_clean	10	624043	39	2	51.20702362060547	0.2941913902759552	203.81	4	DeepCheck
genome_393	100.0	1.204888	GB_GCA_020724905.1	Patescibacteriota	set_c_clean	2	582507	39	3	90.6035385131836	0.15106424689292908	203.81	4	DeepCheck
genome_394	61.054916	61.054916	GB_GCA_020724905.1	Patescibacteriota	set_c_clean	19	702830	39	4	49.83267593383789	0.32839998602867126	203.81	4	DeepCheck
genome_395	100.0	26.045395	GB_GCA_020724905.1	Patescibacteriota	set_c_clean	3	725482	39	5	88.21066284179688	0.17933771014213562	203.81	4	DeepCheck
genome_396	68.069156	68.069156	GB_GCA_020724905.1	Patescibacteriota	set_c_clean	4	783574	39	6	52.27606201171875	1.6708940267562866	203.81	4	DeepCheck
genome_397	82.929329	82.929329	GB_GCA_020724905.1	Patescibacteriota	set_c_clean	24	954636	39	7	55.133392333984375	6.784416675567627	203.81	4	DeepCheck
genome_398	100.0	48.251305	GB_GCA_020724905.1	Patescibacteriota	set_c_clean	7	853293	39	8	69.01426696777344	5.024366855621338	203.81	4	DeepCheck
genome_399	100.0	38.060225	GB_GCA_020724905.1	Patescibacteriota	set_c_clean	2	794636	39	9	72.21005249023438	-0.4627503454685211	203.81	4	DeepCheck
genome_400	100.0	15.608855	GB_GCA_021786945.1	Patescibacteriota	set_c_clean	2	809388	40	0	93.21056365966797	1.1251814365386963	203.81	4	DeepCheck
genome_401	100.0	72.552417	GB_GCA_021786945.1	Patescibacteriota	set_c_clean	14	1208055	40	1	70.17135620117188	0.2678561806678772	203.81	4	DeepCheck
genome_402	50.651113	50.651113	GB_GCA_021786945.1	Patescibacteriota	set_c_clean	20	709226	40	2	47.80454635620117	0.8464627265930176	203.81	4	DeepCheck
genome_403	100.0	83.370161	GB_GCA_021786945.1	Patescibacteriota	set_c_clean	14	1283791	40	3	74.76441192626953	9.778775215148926	203.81	4	DeepCheck
genome_404	67.572478	34.779441	GB_GCA_021786945.1	Patescibacteriota	set_c_clean	10	716575	40	4	53.986751556396484	0.27339643239974976	203.81	4	DeepCheck
genome_405	72.286887	72.286887	GB_GCA_021786945.1	Patescibacteriota	set_c_clean	22	1012174	40	5	48.518497467041016	2.5692410469055176	203.81	4	DeepCheck
genome_406	74.033758	74.033758	GB_GCA_021786945.1	Patescibacteriota	set_c_clean	135	1036634	40	6	64.84495544433594	5.319933891296387	203.81	4	DeepCheck
genome_407	100.0	96.894626	GB_GCA_021786945.1	Patescibacteriota	set_c_clean	6	1378477	40	7	69.4893798828125	3.266321897506714	203.81	4	DeepCheck
genome_408	78.821583	46.334357	GB_GCA_021786945.1	Patescibacteriota	set_c_clean	22	876228	40	8	81.37041473388672	9.736148834228516	203.81	4	DeepCheck
genome_409	91.094672	82.363318	GB_GCA_021786945.1	Patescibacteriota	set_c_clean	16	1214395	40	9	54.83106231689453	5.015275955200195	203.81	4	DeepCheck
genome_410	85.061656	20.186955	GB_GCA_021815445.1	Patescibacteriota	set_c_clean	9	1327125	41	0	65.89408111572266	5.169154644012451	203.81	4	DeepCheck
genome_411	73.222739	33.053754	GB_GCA_021815445.1	Patescibacteriota	set_c_clean	69	1340086	41	1	60.75731658935547	8.444595336914062	203.81	4	DeepCheck
genome_412	100.0	47.637126	GB_GCA_021815445.1	Patescibacteriota	set_c_clean	6	1861620	41	2	72.93199920654297	8.149070739746094	203.81	4	DeepCheck
genome_413	100.0	11.347301	GB_GCA_021815445.1	Patescibacteriota	set_c_clean	7	1404026	41	3	76.46216583251953	1.6648504734039307	203.81	4	DeepCheck
genome_414	100.0	63.473765	GB_GCA_021815445.1	Patescibacteriota	set_c_clean	38	2061311	41	4	72.30728912353516	5.20991325378418	203.81	4	DeepCheck
genome_415	100.0	22.785487	GB_GCA_021815445.1	Patescibacteriota	set_c_clean	6	1548255	41	5	75.279541015625	2.083146095275879	203.81	4	DeepCheck
genome_416	52.305219	9.63977	GB_GCA_021815445.1	Patescibacteriota	set_c_clean	20	781091	41	6	51.44257354736328	-0.027757883071899414	203.81	4	DeepCheck
genome_417	100.0	36.374126	GB_GCA_021815445.1	Patescibacteriota	set_c_clean	5	1719600	41	7	72.99655151367188	0.8269053101539612	203.81	4	DeepCheck
genome_418	64.025575	55.202892	GB_GCA_021815445.1	Patescibacteriota	set_c_clean	13	1503403	41	8	59.008968353271484	9.612170219421387	203.81	4	DeepCheck
genome_419	69.478398	33.454883	GB_GCA_021815445.1	Patescibacteriota	set_c_clean	87	1297930	41	9	69.36668395996094	5.10546350479126	203.81	4	DeepCheck
genome_420	65.20217	14.801479	GB_GCA_021833765.1	Patescibacteriota	set_c_clean	6	763018	42	0	39.556358337402344	0.07147267460823059	203.81	4	DeepCheck
genome_421	66.75953	62.755667	GB_GCA_021833765.1	Patescibacteriota	set_c_clean	15	1235224	42	1	53.761600494384766	0.09829923510551453	203.81	4	DeepCheck
genome_422	87.294609	82.289413	GB_GCA_021833765.1	Patescibacteriota	set_c_clean	33	1617372	42	2	77.0401840209961	12.894842147827148	203.81	4	DeepCheck
genome_423	100.0	75.649687	GB_GCA_021833765.1	Patescibacteriota	set_c_clean	20	1675222	42	3	65.28116607666016	5.347762107849121	203.81	4	DeepCheck
genome_424	100.0	67.048187	GB_GCA_021833765.1	Patescibacteriota	set_c_clean	5	1593187	42	4	74.98084259033203	4.9281229972839355	203.81	4	DeepCheck
genome_425	100.0	32.670916	GB_GCA_021833765.1	Patescibacteriota	set_c_clean	14	1265321	42	5	75.06328582763672	0.33574551343917847	203.81	4	DeepCheck
genome_426	100.0	69.089018	GB_GCA_021833765.1	Patescibacteriota	set_c_clean	17	1612651	42	6	73.19566345214844	9.339293479919434	203.81	4	DeepCheck
genome_427	73.706472	32.372718	GB_GCA_021833765.1	Patescibacteriota	set_c_clean	8	1011708	42	7	60.94305419921875	5.200825214385986	203.81	4	DeepCheck
genome_428	100.0	42.507253	GB_GCA_021833765.1	Patescibacteriota	set_c_clean	28	1359133	42	8	72.98802947998047	4.482458114624023	203.81	4	DeepCheck
genome_429	60.48993	58.703573	GB_GCA_021833765.1	Patescibacteriota	set_c_clean	10	1136783	42	9	58.960487365722656	3.939932107925415	203.81	4	DeepCheck
genome_430	77.22523	43.696625	GB_GCA_022763365.1	Patescibacteriota	set_c_clean	8	922063	43	0	58.38772201538086	0.45239925384521484	203.81	4	DeepCheck
genome_431	73.877418	40.29452	GB_GCA_022763365.1	Patescibacteriota	set_c_clean	14	870593	43	1	64.09954071044922	0.06913766264915466	203.81	4	DeepCheck
genome_432	100.0	71.223614	GB_GCA_022763365.1	Patescibacteriota	set_c_clean	17	1305628	43	2	79.31945037841797	2.2894248962402344	203.81	4	DeepCheck
genome_433	100.0	0.205238	GB_GCA_022763365.1	Patescibacteriota	set_c_clean	2	764093	43	3	91.47647857666016	-0.27312859892845154	203.81	4	DeepCheck
genome_434	80.117583	44.233261	GB_GCA_022763365.1	Patescibacteriota	set_c_clean	16	948210	43	4	70.26935577392578	1.023808479309082	203.81	4	DeepCheck
genome_435	100.0	72.624218	GB_GCA_022763365.1	Patescibacteriota	set_c_clean	85	1316308	43	5	82.67539978027344	2.357081413269043	203.81	4	DeepCheck
genome_436	82.753814	24.667291	GB_GCA_022763365.1	Patescibacteriota	set_c_clean	14	819116	43	6	63.208518981933594	5.579696178436279	203.81	4	DeepCheck
genome_437	76.519157	0.836166	GB_GCA_022763365.1	Patescibacteriota	set_c_clean	69	589856	43	7	73.10926055908203	-0.18042102456092834	203.81	4	DeepCheck
genome_438	100.0	2.5064	GB_GCA_022763365.1	Patescibacteriota	set_c_clean	3	781640	43	8	89.4919662475586	-0.1617833971977234	203.81	4	DeepCheck
genome_439	73.057514	32.796435	GB_GCA_022763365.1	Patescibacteriota	set_c_clean	9	807166	43	9	58.40837860107422	0.9911563396453857	203.81	4	DeepCheck
genome_440	100.0	43.409391	GB_GCA_023245035.1	Patescibacteriota	set_c_clean	2	1026675	44	0	62.23484420776367	0.06623342633247375	203.81	4	DeepCheck
genome_441	100.0	7.707447	GB_GCA_023245035.1	Patescibacteriota	set_c_clean	3	771083	44	1	76.94444274902344	-0.35319626331329346	203.81	4	DeepCheck
genome_442	100.0	90.944469	GB_GCA_023245035.1	Patescibacteriota	set_c_clean	8	1366981	44	2	63.93782043457031	2.5631885528564453	203.81	4	DeepCheck
genome_443	89.151494	70.219093	GB_GCA_023245035.1	Patescibacteriota	set_c_clean	20	1140942	44	3	56.119441986083984	0.1219581812620163	203.81	4	DeepCheck
genome_444	61.724391	61.724391	GB_GCA_023245035.1	Patescibacteriota	set_c_clean	24	883776	44	4	45.019775390625	0.32980144023895264	203.81	4	DeepCheck
genome_445	78.551065	62.068291	GB_GCA_023245035.1	Patescibacteriota	set_c_clean	5	1006701	44	5	47.57329559326172	1.5583653450012207	203.81	4	DeepCheck
genome_446	100.0	10.492314	GB_GCA_023245035.1	Patescibacteriota	set_c_clean	2	791020	44	6	70.1489028930664	0.27470624446868896	203.81	4	DeepCheck
genome_447	100.0	82.917706	GB_GCA_023245035.1	Patescibacteriota	set_c_clean	82	1309517	44	7	74.18885803222656	9.386496543884277	203.81	4	DeepCheck
genome_448	90.266865	58.775256	GB_GCA_023245035.1	Patescibacteriota	set_c_clean	11	1067000	44	8	65.0599365234375	3.2007510662078857	203.81	4	DeepCheck
genome_449	57.970401	57.970401	GB_GCA_023245035.1	Patescibacteriota	set_c_clean	33	830026	44	9	49.34841537475586	1.8354918956756592	203.81	4	DeepCheck
genome_450	100.0	56.498513	GB_GCA_023267755.1	Patescibacteriota	set_c_clean	3	913161	45	0	83.04523468017578	5.032240390777588	203.81	4	DeepCheck
genome_451	100.0	6.671522	GB_GCA_023267755.1	Patescibacteriota	set_c_clean	6	622423	45	1	89.89362335205078	0.34511685371398926	203.81	4	DeepCheck
genome_452	57.353019	57.353019	GB_GCA_023267755.1	Patescibacteriota	set_c_clean	32	669304	45	2	49.30229949951172	1.0818742513656616	203.81	4	DeepCheck
genome_453	56.121475	56.121475	GB_GCA_023267755.1	Patescibacteriota	set_c_clean	11	654932	45	3	55.394317626953125	-0.14311149716377258	203.81	4	DeepCheck
genome_454	89.983633	81.329232	GB_GCA_023267755.1	Patescibacteriota	set_c_clean	64	999602	45	4	67.40056610107422	1.1455439329147339	203.81	4	DeepCheck
genome_455	100.0	34.034739	GB_GCA_023267755.1	Patescibacteriota	set_c_clean	2	782086	45	5	83.23392486572266	1.7395533323287964	203.81	4	DeepCheck
genome_456	66.615309	66.615309	GB_GCA_023267755.1	Patescibacteriota	set_c_clean	30	777394	45	6	52.476112365722656	4.911942958831787	203.81	4	DeepCheck
genome_457	61.491701	3.836879	GB_GCA_023267755.1	Patescibacteriota	set_c_clean	5	381189	45	7	52.61249542236328	0.007646530866622925	203.81	4	DeepCheck
genome_458	100.0	44.83089	GB_GCA_023267755.1	Patescibacteriota	set_c_clean	42	845081	45	8	75.74691009521484	0.5948379635810852	203.81	4	DeepCheck
genome_459	100.0	91.943547	GB_GCA_023267755.1	Patescibacteriota	set_c_clean	5	1119981	45	9	79.87100982666016	8.978822708129883	203.81	4	DeepCheck
genome_460	77.01868	39.379915	GB_GCA_025999275.1	Patescibacteriota	set_c_clean	25	914730	46	0	43.30247116088867	0.2537194490432739	203.81	4	DeepCheck
genome_461	100.0	29.737994	GB_GCA_025999275.1	Patescibacteriota	set_c_clean	5	1019559	46	1	72.1109390258789	0.5951050519943237	203.81	4	DeepCheck
genome_462	73.322093	38.718601	GB_GCA_025999275.1	Patescibacteriota	set_c_clean	29	880483	46	2	50.941646575927734	-0.14216601848602295	203.81	4	DeepCheck
genome_463	79.514799	76.976561	GB_GCA_025999275.1	Patescibacteriota	set_c_clean	7	1229803	46	3	41.23806381225586	0.4276934862136841	203.81	4	DeepCheck
genome_464	100.0	16.111521	GB_GCA_025999275.1	Patescibacteriota	set_c_clean	13	912474	46	4	89.2515869140625	4.493990421295166	203.81	4	DeepCheck
genome_465	100.0	78.302497	GB_GCA_025999275.1	Patescibacteriota	set_c_clean	19	1401208	46	5	72.10328674316406	3.369077682495117	203.81	4	DeepCheck
genome_466	68.053979	66.64215	GB_GCA_025999275.1	Patescibacteriota	set_c_clean	65	1058523	46	6	61.66752624511719	1.9902087450027466	203.81	4	DeepCheck
genome_467	100.0	63.352378	GB_GCA_025999275.1	Patescibacteriota	set_c_clean	4	1283721	46	7	61.88448715209961	0.24431124329566956	203.81	4	DeepCheck
genome_468	84.659863	46.13977	GB_GCA_025999275.1	Patescibacteriota	set_c_clean	38	1027902	46	8	57.2253303527832	0.09458661079406738	203.81	4	DeepCheck
genome_469	64.978368	15.754206	GB_GCA_025999275.1	Patescibacteriota	set_c_clean	7	634445	46	9	68.16259002685547	0.22880658507347107	203.81	4	DeepCheck
genome_470	100.0	93.089954	GB_GCA_026396275.1	Patescibacteriota	set_c_clean	18	1564102	47	0	66.51329803466797	1.7138726711273193	203.81	4	DeepCheck
genome_471	69.273417	39.466667	GB_GCA_026396275.1	Patescibacteriota	set_c_clean	18	880836	47	1	54.258026123046875	1.0764755010604858	203.81	4	DeepCheck
genome_472	100.0	48.662162	GB_GCA_026396275.1	Patescibacteriota	set_c_clean	25	1204220	47	2	63.33134078979492	5.162769794464111	203.81	4	DeepCheck
genome_473	84.744172	14.994605	GB_GCA_026396275.1	Patescibacteriota	set_c_clean	5	807922	47	3	61.87773895263672	1.441428780555725	203.81	4	DeepCheck
genome_474	100.0	78.645446	GB_GCA_026396275.1	Patescibacteriota	set_c_clean	14	1447096	47	4	69.18711853027344	7.03031587600708	203.81	4	DeepCheck
genome_475	57.82988	22.402653	GB_GCA_026396275.1	Patescibacteriota	set_c_clean	9	649914	47	5	51.930450439453125	0.3082387149333954	203.81	4	DeepCheck
genome_476	100.0	16.723536	GB_GCA_026396275.1	Patescibacteriota	set_c_clean	4	945505	47	6	73.63081359863281	0.05086734890937805	203.81	4	DeepCheck
genome_477	100.0	17.145862	GB_GCA_026396275.1	Patescibacteriota	set_c_clean	2	948926	47	7	70.22359466552734	0.0795658677816391	203.81	4	DeepCheck
genome_478	100.0	92.15901	GB_GCA_026396275.1	Patescibacteriota	set_c_clean	13	1556561	47	8	71.86343383789062	4.699404239654541	203.81	4	DeepCheck
genome_479	87.276152	17.136233	GB_GCA_026396275.1	Patescibacteriota	set_c_clean	12	845780	47	9	61.234046936035156	-0.17342939972877502	203.81	4	DeepCheck
genome_480	100.0	92.423744	GB_GCA_026396515.1	Patescibacteriota	set_c_clean	11	1859102	48	0	77.30281066894531	11.442825317382812	203.81	4	DeepCheck
genome_481	100.0	61.184806	GB_GCA_026396515.1	Patescibacteriota	set_c_clean	240	1557287	48	1	63.90461730957031	1.744903564453125	203.81	4	DeepCheck
genome_482	61.135538	8.612327	GB_GCA_026396515.1	Patescibacteriota	set_c_clean	21	673869	48	2	72.01678466796875	1.4282212257385254	203.81	4	DeepCheck
genome_483	88.589763	88.208767	GB_GCA_026396515.1	Patescibacteriota	set_c_clean	29	1708139	48	3	71.71001434326172	7.809643268585205	203.81	4	DeepCheck
genome_484	80.851007	28.109403	GB_GCA_026396515.1	Patescibacteriota	set_c_clean	25	1052721	48	4	61.08765411376953	1.5177518129348755	203.81	4	DeepCheck
genome_485	100.0	77.216685	GB_GCA_026396515.1	Patescibacteriota	set_c_clean	7	1712179	48	5	60.57929229736328	1.8700108528137207	203.81	4	DeepCheck
genome_486	100.0	2.25141	GB_GCA_026396515.1	Patescibacteriota	set_c_clean	2	987902	48	6	88.68759155273438	0.8282743692398071	203.81	4	DeepCheck
genome_487	100.0	61.584019	GB_GCA_026396515.1	Patescibacteriota	set_c_clean	9	1561144	48	7	86.63165283203125	8.897315979003906	203.81	4	DeepCheck
genome_488	100.0	69.536511	GB_GCA_026396515.1	Patescibacteriota	set_c_clean	4	1637977	48	8	69.93153381347656	5.857178688049316	203.81	4	DeepCheck
genome_489	100.0	75.451948	GB_GCA_026396515.1	Patescibacteriota	set_c_clean	5	1695129	48	9	65.13438415527344	3.984663248062134	203.81	4	DeepCheck
genome_490	90.48192	44.425604	GB_GCA_026417895.1	Patescibacteriota	set_c_clean	2	876764	49	0	74.55497741699219	-0.4684366285800934	203.81	4	DeepCheck
genome_491	79.33082	24.441914	GB_GCA_026417895.1	Patescibacteriota	set_c_clean	8	674419	49	1	73.70178985595703	0.34973955154418945	203.81	4	DeepCheck
genome_492	71.758578	33.00277	GB_GCA_026417895.1	Patescibacteriota	set_c_clean	39	680844	49	2	55.38389205932617	0.3227218985557556	203.81	4	DeepCheck
genome_493	100.0	33.733344	GB_GCA_026417895.1	Patescibacteriota	set_c_clean	2	869133	49	3	73.29295349121094	0.18452443182468414	203.81	4	DeepCheck
genome_494	84.450992	13.209878	GB_GCA_026417895.1	Patescibacteriota	set_c_clean	68	634698	49	4	50.823028564453125	0.2598129212856293	203.81	4	DeepCheck
genome_495	100.0	27.899215	GB_GCA_026417895.1	Patescibacteriota	set_c_clean	6	831217	49	5	74.0284194946289	-0.019890815019607544	203.81	4	DeepCheck
genome_496	74.723034	74.723034	GB_GCA_026417895.1	Patescibacteriota	set_c_clean	38	971250	49	6	56.58371353149414	4.936090469360352	203.81	4	DeepCheck
genome_497	100.0	62.003693	GB_GCA_026417895.1	Patescibacteriota	set_c_clean	5	1052862	49	7	72.63944244384766	0.20166300237178802	203.81	4	DeepCheck
genome_498	100.0	38.131251	GB_GCA_026417895.1	Patescibacteriota	set_c_clean	2	897715	49	8	76.64935302734375	-0.033546239137649536	203.81	4	DeepCheck
genome_499	81.45807	71.139868	GB_GCA_026417895.1	Patescibacteriota	set_c_clean	27	991734	49	9	53.43684005737305	1.7956115007400513	203.81	4	DeepCheck
genome_500	100.0	36.266842	GB_GCA_027422835.1	Patescibacteriota	set_c_clean	12	952820	50	0	86.52779388427734	1.7661571502685547	203.81	4	DeepCheck
genome_501	70.653189	70.653189	GB_GCA_027422835.1	Patescibacteriota	set_c_clean	60	988058	50	1	61.748619079589844	1.8971930742263794	203.81	4	DeepCheck
genome_502	94.17317	41.644464	GB_GCA_027422835.1	Patescibacteriota	set_c_clean	6	949679	50	2	81.83116912841797	3.593078136444092	203.81	4	DeepCheck
genome_503	100.0	78.808863	GB_GCA_027422835.1	Patescibacteriota	set_c_clean	9	1250287	50	3	67.64511108398438	5.224457740783691	203.81	4	DeepCheck
genome_504	57.161939	20.724768	GB_GCA_027422835.1	Patescibacteriota	set_c_clean	29	544608	50	4	50.128849029541016	-0.06820410490036011	203.81	4	DeepCheck
genome_505	100.0	78.205343	GB_GCA_027422835.1	Patescibacteriota	set_c_clean	4	1246067	50	5	61.24561309814453	0.18428191542625427	203.81	4	DeepCheck
genome_506	54.506308	54.506308	GB_GCA_027422835.1	Patescibacteriota	set_c_clean	51	762250	50	6	40.322410583496094	1.1644761562347412	203.81	4	DeepCheck
genome_507	65.317041	65.317041	GB_GCA_027422835.1	Patescibacteriota	set_c_clean	5	913434	50	7	53.25006103515625	1.2139625549316406	203.81	4	DeepCheck
genome_508	54.025208	25.477417	GB_GCA_027422835.1	Patescibacteriota	set_c_clean	38	555907	50	8	56.12851333618164	0.6935663223266602	203.81	4	DeepCheck
genome_509	79.467444	73.76618	GB_GCA_027422835.1	Patescibacteriota	set_c_clean	23	1071457	50	9	60.85505676269531	1.8462538719177246	203.81	4	DeepCheck
genome_510	70.65271	58.109507	GB_GCA_028710985.1	Patescibacteriota	set_c_clean	8	1324434	51	0	62.8925666809082	5.287954807281494	203.81	4	DeepCheck
genome_511	55.85331	55.85331	GB_GCA_028710985.1	Patescibacteriota	set_c_clean	5	1149002	51	1	43.738182067871094	0.459299236536026	203.81	4	DeepCheck
genome_512	68.862393	57.036873	GB_GCA_028710985.1	Patescibacteriota	set_c_clean	31	1294986	51	2	59.493560791015625	1.8010716438293457	203.81	4	DeepCheck
genome_513	93.626026	30.922847	GB_GCA_028710985.1	Patescibacteriota	set_c_clean	65	1281096	51	3	69.37150573730469	6.590324401855469	203.81	4	DeepCheck
genome_514	79.591363	79.591363	GB_GCA_028710985.1	Patescibacteriota	set_c_clean	12	1637336	51	4	66.84458923339844	7.493616104125977	203.81	4	DeepCheck
genome_515	100.0	63.105186	GB_GCA_028710985.1	Patescibacteriota	set_c_clean	5	1677682	51	5	67.73090362548828	9.063185691833496	203.81	4	DeepCheck
genome_516	71.99134	14.670777	GB_GCA_028710985.1	Patescibacteriota	set_c_clean	28	891397	51	6	64.76565551757812	0.08488260209560394	203.81	4	DeepCheck
genome_517	60.442509	25.472468	GB_GCA_028710985.1	Patescibacteriota	set_c_clean	85	883712	51	7	58.92314147949219	2.5516960620880127	203.81	4	DeepCheck
genome_518	70.201217	24.022423	GB_GCA_028710985.1	Patescibacteriota	set_c_clean	3	969174	51	8	65.8248291015625	0.11813640594482422	203.81	4	DeepCheck
genome_519	65.812973	38.183667	GB_GCA_028710985.1	Patescibacteriota	set_c_clean	6	1069698	51	9	53.33842468261719	1.8764148950576782	203.81	4	DeepCheck
genome_520	58.534097	58.534097	GB_GCA_028718865.1	Patescibacteriota	set_c_clean	10	1026818	52	0	55.363094329833984	1.6871858835220337	203.81	4	DeepCheck
genome_521	100.0	19.102029	GB_GCA_028718865.1	Patescibacteriota	set_c_clean	4	1044657	52	1	73.1020736694336	0.46149417757987976	203.81	4	DeepCheck
genome_522	79.634847	1.430606	GB_GCA_028718865.1	Patescibacteriota	set_c_clean	7	711034	52	2	60.84206008911133	-0.1698426902294159	203.81	4	DeepCheck
genome_523	60.575115	4.840436	GB_GCA_028718865.1	Patescibacteriota	set_c_clean	45	573767	52	3	44.65179443359375	0.032632797956466675	203.81	4	DeepCheck
genome_524	83.76169	56.411218	GB_GCA_028718865.1	Patescibacteriota	set_c_clean	3	1229472	52	4	69.81233215332031	4.7948408126831055	203.81	4	DeepCheck
genome_525	65.980475	34.563014	GB_GCA_028718865.1	Patescibacteriota	set_c_clean	26	881878	52	5	46.5286750793457	0.6140246987342834	203.81	4	DeepCheck
genome_526	85.768278	80.824662	GB_GCA_028718865.1	Patescibacteriota	set_c_clean	5	1461205	52	6	61.69847106933594	7.273560047149658	203.81	4	DeepCheck
genome_527	88.094323	29.832598	GB_GCA_028718865.1	Patescibacteriota	set_c_clean	18	1034350	52	7	67.13706970214844	6.736882209777832	203.81	4	DeepCheck
genome_528	100.0	94.455092	GB_GCA_028718865.1	Patescibacteriota	set_c_clean	3	1705587	52	8	77.9400634765625	9.17396354675293	203.81	4	DeepCheck
genome_529	82.39151	78.997071	GB_GCA_028718865.1	Patescibacteriota	set_c_clean	24	1415557	52	9	51.61807632446289	0.7639851570129395	203.81	4	DeepCheck
genome_530	100.0	40.264195	GB_GCA_028865035.1	Patescibacteriota	set_c_clean	3	1030925	53	0	92.50919342041016	-0.11353492736816406	203.81	4	DeepCheck
genome_531	51.838942	49.876597	GB_GCA_028865035.1	Patescibacteriota	set_c_clean	13	747597	53	1	36.47332000732422	0.21053478121757507	203.81	4	DeepCheck
genome_532	73.202011	2.338269	GB_GCA_028865035.1	Patescibacteriota	set_c_clean	4	555212	53	2	73.7330322265625	-0.17660856246948242	203.81	4	DeepCheck
genome_533	58.174147	58.174011	GB_GCA_028865035.1	Patescibacteriota	set_c_clean	21	855145	53	3	43.26024627685547	1.3982892036437988	203.81	4	DeepCheck
genome_534	100.0	21.778315	GB_GCA_028865035.1	Patescibacteriota	set_c_clean	2	895056	53	4	93.50467681884766	-0.1516088843345642	203.81	4	DeepCheck
genome_535	71.062385	20.888096	GB_GCA_028865035.1	Patescibacteriota	set_c_clean	129	675825	53	5	49.077789306640625	0.22133328020572662	203.81	4	DeepCheck
genome_536	73.198882	1.377165	GB_GCA_028865035.1	Patescibacteriota	set_c_clean	6	548125	53	6	74.24274444580078	0.07898136973381042	203.81	4	DeepCheck
genome_537	100.0	52.899367	GB_GCA_028865035.1	Patescibacteriota	set_c_clean	6	1123792	53	7	70.56951904296875	4.74434757232666	203.81	4	DeepCheck
genome_538	69.135823	69.135823	GB_GCA_028865035.1	Patescibacteriota	set_c_clean	28	1016280	53	8	51.77440643310547	2.2052974700927734	203.81	4	DeepCheck
genome_539	100.0	54.700213	GB_GCA_028865035.1	Patescibacteriota	set_c_clean	11	1137028	53	9	78.00422668457031	9.538492202758789	203.81	4	DeepCheck
genome_540	100.0	64.386701	GB_GCA_028870835.1	Patescibacteriota	set_c_clean	19	1623728	54	0	71.01093292236328	6.374746322631836	203.81	4	DeepCheck
genome_541	50.590687	29.386109	GB_GCA_028870835.1	Patescibacteriota	set_c_clean	57	789970	54	1	34.32878112792969	1.599853515625	203.81	4	DeepCheck
genome_542	100.0	47.08595	GB_GCA_028870835.1	Patescibacteriota	set_c_clean	55	1452840	54	2	74.1604232788086	1.5275806188583374	203.81	4	DeepCheck
genome_543	100.0	63.684094	GB_GCA_028870835.1	Patescibacteriota	set_c_clean	24	1616788	54	3	69.27644348144531	1.7760075330734253	203.81	4	DeepCheck
genome_544	61.862072	47.824295	GB_GCA_028870835.1	Patescibacteriota	set_c_clean	14	1083426	54	4	34.912174224853516	0.1573357731103897	203.81	4	DeepCheck
genome_545	59.721447	8.386139	GB_GCA_028870835.1	Patescibacteriota	set_c_clean	6	672732	54	5	43.19466781616211	0.2749141454696655	203.81	4	DeepCheck
genome_546	100.0	44.881544	GB_GCA_028870835.1	Patescibacteriota	set_c_clean	20	1431066	54	6	83.85565948486328	-0.08564889430999756	203.81	4	DeepCheck
genome_547	100.0	93.246766	GB_GCA_028870835.1	Patescibacteriota	set_c_clean	124	1908793	54	7	65.98554992675781	1.902782917022705	203.81	4	DeepCheck
genome_548	100.0	98.243177	GB_GCA_028870835.1	Patescibacteriota	set_c_clean	22	1958145	54	8	75.96733856201172	8.159773826599121	203.81	4	DeepCheck
genome_549	100.0	2.484741	GB_GCA_028870835.1	Patescibacteriota	set_c_clean	2	1012292	54	9	91.85231018066406	0.24195462465286255	203.81	4	DeepCheck
genome_550	61.346515	50.163333	GB_GCA_029288615.1	Patescibacteriota	set_c_clean	8	878653	55	0	34.46579360961914	0.04388466477394104	203.81	4	DeepCheck
genome_551	100.0	78.429362	GB_GCA_029288615.1	Patescibacteriota	set_c_clean	175	1405952	55	1	63.313865661621094	4.859628677368164	203.81	4	DeepCheck
genome_552	80.154323	59.151607	GB_GCA_029288615.1	Patescibacteriota	set_c_clean	11	1097675	55	2	60.27703094482422	7.479217529296875	203.81	4	DeepCheck
genome_553	72.563201	12.504188	GB_GCA_029288615.1	Patescibacteriota	set_c_clean	7	670297	55	3	58.73729705810547	-0.13520494103431702	203.81	4	DeepCheck
genome_554	70.500025	66.734606	GB_GCA_029288615.1	Patescibacteriota	set_c_clean	80	1081354	55	4	48.45728302001953	1.932746171951294	203.81	4	DeepCheck
genome_555	100.0	69.478654	GB_GCA_029288615.1	Patescibacteriota	set_c_clean	15	1335424	55	5	64.18050384521484	1.304574728012085	203.81	4	DeepCheck
genome_556	85.846997	85.846997	GB_GCA_029288615.1	Patescibacteriota	set_c_clean	17	1352880	55	6	53.456199645996094	0.12681186199188232	203.81	4	DeepCheck
genome_557	83.737499	76.995533	GB_GCA_029288615.1	Patescibacteriota	set_c_clean	73	1266512	55	7	65.48127746582031	5.690269947052002	203.81	4	DeepCheck
genome_558	100.0	87.071552	GB_GCA_029288615.1	Patescibacteriota	set_c_clean	7	1474049	55	8	74.18852233886719	5.483747482299805	203.81	4	DeepCheck
genome_559	85.084141	85.084141	GB_GCA_029288615.1	Patescibacteriota	set_c_clean	67	1340858	55	9	56.64775466918945	2.254349708557129	203.81	4	DeepCheck
genome_560	92.772939	80.982743	GB_GCA_030531645.1	Patescibacteriota	set_c_clean	109	1339665	56	0	72.99528503417969	9.161205291748047	203.81	4	DeepCheck
genome_561	100.0	31.213805	GB_GCA_030531645.1	Patescibacteriota	set_c_clean	8	1011665	56	1	82.976318359375	4.601563453674316	203.81	4	DeepCheck
genome_562	100.0	90.337417	GB_GCA_030531645.1	Patescibacteriota	set_c_clean	27	1467511	56	2	72.5307846069336	4.860127925872803	203.81	4	DeepCheck
genome_563	100.0	8.415639	GB_GCA_030531645.1	Patescibacteriota	set_c_clean	2	835890	56	3	95.17047882080078	-0.2837143838405609	203.81	4	DeepCheck
genome_564	100.0	62.247456	GB_GCA_030531645.1	Patescibacteriota	set_c_clean	78	1250936	56	4	72.35833740234375	5.137234687805176	203.81	4	DeepCheck
genome_565	58.672642	58.672512	GB_GCA_030531645.1	Patescibacteriota	set_c_clean	21	904737	56	5	47.28252410888672	0.3647364675998688	203.81	4	DeepCheck
genome_566	100.0	9.17854	GB_GCA_030531645.1	Patescibacteriota	set_c_clean	2	841772	56	6	93.3516616821289	0.3473132848739624	203.81	4	DeepCheck
genome_567	100.0	72.301995	GB_GCA_030531645.1	Patescibacteriota	set_c_clean	59	1328457	56	7	74.71874237060547	3.643998861312866	203.81	4	DeepCheck
genome_568	69.887614	11.052717	GB_GCA_030531645.1	Patescibacteriota	set_c_clean	14	624054	56	8	62.107364654541016	0.7658812999725342	203.81	4	DeepCheck
genome_569	87.017205	82.645768	GB_GCA_030531645.1	Patescibacteriota	set_c_clean	30	1308110	56	9	69.96172332763672	6.625491142272949	203.81	4	DeepCheck
genome_570	83.300638	55.554204	GB_GCA_030616085.1	Patescibacteriota	set_c_clean	6	1027748	57	0	64.52169799804688	1.7989039421081543	203.81	4	DeepCheck
genome_571	69.658587	25.990462	GB_GCA_030616085.1	Patescibacteriota	set_c_clean	38	707956	57	1	44.192474365234375	0.015085190534591675	203.81	4	DeepCheck
genome_572	62.696444	62.696444	GB_GCA_030616085.1	Patescibacteriota	set_c_clean	6	928108	57	2	44.34067153930664	1.0231785774230957	203.81	4	DeepCheck
genome_573	100.0	23.991164	GB_GCA_030616085.1	Patescibacteriota	set_c_clean	2	917733	57	3	73.59356689453125	0.5845375061035156	203.81	4	DeepCheck
genome_574	100.0	90.176583	GB_GCA_030616085.1	Patescibacteriota	set_c_clean	6	1407611	57	4	58.24288558959961	2.3419857025146484	203.81	4	DeepCheck
genome_575	100.0	34.582793	GB_GCA_030616085.1	Patescibacteriota	set_c_clean	8	996128	57	5	78.22332763671875	8.662036895751953	203.81	4	DeepCheck
genome_576	63.949957	0.169288	GB_GCA_030616085.1	Patescibacteriota	set_c_clean	18	474585	57	6	42.94569396972656	0.21706297993659973	203.81	4	DeepCheck
genome_577	77.084414	72.507836	GB_GCA_030616085.1	Patescibacteriota	set_c_clean	29	1107222	57	7	45.981876373291016	4.655535697937012	203.81	4	DeepCheck
genome_578	100.0	9.538073	GB_GCA_030616085.1	Patescibacteriota	set_c_clean	14	810757	57	8	76.39004516601562	0.024675577878952026	203.81	4	DeepCheck
genome_579	51.82447	13.269158	GB_GCA_030616085.1	Patescibacteriota	set_c_clean	17	481797	57	9	37.09883117675781	0.5017411112785339	203.81	4	DeepCheck
genome_580	81.434838	81.12498	GB_GCA_035390125.1	Patescibacteriota	set_c_clean	25	1353013	58	0	56.03141784667969	0.17880871891975403	203.81	4	DeepCheck
genome_581	100.0	18.370284	GB_GCA_035390125.1	Patescibacteriota	set_c_clean	10	985216	58	1	85.48210144042969	0.1352466642856598	203.81	4	DeepCheck
genome_582	100.0	82.925736	GB_GCA_035390125.1	Patescibacteriota	set_c_clean	10	1522522	58	2	74.2817153930664	5.159800052642822	203.81	4	DeepCheck
genome_583	100.0	56.643202	GB_GCA_035390125.1	Patescibacteriota	set_c_clean	2	1303768	58	3	74.91069030761719	6.665820121765137	203.81	4	DeepCheck
genome_584	73.651265	20.865007	GB_GCA_035390125.1	Patescibacteriota	set_c_clean	9	786675	58	4	57.00101852416992	-0.02850070595741272	203.81	4	DeepCheck
genome_585	93.03871	93.03871	GB_GCA_035390125.1	Patescibacteriota	set_c_clean	6	1548754	58	5	67.31404876708984	3.3189337253570557	203.81	4	DeepCheck
genome_586	67.516343	65.582825	GB_GCA_035390125.1	Patescibacteriota	set_c_clean	23	1107807	58	6	58.15534591674805	1.6213655471801758	203.81	4	DeepCheck
genome_587	78.737188	10.687274	GB_GCA_035390125.1	Patescibacteriota	set_c_clean	38	744295	58	7	64.1137924194336	-0.059910863637924194	203.81	4	DeepCheck
genome_588	89.385775	33.184952	GB_GCA_035390125.1	Patescibacteriota	set_c_clean	2	1020177	58	8	70.14197540283203	0.37278980016708374	203.81	4	DeepCheck
genome_589	76.037255	55.417347	GB_GCA_035390125.1	Patescibacteriota	set_c_clean	26	1094119	58	9	60.8408088684082	1.0700716972351074	203.81	4	DeepCheck
genome_590	100.0	64.783007	GB_GCA_035445505.1	Patescibacteriota	set_c_clean	38	1389653	59	0	80.57060241699219	8.207504272460938	203.81	4	DeepCheck
genome_591	100.0	6.816961	GB_GCA_035445505.1	Patescibacteriota	set_c_clean	7	900812	59	1	94.31431579589844	0.3465406596660614	203.81	4	DeepCheck
genome_592	76.691849	18.811772	GB_GCA_035445505.1	Patescibacteriota	set_c_clean	13	805404	59	2	74.54552459716797	1.6612745523452759	203.81	4	DeepCheck
genome_593	100.0	24.999674	GB_GCA_035445505.1	Patescibacteriota	set_c_clean	2	1054151	59	3	98.2376480102539	0.17660409212112427	203.81	4	DeepCheck
genome_594	94.980097	8.93086	GB_GCA_035445505.1	Patescibacteriota	set_c_clean	3	876305	59	4	97.05284118652344	0.24480968713760376	203.81	4	DeepCheck
genome_595	100.0	56.652315	GB_GCA_035445505.1	Patescibacteriota	set_c_clean	57	1321085	59	5	73.29837036132812	4.945853233337402	203.81	4	DeepCheck
genome_596	56.619231	56.619231	GB_GCA_035445505.1	Patescibacteriota	set_c_clean	6	954966	59	6	35.274532318115234	0.23772381246089935	203.81	4	DeepCheck
genome_597	100.0	65.568234	GB_GCA_035445505.1	Patescibacteriota	set_c_clean	3	1396275	59	7	80.50369262695312	15.392202377319336	203.81	4	DeepCheck
genome_598	100.0	7.600765	GB_GCA_035445505.1	Patescibacteriota	set_c_clean	2	907422	59	8	96.92768096923828	0.10903477668762207	203.81	4	DeepCheck
genome_599	100.0	92.827541	GB_GCA_035445505.1	Patescibacteriota	set_c_clean	48	1626159	59	9	75.8469467163086	5.4802656173706055	203.81	4	DeepCheck
genome_600	100.0	65.925098	GB_GCA_035489575.1	Patescibacteriota	set_c_clean	35	2518816	60	0	68.00167083740234	9.47445011138916	203.81	4	DeepCheck
genome_601	100.0	39.697202	GB_GCA_035489575.1	Patescibacteriota	set_c_clean	5	2120665	60	1	70.47382354736328	19.964460372924805	203.81	4	DeepCheck
genome_602	100.0	19.124281	GB_GCA_035489575.1	Patescibacteriota	set_c_clean	24	1808359	60	2	78.23602294921875	5.085113048553467	203.81	4	DeepCheck
genome_603	74.776225	11.446045	GB_GCA_035489575.1	Patescibacteriota	set_c_clean	5	1308892	60	3	60.35091781616211	1.847356915473938	203.81	4	DeepCheck
genome_604	99.483809	99.483809	GB_GCA_035489575.1	Patescibacteriota	set_c_clean	16	3020416	60	4	81.59550476074219	19.764371871948242	203.81	4	DeepCheck
genome_605	83.843222	16.827707	GB_GCA_035489575.1	Patescibacteriota	set_c_clean	13	1528229	60	5	62.816246032714844	1.9292361736297607	203.81	4	DeepCheck
genome_606	93.760919	4.691893	GB_GCA_035489575.1	Patescibacteriota	set_c_clean	10	1494557	60	6	76.55286407470703	1.880645751953125	203.81	4	DeepCheck
genome_607	82.916042	82.916042	GB_GCA_035489575.1	Patescibacteriota	set_c_clean	33	2517404	60	7	84.45123291015625	13.16843032836914	203.81	4	DeepCheck
genome_608	56.459562	37.077054	GB_GCA_035489575.1	Patescibacteriota	set_c_clean	15	1419927	60	8	63.56353759765625	5.449116230010986	203.81	4	DeepCheck
genome_609	73.978093	40.333021	GB_GCA_035489575.1	Patescibacteriota	set_c_clean	174	1735293	60	9	63.68730163574219	8.553166389465332	203.81	4	DeepCheck
genome_610	61.90288	61.90288	GB_GCA_035690865.1	Patescibacteriota	set_c_clean	16	1475574	61	0	49.42020034790039	4.870962142944336	203.81	4	DeepCheck
genome_611	70.412369	21.352675	GB_GCA_035690865.1	Patescibacteriota	set_c_clean	21	1093698	61	1	74.838623046875	5.023449420928955	203.81	4	DeepCheck
genome_612	89.062849	14.891018	GB_GCA_035690865.1	Patescibacteriota	set_c_clean	39	1238970	61	2	80.42180633544922	2.000246286392212	203.81	4	DeepCheck
genome_613	73.811633	73.811633	GB_GCA_035690865.1	Patescibacteriota	set_c_clean	390	1759442	61	3	55.01007843017578	4.940489768981934	203.81	4	DeepCheck
genome_614	81.063577	17.356101	GB_GCA_035690865.1	Patescibacteriota	set_c_clean	13	1173011	61	4	80.69096374511719	0.1895315945148468	203.81	4	DeepCheck
genome_615	89.560312	47.19301	GB_GCA_035690865.1	Patescibacteriota	set_c_clean	6	1629889	61	5	76.39562225341797	13.499773025512695	203.81	4	DeepCheck
genome_616	70.749745	49.622854	GB_GCA_035690865.1	Patescibacteriota	set_c_clean	11	1434656	61	6	66.88224029541016	7.194551944732666	203.81	4	DeepCheck
genome_617	100.0	92.094532	GB_GCA_035690865.1	Patescibacteriota	set_c_clean	10	2289471	61	7	81.25301361083984	16.91370964050293	203.81	4	DeepCheck
genome_618	56.721506	20.764763	GB_GCA_035690865.1	Patescibacteriota	set_c_clean	85	923517	61	8	49.42622756958008	6.537858963012695	203.81	4	DeepCheck
genome_619	52.48522	52.48522	GB_GCA_035690865.1	Patescibacteriota	set_c_clean	7	1251086	61	9	42.761356353759766	0.06323903799057007	203.81	4	DeepCheck
genome_620	100.0	40.821013	GB_GCA_036388555.1	Patescibacteriota	set_c_clean	2	1988856	62	0	79.4784164428711	9.846464157104492	203.81	4	DeepCheck
genome_621	90.495133	13.911914	GB_GCA_036388555.1	Patescibacteriota	set_c_clean	9	1474571	62	1	67.69857025146484	0.11162161827087402	203.81	4	DeepCheck
genome_622	80.19824	58.846345	GB_GCA_036388555.1	Patescibacteriota	set_c_clean	6	1963767	62	2	58.629371643066406	6.642180442810059	203.81	4	DeepCheck
genome_623	86.543999	59.396288	GB_GCA_036388555.1	Patescibacteriota	set_c_clean	17	2061157	62	3	65.17233276367188	9.116490364074707	203.81	4	DeepCheck
genome_624	71.467625	62.775175	GB_GCA_036388555.1	Patescibacteriota	set_c_clean	57	1895950	62	4	56.23495101928711	8.095219612121582	203.81	4	DeepCheck
genome_625	79.452451	65.659418	GB_GCA_036388555.1	Patescibacteriota	set_c_clean	26	2049457	62	5	59.35688781738281	1.7703853845596313	203.81	4	DeepCheck
genome_626	66.268554	3.951346	GB_GCA_036388555.1	Patescibacteriota	set_c_clean	46	991736	62	6	75.07982635498047	3.7535016536712646	203.81	4	DeepCheck
genome_627	85.755019	13.71805	GB_GCA_036388555.1	Patescibacteriota	set_c_clean	13	1404887	62	7	78.0746078491211	0.7280595302581787	203.81	4	DeepCheck
genome_628	85.713669	28.966763	GB_GCA_036388555.1	Patescibacteriota	set_c_clean	234	1619665	62	8	82.3172836303711	6.198389053344727	203.81	4	DeepCheck
genome_629	67.795252	32.404489	GB_GCA_036388555.1	Patescibacteriota	set_c_clean	15	1415150	62	9	57.43846893310547	2.9082677364349365	203.81	4	DeepCheck
genome_630	58.165129	7.637225	GB_GCA_036783885.1	Patescibacteriota	set_c_clean	3	389900	63	0	31.734203338623047	0.21661147475242615	203.81	4	DeepCheck
genome_631	100.0	90.325923	GB_GCA_036783885.1	Patescibacteriota	set_c_clean	41	1127742	63	1	65.2551498413086	3.8971214294433594	203.81	4	DeepCheck
genome_632	73.104744	45.273167	GB_GCA_036783885.1	Patescibacteriota	set_c_clean	13	701427	63	2	43.29523849487305	0.3296229839324951	203.81	4	DeepCheck
genome_633	100.0	92.241094	GB_GCA_036783885.1	Patescibacteriota	set_c_clean	10	1139090	63	3	63.02338790893555	4.897009372711182	203.81	4	DeepCheck
genome_634	100.0	82.007048	GB_GCA_036783885.1	Patescibacteriota	set_c_clean	33	1078450	63	4	70.14280700683594	5.151108264923096	203.81	4	DeepCheck
genome_635	100.0	94.586115	GB_GCA_036783885.1	Patescibacteriota	set_c_clean	4	1152985	63	5	66.06353759765625	4.936844825744629	203.81	4	DeepCheck
genome_636	59.662769	59.662769	GB_GCA_036783885.1	Patescibacteriota	set_c_clean	24	707042	63	6	52.5193977355957	2.3002212047576904	203.81	4	DeepCheck
genome_637	99.781278	37.029393	GB_GCA_036783885.1	Patescibacteriota	set_c_clean	4	810647	63	7	68.25391387939453	0.3295477628707886	203.81	4	DeepCheck
genome_638	80.254569	80.254569	GB_GCA_036783885.1	Patescibacteriota	set_c_clean	83	951068	63	8	49.672760009765625	3.364147186279297	203.81	4	DeepCheck
genome_639	73.266423	33.745688	GB_GCA_036783885.1	Patescibacteriota	set_c_clean	39	634081	63	9	39.91050720214844	0.3350399434566498	203.81	4	DeepCheck
genome_640	69.168692	16.857441	GB_GCA_037137935.1	Patescibacteriota	set_c_clean	5	695560	64	0	77.9151840209961	1.850347638130188	203.81	4	DeepCheck
genome_641	76.140227	24.167239	GB_GCA_037137935.1	Patescibacteriota	set_c_clean	22	811031	64	1	52.64551544189453	2.215681314468384	203.81	4	DeepCheck
genome_642	63.344526	42.443278	GB_GCA_037137935.1	Patescibacteriota	set_c_clean	18	855342	64	2	38.14521408081055	0.7427483797073364	203.81	4	DeepCheck
genome_643	100.0	37.980694	GB_GCA_037137935.1	Patescibacteriota	set_c_clean	12	1115636	64	3	86.99044036865234	2.167037010192871	203.81	4	DeepCheck
genome_644	79.463975	79.463975	GB_GCA_037137935.1	Patescibacteriota	set_c_clean	51	1285004	64	4	60.14492416381836	5.138392448425293	203.81	4	DeepCheck
genome_645	100.0	98.69259	GB_GCA_037137935.1	Patescibacteriota	set_c_clean	13	1606519	64	5	72.79853820800781	5.3853936195373535	203.81	4	DeepCheck
genome_646	78.222115	28.461125	GB_GCA_037137935.1	Patescibacteriota	set_c_clean	25	862582	64	6	79.16384887695312	2.4863905906677246	203.81	4	DeepCheck
genome_647	87.268117	30.678317	GB_GCA_037137935.1	Patescibacteriota	set_c_clean	52	953650	64	7	84.23515319824219	5.2980146408081055	203.81	4	DeepCheck
genome_648	50.187559	50.187559	GB_GCA_037137935.1	Patescibacteriota	set_c_clean	29	811578	64	8	29.75385284423828	0.25468432903289795	203.81	4	DeepCheck
genome_649	100.0	89.082859	GB_GCA_037137935.1	Patescibacteriota	set_c_clean	26	1528820	64	9	73.75424194335938	9.08261489868164	203.81	4	DeepCheck
genome_650	100.0	97.707273	GB_GCA_037142555.1	Patescibacteriota	set_c_clean	4	1535885	65	0	62.105716705322266	1.9163068532943726	203.81	4	DeepCheck
genome_651	52.70336	15.061119	GB_GCA_037142555.1	Patescibacteriota	set_c_clean	36	526427	65	1	43.20468521118164	0.1471634954214096	203.81	4	DeepCheck
genome_652	100.0	47.095442	GB_GCA_037142555.1	Patescibacteriota	set_c_clean	10	1142708	65	2	68.10810089111328	3.2108616828918457	203.81	4	DeepCheck
genome_653	81.878694	72.761724	GB_GCA_037142555.1	Patescibacteriota	set_c_clean	51	1201321	65	3	48.12572479248047	0.6394408941268921	203.81	4	DeepCheck
genome_654	100.0	93.496797	GB_GCA_037142555.1	Patescibacteriota	set_c_clean	14	1503176	65	4	74.85736846923828	7.715183258056641	203.81	4	DeepCheck
genome_655	100.0	53.697506	GB_GCA_037142555.1	Patescibacteriota	set_c_clean	15	1193996	65	5	69.94380950927734	1.7163478136062622	203.81	4	DeepCheck
genome_656	100.0	34.37854	GB_GCA_037142555.1	Patescibacteriota	set_c_clean	5	1043917	65	6	70.97280883789062	0.28556138277053833	203.81	4	DeepCheck
genome_657	55.350982	43.022959	GB_GCA_037142555.1	Patescibacteriota	set_c_clean	61	764216	65	7	38.49446105957031	-0.01811981201171875	203.81	4	DeepCheck
genome_658	100.0	21.784184	GB_GCA_037142555.1	Patescibacteriota	set_c_clean	4	946078	65	8	70.71202850341797	2.5552992820739746	203.81	4	DeepCheck
genome_659	98.837224	85.106996	GB_GCA_037142555.1	Patescibacteriota	set_c_clean	24	1428967	65	9	58.5038948059082	1.8179588317871094	203.81	4	DeepCheck
genome_660	71.358448	35.007826	GB_GCA_038064415.1	Patescibacteriota	set_c_clean	7	684317	66	0	48.311180114746094	0.21555274724960327	203.81	4	DeepCheck
genome_661	64.483749	64.483749	GB_GCA_038064415.1	Patescibacteriota	set_c_clean	8	829724	66	1	71.64883422851562	14.704510688781738	203.81	4	DeepCheck
genome_662	100.0	33.456282	GB_GCA_038064415.1	Patescibacteriota	set_c_clean	2	858603	66	2	65.97381591796875	1.723838210105896	203.81	4	DeepCheck
genome_663	88.149696	46.96538	GB_GCA_038064415.1	Patescibacteriota	set_c_clean	13	869275	66	3	56.27878952026367	0.15013404190540314	203.81	4	DeepCheck
genome_664	88.009805	13.062847	GB_GCA_038064415.1	Patescibacteriota	set_c_clean	8	650260	66	4	55.54557418823242	-0.17935633659362793	203.81	4	DeepCheck
genome_665	100.0	34.088433	GB_GCA_038064415.1	Patescibacteriota	set_c_clean	6	862670	66	5	67.54032897949219	0.5249083042144775	203.81	4	DeepCheck
genome_666	55.183809	17.987158	GB_GCA_038064415.1	Patescibacteriota	set_c_clean	7	470752	66	6	54.15052795410156	-0.04973858594894409	203.81	4	DeepCheck
genome_667	70.408901	70.408901	GB_GCA_038064415.1	Patescibacteriota	set_c_clean	62	905964	66	7	48.16112518310547	1.9932136535644531	203.81	4	DeepCheck
genome_668	86.255108	75.013018	GB_GCA_038064415.1	Patescibacteriota	set_c_clean	25	1037533	66	8	56.12690353393555	0.0771060585975647	203.81	4	DeepCheck
genome_669	94.506644	78.23921	GB_GCA_038064415.1	Patescibacteriota	set_c_clean	15	1111376	66	9	61.138267517089844	0.09794197976589203	203.81	4	DeepCheck
genome_670	100.0	76.916818	GB_GCA_038065715.1	Patescibacteriota	set_c_clean	11	1335032	67	0	74.42435455322266	1.845105767250061	203.81	4	DeepCheck
genome_671	71.703661	21.318694	GB_GCA_038065715.1	Patescibacteriota	set_c_clean	39	701956	67	1	56.75236511230469	6.164295673370361	203.81	4	DeepCheck
genome_672	58.372404	41.130915	GB_GCA_038065715.1	Patescibacteriota	set_c_clean	6	750862	67	2	44.90407943725586	0.09215623140335083	203.81	4	DeepCheck
genome_673	67.131366	6.302196	GB_GCA_038065715.1	Patescibacteriota	set_c_clean	3	554137	67	3	58.78300476074219	0.04129782319068909	203.81	4	DeepCheck
genome_674	100.0	59.046527	GB_GCA_038065715.1	Patescibacteriota	set_c_clean	4	1200181	67	4	75.74437713623047	9.803461074829102	203.81	4	DeepCheck
genome_675	100.0	1.94299	GB_GCA_038065715.1	Patescibacteriota	set_c_clean	5	769272	67	5	87.99308776855469	-0.30252039432525635	203.81	4	DeepCheck
genome_676	68.163687	68.163157	GB_GCA_038065715.1	Patescibacteriota	set_c_clean	45	1028736	67	6	41.580753326416016	1.049394130706787	203.81	4	DeepCheck
genome_677	100.0	65.916036	GB_GCA_038065715.1	Patescibacteriota	set_c_clean	73	1252019	67	7	69.81446075439453	1.114292025566101	203.81	4	DeepCheck
genome_678	100.0	9.510741	GB_GCA_038065715.1	Patescibacteriota	set_c_clean	2	826379	67	8	89.94281768798828	-0.31368955969810486	203.81	4	DeepCheck
genome_679	69.688978	23.470137	GB_GCA_038065715.1	Patescibacteriota	set_c_clean	25	702988	67	9	49.63627624511719	-0.08757784962654114	203.81	4	DeepCheck
genome_680	100.0	17.511789	GB_GCA_038316195.1	Patescibacteriota	set_c_clean	11	1043433	68	0	81.80872344970703	4.255803108215332	203.81	4	DeepCheck
genome_681	100.0	91.641993	GB_GCA_038316195.1	Patescibacteriota	set_c_clean	6	1701664	68	1	72.74578094482422	5.006338119506836	203.81	4	DeepCheck
genome_682	61.694666	50.535566	GB_GCA_038316195.1	Patescibacteriota	set_c_clean	7	996536	68	2	53.35639190673828	1.856201171875	203.81	4	DeepCheck
genome_683	100.0	34.814779	GB_GCA_038316195.1	Patescibacteriota	set_c_clean	10	1197073	68	3	70.58528900146484	4.910059928894043	203.81	4	DeepCheck
genome_684	100.0	69.632711	GB_GCA_038316195.1	Patescibacteriota	set_c_clean	14	1506235	68	4	67.54002380371094	8.348602294921875	203.81	4	DeepCheck
genome_685	79.038312	65.140623	GB_GCA_038316195.1	Patescibacteriota	set_c_clean	110	1280221	68	5	57.24180221557617	3.9057812690734863	203.81	4	DeepCheck
genome_686	100.0	13.630666	GB_GCA_038316195.1	Patescibacteriota	set_c_clean	19	1008971	68	6	80.24787139892578	1.634522557258606	203.81	4	DeepCheck
genome_687	64.010253	64.010253	GB_GCA_038316195.1	Patescibacteriota	set_c_clean	14	1136744	68	7	79.77489471435547	9.31561279296875	203.81	4	DeepCheck
genome_688	100.0	60.558552	GB_GCA_038316195.1	Patescibacteriota	set_c_clean	3	1425662	68	8	73.73835754394531	8.082206726074219	203.81	4	DeepCheck
genome_689	88.650346	49.593046	GB_GCA_038316195.1	Patescibacteriota	set_c_clean	46	1227517	68	9	62.13819885253906	6.867489337921143	203.81	4	DeepCheck
genome_690	78.752643	63.298771	GB_GCA_040900375.1	Patescibacteriota	set_c_clean	52	1458645	69	0	59.844505310058594	2.08766508102417	203.81	4	DeepCheck
genome_691	100.0	43.745344	GB_GCA_040900375.1	Patescibacteriota	set_c_clean	3	1476039	69	1	72.70263671875	4.987607002258301	203.81	4	DeepCheck
genome_692	99.701318	50.380341	GB_GCA_040900375.1	Patescibacteriota	set_c_clean	29	1541103	69	2	69.30582427978516	7.643759250640869	203.81	4	DeepCheck
genome_693	86.37299	73.561294	GB_GCA_040900375.1	Patescibacteriota	set_c_clean	37	1642274	69	3	70.61908721923828	9.8345947265625	203.81	4	DeepCheck
genome_694	100.0	58.853788	GB_GCA_040900375.1	Patescibacteriota	set_c_clean	2	1631179	69	4	61.883872985839844	1.5294246673583984	203.81	4	DeepCheck
genome_695	100.0	83.889553	GB_GCA_040900375.1	Patescibacteriota	set_c_clean	157	1888257	69	5	67.56147003173828	5.262842178344727	203.81	4	DeepCheck
genome_696	84.495585	41.80941	GB_GCA_040900375.1	Patescibacteriota	set_c_clean	10	1296954	69	6	68.21497344970703	5.469263553619385	203.81	4	DeepCheck
genome_697	78.895605	10.034738	GB_GCA_040900375.1	Patescibacteriota	set_c_clean	14	913175	69	7	82.9720687866211	0.7031731605529785	203.81	4	DeepCheck
genome_698	74.929955	22.44832	GB_GCA_040900375.1	Patescibacteriota	set_c_clean	123	999922	69	8	51.074337005615234	2.6924774646759033	203.81	4	DeepCheck
genome_699	93.754255	45.648653	GB_GCA_040900375.1	Patescibacteriota	set_c_clean	38	1431449	69	9	55.22946548461914	1.8347121477127075	203.81	4	DeepCheck
genome_700	81.250279	75.434065	GB_GCA_041649435.1	Patescibacteriota	set_c_clean	4	1054213	70	0	74.81705474853516	9.84982967376709	203.81	4	DeepCheck
genome_701	87.89479	72.800992	GB_GCA_041649435.1	Patescibacteriota	set_c_clean	9	1081203	70	1	55.20204162597656	1.5680350065231323	203.81	4	DeepCheck
genome_702	74.679932	0.662281	GB_GCA_041649435.1	Patescibacteriota	set_c_clean	2	506922	70	2	57.88319778442383	-0.11820122599601746	203.81	4	DeepCheck
genome_703	79.103661	79.103661	GB_GCA_041649435.1	Patescibacteriota	set_c_clean	36	1064460	70	3	56.17442321777344	0.8428707718849182	203.81	4	DeepCheck
genome_704	57.199187	38.973969	GB_GCA_041649435.1	Patescibacteriota	set_c_clean	3	647078	70	4	44.81696319580078	0.29590800404548645	203.81	4	DeepCheck
genome_705	100.0	10.119853	GB_GCA_041649435.1	Patescibacteriota	set_c_clean	12	740915	70	5	88.84326171875	0.15598610043525696	203.81	4	DeepCheck
genome_706	100.0	7.656957	GB_GCA_041649435.1	Patescibacteriota	set_c_clean	2	724344	70	6	75.308349609375	0.082334503531456	203.81	4	DeepCheck
genome_707	63.102793	33.999429	GB_GCA_041649435.1	Patescibacteriota	set_c_clean	30	653329	70	7	67.98743438720703	0.06188154220581055	203.81	4	DeepCheck
genome_708	86.532625	86.532625	GB_GCA_041649435.1	Patescibacteriota	set_c_clean	93	1164428	70	8	70.07105255126953	5.139151573181152	203.81	4	DeepCheck
genome_709	72.116268	29.413251	GB_GCA_041649435.1	Patescibacteriota	set_c_clean	19	683117	70	9	56.95623779296875	1.3537671566009521	203.81	4	DeepCheck
genome_710	51.71057	38.881298	GB_GCA_041650515.1	Patescibacteriota	set_c_clean	8	954764	71	0	53.94666290283203	0.9811952710151672	203.81	4	DeepCheck
genome_711	62.058908	23.898539	GB_GCA_041650515.1	Patescibacteriota	set_c_clean	23	905921	71	1	48.582454681396484	0.7285740375518799	203.81	4	DeepCheck
genome_712	86.96502	15.855693	GB_GCA_041650515.1	Patescibacteriota	set_c_clean	3	1083646	71	2	69.96109008789062	5.428896903991699	203.81	4	DeepCheck
genome_713	86.384519	86.384425	GB_GCA_041650515.1	Patescibacteriota	set_c_clean	244	1820843	71	3	63.52834701538086	4.709531784057617	203.81	4	DeepCheck
genome_714	87.175473	5.010447	GB_GCA_041650515.1	Patescibacteriota	set_c_clean	79	971564	71	4	70.01551055908203	0.1541033387184143	203.81	4	DeepCheck
genome_715	86.91587	20.820216	GB_GCA_041650515.1	Patescibacteriota	set_c_clean	46	1135450	71	5	69.56200408935547	5.0242815017700195	203.81	4	DeepCheck
genome_716	81.338112	10.043476	GB_GCA_041650515.1	Patescibacteriota	set_c_clean	17	963087	71	6	68.30075073242188	2.187258720397949	203.81	4	DeepCheck
genome_717	73.720346	59.527496	GB_GCA_041650515.1	Patescibacteriota	set_c_clean	112	1404323	71	7	56.00621032714844	1.9646987915039062	203.81	4	DeepCheck
genome_718	57.742443	57.742443	GB_GCA_041650515.1	Patescibacteriota	set_c_clean	8	1217116	71	8	39.42689895629883	1.1157970428466797	203.81	4	DeepCheck
genome_719	83.686966	76.422075	GB_GCA_041650515.1	Patescibacteriota	set_c_clean	63	1687418	71	9	79.40080261230469	13.404501914978027	203.81	4	DeepCheck
genome_720	98.619767	91.557365	GB_GCA_041650715.1	Patescibacteriota	set_c_clean	9	1821121	72	0	76.9427490234375	6.630174160003662	203.81	4	DeepCheck
genome_721	100.0	84.251226	GB_GCA_041650715.1	Patescibacteriota	set_c_clean	7	1764375	72	1	78.27104187011719	11.737192153930664	203.81	4	DeepCheck
genome_722	78.965572	23.415922	GB_GCA_041650715.1	Patescibacteriota	set_c_clean	31	980397	72	2	70.72992706298828	0.0038199126720428467	203.81	4	DeepCheck
genome_723	76.889322	76.365091	GB_GCA_041650715.1	Patescibacteriota	set_c_clean	30	1467552	72	3	68.5425033569336	7.592568397521973	203.81	4	DeepCheck
genome_724	53.027177	53.027177	GB_GCA_041650715.1	Patescibacteriota	set_c_clean	9	1015568	72	4	50.024627685546875	2.199465751647949	203.81	4	DeepCheck
genome_725	100.0	91.581279	GB_GCA_041650715.1	Patescibacteriota	set_c_clean	16	1834567	72	5	73.21932983398438	7.684040069580078	203.81	4	DeepCheck
genome_726	100.0	93.332547	GB_GCA_041650715.1	Patescibacteriota	set_c_clean	23	1851337	72	6	63.551841735839844	4.906409740447998	203.81	4	DeepCheck
genome_727	79.533664	42.867526	GB_GCA_041650715.1	Patescibacteriota	set_c_clean	47	1172104	72	7	52.65339660644531	0.5338959693908691	203.81	4	DeepCheck
genome_728	75.344614	66.726226	GB_GCA_041650715.1	Patescibacteriota	set_c_clean	77	1360459	72	8	55.69341278076172	8.369298934936523	203.81	4	DeepCheck
genome_729	66.853942	52.830642	GB_GCA_041650715.1	Patescibacteriota	set_c_clean	14	1146090	72	9	42.6002082824707	0.943256139755249	203.81	4	DeepCheck
genome_730	55.703108	55.703108	GB_GCA_041650895.1	Patescibacteriota	set_c_clean	121	1390510	73	0	57.18241882324219	5.0157694816589355	203.81	4	DeepCheck
genome_731	85.686427	47.168195	GB_GCA_041650895.1	Patescibacteriota	set_c_clean	47	1658217	73	1	67.82794189453125	10.10708999633789	203.81	4	DeepCheck
genome_732	100.0	83.777753	GB_GCA_041650895.1	Patescibacteriota	set_c_clean	5	2293811	73	2	65.99543762207031	9.200169563293457	203.81	4	DeepCheck
genome_733	100.0	0.710255	GB_GCA_041650895.1	Patescibacteriota	set_c_clean	2	1257009	73	3	74.6039047241211	0.23478791117668152	203.81	4	DeepCheck
genome_734	51.673044	40.196404	GB_GCA_041650895.1	Patescibacteriota	set_c_clean	105	1146663	73	4	45.447044372558594	1.2000977993011475	203.81	4	DeepCheck
genome_735	80.77161	53.273901	GB_GCA_041650895.1	Patescibacteriota	set_c_clean	162	1673081	73	5	54.913307189941406	2.527655601501465	203.81	4	DeepCheck
genome_736	75.834199	12.591336	GB_GCA_041650895.1	Patescibacteriota	set_c_clean	14	1103678	73	6	50.32367706298828	0.2353951334953308	203.81	4	DeepCheck
genome_737	84.550501	83.794097	GB_GCA_041650895.1	Patescibacteriota	set_c_clean	48	2101183	73	7	59.63349914550781	2.2103805541992188	203.81	4	DeepCheck
genome_738	74.754275	1.459447	GB_GCA_041650895.1	Patescibacteriota	set_c_clean	36	951257	73	8	61.284019470214844	0.23288168013095856	203.81	4	DeepCheck
genome_739	53.104289	34.822665	GB_GCA_041650895.1	Patescibacteriota	set_c_clean	18	1097455	73	9	36.75848388671875	2.2246389389038086	203.81	4	DeepCheck
genome_740	100.0	60.746194	GB_GCA_041651535.1	Patescibacteriota	set_c_clean	24	1451768	74	0	85.46966552734375	4.99204158782959	203.81	4	DeepCheck
genome_741	83.167893	21.431601	GB_GCA_041651535.1	Patescibacteriota	set_c_clean	19	944683	74	1	82.80394744873047	0.8827537298202515	203.81	4	DeepCheck
genome_742	67.092144	15.920624	GB_GCA_041651535.1	Patescibacteriota	set_c_clean	7	749724	74	2	68.64571380615234	-0.003209710121154785	203.81	4	DeepCheck
genome_743	99.196251	37.360861	GB_GCA_041651535.1	Patescibacteriota	set_c_clean	4	1233306	74	3	88.206787109375	3.608893632888794	203.81	4	DeepCheck
genome_744	100.0	41.953157	GB_GCA_041651535.1	Patescibacteriota	set_c_clean	9	1282040	74	4	86.07750701904297	1.338652491569519	203.81	4	DeepCheck
genome_745	57.849421	26.485396	GB_GCA_041651535.1	Patescibacteriota	set_c_clean	20	761664	74	5	54.17021560668945	3.8257360458374023	203.81	4	DeepCheck
genome_746	71.816534	39.332088	GB_GCA_041651535.1	Patescibacteriota	set_c_clean	24	1003831	74	6	68.5893783569336	1.3080518245697021	203.81	4	DeepCheck
genome_747	100.0	28.396168	GB_GCA_041651535.1	Patescibacteriota	set_c_clean	2	1159601	74	7	75.53376770019531	0.40615612268447876	203.81	4	DeepCheck
genome_748	68.622134	21.754584	GB_GCA_041651535.1	Patescibacteriota	set_c_clean	35	816231	74	8	71.5279541015625	1.9865576028823853	203.81	4	DeepCheck
genome_749	100.0	43.331233	GB_GCA_041651535.1	Patescibacteriota	set_c_clean	3	1294486	74	9	91.648193359375	6.710583686828613	203.81	4	DeepCheck
genome_750	100.0	71.937457	GB_GCA_041660785.1	Patescibacteriota	set_c_clean	48	1883917	75	0	80.52366638183594	15.091729164123535	203.81	4	DeepCheck
genome_751	54.562339	54.562339	GB_GCA_041660785.1	Patescibacteriota	set_c_clean	10	1195678	75	1	36.86455535888672	1.938823938369751	203.81	4	DeepCheck
genome_752	100.0	64.537797	GB_GCA_041660785.1	Patescibacteriota	set_c_clean	7	1802839	75	2	72.43891906738281	4.550207614898682	203.81	4	DeepCheck
genome_753	100.0	65.90852	GB_GCA_041660785.1	Patescibacteriota	set_c_clean	2	1817858	75	3	85.13288116455078	11.071677207946777	203.81	4	DeepCheck
genome_754	73.519735	32.166407	GB_GCA_041660785.1	Patescibacteriota	set_c_clean	37	1158002	75	4	58.27134704589844	2.692368507385254	203.81	4	DeepCheck
genome_755	60.602136	4.878073	GB_GCA_041660785.1	Patescibacteriota	set_c_clean	3	717466	75	5	67.81315612792969	-0.08095279335975647	203.81	4	DeepCheck
genome_756	80.105029	33.873628	GB_GCA_041660785.1	Patescibacteriota	set_c_clean	3	1248863	75	6	59.913516998291016	1.9092216491699219	203.81	4	DeepCheck
genome_757	100.0	19.691174	GB_GCA_041660785.1	Patescibacteriota	set_c_clean	2	1311455	75	7	71.0443344116211	1.4409326314926147	203.81	4	DeepCheck
genome_758	69.55642	46.97677	GB_GCA_041660785.1	Patescibacteriota	set_c_clean	19	1276853	75	8	58.721519470214844	0.12910254299640656	203.81	4	DeepCheck
genome_759	100.0	48.497261	GB_GCA_041660785.1	Patescibacteriota	set_c_clean	6	1627083	75	9	66.28672790527344	2.213899850845337	203.81	4	DeepCheck
genome_760	100.0	27.86972	GB_GCA_041661005.1	Patescibacteriota	set_c_clean	5	1192958	76	0	87.9557876586914	5.111565589904785	203.81	4	DeepCheck
genome_761	100.0	86.037164	GB_GCA_041661005.1	Patescibacteriota	set_c_clean	33	1735630	76	1	66.9422378540039	5.377912998199463	203.81	4	DeepCheck
genome_762	100.0	25.801009	GB_GCA_041661005.1	Patescibacteriota	set_c_clean	6	1173658	76	2	72.71206665039062	-0.38397088646888733	203.81	4	DeepCheck
genome_763	55.23116	0.0	GB_GCA_041661005.1	Patescibacteriota	set_c_clean	3	515278	76	3	41.280574798583984	0.11496804654598236	203.81	4	DeepCheck
genome_764	57.824659	57.824659	GB_GCA_041661005.1	Patescibacteriota	set_c_clean	33	1078948	76	4	36.84368896484375	0.6981145739555359	203.81	4	DeepCheck
genome_765	54.720092	14.292865	GB_GCA_041661005.1	Patescibacteriota	set_c_clean	3	643855	76	5	41.95827102661133	4.605976581573486	203.81	4	DeepCheck
genome_766	87.801357	29.108696	GB_GCA_041661005.1	Patescibacteriota	set_c_clean	15	1090710	76	6	69.524169921875	-0.003964453935623169	203.81	4	DeepCheck
genome_767	100.0	72.968268	GB_GCA_041661005.1	Patescibacteriota	set_c_clean	5	1613704	76	7	76.02058410644531	2.4756579399108887	203.81	4	DeepCheck
genome_768	100.0	81.672934	GB_GCA_041661005.1	Patescibacteriota	set_c_clean	28	1694914	76	8	68.19143676757812	8.641878128051758	203.81	4	DeepCheck
genome_769	85.916686	47.401249	GB_GCA_041661005.1	Patescibacteriota	set_c_clean	17	1243787	76	9	69.8039779663086	4.248205184936523	203.81	4	DeepCheck
genome_770	100.0	47.864895	GB_GCA_041661105.1	Patescibacteriota	set_c_clean	17	2023537	77	0	73.29491424560547	15.003978729248047	203.81	4	DeepCheck
genome_771	84.01963	62.405298	GB_GCA_041661105.1	Patescibacteriota	set_c_clean	13	2003831	77	1	60.01932144165039	5.171009540557861	203.81	4	DeepCheck
genome_772	87.276325	85.202309	GB_GCA_041661105.1	Patescibacteriota	set_c_clean	313	2360377	77	2	85.86395263671875	24.573352813720703	203.81	4	DeepCheck
genome_773	77.026446	72.368586	GB_GCA_041661105.1	Patescibacteriota	set_c_clean	32	2044477	77	3	62.891727447509766	5.203726291656494	203.81	4	DeepCheck
genome_774	100.0	30.704185	GB_GCA_041661105.1	Patescibacteriota	set_c_clean	2	1788692	77	4	80.56892395019531	5.170587539672852	203.81	4	DeepCheck
genome_775	100.0	0.408841	GB_GCA_041661105.1	Patescibacteriota	set_c_clean	2	1374099	77	5	80.45451354980469	0.0792182981967926	203.81	4	DeepCheck
genome_776	71.878708	68.017339	GB_GCA_041661105.1	Patescibacteriota	set_c_clean	22	1914483	77	6	46.92462158203125	2.034545660018921	203.81	4	DeepCheck
genome_777	68.094942	47.004174	GB_GCA_041661105.1	Patescibacteriota	set_c_clean	2	1575136	77	7	40.47060775756836	0.234343484044075	203.81	4	DeepCheck
genome_778	81.385221	81.385221	GB_GCA_041661105.1	Patescibacteriota	set_c_clean	98	2227520	77	8	87.29835510253906	15.059821128845215	203.81	4	DeepCheck
genome_779	91.716794	82.268009	GB_GCA_041661105.1	Patescibacteriota	set_c_clean	119	2380989	77	9	83.47904205322266	15.34522819519043	203.81	4	DeepCheck
genome_780	56.44878	5.298984	GB_GCA_041674105.1	Patescibacteriota	set_c_clean	3	365209	78	0	44.66941452026367	-0.08122175931930542	203.81	4	DeepCheck
genome_781	63.060294	36.573151	GB_GCA_041674105.1	Patescibacteriota	set_c_clean	4	589285	78	1	54.63519287109375	4.994424819946289	203.81	4	DeepCheck
genome_782	71.567817	56.773911	GB_GCA_041674105.1	Patescibacteriota	set_c_clean	7	759081	78	2	52.83327102661133	-0.30957385897636414	203.81	4	DeepCheck
genome_783	100.0	94.298448	GB_GCA_041674105.1	Patescibacteriota	set_c_clean	4	1149184	78	3	64.15153503417969	7.532286643981934	203.81	4	DeepCheck
genome_784	82.432586	78.794427	GB_GCA_041674105.1	Patescibacteriota	set_c_clean	37	953582	78	4	66.33869934082031	0.29856860637664795	203.81	4	DeepCheck
genome_785	100.0	75.608882	GB_GCA_041674105.1	Patescibacteriota	set_c_clean	5	1038644	78	5	65.27458190917969	-0.20115673542022705	203.81	4	DeepCheck
genome_786	57.437869	29.124208	GB_GCA_041674105.1	Patescibacteriota	set_c_clean	22	511974	78	6	42.80998611450195	0.0947263091802597	203.81	4	DeepCheck
genome_787	51.153177	51.153177	GB_GCA_041674105.1	Patescibacteriota	set_c_clean	27	605094	78	7	43.64969253540039	-0.006061047315597534	203.81	4	DeepCheck
genome_788	93.376143	60.002232	GB_GCA_041674105.1	Patescibacteriota	set_c_clean	24	907161	78	8	54.12339401245117	0.2054944634437561	203.81	4	DeepCheck
genome_789	100.0	56.243691	GB_GCA_041674105.1	Patescibacteriota	set_c_clean	2	924108	78	9	81.26151275634766	1.6191214323043823	203.81	4	DeepCheck
genome_790	74.969832	7.307314	GB_GCA_041742395.1	Patescibacteriota	set_c_clean	21	904109	79	0	80.85005187988281	1.2714825868606567	203.81	4	DeepCheck
genome_791	68.763753	68.763753	GB_GCA_041742395.1	Patescibacteriota	set_c_clean	14	1511232	79	1	66.91837310791016	10.033559799194336	203.81	4	DeepCheck
genome_792	100.0	26.673601	GB_GCA_041742395.1	Patescibacteriota	set_c_clean	5	1391963	79	2	91.02236938476562	6.131479263305664	203.81	4	DeepCheck
genome_793	100.0	27.36086	GB_GCA_041742395.1	Patescibacteriota	set_c_clean	7	1399515	79	3	94.32496643066406	-0.013732165098190308	203.81	4	DeepCheck
genome_794	91.138254	55.464582	GB_GCA_041742395.1	Patescibacteriota	set_c_clean	11	1610957	79	4	86.20614624023438	19.545915603637695	203.81	4	DeepCheck
genome_795	84.032787	76.736303	GB_GCA_041742395.1	Patescibacteriota	set_c_clean	95	1766624	79	5	63.58759307861328	9.094765663146973	203.81	4	DeepCheck
genome_796	100.0	24.227425	GB_GCA_041742395.1	Patescibacteriota	set_c_clean	3	1365083	79	6	88.50043487548828	-0.0001609325408935547	203.81	4	DeepCheck
genome_797	82.587286	76.718193	GB_GCA_041742395.1	Patescibacteriota	set_c_clean	71	1750541	79	7	78.86370086669922	24.657827377319336	203.81	4	DeepCheck
genome_798	65.732424	10.990865	GB_GCA_041742395.1	Patescibacteriota	set_c_clean	28	843080	79	8	67.22601318359375	0.02591758966445923	203.81	4	DeepCheck
genome_799	51.294253	23.928933	GB_GCA_041742395.1	Patescibacteriota	set_c_clean	24	826596	79	9	41.724727630615234	1.7768241167068481	203.81	4	DeepCheck
genome_800	100.0	44.330067	GB_GCA_903829335.1	Patescibacteriota	set_c_clean	2	1069926	80	0	74.17581939697266	3.9872641563415527	203.81	4	DeepCheck
genome_801	82.125306	23.731258	GB_GCA_903829335.1	Patescibacteriota	set_c_clean	44	784720	80	1	82.1351318359375	1.806775450706482	203.81	4	DeepCheck
genome_802	94.830873	24.76565	GB_GCA_903829335.1	Patescibacteriota	set_c_clean	9	886575	80	2	84.56364440917969	5.2345170974731445	203.81	4	DeepCheck
genome_803	83.462408	45.786013	GB_GCA_903829335.1	Patescibacteriota	set_c_clean	76	958125	80	3	63.855934143066406	4.093462944030762	203.81	4	DeepCheck
genome_804	94.522632	2.166585	GB_GCA_903829335.1	Patescibacteriota	set_c_clean	2	716762	80	4	92.61244201660156	-0.05321875214576721	203.81	4	DeepCheck
genome_805	100.0	48.958526	GB_GCA_903829335.1	Patescibacteriota	set_c_clean	3	1104237	80	5	91.54702758789062	2.029506206512451	203.81	4	DeepCheck
genome_806	68.728121	34.332292	GB_GCA_903829335.1	Patescibacteriota	set_c_clean	5	763992	80	6	68.28873443603516	2.615753650665283	203.81	4	DeepCheck
genome_807	53.006387	53.006387	GB_GCA_903829335.1	Patescibacteriota	set_c_clean	42	785878	80	7	55.72451400756836	0.8972451090812683	203.81	4	DeepCheck
genome_808	66.353121	66.352986	GB_GCA_903829335.1	Patescibacteriota	set_c_clean	11	983757	80	8	51.845096588134766	5.15478515625	203.81	4	DeepCheck
genome_809	100.0	16.719029	GB_GCA_903829335.1	Patescibacteriota	set_c_clean	5	865244	80	9	86.51737213134766	0.42090415954589844	203.81	4	DeepCheck
genome_810	55.893447	55.893447	GB_GCA_903831805.1	Patescibacteriota	set_c_clean	108	1157266	81	0	53.10552215576172	5.06080436706543	203.81	4	DeepCheck
genome_811	80.156929	42.20584	GB_GCA_903831805.1	Patescibacteriota	set_c_clean	252	1266752	81	1	71.3315658569336	7.51322078704834	203.81	4	DeepCheck
genome_812	80.017542	43.780832	GB_GCA_903831805.1	Patescibacteriota	set_c_clean	18	1281614	81	2	57.38011169433594	0.04537403583526611	203.81	4	DeepCheck
genome_813	54.618384	53.294637	GB_GCA_903831805.1	Patescibacteriota	set_c_clean	30	1117162	81	3	44.53663635253906	0.16303397715091705	203.81	4	DeepCheck
genome_814	85.546872	15.641062	GB_GCA_903831805.1	Patescibacteriota	set_c_clean	17	1047541	81	4	59.54487991333008	2.2801876068115234	203.81	4	DeepCheck
genome_815	98.399313	17.333708	GB_GCA_903831805.1	Patescibacteriota	set_c_clean	12	1198118	81	5	77.55997467041016	3.3876962661743164	203.81	4	DeepCheck
genome_816	100.0	92.020134	GB_GCA_903831805.1	Patescibacteriota	set_c_clean	54	1987875	81	6	93.42877197265625	30.30585289001465	203.81	4	DeepCheck
genome_817	60.063676	60.058556	GB_GCA_903831805.1	Patescibacteriota	set_c_clean	47	1243557	81	7	59.73470687866211	5.140523433685303	203.81	4	DeepCheck
genome_818	91.809556	17.034165	GB_GCA_903831805.1	Patescibacteriota	set_c_clean	6	1126797	81	8	66.11007690429688	1.7079412937164307	203.81	4	DeepCheck
genome_819	57.513067	24.688503	GB_GCA_903831805.1	Patescibacteriota	set_c_clean	103	850986	81	9	63.63114547729492	7.1122212409973145	203.81	4	DeepCheck
genome_820	75.624972	67.783917	GB_GCA_903837185.1	Patescibacteriota	set_c_clean	19	1325732	82	0	62.27927780151367	2.125089645385742	203.81	4	DeepCheck
genome_821	100.0	5.025085	GB_GCA_903837185.1	Patescibacteriota	set_c_clean	4	970896	82	1	86.9427719116211	-0.00791400671005249	203.81	4	DeepCheck
genome_822	75.407435	20.538011	GB_GCA_903837185.1	Patescibacteriota	set_c_clean	26	886960	82	2	61.48818588256836	0.07453858852386475	203.81	4	DeepCheck
genome_823	63.534868	33.092071	GB_GCA_903837185.1	Patescibacteriota	set_c_clean	21	893260	82	3	57.828094482421875	0.13034045696258545	203.81	4	DeepCheck
genome_824	90.134373	50.201311	GB_GCA_903837185.1	Patescibacteriota	set_c_clean	12	1297322	82	4	74.05037689208984	4.985439777374268	203.81	4	DeepCheck
genome_825	83.102131	56.177673	GB_GCA_903837185.1	Patescibacteriota	set_c_clean	73	1287561	82	5	72.08550262451172	6.427089214324951	203.81	4	DeepCheck
genome_826	100.0	52.375271	GB_GCA_903837185.1	Patescibacteriota	set_c_clean	9	1408621	82	6	75.49012756347656	8.003572463989258	203.81	4	DeepCheck
genome_827	100.0	2.93788	GB_GCA_903837185.1	Patescibacteriota	set_c_clean	2	951601	82	7	86.18730163574219	-0.0010214745998382568	203.81	4	DeepCheck
genome_828	100.0	41.578812	GB_GCA_903837185.1	Patescibacteriota	set_c_clean	3	1308814	82	8	64.46815490722656	0.43282732367515564	203.81	4	DeepCheck
genome_829	54.807332	54.807332	GB_GCA_903837185.1	Patescibacteriota	set_c_clean	18	1013324	82	9	39.585296630859375	0.3811996579170227	203.81	4	DeepCheck
genome_830	100.0	82.881176	GB_GCA_903852245.1	Patescibacteriota	set_c_clean	6	1827837	83	0	80.38103485107422	4.968158721923828	203.81	4	DeepCheck
genome_831	81.102928	64.192515	GB_GCA_903852245.1	Patescibacteriota	set_c_clean	3	1452180	83	1	73.23087310791016	12.508177757263184	203.81	4	DeepCheck
genome_832	100.0	2.599686	GB_GCA_903852245.1	Patescibacteriota	set_c_clean	2	1025450	83	2	94.7105712890625	0.41365399956703186	203.81	4	DeepCheck
genome_833	62.548338	62.548338	GB_GCA_903852245.1	Patescibacteriota	set_c_clean	16	1250300	83	3	41.61479568481445	0.7472798228263855	203.81	4	DeepCheck
genome_834	100.0	52.242945	GB_GCA_903852245.1	Patescibacteriota	set_c_clean	13	1521618	83	4	78.56492614746094	15.117377281188965	203.81	4	DeepCheck
genome_835	100.0	93.20748	GB_GCA_903852245.1	Patescibacteriota	set_c_clean	49	1931045	83	5	89.6719741821289	21.08900260925293	203.81	4	DeepCheck
genome_836	53.463396	14.150242	GB_GCA_903852245.1	Patescibacteriota	set_c_clean	36	675776	83	6	60.797874450683594	0.6458479762077332	203.81	4	DeepCheck
genome_837	50.697522	41.033471	GB_GCA_903852245.1	Patescibacteriota	set_c_clean	19	916821	83	7	46.424747467041016	2.071685791015625	203.81	4	DeepCheck
genome_838	100.0	58.810946	GB_GCA_903852245.1	Patescibacteriota	set_c_clean	2	1587263	83	8	78.12645721435547	4.164993762969971	203.81	4	DeepCheck
genome_839	86.049965	20.245491	GB_GCA_903852245.1	Patescibacteriota	set_c_clean	11	1062388	83	9	75.9195785522461	2.036025285720825	203.81	4	DeepCheck
genome_840	100.0	57.492872	GB_GCA_903895745.1	Patescibacteriota	set_c_clean	54	1270495	84	0	89.26055145263672	4.128990173339844	203.81	4	DeepCheck
genome_841	100.0	38.691955	GB_GCA_903895745.1	Patescibacteriota	set_c_clean	4	1118828	84	1	85.74601745605469	2.230069875717163	203.81	4	DeepCheck
genome_842	87.991571	59.091732	GB_GCA_903895745.1	Patescibacteriota	set_c_clean	29	1186521	84	2	63.02434158325195	4.913792610168457	203.81	4	DeepCheck
genome_843	100.0	75.522499	GB_GCA_903895745.1	Patescibacteriota	set_c_clean	5	1415940	84	3	70.55428314208984	4.667191982269287	203.81	4	DeepCheck
genome_844	53.020454	53.020454	GB_GCA_903895745.1	Patescibacteriota	set_c_clean	33	855432	84	4	60.911075592041016	5.5570478439331055	203.81	4	DeepCheck
genome_845	71.357878	25.134994	GB_GCA_903895745.1	Patescibacteriota	set_c_clean	58	778408	84	5	52.55205535888672	0.2270825207233429	203.81	4	DeepCheck
genome_846	100.0	53.641998	GB_GCA_903895745.1	Patescibacteriota	set_c_clean	6	1239430	84	6	74.46620178222656	0.0813167542219162	203.81	4	DeepCheck
genome_847	100.0	38.85732	GB_GCA_903895745.1	Patescibacteriota	set_c_clean	4	1120162	84	7	94.94025421142578	-0.196896493434906	203.81	4	DeepCheck
genome_848	50.313623	34.338664	GB_GCA_903895745.1	Patescibacteriota	set_c_clean	9	682890	84	8	49.13950729370117	-0.05129724740982056	203.81	4	DeepCheck
genome_849	61.930829	56.393331	GB_GCA_903895745.1	Patescibacteriota	set_c_clean	12	954521	84	9	51.30635452270508	2.3287906646728516	203.81	4	DeepCheck
genome_850	61.889071	50.998045	GB_GCA_905478415.1	Patescibacteriota	set_c_clean	9	1413910	85	0	57.54261779785156	5.192785739898682	203.81	4	DeepCheck
genome_851	56.31757	46.789898	GB_GCA_905478415.1	Patescibacteriota	set_c_clean	34	1291420	85	1	39.767879486083984	0.315355509519577	203.81	4	DeepCheck
genome_852	96.192252	26.201059	GB_GCA_905478415.1	Patescibacteriota	set_c_clean	19	1532975	85	2	84.44021606445312	6.512436389923096	203.81	4	DeepCheck
genome_853	100.0	21.404408	GB_GCA_905478415.1	Patescibacteriota	set_c_clean	2	1520589	85	3	94.76448059082031	8.721381187438965	203.81	4	DeepCheck
genome_854	100.0	83.192162	GB_GCA_905478415.1	Patescibacteriota	set_c_clean	13	2294480	85	4	76.34288024902344	13.811305046081543	203.81	4	DeepCheck
genome_855	73.883332	45.920835	GB_GCA_905478415.1	Patescibacteriota	set_c_clean	44	1500546	85	5	68.9811019897461	14.831683158874512	203.81	4	DeepCheck
genome_856	72.043491	65.939454	GB_GCA_905478415.1	Patescibacteriota	set_c_clean	106	1728235	85	6	59.14741897583008	4.7993693351745605	203.81	4	DeepCheck
genome_857	62.391028	59.474459	GB_GCA_905478415.1	Patescibacteriota	set_c_clean	58	1526364	85	7	44.25123977661133	0.6768077611923218	203.81	4	DeepCheck
genome_858	100.0	34.710527	GB_GCA_905478415.1	Patescibacteriota	set_c_clean	2	1687248	85	8	78.02422332763672	8.337408065795898	203.81	4	DeepCheck
genome_859	72.667044	72.667044	GB_GCA_905478415.1	Patescibacteriota	set_c_clean	33	1820308	85	9	45.005374908447266	0.29298365116119385	203.81	4	DeepCheck
genome_860	72.07034	72.07034	GB_GCA_937929825.1	Patescibacteriota	set_c_clean	42	1155338	86	0	66.18247985839844	0.15154927968978882	203.81	4	DeepCheck
genome_861	100.0	6.286313	GB_GCA_937929825.1	Patescibacteriota	set_c_clean	2	851922	86	1	92.90188598632812	-0.2420760691165924	203.81	4	DeepCheck
genome_862	100.0	90.620746	GB_GCA_937929825.1	Patescibacteriota	set_c_clean	2	1527892	86	2	73.56328582763672	0.6183273792266846	203.81	4	DeepCheck
genome_863	86.252877	66.22518	GB_GCA_937929825.1	Patescibacteriota	set_c_clean	16	1222165	86	3	54.174041748046875	5.214588642120361	203.81	4	DeepCheck
genome_864	51.23382	51.23382	GB_GCA_937929825.1	Patescibacteriota	set_c_clean	48	821314	86	4	48.28556823730469	2.7497358322143555	203.81	4	DeepCheck
genome_865	100.0	71.842777	GB_GCA_937929825.1	Patescibacteriota	set_c_clean	10	1377380	86	5	73.478759765625	0.1562178134918213	203.81	4	DeepCheck
genome_866	100.0	22.135028	GB_GCA_937929825.1	Patescibacteriota	set_c_clean	3	978955	86	6	75.54438781738281	3.7734880447387695	203.81	4	DeepCheck
genome_867	77.658118	67.166749	GB_GCA_937929825.1	Patescibacteriota	set_c_clean	9	1160822	86	7	64.58998107910156	1.900071620941162	203.81	4	DeepCheck
genome_868	77.029325	37.440785	GB_GCA_937929825.1	Patescibacteriota	set_c_clean	11	917518	86	8	82.52090454101562	6.635819911956787	203.81	4	DeepCheck
genome_869	86.004105	23.023199	GB_GCA_937929825.1	Patescibacteriota	set_c_clean	13	873892	86	9	77.50231170654297	0.6256103515625	203.81	4	DeepCheck
genome_870	78.0747	74.919225	GB_GCA_938030095.1	Patescibacteriota	set_c_clean	98	1549345	87	0	58.283935546875	8.000203132629395	203.81	4	DeepCheck
genome_871	79.229157	30.901545	GB_GCA_938030095.1	Patescibacteriota	set_c_clean	31	1115276	87	1	63.878665924072266	2.008820056915283	203.81	4	DeepCheck
genome_872	66.74392	52.305754	GB_GCA_938030095.1	Patescibacteriota	set_c_clean	9	1205597	87	2	57.46894454956055	1.8748607635498047	203.81	4	DeepCheck
genome_873	100.0	91.224607	GB_GCA_938030095.1	Patescibacteriota	set_c_clean	10	1936501	87	3	67.27185821533203	9.483896255493164	203.81	4	DeepCheck
genome_874	100.0	55.274795	GB_GCA_938030095.1	Patescibacteriota	set_c_clean	65	1572443	87	4	81.8184585571289	5.3497314453125	203.81	4	DeepCheck
genome_875	56.044827	56.044827	GB_GCA_938030095.1	Patescibacteriota	set_c_clean	14	1135114	87	5	51.465797424316406	2.6530630588531494	203.81	4	DeepCheck
genome_876	100.0	28.01091	GB_GCA_938030095.1	Patescibacteriota	set_c_clean	25	1296346	87	6	94.77684783935547	8.738261222839355	203.81	4	DeepCheck
genome_877	75.025971	47.367491	GB_GCA_938030095.1	Patescibacteriota	set_c_clean	7	1239459	87	7	71.30498504638672	6.087438106536865	203.81	4	DeepCheck
genome_878	86.038982	61.90401	GB_GCA_938030095.1	Patescibacteriota	set_c_clean	67	1498195	87	8	58.7191162109375	4.925880432128906	203.81	4	DeepCheck
genome_879	88.292893	78.47285	GB_GCA_938030095.1	Patescibacteriota	set_c_clean	30	1688810	87	9	70.24156188964844	7.064220428466797	203.81	4	DeepCheck
genome_880	100.0	91.631004	GB_GCA_938036615.1	Patescibacteriota	set_c_clean	25	1642019	88	0	71.00910186767578	4.045449256896973	203.81	4	DeepCheck
genome_881	100.0	25.129163	GB_GCA_938036615.1	Patescibacteriota	set_c_clean	5	1072188	88	1	74.146484375	0.347003698348999	203.81	4	DeepCheck
genome_882	92.673408	21.926908	GB_GCA_938036615.1	Patescibacteriota	set_c_clean	21	981970	88	2	92.4970474243164	0.5648665428161621	203.81	4	DeepCheck
genome_883	100.0	15.377218	GB_GCA_938036615.1	Patescibacteriota	set_c_clean	13	988627	88	3	93.17841339111328	0.48762187361717224	203.81	4	DeepCheck
genome_884	67.157604	67.157604	GB_GCA_938036615.1	Patescibacteriota	set_c_clean	10	1150900	88	4	58.235595703125	2.03104305267334	203.81	4	DeepCheck
genome_885	79.971758	79.971758	GB_GCA_938036615.1	Patescibacteriota	set_c_clean	7	1370500	88	5	57.638919830322266	3.1077914237976074	203.81	4	DeepCheck
genome_886	89.649711	73.249812	GB_GCA_938036615.1	Patescibacteriota	set_c_clean	128	1395829	88	6	59.977996826171875	1.7065637111663818	203.81	4	DeepCheck
genome_887	100.0	80.375322	GB_GCA_938036615.1	Patescibacteriota	set_c_clean	13	1545573	88	7	79.03047943115234	14.781853675842285	203.81	4	DeepCheck
genome_888	100.0	60.462733	GB_GCA_938036615.1	Patescibacteriota	set_c_clean	28	1374949	88	8	67.68590545654297	2.2916152477264404	203.81	4	DeepCheck
genome_889	63.059642	20.993272	GB_GCA_938036615.1	Patescibacteriota	set_c_clean	21	720220	88	9	76.92122650146484	6.621176719665527	203.81	4	DeepCheck
genome_890	79.196725	37.491108	GB_GCA_943354835.1	Patescibacteriota	set_c_clean	126	1031818	89	0	73.49339294433594	6.607169151306152	203.81	4	DeepCheck
genome_891	85.147723	73.795229	GB_GCA_943354835.1	Patescibacteriota	set_c_clean	30	1405461	89	1	60.42018127441406	1.3902373313903809	203.81	4	DeepCheck
genome_892	64.202634	5.873306	GB_GCA_943354835.1	Patescibacteriota	set_c_clean	2	619650	89	2	50.4605598449707	0.23447424173355103	203.81	4	DeepCheck
genome_893	74.513574	52.814064	GB_GCA_943354835.1	Patescibacteriota	set_c_clean	19	1125901	89	3	52.91422653198242	0.8359268307685852	203.81	4	DeepCheck
genome_894	78.48607	77.530803	GB_GCA_943354835.1	Patescibacteriota	set_c_clean	48	1379587	89	4	72.93431854248047	13.995692253112793	203.81	4	DeepCheck
genome_895	68.621834	48.673968	GB_GCA_943354835.1	Patescibacteriota	set_c_clean	23	1037194	89	5	52.9803466796875	1.7842196226119995	203.81	4	DeepCheck
genome_896	96.257528	65.0689	GB_GCA_943354835.1	Patescibacteriota	set_c_clean	38	1426537	89	6	81.1845474243164	8.483224868774414	203.81	4	DeepCheck
genome_897	64.705656	64.705656	GB_GCA_943354835.1	Patescibacteriota	set_c_clean	37	1144326	89	7	54.98318099975586	-0.09135082364082336	203.81	4	DeepCheck
genome_898	100.0	25.941273	GB_GCA_943354835.1	Patescibacteriota	set_c_clean	4	1113642	89	8	91.75477600097656	-0.050852447748184204	203.81	4	DeepCheck
genome_899	88.629637	88.629637	GB_GCA_943354835.1	Patescibacteriota	set_c_clean	22	1567424	89	9	68.78621673583984	9.344779014587402	203.81	4	DeepCheck
genome_900	55.537447	3.271311	GB_GCA_943356865.1	Patescibacteriota	set_c_clean	3	358320	90	0	53.41683578491211	0.04165545105934143	203.81	4	DeepCheck
genome_901	100.0	45.830194	GB_GCA_943356865.1	Patescibacteriota	set_c_clean	8	888539	90	1	79.86637115478516	1.5272901058197021	203.81	4	DeepCheck
genome_902	100.0	85.312746	GB_GCA_943356865.1	Patescibacteriota	set_c_clean	13	1129105	90	2	90.67250061035156	13.640752792358398	203.81	4	DeepCheck
genome_903	100.0	29.045933	GB_GCA_943356865.1	Patescibacteriota	set_c_clean	4	786273	90	3	71.0351791381836	1.1963765621185303	203.81	4	DeepCheck
genome_904	92.058717	0.734289	GB_GCA_943356865.1	Patescibacteriota	set_c_clean	13	565385	90	4	87.8503189086914	0.7837765216827393	203.81	4	DeepCheck
genome_905	100.0	0.393076	GB_GCA_943356865.1	Patescibacteriota	set_c_clean	2	611692	90	5	93.39945983886719	0.6258927583694458	203.81	4	DeepCheck
genome_906	70.92157	67.32431	GB_GCA_943356865.1	Patescibacteriota	set_c_clean	30	842328	90	6	74.90496063232422	8.19962215423584	203.81	4	DeepCheck
genome_907	71.567889	32.941242	GB_GCA_943356865.1	Patescibacteriota	set_c_clean	3	636771	90	7	54.99897766113281	0.14410912990570068	203.81	4	DeepCheck
genome_908	100.0	28.426367	GB_GCA_943356865.1	Patescibacteriota	set_c_clean	3	782498	90	8	90.77153778076172	0.02088397741317749	203.81	4	DeepCheck
genome_909	54.291093	54.266474	GB_GCA_943356865.1	Patescibacteriota	set_c_clean	38	661438	90	9	44.903202056884766	2.301988363265991	203.81	4	DeepCheck
genome_910	100.0	76.60093	GB_GCA_946406315.1	Patescibacteriota	set_c_clean	67	1897909	91	0	72.09803009033203	4.879065036773682	203.81	4	DeepCheck
genome_911	100.0	24.449142	GB_GCA_946406315.1	Patescibacteriota	set_c_clean	2	1337440	91	1	81.58130645751953	4.954099655151367	203.81	4	DeepCheck
genome_912	100.0	98.134528	GB_GCA_946406315.1	Patescibacteriota	set_c_clean	22	2129328	91	2	77.6887435913086	8.089876174926758	203.81	4	DeepCheck
genome_913	69.062091	29.356334	GB_GCA_946406315.1	Patescibacteriota	set_c_clean	18	1057691	91	3	58.52251052856445	-0.15526935458183289	203.81	4	DeepCheck
genome_914	100.0	56.773036	GB_GCA_946406315.1	Patescibacteriota	set_c_clean	3	1684821	91	4	83.48787689208984	8.234185218811035	203.81	4	DeepCheck
genome_915	100.0	27.248187	GB_GCA_946406315.1	Patescibacteriota	set_c_clean	2	1367521	91	5	68.27699279785156	0.06965622305870056	203.81	4	DeepCheck
genome_916	100.0	59.661688	GB_GCA_946406315.1	Patescibacteriota	set_c_clean	8	1715865	91	6	74.57064819335938	5.699514389038086	203.81	4	DeepCheck
genome_917	91.879876	73.78253	GB_GCA_946406315.1	Patescibacteriota	set_c_clean	11	1780354	91	7	76.66596221923828	8.917537689208984	203.81	4	DeepCheck
genome_918	100.0	0.862762	GB_GCA_946406315.1	Patescibacteriota	set_c_clean	3	1083960	91	8	97.0169448852539	-0.20898953080177307	203.81	4	DeepCheck
genome_919	100.0	41.98465	GB_GCA_946406315.1	Patescibacteriota	set_c_clean	12	1525892	91	9	70.69668579101562	1.4225616455078125	203.81	4	DeepCheck
genome_920	56.92771	25.66808	GB_GCA_947084965.1	Patescibacteriota	set_c_clean	6	766052	92	0	40.56631851196289	0.24573244154453278	203.81	4	DeepCheck
genome_921	77.28619	17.096491	GB_GCA_947084965.1	Patescibacteriota	set_c_clean	90	875372	92	1	56.84016799926758	2.4675467014312744	203.81	4	DeepCheck
genome_922	58.370127	46.180204	GB_GCA_947084965.1	Patescibacteriota	set_c_clean	13	969674	92	2	50.14472579956055	2.122285842895508	203.81	4	DeepCheck
genome_923	100.0	76.655874	GB_GCA_947084965.1	Patescibacteriota	set_c_clean	10	1638432	92	3	63.92522430419922	4.548811912536621	203.81	4	DeepCheck
genome_924	100.0	37.68107	GB_GCA_947084965.1	Patescibacteriota	set_c_clean	26	1276952	92	4	77.30741882324219	9.68175983428955	203.81	4	DeepCheck
genome_925	51.749435	51.749435	GB_GCA_947084965.1	Patescibacteriota	set_c_clean	16	959922	92	5	39.81740951538086	2.08675217628479	203.81	4	DeepCheck
genome_926	72.639576	72.639576	GB_GCA_947084965.1	Patescibacteriota	set_c_clean	8	1347422	92	6	62.35338592529297	4.966573238372803	203.81	4	DeepCheck
genome_927	100.0	63.511096	GB_GCA_947084965.1	Patescibacteriota	set_c_clean	26	1516518	92	7	72.18038177490234	4.843087673187256	203.81	4	DeepCheck
genome_928	80.106009	80.106009	GB_GCA_947084965.1	Patescibacteriota	set_c_clean	7	1485920	92	8	51.97862243652344	4.9937357902526855	203.81	4	DeepCheck
genome_929	87.720371	37.731422	GB_GCA_947084965.1	Patescibacteriota	set_c_clean	18	1163529	92	9	76.80318450927734	5.547049522399902	203.81	4	DeepCheck
genome_930	100.0	67.165125	GB_GCA_948772475.1	Patescibacteriota	set_c_clean	6	1585603	93	0	66.11325073242188	4.15278959274292	203.81	4	DeepCheck
genome_931	100.0	46.875306	GB_GCA_948772475.1	Patescibacteriota	set_c_clean	3	1393149	93	1	80.25482177734375	3.585644006729126	203.81	4	DeepCheck
genome_932	100.0	34.771988	GB_GCA_948772475.1	Patescibacteriota	set_c_clean	18	1278346	93	2	79.1696548461914	3.6499507427215576	203.81	4	DeepCheck
genome_933	90.552384	35.188108	GB_GCA_948772475.1	Patescibacteriota	set_c_clean	9	1192680	93	3	86.546142578125	2.3460500240325928	203.81	4	DeepCheck
genome_934	61.776232	28.308374	GB_GCA_948772475.1	Patescibacteriota	set_c_clean	14	854475	93	4	47.120025634765625	0.26110297441482544	203.81	4	DeepCheck
genome_935	85.430537	49.980865	GB_GCA_948772475.1	Patescibacteriota	set_c_clean	12	1284411	93	5	82.05369567871094	1.6044460535049438	203.81	4	DeepCheck
genome_936	100.0	35.987876	GB_GCA_948772475.1	Patescibacteriota	set_c_clean	2	1289879	93	6	85.16620635986328	5.069736957550049	203.81	4	DeepCheck
genome_937	89.102976	45.800374	GB_GCA_948772475.1	Patescibacteriota	set_c_clean	35	1279592	93	7	78.49757385253906	1.8655635118484497	203.81	4	DeepCheck
genome_938	57.594686	43.248939	GB_GCA_948772475.1	Patescibacteriota	set_c_clean	13	956527	93	8	40.08652114868164	2.017296075820923	203.81	4	DeepCheck
genome_939	81.661843	21.295591	GB_GCA_948772475.1	Patescibacteriota	set_c_clean	11	976577	93	9	50.75825500488281	2.9794135093688965	203.81	4	DeepCheck
genome_940	100.0	25.558554	GB_GCA_948780445.1	Patescibacteriota	set_c_clean	9	1094175	94	0	87.19390869140625	0.3557264804840088	203.81	4	DeepCheck
genome_941	100.0	75.741813	GB_GCA_948780445.1	Patescibacteriota	set_c_clean	6	1531495	94	1	75.34851837158203	15.457722663879395	203.81	4	DeepCheck
genome_942	79.498558	79.498443	GB_GCA_948780445.1	Patescibacteriota	set_c_clean	11	1385573	94	2	56.83019256591797	1.9291977882385254	203.81	4	DeepCheck
genome_943	100.0	46.52761	GB_GCA_948780445.1	Patescibacteriota	set_c_clean	3	1276909	94	3	94.90455627441406	11.32557201385498	203.81	4	DeepCheck
genome_944	81.455994	16.019122	GB_GCA_948780445.1	Patescibacteriota	set_c_clean	5	849443	94	4	49.951011657714844	0.6911486387252808	203.81	4	DeepCheck
genome_945	76.138395	59.47804	GB_GCA_948780445.1	Patescibacteriota	set_c_clean	37	1181824	94	5	71.00935363769531	0.42605623602867126	203.81	4	DeepCheck
genome_946	53.815727	12.509668	GB_GCA_948780445.1	Patescibacteriota	set_c_clean	18	577990	94	6	36.29200744628906	0.20141154527664185	203.81	4	DeepCheck
genome_947	100.0	9.628365	GB_GCA_948780445.1	Patescibacteriota	set_c_clean	4	955352	94	7	87.25457763671875	0.3128029406070709	203.81	4	DeepCheck
genome_948	100.0	51.713589	GB_GCA_948780445.1	Patescibacteriota	set_c_clean	79	1322102	94	8	79.82843780517578	1.8984891176223755	203.81	4	DeepCheck
genome_949	100.0	70.607473	GB_GCA_948780445.1	Patescibacteriota	set_c_clean	9	1486752	94	9	59.28450393676758	1.6908668279647827	203.81	4	DeepCheck
genome_950	88.906476	9.803464	GB_GCA_963521755.1	Patescibacteriota	set_c_clean	21	1116901	95	0	75.13188171386719	1.8246263265609741	203.81	4	DeepCheck
genome_951	64.430162	64.430162	GB_GCA_963521755.1	Patescibacteriota	set_c_clean	28	1458052	95	1	63.374752044677734	8.500301361083984	203.81	4	DeepCheck
genome_952	50.000177	38.488358	GB_GCA_963521755.1	Patescibacteriota	set_c_clean	42	1001246	95	2	54.15911102294922	7.767579078674316	203.81	4	DeepCheck
genome_953	88.767722	88.593528	GB_GCA_963521755.1	Patescibacteriota	set_c_clean	54	2006839	95	3	61.22916793823242	5.143939971923828	203.81	4	DeepCheck
genome_954	78.024265	47.258678	GB_GCA_963521755.1	Patescibacteriota	set_c_clean	20	1417574	95	4	74.62593078613281	9.806866645812988	203.81	4	DeepCheck
genome_955	79.554891	2.067613	GB_GCA_963521755.1	Patescibacteriota	set_c_clean	2	923557	95	5	80.44662475585938	0.2804070711135864	203.81	4	DeepCheck
genome_956	64.039707	62.450486	GB_GCA_963521755.1	Patescibacteriota	set_c_clean	18	1431234	95	6	58.638084411621094	4.381287097930908	203.81	4	DeepCheck
genome_957	85.069881	15.867196	GB_GCA_963521755.1	Patescibacteriota	set_c_clean	24	1142101	95	7	80.40227508544922	0.07605478167533875	203.81	4	DeepCheck
genome_958	85.575229	8.699441	GB_GCA_963521755.1	Patescibacteriota	set_c_clean	167	1066716	95	8	80.02690887451172	2.3274972438812256	203.81	4	DeepCheck
genome_959	70.202599	35.095157	GB_GCA_963521755.1	Patescibacteriota	set_c_clean	29	1191442	95	9	77.20955657958984	5.027777671813965	203.81	4	DeepCheck
genome_960	100.0	53.137114	GB_GCA_963619335.1	Patescibacteriota	set_c_clean	53	1187880	96	0	70.9692611694336	0.8743744492530823	203.81	4	DeepCheck
genome_961	66.510635	66.367538	GB_GCA_963619335.1	Patescibacteriota	set_c_clean	12	1030732	96	1	76.58077239990234	14.93070125579834	203.81	4	DeepCheck
genome_962	65.651666	36.60321	GB_GCA_963619335.1	Patescibacteriota	set_c_clean	10	793188	96	2	58.90515899658203	1.7569408416748047	203.81	4	DeepCheck
genome_963	56.811229	4.814896	GB_GCA_963619335.1	Patescibacteriota	set_c_clean	4	478032	96	3	77.21505737304688	0.41713863611221313	203.81	4	DeepCheck
genome_964	100.0	17.847948	GB_GCA_963619335.1	Patescibacteriota	set_c_clean	2	914143	96	4	96.27652740478516	4.845041751861572	203.81	4	DeepCheck
genome_965	100.0	17.426392	GB_GCA_963619335.1	Patescibacteriota	set_c_clean	19	910873	96	5	83.52870178222656	0.19917264580726624	203.81	4	DeepCheck
genome_966	64.469632	64.469632	GB_GCA_963619335.1	Patescibacteriota	set_c_clean	25	1000178	96	6	60.35755920410156	7.915557861328125	203.81	4	DeepCheck
genome_967	89.019553	32.219539	GB_GCA_963619335.1	Patescibacteriota	set_c_clean	47	940448	96	7	84.66130828857422	0.6002418994903564	203.81	4	DeepCheck
genome_968	92.170525	38.482939	GB_GCA_963619335.1	Patescibacteriota	set_c_clean	2	1013475	96	8	79.52164459228516	11.846993446350098	203.81	4	DeepCheck
genome_969	100.0	78.781148	GB_GCA_963619335.1	Patescibacteriota	set_c_clean	2	1386800	96	9	84.29878234863281	5.993158340454102	203.81	4	DeepCheck
genome_970	71.566732	0.76557	GB_GCA_963623365.1	Patescibacteriota	set_c_clean	2	587109	97	0	60.453369140625	0.13450905680656433	203.81	4	DeepCheck
genome_971	91.017799	31.421134	GB_GCA_963623365.1	Patescibacteriota	set_c_clean	2	993816	97	1	92.47118377685547	5.661304950714111	203.81	4	DeepCheck
genome_972	100.0	20.053642	GB_GCA_963623365.1	Patescibacteriota	set_c_clean	2	974455	97	2	94.09315490722656	0.2942018210887909	203.81	4	DeepCheck
genome_973	68.781655	68.781655	GB_GCA_963623365.1	Patescibacteriota	set_c_clean	21	1116578	97	3	48.76557922363281	2.0265259742736816	203.81	4	DeepCheck
genome_974	100.0	74.247335	GB_GCA_963623365.1	Patescibacteriota	set_c_clean	35	1414336	97	4	74.39032745361328	4.942145824432373	203.81	4	DeepCheck
genome_975	55.508	5.837377	GB_GCA_963623365.1	Patescibacteriota	set_c_clean	6	497930	97	5	63.201133728027344	-0.1104503870010376	203.81	4	DeepCheck
genome_976	64.707404	38.204324	GB_GCA_963623365.1	Patescibacteriota	set_c_clean	9	835317	97	6	43.2294921875	0.24207159876823425	203.81	4	DeepCheck
genome_977	100.0	78.127422	GB_GCA_963623365.1	Patescibacteriota	set_c_clean	13	1445830	97	7	65.1794662475586	5.196957111358643	203.81	4	DeepCheck
genome_978	100.0	24.128508	GB_GCA_963623365.1	Patescibacteriota	set_c_clean	6	1007530	97	8	81.39772033691406	1.6046531200408936	203.81	4	DeepCheck
genome_979	100.0	39.736449	GB_GCA_963623365.1	Patescibacteriota	set_c_clean	11	1134217	97	9	83.31796264648438	1.9488766193389893	203.81	4	DeepCheck
genome_980	85.520896	21.319761	GB_GCA_963636795.1	Patescibacteriota	set_c_clean	10	914009	98	0	90.66221618652344	0.2588599920272827	203.81	4	DeepCheck
genome_981	100.0	11.785086	GB_GCA_963636795.1	Patescibacteriota	set_c_clean	2	956308	98	1	100.56775665283203	0.47269538044929504	203.81	4	DeepCheck
genome_982	100.0	86.70256	GB_GCA_963636795.1	Patescibacteriota	set_c_clean	47	1597218	98	2	72.84571075439453	10.042832374572754	203.81	4	DeepCheck
genome_983	81.68332	27.62622	GB_GCA_963636795.1	Patescibacteriota	set_c_clean	15	935130	98	3	74.26214599609375	2.3227691650390625	203.81	4	DeepCheck
genome_984	100.0	86.502791	GB_GCA_963636795.1	Patescibacteriota	set_c_clean	4	1595509	98	4	77.22949981689453	4.961143493652344	203.81	4	DeepCheck
genome_985	100.0	13.451971	GB_GCA_963636795.1	Patescibacteriota	set_c_clean	5	970568	98	5	100.25751495361328	0.06553679704666138	203.81	4	DeepCheck
genome_986	73.539313	35.941007	GB_GCA_963636795.1	Patescibacteriota	set_c_clean	6	936591	98	6	53.52188491821289	0.7366254925727844	203.81	4	DeepCheck
genome_987	75.4318	19.163565	GB_GCA_963636795.1	Patescibacteriota	set_c_clean	3	809252	98	7	83.65791320800781	0.2645231783390045	203.81	4	DeepCheck
genome_988	100.0	5.708321	GB_GCA_963636795.1	Patescibacteriota	set_c_clean	3	904322	98	8	99.39643096923828	0.14144554734230042	203.81	4	DeepCheck
genome_989	52.670289	52.670172	GB_GCA_963636795.1	Patescibacteriota	set_c_clean	9	901175	98	9	65.60809326171875	7.644376277923584	203.81	4	DeepCheck
genome_990	100.0	49.33692	GB_GCA_963978955.1	Patescibacteriota	set_c_clean	14	1421344	99	0	68.9303970336914	6.866051197052002	203.81	4	DeepCheck
genome_991	59.987812	59.987812	GB_GCA_963978955.1	Patescibacteriota	set_c_clean	11	1141892	99	1	47.59977340698242	0.9345874190330505	203.81	4	DeepCheck
genome_992	100.0	35.161436	GB_GCA_963978955.1	Patescibacteriota	set_c_clean	9	1286426	99	2	73.13036346435547	6.259085178375244	203.81	4	DeepCheck
genome_993	100.0	56.547485	GB_GCA_963978955.1	Patescibacteriota	set_c_clean	32	1489972	99	3	85.219482421875	0.858298659324646	203.81	4	DeepCheck
genome_994	100.0	37.468611	GB_GCA_963978955.1	Patescibacteriota	set_c_clean	2	1308385	99	4	71.56169128417969	1.241639256477356	203.81	4	DeepCheck
genome_995	70.101915	50.97471	GB_GCA_963978955.1	Patescibacteriota	set_c_clean	9	1152371	99	5	57.94434356689453	1.3963974714279175	203.81	4	DeepCheck
genome_996	100.0	70.419534	GB_GCA_963978955.1	Patescibacteriota	set_c_clean	4	1622002	99	6	73.22421264648438	-0.11645779013633728	203.81	4	DeepCheck
genome_997	76.972693	22.620591	GB_GCA_963978955.1	Patescibacteriota	set_c_clean	39	947899	99	7	60.42376708984375	0.302211195230484	203.81	4	DeepCheck
genome_998	67.376887	6.752577	GB_GCA_963978955.1	Patescibacteriota	set_c_clean	4	705542	99	8	53.830039978027344	0.16395412385463715	203.81	4	DeepCheck
genome_999	100.0	50.852832	GB_GCA_963978955.1	Patescibacteriota	set_c_clean	16	1435772	99	9	72.49874114990234	4.885372638702393	203.81	4	DeepCheck
