genome_id	true_completeness	true_contamination	dominant_accession	dominant_phylum	sample_type	n_contigs	total_length	target_completeness	pred_completeness	pred_contamination	wall_clock_s	n_threads
genome_0	50.69061789162673	0.0	RS_GCF_019222765.1	Actinomycetota	set_a_comp50	15	4535834	50.0	56.59266	0.4996717	25.923950910568237	20
genome_1	51.03718469959878	0.0	RS_GCF_019973615.1	Pseudomonadota	set_a_comp50	17	2519543	50.0	52.813805	0.007542968	25.923950910568237	20
genome_10	75.40792347307686	0.0	RS_GCF_041514365.1	Bacillota	set_a_comp50	3	1635254	50.0	81.05276	0.32334924	25.923950910568237	20
genome_100	57.02196359230501	0.0	RS_GCF_002369955.1	Bacteroidota	set_a_comp50	4	1095624	50.0	51.042732	0.5113244	25.923950910568237	20
genome_101	50.962447863154814	0.0	GB_GCA_030572375.1	Actinomycetota	set_a_comp50	6	2246970	50.0	52.58358	0.10884106	25.923950910568237	20
genome_102	52.25367148710836	0.0	RS_GCF_025232515.1	Campylobacterota	set_a_comp50	3	874681	50.0	52.524727	0.12460947	25.923950910568237	20
genome_103	54.71303428344908	0.0	RS_GCF_018808925.1	Pseudomonadota	set_a_comp50	7	2357403	50.0	59.036995	0.08811653	25.923950910568237	20
genome_104	51.36869616572231	0.0	GB_GCA_002838205.1	Bacillota	set_a_comp50	2	1108125	50.0	59.441532	1.2494028	25.923950910568237	20
genome_105	50.38734613297879	0.0	RS_GCF_017751165.1	Spirochaetota	set_a_comp50	5	1529587	50.0	52.40905	0.06656647	25.923950910568237	20
genome_106	50.66877241000748	0.0	RS_GCF_000403665.1	Actinomycetota	set_a_comp50	30	4305205	50.0	52.243736	0.52461624	25.923950910568237	20
genome_107	50.66555494344605	0.0	RS_GCF_006352025.1	Bacteroidota	set_a_comp50	29	2552138	50.0	54.283886	0.0055730343	25.923950910568237	20
genome_108	56.56457374143484	0.0	GB_GCA_020735665.1	Bacillota	set_a_comp50	2	1674782	50.0	59.966732	0.16750693	25.923950910568237	20
genome_109	81.35599087139101	0.0	RS_GCF_011404895.1	Pseudomonadota	set_a_comp50	1	3760592	50.0	81.58778	0.24724603	25.923950910568237	20
genome_11	52.00542032163228	0.0	RS_GCF_019968725.1	Pseudomonadota	set_a_comp50	18	3320090	50.0	56.9165	0.46902597	25.923950910568237	20
genome_110	50.290125470094026	0.0	RS_GCF_013374315.1	Pseudomonadota	set_a_comp50	10	2371454	50.0	52.967518	0.015950203	25.923950910568237	20
genome_111	50.23786514844214	0.0	GB_GCA_030316565.1	Pseudomonadota	set_a_comp50	27	2384589	50.0	51.557945	0.10578036	25.923950910568237	20
genome_112	50.62449341309697	0.0	RS_GCF_023703775.1	Halobacteriota	set_a_comp50	24	1739450	50.0	52.674736	0.9517729	25.923950910568237	20
genome_113	50.95621820954541	0.0	RS_GCF_024759765.1	Bacteroidota	set_a_comp50	16	3400205	50.0	52.71456	0.41839778	25.923950910568237	20
genome_114	56.760931370784895	0.0	RS_GCF_000015345.1	Pseudomonadota	set_a_comp50	4	788608	50.0	54.586727	0.02950728	25.923950910568237	20
genome_115	55.97511100936766	0.0	RS_GCF_030177875.1	Pseudomonadota	set_a_comp50	3	1232357	50.0	55.70715	0.063598156	25.923950910568237	20
genome_116	76.4664558765462	0.0	RS_GCF_002952535.1	Campylobacterota	set_a_comp50	1	1280063	50.0	75.287094	1.3608426	25.923950910568237	20
genome_117	68.07305742964192	0.0	RS_GCF_900638175.1	Campylobacterota	set_a_comp50	2	1133187	50.0	69.17264	0.34050643	25.923950910568237	20
genome_118	51.785184829215794	0.0	RS_GCF_001998105.1	Actinomycetota	set_a_comp50	14	2284520	50.0	53.34792	0.10839403	25.923950910568237	20
genome_119	51.79208779917517	0.0	RS_GCF_002761035.1	Pseudomonadota	set_a_comp50	12	2560606	50.0	51.701447	0.25280118	25.923950910568237	20
genome_12	52.27757796464878	0.0	RS_GCF_001700595.1	Pseudomonadota	set_a_comp50	18	2658330	50.0	55.024216	0.016957521	25.923950910568237	20
genome_120	51.456008652749965	0.0	RS_GCF_037893165.1	Bacteroidota	set_a_comp50	12	4173213	50.0	53.130005	0.04400611	25.923950910568237	20
genome_121	51.29244367091279	0.0	RS_GCF_024496285.1	Pseudomonadota	set_a_comp50	25	3159276	50.0	57.336277	0.1195848	25.923950910568237	20
genome_122	56.171459890250205	0.0	RS_GCF_012273375.1	Bacillota	set_a_comp50	7	2936276	50.0	55.48481	0.0605762	25.923950910568237	20
genome_123	53.220263796060806	0.0	GB_GCA_000063505.1	Cyanobacteriota	set_a_comp50	7	1259713	50.0	54.975597	0.005403161	25.923950910568237	20
genome_124	50.124401941039295	0.0	RS_GCF_003344965.1	Actinomycetota	set_a_comp50	21	4237944	50.0	53.8221	0.12712479	25.923950910568237	20
genome_125	50.01170991913661	0.0	RS_GCF_002935055.1	Pseudomonadota	set_a_comp50	7	2694928	50.0	52.13382	0.09987354	25.923950910568237	20
genome_126	100.0	0.0	RS_GCF_020614395.1	Halobacteriota	set_a_comp50	2	2339281	50.0	99.80464	0.29782653	25.923950910568237	20
genome_127	50.65140339229468	0.0	RS_GCF_001987215.1	Pseudomonadota	set_a_comp50	10	2081992	50.0	52.776134	0.042924285	25.923950910568237	20
genome_128	52.534415754460426	0.0	RS_GCF_030388345.1	Pseudomonadota	set_a_comp50	7	2413378	50.0	51.44567	0.020888448	25.923950910568237	20
genome_129	93.32930650690182	0.0	RS_GCF_900631605.1	Actinomycetota	set_a_comp50	1	3043898	50.0	87.318275	4.28893	25.923950910568237	20
genome_13	55.90539538267487	0.0	RS_GCF_002197425.1	Bacillota	set_a_comp50	5	1183411	50.0	55.446167	0.09398162	25.923950910568237	20
genome_130	55.96216021133928	0.0	RS_GCF_040194315.2	Pseudomonadota	set_a_comp50	4	2831429	50.0	57.596436	0.018653274	25.923950910568237	20
genome_131	62.9394903362522	0.0	RS_GCF_964028285.1	Pseudomonadota	set_a_comp50	5	896084	50.0	70.91377	0.081306696	25.923950910568237	20
genome_132	78.43127309332533	0.0	RS_GCF_036322935.1	Bacillota	set_a_comp50	1	1608136	50.0	79.59233	0.6116003	25.923950910568237	20
genome_133	50.09057310470087	0.0	GB_GCA_015476255.1	Bacillota	set_a_comp50	12	1463068	50.0	53.481846	0.13957918	25.923950910568237	20
genome_134	51.67845883529411	0.0	GB_GCA_040583595.1	Pseudomonadota	set_a_comp50	10	2580307	50.0	54.55545	0.1863569	25.923950910568237	20
genome_135	52.52334917557461	0.0	GB_GCA_021383625.1	Bacillota	set_a_comp50	6	1417112	50.0	52.818344	0.07532537	25.923950910568237	20
genome_136	100.0	0.0	RS_GCF_000789395.1	Bacillota	set_a_comp50	5	3338630	50.0	99.91629	0.55353045	25.923950910568237	20
genome_137	51.58382526169783	0.0	RS_GCF_012151035.1	Bacteroidota	set_a_comp50	12	3241411	50.0	54.61152	0.13294816	25.923950910568237	20
genome_138	52.94226131537525	0.0	RS_GCF_020978285.1	Bacillota	set_a_comp50	2	1314775	50.0	57.00265	0.28490126	25.923950910568237	20
genome_139	51.47489548417409	0.0	GB_GCA_015278035.1	Pseudomonadota	set_a_comp50	4	2857286	50.0	51.6197	0.9341538	25.923950910568237	20
genome_14	50.73232931594865	0.0	RS_GCF_031767055.1	Actinomycetota	set_a_comp50	40	4243285	50.0	51.621323	0.18494129	25.923950910568237	20
genome_140	56.56976643244097	0.0	GB_GCA_000953475.1	Verrucomicrobiota	set_a_comp50	3	1401047	50.0	56.93941	0.124537945	25.923950910568237	20
genome_141	52.20926888936312	0.0	RS_GCF_019243695.1	Pseudomonadota	set_a_comp50	11	2253221	50.0	56.818752	0.05570054	25.923950910568237	20
genome_142	100.0	0.0	RS_GCF_012273215.1	Bacillota	set_a_comp50	2	2081429	50.0	99.95703	1.3210386	25.923950910568237	20
genome_143	100.0	0.0	RS_GCF_964028425.1	Pseudomonadota	set_a_comp50	1	1455570	50.0	99.83178	3.6577523	25.923950910568237	20
genome_144	60.4928917572091	0.0	RS_GCF_001900575.1	Pseudomonadota	set_a_comp50	2	2829529	50.0	59.15327	0.01579523	25.923950910568237	20
genome_145	56.22806542733708	0.0	RS_GCF_028335185.1	Bacillota	set_a_comp50	2	1786721	50.0	54.91918	0.004965067	25.923950910568237	20
genome_146	53.06051859046704	0.0	RS_GCF_033441455.1	Pseudomonadota	set_a_comp50	9	2982146	50.0	56.07867	0.18588603	25.923950910568237	20
genome_147	51.49819138375421	0.0	RS_GCF_037113475.1	Pseudomonadota	set_a_comp50	6	2570473	50.0	52.62731	0.045788288	25.923950910568237	20
genome_148	61.2591452040671	0.0	RS_GCF_900683625.1	Bacteroidota	set_a_comp50	4	2257813	50.0	56.97995	0.15412867	25.923950910568237	20
genome_149	76.17083535671635	0.0	RS_GCF_900638255.1	Actinomycetota	set_a_comp50	3	2192838	50.0	78.11247	0.11073351	25.923950910568237	20
genome_15	61.84823869806012	0.0	RS_GCF_003798185.1	Bacillota	set_a_comp50	3	1725256	50.0	62.193913	0.11296868	25.923950910568237	20
genome_150	50.948116630211416	0.0	RS_GCF_021432125.1	Pseudomonadota	set_a_comp50	16	2911101	50.0	52.67118	0.14157593	25.923950910568237	20
genome_151	51.00819699349911	0.0	RS_GCF_026965535.1	Myxococcota	set_a_comp50	22	4992236	50.0	53.11014	0.56094825	25.923950910568237	20
genome_152	100.0	0.0	RS_GCF_002777155.1	Chlamydiota	set_a_comp50	2	1048306	50.0	99.66705	0.77632964	25.923950910568237	20
genome_153	51.94943135814424	0.0	RS_GCF_003812165.1	Pseudomonadota	set_a_comp50	13	3600746	50.0	52.340824	0.5554497	25.923950910568237	20
genome_154	100.0	0.0	RS_GCF_035621415.1	Bacillota	set_a_comp50	2	1982227	50.0	99.87324	0.2975911	25.923950910568237	20
genome_155	54.78052535775698	0.0	RS_GCF_000307795.1	Campylobacterota	set_a_comp50	4	913680	50.0	57.088604	0.18193424	25.923950910568237	20
genome_156	52.417127843550126	0.0	RS_GCF_001524445.2	Pseudomonadota	set_a_comp50	7	3893311	50.0	52.35566	1.0964632	25.923950910568237	20
genome_157	59.01373247695829	0.0	RS_GCF_916098155.1	Pseudomonadota	set_a_comp50	5	3054323	50.0	60.11181	0.041896105	25.923950910568237	20
genome_158	50.19119364499382	0.0	RS_GCF_036250655.1	Spirochaetota	set_a_comp50	5	1736274	50.0	55.854866	0.44496357	25.923950910568237	20
genome_159	53.340311361285295	0.0	RS_GCF_004104435.1	Verrucomicrobiota	set_a_comp50	7	1525750	50.0	54.38478	0.5910188	25.923950910568237	20
genome_16	54.61641861413816	0.0	GB_GCA_002078455.2	Bacillota	set_a_comp50	6	1306700	50.0	54.16922	0.05224943	25.923950910568237	20
genome_160	94.44422254668604	0.0	RS_GCF_033100055.1	Bacillota	set_a_comp50	1	1915292	50.0	93.18862	0.34338832	25.923950910568237	20
genome_161	52.41234562618048	0.0	RS_GCF_023735195.1	Pseudomonadota	set_a_comp50	7	2694482	50.0	54.20781	0.0246346	25.923950910568237	20
genome_162	56.43972728240354	0.0	RS_GCF_021655515.1	Pseudomonadota	set_a_comp50	6	3186828	50.0	58.83851	0.019431114	25.923950910568237	20
genome_163	53.11119025316735	0.0	RS_GCF_002688545.1	Actinomycetota	set_a_comp50	17	3443421	50.0	53.448475	0.054591894	25.923950910568237	20
genome_164	50.83599534290448	0.0	RS_GCF_025914135.1	Bacteroidota	set_a_comp50	27	2787026	50.0	52.667194	0.093626976	25.923950910568237	20
genome_165	59.64949180548641	0.0	RS_GCF_018127785.1	Bacteroidota	set_a_comp50	3	1971025	50.0	59.90859	0.26352406	25.923950910568237	20
genome_166	50.07693676834327	0.0	RS_GCF_036013915.1	Actinomycetota	set_a_comp50	32	4487522	50.0	53.49517	0.58737993	25.923950910568237	20
genome_167	58.74530629788804	0.0	RS_GCF_038396715.1	Bacillota	set_a_comp60	2	1123447	60.0	58.616516	0.027805567	25.923950910568237	20
genome_168	63.152419167026174	0.0	RS_GCF_002776795.1	Chlamydiota	set_a_comp60	2	661658	60.0	60.904522	0.65597	25.923950910568237	20
genome_169	58.15003983557352	0.0	RS_GCF_000316645.1	Cyanobacteriota	set_a_comp60	8	3907025	60.0	56.70626	0.18946826	25.923950910568237	20
genome_17	51.66895555483778	0.0	RS_GCF_041154675.1	Thermoproteota	set_a_comp50	12	1327717	50.0	55.263935	0.07401407	25.923950910568237	20
genome_170	63.19209477741399	0.0	RS_GCF_034371605.1	Pseudomonadota	set_a_comp60	5	2668302	60.0	73.588135	0.29050708	25.923950910568237	20
genome_171	100.0	0.0	RS_GCF_010092985.1	Bacteroidota	set_a_comp60	4	4344619	60.0	99.92053	0.7812917	25.923950910568237	20
genome_172	58.964148883730594	0.0	RS_GCF_022919455.1	Bacteroidota	set_a_comp60	18	2927080	60.0	58.977997	0.011888146	25.923950910568237	20
genome_173	59.5702292128972	0.0	RS_GCF_040436415.1	Bacillota	set_a_comp60	6	1754572	60.0	58.313076	0.17463863	25.923950910568237	20
genome_174	59.45426089934311	0.0	RS_GCF_000307105.1	Desulfobacterota	set_a_comp60	23	3090376	60.0	64.97434	0.38028955	25.923950910568237	20
genome_175	100.0	0.0	RS_GCF_003855175.1	Pseudomonadota	set_a_comp60	2	2221636	60.0	99.97211	0.31988025	25.923950910568237	20
genome_176	54.550493843015566	0.0	RS_GCF_002952275.1	Campylobacterota	set_a_comp60	3	913238	60.0	57.266293	0.09867251	25.923950910568237	20
genome_177	57.96292285260017	0.0	RS_GCF_027594765.1	Bacillota	set_a_comp60	12	1477199	60.0	59.772106	0.07533729	25.923950910568237	20
genome_178	57.32849445024619	0.0	RS_GCF_018278985.1	Bacillota	set_a_comp60	6	1270838	60.0	55.309643	0.66260695	25.923950910568237	20
genome_179	61.74963044738168	0.0	RS_GCF_030323145.1	Pseudomonadota	set_a_comp60	10	3717400	60.0	58.759098	0.0041157007	25.923950910568237	20
genome_18	57.7588809647341	0.0	RS_GCF_002310515.1	Bacteroidota	set_a_comp50	5	2364540	50.0	56.780872	0.1866132	25.923950910568237	20
genome_180	59.19583692498732	0.0	RS_GCF_033807455.1	Pseudomonadota	set_a_comp60	14	3437079	60.0	60.205074	0.25382936	25.923950910568237	20
genome_181	60.06906401810047	0.0	RS_GCF_031326265.1	Pseudomonadota	set_a_comp60	9	3546704	60.0	59.3925	0.1866132	25.923950910568237	20
genome_182	58.06109885103905	0.0	RS_GCF_005707215.1	Bacillota	set_a_comp60	4	1621218	60.0	58.22623	0.2513349	25.923950910568237	20
genome_183	57.60253793449627	0.0	RS_GCF_000318565.1	Chlamydiota	set_a_comp60	3	605909	60.0	58.013493	0.7014513	25.923950910568237	20
genome_184	59.90726061107334	0.0	RS_GCF_037893165.1	Bacteroidota	set_a_comp60	33	4858631	60.0	59.151566	0.045618415	25.923950910568237	20
genome_185	78.73732171036735	0.0	RS_GCF_020309925.1	Actinomycetota	set_a_comp60	2	1557725	60.0	79.027	0.35621822	25.923950910568237	20
genome_186	74.000329711007	0.0	RS_GCF_000190315.1	Thermoproteota	set_a_comp60	3	1701255	60.0	76.51115	0.42615235	25.923950910568237	20
genome_187	96.86179179359642	0.0	RS_GCF_019968845.1	Pseudomonadota	set_a_comp60	2	5028917	60.0	98.46967	0.4667282	25.923950910568237	20
genome_188	59.86338577049059	0.0	RS_GCF_000226275.2	Pseudomonadota	set_a_comp60	16	2407870	60.0	61.49289	0.06223321	25.923950910568237	20
genome_189	61.40594980172735	0.0	RS_GCF_000164395.1	Pseudomonadota	set_a_comp60	11	2233125	60.0	69.710335	3.5958261	25.923950910568237	20
genome_19	53.66756933716511	0.0	RS_GCF_034258555.1	Pseudomonadota	set_a_comp50	8	2200797	50.0	56.14232	0.027632713	25.923950910568237	20
genome_190	59.07993887261327	0.0	GB_GCA_022179705.1	Actinomycetota	set_a_comp60	34	4917192	60.0	60.631638	0.04682839	25.923950910568237	20
genome_191	59.68098353215128	0.0	RS_GCF_000210855.2	Pseudomonadota	set_a_comp60	33	3024304	60.0	61.752632	0.07034242	25.923950910568237	20
genome_192	100.0	0.0	RS_GCF_040404775.1	Spirochaetota	set_a_comp60	1	1139611	60.0	99.69524	0.6568074	25.923950910568237	20
genome_193	59.8468754028974	0.0	RS_GCF_027570615.1	Pseudomonadota	set_a_comp60	25	3806369	60.0	58.832397	0.033140182	25.923950910568237	20
genome_194	59.60362239629328	0.0	RS_GCF_029633965.1	Halobacteriota	set_a_comp60	16	1498385	60.0	60.90741	0.052425265	25.923950910568237	20
genome_195	59.935909600297286	0.0	RS_GCF_037623895.1	Pseudomonadota	set_a_comp60	36	2874175	60.0	58.802402	0.110039115	25.923950910568237	20
genome_196	59.42690606511542	0.0	RS_GCF_037951045.1	Bacillota	set_a_comp60	23	1731186	60.0	59.689945	0.074627995	25.923950910568237	20
genome_197	59.9887761865771	0.0	GB_GCA_022846095.1	Bacillota	set_a_comp60	44	2584734	60.0	67.757706	0.28579235	25.923950910568237	20
genome_198	73.13497312311164	0.0	RS_GCF_040711995.2	Pseudomonadota	set_a_comp60	3	1997703	60.0	82.68663	0.4460752	25.923950910568237	20
genome_199	67.18660314930858	0.0	RS_GCF_001683415.1	Pseudomonadota	set_a_comp60	3	2747234	60.0	69.76997	0.02913773	25.923950910568237	20
genome_2	52.13283377351924	0.0	RS_GCF_002077175.1	Pseudomonadota	set_a_comp50	10	2546324	50.0	61.776485	0.09726882	25.923950910568237	20
genome_20	50.15288069081571	0.0	RS_GCF_003204075.1	Pseudomonadota	set_a_comp50	28	2578328	50.0	52.39925	0.012820959	25.923950910568237	20
genome_200	59.74238882040099	0.0	RS_GCF_028750595.1	Pseudomonadota	set_a_comp60	45	2951786	60.0	59.357506	0.027430058	25.923950910568237	20
genome_201	59.89645467285931	0.0	RS_GCF_040223965.2	Pseudomonadota	set_a_comp60	32	2430558	60.0	60.070732	0.044241548	25.923950910568237	20
genome_202	64.82920042982984	0.0	RS_GCF_002863865.1	Pseudomonadota	set_a_comp60	7	3186033	60.0	61.992542	1.1520475	25.923950910568237	20
genome_203	60.80614949999487	0.0	RS_GCF_026625765.1	Actinomycetota	set_a_comp60	14	2257466	60.0	66.522705	0.5770564	25.923950910568237	20
genome_204	58.29929808571437	0.0	RS_GCF_025665355.1	Pseudomonadota	set_a_comp60	4	3661344	60.0	61.65524	0.04683733	25.923950910568237	20
genome_205	61.85243597170829	0.0	GB_GCA_039636865.1	Actinomycetota	set_a_comp60	11	2345659	60.0	62.14708	9.485412	25.923950910568237	20
genome_206	87.49337104006867	0.0	RS_GCF_000212395.1	Thermodesulfobiota	set_a_comp60	2	1661381	60.0	67.466385	37.909206	25.923950910568237	20
genome_207	59.65419253265358	0.0	RS_GCF_002224625.1	Pseudomonadota	set_a_comp60	2	2952422	60.0	61.41622	0.03142953	25.923950910568237	20
genome_208	58.58507931316774	0.0	RS_GCF_025490575.1	Bacillota	set_a_comp60	12	2260691	60.0	61.067154	0.036609173	25.923950910568237	20
genome_209	58.48215295806538	0.0	RS_GCF_000227685.2	Pseudomonadota	set_a_comp60	8	2197016	60.0	63.231686	0.30403435	25.923950910568237	20
genome_21	51.54858808796491	0.0	RS_GCF_022569515.1	Pseudomonadota	set_a_comp50	3	1139397	50.0	54.3411	0.3212273	25.923950910568237	20
genome_210	59.04441615299712	0.0	RS_GCF_003344965.1	Actinomycetota	set_a_comp60	19	4992118	60.0	58.91708	0.19045174	25.923950910568237	20
genome_211	68.12340493043946	0.0	RS_GCF_039641995.1	Halobacteriota	set_a_comp60	3	1296744	60.0	68.91819	0.08408725	25.923950910568237	20
genome_212	59.286563955988	0.0	RS_GCF_022221225.1	Bacillota	set_a_comp60	35	3264020	60.0	58.699512	0.17151833	25.923950910568237	20
genome_213	58.68899603805433	0.0	RS_GCF_001941545.1	Spirochaetota	set_a_comp60	2	668963	60.0	55.923462	0.5857408	25.923950910568237	20
genome_214	59.72841109698428	0.0	GB_GCA_905142485.1	Pseudomonadota	set_a_comp60	10	3264964	60.0	63.673523	0.09474456	25.923950910568237	20
genome_215	100.0	0.0	RS_GCF_002209045.1	Campylobacterota	set_a_comp60	2	1696130	60.0	99.86038	0.4045248	25.923950910568237	20
genome_216	59.78450816685881	0.0	RS_GCF_009763965.1	Pseudomonadota	set_a_comp60	38	2517259	60.0	60.28907	0.062555075	25.923950910568237	20
genome_217	59.81728473108826	0.0	RS_GCF_007012285.1	Pseudomonadota	set_a_comp60	24	2422283	60.0	61.607803	0.12770891	25.923950910568237	20
genome_218	59.484729958436574	0.0	RS_GCF_963920465.1	Cyanobacteriota	set_a_comp60	18	1675482	60.0	66.09809	0.11510253	25.923950910568237	20
genome_219	68.90728686154571	0.0	RS_GCF_030028005.1	Pseudomonadota	set_a_comp60	3	2692258	60.0	69.69766	0.06399155	25.923950910568237	20
genome_22	52.42860005003964	0.0	RS_GCF_002777115.1	Chlamydiota	set_a_comp50	1	546921	50.0	53.28361	0.39083362	25.923950910568237	20
genome_220	57.74665047496544	0.0	RS_GCF_024204965.1	Bacillota	set_a_comp60	4	1445595	60.0	56.71954	0.01206696	25.923950910568237	20
genome_221	57.32989010569081	0.0	RS_GCF_023169625.1	Pseudomonadota	set_a_comp60	9	3060500	60.0	57.27362	0.17534196	25.923950910568237	20
genome_222	58.177088719929685	0.0	RS_GCF_040235215.1	Bacillota	set_a_comp60	13	1636927	60.0	60.214687	0.15271902	25.923950910568237	20
genome_223	100.0	0.0	RS_GCF_000875755.1	Bacillota	set_a_comp60	1	895051	60.0	99.51838	0.053712726	25.923950910568237	20
genome_224	82.26346129168869	0.0	RS_GCF_001887775.1	Desulfobacterota	set_a_comp60	3	2647624	60.0	60.776787	12.769294	25.923950910568237	20
genome_225	59.75122838442728	0.0	RS_GCF_002218045.2	Pseudomonadota	set_a_comp60	44	2513825	60.0	62.64238	0.11137426	25.923950910568237	20
genome_226	59.36150827580383	0.0	RS_GCF_002804085.1	Actinomycetota	set_a_comp60	9	1799537	60.0	60.639687	0.8239597	25.923950910568237	20
genome_227	69.8988503284477	0.0	RS_GCF_030717825.1	Pseudomonadota	set_a_comp60	15	3340782	60.0	69.08318	0.063580275	25.923950910568237	20
genome_228	62.85009878614131	0.0	RS_GCF_022846375.1	Deinococcota	set_a_comp60	7	1523438	60.0	59.1944	1.6932279	25.923950910568237	20
genome_229	63.28016329325322	0.0	RS_GCF_029854335.1	Bacillota	set_a_comp60	5	2199590	60.0	66.577576	0.07828772	25.923950910568237	20
genome_23	50.37306313971176	0.0	RS_GCF_014884745.1	Pseudomonadota	set_a_comp50	47	2735348	50.0	52.95378	0.01257062	25.923950910568237	20
genome_230	54.21728127140415	0.0	GB_GCA_963674695.1	UBA10199	set_a_comp60	2	1644884	60.0	53.64966	6.1217756	25.923950910568237	20
genome_231	62.8595771342972	0.0	GB_GCA_905335505.2	Pseudomonadota	set_a_comp60	30	3234476	60.0	65.0736	0.013867021	25.923950910568237	20
genome_232	60.5244053219599	0.0	RS_GCF_011462915.1	Campylobacterota	set_a_comp60	2	946244	60.0	60.38262	0.24181604	25.923950910568237	20
genome_233	58.51939885816435	0.0	RS_GCF_008807855.1	Pseudomonadota	set_a_comp60	13	4270071	60.0	55.12872	0.20556152	25.923950910568237	20
genome_234	59.67101595421976	0.0	RS_GCF_036820215.1	Pseudomonadota	set_a_comp60	8	2911325	60.0	60.352283	0.258407	25.923950910568237	20
genome_235	58.809689026547865	0.0	RS_GCF_015265495.1	Actinomycetota	set_a_comp60	21	2559480	60.0	57.71046	0.13587177	25.923950910568237	20
genome_236	59.78962897184884	0.0	RS_GCF_024663255.1	Pseudomonadota	set_a_comp60	39	4174482	60.0	58.340004	0.29248297	25.923950910568237	20
genome_237	59.91157284254656	0.0	RS_GCF_019857565.1	Pseudomonadota	set_a_comp60	42	4079240	60.0	58.641144	0.19188523	25.923950910568237	20
genome_238	69.72189340320256	0.0	RS_GCF_037270985.1	Pseudomonadota	set_a_comp60	11	3519230	60.0	68.10371	0.15150309	25.923950910568237	20
genome_239	59.81312016030642	0.0	RS_GCF_040114435.1	Actinomycetota	set_a_comp60	67	7598462	60.0	67.31683	0.9174645	25.923950910568237	20
genome_24	56.7048622355577	0.0	RS_GCF_032926325.1	Bacteroidota	set_a_comp50	5	2144989	50.0	56.45463	0.05478263	25.923950910568237	20
genome_240	60.3769678959582	0.0	RS_GCF_022220345.1	Campylobacterota	set_a_comp60	12	1084956	60.0	60.359444	0.275746	25.923950910568237	20
genome_241	65.57000842223715	0.0	RS_GCF_000243395.2	Actinomycetota	set_a_comp60	5	2992686	60.0	54.321384	3.2683043	25.923950910568237	20
genome_242	58.128419991379246	0.0	RS_GCF_004634685.1	Pseudomonadota	set_a_comp60	10	2386968	60.0	57.701527	0.15824139	25.923950910568237	20
genome_243	59.929133476710525	0.0	RS_GCF_015475955.1	Pseudomonadota	set_a_comp60	22	1521177	60.0	59.31245	0.68933666	25.923950910568237	20
genome_244	61.36314240649722	0.0	GB_GCA_013403585.1	Pseudomonadota	set_a_comp60	25	4393142	60.0	66.4758	0.28512776	25.923950910568237	20
genome_245	57.43895797800517	0.0	GB_GCA_019856215.1	Bacillota	set_a_comp60	9	1183416	60.0	60.42114	0.010982156	25.923950910568237	20
genome_246	62.23225519003565	0.0	GB_GCA_009931275.1	Pseudomonadota	set_a_comp60	12	2734873	60.0	69.670685	0.17024279	25.923950910568237	20
genome_247	68.78190188811473	0.0	GB_GCA_963678585.1	Pseudomonadota	set_a_comp60	4	3172081	60.0	72.73981	0.56439936	25.923950910568237	20
genome_248	58.51588507750013	0.0	RS_GCF_034353045.1	Pseudomonadota	set_a_comp60	15	3262765	60.0	62.259106	1.0842949	25.923950910568237	20
genome_249	73.02615512285338	0.0	RS_GCF_030168365.1	Spirochaetota	set_a_comp60	3	1862933	60.0	71.09378	0.19937456	25.923950910568237	20
genome_25	50.68550353881505	0.0	RS_GCF_027945845.1	Pseudomonadota	set_a_comp50	21	3047806	50.0	52.26261	0.036469102	25.923950910568237	20
genome_250	61.59326934530016	0.0	RS_GCF_001305635.1	Pseudomonadota	set_a_comp60	16	2864751	60.0	63.717815	0.1029104	25.923950910568237	20
genome_251	65.51305055849885	0.0	RS_GCF_022591735.1	Pseudomonadota	set_a_comp60	11	2400938	60.0	60.11588	0.025099516	25.923950910568237	20
genome_252	64.32262279503475	0.0	RS_GCF_003352875.1	Pseudomonadota	set_a_comp60	23	4061250	60.0	66.54452	0.020420551	25.923950910568237	20
genome_253	59.71269269460516	0.0	RS_GCF_001558355.2	Pseudomonadota	set_a_comp60	30	2956628	60.0	59.48915	0.16407073	25.923950910568237	20
genome_254	59.99832396966344	0.0	RS_GCF_004194635.3	Pseudomonadota	set_a_comp60	7	2913947	60.0	61.159313	0.038978457	25.923950910568237	20
genome_255	56.10125243031939	0.0	RS_GCF_964028425.1	Pseudomonadota	set_a_comp60	2	816593	60.0	64.27097	0.39828718	25.923950910568237	20
genome_256	59.96983051224395	0.0	RS_GCF_003627375.1	Bacillota	set_a_comp60	38	2211189	60.0	60.612503	0.025263429	25.923950910568237	20
genome_257	63.16146571538105	0.0	RS_GCF_020388235.1	Bacillota	set_a_comp60	6	1767813	60.0	64.44193	0.12269616	25.923950910568237	20
genome_258	70.02083651309334	0.0	RS_GCF_008000875.1	Bacillota	set_a_comp60	3	2055274	60.0	68.89221	0.6368488	25.923950910568237	20
genome_259	60.53483342917123	0.0	RS_GCF_030062395.1	Bacillota	set_a_comp60	3	1148528	60.0	59.285072	0.10197461	25.923950910568237	20
genome_26	60.62904464099634	0.0	RS_GCF_003698205.1	Bacillota	set_a_comp50	2	1131649	50.0	59.199173	0.4395932	25.923950910568237	20
genome_260	100.0	0.0	RS_GCF_900090055.1	Thermoplasmatota	set_a_comp60	2	1878916	60.0	99.85444	0.36871433	25.923950910568237	20
genome_261	71.82876282999217	0.0	RS_GCF_014826015.1	Pseudomonadota	set_a_comp60	9	3547772	60.0	73.19814	0.16752481	25.923950910568237	20
genome_262	66.00760137913298	0.0	RS_GCF_001623645.2	Pseudomonadota	set_a_comp60	5	3311070	60.0	66.80907	0.3204465	25.923950910568237	20
genome_263	64.63114915462398	0.0	RS_GCF_030534135.1	Bacillota	set_a_comp60	19	1871329	60.0	63.659306	0.27724504	25.923950910568237	20
genome_264	59.36979205677477	0.0	RS_GCF_025232235.1	Campylobacterota	set_a_comp60	2	1014587	60.0	58.887505	0.32410622	25.923950910568237	20
genome_265	58.42354685229255	0.0	RS_GCF_023896075.1	Pseudomonadota	set_a_comp60	23	3405047	60.0	54.71872	0.051763654	25.923950910568237	20
genome_266	66.97152752492165	0.0	RS_GCF_000319005.1	Chlamydiota	set_a_comp60	7	700776	60.0	65.336426	1.4871925	25.923950910568237	20
genome_267	100.0	0.0	RS_GCF_003814385.1	Bacillota	set_a_comp60	2	1903972	60.0	99.97427	0.37133396	25.923950910568237	20
genome_268	64.37465820057278	0.0	RS_GCF_000959505.1	Pseudomonadota	set_a_comp60	6	4125833	60.0	64.38019	0.005325675	25.923950910568237	20
genome_269	57.95655747420463	0.0	RS_GCF_900198195.1	Bacteroidota	set_a_comp60	4	2674625	60.0	61.226315	0.029227138	25.923950910568237	20
genome_27	50.448137615706834	0.0	RS_GCF_005577135.1	Cyanobacteriota	set_a_comp50	5	1751465	50.0	54.30751	0.28692186	25.923950910568237	20
genome_270	60.16187833825904	0.0	RS_GCF_021497545.1	Bacillota	set_a_comp60	7	2513609	60.0	64.2181	0.021669269	25.923950910568237	20
genome_271	68.83365657421508	0.0	RS_GCF_013415885.1	Halobacteriota	set_a_comp60	3	3083849	60.0	73.763245	13.660818	25.923950910568237	20
genome_272	57.27175311248352	0.0	GB_GCA_009738575.1	Bacillota	set_a_comp60	4	3509282	60.0	54.032574	0.9197891	25.923950910568237	20
genome_273	73.83787867267425	0.0	RS_GCF_001296125.1	Fusobacteriota	set_a_comp60	2	1505211	60.0	70.45491	2.2019207	25.923950910568237	20
genome_274	70.53718168615943	0.0	RS_GCF_016906185.1	Actinomycetota	set_a_comp60	9	5665332	60.0	71.83177	0.17528534	25.923950910568237	20
genome_275	100.0	0.0	RS_GCF_040543505.1	Bacillota	set_a_comp60	2	2781053	60.0	99.89278	0.18586516	25.923950910568237	20
genome_276	50.67668839139009	0.0	RS_GCF_035621415.1	Bacillota	set_a_comp60	4	1004527	60.0	52.107723	0.11987984	25.923950910568237	20
genome_277	59.14880740911583	0.0	RS_GCF_016406445.1	Bacillota	set_a_comp60	5	1841384	60.0	58.30202	0.046160817	25.923950910568237	20
genome_278	60.496415478911935	0.0	RS_GCF_004014855.1	Bacteroidota	set_a_comp60	7	1992176	60.0	69.14432	0.85327625	25.923950910568237	20
genome_279	69.40182210093904	0.0	RS_GCF_034030455.1	Bacillota	set_a_comp60	2	2043241	60.0	71.539444	0.06951094	25.923950910568237	20
genome_28	50.00774249657276	0.0	GB_GCA_030316505.1	Pseudomonadota	set_a_comp50	7	2373633	50.0	51.60534	0.23245811	25.923950910568237	20
genome_280	57.947438787686856	0.0	RS_GCF_903989465.1	Pseudomonadota	set_a_comp60	18	2839800	60.0	56.503983	0.16560256	25.923950910568237	20
genome_281	70.72148547209251	0.0	RS_GCF_023497585.1	Bacillota	set_a_comp60	4	2893013	60.0	75.93304	0.1242429	25.923950910568237	20
genome_282	63.47578586227007	0.0	RS_GCF_034017875.1	Bacillota	set_a_comp60	13	1788356	60.0	63.44242	0.5490869	25.923950910568237	20
genome_283	58.73291138389305	0.0	RS_GCF_030518715.1	Cyanobacteriota	set_a_comp60	6	1572152	60.0	57.966206	0.05685389	25.923950910568237	20
genome_284	62.56337078763967	0.0	RS_GCF_040735165.1	Actinomycetota	set_a_comp60	5	2754699	60.0	62.61116	0.29098094	25.923950910568237	20
genome_285	100.0	0.0	RS_GCF_003544935.1	Campylobacterota	set_a_comp60	1	2800582	60.0	98.05318	0.41606724	25.923950910568237	20
genome_286	59.88800932564431	0.0	RS_GCF_018798905.1	Pseudomonadota	set_a_comp60	6	1328555	60.0	60.278915	0.042676926	25.923950910568237	20
genome_287	60.490621747600656	0.0	RS_GCF_001562255.1	Pseudomonadota	set_a_comp60	18	3333248	60.0	55.082905	0.14864802	25.923950910568237	20
genome_288	65.32252024678135	0.0	RS_GCF_023735495.1	Pseudomonadota	set_a_comp60	3	3471355	60.0	69.305984	0.034824014	25.923950910568237	20
genome_289	84.14944351720376	0.0	RS_GCF_900149535.2	Chlamydiota	set_a_comp60	4	912063	60.0	81.60116	1.999265	25.923950910568237	20
genome_29	51.85187944196347	0.0	RS_GCF_002201875.1	Bacillota	set_a_comp50	8	2157789	50.0	53.553192	0.047838688	25.923950910568237	20
genome_290	100.0	0.0	RS_GCF_034642355.1	Bacillota	set_a_comp60	2	2979264	60.0	99.93233	0.42464137	25.923950910568237	20
genome_291	64.72625689193018	0.0	RS_GCF_005222525.1	Thermoproteota	set_a_comp60	5	1425645	60.0	68.28189	0.30121207	25.923950910568237	20
genome_292	60.70386447568844	0.0	RS_GCF_009665315.1	Pseudomonadota	set_a_comp60	12	3491472	60.0	61.49014	0.1745522	25.923950910568237	20
genome_293	100.0	0.0	RS_GCF_002777115.1	Chlamydiota	set_a_comp60	1	1043173	60.0	99.770905	0.62959194	25.923950910568237	20
genome_294	59.2753684285624	0.0	RS_GCF_017183815.1	Actinomycetota	set_a_comp60	28	2924604	60.0	59.516335	0.088337064	25.923950910568237	20
genome_295	61.47532413216228	0.0	GB_GCA_022014675.1	Campylobacterota	set_a_comp60	2	1011274	60.0	61.228683	0.3448099	25.923950910568237	20
genome_296	58.27929150628741	0.0	RS_GCF_002761035.1	Pseudomonadota	set_a_comp60	10	2881334	60.0	56.747227	0.48885643	25.923950910568237	20
genome_297	59.0949635137096	0.0	RS_GCF_008330825.1	Pseudomonadota	set_a_comp60	2	1299201	60.0	57.2138	0.12723804	25.923950910568237	20
genome_298	61.847437879514345	0.0	RS_GCF_028891545.1	Pseudomonadota	set_a_comp60	6	3068727	60.0	62.802197	0.05507171	25.923950910568237	20
genome_299	69.02619834126999	0.0	RS_GCF_038627335.1	Pseudomonadota	set_a_comp60	3	2941519	60.0	72.362885	0.13151467	25.923950910568237	20
genome_3	50.130792775523126	0.0	GB_GCA_002368435.1	Cyanobacteriota	set_a_comp50	24	4936891	50.0	59.481186	1.7149776	25.923950910568237	20
genome_30	51.32247180065207	0.0	RS_GCF_020736405.1	Bacteroidota	set_a_comp50	9	2254783	50.0	52.901485	0.73262155	25.923950910568237	20
genome_300	100.0	0.0	RS_GCF_040931975.1	Bacillota	set_a_comp60	1	2868358	60.0	99.9323	0.34718812	25.923950910568237	20
genome_301	58.41391177964794	0.0	RS_GCF_000018905.1	Pseudomonadota	set_a_comp60	10	1942033	60.0	57.13279	0.21535456	25.923950910568237	20
genome_302	74.41628084229013	0.0	RS_GCF_015678935.1	Actinomycetota	set_a_comp60	3	4652331	60.0	71.51577	0.123766065	25.923950910568237	20
genome_303	56.949865248787845	0.0	RS_GCF_004637125.1	Pseudomonadota	set_a_comp60	1	2340312	60.0	56.660164	0.09497404	25.923950910568237	20
genome_304	70.9895903912356	0.0	RS_GCF_020614395.1	Halobacteriota	set_a_comp60	2	1660646	60.0	70.28351	0.28463006	25.923950910568237	20
genome_305	63.31072853153413	0.0	RS_GCF_014696975.1	Bacillota	set_a_comp60	8	1765602	60.0	63.08293	0.2773732	25.923950910568237	20
genome_306	58.82117845677621	0.0	RS_GCF_036035005.1	Actinomycetota	set_a_comp60	23	5579487	60.0	66.12642	0.115051866	25.923950910568237	20
genome_307	59.36774696028826	0.0	RS_GCF_032385915.1	Pseudomonadota	set_a_comp60	44	3052065	60.0	60.23787	0.15292764	25.923950910568237	20
genome_308	62.07275894207703	0.0	RS_GCF_017743215.1	Actinomycetota	set_a_comp60	8	1584414	60.0	60.6261	0.04272163	25.923950910568237	20
genome_309	59.40352024742322	0.0	RS_GCF_002220635.1	Pseudomonadota	set_a_comp60	37	3242158	60.0	59.33564	0.10129213	25.923950910568237	20
genome_31	51.492140953476806	0.0	RS_GCF_002886405.1	Actinomycetota	set_a_comp50	7	2271531	50.0	52.963657	0.08762479	25.923950910568237	20
genome_310	100.0	0.0	RS_GCF_001761515.1	Spirochaetota	set_a_comp60	1	1139160	60.0	99.70291	0.66515505	25.923950910568237	20
genome_311	61.65497352927432	0.0	RS_GCF_000169195.2	Bacillota	set_a_comp60	12	2190124	60.0	60.991867	0.10277927	25.923950910568237	20
genome_312	76.53432016305865	0.0	RS_GCF_000626195.1	Pseudomonadota	set_a_comp60	4	3606239	60.0	75.53856	0.20196736	25.923950910568237	20
genome_313	58.73006851161199	0.0	GB_GCA_019670065.1	Pseudomonadota	set_a_comp60	10	2645234	60.0	65.71943	0.078460574	25.923950910568237	20
genome_314	62.63316541084981	0.0	RS_GCF_020388845.1	Bacillota	set_a_comp60	3	1956325	60.0	64.96508	0.16071498	25.923950910568237	20
genome_315	60.29449432264327	0.0	RS_GCF_000224745.1	Bacteroidota_A	set_a_comp60	2	2010292	60.0	60.860573	0.545007	25.923950910568237	20
genome_316	59.28111669871385	0.0	RS_GCF_020906075.1	Pseudomonadota	set_a_comp60	9	2718600	60.0	56.984432	0.10614097	25.923950910568237	20
genome_317	59.79035485694209	0.0	RS_GCF_022493655.1	Pseudomonadota	set_a_comp60	25	2935542	60.0	58.758614	0.022792816	25.923950910568237	20
genome_318	61.09245368544602	0.0	RS_GCF_002356095.1	Pseudomonadota	set_a_comp60	17	4562192	60.0	67.45657	2.5641532	25.923950910568237	20
genome_319	64.25459705636528	0.0	RS_GCF_036106915.1	Actinomycetota	set_a_comp60	14	5838857	60.0	56.694794	5.7115374	25.923950910568237	20
genome_32	100.0	0.0	RS_GCF_018336555.1	Bacillota	set_a_comp50	3	1799572	50.0	99.95642	0.11200905	25.923950910568237	20
genome_320	61.18834078505986	0.0	RS_GCF_001955735.1	Pseudomonadota	set_a_comp60	4	2481454	60.0	65.85765	0.006237626	25.923950910568237	20
genome_321	59.62715234668467	0.0	RS_GCF_023734975.1	Pseudomonadota	set_a_comp60	43	3112018	60.0	61.49642	0.09724796	25.923950910568237	20
genome_322	58.34432089418908	0.0	RS_GCF_000223905.1	Halobacteriota	set_a_comp60	10	2269597	60.0	59.43878	0.11821985	25.923950910568237	20
genome_323	62.96649661323405	0.0	RS_GCF_037782195.1	Pseudomonadota	set_a_comp60	8	3177081	60.0	68.36925	0.039598346	25.923950910568237	20
genome_324	57.55229297743973	0.0	RS_GCF_041695455.1	Bacillota	set_a_comp60	8	2440688	60.0	62.01608	0.06084144	25.923950910568237	20
genome_325	58.812484726166026	0.0	RS_GCF_010119915.1	Actinomycetota	set_a_comp60	25	2642432	60.0	60.323452	0.123652816	25.923950910568237	20
genome_326	59.22547983789709	0.0	GB_GCA_029536975.1	Bacillota	set_a_comp60	39	2542156	60.0	63.432976	0.10610223	25.923950910568237	20
genome_327	60.01227543635196	0.0	RS_GCF_029910115.1	Pseudomonadota	set_a_comp60	3	3241281	60.0	64.415726	0.042703748	25.923950910568237	20
genome_328	57.53994883194229	0.0	RS_GCF_016903035.1	Chlamydiota	set_a_comp60	2	658524	60.0	55.120464	0.51332414	25.923950910568237	20
genome_329	59.49551005334535	0.0	RS_GCF_009296005.1	Pseudomonadota	set_a_comp60	44	2745174	60.0	58.699623	0.109142065	25.923950910568237	20
genome_33	97.24085946398452	0.0	RS_GCF_001655395.1	Spirochaetota	set_a_comp50	1	1108151	50.0	99.42649	0.5838692	25.923950910568237	20
genome_330	59.6732994445076	0.0	RS_GCF_013376575.1	Pseudomonadota	set_a_comp60	22	3175995	60.0	60.723083	0.17101765	25.923950910568237	20
genome_331	100.0	0.0	RS_GCF_002953415.1	Deinococcota	set_a_comp60	2	3567228	60.0	99.61166	1.1347175	25.923950910568237	20
genome_332	65.51837923823676	0.0	GB_GCA_013394345.1	Bacillota	set_a_comp60	5	2414406	60.0	68.567856	0.07549822	25.923950910568237	20
genome_333	59.88480918108332	0.0	RS_GCF_025916255.1	Bacteroidota	set_a_comp60	24	3784169	60.0	60.945503	0.19696057	25.923950910568237	20
genome_334	84.63937433619773	0.0	RS_GCF_040267745.1	Bacillota	set_a_comp70	2	2980474	70.0	84.57272	0.923723	25.923950910568237	20
genome_335	73.61264935369591	0.0	RS_GCF_040931885.1	Bacillota	set_a_comp70	5	2127555	70.0	73.93122	0.28992295	25.923950910568237	20
genome_336	63.412710565057	0.0	RS_GCF_014900595.1	Actinomycetota	set_a_comp70	7	2803715	70.0	64.56985	0.27180612	25.923950910568237	20
genome_337	67.34950655623483	0.0	RS_GCF_004104435.1	Verrucomicrobiota	set_a_comp70	2	1926470	70.0	64.756775	2.011913	25.923950910568237	20
genome_338	72.32650448944194	0.0	RS_GCF_014218035.1	Bacillota	set_a_comp70	1	1387746	70.0	73.08652	0.60023665	25.923950910568237	20
genome_339	67.49154458101849	0.0	RS_GCF_021228795.1	Pseudomonadota	set_a_comp70	18	3813223	70.0	69.298195	0.7317573	25.923950910568237	20
genome_34	54.02084105327386	0.0	RS_GCF_031326285.1	Pseudomonadota	set_a_comp50	7	3102257	50.0	55.095867	0.3397733	25.923950910568237	20
genome_340	68.4889220095798	0.0	RS_GCF_035666175.1	Bacteroidota	set_a_comp70	11	1762735	70.0	74.71857	0.13048053	25.923950910568237	20
genome_341	67.87627054251556	0.0	RS_GCF_011404355.1	Pseudomonadota	set_a_comp70	14	3198038	70.0	68.55425	0.37745833	25.923950910568237	20
genome_342	72.9710197631901	0.0	RS_GCF_014192695.1	Bacillota	set_a_comp70	3	1575159	70.0	74.31397	0.078976154	25.923950910568237	20
genome_343	69.6520616998302	0.0	RS_GCF_900635745.1	Pseudomonadota	set_a_comp70	36	3167789	70.0	71.73781	0.04325807	25.923950910568237	20
genome_344	79.6166375205751	0.0	GB_GCA_963665795.1	Thermoplasmatota	set_a_comp70	4	1270668	70.0	76.4507	0.4030019	25.923950910568237	20
genome_345	69.98348894988035	0.0	RS_GCF_004136395.1	Pseudomonadota	set_a_comp70	37	3486660	70.0	68.96862	0.071927905	25.923950910568237	20
genome_346	69.86355787449713	0.0	RS_GCF_012974125.1	Pseudomonadota	set_a_comp70	25	1871243	70.0	74.863815	0.17645061	25.923950910568237	20
genome_347	62.377147596857405	0.0	RS_GCF_011044275.1	Pseudomonadota	set_a_comp70	3	1419833	70.0	59.281376	0.03825426	25.923950910568237	20
genome_348	68.47580355240589	0.0	RS_GCF_036232405.1	Pseudomonadota	set_a_comp70	32	4759951	70.0	68.100494	0.2822876	25.923950910568237	20
genome_349	71.27080819051604	0.0	RS_GCF_020546685.1	Deinococcota	set_a_comp70	6	2337396	70.0	71.04414	0.17258525	25.923950910568237	20
genome_35	62.89657632259944	0.0	RS_GCF_003173695.1	Bacillota	set_a_comp50	4	1174425	50.0	63.72525	0.056889653	25.923950910568237	20
genome_350	69.95411245069441	0.0	GB_GCA_019670065.1	Pseudomonadota	set_a_comp70	49	3150771	70.0	77.658066	0.05323291	25.923950910568237	20
genome_351	75.27175431393651	0.0	RS_GCF_004014855.1	Bacteroidota	set_a_comp70	8	2478735	70.0	79.67992	0.77625215	25.923950910568237	20
genome_352	69.70061070045658	0.0	RS_GCF_025147085.1	Bacteroidota	set_a_comp70	21	4847881	70.0	75.673515	0.13458729	25.923950910568237	20
genome_353	69.31869319089739	0.0	RS_GCF_019857565.1	Pseudomonadota	set_a_comp70	14	4719749	70.0	68.43031	0.1505822	25.923950910568237	20
genome_354	70.49098565181228	0.0	RS_GCF_018118585.1	Bacillota	set_a_comp70	6	2432369	70.0	79.961945	0.102201104	25.923950910568237	20
genome_355	69.4265480282939	0.0	GB_GCA_030908285.1	Actinomycetota	set_a_comp70	18	5767523	70.0	69.81753	0.18390417	25.923950910568237	20
genome_356	69.25549746466436	0.0	RS_GCF_003590645.1	Pseudomonadota	set_a_comp70	25	3350457	70.0	57.58624	0.0075012445	25.923950910568237	20
genome_357	69.80147088473979	0.0	RS_GCF_017743035.1	Pseudomonadota	set_a_comp70	25	3912036	70.0	70.680374	0.103235245	25.923950910568237	20
genome_358	69.51051042793269	0.0	RS_GCF_041320665.1	Pseudomonadota	set_a_comp70	30	3513643	70.0	73.63611	0.10320544	25.923950910568237	20
genome_359	67.08999363230933	0.0	GB_GCA_963681965.1	Electryoneota	set_a_comp70	16	2847881	70.0	68.028984	0.11203587	25.923950910568237	20
genome_36	50.9355583218383	0.0	GB_GCA_963678775.1	Bacteroidota_A	set_a_comp50	5	1892447	50.0	54.600056	0.16551912	25.923950910568237	20
genome_360	79.23660650389321	0.0	RS_GCF_003073375.1	Bacillota	set_a_comp70	7	2961797	70.0	79.723724	0.11677146	25.923950910568237	20
genome_361	70.71789041252056	0.0	RS_GCF_023516155.1	Bacillota	set_a_comp70	5	2779066	70.0	72.09626	0.07009804	25.923950910568237	20
genome_362	63.0087214093892	0.0	RS_GCF_002258175.2	Pseudomonadota	set_a_comp70	12	3631519	70.0	67.42788	0.09127259	25.923950910568237	20
genome_363	68.28292338472403	0.0	RS_GCF_029910515.1	Pseudomonadota	set_a_comp70	12	3063456	70.0	66.338326	0.06606877	25.923950910568237	20
genome_364	72.23183282768856	0.0	GB_GCA_001274575.1	Bacillota	set_a_comp70	19	2655599	70.0	81.41792	0.01475811	25.923950910568237	20
genome_365	68.20570056036115	0.0	RS_GCF_000737885.1	Actinomycetota	set_a_comp70	11	1502723	70.0	69.38081	0.20847023	25.923950910568237	20
genome_366	71.4152044723139	0.0	RS_GCF_014169295.1	Pseudomonadota	set_a_comp70	14	3972655	70.0	77.30907	0.072190166	25.923950910568237	20
genome_367	65.21364378224166	0.0	RS_GCF_002214145.1	Bacillota	set_a_comp70	12	1918738	70.0	66.23495	0.24273396	25.923950910568237	20
genome_368	69.75393150427247	0.0	RS_GCF_900564155.1	Bacteroidota	set_a_comp70	35	4323710	70.0	69.10884	0.16387701	25.923950910568237	20
genome_369	82.20105198493093	0.0	RS_GCF_017280215.1	Bacillota	set_a_comp70	15	2353703	70.0	79.58098	0.077429414	25.923950910568237	20
genome_37	71.43893361068663	0.0	RS_GCF_947250645.1	Pseudomonadota	set_a_comp50	1	1005568	50.0	66.083405	1.0112852	25.923950910568237	20
genome_370	67.1216248565238	0.0	RS_GCF_023517235.1	Pseudomonadota	set_a_comp70	8	2733847	70.0	68.73216	0.11844933	25.923950910568237	20
genome_371	66.86153260181591	0.0	RS_GCF_903891135.1	Bacillota	set_a_comp70	6	1193699	70.0	66.6322	0.11207163	25.923950910568237	20
genome_372	100.0	0.0	RS_GCF_000027325.1	Bacillota	set_a_comp70	2	580076	70.0	99.68604	0.5245894	25.923950910568237	20
genome_373	68.32533558118446	0.0	RS_GCF_026965535.1	Myxococcota	set_a_comp70	47	6687086	70.0	63.29946	0.66417456	25.923950910568237	20
genome_374	69.64537009617426	0.0	RS_GCF_014169755.1	Pseudomonadota	set_a_comp70	39	3605366	70.0	70.081085	0.11554062	25.923950910568237	20
genome_375	69.68121497663584	0.0	RS_GCF_019265005.1	Pseudomonadota	set_a_comp70	22	3428267	70.0	71.720184	0.094264746	25.923950910568237	20
genome_376	74.49426576420638	0.0	RS_GCF_014236835.1	Pseudomonadota	set_a_comp70	9	3862591	70.0	79.38967	0.15718639	25.923950910568237	20
genome_377	100.0	0.0	RS_GCF_024800105.1	Bacillota	set_a_comp70	3	2055927	70.0	99.97682	0.406757	25.923950910568237	20
genome_378	69.6257378326918	0.0	RS_GCF_033191195.1	Pseudomonadota	set_a_comp70	16	2674546	70.0	67.42037	0.044235587	25.923950910568237	20
genome_379	75.6290410506748	0.0	RS_GCF_003431325.1	Thermoproteota	set_a_comp70	3	1163968	70.0	75.72479	1.2956351	25.923950910568237	20
genome_38	82.09015199153387	0.0	RS_GCF_003354325.1	Bacillota	set_a_comp50	1	802854	50.0	76.334366	0.5303621	25.923950910568237	20
genome_380	67.74449099672493	0.0	RS_GCF_003855175.1	Pseudomonadota	set_a_comp70	2	1505036	70.0	68.8979	0.66149235	25.923950910568237	20
genome_381	86.57319237416026	0.0	RS_GCF_022759785.1	Pseudomonadota	set_a_comp70	12	4615790	70.0	84.934746	0.42096376	25.923950910568237	20
genome_382	68.40955784603166	0.0	RS_GCF_027594765.1	Bacillota	set_a_comp70	20	1743434	70.0	69.44557	0.0764966	25.923950910568237	20
genome_383	70.07872922233578	0.0	GB_GCA_022227015.1	Nitrospirota	set_a_comp70	12	3078136	70.0	71.38229	0.9489298	25.923950910568237	20
genome_384	88.721868659427	0.0	RS_GCF_016454585.1	Pseudomonadota	set_a_comp70	2	4430008	70.0	87.49541	0.3804326	25.923950910568237	20
genome_385	100.0	0.0	RS_GCF_002863525.1	Pseudomonadota	set_a_comp70	2	5084397	70.0	99.92005	0.17014146	25.923950910568237	20
genome_386	72.87521318548525	0.0	RS_GCF_000014405.1	Bacillota	set_a_comp70	3	1353257	70.0	74.0031	0.62365234	25.923950910568237	20
genome_387	68.23394613118336	0.0	RS_GCF_009884355.1	Pseudomonadota	set_a_comp70	13	3257492	70.0	68.85587	0.22938251	25.923950910568237	20
genome_388	70.65532970180426	0.0	RS_GCF_000736435.1	Actinomycetota	set_a_comp70	26	7148943	70.0	82.95355	1.2706697	25.923950910568237	20
genome_389	100.0	0.0	RS_GCF_037651215.1	Campylobacterota	set_a_comp70	2	1720120	70.0	99.919075	0.31210184	25.923950910568237	20
genome_39	50.494714587737846	0.0	GB_GCA_905329655.2	Pseudomonadota	set_a_comp50	13	2698892	50.0	55.76369	0.030070543	25.923950910568237	20
genome_390	68.88207639251117	0.0	RS_GCF_023509015.1	Pseudomonadota	set_a_comp70	22	4625957	70.0	73.81658	0.17552674	25.923950910568237	20
genome_391	70.72393624763865	0.0	RS_GCF_040790885.1	Pseudomonadota	set_a_comp70	11	3537153	70.0	68.580795	0.0936687	25.923950910568237	20
genome_392	66.38847051155882	0.0	RS_GCF_016454325.1	Pseudomonadota	set_a_comp70	4	3275878	70.0	69.06853	0.04762411	25.923950910568237	20
genome_393	78.18875680551393	0.0	RS_GCF_036035005.1	Actinomycetota	set_a_comp70	4	7416600	70.0	79.53099	0.36530793	25.923950910568237	20
genome_394	69.61758952454896	0.0	RS_GCF_002243305.1	Bacillota	set_a_comp70	4	1631035	70.0	66.94312	0.11918247	25.923950910568237	20
genome_395	69.66243200786315	0.0	RS_GCF_033392255.1	Pseudomonadota	set_a_comp70	38	4371567	70.0	70.15306	0.02527237	25.923950910568237	20
genome_396	63.462676718138034	0.0	RS_GCF_030062395.1	Bacillota	set_a_comp70	10	1204078	70.0	57.95626	0.42028725	25.923950910568237	20
genome_397	68.29130893955396	0.0	RS_GCF_035972075.1	Pseudomonadota	set_a_comp70	15	2748213	70.0	67.99257	0.0844717	25.923950910568237	20
genome_398	52.1546204864477	0.0	RS_GCF_003641245.1	Actinomycetota	set_a_comp70	1	1428429	70.0	56.02201	0.22004843	25.923950910568237	20
genome_399	74.91045398721536	0.0	RS_GCF_003325455.1	Actinomycetota	set_a_comp70	4	2571580	70.0	76.09679	3.8707018	25.923950910568237	20
genome_4	51.58676504265222	0.0	GB_GCA_009177165.1	Deinococcota	set_a_comp50	3	2070197	50.0	52.802666	0.196141	25.923950910568237	20
genome_40	52.58094640117629	0.0	RS_GCF_018128145.1	Bacteroidota	set_a_comp50	3	1715079	50.0	53.189236	0.016230345	25.923950910568237	20
genome_400	89.03138180548076	0.0	RS_GCF_012273215.1	Bacillota	set_a_comp70	3	1853125	70.0	89.39816	1.3806105	25.923950910568237	20
genome_401	81.39306491907648	0.0	GB_GCA_001593225.1	Actinomycetota	set_a_comp70	2	3657399	70.0	83.079895	0.45722723	25.923950910568237	20
genome_402	69.98776894479144	0.0	RS_GCF_000145235.1	Actinomycetota	set_a_comp70	60	4917032	70.0	72.304565	0.25456548	25.923950910568237	20
genome_403	70.23993992969044	0.0	RS_GCF_001997295.1	Actinomycetota	set_a_comp70	9	2263756	70.0	63.11232	7.0168076	25.923950910568237	20
genome_404	75.37929236675593	0.0	RS_GCF_000212395.1	Thermodesulfobiota	set_a_comp70	4	1431351	70.0	64.443756	41.42885	25.923950910568237	20
genome_405	100.0	0.0	RS_GCF_000018605.1	Thermotogota	set_a_comp70	1	2169548	70.0	99.851746	1.0038882	25.923950910568237	20
genome_406	71.20175499392803	0.0	RS_GCF_036227005.1	Actinomycetota	set_a_comp70	17	5907129	70.0	68.83033	0.8381218	25.923950910568237	20
genome_407	71.09475704798398	0.0	RS_GCF_016455265.1	Bacillota	set_a_comp70	4	1857037	70.0	72.384575	0.19617677	25.923950910568237	20
genome_408	71.93182661326605	0.0	RS_GCF_023657935.1	Pseudomonadota	set_a_comp70	9	3645223	70.0	71.9559	0.12485385	25.923950910568237	20
genome_409	66.7518728642631	0.0	GB_GCA_022179705.1	Actinomycetota	set_a_comp70	8	5555723	70.0	68.56706	0.09095967	25.923950910568237	20
genome_41	52.81751248904397	0.0	RS_GCF_041411215.1	Pseudomonadota	set_a_comp50	11	2535773	50.0	53.61893	0.13133287	25.923950910568237	20
genome_410	69.75702622758168	0.0	RS_GCF_036227265.1	Actinomycetota	set_a_comp70	46	5857524	70.0	68.48437	0.10703206	25.923950910568237	20
genome_411	100.0	0.0	GB_GCA_014844835.1	Pseudomonadota	set_a_comp70	2	2148016	70.0	99.952934	0.14061332	25.923950910568237	20
genome_412	100.0	0.0	RS_GCF_030730745.2	Bacillota	set_a_comp70	3	2918887	70.0	99.89117	0.30434132	25.923950910568237	20
genome_413	61.19891559087007	0.0	RS_GCF_029011455.1	Bacillota	set_a_comp70	2	1192590	70.0	57.813267	0.42374134	25.923950910568237	20
genome_414	70.75342967160071	0.0	RS_GCF_002849915.1	Bacillota	set_a_comp70	1	1449759	70.0	67.7576	0.20644367	25.923950910568237	20
genome_415	69.50861224618268	0.0	RS_GCF_029910115.1	Pseudomonadota	set_a_comp70	45	3754181	70.0	71.35798	0.055667758	25.923950910568237	20
genome_416	66.83415911797029	0.0	GB_GCA_025998875.1	Bacteroidota_A	set_a_comp70	6	1573899	70.0	67.65229	0.20750761	25.923950910568237	20
genome_417	73.96477306077594	0.0	RS_GCF_022068525.1	Bacillota	set_a_comp70	4	1479382	70.0	73.64727	0.3019452	25.923950910568237	20
genome_418	81.3453733240718	0.0	GB_GCA_963676185.1	Pseudomonadota	set_a_comp70	11	3172472	70.0	79.233505	0.19277334	25.923950910568237	20
genome_419	78.48732113694116	0.0	RS_GCF_002209045.1	Campylobacterota	set_a_comp70	5	1331247	70.0	79.680244	0.5591214	25.923950910568237	20
genome_42	52.36990181684567	0.0	RS_GCF_900232105.1	Planctomycetota	set_a_comp50	28	2307498	50.0	59.45334	0.6291181	25.923950910568237	20
genome_420	69.11527169661814	0.0	RS_GCF_036429475.1	Halobacteriota	set_a_comp70	19	2789435	70.0	65.51987	0.64513385	25.923950910568237	20
genome_421	69.57217783225661	0.0	RS_GCF_040358985.1	Acidobacteriota	set_a_comp70	43	3499683	70.0	76.04425	0.67376494	25.923950910568237	20
genome_422	69.01791310466939	0.0	RS_GCF_040746335.1	Bdellovibrionota	set_a_comp70	13	2610860	70.0	68.59941	0.13903081	25.923950910568237	20
genome_423	58.319888475240965	0.0	RS_GCF_040223965.2	Pseudomonadota	set_a_comp70	6	2366582	70.0	59.18176	0.06773472	25.923950910568237	20
genome_424	69.46283297250385	0.0	RS_GCF_023361855.1	Pseudomonadota	set_a_comp70	38	2913299	70.0	69.506454	0.42390525	25.923950910568237	20
genome_425	81.25793514701456	0.0	RS_GCF_022702425.1	Bacillota	set_a_comp70	6	2321978	70.0	82.72989	0.2749622	25.923950910568237	20
genome_426	69.8315871216461	0.0	RS_GCF_021398615.1	Bacillota	set_a_comp70	9	1566488	70.0	72.55598	0.26589632	25.923950910568237	20
genome_427	70.80104836027182	0.0	RS_GCF_003864055.1	Pseudomonadota	set_a_comp70	6	3369458	70.0	70.606026	0.0595659	25.923950910568237	20
genome_428	69.0353575271633	0.0	RS_GCF_000318765.1	Chlamydiota	set_a_comp70	7	724961	70.0	66.56146	1.5636802	25.923950910568237	20
genome_429	69.76126918232242	0.0	RS_GCF_002504085.1	Pseudomonadota	set_a_comp70	47	3859635	70.0	80.34183	0.03402233	25.923950910568237	20
genome_43	100.0	0.0	GB_GCA_009931275.1	Pseudomonadota	set_a_comp50	1	4394623	50.0	99.895004	1.7000765	25.923950910568237	20
genome_430	69.49640124068057	0.0	RS_GCF_000222975.1	Pseudomonadota	set_a_comp70	35	3237428	70.0	71.73621	0.16222894	25.923950910568237	20
genome_431	100.0	0.0	RS_GCF_002777035.1	Chlamydiota	set_a_comp70	1	1048696	70.0	99.71899	0.76055825	25.923950910568237	20
genome_432	75.28260032517005	0.0	RS_GCF_041003495.1	Pseudomonadota	set_a_comp70	18	4305302	70.0	74.2026	0.4615456	25.923950910568237	20
genome_433	67.0358167448638	0.0	RS_GCF_003667885.1	Bacillota	set_a_comp70	10	2653527	70.0	66.620895	0.07496476	25.923950910568237	20
genome_434	81.39407032849591	0.0	RS_GCF_013415885.1	Halobacteriota	set_a_comp70	3	3646574	70.0	74.19672	20.835281	25.923950910568237	20
genome_435	69.6807143737656	0.0	RS_GCF_030144585.1	Pseudomonadota	set_a_comp70	38	3606363	70.0	68.53361	0.04596412	25.923950910568237	20
genome_436	74.30235511034446	0.0	RS_GCF_016629505.1	Pseudomonadota	set_a_comp70	7	2650845	70.0	80.41907	0.8240253	25.923950910568237	20
genome_437	69.50923796235963	0.0	RS_GCF_023650835.1	Pseudomonadota	set_a_comp70	16	4009965	70.0	75.558205	0.06489456	25.923950910568237	20
genome_438	88.25214122243825	0.0	RS_GCF_029855505.1	Bacillota	set_a_comp70	2	943223	70.0	94.819534	0.18838942	25.923950910568237	20
genome_439	62.10309713012136	0.0	RS_GCF_006459125.1	Campylobacterota	set_a_comp70	10	1873602	70.0	68.89513	0.144279	25.923950910568237	20
genome_44	51.53596394970974	0.0	GB_GCA_015732685.1	Pseudomonadota	set_a_comp50	8	1119172	50.0	52.82108	0.09876788	25.923950910568237	20
genome_440	59.06879505677926	0.0	RS_GCF_947250595.1	Pseudomonadota	set_a_comp70	2	890569	70.0	63.442177	0.18711686	25.923950910568237	20
genome_441	70.80951560086443	0.0	RS_GCF_002005425.1	Bacteroidota	set_a_comp70	11	2304427	70.0	69.75177	0.1514554	25.923950910568237	20
genome_442	95.27995932508011	0.0	RS_GCF_009867075.1	Actinomycetota	set_a_comp70	5	8058112	70.0	99.90193	0.24255216	25.923950910568237	20
genome_443	78.31774141080398	0.0	RS_GCF_002240205.1	Bacteroidota_A	set_a_comp70	4	1933257	70.0	74.73781	1.3478369	25.923950910568237	20
genome_444	70.26367143894599	0.0	RS_GCF_004015245.1	Verrucomicrobiota	set_a_comp70	7	1966983	70.0	67.910835	2.499929	25.923950910568237	20
genome_445	73.36805964602479	0.0	RS_GCF_033097225.1	Campylobacterota	set_a_comp70	2	1208212	70.0	73.07091	0.24404824	25.923950910568237	20
genome_446	72.96145969265233	0.0	RS_GCF_024917315.1	Pseudomonadota	set_a_comp70	20	3476016	70.0	70.991714	0.06967783	25.923950910568237	20
genome_447	69.85668162623912	0.0	RS_GCF_036014235.1	Actinomycetota	set_a_comp70	38	5659518	70.0	68.58954	0.29806197	25.923950910568237	20
genome_448	69.49728632416765	0.0	RS_GCF_000056065.1	Bacillota	set_a_comp70	4	1296123	70.0	71.08435	0.38317442	25.923950910568237	20
genome_449	69.51106019483774	0.0	RS_GCF_021165815.1	Pseudomonadota	set_a_comp70	16	3517977	70.0	70.131386	0.07599294	25.923950910568237	20
genome_45	66.17648425179891	0.0	RS_GCF_012220205.1	Bacillota	set_a_comp50	2	783472	50.0	77.66949	0.27717352	25.923950910568237	20
genome_450	61.99538810790681	0.0	RS_GCF_024663255.1	Pseudomonadota	set_a_comp70	4	4328487	70.0	62.591866	0.75930655	25.923950910568237	20
genome_451	69.39391732658618	0.0	RS_GCF_041297935.1	Bacillota	set_a_comp70	20	2239366	70.0	68.86311	0.062543154	25.923950910568237	20
genome_452	70.2785919927634	0.0	RS_GCF_013341395.1	Bacillota	set_a_comp70	24	1858400	70.0	71.001816	0.116196275	25.923950910568237	20
genome_453	70.28325698270436	0.0	RS_GCF_029634765.1	Bacillota	set_a_comp70	3	2007682	70.0	71.87299	0.7041693	25.923950910568237	20
genome_454	72.05118317654976	0.0	RS_GCF_000317615.1	Cyanobacteriota	set_a_comp70	6	2724261	70.0	64.89548	0.0030100346	25.923950910568237	20
genome_455	69.34987072787429	0.0	RS_GCF_012273375.1	Bacillota	set_a_comp70	38	3625157	70.0	69.15817	0.13508499	25.923950910568237	20
genome_456	77.58975269360499	0.0	RS_GCF_002741805.2	Spirochaetota	set_a_comp70	4	1136364	70.0	77.32831	0.8409083	25.923950910568237	20
genome_457	73.40225298591207	0.0	RS_GCF_039912305.1	Pseudomonadota	set_a_comp70	11	3666226	70.0	72.83983	0.20246208	25.923950910568237	20
genome_458	72.66915107389647	0.0	GB_GCA_009762495.1	Pseudomonadota	set_a_comp70	14	3639492	70.0	76.896255	0.33923686	25.923950910568237	20
genome_459	69.38702972236432	0.0	RS_GCF_024442175.1	Pseudomonadota	set_a_comp70	33	3648599	70.0	64.66182	0.10905862	25.923950910568237	20
genome_46	57.74444701591585	0.0	RS_GCF_031582925.1	Bacillota	set_a_comp50	2	1656739	50.0	56.658535	0.465405	25.923950910568237	20
genome_460	74.1603524687106	0.0	RS_GCF_037099855.1	Bacillota	set_a_comp70	7	2282448	70.0	74.24678	0.12473166	25.923950910568237	20
genome_461	100.0	0.0	RS_GCF_000441635.1	Chlamydiota	set_a_comp70	2	1083893	70.0	99.91136	1.1718631	25.923950910568237	20
genome_462	53.20396175030226	0.0	RS_GCF_026016765.1	Bacillota	set_a_comp70	2	435650	70.0	55.94571	0.38854182	25.923950910568237	20
genome_463	69.89899838366229	0.0	RS_GCF_002243365.1	Pseudomonadota	set_a_comp70	38	5558750	70.0	73.95344	0.3536433	25.923950910568237	20
genome_464	66.8719417668077	0.0	RS_GCF_039784265.1	Bacillota	set_a_comp70	12	1252250	70.0	66.835884	0.67949295	25.923950910568237	20
genome_465	81.35745025772388	0.0	RS_GCF_002211605.1	Fusobacteriota	set_a_comp70	4	1816720	70.0	77.70799	2.8713882	25.923950910568237	20
genome_466	76.89296272682313	0.0	RS_GCF_000234745.1	Pseudomonadota	set_a_comp70	1	1806614	70.0	76.942505	0.1484096	25.923950910568237	20
genome_467	74.7765361342327	0.0	GB_GCA_963662275.1	Cloacimonadota	set_a_comp70	14	3274303	70.0	71.101654	0.030899048	25.923950910568237	20
genome_468	100.0	0.0	RS_GCF_000010445.1	Bacillota	set_a_comp70	1	2880168	70.0	99.68416	1.0042638	25.923950910568237	20
genome_469	69.45210899184723	0.0	RS_GCF_038024175.1	Bacillota	set_a_comp70	32	4202511	70.0	72.05911	0.24214387	25.923950910568237	20
genome_47	52.848529324802485	0.0	RS_GCF_002843505.1	Bacillota	set_a_comp50	18	2135951	50.0	53.098965	0.055092573	25.923950910568237	20
genome_470	69.76867823203425	0.0	RS_GCF_002355475.1	Pseudomonadota	set_a_comp70	59	4355623	70.0	69.51629	3.8897574	25.923950910568237	20
genome_471	77.70713580297863	0.0	RS_GCF_019904315.1	Desulfobacterota	set_a_comp70	3	2975048	70.0	81.07419	0.64260364	25.923950910568237	20
genome_472	78.35632888323364	0.0	RS_GCF_016117655.1	Spirochaetota	set_a_comp70	7	2145448	70.0	85.90291	0.4733771	25.923950910568237	20
genome_473	67.84021439774735	0.0	RS_GCF_021398465.1	Pseudomonadota	set_a_comp70	5	3295854	70.0	67.856964	0.11806786	25.923950910568237	20
genome_474	70.51016231597443	0.0	GB_GCA_030583965.1	Chloroflexota	set_a_comp70	13	2518568	70.0	69.15662	0.2306968	25.923950910568237	20
genome_475	69.77851295472642	0.0	GB_GCA_001022195.1	Pseudomonadota	set_a_comp70	13	5043092	70.0	76.069756	0.30186772	25.923950910568237	20
genome_476	69.69912474661561	0.0	RS_GCF_030378165.1	Bacteroidota	set_a_comp70	32	4165288	70.0	76.156235	0.055974722	25.923950910568237	20
genome_477	69.65115508492823	0.0	RS_GCF_000164395.1	Pseudomonadota	set_a_comp70	19	2532975	70.0	78.80665	1.8003553	25.923950910568237	20
genome_478	90.95707880960292	0.0	GB_GCA_016766715.1	Verrucomicrobiota	set_a_comp70	1	834845	70.0	96.69649	0.27841032	25.923950910568237	20
genome_479	69.48034545340217	0.0	RS_GCF_026651325.1	Pseudomonadota	set_a_comp70	9	3204371	70.0	68.276825	0.060752034	25.923950910568237	20
genome_48	53.40272972330954	0.0	RS_GCF_014775655.1	Actinomycetota	set_a_comp50	11	1654596	50.0	55.185226	0.079372525	25.923950910568237	20
genome_480	69.81011362919685	0.0	GB_GCA_002777535.1	Actinomycetota	set_a_comp70	49	5600945	70.0	68.01156	0.35473108	25.923950910568237	20
genome_481	69.43514239061246	0.0	RS_GCF_900090055.1	Thermoplasmatota	set_a_comp70	17	1304628	70.0	70.44432	0.30990243	25.923950910568237	20
genome_482	75.59480852436192	0.0	RS_GCF_918419245.1	Actinomycetota	set_a_comp70	11	3342525	70.0	75.134285	0.6657988	25.923950910568237	20
genome_483	69.63700854035068	0.0	RS_GCF_000339015.1	Pseudomonadota	set_a_comp70	26	3146746	70.0	71.05206	0.036603212	25.923950910568237	20
genome_484	68.98998837741917	0.0	RS_GCF_010119915.1	Actinomycetota	set_a_comp70	16	3099705	70.0	71.10064	0.22470057	25.923950910568237	20
genome_485	69.90219699495816	0.0	RS_GCF_002201955.1	Bacillota	set_a_comp70	27	2788140	70.0	71.34301	0.1011014	25.923950910568237	20
genome_486	69.20258381773195	0.0	RS_GCF_021117095.1	Pseudomonadota	set_a_comp70	10	3689315	70.0	67.59586	0.093474984	25.923950910568237	20
genome_487	79.73471068011567	0.0	RS_GCF_000023905.1	Fusobacteriota	set_a_comp70	5	1965947	70.0	79.69638	1.1873424	25.923950910568237	20
genome_488	69.78167100537746	0.0	RS_GCF_000626355.1	Pseudomonadota	set_a_comp70	35	3268436	70.0	70.414406	0.09456575	25.923950910568237	20
genome_489	67.91710015463461	0.0	RS_GCF_008693785.1	Pseudomonadota	set_a_comp70	10	3393338	70.0	65.552025	0.22019446	25.923950910568237	20
genome_49	50.49297458094708	0.0	RS_GCF_900636925.1	Pseudomonadota	set_a_comp50	25	2625514	50.0	53.278706	0.06464422	25.923950910568237	20
genome_490	75.77837051366076	0.0	RS_GCF_027945845.1	Pseudomonadota	set_a_comp70	17	4556683	70.0	78.8603	0.08994043	25.923950910568237	20
genome_491	69.9682331231543	0.0	RS_GCF_001889005.1	Bacteroidota	set_a_comp70	34	2084276	70.0	60.81147	0.3786564	25.923950910568237	20
genome_492	73.59900393605912	0.0	RS_GCF_037911025.1	Fusobacteriota	set_a_comp70	14	1832468	70.0	69.56343	1.9176602	25.923950910568237	20
genome_493	100.0	0.0	RS_GCF_001975045.1	Bacillota	set_a_comp70	1	2862577	70.0	99.90572	0.43221712	25.923950910568237	20
genome_494	82.48979991662243	0.0	GB_GCA_000306725.1	Halobacteriota	set_a_comp70	4	2534721	70.0	85.98453	3.8465083	25.923950910568237	20
genome_495	72.93487746357209	0.0	RS_GCF_001750065.2	Actinomycetota	set_a_comp70	9	4616804	70.0	74.63803	1.4233977	25.923950910568237	20
genome_496	56.30884576799018	0.0	RS_GCF_022637495.1	Pseudomonadota	set_a_comp70	4	1982434	70.0	56.076946	0.36643744	25.923950910568237	20
genome_497	84.1191860432242	0.0	RS_GCF_900104945.1	Pseudomonadota	set_a_comp70	6	2975373	70.0	76.73778	0.03184676	25.923950910568237	20
genome_498	72.2002923247525	0.0	RS_GCF_001998105.1	Actinomycetota	set_a_comp70	22	3185139	70.0	72.52985	0.47587454	25.923950910568237	20
genome_499	100.0	0.0	RS_GCF_028471865.1	Methanobacteriota_B	set_a_comp70	1	2078475	70.0	99.86804	0.6949514	25.923950910568237	20
genome_5	61.40578456807918	0.0	RS_GCF_001456295.2	Pseudomonadota	set_a_comp50	3	1661530	50.0	61.14768	0.6447643	25.923950910568237	20
genome_50	51.047269110153294	0.0	RS_GCF_019774595.1	Bacteroidota	set_a_comp50	2	1445139	50.0	54.95639	0.05198121	25.923950910568237	20
genome_500	66.2015888606739	0.0	RS_GCF_001889405.1	Halobacteriota	set_a_comp70	8	1339231	70.0	66.9668	0.23925006	25.923950910568237	20
genome_501	80.90214291556292	0.0	RS_GCF_014900295.1	Actinomycetota	set_a_comp80	29	3590679	80.0	81.92186	0.31735897	25.923950910568237	20
genome_502	78.47962107781505	0.0	RS_GCF_003181155.1	Pseudomonadota	set_a_comp80	35	3945581	80.0	78.99007	0.38439333	25.923950910568237	20
genome_503	79.8426435818366	0.0	RS_GCF_019175445.1	Bacillota	set_a_comp80	29	2133211	80.0	81.208244	0.099527836	25.923950910568237	20
genome_504	79.8838988140732	0.0	RS_GCF_032701645.1	Cyanobacteriota	set_a_comp80	40	3982182	80.0	80.4977	0.60371757	25.923950910568237	20
genome_505	78.59581317062909	0.0	GB_GCA_009671145.1	Pseudomonadota	set_a_comp80	9	3735659	80.0	78.005775	0.5078137	25.923950910568237	20
genome_506	60.35372612547009	0.0	RS_GCF_004635925.1	Pseudomonadota	set_a_comp80	5	2479797	80.0	59.909203	0.23335218	25.923950910568237	20
genome_507	82.03943236090336	0.0	RS_GCF_041860165.1	Pseudomonadota	set_a_comp80	5	4171756	80.0	78.92798	0.16703606	25.923950910568237	20
genome_508	82.3308475654431	0.0	RS_GCF_040267745.1	Bacillota	set_a_comp80	4	2899182	80.0	82.416275	0.6740391	25.923950910568237	20
genome_509	65.48420158946202	0.0	GB_GCA_902167295.1	Bacteroidota	set_a_comp80	8	4168924	80.0	64.53612	0.12963116	25.923950910568237	20
genome_51	94.9880875161194	0.0	GB_GCA_001560915.1	Thermoplasmatota	set_a_comp50	2	1840758	50.0	99.420746	2.1207662	25.923950910568237	20
genome_510	66.00618535547248	0.0	RS_GCF_003122385.1	Bacteroidota	set_a_comp80	20	3879468	80.0	65.873024	0.045755506	25.923950910568237	20
genome_511	66.04022561469873	0.0	GB_GCA_013704765.1	Pseudomonadota	set_a_comp80	9	3910638	80.0	67.617256	0.2837628	25.923950910568237	20
genome_512	86.08862427895079	0.0	RS_GCF_034258555.1	Pseudomonadota	set_a_comp80	11	3530318	80.0	88.018875	0.30568838	25.923950910568237	20
genome_513	80.19676102136671	0.0	GB_GCA_963678145.1	Campylobacterota	set_a_comp80	7	2117565	80.0	75.16623	0.22833645	25.923950910568237	20
genome_514	78.2477612755189	0.0	RS_GCF_000190635.1	Bacillota	set_a_comp80	6	2665697	80.0	56.43208	12.228778	25.923950910568237	20
genome_515	68.00070954479742	0.0	RS_GCF_003718655.1	Pseudomonadota	set_a_comp80	6	3400300	80.0	72.96765	0.036254525	25.923950910568237	20
genome_516	72.7176151212375	0.0	RS_GCF_000092565.1	Spirochaetota	set_a_comp80	13	3416371	80.0	71.09103	0.2414763	25.923950910568237	20
genome_517	81.29561545738278	0.0	RS_GCF_000224745.1	Bacteroidota_A	set_a_comp80	7	2710495	80.0	77.563675	1.0873318	25.923950910568237	20
genome_518	78.93065703110985	0.0	RS_GCF_033802665.1	Pseudomonadota	set_a_comp80	36	3779278	80.0	78.82338	0.35417378	25.923950910568237	20
genome_519	76.51917524824128	0.0	RS_GCF_002201495.1	Verrucomicrobiota	set_a_comp80	8	2094603	80.0	76.39641	1.6267091	25.923950910568237	20
genome_52	68.54379099007176	0.0	RS_GCF_000590735.1	Chlamydiota	set_a_comp50	2	714763	50.0	65.85215	0.73509514	25.923950910568237	20
genome_520	84.01728560525713	0.0	RS_GCF_036014155.1	Actinomycetota	set_a_comp80	19	9063342	80.0	87.86074	1.3058096	25.923950910568237	20
genome_521	78.30094579865559	0.0	RS_GCF_009665315.1	Pseudomonadota	set_a_comp80	24	4503594	80.0	79.5909	0.1537919	25.923950910568237	20
genome_522	79.37396207135488	0.0	RS_GCF_013425975.1	Pseudomonadota	set_a_comp80	42	4317403	80.0	78.40291	0.21963716	25.923950910568237	20
genome_523	100.0	0.0	RS_GCF_014218035.1	Bacillota	set_a_comp80	3	1918724	80.0	99.95203	0.30326247	25.923950910568237	20
genome_524	79.7259372301168	0.0	RS_GCF_007752345.1	Planctomycetota	set_a_comp80	40	4156959	80.0	74.32697	0.100675225	25.923950910568237	20
genome_525	72.40846155466105	0.0	RS_GCF_009497795.1	Bacillota	set_a_comp80	11	2956940	80.0	74.8979	0.11372566	25.923950910568237	20
genome_526	100.0	0.0	GB_GCA_000200715.1	Thermoproteota	set_a_comp80	1	2045086	80.0	92.638794	0.25990307	25.923950910568237	20
genome_527	100.0	0.0	RS_GCF_016454325.1	Pseudomonadota	set_a_comp80	2	4934408	80.0	99.83429	0.5170971	25.923950910568237	20
genome_528	79.53936630570475	0.0	RS_GCF_001901065.1	Pseudomonadota	set_a_comp80	67	4223670	80.0	83.20366	0.41163564	25.923950910568237	20
genome_529	82.15967315431733	0.0	RS_GCF_029867245.1	Actinomycetota	set_a_comp80	7	3632418	80.0	82.93071	0.32645464	25.923950910568237	20
genome_53	71.13940904841498	0.0	RS_GCF_030845215.1	Bacillota	set_a_comp50	3	1556913	50.0	75.12927	0.91935396	25.923950910568237	20
genome_530	79.8122121299923	0.0	RS_GCF_020990405.1	Pseudomonadota	set_a_comp80	37	4652443	80.0	78.526764	1.5282035	25.923950910568237	20
genome_531	83.21030162727257	0.0	RS_GCF_900474605.1	Bacillota	set_a_comp80	19	2015019	80.0	84.231476	0.19744039	25.923950910568237	20
genome_532	76.87256259809173	0.0	GB_GCA_900635495.1	Pseudomonadota	set_a_comp80	10	3500602	80.0	78.933075	0.22519529	25.923950910568237	20
genome_533	72.45870888388427	0.0	RS_GCF_000582665.1	Bacillota	set_a_comp80	6	2220337	80.0	74.207756	0.09398162	25.923950910568237	20
genome_534	76.56503273444261	0.0	RS_GCF_013342985.1	Pseudomonadota	set_a_comp80	1	910212	80.0	75.50885	0.6484598	25.923950910568237	20
genome_535	77.93777666446279	0.0	RS_GCF_004136395.1	Pseudomonadota	set_a_comp80	8	3882952	80.0	78.18629	0.172171	25.923950910568237	20
genome_536	78.34805771829426	0.0	RS_GCF_031583475.1	Cyanobacteriota	set_a_comp80	21	2097705	80.0	77.32517	0.09928048	25.923950910568237	20
genome_537	79.56813982939546	0.0	RS_GCF_022376295.1	Cyanobacteriota	set_a_comp80	55	4337794	80.0	81.94968	0.15809834	25.923950910568237	20
genome_538	66.98470032796675	0.0	RS_GCF_003194245.1	Pseudomonadota	set_a_comp80	10	4594636	80.0	67.626396	0.16510487	25.923950910568237	20
genome_539	100.0	0.0	RS_GCF_000318765.1	Chlamydiota	set_a_comp80	1	1050130	80.0	99.733	0.6955892	25.923950910568237	20
genome_54	59.23291459439686	0.0	RS_GCF_002238335.1	Campylobacterota	set_a_comp50	2	1029843	50.0	63.63453	0.034195185	25.923950910568237	20
genome_540	77.19049056894943	0.0	RS_GCF_024585365.1	Pseudomonadota	set_a_comp80	4	3921544	80.0	76.50467	0.38027167	25.923950910568237	20
genome_541	100.0	0.0	GB_GCA_037899175.1	Fusobacteriota	set_a_comp80	2	2522043	80.0	99.04132	2.0396142	25.923950910568237	20
genome_542	76.09285375716995	0.0	RS_GCF_031757735.1	Bacillota	set_a_comp80	4	2029159	80.0	76.13775	0.5172163	25.923950910568237	20
genome_543	73.32486743456819	0.0	RS_GCF_025914135.1	Bacteroidota	set_a_comp80	14	4019953	80.0	72.363495	0.07074475	25.923950910568237	20
genome_544	73.52588006785582	0.0	RS_GCF_022029835.1	Pseudomonadota	set_a_comp80	22	3515937	80.0	73.6509	0.15428364	25.923950910568237	20
genome_545	77.46451983016289	0.0	GB_GCA_963662275.1	Cloacimonadota	set_a_comp80	49	3392004	80.0	76.61675	0.06428659	25.923950910568237	20
genome_546	79.96297126398413	0.0	RS_GCF_023361855.1	Pseudomonadota	set_a_comp80	9	3353679	80.0	82.556885	0.13151765	25.923950910568237	20
genome_547	79.26157278393585	0.0	RS_GCF_040409895.1	Bacillota	set_a_comp80	43	1985309	80.0	79.425964	0.20854473	25.923950910568237	20
genome_548	76.55699334937864	0.0	GB_GCA_023898765.1	Pseudomonadota	set_a_comp80	17	1456519	80.0	59.38824	2.208203	25.923950910568237	20
genome_549	82.59626638386013	0.0	RS_GCF_019278425.1	Bacteroidota	set_a_comp80	4	3420598	80.0	77.77501	0.03221035	25.923950910568237	20
genome_55	50.56956888827342	0.0	RS_GCF_019679435.2	Verrucomicrobiota	set_a_comp50	19	3089387	50.0	57.60584	0.22299886	25.923950910568237	20
genome_550	80.42938958057212	0.0	RS_GCF_001307565.1	Pseudomonadota	set_a_comp80	4	3298172	80.0	79.79944	0.28502047	25.923950910568237	20
genome_551	100.0	0.0	RS_GCF_009931175.1	Pseudomonadota	set_a_comp80	3	5598689	80.0	99.9009	0.6316155	25.923950910568237	20
genome_552	79.11730581458465	0.0	RS_GCF_018798845.1	Pseudomonadota	set_a_comp80	43	4028726	80.0	78.39282	0.15742183	25.923950910568237	20
genome_553	81.00037670232163	0.0	RS_GCF_036772935.1	Bacillota	set_a_comp80	8	2530843	80.0	85.28601	0.43379962	25.923950910568237	20
genome_554	79.42485543279398	0.0	RS_GCF_902166715.1	Pseudomonadota	set_a_comp80	30	4235305	80.0	79.81293	0.054851174	25.923950910568237	20
genome_555	79.58776282832297	0.0	RS_GCF_040760075.1	Bacteroidota	set_a_comp80	51	4261635	80.0	74.48243	0.31119287	25.923950910568237	20
genome_556	79.446196630633	0.0	RS_GCF_000014605.1	Pseudomonadota	set_a_comp80	17	1506083	80.0	80.642975	0.17817616	25.923950910568237	20
genome_557	80.21537993561417	0.0	GB_GCA_000063505.1	Cyanobacteriota	set_a_comp80	8	1898682	80.0	76.52776	0.08444488	25.923950910568237	20
genome_558	79.94365376740153	0.0	RS_GCF_013343215.1	Pseudomonadota	set_a_comp80	20	2920444	80.0	79.96837	3.4388483	25.923950910568237	20
genome_559	87.60482686518772	0.0	GB_GCA_019856215.1	Bacillota	set_a_comp80	3	1804924	80.0	88.73507	0.14793873	25.923950910568237	20
genome_56	50.87880969995485	0.0	RS_GCF_020096995.1	Actinomycetota	set_a_comp50	5	1651922	50.0	54.48335	0.09678304	25.923950910568237	20
genome_560	79.55341665854927	0.0	RS_GCF_037911915.1	Fusobacteriota	set_a_comp80	3	2115245	80.0	79.39264	2.965343	25.923950910568237	20
genome_561	76.26976332557099	0.0	GB_GCA_016700375.1	Patescibacteriota	set_a_comp80	10	958325	80.0	83.81989	1.465407	25.923950910568237	20
genome_562	78.47541865198686	0.0	RS_GCF_020388215.1	Bacillota	set_a_comp80	12	2171396	80.0	77.58516	0.24388134	25.923950910568237	20
genome_563	79.88606709534601	0.0	RS_GCF_025398035.1	Bacillota	set_a_comp80	9	3610172	80.0	83.074	0.7745534	25.923950910568237	20
genome_564	68.7837151106714	0.0	RS_GCF_014844495.1	Bacteroidota	set_a_comp80	3	2215725	80.0	67.78614	0.09571612	25.923950910568237	20
genome_565	100.0	0.0	RS_GCF_011600855.2	Campylobacterota	set_a_comp80	3	1782312	80.0	99.956085	0.15505254	25.923950910568237	20
genome_566	78.5966708380463	0.0	RS_GCF_006094335.1	Bacillota	set_a_comp80	8	3331874	80.0	79.10658	0.06552935	25.923950910568237	20
genome_567	77.51278308080714	0.0	RS_GCF_000010665.1	Desulfobacterota_I	set_a_comp80	11	4120285	80.0	81.08844	5.3572507	25.923950910568237	20
genome_568	94.40176844087166	0.0	RS_GCF_015245165.1	Campylobacterota	set_a_comp80	1	1512187	80.0	92.08679	0.78291595	25.923950910568237	20
genome_569	70.28574860433346	0.0	RS_GCF_020097095.1	Bacillota	set_a_comp80	3	1568210	80.0	72.09485	0.009745359	25.923950910568237	20
genome_57	50.31514369996535	0.0	RS_GCF_000148645.1	Pseudomonadota	set_a_comp50	26	2153065	50.0	52.13273	0.07362366	25.923950910568237	20
genome_570	59.62122768447444	0.0	RS_GCF_900105785.1	Actinomycetota	set_a_comp80	13	2626485	80.0	56.860184	0.2978593	25.923950910568237	20
genome_571	79.96337198207506	0.0	RS_GCF_022493175.1	Pseudomonadota	set_a_comp80	25	3888574	80.0	78.83365	0.15037358	25.923950910568237	20
genome_572	86.18957694892966	0.0	RS_GCF_001664525.1	Pseudomonadota	set_a_comp80	8	5584227	80.0	84.143364	0.21747649	25.923950910568237	20
genome_573	85.20411986294371	0.0	RS_GCF_026967595.1	Bacillota	set_a_comp80	2	3752415	80.0	87.16763	0.40347576	25.923950910568237	20
genome_574	83.40407475316714	0.0	RS_GCF_013127315.1	Actinomycetota	set_a_comp80	4	3520295	80.0	86.00814	0.4744351	25.923950910568237	20
genome_575	85.40978745630179	0.0	GB_GCA_900104375.1	Bacteroidota	set_a_comp80	6	3260657	80.0	87.516136	0.25566816	25.923950910568237	20
genome_576	79.66724109283244	0.0	RS_GCF_014109745.1	Bacteroidota	set_a_comp80	77	5125525	80.0	80.25927	0.35448074	25.923950910568237	20
genome_577	81.10543004108324	0.0	RS_GCF_001998105.1	Actinomycetota	set_a_comp80	13	3577992	80.0	81.72809	0.484097	25.923950910568237	20
genome_578	87.79669287778032	0.0	RS_GCF_022637495.1	Pseudomonadota	set_a_comp80	7	3091009	80.0	89.026505	0.16518533	25.923950910568237	20
genome_579	79.31978075189775	0.0	RS_GCF_016027035.1	Pseudomonadota	set_a_comp80	24	5403994	80.0	77.76012	0.615865	25.923950910568237	20
genome_58	53.52746372988821	0.0	RS_GCF_001278015.1	Bacillota	set_a_comp50	4	1733033	50.0	54.023254	0.026282668	25.923950910568237	20
genome_580	79.39699270325731	0.0	RS_GCF_022493655.1	Pseudomonadota	set_a_comp80	9	3898174	80.0	76.769775	0.07892251	25.923950910568237	20
genome_581	100.0	0.0	RS_GCF_000318565.1	Chlamydiota	set_a_comp80	2	1051879	80.0	99.756996	0.8732945	25.923950910568237	20
genome_582	78.39236657679052	0.0	RS_GCF_002356095.1	Pseudomonadota	set_a_comp80	14	5854095	80.0	88.44493	1.8434286	25.923950910568237	20
genome_583	61.94774933684361	0.0	RS_GCF_013821695.1	Pseudomonadota	set_a_comp80	5	2923375	80.0	62.440987	0.14269948	25.923950910568237	20
genome_584	75.18406521167499	0.0	RS_GCF_011038575.1	Bacillota	set_a_comp80	4	1841357	80.0	74.905624	0.17496943	25.923950910568237	20
genome_585	100.0	0.0	RS_GCF_018128925.1	Thermoproteota	set_a_comp80	1	1645909	80.0	99.8082	1.5375644	25.923950910568237	20
genome_586	77.97592035466245	0.0	RS_GCF_028623165.1	Cyanobacteriota	set_a_comp80	24	6483042	80.0	84.13083	0.53981245	25.923950910568237	20
genome_587	77.82677643403484	0.0	RS_GCF_964026995.1	Pseudomonadota	set_a_comp80	1	1133196	80.0	76.22684	0.7569462	25.923950910568237	20
genome_588	79.87196602400248	0.0	RS_GCF_001985245.1	Pseudomonadota	set_a_comp80	32	3276876	80.0	80.04064	0.31766593	25.923950910568237	20
genome_589	78.59257067542919	0.0	RS_GCF_018223785.1	Pseudomonadota	set_a_comp80	24	7293969	80.0	81.529526	1.1558741	25.923950910568237	20
genome_59	70.57262090751587	0.0	RS_GCF_000265525.1	Methanobacteriota_B	set_a_comp50	2	1376387	50.0	71.611145	0.35695136	25.923950910568237	20
genome_590	100.0	0.0	RS_GCF_000590735.1	Chlamydiota	set_a_comp80	1	1042783	80.0	99.75964	0.5413413	25.923950910568237	20
genome_591	84.71162407349605	0.0	GB_GCA_963664305.1	Campylobacterota	set_a_comp80	9	2355732	80.0	96.09959	0.0367105	25.923950910568237	20
genome_592	75.16873453812909	0.0	RS_GCF_027239755.1	Pseudomonadota	set_a_comp80	12	3067945	80.0	75.9924	0.3299743	25.923950910568237	20
genome_593	80.06852895872707	0.0	RS_GCF_030127065.1	Pseudomonadota	set_a_comp80	11	3994257	80.0	80.451485	0.24343729	25.923950910568237	20
genome_594	100.0	0.0	RS_GCF_003429525.1	Spirochaetota	set_a_comp80	6	4247041	80.0	99.878815	0.5754471	25.923950910568237	20
genome_595	74.33788714586707	0.0	RS_GCF_902166465.1	Pseudomonadota	set_a_comp80	57	5081706	80.0	76.66492	0.11366606	25.923950910568237	20
genome_596	79.63927877035559	0.0	RS_GCF_015244315.1	Actinomycetota	set_a_comp80	42	6735934	80.0	82.171646	0.5393952	25.923950910568237	20
genome_597	68.92353224125492	0.0	RS_GCF_004014855.1	Bacteroidota	set_a_comp80	7	2269685	80.0	75.18733	1.6653568	25.923950910568237	20
genome_598	100.0	0.0	RS_GCF_001895805.1	Actinomycetota	set_a_comp80	7	4365724	80.0	99.859665	0.42419732	25.923950910568237	20
genome_599	77.46896287972199	0.0	RS_GCF_030053875.1	Pseudomonadota	set_a_comp80	6	4338939	80.0	80.8184	0.13299882	25.923950910568237	20
genome_6	52.51340132366211	0.0	RS_GCF_024749145.1	Pseudomonadota	set_a_comp50	19	3633157	50.0	53.25246	0.7118434	25.923950910568237	20
genome_60	50.72504747440689	0.0	RS_GCF_024362345.1	Bacteroidota	set_a_comp50	17	1566112	50.0	60.013092	0.026503205	25.923950910568237	20
genome_600	79.70877392030187	0.0	GB_GCA_019703815.1	Pseudomonadota	set_a_comp80	32	3588599	80.0	82.11337	0.19607544	25.923950910568237	20
genome_601	77.70537963234742	0.0	RS_GCF_001735655.2	Bacillota	set_a_comp80	13	2276721	80.0	78.43933	0.2823621	25.923950910568237	20
genome_602	79.9981523100071	0.0	RS_GCF_003213725.2	Campylobacterota	set_a_comp80	18	1723193	80.0	80.57632	0.26945174	25.923950910568237	20
genome_603	100.0	0.0	RS_GCF_035666175.1	Bacteroidota	set_a_comp80	3	2573752	80.0	99.95425	0.4055202	25.923950910568237	20
genome_604	61.407376863124185	0.0	RS_GCF_000243395.2	Actinomycetota	set_a_comp80	7	2802699	80.0	58.121017	6.3528748	25.923950910568237	20
genome_605	79.92111870896721	0.0	RS_GCF_028750275.1	Pseudomonadota	set_a_comp80	45	4030844	80.0	81.32339	0.16331077	25.923950910568237	20
genome_606	74.00198041787593	0.0	RS_GCF_014775655.1	Actinomycetota	set_a_comp80	4	2292830	80.0	71.782	0.28518438	25.923950910568237	20
genome_607	76.6457538262136	0.0	GB_GCA_037898875.1	Fusobacteriota	set_a_comp80	9	1979838	80.0	75.06019	1.9763559	25.923950910568237	20
genome_608	71.93622841158603	0.0	RS_GCF_000292795.1	Pseudomonadota	set_a_comp80	3	4532332	80.0	72.22514	0.05737543	25.923950910568237	20
genome_609	66.12983273392827	0.0	GB_GCA_000306725.1	Halobacteriota	set_a_comp80	2	2032017	80.0	64.32401	8.546633	25.923950910568237	20
genome_61	68.16320799069709	0.0	RS_GCF_000623455.2	Pseudomonadota	set_a_comp50	3	3194025	50.0	68.08722	0.09966493	25.923950910568237	20
genome_610	78.41922501333491	0.0	RS_GCF_025905525.1	Spirochaetota	set_a_comp80	12	2178817	80.0	78.689514	0.13670921	25.923950910568237	20
genome_611	79.02876634477893	0.0	RS_GCF_019802745.1	Bacteroidota	set_a_comp80	9	2034432	80.0	83.80542	0.10727346	25.923950910568237	20
genome_612	79.70433842662686	0.0	RS_GCF_022695635.1	Actinomycetota	set_a_comp80	64	5567089	80.0	80.79575	0.41992664	25.923950910568237	20
genome_613	75.16476757030469	0.0	RS_GCF_038024175.1	Bacillota	set_a_comp80	32	4548181	80.0	80.043	0.1481235	25.923950910568237	20
genome_614	77.59499634661518	0.0	RS_GCF_018243215.1	Pseudomonadota	set_a_comp80	13	4418817	80.0	73.583984	2.5381894	25.923950910568237	20
genome_615	82.07885487617787	0.0	RS_GCF_000006985.1	Bacteroidota_A	set_a_comp80	9	1768755	80.0	77.46489	0.27914643	25.923950910568237	20
genome_616	100.0	0.0	GB_GCA_002073515.2	Bacillota	set_a_comp80	1	2311542	80.0	99.974106	0.99651515	25.923950910568237	20
genome_617	79.27140909193788	0.0	RS_GCF_001767295.1	Pseudomonadota	set_a_comp80	46	3712529	80.0	84.91034	0.039818883	25.923950910568237	20
genome_618	78.67834947349745	0.0	RS_GCF_000179535.2	Pseudomonadota	set_a_comp80	6	3973200	80.0	78.500275	0.2225697	25.923950910568237	20
genome_619	78.86074806020555	0.0	RS_GCF_036346895.1	Actinomycetota	set_a_comp80	35	6783861	80.0	82.76688	0.26507974	25.923950910568237	20
genome_62	50.19764108538624	0.0	RS_GCF_041073745.1	Bacillota	set_a_comp50	2	1005649	50.0	51.65863	2.7453156	25.923950910568237	20
genome_620	100.0	0.0	RS_GCF_001951015.1	Pseudomonadota	set_a_comp80	1	1268242	80.0	99.85387	0.26535988	25.923950910568237	20
genome_621	79.38385078896029	0.0	RS_GCF_003851345.1	Pseudomonadota	set_a_comp80	33	5500149	80.0	80.64237	0.42088628	25.923950910568237	20
genome_622	79.73062421534938	0.0	RS_GCF_036704625.1	Pseudomonadota	set_a_comp80	30	4301401	80.0	81.64799	0.2742797	25.923950910568237	20
genome_623	70.77230524377198	0.0	RS_GCF_011299335.1	Bacteroidota	set_a_comp80	5	3115399	80.0	75.196655	0.06918311	25.923950910568237	20
genome_624	66.00862860383442	0.0	RS_GCF_022923915.1	Campylobacterota	set_a_comp80	1	1038255	80.0	65.64554	0.41150153	25.923950910568237	20
genome_625	79.43810683202047	0.0	RS_GCF_013003965.1	Pseudomonadota	set_a_comp80	25	3624876	80.0	84.51986	0.053614378	25.923950910568237	20
genome_626	79.0039086801573	0.0	RS_GCF_002056385.1	Pseudomonadota	set_a_comp80	50	4476446	80.0	79.92533	0.23206174	25.923950910568237	20
genome_627	79.92381106599385	0.0	RS_GCF_034093315.1	Cyanobacteriota	set_a_comp80	8	1362259	80.0	80.15427	0.36362708	25.923950910568237	20
genome_628	100.0	0.0	RS_GCF_000015345.1	Pseudomonadota	set_a_comp80	1	1389350	80.0	97.13104	0.60800016	25.923950910568237	20
genome_629	72.73134560811972	0.0	RS_GCF_002761035.1	Pseudomonadota	set_a_comp80	36	3595845	80.0	73.158394	0.45746565	25.923950910568237	20
genome_63	51.13519690919618	0.0	RS_GCF_002557795.1	Bacteroidota	set_a_comp50	20	2699898	50.0	58.70641	0.0561893	25.923950910568237	20
genome_630	80.86957203256388	0.0	RS_GCF_009763965.1	Pseudomonadota	set_a_comp80	9	3405057	80.0	85.36484	0.07854402	25.923950910568237	20
genome_631	76.30809182049967	0.0	RS_GCF_004104435.1	Verrucomicrobiota	set_a_comp80	3	2182722	80.0	71.83723	6.226173	25.923950910568237	20
genome_632	79.70569953542483	0.0	RS_GCF_002447255.1	Actinomycetota	set_a_comp80	40	3516091	80.0	80.54521	0.6241083	25.923950910568237	20
genome_633	82.89189025253239	0.0	RS_GCF_001562195.1	Pseudomonadota	set_a_comp80	3	3853765	80.0	84.89763	0.22423267	25.923950910568237	20
genome_634	66.11542383501305	0.0	RS_GCF_002103235.2	Bacillota	set_a_comp80	3	2008016	80.0	68.02747	0.13041198	25.923950910568237	20
genome_635	78.29397635165903	0.0	RS_GCF_014338485.1	Pseudomonadota	set_a_comp80	22	4126531	80.0	76.50897	0.4312843	25.923950910568237	20
genome_636	76.57597778474536	0.0	RS_GCF_020096995.1	Actinomycetota	set_a_comp80	8	2486252	80.0	73.19562	0.5999774	25.923950910568237	20
genome_637	80.81638733013959	0.0	RS_GCF_004015245.1	Verrucomicrobiota	set_a_comp80	11	2262399	80.0	79.26172	2.1548688	25.923950910568237	20
genome_638	82.35649266026299	0.0	RS_GCF_015535055.1	Pseudomonadota	set_a_comp80	6	4199995	80.0	80.85145	0.067433715	25.923950910568237	20
genome_639	85.60824469240684	0.0	RS_GCF_037100415.1	Pseudomonadota	set_a_comp80	7	6206388	80.0	86.56909	0.89063644	25.923950910568237	20
genome_64	55.51923494871017	0.0	RS_GCF_027558275.1	Pseudomonadota	set_a_comp50	8	2255686	50.0	55.480904	0.17569661	25.923950910568237	20
genome_640	77.22235425964737	0.0	RS_GCF_029028125.1	Pseudomonadota	set_a_comp80	32	4932252	80.0	73.71961	0.071299076	25.923950910568237	20
genome_641	63.63280888716412	0.0	GB_GCA_030316505.1	Pseudomonadota	set_a_comp80	6	3020351	80.0	63.333344	0.17358065	25.923950910568237	20
genome_642	81.38329304155677	0.0	RS_GCF_009626015.1	Pseudomonadota	set_a_comp80	10	3885179	80.0	79.890594	0.21920502	25.923950910568237	20
genome_643	76.18858810995043	0.0	RS_GCF_000013225.1	Cyanobacteriota	set_a_comp80	6	2321224	80.0	81.59088	0.40342212	25.923950910568237	20
genome_644	75.76500901025214	0.0	RS_GCF_040436705.1	Pseudomonadota	set_a_comp80	3	3689762	80.0	75.18111	0.20477474	25.923950910568237	20
genome_645	81.39432247957492	0.0	RS_GCF_041764985.1	Bacillota	set_a_comp80	4	2506377	80.0	83.011536	0.09287298	25.923950910568237	20
genome_646	79.68141577333184	0.0	GB_GCA_037232885.1	Pseudomonadota	set_a_comp80	4	3619106	80.0	75.77503	0.9069443	25.923950910568237	20
genome_647	79.55876003107207	0.0	RS_GCF_019252525.1	Pseudomonadota	set_a_comp80	61	4565812	80.0	82.27597	0.28180778	25.923950910568237	20
genome_648	89.88082724127136	0.0	RS_GCF_002005185.1	Bacillota	set_a_comp80	4	1958070	80.0	89.024155	0.2408266	25.923950910568237	20
genome_649	76.4302488169359	0.0	RS_GCF_035321765.1	Fusobacteriota	set_a_comp80	15	1933910	80.0	75.25143	2.7605295	25.923950910568237	20
genome_65	54.5469711278322	0.0	RS_GCF_008831505.1	Bacteroidota	set_a_comp50	4	1504076	50.0	55.97422	0.019174814	25.923950910568237	20
genome_650	77.64821156111482	0.0	RS_GCF_020911805.1	Pseudomonadota	set_a_comp80	24	4420390	80.0	79.42561	0.15977621	25.923950910568237	20
genome_651	86.73023067471996	0.0	RS_GCF_038593175.1	Bacillota	set_a_comp80	5	3259865	80.0	87.024506	0.22930205	25.923950910568237	20
genome_652	86.45193652760443	0.0	RS_GCF_020618415.1	Pseudomonadota	set_a_comp80	13	5285859	80.0	78.0333	0.030010939	25.923950910568237	20
genome_653	79.98479480919845	0.0	GB_GCA_008704475.1	Actinomycetota	set_a_comp80	49	6205122	80.0	77.092514	0.8524746	25.923950910568237	20
genome_654	73.60143793671166	0.0	RS_GCF_000340565.2	Cyanobacteriota	set_a_comp80	20	4020310	80.0	74.06018	0.07483065	25.923950910568237	20
genome_655	87.18323970184798	0.0	RS_GCF_003852215.1	Thermoproteota	set_a_comp80	8	2326898	80.0	85.01253	0.7788032	25.923950910568237	20
genome_656	78.71851553914318	0.0	RS_GCF_030515755.1	Actinomycetota	set_a_comp80	7	1988436	80.0	78.9252	0.060930848	25.923950910568237	20
genome_657	100.0	0.0	RS_GCF_014905015.1	Bacillota	set_a_comp80	4	2958273	80.0	99.89065	0.13860166	25.923950910568237	20
genome_658	87.16025702374746	0.0	RS_GCF_028335705.1	Bacillota	set_a_comp80	1	2604664	80.0	84.787186	0.39718747	25.923950910568237	20
genome_659	100.0	0.0	RS_GCF_002777035.1	Chlamydiota	set_a_comp80	2	1048696	80.0	99.7177	0.7598072	25.923950910568237	20
genome_66	63.27809713065825	0.0	RS_GCF_000159455.2	Bacillota	set_a_comp50	3	1466051	50.0	65.91387	0.11719167	25.923950910568237	20
genome_660	77.40646826881212	0.0	RS_GCF_900631605.1	Actinomycetota	set_a_comp80	20	2524581	80.0	70.068665	6.466344	25.923950910568237	20
genome_661	80.6538750497581	0.0	RS_GCF_023158855.1	Pseudomonadota	set_a_comp80	11	4137397	80.0	80.42328	0.37000477	25.923950910568237	20
genome_662	79.81214725991231	0.0	GB_GCA_018295965.1	Cyanobacteriota	set_a_comp80	31	4889692	80.0	81.29091	0.1321137	25.923950910568237	20
genome_663	84.55185774311836	0.0	RS_GCF_001548675.1	Methanobacteriota	set_a_comp80	4	1922114	80.0	82.609344	0.5804956	25.923950910568237	20
genome_664	100.0	0.0	RS_GCF_014495805.1	Pseudomonadota	set_a_comp80	1	2335429	80.0	99.973595	0.2619326	25.923950910568237	20
genome_665	60.85305032174902	0.0	RS_GCF_028335185.1	Bacillota	set_a_comp80	3	1933686	80.0	58.512684	0.012403727	25.923950910568237	20
genome_666	63.82533104539121	0.0	RS_GCF_037113475.1	Pseudomonadota	set_a_comp80	5	3185768	80.0	63.391365	0.18354952	25.923950910568237	20
genome_667	77.52231132256455	0.0	RS_GCF_027118995.1	Pseudomonadota	set_a_comp80	3	2020464	80.0	79.89569	0.9410262	25.923950910568237	20
genome_668	60.14240990283203	0.0	RS_GCF_000340705.1	Spirochaetota	set_a_comp90	3	1718585	90.0	59.684574	0.24938285	25.923950910568237	20
genome_669	68.77831156259963	0.0	GB_GCA_022409555.1	Pseudomonadota	set_a_comp90	5	2839287	90.0	70.08186	0.18179417	25.923950910568237	20
genome_67	53.52739467946493	0.0	RS_GCF_001611425.1	Bacillota	set_a_comp50	4	1470306	50.0	54.863777	0.03656149	25.923950910568237	20
genome_670	100.0	0.0	RS_GCF_001506265.1	Campylobacterota	set_a_comp90	1	1672553	90.0	99.936035	0.49099028	25.923950910568237	20
genome_671	63.71672584581989	0.0	RS_GCF_014302295.1	Bacillota	set_a_comp90	7	3243484	90.0	63.16727	2.2782743	25.923950910568237	20
genome_672	78.12289126480806	0.0	RS_GCF_017347585.1	Bacillota	set_a_comp90	15	2029496	90.0	75.46959	0.36909878	25.923950910568237	20
genome_673	100.0	0.0	RS_GCF_018243215.1	Pseudomonadota	set_a_comp90	5	5694719	90.0	99.90941	1.0127962	25.923950910568237	20
genome_674	95.24244399808906	0.0	RS_GCF_030246865.1	Actinomycetota	set_a_comp90	2	3247614	90.0	98.23011	1.843971	25.923950910568237	20
genome_675	84.88535422049554	0.0	RS_GCF_024298785.1	Pseudomonadota	set_a_comp90	11	4310654	90.0	84.90132	1.3297915	25.923950910568237	20
genome_676	64.92545845929446	0.0	RS_GCF_040581435.1	Bacillota	set_a_comp90	5	1379877	90.0	63.98021	0.077572465	25.923950910568237	20
genome_677	62.17175134458574	0.0	RS_GCF_000504105.1	Thermotogota	set_a_comp90	2	1346121	90.0	62.19737	0.18801391	25.923950910568237	20
genome_678	79.86818720783279	0.0	RS_GCF_024917315.1	Pseudomonadota	set_a_comp90	13	3805065	90.0	80.405876	0.092709064	25.923950910568237	20
genome_679	78.11747935315864	0.0	RS_GCF_004136395.1	Pseudomonadota	set_a_comp90	17	3891905	90.0	77.8377	0.12141168	25.923950910568237	20
genome_68	50.57471342979865	0.0	RS_GCF_001895865.1	Actinomycetota	set_a_comp50	19	2218433	50.0	52.491814	0.111719966	25.923950910568237	20
genome_680	100.0	0.0	RS_GCF_030177875.1	Pseudomonadota	set_a_comp90	3	2201616	90.0	99.95889	0.1272738	25.923950910568237	20
genome_681	89.7013137782479	0.0	RS_GCF_036010345.1	Actinomycetota	set_a_comp90	32	7564449	90.0	97.591484	0.3453076	25.923950910568237	20
genome_682	100.0	0.0	RS_GCF_000085865.1	Bacillota	set_a_comp90	3	665445	90.0	99.61597	0.34588575	25.923950910568237	20
genome_683	84.53931815825246	0.0	RS_GCF_024585005.1	Pseudomonadota	set_a_comp90	2	4296710	90.0	83.577576	0.4439503	25.923950910568237	20
genome_684	78.87987509744457	0.0	RS_GCF_002504085.1	Pseudomonadota	set_a_comp90	10	4364134	90.0	92.254654	0.03900826	25.923950910568237	20
genome_685	100.0	0.0	GB_GCA_002073515.2	Bacillota	set_a_comp90	2	2311542	90.0	99.974075	0.9979129	25.923950910568237	20
genome_686	89.776147513087	0.0	RS_GCF_032921865.1	Pseudomonadota	set_a_comp90	34	4249571	90.0	93.17731	0.6758481	25.923950910568237	20
genome_687	84.89733549476655	0.0	RS_GCF_003971445.1	Actinomycetota	set_a_comp90	2	1980148	90.0	86.57777	0.34478307	25.923950910568237	20
genome_688	75.68462663824774	0.0	RS_GCF_017280215.1	Bacillota	set_a_comp90	3	2167115	90.0	75.90665	0.063830614	25.923950910568237	20
genome_689	100.0	0.0	RS_GCF_027941935.1	Pseudomonadota	set_a_comp90	3	2318671	90.0	99.940414	0.10435581	25.923950910568237	20
genome_69	54.00075910957549	0.0	RS_GCF_023509015.1	Pseudomonadota	set_a_comp50	5	3626563	50.0	58.627785	0.18817484	25.923950910568237	20
genome_690	87.74887627239708	0.0	RS_GCF_037963895.1	Bacillota	set_a_comp90	90	4743219	90.0	89.60767	0.38656592	25.923950910568237	20
genome_691	86.67961981411132	0.0	RS_GCF_035190385.1	Pseudomonadota	set_a_comp90	44	4329582	90.0	89.50889	0.14049411	25.923950910568237	20
genome_692	84.78654580448887	0.0	RS_GCF_014844395.1	Bacteroidota	set_a_comp90	5	2731229	90.0	84.88438	0.13163984	25.923950910568237	20
genome_693	65.3542393359591	0.0	RS_GCF_001735655.2	Bacillota	set_a_comp90	2	1914840	90.0	67.11408	0.15812516	25.923950910568237	20
genome_694	100.0	0.0	RS_GCF_018847415.1	Verrucomicrobiota	set_a_comp90	3	3119572	90.0	99.78861	1.3812244	25.923950910568237	20
genome_695	80.9776594646625	0.0	RS_GCF_009762745.1	Bacillota	set_a_comp90	5	2698804	90.0	81.45662	0.20640492	25.923950910568237	20
genome_696	88.52417050287819	0.0	GB_GCA_963674955.1	Desulfobacterota_I	set_a_comp90	25	2801034	90.0	75.2643	0.21044314	25.923950910568237	20
genome_697	84.05072876495923	0.0	GB_GCA_001274575.1	Bacillota	set_a_comp90	2	3090120	90.0	93.24187	0.20229518	25.923950910568237	20
genome_698	100.0	0.0	RS_GCF_963556565.1	Actinomycetota	set_a_comp90	4	2510332	90.0	99.898476	0.5861521	25.923950910568237	20
genome_699	100.0	0.0	RS_GCF_002952595.1	Campylobacterota	set_a_comp90	2	1674009	90.0	99.871666	0.7739961	25.923950910568237	20
genome_7	53.50720661290068	0.0	RS_GCF_025144995.1	Bacteroidota	set_a_comp50	13	1528939	50.0	56.280457	0.031039119	25.923950910568237	20
genome_70	58.1385954262475	0.0	RS_GCF_001562255.1	Pseudomonadota	set_a_comp50	4	3203643	50.0	52.160587	0.31471252	25.923950910568237	20
genome_700	73.56944699518172	0.0	RS_GCF_041080815.1	Bacteroidota	set_a_comp90	61	3941798	90.0	76.2638	0.25089085	25.923950910568237	20
genome_701	85.98833060487763	0.0	RS_GCF_032921125.1	Bacillota	set_a_comp90	6	2826930	90.0	87.201126	0.16098022	25.923950910568237	20
genome_702	86.63104543292674	0.0	RS_GCF_030285645.1	Actinomycetota	set_a_comp90	56	9016256	90.0	84.32233	1.1366844	25.923950910568237	20
genome_703	56.204822057702565	0.0	RS_GCF_002811555.3	Pseudomonadota	set_a_comp90	8	3007633	90.0	63.188408	0.10780394	25.923950910568237	20
genome_704	100.0	0.0	RS_GCF_003433315.1	Bacteroidota	set_a_comp90	4	2699630	90.0	99.92434	0.19982457	25.923950910568237	20
genome_705	88.98595666616484	0.0	RS_GCF_000961375.1	Pseudomonadota	set_a_comp90	50	4687192	90.0	86.08917	0.25750697	25.923950910568237	20
genome_706	92.88063926084814	0.0	RS_GCF_009931415.1	Actinomycetota	set_a_comp90	3	2140817	90.0	89.492256	0.5475372	25.923950910568237	20
genome_707	99.4957121620913	0.0	RS_GCF_036630095.1	Cyanobacteriota	set_a_comp90	5	2789025	90.0	99.974	0.31305552	25.923950910568237	20
genome_708	88.37515415971194	0.0	RS_GCF_037270985.1	Pseudomonadota	set_a_comp90	9	4460758	90.0	85.12863	0.38014054	25.923950910568237	20
genome_709	87.08598265045492	0.0	RS_GCF_023361275.1	Pseudomonadota	set_a_comp90	17	3699369	90.0	89.41524	0.29254556	25.923950910568237	20
genome_71	50.345757528199606	0.0	RS_GCF_036014155.1	Actinomycetota	set_a_comp50	14	5431035	50.0	53.2475	2.118975	25.923950910568237	20
genome_710	100.0	0.0	RS_GCF_964031045.1	Bacillota	set_a_comp90	4	1209723	90.0	99.941574	1.0378808	25.923950910568237	20
genome_711	88.62234732890617	0.0	RS_GCF_014495805.1	Pseudomonadota	set_a_comp90	17	2069712	90.0	88.41274	0.15717745	25.923950910568237	20
genome_712	81.63523733347525	0.0	RS_GCF_003429525.1	Spirochaetota	set_a_comp90	6	3467082	90.0	80.48015	1.0513395	25.923950910568237	20
genome_713	68.90708517149072	0.0	RS_GCF_000298475.2	Chlamydiota	set_a_comp90	3	791289	90.0	64.96936	2.3052335	25.923950910568237	20
genome_714	81.65448346239553	0.0	RS_GCF_016776265.1	Pseudomonadota	set_a_comp90	42	4156045	90.0	81.133865	0.14225245	25.923950910568237	20
genome_715	100.0	0.0	RS_GCF_004009355.1	Pseudomonadota	set_a_comp90	2	4103241	90.0	99.88728	0.25058985	25.923950910568237	20
genome_716	88.99687976627784	0.0	RS_GCF_034642355.1	Bacillota	set_a_comp90	14	2651452	90.0	93.293755	0.23545325	25.923950910568237	20
genome_717	69.33503599800598	0.0	RS_GCF_025914135.1	Bacteroidota	set_a_comp90	9	3801215	90.0	69.89114	0.33580363	25.923950910568237	20
genome_718	81.78298075426144	0.0	GB_GCA_030584065.1	Bacteroidota	set_a_comp90	11	3204478	90.0	81.757355	0.24702251	25.923950910568237	20
genome_719	54.72548267995138	0.0	RS_GCF_009763965.1	Pseudomonadota	set_a_comp90	4	2304246	90.0	60.963814	0.020882487	25.923950910568237	20
genome_72	54.60983727810651	0.0	RS_GCF_003382935.1	Pseudomonadota	set_a_comp50	6	2657970	50.0	52.72528	0.045248866	25.923950910568237	20
genome_720	100.0	0.0	RS_GCF_002240205.1	Bacteroidota_A	set_a_comp90	1	2468479	90.0	99.56497	1.0519326	25.923950910568237	20
genome_721	92.12444401908829	0.0	RS_GCF_001190825.1	Bacillota	set_a_comp90	9	1886669	90.0	89.37367	0.31762123	25.923950910568237	20
genome_722	85.82576087008846	0.0	RS_GCF_036014235.1	Actinomycetota	set_a_comp90	25	6953271	90.0	82.66067	0.43973625	25.923950910568237	20
genome_723	74.3806509750399	0.0	RS_GCF_030490165.1	Pseudomonadota	set_a_comp90	44	4475396	90.0	78.477036	0.23730993	25.923950910568237	20
genome_724	100.0	0.0	GB_GCA_011996705.1	Bacillota	set_a_comp90	3	1183547	90.0	99.96271	0.45936108	25.923950910568237	20
genome_725	73.61165568455733	0.0	RS_GCF_007362475.1	Bacteroidota	set_a_comp90	16	2237865	90.0	61.932766	8.183185	25.923950910568237	20
genome_726	100.0	0.0	RS_GCF_963678535.1	Pseudomonadota	set_a_comp90	4	4069707	90.0	98.852264	4.305306	25.923950910568237	20
genome_727	88.58108355471653	0.0	GB_GCA_016700375.1	Patescibacteriota	set_a_comp90	8	1113016	90.0	99.87545	1.289779	25.923950910568237	20
genome_728	68.45060609304717	0.0	RS_GCF_001655395.1	Spirochaetota	set_a_comp90	6	780059	90.0	69.39877	0.16820431	25.923950910568237	20
genome_729	72.77940409832779	0.0	RS_GCF_002906495.1	Campylobacterota	set_a_comp90	2	1215983	90.0	72.48686	0.6717831	25.923950910568237	20
genome_73	70.01397344972857	0.0	RS_GCF_018987365.1	Bacillota	set_a_comp50	3	1953093	50.0	70.04116	0.19450486	25.923950910568237	20
genome_730	81.62613040109437	0.0	RS_GCF_041861315.1	Pseudomonadota	set_a_comp90	55	4469882	90.0	80.52873	0.21890104	25.923950910568237	20
genome_731	81.6927414678599	0.0	RS_GCF_019047925.1	Pseudomonadota	set_a_comp90	38	4242050	90.0	81.656044	0.1386702	25.923950910568237	20
genome_732	60.03898802741495	0.0	RS_GCF_030162075.2	Pseudomonadota	set_a_comp90	10	3008723	90.0	62.491776	0.11835694	25.923950910568237	20
genome_733	79.60894306559602	0.0	RS_GCF_020309925.1	Actinomycetota	set_a_comp90	14	1574969	90.0	79.39574	0.19049644	25.923950910568237	20
genome_734	100.0	0.0	RS_GCF_014055005.1	Pseudomonadota	set_a_comp90	2	2755930	90.0	99.944824	1.9266486	25.923950910568237	20
genome_735	89.12335090652691	0.0	RS_GCF_031767055.1	Actinomycetota	set_a_comp90	48	7454335	90.0	83.443085	0.575614	25.923950910568237	20
genome_736	89.28508273698309	0.0	RS_GCF_034353045.1	Pseudomonadota	set_a_comp90	22	4978413	90.0	99.170395	0.6355196	25.923950910568237	20
genome_737	81.41634656457276	0.0	RS_GCF_014899345.1	Actinomycetota	set_a_comp90	20	3589019	90.0	81.98193	0.43972135	25.923950910568237	20
genome_738	83.61705962348238	0.0	GB_GCA_000184085.1	Campylobacterota	set_a_comp90	12	1428952	90.0	83.75998	1.4545083	25.923950910568237	20
genome_739	81.52982356059736	0.0	RS_GCF_027943965.1	Desulfobacterota	set_a_comp90	11	3418636	90.0	82.20108	0.20154417	25.923950910568237	20
genome_74	50.749549467533726	0.0	RS_GCF_037100415.1	Pseudomonadota	set_a_comp50	14	3679218	50.0	53.533226	1.0939032	25.923950910568237	20
genome_740	77.79955477494734	0.0	RS_GCF_025561465.1	Bacillota	set_a_comp90	16	2086770	90.0	78.85286	0.12298226	25.923950910568237	20
genome_741	71.89091005824869	0.0	RS_GCF_037955985.1	Fusobacteriota	set_a_comp90	3	1540413	90.0	73.159454	0.6093681	25.923950910568237	20
genome_742	100.0	0.0	RS_GCF_034017875.1	Bacillota	set_a_comp90	3	2817383	90.0	99.94403	0.5006343	25.923950910568237	20
genome_743	88.03055410767197	0.0	RS_GCF_000017885.4	Bacillota	set_a_comp90	5	3261216	90.0	87.56881	0.1428783	25.923950910568237	20
genome_744	77.0313219962776	0.0	RS_GCF_015277975.1	Pseudomonadota	set_a_comp90	34	4214540	90.0	75.8262	0.5267203	25.923950910568237	20
genome_745	100.0	0.0	RS_GCF_013342985.1	Pseudomonadota	set_a_comp90	4	1188809	90.0	99.923294	0.33543706	25.923950910568237	20
genome_746	65.7825878727068	0.0	RS_GCF_027920345.1	Pseudomonadota	set_a_comp90	20	3497030	90.0	68.54738	0.10203719	25.923950910568237	20
genome_747	90.14903551560552	0.0	RS_GCF_018516925.1	Bacillota	set_a_comp90	7	2652593	90.0	86.276764	0.13979971	25.923950910568237	20
genome_748	84.08962068500416	0.0	RS_GCF_009650115.1	Bacillota	set_a_comp90	4	829180	90.0	78.813965	0.70073307	25.923950910568237	20
genome_749	87.35460092197201	0.0	RS_GCF_003204075.1	Pseudomonadota	set_a_comp90	7	4490845	90.0	86.202576	0.12430251	25.923950910568237	20
genome_75	100.0	0.0	RS_GCF_001951015.1	Pseudomonadota	set_a_comp50	1	1268242	50.0	99.85387	0.26535988	25.923950910568237	20
genome_750	82.1805101880309	0.0	GB_GCA_017795105.1	Planctomycetota	set_a_comp90	25	5005107	90.0	89.22963	0.05133748	25.923950910568237	20
genome_751	78.01348791089094	0.0	RS_GCF_040735165.1	Actinomycetota	set_a_comp90	7	3434976	90.0	78.0423	0.38196445	25.923950910568237	20
genome_752	91.7695718176093	0.0	RS_GCF_001719125.1	Thermoproteota	set_a_comp90	2	2467057	90.0	93.359566	0.97361207	25.923950910568237	20
genome_753	89.32435090698291	0.0	GB_GCA_019670065.1	Pseudomonadota	set_a_comp90	37	4023217	90.0	99.64198	0.18725395	25.923950910568237	20
genome_754	88.16135327586503	0.0	RS_GCF_003173695.1	Bacillota	set_a_comp90	8	1646177	90.0	84.62758	0.38914382	25.923950910568237	20
genome_755	63.33867382163413	0.0	RS_GCF_000056065.1	Bacillota	set_a_comp90	3	1181265	90.0	63.689987	0.7025808	25.923950910568237	20
genome_756	88.5097393988667	0.0	RS_GCF_029958565.3	Spirochaetota	set_a_comp90	3	1008110	90.0	84.31923	0.81941783	25.923950910568237	20
genome_757	90.13504073250468	0.0	RS_GCF_041222695.1	Pseudomonadota	set_a_comp90	6	5352006	90.0	87.18523	0.58535933	25.923950910568237	20
genome_758	82.70156562236792	0.0	RS_GCF_003584685.1	Bacillota	set_a_comp90	10	1602452	90.0	80.16445	0.12561679	25.923950910568237	20
genome_759	76.64490873503573	0.0	RS_GCF_007005625.1	Campylobacterota	set_a_comp90	16	1683812	90.0	74.79036	0.13925731	25.923950910568237	20
genome_76	51.41920724907656	0.0	RS_GCF_020990505.1	Pseudomonadota	set_a_comp50	11	1452462	50.0	54.916233	0.20421147	25.923950910568237	20
genome_760	100.0	0.0	RS_GCF_000013225.1	Cyanobacteriota	set_a_comp90	3	3046682	90.0	99.91041	1.2387782	25.923950910568237	20
genome_761	100.0	0.0	RS_GCF_037897535.1	Fusobacteriota	set_a_comp90	6	2222684	90.0	98.92467	0.90875626	25.923950910568237	20
genome_762	83.62006567780791	0.0	RS_GCF_029371965.1	Pseudomonadota	set_a_comp90	3	3707263	90.0	80.90103	0.044739246	25.923950910568237	20
genome_763	88.10942009339723	0.0	RS_GCF_000023945.1	Halobacteriota	set_a_comp90	7	2746190	90.0	93.18652	0.5407661	25.923950910568237	20
genome_764	88.21288971823772	0.0	RS_GCF_000789395.1	Bacillota	set_a_comp90	11	2945102	90.0	90.186676	0.51730275	25.923950910568237	20
genome_765	89.80158225665595	0.0	RS_GCF_902164635.1	Pseudomonadota	set_a_comp90	42	5403680	90.0	87.09808	0.30870438	25.923950910568237	20
genome_766	86.54492212914488	0.0	GB_GCA_022179705.1	Actinomycetota	set_a_comp90	27	7203088	90.0	84.87619	0.19491017	25.923950910568237	20
genome_767	84.72818527083447	0.0	RS_GCF_002290065.1	Bacteroidota	set_a_comp90	22	6491283	90.0	86.89618	0.083470345	25.923950910568237	20
genome_768	88.32075669139363	0.0	RS_GCF_037651215.1	Campylobacterota	set_a_comp90	6	1519223	90.0	85.85409	0.9719491	25.923950910568237	20
genome_769	87.31966263249711	0.0	RS_GCF_900105785.1	Actinomycetota	set_a_comp90	9	3846680	90.0	84.58729	1.285708	25.923950910568237	20
genome_77	61.96693689879571	0.0	RS_GCF_034043455.1	Bacillota	set_a_comp50	3	1593934	50.0	62.905262	0.06908476	25.923950910568237	20
genome_770	85.59457165354446	0.0	RS_GCF_001605195.1	Pseudomonadota	set_a_comp90	10	3512244	90.0	83.419075	0.21073818	25.923950910568237	20
genome_771	91.2434696206364	0.0	RS_GCF_004353465.2	Spirochaetota	set_a_comp90	17	1410489	90.0	98.78643	0.35740137	25.923950910568237	20
genome_772	86.93510980694876	0.0	RS_GCF_011399095.1	Pseudomonadota	set_a_comp90	11	3582442	90.0	82.211395	2.5717826	25.923950910568237	20
genome_773	89.1630151022867	0.0	RS_GCF_037951045.1	Bacillota	set_a_comp90	22	2597439	90.0	87.4784	0.3144443	25.923950910568237	20
genome_774	100.0	0.0	RS_GCF_016757595.1	Campylobacterota	set_a_comp90	4	1675471	90.0	99.91104	1.0121226	25.923950910568237	20
genome_775	56.848997300168136	0.0	RS_GCF_017948265.1	Pseudomonadota	set_a_comp90	3	2611216	90.0	64.6643	0.14635026	25.923950910568237	20
genome_776	90.59697306472997	0.0	RS_GCF_003814385.1	Bacillota	set_a_comp90	7	1724941	90.0	90.71298	0.36756396	25.923950910568237	20
genome_777	73.81837977818635	0.0	GB_GCA_030316565.1	Pseudomonadota	set_a_comp90	7	3503861	90.0	74.44132	0.08724928	25.923950910568237	20
genome_778	90.78859510357186	0.0	RS_GCF_037623895.1	Pseudomonadota	set_a_comp90	9	4353689	90.0	87.77055	0.5037904	25.923950910568237	20
genome_779	100.0	0.0	RS_GCF_013374175.1	Campylobacterota	set_a_comp90	5	1715041	90.0	99.94228	0.4305333	25.923950910568237	20
genome_78	52.95324203227996	0.0	RS_GCF_000023945.1	Halobacteriota	set_a_comp50	7	1650444	50.0	57.916824	0.18717647	25.923950910568237	20
genome_780	65.79363649965622	0.0	RS_GCF_000222975.1	Pseudomonadota	set_a_comp90	6	3064938	90.0	65.18837	0.8223325	25.923950910568237	20
genome_781	89.51723096037327	0.0	RS_GCF_019243695.1	Pseudomonadota	set_a_comp90	7	3863339	90.0	98.59917	0.15491545	25.923950910568237	20
genome_782	88.3893106995994	0.0	GB_GCA_963662315.1	Desulfobacterota	set_a_comp90	31	4162425	90.0	99.377304	4.046893	25.923950910568237	20
genome_783	100.0	0.0	RS_GCF_040409895.1	Bacillota	set_a_comp90	2	2504756	90.0	99.893295	0.40963292	25.923950910568237	20
genome_784	100.0	0.0	RS_GCF_036670055.1	Bacillota	set_a_comp90	3	2737844	90.0	99.97061	0.24062395	25.923950910568237	20
genome_785	89.15498128597096	0.0	RS_GCF_023921525.1	Pseudomonadota	set_a_comp90	27	4077331	90.0	86.147545	0.22580326	25.923950910568237	20
genome_786	89.90367544678911	0.0	RS_GCF_009497795.1	Bacillota	set_a_comp90	5	3671391	90.0	88.72539	0.3584236	25.923950910568237	20
genome_787	100.0	0.0	RS_GCF_040790845.2	Pseudomonadota	set_a_comp90	1	2282939	90.0	99.966064	0.29185414	25.923950910568237	20
genome_788	78.54679763325235	0.0	GB_GCA_900636155.1	Pseudomonadota	set_a_comp90	12	3710114	90.0	78.57453	0.185135	25.923950910568237	20
genome_789	85.48790977204567	0.0	RS_GCF_015140235.1	Bacillota	set_a_comp90	7	2172653	90.0	76.62733	0.17277002	25.923950910568237	20
genome_79	53.66391734374339	0.0	RS_GCF_001558255.2	Pseudomonadota	set_a_comp50	1	2145719	50.0	52.83686	0.01591444	25.923950910568237	20
genome_790	90.40355128721984	0.0	RS_GCF_040369795.1	Bacillota	set_a_comp90	9	1410497	90.0	99.73288	0.21618903	25.923950910568237	20
genome_791	100.0	0.0	RS_GCF_040931905.1	Bacillota	set_a_comp90	5	2905017	90.0	99.812096	0.7624328	25.923950910568237	20
genome_792	84.17871954846595	0.0	RS_GCF_000834495.1	Pseudomonadota	set_a_comp90	15	4072787	90.0	84.77567	0.51689446	25.923950910568237	20
genome_793	99.93325405146165	0.0	RS_GCF_031582925.1	Bacillota	set_a_comp90	5	2867173	90.0	99.94208	0.45243204	25.923950910568237	20
genome_794	84.9537124691272	0.0	RS_GCF_009739885.1	Bacillota	set_a_comp90	10	2400543	90.0	83.87395	0.32435954	25.923950910568237	20
genome_795	62.92263722834517	0.0	GB_GCA_902167295.1	Bacteroidota	set_a_comp90	20	4005847	90.0	58.191174	0.08657277	25.923950910568237	20
genome_796	100.0	0.0	RS_GCF_002999135.1	Bacteroidota	set_a_comp90	6	2990835	90.0	99.778336	4.765794	25.923950910568237	20
genome_797	85.38480294117467	0.0	RS_GCF_009648935.1	Pseudomonadota	set_a_comp90	20	4198790	90.0	84.51654	0.2971381	25.923950910568237	20
genome_798	73.34640719201158	0.0	RS_GCF_024205445.1	Bacteroidota	set_a_comp90	25	3062024	90.0	76.30254	0.056791306	25.923950910568237	20
genome_799	100.0	0.0	RS_GCF_023822205.1	Bacillota	set_a_comp90	6	2508716	90.0	99.93518	0.29495656	25.923950910568237	20
genome_8	56.46459695386491	0.0	RS_GCF_947250595.1	Pseudomonadota	set_a_comp50	3	851306	50.0	56.997112	0.078976154	25.923950910568237	20
genome_80	59.62574891177567	0.0	RS_GCF_017352095.1	Halobacteriota	set_a_comp50	6	2139893	50.0	54.502525	0.054436922	25.923950910568237	20
genome_800	60.02440416811	0.0	RS_GCF_016629465.1	Bacillota	set_a_comp90	7	1614971	90.0	61.559654	0.06979704	25.923950910568237	20
genome_801	100.0	0.0	RS_GCF_002201955.1	Bacillota	set_a_comp90	6	3988630	90.0	99.93007	0.21111965	25.923950910568237	20
genome_802	95.90186896961406	0.0	RS_GCF_033128585.1	Campylobacterota	set_a_comp90	2	1704813	90.0	98.21601	0.79595745	25.923950910568237	20
genome_803	100.0	0.0	RS_GCF_020097755.1	Bacillota	set_a_comp90	3	2809575	90.0	99.9162	0.37575364	25.923950910568237	20
genome_804	100.0	0.0	RS_GCF_002813675.1	Methanobacteriota	set_a_comp90	1	2524329	90.0	99.894226	0.36031604	25.923950910568237	20
genome_805	100.0	0.0	RS_GCF_031757735.1	Bacillota	set_a_comp90	4	2666688	90.0	99.91406	0.63770115	25.923950910568237	20
genome_806	67.51594646003186	0.0	RS_GCF_018310575.1	Actinomycetota	set_a_comp90	33	5503877	90.0	65.94501	0.66992044	25.923950910568237	20
genome_807	91.99690839600729	0.0	RS_GCF_002073235.2	Pseudomonadota	set_a_comp90	11	2205590	90.0	99.948425	0.22287965	25.923950910568237	20
genome_808	92.6980407424382	0.0	RS_GCF_040436705.1	Pseudomonadota	set_a_comp90	7	4514402	90.0	95.04854	0.31563342	25.923950910568237	20
genome_809	83.0416757244993	0.0	RS_GCF_030064615.2	Pseudomonadota	set_a_comp90	57	4511391	90.0	84.80034	0.33816695	25.923950910568237	20
genome_81	52.37203722553439	0.0	RS_GCF_015571655.1	Pseudomonadota	set_a_comp50	8	2679609	50.0	52.13735	0.31968057	25.923950910568237	20
genome_810	100.0	0.0	RS_GCF_016618175.1	Pseudomonadota	set_a_comp90	7	5496148	90.0	99.70537	0.43660104	25.923950910568237	20
genome_811	94.10414247259496	0.0	RS_GCF_000590735.1	Chlamydiota	set_a_comp90	2	981302	90.0	89.40016	1.6413301	25.923950910568237	20
genome_812	100.0	0.0	RS_GCF_900636625.1	Pseudomonadota	set_a_comp90	4	2325350	90.0	99.975586	0.19834042	25.923950910568237	20
genome_813	83.86019726820967	0.0	RS_GCF_014844035.1	Bacteroidota	set_a_comp90	48	4665895	90.0	83.02851	0.5117655	25.923950910568237	20
genome_814	79.518290021788	0.0	GB_GCA_905219325.2	Pseudomonadota	set_a_comp90	12	4294526	90.0	81.372185	0.45550764	25.923950910568237	20
genome_815	91.4929433874197	0.0	RS_GCF_040271445.1	Bacillota	set_a_comp90	7	2979486	90.0	87.152855	0.29868186	25.923950910568237	20
genome_816	100.0	0.0	RS_GCF_022925835.1	Campylobacterota	set_a_comp90	2	1562288	90.0	99.90663	0.6350547	25.923950910568237	20
genome_817	73.27048455489907	0.0	RS_GCF_000011725.1	Campylobacterota	set_a_comp90	1	1164967	90.0	72.09031	0.6681651	25.923950910568237	20
genome_818	88.71759060951071	0.0	RS_GCF_020616155.1	Pseudomonadota	set_a_comp90	4	3450566	90.0	86.33269	0.06912947	25.923950910568237	20
genome_819	88.38658381499934	0.0	RS_GCF_016117655.1	Spirochaetota	set_a_comp90	7	2420083	90.0	99.86556	0.7673204	25.923950910568237	20
genome_82	60.73261083360367	0.0	RS_GCF_014168895.1	Pseudomonadota	set_a_comp50	8	3682401	50.0	67.873276	0.07303953	25.923950910568237	20
genome_820	78.95345685281126	0.0	RS_GCF_002776795.1	Chlamydiota	set_a_comp90	2	827208	90.0	76.36552	1.5791595	25.923950910568237	20
genome_821	80.72988040475735	0.0	RS_GCF_007289895.1	Pseudomonadota	set_a_comp90	18	3929933	90.0	99.60328	0.76079965	25.923950910568237	20
genome_822	69.38482802082513	0.0	RS_GCF_024663255.1	Pseudomonadota	set_a_comp90	9	4844414	90.0	69.25438	0.40681362	25.923950910568237	20
genome_823	93.9275653344738	0.0	RS_GCF_000190635.1	Bacillota	set_a_comp90	1	3199867	90.0	64.52852	15.034187	25.923950910568237	20
genome_824	100.0	0.0	RS_GCF_018847155.1	Verrucomicrobiota	set_a_comp90	4	2803334	90.0	99.40333	1.9461095	25.923950910568237	20
genome_825	85.43987128760318	0.0	RS_GCF_004919385.1	Pseudomonadota	set_a_comp90	23	4261094	90.0	84.15285	0.24298728	25.923950910568237	20
genome_826	91.76390032139167	0.0	RS_GCF_007035805.1	Pseudomonadota	set_a_comp90	6	4375601	90.0	91.57904	0.2557844	25.923950910568237	20
genome_827	88.8762626734599	0.0	RS_GCF_963920475.1	Cyanobacteriota	set_a_comp90	12	2853152	90.0	95.93131	0.7241547	25.923950910568237	20
genome_828	87.08697044582958	0.0	RS_GCF_038562025.1	Pseudomonadota	set_a_comp90	30	3347469	90.0	86.17114	0.16307235	25.923950910568237	20
genome_829	71.60735429632422	0.0	RS_GCF_002156705.1	Halobacteriota	set_a_comp90	19	2814560	90.0	68.89238	0.075787306	25.923950910568237	20
genome_83	100.0	0.0	RS_GCF_013341055.1	Chlamydiota	set_a_comp50	1	1046582	50.0	99.8014	0.7362604	25.923950910568237	20
genome_830	89.24769836822047	0.0	RS_GCF_000262165.1	Actinomycetota	set_a_comp90	36	5010032	90.0	85.67677	1.7228574	25.923950910568237	20
genome_831	100.0	0.0	RS_GCF_002777115.1	Chlamydiota	set_a_comp90	3	1043173	90.0	99.770905	0.62959194	25.923950910568237	20
genome_832	55.71729703153935	0.0	RS_GCF_024181125.1	Spirochaetota	set_a_comp90	7	1514044	90.0	58.620674	0.07368624	25.923950910568237	20
genome_833	80.98932475438659	0.0	RS_GCF_023273895.1	Bacteroidota	set_a_comp90	8	4207934	90.0	81.63545	0.08227527	25.923950910568237	20
genome_834	100.0	0.0	RS_GCF_900086925.1	Actinomycetota	set_a_comp90	4	2654663	90.0	99.83674	0.35951734	25.923950910568237	20
genome_835	100.0	0.0	RS_GCF_000019785.1	Pseudomonadota	set_a_comp100	1	4909403	100.0	99.96214	0.12798905	25.923950910568237	20
genome_836	100.0	0.0	RS_GCF_007844035.1	Campylobacterota	set_a_comp100	1	1663520	100.0	99.8796	0.51606596	25.923950910568237	20
genome_837	100.0	0.0	RS_GCF_030721705.1	Bacillota	set_a_comp100	2	2280129	100.0	99.9808	0.27806163	25.923950910568237	20
genome_838	100.0	0.0	RS_GCF_002953415.1	Deinococcota	set_a_comp100	4	3567228	100.0	99.61195	1.1345118	25.923950910568237	20
genome_839	100.0	0.0	RS_GCF_947250645.1	Pseudomonadota	set_a_comp100	1	1407591	100.0	99.81279	0.6639838	25.923950910568237	20
genome_84	55.52145802011143	0.0	RS_GCF_001887245.1	Actinomycetota	set_a_comp50	2	1481222	50.0	58.044212	0.0147640705	25.923950910568237	20
genome_840	100.0	0.0	GB_GCA_963678585.1	Pseudomonadota	set_a_comp100	4	4611796	100.0	99.938156	0.48481822	25.923950910568237	20
genome_841	100.0	0.0	RS_GCF_000239235.1	Bacillota	set_a_comp100	2	2868863	100.0	99.97511	0.42236745	25.923950910568237	20
genome_842	100.0	0.0	RS_GCF_009933595.1	Bacillota	set_a_comp100	1	1906794	100.0	99.89165	0.30404925	25.923950910568237	20
genome_843	100.0	0.0	RS_GCF_019047185.1	Pseudomonadota	set_a_comp100	4	4182371	100.0	99.69811	1.7820209	25.923950910568237	20
genome_844	100.0	0.0	RS_GCF_001433515.1	Campylobacterota	set_a_comp100	2	1631276	100.0	99.957436	0.44862032	25.923950910568237	20
genome_845	100.0	0.0	RS_GCF_000505685.1	Pseudomonadota	set_a_comp100	3	3925246	100.0	99.91	0.24545193	25.923950910568237	20
genome_846	100.0	0.0	RS_GCF_030717765.1	Pseudomonadota	set_a_comp100	4	5667461	100.0	99.906784	0.52458644	25.923950910568237	20
genome_847	100.0	0.0	RS_GCF_002305875.1	Myxococcota	set_a_comp100	1	12349744	100.0	77.374466	46.145905	25.923950910568237	20
genome_848	100.0	0.0	RS_GCF_035928085.1	Pseudomonadota	set_a_comp100	4	5625363	100.0	99.910934	0.95926523	25.923950910568237	20
genome_849	100.0	0.0	RS_GCF_000736435.1	Actinomycetota	set_a_comp100	6	10118052	100.0	99.80925	4.2244315	25.923950910568237	20
genome_85	50.64497725590693	0.0	RS_GCF_030127065.1	Pseudomonadota	set_a_comp50	27	2526449	50.0	53.254147	0.022307038	25.923950910568237	20
genome_850	100.0	0.0	RS_GCF_963556565.1	Actinomycetota	set_a_comp100	1	2510332	100.0	99.89855	0.5866319	25.923950910568237	20
genome_851	100.0	0.0	RS_GCF_900104945.1	Pseudomonadota	set_a_comp100	1	3537092	100.0	94.65607	0.038307905	25.923950910568237	20
genome_852	100.0	0.0	RS_GCF_022453725.1	Spirochaetota	set_a_comp100	5	5121101	100.0	99.87013	1.0974228	25.923950910568237	20
genome_853	100.0	0.0	RS_GCF_904830965.1	Pseudomonadota	set_a_comp100	5	5038778	100.0	99.86696	0.5822867	25.923950910568237	20
genome_854	100.0	0.0	RS_GCF_000816185.1	Campylobacterota	set_a_comp100	1	1465081	100.0	99.77879	0.544405	25.923950910568237	20
genome_855	100.0	0.0	RS_GCF_022919455.1	Bacteroidota	set_a_comp100	2	4964169	100.0	99.94367	0.19682646	25.923950910568237	20
genome_856	100.0	0.0	RS_GCF_012225445.1	Campylobacterota	set_a_comp100	2	1612572	100.0	99.65895	0.6327808	25.923950910568237	20
genome_857	100.0	0.0	RS_GCF_022870185.1	Actinomycetota	set_a_comp100	1	4387551	100.0	99.89784	0.38642287	25.923950910568237	20
genome_858	100.0	0.0	RS_GCF_001676825.1	Pseudomonadota	set_a_comp100	3	5495471	100.0	99.883545	0.59651434	25.923950910568237	20
genome_859	100.0	0.0	RS_GCF_002288385.1	Actinomycetota	set_a_comp100	1	1410107	100.0	99.75987	0.03681779	25.923950910568237	20
genome_86	51.94979919225759	0.0	RS_GCF_900174485.1	Pseudomonadota	set_a_comp50	26	1612115	50.0	53.69472	0.07342398	25.923950910568237	20
genome_860	100.0	0.0	RS_GCF_000191425.1	Pseudomonadota	set_a_comp100	1	2184862	100.0	99.97204	0.14140308	25.923950910568237	20
genome_861	100.0	0.0	RS_GCF_017742995.1	Pseudomonadota	set_a_comp100	2	5549631	100.0	99.883606	1.8988252	25.923950910568237	20
genome_862	100.0	0.0	RS_GCF_003717015.1	Pseudomonadota	set_a_comp100	2	5000436	100.0	99.85451	0.7093996	25.923950910568237	20
genome_863	100.0	0.0	RS_GCF_030297495.1	Pseudomonadota	set_a_comp100	4	3787795	100.0	99.91699	0.2977401	25.923950910568237	20
genome_864	100.0	0.0	RS_GCF_003076455.1	Bacteroidota	set_a_comp100	1	4621116	100.0	93.49009	15.218383	25.923950910568237	20
genome_865	100.0	0.0	RS_GCF_037904615.1	Fusobacteriota	set_a_comp100	1	2128951	100.0	99.5356	1.9002199	25.923950910568237	20
genome_866	100.0	0.0	RS_GCF_039555275.1	Pseudomonadota	set_a_comp100	1	2171074	100.0	99.97054	0.21741688	25.923950910568237	20
genome_867	100.0	0.0	GB_GCA_029448515.1	Pseudomonadota	set_a_comp100	5	5706345	100.0	99.883644	0.44018924	25.923950910568237	20
genome_868	100.0	0.0	RS_GCF_002935055.1	Pseudomonadota	set_a_comp100	3	5388594	100.0	99.90515	0.925982	25.923950910568237	20
genome_869	100.0	0.0	GB_GCA_018141785.1	Cyanobacteriota	set_a_comp100	1	3839796	100.0	60.72629	6.8475575	25.923950910568237	20
genome_87	93.55189692284225	0.0	RS_GCF_001693295.1	Cyanobacteriota	set_a_comp50	1	3091037	50.0	98.91844	0.34882128	25.923950910568237	20
genome_870	100.0	0.0	RS_GCF_019458445.1	Pseudomonadota	set_a_comp100	2	4056848	100.0	99.89128	0.26403964	25.923950910568237	20
genome_871	100.0	0.0	RS_GCF_025561465.1	Bacillota	set_a_comp100	2	2682239	100.0	99.92397	0.37444532	25.923950910568237	20
genome_872	100.0	0.0	RS_GCF_019857565.1	Pseudomonadota	set_a_comp100	2	6808768	100.0	99.863815	0.46128333	25.923950910568237	20
genome_873	100.0	0.0	RS_GCF_020995405.1	Pseudomonadota	set_a_comp100	1	5576491	100.0	99.89957	0.5641937	25.923950910568237	20
genome_874	100.0	0.0	GB_GCA_963665795.1	Thermoplasmatota	set_a_comp100	1	1595983	100.0	99.923004	0.8668244	25.923950910568237	20
genome_875	100.0	0.0	RS_GCF_003045505.1	Bacillota	set_a_comp100	1	2894817	100.0	99.87586	0.3991902	25.923950910568237	20
genome_876	100.0	0.0	RS_GCF_000626195.1	Pseudomonadota	set_a_comp100	1	4711924	100.0	99.771805	0.6976932	25.923950910568237	20
genome_877	100.0	0.0	RS_GCF_017751165.1	Spirochaetota	set_a_comp100	2	3035657	100.0	99.89023	0.33316314	25.923950910568237	20
genome_878	100.0	0.0	RS_GCF_029537135.1	Bacillota	set_a_comp100	1	4044377	100.0	99.94348	0.18052757	25.923950910568237	20
genome_879	100.0	0.0	RS_GCF_036236015.1	Pseudomonadota	set_a_comp100	2	7136351	100.0	99.93851	1.2066036	25.923950910568237	20
genome_88	50.69848149117345	0.0	RS_GCF_014900595.1	Actinomycetota	set_a_comp50	7	2241571	50.0	51.968098	0.12526512	25.923950910568237	20
genome_880	100.0	0.0	GB_GCA_020735665.1	Bacillota	set_a_comp100	1	2960832	100.0	99.95485	1.0593802	25.923950910568237	20
genome_881	100.0	0.0	RS_GCF_033304595.1	Bacillota	set_a_comp100	1	3203634	100.0	96.908646	0.012475252	25.923950910568237	20
genome_882	100.0	0.0	GB_GCA_002073515.2	Bacillota	set_a_comp100	2	2311542	100.0	99.974106	0.99651515	25.923950910568237	20
genome_883	100.0	0.0	RS_GCF_030370155.1	Pseudomonadota	set_a_comp100	1	2828637	100.0	99.96469	0.41677952	25.923950910568237	20
genome_884	100.0	0.0	RS_GCF_000785005.1	Pseudomonadota	set_a_comp100	4	5473580	100.0	99.861465	0.27437806	25.923950910568237	20
genome_885	100.0	0.0	GB_GCA_000597885.1	Bacteroidota	set_a_comp100	1	6665617	100.0	99.79708	10.695398	25.923950910568237	20
genome_886	100.0	0.0	RS_GCF_014884745.1	Pseudomonadota	set_a_comp100	2	5430180	100.0	95.20494	0.25169253	25.923950910568237	20
genome_887	100.0	0.0	RS_GCF_035621415.1	Bacillota	set_a_comp100	1	1982227	100.0	99.873505	0.29751956	25.923950910568237	20
genome_888	100.0	0.0	GB_GCA_963665885.1	Bacteroidota	set_a_comp100	5	4049390	100.0	99.80899	1.505208	25.923950910568237	20
genome_889	100.0	0.0	RS_GCF_000827065.1	Bacillota	set_a_comp100	1	4195102	100.0	99.92972	0.55541694	25.923950910568237	20
genome_89	56.01232248512803	0.0	RS_GCF_019139835.1	Pseudomonadota	set_a_comp50	17	3353516	50.0	56.86195	0.008928776	25.923950910568237	20
genome_890	100.0	0.0	RS_GCF_002447255.1	Actinomycetota	set_a_comp100	1	4411342	100.0	99.867165	0.45431256	25.923950910568237	20
genome_891	100.0	0.0	RS_GCF_014055005.1	Pseudomonadota	set_a_comp100	1	2755930	100.0	99.944824	1.9266486	25.923950910568237	20
genome_892	100.0	0.0	RS_GCF_001683415.1	Pseudomonadota	set_a_comp100	2	4088961	100.0	99.86084	0.21546185	25.923950910568237	20
genome_893	100.0	0.0	RS_GCF_041765085.1	Bacillota	set_a_comp100	1	2888436	100.0	99.85982	0.27020276	25.923950910568237	20
genome_894	100.0	0.0	RS_GCF_000192335.1	Campylobacterota	set_a_comp100	1	1562832	100.0	98.3674	1.2818903	25.923950910568237	20
genome_895	100.0	0.0	RS_GCF_041438725.1	Actinomycetota	set_a_comp100	4	9111388	100.0	99.91265	0.66410303	25.923950910568237	20
genome_896	100.0	0.0	RS_GCF_008642335.1	Actinomycetota	set_a_comp100	1	8048154	100.0	89.14855	0.9785503	25.923950910568237	20
genome_897	100.0	0.0	RS_GCF_002777155.1	Chlamydiota	set_a_comp100	1	1048306	100.0	99.667175	0.7763386	25.923950910568237	20
genome_898	100.0	0.0	RS_GCF_002874965.1	Pseudomonadota	set_a_comp100	1	6890566	100.0	99.901215	0.18734932	25.923950910568237	20
genome_899	100.0	0.0	GB_GCA_030584065.1	Bacteroidota	set_a_comp100	1	3918270	100.0	99.702324	0.41995347	25.923950910568237	20
genome_9	50.76001370986878	0.0	RS_GCF_026210475.1	Pseudomonadota	set_a_comp50	7	2945664	50.0	50.887115	0.027897954	25.923950910568237	20
genome_90	54.71071086313796	0.0	RS_GCF_019802745.1	Bacteroidota	set_a_comp50	8	1408414	50.0	58.667328	0.067174435	25.923950910568237	20
genome_900	100.0	0.0	RS_GCF_002968335.2	Actinomycetota	set_a_comp100	1	5987044	100.0	96.17421	2.5381565	25.923950910568237	20
genome_901	100.0	0.0	RS_GCF_030177875.1	Pseudomonadota	set_a_comp100	1	2201616	100.0	99.95889	0.12726784	25.923950910568237	20
genome_902	100.0	0.0	RS_GCF_003028755.1	Pseudomonadota	set_a_comp100	1	4709905	100.0	99.86656	0.696975	25.923950910568237	20
genome_903	100.0	0.0	RS_GCF_018310575.1	Actinomycetota	set_a_comp100	1	8151966	100.0	99.84766	0.77112913	25.923950910568237	20
genome_904	100.0	0.0	RS_GCF_002215485.1	Thermoproteota	set_a_comp100	1	2286709	100.0	99.91458	0.8388221	25.923950910568237	20
genome_905	100.0	0.0	RS_GCF_034043215.1	Bacillota	set_a_comp100	2	2755661	100.0	99.92729	0.44961572	25.923950910568237	20
genome_906	100.0	0.0	RS_GCF_016766735.1	Actinomycetota	set_a_comp100	1	2609136	100.0	99.92441	0.30349493	25.923950910568237	20
genome_907	100.0	0.0	RS_GCF_001605195.1	Pseudomonadota	set_a_comp100	1	4103349	100.0	99.88791	0.25570393	25.923950910568237	20
genome_908	100.0	0.0	RS_GCF_001305655.1	Halobacteriota	set_a_comp100	2	2253500	100.0	99.83363	2.3122728	25.923950910568237	20
genome_909	100.0	0.0	RS_GCF_018798845.1	Pseudomonadota	set_a_comp100	4	5092092	100.0	99.90257	0.44377148	25.923950910568237	20
genome_91	50.15402571156618	0.0	RS_GCF_002220635.1	Pseudomonadota	set_a_comp50	55	2737334	50.0	52.595745	0.03424585	25.923950910568237	20
genome_910	100.0	0.0	RS_GCF_900104925.1	Verrucomicrobiota	set_a_comp100	1	4150883	100.0	99.9501	1.1283368	25.923950910568237	20
genome_911	100.0	0.0	RS_GCF_020978285.1	Bacillota	set_a_comp100	7	2483413	100.0	99.940384	2.2834957	25.923950910568237	20
genome_912	100.0	0.0	RS_GCF_037893165.1	Bacteroidota	set_a_comp100	1	8110254	100.0	99.22128	1.0317445	25.923950910568237	20
genome_913	100.0	0.0	RS_GCF_001703555.1	Bacillota	set_a_comp100	1	2666320	100.0	99.94878	0.2734959	25.923950910568237	20
genome_914	100.0	0.0	RS_GCF_000292915.1	Pseudomonadota	set_a_comp100	2	6467321	100.0	86.55501	0.43836534	25.923950910568237	20
genome_915	100.0	0.0	RS_GCF_022869865.1	Actinomycetota	set_a_comp100	1	3464001	100.0	99.93805	0.17839074	25.923950910568237	20
genome_916	100.0	0.0	RS_GCF_024734295.1	Pseudomonadota	set_a_comp100	6	5539763	100.0	99.90861	0.4062444	25.923950910568237	20
genome_917	100.0	0.0	RS_GCF_030533745.1	Bacillota	set_a_comp100	1	2802475	100.0	99.9606	0.25503337	25.923950910568237	20
genome_918	100.0	0.0	RS_GCF_018987365.1	Bacillota	set_a_comp100	1	2789576	100.0	99.95333	0.2761215	25.923950910568237	20
genome_919	100.0	0.0	RS_GCF_900636705.1	Pseudomonadota	set_a_comp100	1	4938759	100.0	99.91037	1.5898705	25.923950910568237	20
genome_92	57.51745987921409	0.0	RS_GCF_000164155.2	Actinomycetota	set_a_comp50	6	3024876	50.0	57.804016	0.32714605	25.923950910568237	20
genome_920	100.0	0.0	RS_GCF_000468915.2	Campylobacterota	set_a_comp100	1	1718982	100.0	99.896255	0.46563447	25.923950910568237	20
genome_921	100.0	0.0	RS_GCF_031326265.1	Pseudomonadota	set_a_comp100	5	5904377	100.0	99.91702	0.6550729	25.923950910568237	20
genome_922	100.0	0.0	RS_GCF_001650215.1	Actinomycetota	set_a_comp100	1	11142275	100.0	98.39766	4.337949	25.923950910568237	20
genome_923	100.0	0.0	RS_GCF_022637495.1	Pseudomonadota	set_a_comp100	1	3520644	100.0	99.96739	0.12319684	25.923950910568237	20
genome_924	100.0	0.0	RS_GCF_000292795.1	Pseudomonadota	set_a_comp100	2	6300486	100.0	99.924385	0.23489296	25.923950910568237	20
genome_925	100.0	0.0	RS_GCF_001509195.1	Bacillota	set_a_comp100	1	801203	100.0	99.80203	0.27789474	25.923950910568237	20
genome_926	100.0	0.0	RS_GCF_029277625.1	Pseudomonadota	set_a_comp100	4	5667095	100.0	99.8988	0.6238133	25.923950910568237	20
genome_927	100.0	0.0	RS_GCF_030734165.1	Pseudomonadota	set_a_comp100	2	5551558	100.0	99.89969	0.45287013	25.923950910568237	20
genome_928	100.0	0.0	RS_GCF_024298785.1	Pseudomonadota	set_a_comp100	7	5078207	100.0	99.90296	0.6668806	25.923950910568237	20
genome_929	100.0	0.0	RS_GCF_024137905.1	Pseudomonadota	set_a_comp100	1	4892265	100.0	99.94624	1.2314796	25.923950910568237	20
genome_93	68.73272369599414	0.0	RS_GCF_000014405.1	Bacillota	set_a_comp50	4	1276333	50.0	69.72766	0.6413996	25.923950910568237	20
genome_930	100.0	0.0	RS_GCF_016803835.1	Bacillota	set_a_comp100	1	3782236	100.0	99.938324	0.27858913	25.923950910568237	20
genome_931	100.0	0.0	RS_GCF_016105505.1	Pseudomonadota	set_a_comp100	1	7157191	100.0	99.92733	1.4638156	25.923950910568237	20
genome_932	100.0	0.0	RS_GCF_004771435.1	Actinomycetota	set_a_comp100	1	2337519	100.0	99.94504	0.24967492	25.923950910568237	20
genome_933	100.0	0.0	RS_GCF_013127315.1	Actinomycetota	set_a_comp100	1	4220771	100.0	99.83328	0.26906133	25.923950910568237	20
genome_934	100.0	0.0	RS_GCF_902381645.1	Fusobacteriota	set_a_comp100	1	2268272	100.0	99.60841	2.5854468	25.923950910568237	20
genome_935	100.0	0.0	RS_GCF_014302295.1	Bacillota	set_a_comp100	1	5090475	100.0	99.95748	1.920861	25.923950910568237	20
genome_936	100.0	0.0	RS_GCF_002290065.1	Bacteroidota	set_a_comp100	1	7661303	100.0	99.77388	0.25148392	25.923950910568237	20
genome_937	100.0	0.0	RS_GCF_040194315.2	Pseudomonadota	set_a_comp100	1	5059542	100.0	99.906555	0.16258061	25.923950910568237	20
genome_938	100.0	0.0	RS_GCF_032929295.1	Pseudomonadota	set_a_comp100	1	5384305	100.0	98.817505	1.1899233	25.923950910568237	20
genome_939	100.0	0.0	RS_GCF_013394675.1	Bacteroidota	set_a_comp100	1	4533039	100.0	99.97686	0.109148026	25.923950910568237	20
genome_94	100.0	0.0	RS_GCF_028472845.1	Actinomycetota	set_a_comp50	1	2551932	50.0	98.54751	0.19666255	25.923950910568237	20
genome_940	100.0	0.0	RS_GCF_028748185.1	Planctomycetota	set_a_comp100	1	6955728	100.0	99.884155	0.41469038	25.923950910568237	20
genome_941	100.0	0.0	RS_GCF_007752345.1	Planctomycetota	set_a_comp100	1	5214061	100.0	98.46274	0.1779139	25.923950910568237	20
genome_942	100.0	0.0	RS_GCF_016776265.1	Pseudomonadota	set_a_comp100	1	5089794	100.0	99.91348	0.31513572	25.923950910568237	20
genome_943	100.0	0.0	GB_GCA_000306725.1	Halobacteriota	set_a_comp100	1	3072769	100.0	99.32146	9.719912	25.923950910568237	20
genome_944	100.0	0.0	RS_GCF_015475955.1	Pseudomonadota	set_a_comp100	2	2538293	100.0	99.948135	0.42696893	25.923950910568237	20
genome_945	100.0	0.0	RS_GCF_002847305.1	Pseudomonadota	set_a_comp100	4	3954736	100.0	98.097725	0.017794967	25.923950910568237	20
genome_946	100.0	0.0	RS_GCF_029910515.1	Pseudomonadota	set_a_comp100	1	4486416	100.0	99.87009	0.079235435	25.923950910568237	20
genome_947	100.0	0.0	RS_GCF_000317495.1	Cyanobacteriota	set_a_comp100	9	5620407	100.0	91.78709	0.16939044	25.923950910568237	20
genome_948	100.0	0.0	RS_GCF_012275165.1	Bacillota	set_a_comp100	2	3905529	100.0	99.928406	0.13112426	25.923950910568237	20
genome_949	100.0	0.0	RS_GCF_003999795.1	Pseudomonadota	set_a_comp100	7	4986450	100.0	99.89882	0.58946013	25.923950910568237	20
genome_95	50.02410213199585	0.0	RS_GCF_002863865.1	Pseudomonadota	set_a_comp50	29	2458436	50.0	53.02662	0.83604455	25.923950910568237	20
genome_950	100.0	0.0	RS_GCF_009362935.1	Bacillota	set_a_comp100	1	1894710	100.0	99.98265	0.42601824	25.923950910568237	20
genome_951	100.0	0.0	GB_GCA_000200715.1	Thermoproteota	set_a_comp100	1	2045086	100.0	92.638794	0.25990307	25.923950910568237	20
genome_952	100.0	0.0	RS_GCF_001565875.1	Bacillota	set_a_comp100	3	4193748	100.0	99.92576	0.4123181	25.923950910568237	20
genome_953	100.0	0.0	RS_GCF_002214485.1	Methanobacteriota_B	set_a_comp100	1	1785673	100.0	99.441696	1.1518896	25.923950910568237	20
genome_954	100.0	0.0	RS_GCF_002238335.1	Campylobacterota	set_a_comp100	1	1738633	100.0	99.98586	0.5128741	25.923950910568237	20
genome_955	100.0	0.0	RS_GCF_018846995.1	Verrucomicrobiota	set_a_comp100	1	3163055	100.0	99.8575	1.7044276	25.923950910568237	20
genome_956	100.0	0.0	RS_GCF_031326285.1	Pseudomonadota	set_a_comp100	4	5742704	100.0	99.89139	0.6352484	25.923950910568237	20
genome_957	100.0	0.0	RS_GCF_020388215.1	Bacillota	set_a_comp100	1	2766976	100.0	99.94133	0.2445221	25.923950910568237	20
genome_958	100.0	0.0	RS_GCF_016117655.1	Spirochaetota	set_a_comp100	1	2738066	100.0	99.88507	4.3528976	25.923950910568237	20
genome_959	100.0	0.0	RS_GCF_016406445.1	Bacillota	set_a_comp100	7	3113138	100.0	99.90086	0.12651384	25.923950910568237	20
genome_96	51.28949595919375	0.0	RS_GCF_000147835.2	Pseudomonadota	set_a_comp50	16	2345582	50.0	54.280956	0.008916855	25.923950910568237	20
genome_960	100.0	0.0	RS_GCF_022870925.1	Pseudomonadota	set_a_comp100	1	3727721	100.0	99.89252	1.2199581	25.923950910568237	20
genome_961	100.0	0.0	RS_GCF_030845215.1	Bacillota	set_a_comp100	1	2188538	100.0	99.95767	2.4049222	25.923950910568237	20
genome_962	100.0	0.0	RS_GCF_014844095.1	Bacillota	set_a_comp100	1	5490698	100.0	99.92236	0.9294182	25.923950910568237	20
genome_963	100.0	0.0	RS_GCF_026153095.1	Actinomycetota	set_a_comp100	2	8804882	100.0	99.717026	2.3537369	25.923950910568237	20
genome_964	100.0	0.0	RS_GCF_002012225.1	Pseudomonadota	set_a_comp100	9	5597549	100.0	99.76822	1.7630696	25.923950910568237	20
genome_965	100.0	0.0	RS_GCF_002886405.1	Actinomycetota	set_a_comp100	1	4411413	100.0	99.85513	0.47235787	25.923950910568237	20
genome_966	100.0	0.0	RS_GCF_037969915.1	Bacillota	set_a_comp100	1	5219956	100.0	99.95685	1.2541652	25.923950910568237	20
genome_967	100.0	0.0	RS_GCF_037494685.1	Bacillota	set_a_comp100	4	3529143	100.0	99.9099	0.75624585	25.923950910568237	20
genome_968	100.0	0.0	RS_GCF_030490205.1	Pseudomonadota	set_a_comp100	2	5506118	100.0	99.83254	0.24840236	25.923950910568237	20
genome_969	100.0	0.0	RS_GCF_021166435.1	Pseudomonadota	set_a_comp100	2	5563075	100.0	99.898056	0.43524802	25.923950910568237	20
genome_97	100.0	0.0	RS_GCF_026016765.1	Bacillota	set_a_comp50	1	818830	50.0	99.815155	0.24117231	25.923950910568237	20
genome_970	100.0	0.0	RS_GCF_011306595.1	Bacillota	set_a_comp100	6	2569240	100.0	99.90289	0.35859644	25.923950910568237	20
genome_971	100.0	0.0	RS_GCF_031767055.1	Actinomycetota	set_a_comp100	1	8364065	100.0	97.62717	0.594604	25.923950910568237	20
genome_972	100.0	0.0	RS_GCF_963920465.1	Cyanobacteriota	set_a_comp100	1	2816659	100.0	99.328735	1.2494624	25.923950910568237	20
genome_973	100.0	0.0	RS_GCF_037889195.1	Fusobacteriota	set_a_comp100	1	2148184	100.0	99.535904	2.2981496	25.923950910568237	20
genome_974	100.0	0.0	GB_GCA_022409555.1	Pseudomonadota	set_a_comp100	1	4128172	100.0	99.906044	0.23636818	25.923950910568237	20
genome_975	100.0	0.0	RS_GCF_033344055.1	Bacillota	set_a_comp100	1	1985497	100.0	99.96657	0.4731387	25.923950910568237	20
genome_976	100.0	0.0	RS_GCF_000021185.1	Bacillota	set_a_comp100	1	2976212	100.0	99.91234	0.54045916	25.923950910568237	20
genome_977	100.0	0.0	RS_GCF_003950275.1	Campylobacterota	set_a_comp100	1	1754322	100.0	99.91664	0.45313835	25.923950910568237	20
genome_978	100.0	0.0	RS_GCF_022918835.1	Pseudomonadota	set_a_comp100	3	5405505	100.0	99.920685	0.5242914	25.923950910568237	20
genome_979	100.0	0.0	RS_GCF_039862785.1	Pseudomonadota	set_a_comp100	6	3177540	100.0	99.90666	0.2742052	25.923950910568237	20
genome_98	50.67367502231177	0.0	RS_GCF_001558355.2	Pseudomonadota	set_a_comp50	15	2509068	50.0	52.770042	0.04979372	25.923950910568237	20
genome_980	100.0	0.0	RS_GCF_014109785.1	Pseudomonadota	set_a_comp100	2	6824624	100.0	99.94619	0.42148232	25.923950910568237	20
genome_981	100.0	0.0	RS_GCF_030316195.1	Pseudomonadota	set_a_comp100	2	4705865	100.0	99.85932	0.6750047	25.923950910568237	20
genome_982	100.0	0.0	RS_GCF_025144995.1	Bacteroidota	set_a_comp100	1	2857445	100.0	99.96478	0.33854842	25.923950910568237	20
genome_983	100.0	0.0	RS_GCF_003390475.1	Bacillota	set_a_comp100	1	2950983	100.0	99.86095	0.40366352	25.923950910568237	20
genome_984	100.0	0.0	RS_GCF_901544215.1	Bacillota	set_a_comp100	1	2193653	100.0	99.964775	0.12233257	25.923950910568237	20
genome_985	100.0	0.0	RS_GCF_021497545.1	Bacillota	set_a_comp100	3	4178076	100.0	99.92765	0.39090216	25.923950910568237	20
genome_986	100.0	0.0	RS_GCF_000875755.1	Bacillota	set_a_comp100	1	895051	100.0	99.51838	0.053712726	25.923950910568237	20
genome_987	100.0	0.0	RS_GCF_023735495.1	Pseudomonadota	set_a_comp100	4	5314178	100.0	99.92059	0.8115828	25.923950910568237	20
genome_988	100.0	0.0	GB_GCA_024397275.1	Bacillota	set_a_comp100	1	4240317	100.0	99.93121	0.40483177	25.923950910568237	20
genome_989	100.0	0.0	RS_GCF_002741845.3	Spirochaetota	set_a_comp100	17	1432067	100.0	99.25641	0.38259923	25.923950910568237	20
genome_99	66.06219320399762	0.0	RS_GCF_000046705.1	Pseudomonadota	set_a_comp50	2	1275692	50.0	67.276764	0.06967187	25.923950910568237	20
genome_990	100.0	0.0	RS_GCF_019175445.1	Bacillota	set_a_comp100	3	2671769	100.0	99.91499	0.229761	25.923950910568237	20
genome_991	100.0	0.0	RS_GCF_012151035.1	Bacteroidota	set_a_comp100	5	6283774	100.0	99.92822	0.53425133	25.923950910568237	20
genome_992	100.0	0.0	RS_GCF_015767915.1	Actinomycetota	set_a_comp100	3	7880370	100.0	99.08115	0.0662446	25.923950910568237	20
genome_993	100.0	0.0	RS_GCF_001697745.1	Pseudomonadota	set_a_comp100	1	2174042	100.0	99.97175	0.21242201	25.923950910568237	20
genome_994	100.0	0.0	RS_GCF_019974355.1	Deinococcota	set_a_comp100	4	2424205	100.0	98.367805	5.2964807	25.923950910568237	20
genome_995	100.0	0.0	RS_GCF_026723845.1	Pseudomonadota	set_a_comp100	2	2463826	100.0	99.97588	0.428167	25.923950910568237	20
genome_996	100.0	0.0	RS_GCF_001583825.1	Bacillota	set_a_comp100	1	1986568	100.0	99.96272	0.23469627	25.923950910568237	20
genome_997	100.0	0.0	RS_GCF_001729265.2	Pseudomonadota	set_a_comp100	2	3921189	100.0	99.96127	0.26966333	25.923950910568237	20
genome_998	100.0	0.0	RS_GCF_041320635.1	Pseudomonadota	set_a_comp100	7	5491323	100.0	99.868004	0.27736425	25.923950910568237	20
genome_999	100.0	0.0	GB_GCA_002848525.1	Actinomycetota	set_a_comp100	1	8027164	100.0	99.94179	0.30636787	25.923950910568237	20
