bin,stage,method,1_completeness_arc,1_contamination_arc,1_completeness_bac,1_contamination_bac,2_completeness,2_contamination,2_num_markers,3_completeness,3_contamination,coding_density,knn_score,taxonomy,taxonomy_level,notes
genome_309,3,markers + neural network,0.44927537,0.028985508,0.8981481,0.0,0.8262429299416604,0.016516516516516516,999.0,0.8153593022088078,0.004646983735817185,0.0012963930413426531,0.5731061,Enterobacterales,order,
genome_55,2,markers,0.19565217,0.02173913,0.46296296,0.0,0.585314468478032,0.004679019099069003,1781.0,0.6041051777452253,0.0,0.0013662449312691989,0.49002862,Salmonella enterica,species,
genome_386,3,markers + neural network,0.49275362,0.07971015,0.9074074,0.009259259,0.8312834061403326,0.013368983957219251,748.0,0.8180234123560615,0.0,0.0010966900315522881,0.5376025,Bacteroidaceae,family,
genome_232,3,markers + neural network,0.4347826,0.04347826,0.9074074,0.0,0.7703592965387375,0.010521281227319792,697.0,0.759126619472469,0.0,0.001256216667384746,0.52156293,Rhodobacterales,order,
genome_170,3,markers + neural network,0.3768116,0.057971016,0.6666667,0.0,0.6892651174950788,0.003937007874015748,635.0,0.6759362724295536,0.0,0.001084652322547465,0.50627416,Alistipes,genus,
genome_277,3,markers + neural network,0.442029,0.08695652,0.8611111,0.0,0.8039385065686103,0.0022346368715083797,895.0,0.8054054037047533,0.0,0.0013144082289725035,0.69139147,Campylobacter,genus,
genome_51,2,markers,0.34057972,0.0,0.49074075,0.0,0.508085082425138,0.0026707580948786406,1676.0,0.5763819072560461,0.0,0.001439583649655222,0.4429723,Salmonella,genus,
genome_326,3,markers + neural network,0.4057971,0.057971016,0.75,0.0,0.7717863872451624,0.0019004835947349142,1447.0,0.7752093491311856,0.0,0.0013482824528009262,0.60079134,Serratia,genus,
genome_142,2,markers,0.35507247,0.050724637,0.7222222,0.018518519,0.5877771353097743,0.004361210877373012,1949.0,0.6030826156251211,0.0,0.0013733890307479702,0.50521344,Salmonella enterica,species,
genome_562,3,markers + neural network,0.5,0.057971016,1.0,0.009259259,1.0,0.0,1459.0,0.9975759687203771,0.004148505217071698,0.0013124595878063298,0.907666,Staphylococcus aureus,species,
genome_495,3,markers + neural network,0.4710145,0.072463766,0.9351852,0.037037037,0.8684712383762222,0.013742071881606765,946.0,0.8615568802064975,0.0,0.001154217895451406,0.5996783,Shewanella,genus,
genome_38,3,markers + neural network,0.24637681,0.04347826,0.6574074,0.0,0.6858176293972469,-2.618891384806554e-10,899.0,0.6908362428593615,0.0,0.0013208772881496155,0.6085099,Campylobacter,genus,
genome_22,2,markers,0.41304347,0.02173913,0.6388889,0.0,0.5123512691921658,0.0045138888888888885,1440.0,0.5765320320720608,0.0,0.0013116827668401116,0.4306084,Citrobacter,genus,
genome_452,3,markers + neural network,0.98550725,0.0,0.5092593,0.018518519,0.9962476547842402,0.006566604127579738,533.0,1.0,0.00403600597641994,0.0011047300652080368,0.7264451,Sulfolobaceae,family,
genome_73,3,markers + neural network,0.4710145,0.050724637,0.9074074,0.009259259,0.796486744231001,0.006212510302624543,778.0,0.7830362903694865,0.0,0.001376601490063938,0.61150074,Listeria,genus,
genome_327,3,markers + neural network,0.442029,0.11594203,0.8981481,0.0,0.8997435349684495,0.0038461536169052124,1040.0,0.8917663422452535,0.01430818285793916,0.0013167947823522692,0.8082013,Campylobacter,genus,
genome_499,3,markers + neural network,0.46376812,0.036231883,0.8796296,0.0,0.863239734299517,-3.6262805962536914e-10,1035.0,0.8563764757459088,0.0,0.0012956821509259215,0.71293646,Enterococcus,genus,
genome_531,3,markers + neural network,0.5,0.0942029,1.0,0.018518519,0.9958041958041958,0.012703962259359294,715.0,0.9987538453407558,0.0,0.0011003419635550345,0.638183,Mycobacterium,genus,
genome_126,3,markers + neural network,0.1594203,0.036231883,0.3611111,0.009259259,0.6030518510467813,0.0008183303454243545,1833.0,0.6102888604885545,0.0,0.001431635970649838,0.50978285,Escherichia coli,species,
genome_544,3,markers + neural network,0.5,0.07971015,1.0,0.009259259,0.999735783081861,-1.5747594627098823e-11,757.0,0.9981248894325971,0.0,0.0012366160054488892,0.67263484,Mycobacterium,genus,
genome_115,3,markers + neural network,0.4347826,0.014492754,0.7962963,0.027777778,0.6668488132497652,0.012295081967213115,732.0,0.6591270192364782,0.0,0.0010341229588134856,0.43904358,Nostocales,order,
genome_528,3,markers + neural network,0.51449275,0.08695652,1.0,0.0,1.0,0.0074537870922327465,1118.0,0.999294645261125,0.0,0.0013282927447885009,0.7411061,Stutzerimonas,genus,
genome_593,3,markers + neural network,0.47826087,0.07971015,1.0,0.0,0.9987599206349206,0.0,1008.0,1.0,0.0,0.0013171884483433988,0.85852027,Campylobacter,genus,
genome_532,3,markers + neural network,0.5072464,0.07971015,1.0,0.0,0.9985687022900763,0.003180661729273905,1048.0,1.0,0.0,0.001279421277943179,0.71580863,Pseudomonas,genus,
genome_480,3,markers + neural network,0.442029,0.072463766,0.8888889,0.009259259,0.7932591463258754,0.006762653121149353,764.0,0.8084011499726544,0.007480098203433587,0.001221958992075643,0.5493688,Roseobacteraceae,family,
genome_438,3,markers + neural network,0.49275362,0.07971015,0.9166667,0.018518519,0.816474822383599,0.012416107382550336,745.0,0.8151128337268174,0.0,0.0011196018209505931,0.49815837,Nitrobacteraceae,family,
genome_398,3,markers + neural network,0.48550725,0.07971015,0.9351852,0.009259259,0.887853176310911,0.005084745762711864,590.0,0.8846102250843157,0.0,0.0011658820758973275,0.53322756,Paenibacillus,genus,
genome_307,3,markers + neural network,0.28985506,0.014492754,0.6203704,0.0,0.7491582491582491,0.0,297.0,0.7297701144181921,0.0,0.00093977919551616,0.5122809,Bacteria,superkingdom,
genome_281,3,markers + neural network,0.35507247,0.04347826,0.712963,0.009259259,0.7347222222222223,0.027777777777777776,180.0,0.6941479933355865,0.07459360055008726,0.0008458705778673045,0.41051835,Bacteria,superkingdom,
genome_566,3,markers + neural network,0.46376812,0.072463766,0.962963,0.018518519,0.9946524064171123,0.00267379679144385,374.0,0.9957396439700299,0.0,0.0009859934351334073,0.6227054,Coriobacteriales,order,
genome_406,3,markers + neural network,0.47826087,0.06521739,0.8796296,0.009259259,0.8165809611734817,-2.834668598108299e-10,778.0,0.8063629865697192,0.02158914438573191,0.0013674830727297973,0.66839224,Listeria,genus,
genome_92,2,markers,0.19565217,0.028985508,0.3888889,0.0,0.5651914513629416,0.003532608177350915,1840.0,0.5887642923275497,0.0,0.001377043864657254,0.4644353,Klebsiella,genus,
genome_581,3,markers + neural network,1.0,0.007246377,0.5648148,0.027777778,0.9945054945054945,0.010073260073260074,546.0,1.0,0.0,0.0010860372042825325,0.6720801,Methanobacteriaceae,family,
genome_594,3,markers + neural network,0.5,0.072463766,1.0,0.0,0.9970657276995305,0.020931143156239684,852.0,0.9980080295015392,0.001449733239385853,0.0013096792851472053,0.6490287,Paracoccus,genus,
genome_212,3,markers + neural network,0.41304347,0.04347826,0.8518519,0.009259259,0.7927112632475192,-1.5219385021823388e-10,718.0,0.7665506297300511,0.013379628662767679,0.0012409084462813265,0.76093084,Wolbachia,genus,
genome_105,3,markers + neural network,0.3768116,0.04347826,0.787037,0.0,0.6666979682176633,0.010338345864661654,532.0,0.651865176813774,0.0,0.0011637615703099368,0.45683038,Fusobacterium,genus,
genome_397,3,markers + neural network,0.48550725,0.050724637,0.9444444,0.0,0.829293447827536,0.0009920633146687158,1008.0,0.8190057991252278,0.0,0.0012730962165754022,0.6917578,Staphylococcus,genus,
genome_120,2,markers,0.32608697,0.02173913,0.44444445,0.0,0.5818109226634941,0.003209700427960057,1402.0,0.6051334560303469,0.0,0.0012965896790153929,0.50846475,Vibrio,genus,
genome_6,3,markers + neural network,0.42753622,0.02173913,0.7777778,0.0,0.6669859319811123,0.006130268290581831,522.0,0.6616962048892323,0.0,0.0011478854172940662,0.47964838,Micrococcaceae,family,
genome_509,3,markers + neural network,0.4710145,0.057971016,0.9537037,0.009259259,0.9857825330304327,0.015566625155666251,803.0,0.9911994362028281,0.0,0.0010691131612834746,0.6636281,Acetobacteraceae,family,
genome_218,3,markers + neural network,0.4347826,0.057971016,0.8240741,0.0,0.8076632185662462,-1.3567066337342328e-10,659.0,0.8059267029998849,0.0,0.0011854549672090575,0.5447265,Bacillaceae,family,
genome_590,3,markers + neural network,0.5072464,0.0942029,1.0,0.018518519,0.9992315573770492,0.006117657071254293,1952.0,1.0,0.0004119084239485246,0.0014279703003895697,0.8238311,Enterobacteriaceae,family,
genome_300,3,markers + neural network,0.46376812,0.04347826,0.8611111,0.0,0.8064772237942913,0.002812148213252442,889.0,0.7980174580080684,0.0,0.0011356736891090053,0.64244163,Enterococcus,genus,
genome_98,2,markers,0.4347826,0.028985508,0.6944444,0.018518519,0.5532525428255698,0.005639097744360902,1064.0,0.5909199559486966,0.0,0.001230310094284433,0.42771536,Pseudomonas,genus,
genome_356,3,markers + neural network,0.21014492,0.02173913,0.5092593,0.0,0.6220009222741605,0.006855184437376674,778.0,0.6363405641386061,0.06391630661355986,0.001332438456844753,0.5576712,Listeria,genus,
genome_494,3,markers + neural network,0.47826087,0.072463766,0.9814815,0.0,0.8128186394186581,0.004656862745098039,1020.0,0.8033506114232403,0.0,0.0011865468502636645,0.5773372,Bacillales,order,
genome_540,3,markers + neural network,0.48550725,0.10144927,0.9907407,0.009259259,0.9970059880239521,0.01147704638406902,668.0,1.0,0.0,0.0011897358820346482,0.60625553,Rhodobacterales,order,
genome_589,3,markers + neural network,0.49275362,0.08695652,1.0,0.009259259,0.9976717112922002,0.002328288707799767,859.0,0.9994918108710227,0.0,0.0014531833177456653,0.8039412,Streptococcus,genus,
genome_59,3,markers + neural network,0.5,0.06521739,1.0,0.0,0.9998254189944135,0.0005819367130375442,1432.0,1.0,0.008507007490349557,0.0012051077677651192,0.85855573,Acinetobacter baumannii,species,
genome_385,3,markers + neural network,0.44927537,0.04347826,0.8981481,0.018518519,0.8495254788110265,0.0035587186490937906,562.0,0.8450994376295904,0.0,0.0011538021839675834,0.6427555,Campylobacterales,order,
genome_13,3,markers + neural network,0.2536232,0.10869565,0.5833333,0.0,0.6553362796181127,0.0021929824561403508,456.0,0.6431805866247339,0.0,0.001232986302778802,0.43712714,Lachnospiraceae,family,
genome_235,3,markers + neural network,0.39130434,0.050724637,0.7592593,0.037037037,0.7078020828886328,0.012750455373406194,549.0,0.6799913697743474,0.0,0.0010457642771453314,0.41787356,Mycobacteriales,order,
genome_497,3,markers + neural network,0.49275362,0.10144927,0.9351852,0.018518519,0.8990323984667603,0.007740325070499035,1335.0,0.8935507330415419,0.0,0.0012765903197374737,0.6726781,Vibrio,genus,
genome_489,3,markers + neural network,0.5217391,0.08695652,1.0,0.0,0.9662587935705784,0.0015387573616393233,1733.0,0.9609068549050007,0.0,0.0013752187467138241,0.7679741,Klebsiella,genus,
genome_474,3,markers + neural network,0.44927537,0.10144927,0.8518519,0.018518519,0.8024962841151569,0.015418502202643172,454.0,0.7866043059294536,0.0,0.00120456365984834,0.50991076,Peptostreptococcaceae,family,
genome_449,3,markers + neural network,0.5,0.050724637,1.0,0.0,1.0,0.022727272727272728,440.0,1.0,0.009404005292884245,0.0012232687716765471,0.6597409,Lactobacillales,order,
genome_363,3,markers + neural network,0.4710145,0.036231883,0.8888889,0.0,0.7916802966524435,0.0009823179783661849,1018.0,0.781427323828914,0.0,0.0012993329863910175,0.65238553,Enterococcus,genus,
genome_74,2,markers,0.22463769,0.02173913,0.3611111,0.0,0.48978161685681215,0.0002519521898873719,1323.0,0.5715301830793327,1.7763271643871092e-05,0.001107229255812573,0.43413156,Xanthomonas,genus,
genome_177,2,markers,0.18115942,0.036231883,0.3611111,0.009259259,0.5437293729372937,-1.9671498753358728e-10,606.0,0.5928787636081506,0.0,0.0012123222150200097,0.42609298,Mycobacteriaceae,family,
genome_417,3,markers + neural network,0.5,0.10144927,1.0,0.018518519,0.9988726042841037,0.005762244829868115,887.0,1.0,0.0,0.00137791485834384,0.8249696,Streptococcus,genus,
genome_171,2,markers,0.3768116,0.072463766,0.6203704,0.0,0.5785028603882035,0.0032626427406199023,613.0,0.5985201863702845,0.0,0.001070595344927792,0.37581196,Streptomyces,genus,
genome_108,3,markers + neural network,0.42028984,0.028985508,0.8240741,0.027777778,0.6134417271097378,0.004127967099287193,1292.0,0.6093112582848773,0.0,0.001252939452585798,0.46953192,Pseudomonas,genus,
genome_224,3,markers + neural network,0.42753622,0.057971016,0.8518519,0.0,0.7572383073496659,0.0200445434298441,449.0,0.723020167837564,0.008895823956216818,0.0009990724095738947,0.46859032,Desulfovibrionales,order,
genome_401,2,markers,0.1884058,0.028985508,0.3888889,0.0,0.5542294679574631,0.0025125626643099377,398.0,0.6290708412792859,0.010491221117110698,0.0008495690575941338,0.39736864,Treponema,genus,
genome_355,3,markers + neural network,0.36956522,0.007246377,0.75,0.0,0.7961448598130841,0.002336448598130841,428.0,0.7955359455685972,0.0,0.0011921728472479548,0.55626863,Negativicutes,class,
genome_455,3,markers + neural network,0.45652175,0.04347826,0.8518519,0.0,0.7162815318388097,-2.567006790139417e-10,680.0,0.7179370440088253,0.007798563827486081,0.001085399846635935,0.5576571,Neisseriaceae,family,
genome_559,3,markers + neural network,0.5,0.08695652,1.0,0.018518519,0.98101328125,0.02293333435058594,625.0,0.9857911771069701,0.0,0.0011044661851361444,0.597881,Cyanophyceae,class,
genome_251,3,markers + neural network,0.34057972,0.028985508,0.7222222,0.0,0.7473096547636596,0.0010482177169567884,477.0,0.7413329132717241,0.0,0.0012333763576409084,0.5146909,Microbacteriaceae,family,
genome_10,3,markers + neural network,0.47826087,0.02173913,0.9074074,0.009259259,0.9725609756097561,0.0040650406504065045,246.0,0.968667732610408,0.007814931279842667,0.00136841326649635,0.625424,Gammaproteobacteria,class,
genome_323,3,markers + neural network,0.5,0.06521739,0.9537037,0.0,0.8180698378946771,0.0031120329476985696,1928.0,0.8070399539642323,0.008688191780773756,0.001371534395800956,0.65711623,Klebsiella pneumoniae,species,
genome_252,3,markers + neural network,0.442029,0.057971016,0.8055556,0.009259259,0.7231067527811941,0.004472271914132379,1118.0,0.7127009141723623,0.0,0.001377631811845731,0.5607528,Stutzerimonas,genus,
genome_66,2,markers,0.18115942,0.057971016,0.42592594,0.0,0.566361717233991,-2.662069041558274e-10,773.0,0.5935398481465856,0.0,0.001232353751483637,0.40130207,Burkholderiaceae,family,
genome_49,3,markers + neural network,0.442029,0.028985508,0.8240741,0.018518519,0.710355962364419,0.02912621359223301,206.0,0.6726900819497473,0.12885622162819133,0.0009477166416368462,0.39280805,Bacteria,superkingdom,
genome_345,3,markers + neural network,0.34057972,0.028985508,0.6111111,0.0,0.6795576996413258,0.007255936675461741,758.0,0.6669295119324453,0.0,0.0009995323997012064,0.5097432,Sphingobacterium,genus,
genome_339,3,markers + neural network,0.47826087,0.072463766,0.9537037,0.0,0.9854619601904522,0.002304147465437788,434.0,0.9861172614875864,0.0,0.0010504354930481595,0.616996,Bacteroidales,order,
genome_542,3,markers + neural network,0.5072464,0.07971015,1.0,0.0,0.9988995693007238,0.0016421195272868995,1969.0,1.0,0.01874626936611016,0.0013909143121500706,0.86264086,Salmonella enterica,species,
genome_493,3,markers + neural network,0.35507247,0.04347826,0.6296296,0.0,0.6638418079096046,0.02824858757062147,177.0,0.6397031609018539,0.08471041193424439,0.0007270139601709065,0.35009196,Bacteria,superkingdom,
genome_231,3,markers + neural network,0.45652175,0.10144927,0.7592593,0.083333336,0.6168200721038631,0.02147239263803681,652.0,0.6396762346875625,0.0,0.001176141224941527,0.38423592,Streptomyces,genus,
genome_424,2,markers,0.2826087,0.036231883,0.537037,0.018518519,0.5485527829295781,0.014005602240896359,357.0,0.627460441930736,0.007740903779830159,0.0010708675313883683,0.36084455,Eubacteriales,order,
genome_78,2,markers,0.41304347,0.04347826,0.5555556,0.009259259,0.5278810408921933,0.022304832713754646,269.0,0.6082599667835193,0.06391328533704518,0.0009107079780650983,0.3416685,Bacteria,superkingdom,
genome_546,3,markers + neural network,0.5,0.057971016,1.0,0.009259259,1.0,0.00715648854961832,1048.0,1.0,0.0005036110721734488,0.001259866803700561,0.8385131,Staphylococcus,genus,
genome_9,3,markers + neural network,0.1594203,0.007246377,0.44444445,0.0,0.6000500928174268,0.0030030028240100757,666.0,0.6088462829551209,0.0,0.0011612636386614183,0.42966628,Mycobacteriales,order,
genome_507,3,markers + neural network,0.47826087,0.16666667,1.0,0.0,0.9990384615384615,0.005048076923076923,1040.0,0.9979692599007548,0.014605592114964122,0.0013042464389269536,0.88306147,Campylobacter,genus,
genome_196,3,markers + neural network,0.32608697,0.050724637,0.6851852,0.0,0.691597804550297,0.03305785123966942,363.0,0.6707090675441831,0.054698761686691445,0.000969342564306502,0.46319777,Bacteroidales,order,
genome_358,3,markers + neural network,0.4710145,0.072463766,0.9537037,0.0,0.9930555881598057,0.00534188021451999,624.0,0.9979177907377437,0.0,0.0011645628284616778,0.75094754,Helicobacter,genus,
genome_256,3,markers + neural network,0.29710144,0.007246377,0.5555556,0.009259259,0.6587410887880751,0.006156837329876863,1543.0,0.6501415027453756,0.005602821769861634,0.0012714940115942598,0.5466458,Aeromonas,genus,
genome_221,3,markers + neural network,0.35507247,0.06521739,0.7685185,0.0,0.7277718037616467,0.0043969849246231155,1194.0,0.7211226104947812,0.0,0.0012192970572153438,0.5673134,Pseudoalteromonas,genus,
genome_412,3,markers + neural network,0.45652175,0.050724637,0.8703704,0.0,0.7510355965035861,0.005122950819672131,976.0,0.7490153246783033,0.0,0.0012186842464454305,0.59076726,Acinetobacter,genus,
genome_26,3,markers + neural network,0.5,0.06521739,1.0,0.009259259,0.9981511474222464,0.009059694414093452,1262.0,0.9977299037718661,0.0006980244361067256,0.0012503084476218856,0.837721,Enterococcus faecalis,species,
genome_191,3,markers + neural network,0.5072464,0.08695652,1.0,0.027777778,0.9904761904761905,0.027645501636323476,840.0,0.9938077488234596,0.029931432623724063,0.0013202099604352172,0.73882025,Streptococcus,genus,
genome_157,3,markers + neural network,0.19565217,0.014492754,0.3888889,0.0,0.6007418307069501,0.00741839762611276,674.0,0.6192221866933637,0.0,0.001130067382376009,0.44737664,Micrococcaceae,family,
genome_516,3,markers + neural network,0.48550725,0.07971015,0.9537037,0.0,0.9931972789115646,0.0011337868480725624,441.0,1.0,0.0,0.000961685035155243,0.6234808,Bacteroidales,order,
genome_335,3,markers + neural network,0.47826087,0.050724637,1.0,0.009259259,0.9748010610079576,0.02210433160594667,377.0,0.9573782108777237,0.05853219088736537,0.001022439219309966,0.5475705,Bacteria,superkingdom,
genome_35,2,markers,0.2173913,0.014492754,0.4722222,0.0,0.5023792102202588,0.0036576444769568397,1367.0,0.5972523720180596,0.0,0.0012786241677055642,0.46336812,Staphylococcus,genus,
genome_176,2,markers,0.23913044,0.057971016,0.5740741,0.0,0.5963445046577311,-7.385953723884444e-11,269.0,0.6256756071595102,0.018603419610677387,0.0010046187451019626,0.40874234,Bacteria,superkingdom,
genome_52,3,markers + neural network,0.5072464,0.06521739,1.0,0.009259259,0.9984641915973407,0.004361016215995988,1758.0,1.0,0.0,0.0014373665687408155,0.7914854,Escherichia coli,species,
genome_222,3,markers + neural network,0.4710145,0.072463766,0.8888889,0.0,0.7083751277618302,0.015084335019211845,1437.0,0.700587333356886,0.0,0.001315929956296014,0.5323973,Bacillus,genus,
genome_246,3,markers + neural network,0.442029,0.0942029,0.6481481,0.018518519,0.6975208589400368,0.005028735632183908,1392.0,0.7015503946836608,0.0,0.0013465485869583952,0.5253167,Enterobacteriaceae,family,
genome_350,3,markers + neural network,0.23188406,0.057971016,0.35185185,0.0,0.7301566781724284,0.001686340372772817,1779.0,0.7215204300203668,0.0,0.0013537943008885712,0.60097855,Klebsiella,genus,
genome_184,2,markers,0.3043478,0.02173913,0.49074075,0.0,0.5367159060679884,0.0001433684620805966,1395.0,0.5933515714525982,0.0,0.0011930866325725897,0.4847499,Acinetobacter baumannii,species,
genome_188,2,markers,0.13768116,0.007246377,0.30555555,0.0,0.5053709923626972,0.0016611294690952745,602.0,0.5845003587737021,0.0,0.0010671188667572343,0.34905213,Streptomyces,genus,
genome_150,3,markers + neural network,0.3188406,0.036231883,0.6666667,0.0,0.7485380116959064,0.02534113153379563,171.0,0.722938406874255,0.08795277423326722,0.0008664567446260987,0.41474286,Bacteria,superkingdom,
genome_416,3,markers + neural network,0.5,0.057971016,0.9722222,0.009259259,0.9479717813051146,0.04409171075837742,567.0,0.9394257447479173,0.030509927121897602,0.001271664319988143,0.5246515,Bacillales,order,
genome_437,3,markers + neural network,0.442029,0.036231883,0.9351852,0.009259259,1.0,0.0,231.0,1.0,0.0,0.0010676132901217726,0.6888434,Bacteria,superkingdom,
genome_146,3,markers + neural network,0.4710145,0.072463766,0.7962963,0.018518519,0.6439928638198297,0.0009904911892160938,1262.0,0.6316485293525831,0.0,0.0013277890552644016,0.55692935,Enterococcus faecalis,species,
genome_591,3,markers + neural network,0.49275362,0.06521739,1.0,0.009259259,1.0,0.013281920268786903,778.0,1.0,0.028759493939742975,0.0013605966217875882,0.7770436,Listeria,genus,
genome_8,2,markers,0.2826087,0.057971016,0.5740741,0.009259259,0.49934641520182294,0.00392156862745098,255.0,0.6024580337691243,0.018365808244766933,0.0010249500068091083,0.33288237,Eubacteriales,order,
genome_62,2,markers,0.5289855,0.0,0.28703704,0.0,0.5180859716559268,0.0024330900243309003,411.0,0.6108487644587267,0.0,0.0010393321294658324,0.39508393,Halobacteriales,order,
genome_194,3,markers + neural network,0.57246375,0.014492754,0.2962963,0.027777778,0.6173853942745765,0.026694045174537988,487.0,0.6307748593462866,0.03242680790632333,0.0010005392795259828,0.42490727,Halobacteria,class,
genome_530,3,markers + neural network,0.5217391,0.08695652,1.0,0.009259259,0.9986910994764397,0.007169866312236686,1910.0,1.0,0.0,0.0013583998435306118,0.8123978,Klebsiella pneumoniae,species,
genome_220,3,markers + neural network,0.18115942,0.028985508,0.4351852,0.018518519,0.6339098852385515,0.0031446540880503146,318.0,0.643117616363061,0.0028519266021932305,0.000780264190471581,0.44922575,Bacteria,superkingdom,
genome_311,3,markers + neural network,0.51449275,0.07971015,0.9166667,0.018518519,0.8081494930641636,0.014004870595912097,958.0,0.8124801782561193,0.0,0.0010809938569367756,0.56947905,Bacteroides,genus,
genome_302,3,markers + neural network,0.45652175,0.072463766,0.7407407,0.009259259,0.8217854675186077,0.005010702842449627,1713.0,0.8074993212236496,0.0,0.0013145190294979404,0.65523016,Enterobacter hormaechei,species,
genome_211,3,markers + neural network,0.26811594,0.057971016,0.6018519,0.0,0.7025060282125102,0.003517315759287252,1232.0,0.6927839231935596,0.0,0.0012183293686339881,0.5799446,Acinetobacter,genus,
genome_460,3,markers + neural network,0.5,0.08695652,0.9351852,0.009259259,0.9128959276018099,0.007918552036199095,442.0,0.9134977198364815,0.0,0.0011327660139550935,0.53905725,Eubacteriales,order,
genome_213,3,markers + neural network,0.4057971,0.007246377,0.7407407,0.0,0.6905338564398569,0.004655493482309125,537.0,0.6809347161429122,0.0,0.0009915370506943838,0.4885904,Prevotellaceae,family,
genome_53,2,markers,0.41304347,0.06521739,0.6481481,0.009259259,0.5290552716332275,0.0011547340669477784,866.0,0.5971045658569507,0.0,0.0014613014157473984,0.48469162,Streptococcus,genus,
genome_346,3,markers + neural network,0.42753622,0.057971016,0.75,0.009259259,0.6813833679374105,0.0014326645002665696,1396.0,0.6654644444161655,0.0,0.0013517457729398702,0.5150792,Enterobacter,genus,
genome_336,3,markers + neural network,0.4710145,0.057971016,0.8333333,0.0,0.8057124059152951,0.0009143153203567617,1914.0,0.7969505351637962,0.0,0.0014055999249077541,0.6520237,Salmonella enterica,species,
genome_43,2,markers,0.29710144,0.014492754,0.5092593,0.0,0.42042227407030297,0.001218026796589525,821.0,0.5592365584153759,0.017251591173495735,0.0012611520017437,0.36555544,Pseudomonas,genus,
genome_560,3,markers + neural network,0.5,0.057971016,1.0,0.0,1.0,0.004455445544554455,1010.0,1.0,0.012041821968642077,0.0012612006918039122,0.8039754,Staphylococcus,genus,
genome_268,3,markers + neural network,0.41304347,0.06521739,0.7962963,0.0,0.735246610240776,0.00210084008569477,952.0,0.7257566044648823,0.0,0.0012535001258348404,0.5371989,Pseudomonas,genus,
genome_136,3,markers + neural network,0.49275362,0.072463766,1.0,0.0,0.9976771196283392,0.011006028533120327,861.0,1.0,0.022724476805617025,0.0011376094336774066,0.7507416,Orbaceae,family,
genome_482,3,markers + neural network,0.47826087,0.07971015,0.9814815,0.0,0.9975845410628019,0.005273752166453191,828.0,1.0,0.005738380053690352,0.001134571105089748,0.77554363,Fusobacterium,genus,
genome_236,3,markers + neural network,0.42028984,0.06521739,0.7962963,0.009259259,0.6979836245790997,0.003780718336483932,529.0,0.6873986708381103,0.0,0.0009845328978506473,0.47652566,Prevotellaceae,family,
genome_333,3,markers + neural network,0.49275362,0.050724637,0.9814815,0.009259259,0.9741342519784902,0.006926407132829939,770.0,0.9784013388368367,0.0,0.001262381229016942,0.74099714,Synechococcales,order,
genome_207,3,markers + neural network,0.36956522,0.04347826,0.6944444,0.0,0.7503396311113911,0.003320682659547288,1054.0,0.7323307394527793,0.0,0.0013869519400981438,0.6464487,Streptococcus agalactiae,species,
genome_234,2,markers,0.26811594,0.02173913,0.537037,0.0,0.5847003150532264,0.0009541983026584596,1048.0,0.6130224384509677,0.0032463548377256457,0.0012107513857068553,0.5426785,Staphylococcus,genus,
genome_257,3,markers + neural network,0.42753622,0.050724637,0.7962963,0.0,0.6035115463928606,-2.49914660594329e-10,636.0,0.6277912045841729,0.0,0.0012589311980398714,0.51474124,Lactobacillus,genus,
genome_131,2,markers,0.42028984,0.014492754,0.7314815,0.0,0.5056152890660002,0.00985663082437276,558.0,0.6184594594881498,0.0,0.0012366185525047885,0.3557058,Hyphomicrobiales,order,
genome_301,3,markers + neural network,0.49275362,0.06521739,0.9351852,0.009259259,0.8457124291396723,0.0021777003484320556,1148.0,0.839171116480173,0.0,0.0012520323920169032,0.5787445,Pseudomonas,genus,
genome_549,3,markers + neural network,0.5,0.057971016,1.0,0.009259259,0.9970681651196719,0.009816998880512821,1478.0,0.9976752614971884,0.00807860295000122,0.0013110743295578794,0.8807019,Staphylococcus aureus,species,
genome_209,3,markers + neural network,0.26811594,0.02173913,0.537037,0.0,0.6209893048128342,0.02406417112299465,374.0,0.6378270559405651,0.042655676983053746,0.0009071909352621172,0.39337477,Bacteroidales,order,
genome_240,3,markers + neural network,0.46376812,0.07971015,0.9259259,0.0,0.8291803800142729,0.0022435896671735324,1040.0,0.8145699514237237,0.0009331438666039249,0.0013417810369987255,0.75519323,Campylobacter,genus,
genome_316,3,markers + neural network,0.46376812,0.036231883,0.9444444,0.0,0.8486277873070326,0.008576329331046312,583.0,0.8430493637493468,0.0,0.001130976499852358,0.566946,Micrococcaceae,family,
genome_349,3,markers + neural network,0.45652175,0.050724637,0.7962963,0.0,0.7008076806425523,0.009911894273127754,454.0,0.7072421060453602,0.0,0.001203472583067607,0.5012589,Eubacteriales,order,
genome_143,3,markers + neural network,0.4710145,0.036231883,0.787037,0.009259259,0.687072450464422,0.0017755678431554275,1408.0,0.6810815054261947,0.0,0.001292046055105212,0.61271834,Staphylococcus aureus,species,
genome_165,3,markers + neural network,0.39130434,0.04347826,0.7685185,0.0,0.6755189441499256,0.005494505494505495,546.0,0.6733709666488705,0.0,0.0009010252568502713,0.5008048,Weeksellaceae,family,
genome_520,3,markers + neural network,0.5072464,0.0942029,1.0,0.027777778,0.9893333333333333,0.030666666666666665,375.0,0.9780979085071088,0.01304267442055334,0.0009455142382313,0.48161647,Actinomycetes,class,
genome_179,2,markers,0.18115942,0.04347826,0.35185185,0.0,0.5943464487638853,0.007405515832482125,1958.0,0.5995958344122939,0.0025938112779067685,0.0013518666270377854,0.49868214,Salmonella enterica,species,
genome_578,3,markers + neural network,0.5,0.057971016,1.0,0.009259259,1.0,0.0032919847783241564,1048.0,1.0,0.0,0.0012745433151735118,0.83362955,Staphylococcus,genus,
genome_399,3,markers + neural network,0.44927537,0.0942029,0.9166667,0.0,0.7954277646225111,0.007964601769911504,565.0,0.7975396397758164,0.0,0.0009381610625156159,0.5294889,Prevotellaceae,family,
genome_82,2,markers,0.41304347,0.007246377,0.712963,0.0,0.5330515322477921,0.0024154589371980675,414.0,0.6066955625994914,0.0,0.001118111501926515,0.35711166,Bacillales,order,
genome_503,3,markers + neural network,0.49275362,0.072463766,0.9722222,0.009259259,0.9864635951627935,0.005076142131979695,394.0,0.9867488943982818,0.0,0.0009109419178029316,0.58441013,Bacteroidales,order,
genome_134,2,markers,0.34057972,0.014492754,0.6666667,0.009259259,0.5959600995266958,0.0020818869162565466,1441.0,0.6071735379582075,0.0,0.0013067349729959364,0.5623988,Staphylococcus aureus,species,
genome_249,3,markers + neural network,0.4057971,0.04347826,0.7685185,0.027777778,0.6232884138959893,0.006336405529953917,868.0,0.6108822145383833,0.0,0.0010969526511645062,0.45898262,Methylobacteriaceae,family,
genome_114,3,markers + neural network,0.39130434,0.028985508,0.6944444,0.0,0.6317703872363957,0.007716870675891432,1879.0,0.6167466480266358,0.0003536776458174448,0.0013797536445498274,0.52253497,Salmonella enterica,species,
genome_27,2,markers,0.23188406,0.02173913,0.41666666,0.0,0.5645454545454546,0.01090909090909091,550.0,0.6266208185672114,0.0007812623341896599,0.0011270192883065754,0.40454414,Mycobacteriales,order,
genome_337,3,markers + neural network,0.4057971,0.036231883,0.787037,0.009259259,0.8253043411124465,0.0028490025093752436,1404.0,0.8057611460748897,0.0,0.001304176540614864,0.73289514,Staphylococcus,genus,
genome_69,2,markers,0.22463769,0.007246377,0.4722222,0.0,0.47935480370743727,0.001433691499908338,1395.0,0.5773040837106855,0.0002276720671413046,0.0013389648246733665,0.42134535,Enterobacter,genus,
genome_28,3,markers + neural network,0.5,0.0942029,1.0,0.018518519,1.0,0.0002641310168521718,1262.0,1.0,0.0,0.0012433894835797562,0.8550015,Enterococcus faecalis,species,
genome_95,3,markers + neural network,0.42028984,0.014492754,0.7962963,0.0,0.6123332868303571,0.0015584408153187146,1925.0,0.6086529714140164,0.0,0.0014015801680223759,0.5129733,Salmonella enterica,species,
genome_36,2,markers,0.39130434,0.007246377,0.7314815,0.0,0.5931405059562241,0.0049586776859504135,605.0,0.6200526930287763,0.0019150457248999012,0.0010952246382568086,0.4515472,Flavobacteriaceae,family,
genome_244,3,markers + neural network,0.41304347,0.072463766,0.8148148,0.0,0.9601500520558632,0.031223629765034393,711.0,0.9647423864322517,0.032444655711510624,0.0012109152295815872,0.64298207,Xanthomonadaceae,family,
genome_173,3,markers + neural network,0.17391305,0.07971015,0.4537037,0.0,0.631771435546875,0.01893333435058594,625.0,0.6275684160251632,0.008936056068151496,0.0011893806158630353,0.41543084,Burkholderiaceae,family,
genome_293,2,markers,0.13768116,0.036231883,0.3425926,0.0,0.517992453141646,-1.1288758816618838e-10,176.0,0.6203812233495424,0.042122267863790204,0.0010081938333950655,0.37453488,Bacteria,superkingdom,
genome_178,3,markers + neural network,0.1594203,0.007246377,0.42592594,0.0,0.6617710451327956,-1.4160931031104787e-10,463.0,0.6806788704769227,0.0205314734335445,0.0010037453522964922,0.5312013,Bifidobacteriaceae,family,
genome_71,3,markers + neural network,0.39855072,0.02173913,0.6759259,0.0,0.6498313646637992,0.0022471910112359553,890.0,0.618009046977867,0.0,0.0012891278571127286,0.4552105,Pseudomonas,genus,
genome_259,3,markers + neural network,0.47826087,0.06521739,1.0,0.0,0.9683141845003582,0.002148997134670487,698.0,0.9685902061960638,0.0,0.0013437260020524905,0.7360029,Leuconostoc,genus,
genome_392,3,markers + neural network,0.3768116,0.028985508,0.7222222,0.009259259,0.7955197570144489,0.0031362006100275185,744.0,0.7906953215295921,0.0,0.000969337695836332,0.5380307,Sphingobacterium,genus,
genome_91,2,markers,0.19565217,0.014492754,0.35185185,0.0,0.57216927093033,-3.3389966516764264e-10,839.0,0.5898692559064801,0.0,0.0011191166759500775,0.43359163,Bacteroides,genus,
genome_190,2,markers,0.123188406,0.014492754,0.37037036,0.0,0.44791663776744495,0.011363636363636364,176.0,0.601466330045408,0.06561836132767945,0.0007433708109456156,0.3131279,Bacteria,superkingdom,
genome_217,2,markers,0.3768116,0.028985508,0.6203704,0.009259259,0.5756358800129525,-5.109267217072119e-10,953.0,0.6063318619201374,0.0,0.0013205784220083703,0.52821416,Streptococcus suis,species,
genome_510,2,markers,0.39855072,0.22463769,0.8518519,0.25925925,0.8070175438596491,0.3530701754385965,228.0,0.8513629847281912,0.2065312823829604,0.001513881716880134,0.3455768,Acholeplasmataceae,family,
genome_272,3,markers + neural network,0.46376812,0.06521739,0.9814815,0.009259259,1.0,0.00962962962962963,675.0,0.9981714158718834,0.016496955816023645,0.0012039119798418153,0.8107085,Helicobacter,genus,
genome_263,3,markers + neural network,0.442029,0.02173913,0.8703704,0.0,0.7385536281541846,-2.7547164038998913e-10,696.0,0.7311966452354225,0.0,0.0009469289697639166,0.5533147,Weeksellaceae,family,
genome_304,3,markers + neural network,0.1521739,0.028985508,0.35185185,0.0,0.7006961871702814,0.0005861660520189113,1706.0,0.7035107957913573,0.0,0.0014472753463201204,0.5516718,Escherichia,genus,
genome_558,3,markers + neural network,0.5,0.057971016,1.0,0.009259259,0.9996575342465753,0.00215264183201202,1460.0,0.9957286633636682,0.00937200526752989,0.0013052722571393538,0.91103566,Staphylococcus aureus,species,
genome_262,3,markers + neural network,0.36956522,0.02173913,0.7314815,0.009259259,0.7612903225806451,0.03225806451612903,155.0,0.7142528832004046,0.10980733111432181,0.0009665194868407329,0.38235056,Bacteria,superkingdom,
genome_118,3,markers + neural network,0.2753623,0.02173913,0.5555556,0.0,0.6623603501361672,-4.2837302849147464e-10,1027.0,0.6545996439722388,0.0,0.0013065592488791114,0.5768268,Staphylococcus,genus,
genome_351,3,markers + neural network,0.4710145,0.050724637,0.9537037,0.0,0.9537822571379863,0.0028462998102466793,1054.0,0.9514619813997727,0.0,0.0013878830786810898,0.8308437,Streptococcus agalactiae,species,
genome_488,3,markers + neural network,0.5072464,0.072463766,1.0,0.0,0.9986160567697655,0.007650533741648414,1951.0,1.0,0.006792586739327283,0.0013669883674698312,0.82403505,Salmonella enterica,species,
genome_242,3,markers + neural network,0.4347826,0.057971016,0.8055556,0.009259259,0.6747598480760005,0.006030701754385965,912.0,0.6689796414538596,0.0,0.0012690064140876975,0.47833616,Mesorhizobium,genus,
genome_185,2,markers,0.26811594,0.028985508,0.4722222,0.009259259,0.5491584815415256,0.003694581280788177,812.0,0.6192751366854252,0.004701829507335907,0.001118795423467804,0.49473423,Neisseria,genus,
genome_469,2,markers,0.39130434,0.11594203,0.8240741,0.16666667,0.8819095477386935,0.314070351758794,199.0,0.8977987959015428,0.21362589153134842,0.0015287753404530468,0.36988708,Bacteria,superkingdom,
genome_199,3,markers + neural network,0.4057971,0.072463766,0.7592593,0.027777778,0.6752688172043011,0.01827956989247312,465.0,0.6501285203751084,0.0,0.0012336421936471281,0.4632953,Eubacteriales,order,
genome_50,2,markers,0.16666667,0.02173913,0.4074074,0.0,0.5902868948761727,-2.1052411910879275e-10,453.0,0.6246211064276755,0.0,0.0013440627756378738,0.4581188,Lactobacillales,order,
genome_63,2,markers,0.33333334,0.014492754,0.5833333,0.0,0.5184776443207335,0.001497005416961487,1670.0,0.5867778683047158,0.0,0.0014177509259027743,0.44228578,Salmonella,genus,
genome_367,3,markers + neural network,0.42028984,0.072463766,0.7962963,0.0,0.9057692307692308,0.0,390.0,0.8966628207162508,0.02876300078130787,0.0010968657542154764,0.5686163,Spirochaetales,order,
genome_324,3,markers + neural network,0.45652175,0.10144927,0.8703704,0.037037037,0.8271317987170946,0.025839795745928467,774.0,0.8342516558961801,0.0,0.0010988582411289092,0.5478963,Bacteroidaceae,family,
genome_198,2,markers,0.21014492,0.007246377,0.32407406,0.009259259,0.5447794596354166,0.007537688442211055,597.0,0.5970594636311731,0.0,0.0012755160686671336,0.41397402,Mycobacteriaceae,family,
genome_382,3,markers + neural network,0.49275362,0.06521739,0.9259259,0.009259259,0.9507283894752169,0.011568123393316195,778.0,0.9486422544739455,0.017534342378535052,0.001377175445223464,0.7349416,Listeria,genus,
genome_570,3,markers + neural network,0.3768116,0.036231883,0.75,0.0,0.8125,0.02556818181818182,176.0,0.7736022793887007,0.1627955348825017,0.0007378885778942353,0.41040984,Bacteria,superkingdom,
genome_456,3,markers + neural network,0.5072464,0.072463766,0.962963,0.0,0.9257297814826606,0.003296512047698879,1914.0,0.9177919415845741,0.0,0.0013986380352831002,0.7674714,Salmonella enterica,species,
genome_255,3,markers + neural network,0.49275362,0.072463766,0.8888889,0.0,0.7689759281265688,0.0020080320088260144,996.0,0.761189243310532,0.0,0.001273010498989744,0.5320431,Pseudomonas,genus,
genome_295,3,markers + neural network,0.4347826,0.050724637,0.8055556,0.018518519,0.7336280398453896,0.0026232948583420775,953.0,0.7185793487191046,0.0028804051483027476,0.0013218495973788232,0.6354136,Streptococcus suis,species,
genome_260,3,markers + neural network,0.18115942,0.02173913,0.35185185,0.0,0.6686399453859718,0.0019070007210614914,1914.0,0.6653854709203728,0.0,0.0013815765714739008,0.55982524,Salmonella enterica,species,
genome_525,3,markers + neural network,0.5,0.10869565,1.0,0.009259259,0.9976818935476619,0.0026678656502593335,1390.0,1.0,0.0,0.0012687253774246116,0.7583724,Vibrio,genus,
genome_473,3,markers + neural network,0.44927537,0.07971015,0.8333333,0.009259259,0.7739089498280814,0.027855153203342618,359.0,0.7242672962777406,0.032830382229595466,0.0010705973959496888,0.42556813,Eubacteriales,order,
genome_538,3,markers + neural network,0.4710145,0.08695652,0.9907407,0.018518519,0.9921259842519685,0.007874015748031496,381.0,0.9778932991179012,0.015638088633147793,0.0010970835722972248,0.5925083,Coriobacteriales,order,
genome_127,3,markers + neural network,0.42753622,0.02173913,0.7592593,0.0,0.6392617834619729,0.004417670682730923,1245.0,0.6138394812716712,0.0,0.0012358993605790642,0.47124514,Pseudomonas,genus,
genome_481,3,markers + neural network,0.4347826,0.050724637,0.8333333,0.0,0.749632892804699,0.0019579050999555996,681.0,0.744767147830034,0.0,0.0010400920502042848,0.61815226,Bifidobacterium,genus,
genome_226,3,markers + neural network,0.7173913,0.0,0.4722222,0.009259259,0.7601156069364162,0.011560693641618497,173.0,0.7110634097539051,0.015924708318977833,0.0007019108599595477,0.39445853,Archaea,superkingdom,
genome_430,3,markers + neural network,0.5,0.06521739,0.8703704,0.009259259,0.8120953581844359,0.003740893688979264,1693.0,0.8079447392839404,0.0,0.0013573372430833227,0.6246454,Klebsiella,genus,
genome_325,3,markers + neural network,0.39130434,0.028985508,0.787037,0.0,0.8734567901234568,0.008230452920183724,162.0,0.8487566717327001,0.04274780510092111,0.0008845793067341462,0.4434942,Bacteria,superkingdom,
genome_433,3,markers + neural network,0.4710145,0.072463766,0.8611111,0.0,0.8021851668761089,0.004287403903015967,1691.0,0.7964534112505486,0.0,0.0013869402144751249,0.6527633,Enterobacter,genus,
genome_80,2,markers,0.42753622,0.02173913,0.10185185,0.0,0.49263978864989716,0.016985138004246284,471.0,0.6124611487502011,0.04023977981533743,0.0009592281386028674,0.4539701,Nitrososphaerota,phylum,
genome_24,3,markers + neural network,0.46376812,0.057971016,0.9814815,0.0,1.0,0.0029282576866764276,683.0,0.999028676101252,0.0029478514392311944,0.0011991184081463309,0.82226235,Helicobacter,genus,
genome_587,3,markers + neural network,0.5,0.057971016,1.0,0.009259259,0.999133148404993,0.0032362461751443174,1442.0,1.0,0.0,0.0013054110802168625,0.8897299,Staphylococcus aureus,species,
genome_319,3,markers + neural network,0.19565217,0.028985508,0.46296296,0.009259259,0.7999496229465635,0.006042296072507553,662.0,0.80930480002422,0.006528542259227041,0.0012312783202458638,0.589471,Bacillaceae,family,
genome_472,3,markers + neural network,0.49275362,0.028985508,0.9814815,0.0,1.0,0.0,463.0,1.0,0.010947204322220273,0.0012353672451806848,0.7613646,Actinomycetes,class,
genome_511,3,markers + neural network,0.5,0.06521739,1.0,0.0,1.0,0.0020522388504512273,1072.0,0.9959419185210154,0.0,0.0012454757432020884,0.6945814,Pseudomonas,genus,
genome_205,2,markers,0.18115942,0.007246377,0.35185185,0.0,0.46075411995149823,-4.047702224810316e-10,778.0,0.5859587240781342,0.0291167531117204,0.001350612410614335,0.4649852,Listeria,genus,
genome_421,3,markers + neural network,0.5072464,0.072463766,1.0,0.0,0.9983803680324256,0.001371473354231975,1914.0,1.0,0.0,0.0013917005114415135,0.8306237,Salmonella enterica,species,
genome_299,2,markers,0.17391305,0.04347826,0.3148148,0.018518519,0.5993890270195912,0.005927475592747559,717.0,0.6373944938454907,0.0,0.0011350109188359133,0.41767254,Nitrobacteraceae,family,
genome_588,3,markers + neural network,0.47826087,0.057971016,1.0,0.0,1.0,0.01809954751131222,663.0,1.0,0.03908721260952612,0.0012794701595273633,0.77642566,Campylobacter,genus,
genome_470,3,markers + neural network,0.36231884,0.10144927,0.7407407,0.0,0.7345679012345679,0.002469135655297173,405.0,0.7300132001310069,0.005570620668472512,0.0011480011754903712,0.523852,Coriobacteriales,order,
genome_487,3,markers + neural network,0.4710145,0.10144927,1.0,0.009259259,1.0,0.0051958429441749335,417.0,1.0,0.0058502044678649875,0.0011163752838924696,0.67159265,Coriobacteriales,order,
genome_0,2,markers,0.14492753,0.028985508,0.32407406,0.009259259,0.4414715719063545,0.0033444816053511705,299.0,0.5963649818634533,0.02985065116802702,0.0011400435255028115,0.34223786,Bacillota,phylum,
genome_372,3,markers + neural network,0.4710145,0.06521739,0.8888889,0.0,0.862910327270595,0.0047653084401150445,1399.0,0.8489477372620305,0.0,0.001228140924588481,0.69877946,Acinetobacter baumannii,species,
genome_137,2,markers,0.123188406,0.007246377,0.21296297,0.0,0.4927137411794355,0.0070967741935483875,775.0,0.5869461201510109,0.008182024218990079,0.001276428003829284,0.46205193,Pediococcus,genus,
genome_370,3,markers + neural network,0.47826087,0.06521739,0.8611111,0.018518519,0.8232464804926415,0.001019367931085989,981.0,0.8117747921191988,0.0,0.001224968998571341,0.6908946,Staphylococcus,genus,
genome_261,3,markers + neural network,0.46376812,0.06521739,0.7592593,0.0,0.7831050228310502,0.0,219.0,0.7272736890060971,0.06036687301423561,0.0009945630552977058,0.3996187,Bacteria,superkingdom,
genome_463,3,markers + neural network,0.28985506,0.028985508,0.6759259,0.009259259,0.8605398457583547,-2.2983794359295265e-10,778.0,0.8488236471471013,0.0007177523880383743,0.001378175810677521,0.67234564,Listeria,genus,
genome_344,3,markers + neural network,0.20289855,0.057971016,0.4074074,0.0,0.7797764369419643,0.0024680603256624334,1148.0,0.783222327829368,0.0,0.0012851245619571795,0.58439314,Pseudomonas,genus,
genome_377,3,markers + neural network,0.42028984,0.050724637,0.7685185,0.0,0.686676767459394,-6.038971281838649e-11,329.0,0.6616751404523236,0.0,0.0007776890463433188,0.41940925,Planctomycetia,class,
genome_227,3,markers + neural network,0.26811594,0.028985508,0.537037,0.027777778,0.6355094117297617,0.019287833827893175,337.0,0.634932846494992,0.008041478780274544,0.0007424787052645669,0.3909874,Planctomycetia,class,
genome_265,3,markers + neural network,0.42753622,0.014492754,0.7685185,0.0,0.6893512729791342,-3.654737876129055e-10,963.0,0.6851004603732264,0.004602779478855602,0.001305506805938072,0.614876,Neisseria,genus,
genome_68,2,markers,0.35507247,0.028985508,0.6203704,0.0,0.5883620689655172,-2.0553328234764823e-10,580.0,0.6167680281909478,0.0,0.0012557388996787815,0.41317242,Mycobacteriaceae,family,
genome_48,2,markers,0.19565217,0.036231883,0.4351852,0.009259259,0.5257009345794392,0.002336448598130841,428.0,0.6018292352684549,0.0,0.0010349482525873707,0.34190643,Actinomycetes,class,
genome_79,3,markers + neural network,0.42028984,0.036231883,0.7777778,0.0,0.6318114932594252,0.0008240624322879447,1618.0,0.6108659602523686,0.0,0.0013334465555131327,0.5041579,Enterobacter,genus,
genome_313,3,markers + neural network,0.4057971,0.04347826,0.7685185,0.018518519,0.7430121434877996,-8.910887248781016e-10,1460.0,0.7279518192019616,0.0,0.0013098658580886365,0.68084615,Staphylococcus aureus,species,
genome_279,3,markers + neural network,0.45652175,0.050724637,0.9444444,0.0,1.0,0.0,268.0,0.9902578827634332,0.0,0.0009501490422688123,0.6105313,Bacteria,superkingdom,
genome_556,3,markers + neural network,0.51449275,0.11594203,0.9166667,0.027777778,0.9539951573849879,0.014527845036319613,413.0,0.9427558347464513,0.006661486645211594,0.0008539768643324851,0.5233874,Treponema,genus,
genome_458,3,markers + neural network,0.4710145,0.04347826,0.8981481,0.009259259,0.8496932515337423,0.012269938650306749,326.0,0.8286140333099685,0.011636978624454446,0.001324597971678999,0.5232521,Bacteria,superkingdom,
genome_550,3,markers + neural network,0.5,0.057971016,1.0,0.009259259,1.0,0.001451378809869376,689.0,1.0,0.0,0.001229108170272926,0.68740666,Bacillaceae,family,
genome_229,3,markers + neural network,0.46376812,0.08695652,0.8518519,0.009259259,0.7797998799274376,0.01461211477151966,941.0,0.7811063010771784,0.0,0.0012750408158747595,0.5318512,Mesorhizobium,genus,
genome_387,3,markers + neural network,0.38405797,0.036231883,0.6851852,0.009259259,0.7396551724137931,0.013793103448275862,290.0,0.6840709072573561,0.013525252901028344,0.0011691659764790385,0.43641457,Bacteria,superkingdom,
genome_5,3,markers + neural network,0.49275362,0.057971016,1.0,0.018518519,0.9908136482939632,0.007217847769028871,762.0,0.9946977296859156,0.0,0.0010616241504701424,0.7002412,Lactococcus,genus,
genome_396,3,markers + neural network,0.23913044,0.04347826,0.6111111,0.018518519,0.7625,0.00625,320.0,0.7719575804971435,0.0,0.0009951955210448977,0.5211938,Bacteria,superkingdom,
genome_274,3,markers + neural network,0.36231884,0.04347826,0.6388889,0.009259259,0.6931445492899476,0.006157635467980296,406.0,0.6753072287950015,0.009080841400123163,0.0009899285032373493,0.4784467,Bacteroidales,order,
genome_521,3,markers + neural network,1.0,0.0,0.5740741,0.055555556,0.9977220956719818,0.015945330296127564,439.0,1.0,0.0,0.0010901472327764464,0.63004255,Methanomicrobiaceae,family,
genome_147,3,markers + neural network,0.44927537,0.06521739,0.8796296,0.0,0.6449920602659687,0.0036661026508742244,1773.0,0.6169542250034796,0.0,0.0013842885824557273,0.50293785,Klebsiella,genus,
genome_564,3,markers + neural network,0.48550725,0.050724637,0.9537037,0.0,1.0,0.0,813.0,1.0,0.0,0.001379487893675751,0.75759315,Pasteurellaceae,family,
genome_479,3,markers + neural network,0.22463769,0.057971016,0.5,0.0,0.7905529185646878,0.002351096929552164,1914.0,0.7854797520849119,0.0,0.0013811452098462088,0.6480413,Salmonella enterica,species,
genome_33,2,markers,0.3768116,0.02173913,0.6111111,0.009259259,0.4787515815895093,0.001615508628520647,1857.0,0.5779016734247444,0.0,0.0015166362076206137,0.42240012,Enterobacteriaceae,family,
genome_248,3,markers + neural network,0.49275362,0.0942029,1.0,0.018518519,0.9804778554778555,0.0009712508786252607,858.0,0.9838837854980859,0.0,0.00136998726606849,0.8084333,Streptococcus,genus,
genome_93,2,markers,0.3188406,0.02173913,0.49074075,0.009259259,0.5290412389644058,0.006726457399103139,446.0,0.6003765530393097,0.006172644889040103,0.0012406155156807412,0.38901976,Bacteria,superkingdom,
genome_435,2,markers,0.39855072,0.20289855,0.8518519,0.25,0.8655913978494624,0.3844086021505376,186.0,0.9047093025891928,0.21400589222671107,0.0016455977908241468,0.3546493,Bacteria,superkingdom,
genome_186,3,markers + neural network,0.42753622,0.050724637,0.8796296,0.0,0.7904141817478775,0.0014450866190684323,692.0,0.7875325458637201,0.0,0.0012253257324238694,0.62037814,Campylobacter,genus,
genome_122,3,markers + neural network,0.3478261,0.057971016,0.5833333,0.009259259,0.6585648148148148,0.001543209692578257,648.0,0.6448787061206557,0.0,0.0012518818965975309,0.46528384,Mycobacteriaceae,family,
genome_130,2,markers,0.17391305,0.057971016,0.32407406,0.0,0.5938713594204971,0.030782029950083195,601.0,0.6260975416575246,0.0,0.0011478877484662555,0.36943197,Streptomyces,genus,
genome_394,3,markers + neural network,0.47826087,0.028985508,0.8888889,0.027777778,0.8126894772707761,0.0012087911039918334,1820.0,0.8061782196132362,0.0,0.0014657020054118577,0.62983286,Escherichia coli,species,
genome_153,2,markers,0.17391305,0.04347826,0.3148148,0.0,0.5455635674565816,-7.146840114118402e-11,278.0,0.620160507370018,0.0262414837467679,0.001069862175136613,0.36017996,Bacteria,superkingdom,
genome_70,2,markers,0.10869565,0.04347826,0.3148148,0.0,0.5619221708200274,0.0014598537535563001,685.0,0.6086499873310688,0.0014891741608910741,0.0012822239850723185,0.4564792,Rhodobacterales,order,
genome_461,3,markers + neural network,0.46376812,0.07971015,0.8518519,0.009259259,0.8821809386069165,0.011993536213100356,1341.0,0.8765557091869399,0.011368525786650728,0.0011524164951290763,0.6911747,Stenotrophomonas,genus,
genome_86,2,markers,0.2536232,0.050724637,0.5833333,0.0,0.5954919260915397,0.0010881390872536079,919.0,0.6211804207020236,0.0,0.0013726095171227312,0.5744767,Campylobacter,genus,
genome_331,3,markers + neural network,0.42028984,0.057971016,0.8333333,0.0,0.8126094570928196,0.005253940455341506,571.0,0.8063710245822058,0.0,0.0009863760741967004,0.53658676,Prevotellaceae,family,
genome_357,3,markers + neural network,0.28985506,0.028985508,0.6203704,0.0,0.7153133555907557,0.00026468949194242237,1889.0,0.7050035543388435,0.00019434343052552455,0.001361743613871111,0.57673347,Klebsiella pneumoniae,species,
genome_500,3,markers + neural network,0.49275362,0.06521739,1.0,0.009259259,1.0,0.013023782559456399,883.0,1.0,0.0015285109637436026,0.00141812098484183,0.7960733,Streptococcus,genus,
genome_573,3,markers + neural network,0.5,0.10144927,1.0,0.055555556,0.984375,0.05180921052631579,608.0,0.9804077243540803,0.005604012948696793,0.0010646915783856935,0.5322188,Cyanophyceae,class,
genome_571,3,markers + neural network,0.5072464,0.036231883,1.0,0.009259259,0.9975579975579976,0.013532764309055203,819.0,0.9954385390451641,0.0,0.0011033484112735533,0.7297472,Arthrobacter,genus,
genome_567,3,markers + neural network,0.42028984,0.04347826,0.7777778,0.0,0.814327485380117,0.037037037966544166,171.0,0.7883709190127832,0.12319182604333628,0.0009546417401129325,0.41374958,Bacteria,superkingdom,
genome_203,3,markers + neural network,0.19565217,0.050724637,0.5,0.0,0.7204967091181507,0.0010958898883976348,1825.0,0.7154742547240565,0.0,0.001393156589272299,0.58294797,Klebsiella,genus,
genome_448,3,markers + neural network,0.48550725,0.057971016,0.9814815,0.009259259,0.8698986655229326,0.003908964558721334,1439.0,0.861416984874779,0.0,0.001323171518443872,0.775525,Staphylococcus aureus,species,
genome_555,3,markers + neural network,0.5072464,0.072463766,1.0,0.0,1.0,0.0124343827014833,1270.0,1.0,0.007884389828443174,0.0013104969397572275,0.74040174,Enterobacteriaceae,family,
genome_271,3,markers + neural network,0.5,0.057971016,1.0,0.009259259,0.9998982747395834,0.0021961063061684285,1404.0,0.9972316290479087,0.005724050866730897,0.0013107716892149096,0.8915638,Staphylococcus,genus,
genome_210,3,markers + neural network,0.23188406,0.028985508,0.5740741,0.0,0.7740935818306269,-7.202978864587449e-11,662.0,0.7698980023653758,0.0,0.0012266543982270663,0.5459876,Mycobacteriaceae,family,
genome_366,3,markers + neural network,0.18115942,0.036231883,0.37037036,0.009259259,0.6119386210244083,0.0035502958579881655,845.0,0.6319306587976861,0.0,0.0012716187449110725,0.49727,Roseobacteraceae,family,
genome_486,3,markers + neural network,0.4710145,0.11594203,1.0,0.018518519,1.0,0.002352941176470588,425.0,1.0,0.0025918131985560797,0.0011261041497758436,0.66320884,Coriobacteriales,order,
genome_197,3,markers + neural network,0.48550725,0.036231883,0.9907407,0.009259259,1.0,0.0028089887640449437,712.0,1.0,0.0,0.0011475500259416115,0.77378243,Corynebacterium,genus,
genome_238,3,markers + neural network,0.29710144,0.036231883,0.6759259,0.0,0.8377496394144225,0.0055683560085736114,868.0,0.8241348451116792,0.009415944986666057,0.0014028898029523917,0.69241405,Streptococcus,genus,
genome_402,3,markers + neural network,0.95652175,0.028985508,0.5462963,0.018518519,0.9716905657754561,0.01555023923444976,418.0,0.9795322035640368,0.0,0.0011297720996344585,0.59077656,Methanomicrobiales,order,
genome_374,3,markers + neural network,0.38405797,0.072463766,0.7685185,0.037037037,0.7817622950819673,0.01366120218579235,732.0,0.7716422243866556,0.0,0.0010177801377443318,0.48575792,Nostocales,order,
genome_167,2,markers,0.13043478,0.014492754,0.42592594,0.0,0.5774320894385954,0.005007153075822604,699.0,0.6218817964374469,0.0,0.0013063900089419571,0.53487366,Francisellaceae,family,
genome_31,3,markers + neural network,0.36231884,0.036231883,0.6666667,0.0,0.6969785634537189,0.0014619881298109801,684.0,0.6864058910149773,0.0,0.001413915797403154,0.5172705,Listeriaceae,family,
genome_454,3,markers + neural network,0.5,0.057971016,1.0,0.0,1.0,0.008225616921269096,851.0,1.0,0.01416468048135501,0.0012989811453331772,0.76831394,Streptococcus,genus,
genome_504,3,markers + neural network,0.47826087,0.06521739,0.9814815,0.018518519,0.9962726629580172,0.010915868198528838,626.0,1.0,0.0,0.00117275027210968,0.733733,Helicobacter,genus,
genome_388,3,markers + neural network,0.442029,0.036231883,0.9166667,0.0,0.8873002561804366,0.0017123287671232876,584.0,0.8923499102124871,0.0,0.0011566885064150086,0.60027254,Microbacterium,genus,
genome_405,3,markers + neural network,0.9202899,0.007246377,0.49074075,0.009259259,0.904891304347826,0.029891304347826088,184.0,0.8738348396973361,0.03411579220396154,0.0009946481047333655,0.44431835,Archaea,superkingdom,
genome_419,3,markers + neural network,0.3768116,0.04347826,0.712963,0.018518519,0.7766830369169488,0.008210181015465647,203.0,0.7239279133759129,0.024393241944909737,0.0011326807078801352,0.408882,Bacteria,superkingdom,
genome_283,3,markers + neural network,0.47826087,0.0942029,0.8703704,0.0,0.7703498854382481,-1.3172297711351693e-10,543.0,0.7616596481862127,0.0,0.0012110134624651818,0.5201709,Geobacteraceae,family,
genome_395,3,markers + neural network,0.42753622,0.08695652,0.8611111,0.009259259,0.8034250172110821,0.005842259006815969,1027.0,0.8048646732258412,0.0,0.0012456008915228468,0.5795562,Pseudomonas,genus,
genome_158,3,markers + neural network,0.36231884,0.036231883,0.6203704,0.0,0.6294019322195453,0.0029940116191338635,1336.0,0.6217194393077378,0.0,0.0011831352063349282,0.5159424,Acinetobacter baumannii,species,
genome_40,2,markers,0.2536232,0.02173913,0.6203704,0.0,0.5790858677455357,-1.5560056100736932e-10,560.0,0.6281655280228121,0.032285530605442724,0.001246331287087126,0.42902026,Burkholderiales,order,
genome_172,3,markers + neural network,0.2173913,0.050724637,0.4351852,0.0,0.6091070305811216,0.0030441400304414,657.0,0.6209859175072264,0.0,0.0011718668503022376,0.43721557,Mycobacteriaceae,family,
genome_64,3,markers + neural network,0.3188406,0.036231883,0.537037,0.009259259,0.6358695652173914,0.008152173913043478,368.0,0.634729407736372,0.011411616594095751,0.001159326618571158,0.40745693,Actinomycetes,class,
genome_2,2,markers,0.45652175,0.014492754,0.7962963,0.0,0.5640090416217672,0.0017415531750383049,1914.0,0.5952967915286856,0.0,0.0014176099767880368,0.47245085,Salmonella enterica,species,
genome_563,3,markers + neural network,0.49275362,0.06521739,1.0,0.0,0.9985994397759104,0.0056022408963585435,714.0,1.0,0.0,0.001306108700345545,0.7463822,Leuconostoc,genus,
genome_100,2,markers,0.16666667,0.028985508,0.4351852,0.0,0.5789363117138875,0.0007780074331275655,1928.0,0.5959647729036466,0.0,0.0013885749578532588,0.49898633,Salmonella enterica,species,
genome_425,3,markers + neural network,0.14492753,0.04347826,0.33333334,0.0,0.6680172714653819,-1.2880528698378707e-10,617.0,0.6862684169221849,0.0054800711835764696,0.0012546466645419973,0.5531949,Clostridium,genus,
genome_42,3,markers + neural network,0.4057971,0.02173913,0.7037037,0.0,0.6197592294054968,0.0008818341450856617,1701.0,0.6074553609555724,0.0,0.0013825485574183456,0.51097286,Salmonella,genus,
genome_423,3,markers + neural network,0.4710145,0.057971016,0.9351852,0.018518519,0.8779348652896047,0.009640102827763496,778.0,0.8648220748111402,0.013647425908694687,0.0013475302395960008,0.6672248,Listeria,genus,
genome_534,3,markers + neural network,0.5,0.050724637,1.0,0.0,1.0,0.002142857142857143,700.0,1.0,0.0,0.001038110432355429,0.67186165,Flavobacteriaceae,family,
genome_502,3,markers + neural network,0.49275362,0.057971016,1.0,0.009259259,0.9997858277936215,2.553755207872642e-11,778.0,1.0,0.0,0.0013574512925863206,0.76997143,Listeria,genus,
genome_314,3,markers + neural network,0.4710145,0.036231883,0.9444444,0.0,0.8336524904600828,0.007704160246533128,649.0,0.8209630362989534,0.0,0.0009779989156404596,0.5289846,Hymenobacteraceae,family,
genome_216,3,markers + neural network,0.33333334,0.036231883,0.5092593,0.0,0.6285714378472882,-2.1740296830589573e-10,329.0,0.6414348732954053,0.012544546989256562,0.0010325507895272415,0.41437867,Bacteria,superkingdom,
genome_83,2,markers,0.21014492,0.02173913,0.4351852,0.0,0.4694991088265856,0.0024630540403826483,406.0,0.6061498338414992,0.04695411909059188,0.0011378665003119151,0.39890832,Lactobacillaceae,family,
genome_572,3,markers + neural network,0.5217391,0.0942029,1.0,0.0,0.9973081608408505,0.00409507423741711,1746.0,1.0,0.0,0.0013478365477685164,0.7746239,Klebsiella,genus,
genome_514,3,markers + neural network,0.5,0.07971015,1.0,0.009259259,1.0,0.0003238341968911917,772.0,0.9974301025309975,0.0,0.001238095325747229,0.6731577,Mycobacterium,genus,
genome_214,3,markers + neural network,0.45652175,0.06521739,0.8055556,0.027777778,0.7465278027104396,0.004901960784313725,408.0,0.7286349225633874,0.0,0.001266899226798931,0.49943346,Eubacteriales,order,
genome_561,3,markers + neural network,0.5,0.06521739,1.0,0.018518519,0.998723277142453,0.0033658311227570004,1436.0,0.9959057293890259,0.003597977912752799,0.00130115280343691,0.90269667,Staphylococcus aureus,species,
genome_25,2,markers,0.36956522,0.06521739,0.7037037,0.009259259,0.5406196318477033,0.0037650602409638554,664.0,0.6093381523931188,0.0,0.0012622464483955367,0.40326318,Hyphomicrobiales,order,
genome_444,3,markers + neural network,0.2753623,0.04347826,0.6481481,0.009259259,0.8323724849144821,0.005115089514066497,1173.0,0.8229838814391818,0.0,0.0013090976535808422,0.6842186,Enterococcus faecium,species,
genome_46,2,markers,0.39855072,0.0,0.6666667,0.0,0.5962873509800398,-3.8489922887549543e-10,674.0,0.6225866580783894,0.0,0.001214878484612195,0.4958772,Lactococcus,genus,
genome_4,3,markers + neural network,0.9927536,0.007246377,0.537037,0.046296295,0.9839691111499793,0.0024875621890547263,603.0,0.9884176108410814,0.0,0.0010037152299917336,0.61684555,Methanosarcina,genus,
genome_88,2,markers,0.26086956,0.007246377,0.4537037,0.0,0.47136198671527557,0.0063532401524777635,787.0,0.5872075855815517,0.005469138425166116,0.001266734096631549,0.392675,Brucellaceae,family,
genome_101,3,markers + neural network,0.46376812,0.050724637,0.962963,0.037037037,1.0,0.002136752136752137,468.0,1.0,0.003937139034132821,0.0010278423860993295,0.8148521,Anaplasmataceae,family,
genome_174,2,markers,0.10869565,0.0,0.2962963,0.0,0.513572112858644,-1.4959255666549883e-10,684.0,0.5972263785105042,0.007715623062273268,0.0012318366751172677,0.48687616,Corynebacterium,genus,
genome_310,3,markers + neural network,0.42028984,0.028985508,0.75,0.018518519,0.7639424168786337,0.0065116279069767444,1075.0,0.7503450558217533,0.0,0.001240801776089815,0.6196158,Acinetobacter,genus,
genome_241,3,markers + neural network,0.42028984,0.04347826,0.7777778,0.0,0.8658536585365854,0.04471544812365276,164.0,0.8419817192628559,0.12518156004734954,0.0009573797183350537,0.4130117,Bacteria,superkingdom,
genome_41,3,markers + neural network,0.48550725,0.072463766,1.0,0.009259259,0.9654510556621881,0.012476007677543186,521.0,0.9645647477390576,0.0,0.0009784254276874712,0.6102076,Prevotella,genus,
genome_61,3,markers + neural network,0.39855072,0.04347826,0.7314815,0.0,0.6282234957020058,0.0057306590257879654,349.0,0.6379607177081783,0.011012190039697223,0.000987675279991195,0.44032836,Bacteroidales,order,
genome_375,3,markers + neural network,0.44927537,0.050724637,0.8888889,0.009259259,0.847749263404781,0.006837606837606838,585.0,0.8549410539928186,0.0,0.00122386967898039,0.6488818,Campylobacter,genus,
genome_77,2,markers,0.4057971,0.02173913,0.6388889,0.037037037,0.47836377993074924,-8.060127998884039e-11,493.0,0.5932499595624068,0.0,0.0011073810810329654,0.33351398,Mycobacteriales,order,
genome_517,3,markers + neural network,0.5,0.08695652,1.0,0.0,0.9955203308063405,0.007236388697450034,1451.0,0.9944213449281301,0.0,0.001296970477816661,0.7705005,Vibrio,genus,
genome_584,2,markers,0.4057971,0.2536232,0.8425926,0.2777778,0.9166666666666666,0.4937276122390583,186.0,0.9262643877671488,0.21127051380525963,0.001558929649181529,0.33187574,Bacteria,superkingdom,
genome_195,3,markers + neural network,0.41304347,0.04347826,0.75,0.0,0.6336950133360288,-1.6584487372721639e-10,599.0,0.6375491433644558,0.0,0.001068499932631236,0.5282113,Corynebacterium,genus,
genome_527,3,markers + neural network,0.5072464,0.07971015,1.0,0.0,1.0,0.00748463028798413,1247.0,1.0,0.0,0.0012948266528418466,0.745003,Pantoea,genus,
genome_72,2,markers,0.3478261,0.050724637,0.6111111,0.018518519,0.5675003087492682,0.00468384074941452,854.0,0.6079002949434127,0.0,0.0010164108244787781,0.46450207,Chryseobacterium,genus,
genome_215,3,markers + neural network,0.48550725,0.050724637,0.9259259,0.027777778,0.8812904142390536,0.008003766253843145,1416.0,0.8745400316827958,0.0,0.0012549252223518494,0.6694574,Pectobacterium,genus,
genome_12,2,markers,0.36231884,0.02173913,0.6018519,0.0,0.5252372703360553,-2.429446779614938e-10,597.0,0.5849236695796832,0.0,0.0012318830780257415,0.40070733,Mycobacteriaceae,family,
genome_496,3,markers + neural network,0.48550725,0.08695652,0.9074074,0.009259259,0.8495031234321244,0.010321100917431193,436.0,0.8273037232083401,0.0,0.0010830013069807356,0.48762423,Desulfovibrionales,order,
genome_117,3,markers + neural network,0.42753622,0.028985508,0.7222222,0.018518519,0.6716301418770817,0.004702194357366771,638.0,0.6440189946286505,0.0,0.0010857032353956415,0.45780882,Bacteroidales,order,
genome_391,3,markers + neural network,0.28985506,0.028985508,0.6388889,0.009259259,0.8217223493482889,0.002570693780952983,778.0,0.8118789315039268,0.0033263805640818545,0.001373353020516764,0.6719338,Listeria,genus,
genome_322,3,markers + neural network,0.42028984,0.06521739,0.6944444,0.009259259,0.790198658130787,0.007314814814814815,1350.0,0.7871560592702883,0.0,0.00127063644148832,0.6059339,Vibrio,genus,
genome_225,3,markers + neural network,0.42028984,0.02173913,0.787037,0.009259259,0.6735711240096831,0.0016901403077891175,1775.0,0.6652053881945343,0.0,0.0014062429151497796,0.5471227,Escherichia albertii,species,
genome_112,3,markers + neural network,0.4057971,0.036231883,0.7592593,0.0,0.6789022845064824,0.000978473289605456,1022.0,0.6787628674736772,0.0,0.0013305981756036272,0.59012526,Neisseria,genus,
genome_407,3,markers + neural network,0.45652175,0.072463766,0.8240741,0.0,0.806839547778642,0.015617374794374972,683.0,0.807415426714496,0.026478656068842643,0.0012028639212372072,0.54497606,Rhodobacterales,order,
genome_410,3,markers + neural network,0.48550725,0.06521739,1.0,0.0,0.9992076069730587,0.003961965134706815,631.0,1.0,0.0,0.0010178866993535492,0.7599309,Bifidobacterium,genus,
genome_278,3,markers + neural network,0.39855072,0.036231883,0.7777778,0.009259259,0.6826859575262817,0.004608294656199794,868.0,0.6820312134347664,0.0,0.0015058996956430573,0.58971745,Streptococcus,genus,
genome_47,2,markers,0.45652175,0.02173913,0.8055556,0.0,0.5892533310145548,0.001278538507957981,1825.0,0.5954523001504636,0.0,0.0014373891113271292,0.4758311,Klebsiella pneumoniae,species,
genome_439,3,markers + neural network,0.2753623,0.014492754,0.5462963,0.0,0.6797940931941823,-3.880687327746302e-11,629.0,0.6945055283773539,0.0,0.0012392094899036589,0.48045638,Comamonadaceae,family,
genome_164,3,markers + neural network,0.3478261,0.057971016,0.6018519,0.0,0.6181451496577428,0.00020951145029457616,1591.0,0.6137854574813347,0.0,0.0014121921700975138,0.5172968,Enterobacteriaceae,family,
genome_192,3,markers + neural network,0.442029,0.036231883,0.7407407,0.027777778,0.6346153846153846,0.0038461538461538464,1040.0,0.6284191588578991,0.0,0.0013231975167018713,0.46280128,Bacillus,genus,
genome_201,3,markers + neural network,0.2173913,0.036231883,0.5740741,0.0,0.7287673311217546,0.001954214989573246,1791.0,0.72424199737402,0.0,0.0014405915024947014,0.5876284,Escherichia coli,species,
genome_113,3,markers + neural network,0.4710145,0.04347826,0.8981481,0.018518519,0.7898941738153594,0.002614378773309047,765.0,0.7886075026998112,0.0,0.0009820494132853144,0.5732334,Flavobacteriaceae,family,
genome_450,3,markers + neural network,0.48550725,0.057971016,0.8981481,0.009259259,0.8002971654872011,-3.0971168629214196e-10,1338.0,0.8002281076313462,0.0,0.0013652022017704944,0.6073417,Enterobacteriaceae,family,
genome_467,3,markers + neural network,0.48550725,0.0942029,0.9444444,0.009259259,0.9177128756373687,0.02719440059631052,619.0,0.9276864090372048,0.007808405322300815,0.0011813384659463916,0.5534887,Selenomonadaceae,family,
genome_116,3,markers + neural network,0.4057971,0.072463766,0.8148148,0.009259259,0.7586817112766279,0.017282958199356914,622.0,0.7502223306283902,0.018431051894601223,0.0010185237529915013,0.5249606,Prevotellaceae,family,
genome_422,3,markers + neural network,0.5,0.08695652,1.0,0.009259259,1.0,0.00145985401459854,1370.0,1.0,0.0042345651755399255,0.0013351411265379498,0.83307916,Vibrio,genus,
genome_490,2,markers,0.39855072,0.19565217,0.8240741,0.2037037,0.8337378640776699,0.33980582524271846,206.0,0.8516398999125654,0.2067965315955461,0.0014335483425890793,0.34624118,Bacteria,superkingdom,
genome_181,3,markers + neural network,0.51449275,0.072463766,1.0,0.018518519,1.0,0.004183969033263952,883.0,1.0,0.0,0.001461637343575765,0.7945152,Streptococcus,genus,
genome_574,3,markers + neural network,0.5,0.06521739,1.0,0.009259259,0.9985380116959064,0.010964912280701754,684.0,1.0,0.0,0.0011457566411302359,0.6549011,Mycobacteriaceae,family,
genome_85,3,markers + neural network,0.42753622,0.07971015,0.7777778,0.027777778,0.8524844720496895,0.020186335403726708,322.0,0.8418793825063372,0.008312274096100226,0.0007742080509267479,0.4984841,Bacteria,superkingdom,
genome_90,3,markers + neural network,0.48550725,0.057971016,1.0,0.018518519,1.0,0.0,778.0,0.9992902613098715,0.0,0.0012338673039972963,0.81646955,Francisella,genus,
genome_576,3,markers + neural network,0.5072464,0.07971015,1.0,0.0,1.0,0.0009578544061302681,1044.0,1.0,0.0,0.0012866650711723343,0.7332368,Pseudomonas,genus,
genome_465,3,markers + neural network,0.2826087,0.02173913,0.6111111,0.0,0.8387365704076294,0.0045662100456621,657.0,0.8500677626878124,0.0,0.0011296383749418222,0.57633007,Mycobacteriales,order,
genome_81,2,markers,0.18115942,0.007246377,0.4074074,0.018518519,0.530722356651844,0.0026109660574412533,383.0,0.6198512721378094,0.007554713316012394,0.0011793435785196061,0.42703235,Bacteria,superkingdom,
genome_362,2,markers,0.16666667,0.02173913,0.3888889,0.0,0.5028935538397895,-1.379737188697858e-10,288.0,0.6046872757533475,0.02081406584967297,0.0009599856311828107,0.37072226,Bacteroidota,phylum,
genome_498,3,markers + neural network,0.33333334,0.04347826,0.6203704,0.0,0.6510777991032766,0.004618937644341801,433.0,0.6526948908545865,0.0021862727234020565,0.0009176384316895608,0.43720928,Flavobacteriales,order,
genome_484,3,markers + neural network,0.36956522,0.050724637,0.7592593,0.0,0.8018128035904525,0.00487012987012987,616.0,0.7890182326844781,0.0,0.0012820384786310275,0.56667507,Chlorobiaceae,family,
genome_161,3,markers + neural network,0.3768116,0.04347826,0.6666667,0.0,0.6727950681840046,0.0010261669594425614,1949.0,0.6690186535000613,0.0,0.0014058776560213508,0.57055146,Salmonella enterica,species,
genome_107,3,markers + neural network,0.49275362,0.06521739,0.8888889,0.009259259,0.7479273602003712,0.0019474195528633987,1027.0,0.7418282388795071,0.0,0.0012947572464846327,0.51479125,Pseudomonas,genus,
genome_545,3,markers + neural network,0.49275362,0.036231883,1.0,0.009259259,1.0,0.0015455950540958269,647.0,0.998268342927504,0.0,0.001182616848178067,0.7816258,Micrococcaceae,family,
genome_330,2,markers,0.28985506,0.014492754,0.5462963,0.009259259,0.5972573968428599,0.02531645569620253,474.0,0.6315162781052819,0.038766238605194285,0.0010828589472260126,0.44815865,Campylobacterales,order,
genome_1,2,markers,0.14492753,0.06521739,0.37037036,0.0,0.5730557873613334,0.0012198841473648337,1093.0,0.6021536091430587,0.0,0.0012999197266859127,0.46204054,Vibrio,genus,
genome_599,3,markers + neural network,0.5072464,0.0942029,1.0,0.0,1.0,0.004936121066688245,1148.0,1.0,0.0,0.001276017691512327,0.7147503,Pseudomonas,genus,
genome_233,2,markers,0.21014492,0.028985508,0.32407406,0.009259259,0.5668238801776239,-3.748719908914935e-11,530.0,0.62346681363066,0.0,0.0010352209346121632,0.38528824,Streptomyces,genus,
genome_239,3,markers + neural network,0.4057971,0.08695652,0.6944444,0.009259259,0.6228693181818182,0.02556818181818182,352.0,0.6382851021272996,0.0419417794826669,0.0011333479300963995,0.3712925,Oscillospiraceae,family,
genome_457,3,markers + neural network,0.45652175,0.057971016,0.8703704,0.009259259,0.8220669432916522,0.002080443497339003,1442.0,0.800057883496391,0.0,0.0013104954890207155,0.73026174,Staphylococcus aureus,species,
genome_245,3,markers + neural network,0.45652175,0.036231883,0.8611111,0.0,0.72750522258172,0.003367003367003367,891.0,0.7136078639424894,0.0,0.00105330766389598,0.6066488,Legionellaceae,family,
genome_522,3,markers + neural network,0.49275362,0.08695652,1.0,0.046296295,1.0,0.019386194011643237,1526.0,1.0,0.0,0.0012400205798253703,0.7666106,Bacillus,genus,
genome_429,3,markers + neural network,0.47826087,0.07971015,1.0,0.037037037,1.0,0.0032310177705977385,619.0,1.0,0.0,0.0011016258070365226,0.7659239,Helicobacter,genus,
genome_254,3,markers + neural network,0.41304347,0.10869565,0.7592593,0.009259259,0.7775358977141203,0.013611902198900185,1053.0,0.7871307116316202,0.0,0.0012764349648435355,0.5354478,Rhizobium,genus,
genome_14,2,markers,0.17391305,0.036231883,0.35185185,0.009259259,0.5184867352880513,0.0012878295458752496,1553.0,0.5853131641538387,0.0,0.0014801143528324547,0.45670193,Enterobacteriaceae,family,
genome_445,3,markers + neural network,0.4347826,0.050724637,0.8425926,0.009259259,0.8170082907725568,0.01952171744574216,683.0,0.8124637273366683,0.016541331732660612,0.001204244329665394,0.52960384,Rhodobacterales,order,
genome_29,2,markers,0.33333334,0.028985508,0.5925926,0.0,0.5533573507405013,-3.573420057059201e-11,278.0,0.6213680725075452,0.02844164436621998,0.0010614157921990488,0.394331,Betaproteobacteria,class,
genome_39,2,markers,0.11594203,0.014492754,0.35185185,0.009259259,0.534968665220857,0.0026849642004773268,1676.0,0.5855336333682575,0.0,0.0014502607259474112,0.4487652,Enterobacteriaceae,family,
genome_253,3,markers + neural network,0.33333334,0.072463766,0.537037,0.009259259,0.6495568685376661,0.004431314623338257,677.0,0.6521643673635342,0.0017825280868070045,0.0011516319553408901,0.5516094,Clostridium,genus,
genome_501,3,markers + neural network,0.44927537,0.04347826,0.8703704,0.0,0.9509803921568627,0.0,255.0,0.9292777308075743,0.0,0.0010121818189719987,0.49699128,Bacteria,superkingdom,
genome_34,3,markers + neural network,0.4710145,0.050724637,0.8611111,0.018518519,0.7589015916846265,0.0026819923371647508,1305.0,0.7434377194180114,0.0,0.0011861038533424345,0.6059525,Acinetobacter baumannii,species,
genome_404,3,markers + neural network,0.2173913,0.06521739,0.5277778,0.0,0.7090041920468664,0.0031750414135836556,1811.0,0.7102205223156255,0.0023801561945354585,0.0013760023316212548,0.58505225,Klebsiella,genus,
genome_342,3,markers + neural network,0.4347826,0.06521739,0.8518519,0.0,0.7089004916046302,0.006544502617801047,382.0,0.6864029302456857,0.0,0.0009200877361822915,0.46286,Bacteroidales,order,
genome_193,3,markers + neural network,0.28985506,0.04347826,0.5925926,0.0,0.7350427503859116,0.006033182503770739,663.0,0.729090736194125,0.005540788282557919,0.001149212554291359,0.52503896,Alteromonadales,order,
genome_513,3,markers + neural network,0.5,0.0942029,0.9537037,0.009259259,0.9878048780487805,0.010006254206902538,533.0,0.9943216588530442,0.004796080661675653,0.0009546558507272122,0.62657917,Treponema,genus,
genome_148,3,markers + neural network,0.22463769,0.036231883,0.46296296,0.018518519,0.6037098830720515,0.0016611294690952745,602.0,0.6036749909407788,0.0,0.0012589008531154065,0.4436916,Mycobacteriaceae,family,
genome_296,3,markers + neural network,0.5289855,0.0,0.25,0.018518519,0.6218154173966676,-3.637202006652332e-11,437.0,0.6481313682210224,0.0,0.0008552165378842248,0.50211215,Methanobacteriaceae,family,
genome_420,3,markers + neural network,0.2826087,0.050724637,0.6296296,0.0,0.8271132721298042,0.0010775862068965517,1392.0,0.8313646797018504,0.0,0.0012704608231793666,0.66637266,Providencia,genus,
genome_166,3,markers + neural network,0.2173913,0.014492754,0.4814815,0.0,0.6860101229142036,0.0025795356835769563,1163.0,0.6704985450896583,0.0,0.0012970283429234268,0.5223526,Agrobacterium,genus,
genome_76,3,markers + neural network,0.36231884,0.06521739,0.6296296,0.0,0.676913799817049,0.007594936708860759,395.0,0.6545310548950882,0.004688937284513327,0.0009162128334679833,0.45654297,Bacteroidales,order,
genome_7,2,markers,0.16666667,0.02173913,0.37037036,0.0,0.5302023356240714,0.002600297176820208,1346.0,0.5879258329289562,0.0,0.0013632739771230102,0.45221627,Bacillus,genus,
genome_553,3,markers + neural network,0.4710145,0.057971016,0.9814815,0.027777778,0.9819193324061196,0.015067223879160237,719.0,0.9835977158722089,0.0,0.0012624140237731771,0.7536465,Aliarcobacter,genus,
genome_577,3,markers + neural network,0.51449275,0.057971016,1.0,0.009259259,1.0,0.010334461087438676,887.0,1.0,0.0,0.0011158360753515336,0.70390713,Synechococcales,order,
genome_275,3,markers + neural network,0.1594203,0.057971016,0.37037036,0.0,0.6878221397071992,0.0033428844317096467,1047.0,0.6963032754848502,0.0,0.001281785531475661,0.50732887,Rhizobium,genus,
genome_297,3,markers + neural network,0.45652175,0.050724637,0.8888889,0.0,0.7967323750588104,0.003169572107765452,631.0,0.811431564637245,0.0,0.0011076778031620608,0.5900974,Prevotellaceae,family,
genome_141,3,markers + neural network,0.48550725,0.04347826,1.0,0.0,0.9881386861313869,0.017183698876930848,548.0,0.9850185705418549,0.005962675694205659,0.0009894972778244264,0.6436401,Bifidobacterium,genus,
genome_168,3,markers + neural network,0.39130434,0.036231883,0.787037,0.0,0.6406815501447684,0.0031948879884835632,626.0,0.6409866212537193,0.00025255217351756454,0.0012391306800755377,0.5690286,Helicobacter,genus,
genome_291,3,markers + neural network,0.442029,0.014492754,0.8796296,0.0,0.8006506567602759,0.022322322513248113,666.0,0.8018310306736549,0.024152421366797315,0.0009737644169580245,0.5894474,Bifidobacterium,genus,
genome_580,3,markers + neural network,0.5072464,0.07971015,1.0,0.0,1.0,0.002564102564102564,1170.0,1.0,0.0,0.0012395965432389078,0.7191437,Pseudomonas,genus,
genome_432,3,markers + neural network,0.48550725,0.057971016,0.8981481,0.0,0.8970899793836805,0.0037037034093597787,405.0,0.9060675655746759,0.0,0.001041669111623835,0.5597516,Bacteroidales,order,
genome_99,2,markers,0.5,0.0,0.24074075,0.0,0.47716346153846156,0.004807692307692308,208.0,0.6144152446818271,0.027594588679220523,0.0009425908235450937,0.3638089,Archaea,superkingdom,
genome_478,2,markers,0.2826087,0.08695652,0.42592594,0.009259259,0.5576070901033974,0.004923682797430537,677.0,0.6064794507802405,0.03059734385010284,0.0011013157761253082,0.4976375,Clostridium,genus,
genome_129,3,markers + neural network,0.34057972,0.050724637,0.6111111,0.0,0.6760538355807231,0.004098360655737705,854.0,0.6565273135453554,0.0,0.0012984097668984587,0.46854478,Mesorhizobium,genus,
genome_321,3,markers + neural network,0.44927537,0.11594203,0.8148148,0.074074075,0.8026518692303302,0.032045929815176885,958.0,0.7894001459184478,0.015070595525685827,0.001137588124902072,0.55636185,Bacteroides,genus,
genome_102,2,markers,0.10869565,0.0,0.25,0.0,0.48463074461428707,0.004491017964071856,668.0,0.5937057070573853,0.0,0.0009459847404061511,0.3758533,Cyclobacteriaceae,family,
genome_204,3,markers + neural network,0.7753623,0.007246377,0.37037036,0.009259259,0.776595744680851,0.026595744680851064,188.0,0.7227528153372595,0.03328758688093201,0.000992644159497369,0.41220617,Archaea,superkingdom,
genome_320,3,markers + neural network,0.44927537,0.050724637,0.8425926,0.009259259,0.7502304288099438,0.0011520735267120572,868.0,0.7386527419332486,0.0,0.0014433632773054748,0.63994473,Streptococcus,genus,
genome_364,3,markers + neural network,0.5,0.08695652,0.9814815,0.027777778,0.9522255065652213,0.036249916508512676,689.0,0.9626105192320284,0.030919080956492297,0.001136871626334359,0.58212,Sphingomonadales,order,
genome_468,3,markers + neural network,0.2536232,0.057971016,0.6111111,0.0,0.6818014139968912,-2.1452392317325238e-10,774.0,0.6856831154234616,0.0,0.001303656900341615,0.480984,Alcaligenaceae,family,
genome_526,3,markers + neural network,0.5072464,0.06521739,1.0,0.0,0.9980138310809739,0.005916525713376674,1969.0,1.0,0.0,0.0013623685619086167,0.84630126,Salmonella enterica,species,
genome_306,3,markers + neural network,0.36231884,0.02173913,0.7314815,0.0,0.7488283180813379,0.004393673110720563,569.0,0.7420898010906336,0.0,0.00130457560389444,0.53017795,Methylophilaceae,family,
genome_536,3,markers + neural network,0.47826087,0.07971015,1.0,0.0,0.9987179095928486,0.002403846153846154,1040.0,0.9973597513639404,0.0005802915471160297,0.0013177090397786101,0.8861977,Campylobacter,genus,
genome_182,2,markers,0.2536232,0.06521739,0.49074075,0.018518519,0.49115187597090676,-9.588907274382491e-11,518.0,0.6077160332113489,0.0,0.0011104579474091705,0.39688534,Bacteroidales,order,
genome_595,3,markers + neural network,0.5072464,0.07971015,1.0,0.0,1.0,0.004977628848696715,1490.0,1.0,0.0,0.0013210749627775831,0.78389627,Yersinia,genus,
genome_16,3,markers + neural network,0.47826087,0.04347826,0.9074074,0.009259259,0.8301200180249839,-2.0430041662981135e-10,778.0,0.8256503717001875,0.008710037834068998,0.001365029685790834,0.67273676,Listeria,genus,
genome_582,3,markers + neural network,0.49275362,0.08695652,0.9444444,0.027777778,0.9621399679301698,0.011111111111111112,405.0,0.955406681613518,0.0,0.0009540240150344066,0.57482976,Bacteroidales,order,
genome_58,2,markers,0.36956522,0.02173913,0.712963,0.0,0.5974005742904243,0.0018348622759547803,545.0,0.6232476260497868,0.0,0.0012389352175727398,0.41357002,Hyphomicrobiales,order,
genome_32,2,markers,0.32608697,0.036231883,0.6388889,0.0,0.5209144254701328,0.01592920353982301,565.0,0.6258641934154064,0.019462607793349927,0.0011860857490537443,0.41663605,Fusobacterium,genus,
genome_151,3,markers + neural network,0.4710145,0.036231883,0.9907407,0.0,0.9982698961937716,0.0025951557093425604,578.0,1.0,0.0,0.0009270784375500339,0.6977353,Rothia,genus,
genome_403,3,markers + neural network,0.442029,0.050724637,0.8240741,0.009259259,0.8133248375743092,0.0012853469670891455,778.0,0.7981098794404118,0.0,0.0013504808461064029,0.6241015,Listeria,genus,
genome_110,2,markers,0.18115942,0.036231883,0.44444445,0.009259259,0.566350710900474,0.0071090047393364926,211.0,0.6255228594181791,0.0870188589054382,0.0011250918442321821,0.40340754,Bacteria,superkingdom,
genome_312,3,markers + neural network,0.3043478,0.036231883,0.6296296,0.0,0.8430974996314858,0.0023584905660377358,1060.0,0.8413114689710014,0.0,0.0012728862178791323,0.61804897,Erwiniaceae,family,
genome_384,3,markers + neural network,0.44927537,0.07971015,0.8055556,0.027777778,0.7836040373771421,0.0056720429851162815,1240.0,0.7722941556074996,0.0,0.001264188406454767,0.64733565,Enterococcus faecalis,species,
genome_60,2,markers,0.23188406,0.04347826,0.5185185,0.0,0.5345579257502832,0.004152510201269476,1766.0,0.5856848084248345,0.0,0.0013890361185944417,0.43386555,Klebsiella,genus,
genome_512,3,markers + neural network,0.47826087,0.1521739,1.0,0.027777778,1.0,0.010336538461538461,1040.0,1.0,0.02464885120807552,0.0013234232548191322,0.8797152,Campylobacter,genus,
genome_466,3,markers + neural network,0.5072464,0.11594203,0.9722222,0.018518519,0.9088544008543166,0.008333333790731087,1390.0,0.9039079760171609,0.0,0.001283634657408993,0.66983604,Vibrio,genus,
genome_557,3,markers + neural network,0.5,0.06521739,1.0,0.018518519,0.9998267498267498,0.0025311025248082744,1443.0,1.0,0.005279032459045201,0.0013115848138029707,0.87947243,Staphylococcus aureus,species,
genome_464,3,markers + neural network,0.23913044,0.072463766,0.5277778,0.0,0.7677042758498583,0.0025495750708215297,1765.0,0.7645300041564097,0.0,0.0013704838405968647,0.62852573,Klebsiella,genus,
genome_75,2,markers,0.24637681,0.04347826,0.44444445,0.009259259,0.5972486707899306,-2.5860216402136194e-10,315.0,0.6318843189326647,0.0,0.0009767292493988455,0.40985256,Treponema,genus,
genome_535,3,markers + neural network,0.48550725,0.072463766,1.0,0.018518519,1.0,0.005227181534715383,829.0,1.0,0.0,0.0011832350650635864,0.7461285,Corynebacterium,genus,
genome_104,3,markers + neural network,0.26086956,0.014492754,0.5555556,0.009259259,0.6276408450704225,0.0,284.0,0.6452851140499748,0.0026844165312393878,0.0009014952609446539,0.472186,Bacteria,superkingdom,
genome_368,3,markers + neural network,0.46376812,0.072463766,0.8055556,0.0,0.7302207289942053,0.0019867548089943184,755.0,0.7431106529124407,0.0,0.00114996321086867,0.5116394,Bacteroidaceae,family,
genome_119,3,markers + neural network,0.29710144,0.014492754,0.5925926,0.0,0.6369469062900055,0.0021945863373539444,1367.0,0.6340938438511845,0.0,0.0013458301533062825,0.5895659,Staphylococcus,genus,
genome_328,3,markers + neural network,0.51449275,0.13043478,0.9814815,0.055555556,0.8967833508218115,0.012415349887133182,886.0,0.9015675586894547,0.0,0.001175489790261038,0.57624245,Burkholderia,genus,
genome_89,2,markers,0.14492753,0.10869565,0.25925925,0.0,0.4875934539530864,0.0037082815347112743,809.0,0.5969660036269646,0.0,0.001202167833322457,0.4587383,Limosilactobacillus reuteri,species,
genome_94,3,markers + neural network,0.39130434,0.04347826,0.7592593,0.0,0.652145234665068,0.0016501648197866509,303.0,0.6213660871799336,0.012435428391954176,0.001105239422564875,0.3856618,Bacillota,phylum,
genome_476,3,markers + neural network,0.47826087,0.057971016,0.9814815,0.018518519,0.9978070175438597,0.010964912280701754,456.0,1.0,0.0,0.0010857447029424105,0.6604022,Actinomycetaceae,family,
genome_554,3,markers + neural network,0.5072464,0.06521739,0.9351852,0.0,0.9817518248175182,0.0072992700729927005,274.0,0.9591189814867416,0.005857240907244529,0.0009859420177469563,0.48748222,Bacteria,superkingdom,
genome_318,3,markers + neural network,0.46376812,0.036231883,0.962963,0.0,0.8099690081765842,0.0029036003953488445,1148.0,0.8012215964259021,0.0,0.0012634305226992017,0.57769924,Pseudomonas,genus,
genome_471,3,markers + neural network,0.26811594,0.036231883,0.5740741,0.0,0.7664474838081448,0.00610632183908046,1392.0,0.7517877405419224,0.0,0.0012899684369425003,0.69991046,Staphylococcus,genus,
genome_154,2,markers,0.22463769,0.057971016,0.5277778,0.0,0.5614943676248221,0.005692599168086188,1054.0,0.604316681604061,0.003647629065506558,0.0014060887098070868,0.5442639,Streptococcus agalactiae,species,
genome_568,3,markers + neural network,0.5072464,0.0942029,1.0,0.0,1.0,0.006835128417564209,1207.0,1.0,0.0,0.0013196290587366307,0.6901457,Enterobacteriaceae,family,
genome_97,3,markers + neural network,0.3478261,0.014492754,0.7037037,0.009259259,0.7470588235294118,0.01764705882352941,170.0,0.7098169996484525,0.10102472706257737,0.0009282225299389808,0.42746142,Bacteria,superkingdom,
genome_54,2,markers,0.23188406,0.0,0.5092593,0.0,0.5585366349879319,-1.4537718237900152e-10,615.0,0.6099254679526434,0.0,0.0010245439167525826,0.41850498,Flavobacterium,genus,
genome_518,3,markers + neural network,0.5,0.08695652,1.0,0.0,0.9997567503991789,0.004622871162247483,1370.0,1.0,0.011569184991279055,0.0012918663799114777,0.80862135,Vibrio,genus,
genome_415,3,markers + neural network,0.22463769,0.02173913,0.5648148,0.0,0.8432586214435634,0.0029850746268656717,670.0,0.8441689947875972,0.0,0.0011645323379300152,0.5876918,Mycobacteriaceae,family,
genome_305,3,markers + neural network,0.4347826,0.072463766,0.8240741,0.018518519,0.7901994198299083,0.0009976054607918048,1253.0,0.780423571607592,0.0,0.0012969771331204378,0.6648798,Enterococcus faecalis,species,
genome_317,3,markers + neural network,0.2753623,0.04347826,0.6759259,0.018518519,0.8066446470860791,0.0032948929159802307,607.0,0.797528708453441,0.0,0.001138334001387439,0.67027664,Helicobacter,genus,
genome_21,2,markers,0.42753622,0.072463766,0.7962963,0.0,0.5632122072399172,0.027777777777777776,468.0,0.6304380539772821,0.03780326478175899,0.0012760617286239184,0.38768238,Oceanospirillales,order,
genome_17,2,markers,0.36956522,0.04347826,0.6851852,0.0,0.5021106820357474,-2.908340702770386e-10,608.0,0.5852134280371362,0.0009933428236415937,0.0012425228566259555,0.39638346,Mycobacteriaceae,family,
genome_219,3,markers + neural network,0.47826087,0.036231883,0.9074074,0.009259259,0.8240194743308947,0.0014450864755119661,1038.0,0.8180751045517403,0.0,0.0012799860242995772,0.68377614,Staphylococcus,genus,
genome_548,3,markers + neural network,0.5072464,0.06521739,1.0,0.009259259,0.9999271686559791,0.010190379187989028,1961.0,1.0,0.008608556107382224,0.0014177283591709326,0.8124525,Escherichia coli,species,
genome_280,2,markers,0.18115942,0.007246377,0.41666666,0.009259259,0.4311828121062248,0.0064516129032258064,310.0,0.6023553907912976,0.020495485752048313,0.0008102273573188841,0.32978135,Bacteroidota,phylum,
genome_583,3,markers + neural network,0.47826087,0.06521739,1.0,0.009259259,1.0,0.011461318051575931,698.0,1.0,0.0,0.001214756055338169,0.7507902,Campylobacter,genus,
genome_96,2,markers,0.1594203,0.0,0.35185185,0.0,0.48024247602982956,0.014545454545454545,275.0,0.6169939485595636,0.03488419273268888,0.0008224599206557605,0.31939435,Bacteria,superkingdom,
genome_247,3,markers + neural network,0.45652175,0.036231883,0.7592593,0.0,0.6830971202133903,0.0070702980630875985,1411.0,0.6812873571203812,0.0,0.00113615614624249,0.5531628,Xanthomonas,genus,
genome_264,3,markers + neural network,0.48550725,0.04347826,0.9166667,0.0,0.8054181953697944,0.001964379006371316,1909.0,0.8001616633037486,0.0,0.0013597778449151911,0.64311635,Klebsiella pneumoniae,species,
genome_524,3,markers + neural network,0.46376812,0.072463766,0.8981481,0.0,1.0,0.0,394.0,0.9802649872824432,0.04041861556445166,0.0010904474346390021,0.6032774,Spirochaetales,order,
genome_579,3,markers + neural network,0.5,0.10869565,1.0,0.009259259,0.9989508978754497,0.009802158273381295,1390.0,1.0,0.0,0.0012274121934534843,0.74423665,Vibrio,genus,
genome_427,3,markers + neural network,0.5,0.06521739,1.0,0.0,0.9978151700023409,0.006661315803670705,1335.0,1.0,0.021014432353630333,0.0012018979635641143,0.8125447,Acinetobacter baumannii,species,
genome_506,3,markers + neural network,0.47826087,0.10144927,1.0,0.009259259,1.0,0.0070512822041144734,1040.0,1.0,0.019293222654673925,0.0013168467495312743,0.88496125,Campylobacter,genus,
genome_19,3,markers + neural network,0.47826087,0.036231883,0.8796296,0.0,0.9886101851413819,0.012110726643598616,578.0,0.9858518598822272,0.03279233391880932,0.0009928134800135185,0.8596917,Borreliaceae,family,
genome_133,3,markers + neural network,0.19565217,0.02173913,0.4074074,0.0,0.6470832824707031,0.0125,680.0,0.6397690922675321,0.0,0.001179613503105159,0.46251732,Mycobacteriaceae,family,
genome_292,3,markers + neural network,0.36231884,0.028985508,0.712963,0.0,0.7148903294613487,0.001973684210526316,760.0,0.7278726876140421,0.0,0.0011435894957193876,0.54854745,Erythrobacteraceae,family,
genome_442,3,markers + neural network,0.3188406,0.036231883,0.6388889,0.009259259,0.7439393939393939,0.008080808321634929,165.0,0.7127588483401097,0.028486933089326878,0.0009580202058286704,0.41179606,Bacteria,superkingdom,
genome_269,3,markers + neural network,0.36231884,0.02173913,0.7222222,0.009259259,0.6896542995395635,0.0034106412005457027,733.0,0.6889943730697041,0.0,0.0011911382186743206,0.5750645,Corynebacterium,genus,
genome_243,3,markers + neural network,0.42753622,0.057971016,0.7685185,0.018518519,0.7456710121848367,0.016774891258834246,308.0,0.7160655868810608,0.028790469654154383,0.0010991747807637228,0.4622579,Coriobacteriia,class,
genome_200,3,markers + neural network,0.41304347,0.028985508,0.6759259,0.0,0.6840579489003057,-4.319177286358512e-11,460.0,0.6714847247434407,0.007067355449178567,0.0011901558360297802,0.49440756,Pseudomonadota,phylum,
genome_441,3,markers + neural network,0.19565217,0.028985508,0.5648148,0.0,0.8837310318873066,0.004102203581068251,1422.0,0.8715931088971511,0.0,0.0012855806045430785,0.7814275,Staphylococcus aureus,species,
genome_414,3,markers + neural network,0.48550725,0.07971015,1.0,0.027777778,0.9659179825744975,0.009060022650056626,883.0,0.9636709181825988,0.0,0.0014678651063647792,0.7776796,Streptococcus,genus,
genome_11,2,markers,0.13043478,0.007246377,0.41666666,0.0,0.5635095447870778,0.002202642996755816,681.0,0.619952362320221,0.0,0.001140772682555452,0.4612003,Sphingomonadales,order,
genome_505,3,markers + neural network,0.5072464,0.08695652,1.0,0.0,0.9877404096236921,0.01109701965757768,1577.0,0.9860507932652613,0.0,0.0013771490062792044,0.7681878,Enterobacter,genus,
genome_202,3,markers + neural network,0.46376812,0.050724637,0.8796296,0.0,0.6849313655369719,0.002166846720653133,923.0,0.680923986057501,0.0007353277623047619,0.0011920809849688728,0.5644416,Lacticaseibacillus,genus,
genome_352,3,markers + neural network,0.2536232,0.072463766,0.537037,0.0,0.824664138035221,0.0025782685253501595,1810.0,0.821986162231623,0.0,0.0013951020270615117,0.6658799,Klebsiella,genus,
genome_418,3,markers + neural network,0.34057972,0.04347826,0.787037,0.0,0.8888708301448605,0.009870919116808777,439.0,0.8933354846961743,0.0,0.0008401276413826799,0.5398786,Bacteroidales,order,
genome_206,3,markers + neural network,0.39130434,0.02173913,0.6574074,0.0,0.7301966714326654,0.007974481658692184,627.0,0.7239327807560207,0.0,0.001095155579506048,0.50957566,Flavobacteriaceae,family,
genome_284,3,markers + neural network,0.3768116,0.036231883,0.6574074,0.0,0.6982050969050481,0.012307692307692308,325.0,0.6573226969180688,0.024405328771177605,0.001050576230486151,0.41967615,Bacillota,phylum,
genome_258,3,markers + neural network,0.41304347,0.057971016,0.8055556,0.0,0.7223697053003624,0.0010940915776551162,914.0,0.7179166744511583,0.0,0.001289757137237131,0.6618612,Campylobacter,genus,
genome_175,3,markers + neural network,0.33333334,0.02173913,0.6574074,0.009259259,0.6314281762024313,-8.927327432615799e-10,1419.0,0.6246988611392296,0.0,0.0013182471180188562,0.5811608,Staphylococcus,genus,
genome_162,2,markers,0.41304347,0.036231883,0.6203704,0.009259259,0.57141328125,0.004,625.0,0.6210763252494277,0.0,0.0012276288310454182,0.43695155,Devosiaceae,family,
genome_340,3,markers + neural network,0.39130434,0.028985508,0.712963,0.0,0.7635437188120936,0.007947976878612716,692.0,0.7658881967321578,0.009189530801681077,0.0013267889918438236,0.5940701,Streptococcus,genus,
genome_208,3,markers + neural network,0.2826087,0.057971016,0.7037037,0.0,0.7960394639235276,0.0057692307692307696,1040.0,0.7774188204867318,0.019867562642398022,0.0012458834159223364,0.7039542,Campylobacter,genus,
genome_389,3,markers + neural network,0.5072464,0.10869565,0.9907407,0.018518519,1.0,0.0004923683061557471,677.0,1.0,0.0,0.0011545180067809133,0.7679406,Clostridium,genus,
genome_20,2,markers,0.34057972,0.028985508,0.5925926,0.0,0.5583148715063629,0.0013898537339561096,1439.0,0.5917372669534852,0.0,0.001260475707954904,0.48177335,Acinetobacter baumannii,species,
genome_575,3,markers + neural network,0.5,0.08695652,0.9907407,0.018518519,1.0,0.010934393638170975,503.0,1.0,0.0,0.0011960698805250235,0.6454343,Eubacteriales,order,
genome_515,3,markers + neural network,0.5072464,0.07971015,1.0,0.0,1.0,0.0,1721.0,1.0,0.0,0.001343514533732157,0.8044854,Citrobacter,genus,
genome_353,3,markers + neural network,0.4710145,0.06521739,0.8796296,0.018518519,0.8678751202272067,0.004645760743321719,861.0,0.8716792242465672,0.0,0.0011965186428778275,0.55605006,Comamonadaceae,family,
genome_67,3,markers + neural network,0.3043478,0.028985508,0.6203704,0.009259259,0.6030483359607978,0.005964214711729622,503.0,0.6419079569798538,0.0,0.0010195744484976811,0.40133786,Hyphomicrobiales,order,
genome_223,3,markers + neural network,0.46376812,0.04347826,0.9166667,0.0,0.7555641506029211,0.0015527950310559005,644.0,0.7498613617550207,0.0,0.0011643144255700296,0.51623917,Mycobacteriales,order,
genome_289,3,markers + neural network,0.36231884,0.036231883,0.7314815,0.037037037,0.6543543910121059,0.005405405405405406,555.0,0.6639132317105554,0.0016736970577638371,0.001038753279882397,0.44649145,Cyanophyceae,class,
genome_18,2,markers,0.35507247,0.014492754,0.5462963,0.009259259,0.5519252077362241,0.0025887573964497044,1352.0,0.5892133027435099,0.0,0.0012738020678163026,0.45718223,Bacillus,genus,
genome_383,3,markers + neural network,0.44927537,0.10869565,0.8981481,0.018518519,0.8333333052324327,0.006906077348066298,724.0,0.8319060803435341,0.0,0.0010792028255620116,0.50931877,Micromonospora,genus,
genome_267,3,markers + neural network,0.36956522,0.057971016,0.787037,0.009259259,0.6883883299650969,0.005787037037037037,864.0,0.6787854648603214,0.0,0.0014015497381598097,0.5647761,Streptococcus,genus,
genome_569,3,markers + neural network,0.51449275,0.057971016,1.0,0.0,1.0,0.0062298443407580424,1137.0,1.0,0.0,0.0012251785521047505,0.7167991,Pseudomonas,genus,
genome_400,3,markers + neural network,0.44927537,0.0,0.8796296,0.0,0.6819041052529978,0.0029069767441860465,688.0,0.6818112302498012,0.004691268664953334,0.0011401628439405146,0.5798394,Corynebacterium,genus,
genome_228,3,markers + neural network,0.28985506,0.036231883,0.5462963,0.0,0.6434473205174317,0.0032119914346895075,934.0,0.6376870690700029,0.0,0.001050504760471231,0.4699073,Bacteroides,genus,
genome_519,3,markers + neural network,0.51449275,0.11594203,1.0,0.018518519,1.0,0.01097804429288396,835.0,1.0,0.0,0.0011023811029840784,0.61484,Streptomyces,genus,
genome_411,3,markers + neural network,0.42028984,0.06521739,0.8055556,0.0,0.7024587777944712,-3.692540290628061e-10,1040.0,0.6971570214986834,0.005197822407433418,0.0013186267806216201,0.66519475,Campylobacter,genus,
genome_413,3,markers + neural network,0.2753623,0.04347826,0.6666667,0.009259259,0.7914290149231807,0.011606314720217564,718.0,0.7873319615817538,0.036906994180814404,0.0012416406849816279,0.63609314,Streptococcus,genus,
genome_381,3,markers + neural network,0.49275362,0.057971016,0.9444444,0.009259259,0.8733578843839158,0.0021398002853067048,1402.0,0.8562123958378742,0.0,0.0013277671047451471,0.7633029,Staphylococcus aureus,species,
genome_338,3,markers + neural network,0.45652175,0.050724637,0.787037,0.0,0.827217125382263,0.039755351681957186,327.0,0.8049723623630869,0.04301281390411911,0.0010500430356233752,0.45892844,Bacteria,superkingdom,
genome_169,2,markers,0.17391305,0.04347826,0.4074074,0.0,0.547672084677981,0.002228826151560178,673.0,0.6208081825192933,0.0,0.0009914510974989932,0.44479066,Flavobacteriaceae,family,
genome_44,2,markers,0.29710144,0.036231883,0.537037,0.018518519,0.48560184902615017,0.016666666666666666,360.0,0.6211161054356316,0.022955457978346964,0.0008253894257556623,0.3511092,Bacteroidales,order,
genome_598,3,markers + neural network,0.5,0.11594203,1.0,0.018518519,1.0,0.01139088774756562,1390.0,1.0,0.0,0.0012321465523116048,0.74343586,Vibrio,genus,
genome_294,3,markers + neural network,0.42028984,0.04347826,0.7222222,0.0,0.694139166192694,-5.45830096627724e-11,182.0,0.6560124824133371,0.006740630865208423,0.0009413130714535451,0.37917793,Bacteria,superkingdom,
genome_332,3,markers + neural network,0.46376812,0.028985508,0.8981481,0.0,0.823791224355916,0.0007633585056275812,655.0,0.82749932846837,0.0,0.0012653303726018652,0.59615105,Streptococcus,genus,
genome_109,2,markers,0.1594203,0.036231883,0.37037036,0.0,0.5294294930107349,-2.8712158935385044e-10,949.0,0.6109223013502537,0.0007619563081351644,0.0013041835747151808,0.54683304,Campylobacter,genus,
genome_547,3,markers + neural network,0.5072464,0.07971015,1.0,0.0,0.9996807931483477,0.006704980842911878,1044.0,1.0,0.0,0.0012984831247448382,0.7217009,Pseudomonas,genus,
genome_287,3,markers + neural network,0.4710145,0.028985508,0.8425926,0.0,0.7236675415039062,0.0125,1000.0,0.7083374188103473,0.005773231437964398,0.0013350478686067744,0.592368,Staphylococcus,genus,
genome_103,3,markers + neural network,0.5072464,0.0942029,1.0,0.0,1.0,0.0036398469259912485,522.0,0.9965571527030299,0.0,0.0011997181705845226,0.6059133,Lachnospiraceae,family,
genome_160,3,markers + neural network,0.3043478,0.028985508,0.6944444,0.018518519,0.6577442601783988,0.00859106529209622,582.0,0.6467481077990809,0.004518667054841337,0.0011925166601592229,0.44866607,Selenomonadaceae,family,
genome_393,3,markers + neural network,0.45652175,0.07971015,0.8703704,0.018518519,0.8266915099261558,0.025422373209914115,1460.0,0.8131734425430169,0.030430698859421654,0.0011996440396026284,0.620361,Proteus,genus,
genome_443,3,markers + neural network,0.18115942,0.02173913,0.537037,0.0,0.7701587158552397,0.004530281126925532,1398.0,0.7576244907059105,0.0,0.0013050018578671684,0.6760113,Staphylococcus aureus,species,
genome_565,3,markers + neural network,0.4710145,0.123188406,0.9444444,0.027777778,0.9907801851313165,0.031028368117961478,470.0,0.9852927011428125,0.008405261387002684,0.000621819271994079,0.5183984,Planctomycetia,class,
genome_230,3,markers + neural network,0.16666667,0.02173913,0.39814815,0.009259259,0.6992149284128537,0.0010234792859779647,1661.0,0.6946811201568852,0.0,0.0014094366010181782,0.56340176,Enterobacteriaceae,family,
genome_378,3,markers + neural network,0.3043478,0.04347826,0.7037037,0.0,0.7880945038377193,-5.84128716390727e-10,1425.0,0.7670270549786353,0.0,0.0013169161199272233,0.7107779,Staphylococcus aureus,species,
genome_533,3,markers + neural network,0.5072464,0.13043478,1.0,0.009259259,0.9988317757009346,0.012363707907846041,856.0,1.0,0.0,0.0012072781344925467,0.6163368,Burkholderiaceae,family,
genome_282,3,markers + neural network,0.42753622,0.072463766,0.787037,0.018518519,0.7385692765227462,0.00331858407079646,452.0,0.7303181102624176,0.0,0.0012343932135325073,0.51583403,Eubacteriales,order,
genome_380,3,markers + neural network,0.23188406,0.04347826,0.5185185,0.018518519,0.6725,0.015,200.0,0.6571887238452542,0.05332312150501873,0.0009301863825893281,0.42627412,Bacteria,superkingdom,
genome_369,3,markers + neural network,0.48550725,0.057971016,0.8888889,0.009259259,0.9115820471180072,0.0026307643954136244,1077.0,0.903245199422734,0.0,0.0012602400066975298,0.7730034,Staphylococcus,genus,
genome_379,2,markers,0.2173913,0.07971015,0.46296296,0.0,0.5855932720636917,0.003389830306424933,295.0,0.6211509230548284,0.02513621448986985,0.0009927679237708544,0.41500014,Bacteria,superkingdom,
genome_121,3,markers + neural network,0.49275362,0.06521739,1.0,0.018518519,1.0,0.0053556130906916525,778.0,1.0,0.013922369381813862,0.0013015589763208763,0.7640877,Listeria,genus,
genome_551,3,markers + neural network,0.5217391,0.10144927,1.0,0.009259259,0.9999069940476191,0.009672619047619048,1344.0,1.0,0.0,0.0013810330220383612,0.75404644,Enterobacteriaceae,family,
genome_329,3,markers + neural network,0.46376812,0.036231883,0.9259259,0.009259259,0.8198229014444695,0.002826310135232704,1946.0,0.8090672558459249,0.002178943882604728,0.0014329757559762798,0.6680408,Escherichia coli,species,
genome_483,3,markers + neural network,0.2536232,0.028985508,0.5648148,0.018518519,0.6478676236291446,-4.0342738435236737e-10,852.0,0.653827863566368,0.0,0.0010794368883862257,0.53805274,Synechococcales,order,
genome_539,3,markers + neural network,0.5072464,0.06521739,1.0,0.009259259,0.9998266296809986,0.008610726064187313,1442.0,1.0,0.0,0.0013966513285822108,0.71879053,Citrobacter,genus,
genome_365,3,markers + neural network,0.48550725,0.10144927,0.9444444,0.009259259,0.8058074681104812,0.007005899353364928,904.0,0.7947449065268982,0.0,0.0011067789298847483,0.57871705,Bacteroides,genus,
genome_189,3,markers + neural network,0.39855072,0.036231883,0.6851852,0.018518519,0.6870092355209448,0.0021413276231263384,467.0,0.6921635257756699,0.0,0.0012130048558476624,0.47941273,Negativicutes,class,
genome_298,3,markers + neural network,0.33333334,0.06521739,0.6018519,0.018518519,0.698113789127822,0.009773318185455425,1794.0,0.6925570412645191,0.004189761547910877,0.001455804562047813,0.56499535,Enterobacteriaceae,family,
genome_462,3,markers + neural network,0.47826087,0.06521739,0.8796296,0.0,0.8652999242146809,0.005043402314186096,1920.0,0.8536826305922279,0.0,0.0013796648846901166,0.7072665,Salmonella enterica,species,
genome_290,3,markers + neural network,0.1594203,0.02173913,0.42592594,0.0,0.6753009134087681,0.0018078505007688664,1936.0,0.6724355897969485,0.0,0.0013718821466077436,0.5515841,Klebsiella pneumoniae,species,
genome_543,3,markers + neural network,0.49275362,0.11594203,0.9259259,0.037037037,0.9749216300940439,0.02298850624538888,319.0,0.9586946948144155,0.0,0.0009439543130768226,0.47460684,Spirochaetales,order,
genome_585,3,markers + neural network,0.48550725,0.036231883,1.0,0.0,0.9894991922455574,0.018309101727166738,619.0,0.9910476299544012,0.0,0.0010547203784276383,0.59702754,Micrococcaceae,family,
genome_56,2,markers,0.16666667,0.028985508,0.37962964,0.0,0.5587155963302752,0.007339449541284404,545.0,0.6114526304012147,0.0,0.0010667061658624403,0.36478093,Streptomyces,genus,
genome_159,3,markers + neural network,0.38405797,0.057971016,0.5925926,0.009259259,0.6753557869557584,0.007490636525529154,445.0,0.6583078492756874,0.002104652835611266,0.0011794803773384091,0.43469837,Desulfovibrionales,order,
genome_431,3,markers + neural network,0.48550725,0.050724637,0.9259259,0.0,0.8889519642975371,0.01765536857863604,944.0,0.8806037797315935,0.0004763491137839207,0.0012444134650867193,0.6960954,Staphylococcus,genus,
genome_308,3,markers + neural network,0.44927537,0.050724637,0.9351852,0.0,0.8029275432757126,0.0023112478902784445,649.0,0.795347627077228,0.0,0.0011588017479259305,0.5353992,Mycobacteriales,order,
genome_187,3,markers + neural network,0.3043478,0.04347826,0.7407407,0.0,0.8438488719909172,-1.3797372278114062e-10,984.0,0.8388695941200528,0.0,0.001322133129693267,0.67376596,Mammaliicoccus,genus,
genome_485,3,markers + neural network,0.51449275,0.10869565,0.9166667,0.018518519,0.9582210242587601,0.008086253369272238,371.0,0.9441395560830244,0.0,0.0008579810164997123,0.524739,Treponema,genus,
genome_3,3,markers + neural network,0.18115942,0.014492754,0.41666666,0.009259259,0.6202531162696548,0.0023734177215189874,632.0,0.6042054791692945,0.00019679469882600414,0.00116767098495029,0.40563723,Burkholderiaceae,family,
genome_361,3,markers + neural network,0.4057971,0.036231883,0.7962963,0.0,0.8773584905660378,0.018867924528301886,159.0,0.885043947853048,0.03659712528754423,0.0008856898362878174,0.53766453,Bacteria,superkingdom,
genome_523,3,markers + neural network,0.5072464,0.072463766,1.0,0.0,0.9985893034262343,0.0006095437545138591,1914.0,1.0,0.0,0.0013937758459152117,0.83073986,Salmonella enterica,species,
genome_15,3,markers + neural network,0.47826087,0.07971015,0.9444444,0.009259259,0.9623141926564988,0.021496815286624203,628.0,0.9808742874314069,0.0,0.0010411277258038523,0.5981929,Alistipes,genus,
genome_30,2,markers,0.18115942,0.007246377,0.32407406,0.0,0.3657310511356213,0.005852842809364548,1196.0,0.5514126786325818,0.01357948893968642,0.0012860138604932163,0.34098983,Agrobacterium,genus,
genome_428,3,markers + neural network,0.46376812,0.0942029,0.9074074,0.018518519,0.8357706880928754,0.009956942949407965,929.0,0.839651532012066,0.0,0.0011737939365799711,0.52800983,Bradyrhizobium,genus,
genome_371,3,markers + neural network,0.28985506,0.06521739,0.6944444,0.009259259,0.7740088722922586,0.002272727137262171,880.0,0.7738864850361796,0.018216967854656735,0.001371132089001566,0.6383,Streptococcus,genus,
genome_286,3,markers + neural network,0.42753622,0.028985508,0.7592593,0.009259259,0.6717698398606602,0.0025252523532333484,1386.0,0.6745446861395343,0.0,0.0013148900152579177,0.5751178,Bacillus,genus,
genome_434,3,markers + neural network,0.47826087,0.050724637,0.9722222,0.009259259,0.8513557101697061,0.006585612968591692,987.0,0.839392502679404,0.0,0.001283844819454326,0.713889,Streptococcus suis,species,
genome_315,3,markers + neural network,0.4347826,0.036231883,0.9351852,0.009259259,0.8642384105960265,0.009933774834437087,604.0,0.866521939033354,0.0,0.0011334672076024606,0.58373123,Microbacterium,genus,
genome_152,2,markers,0.21014492,0.014492754,0.44444445,0.0,0.5264900662251656,0.0033112582781456954,302.0,0.6156911298501124,0.017987476872185236,0.0010686105907591781,0.37789425,Bacteria,superkingdom,
genome_408,3,markers + neural network,0.35507247,0.028985508,0.75,0.0,0.7831325301204819,0.0030120481927710845,166.0,0.743551206303205,0.07496726130467297,0.0009274490451348091,0.43369383,Bacteria,superkingdom,
genome_348,3,markers + neural network,0.48550725,0.06521739,0.9444444,0.018518519,0.8483150161818542,0.0024700067206512646,1417.0,0.8247131012153217,0.0,0.001336439784671789,0.7484315,Staphylococcus aureus,species,
genome_132,3,markers + neural network,0.2753623,0.07971015,0.5833333,0.009259259,0.6701439099434094,0.0016025638478433983,936.0,0.6521665262559455,0.0,0.0012378846417172879,0.48799002,Burkholderia,genus,
genome_586,3,markers + neural network,0.48550725,0.072463766,0.962963,0.0,0.9911894273127754,0.00881057268722467,454.0,0.9941369407809508,0.0,0.0009956459477486112,0.6108335,Bacteroidales,order,
genome_145,3,markers + neural network,0.39130434,0.02173913,0.7685185,0.0,0.8578431372549019,0.015250545701170279,153.0,0.8262343834962385,0.08316674580065683,0.0008097941076476031,0.41073772,Bacteria,superkingdom,
genome_65,2,markers,0.26086956,0.050724637,0.5277778,0.0,0.4981383635544,0.0011829645475754603,1902.0,0.569821558548677,0.0,0.0013770407412854832,0.42438486,Klebsiella pneumoniae,species,
genome_270,3,markers + neural network,0.3115942,0.028985508,0.6481481,0.0,0.6987668048546936,0.0029182879377431907,1028.0,0.6943199418802997,0.0,0.0014728604894582067,0.6224817,Haemophilus,genus,
genome_135,3,markers + neural network,0.16666667,0.02173913,0.5185185,0.0,0.6193136776194853,0.0004901958154697044,1020.0,0.6073543453490733,0.0,0.0011926860023676118,0.46849027,Bacillales,order,
genome_459,3,markers + neural network,0.48550725,0.07971015,0.8333333,0.018518519,0.7309976247030879,0.07442596689255956,421.0,0.7231149518451054,0.09771180428622113,0.0008614481517730073,0.38909236,Pseudomonadota,phylum,
genome_347,3,markers + neural network,0.9130435,0.014492754,0.49074075,0.018518519,0.8641304347826086,0.029503105590062112,322.0,0.8566830763358664,0.0006915125736687358,0.0009756778573085567,0.48423457,Euryarchaeota,phylum,
genome_341,3,markers + neural network,0.32608697,0.036231883,0.6851852,0.009259259,0.7839285714285714,0.007142857142857143,140.0,0.7466511286173743,0.04779953546384163,0.000881762339115422,0.4028035,Bacteria,superkingdom,
genome_373,3,markers + neural network,0.442029,0.057971016,0.7314815,0.0,0.6322079379458903,0.00964630225080386,311.0,0.6354248428400375,0.03549907875578955,0.0009864554004237903,0.38806605,Bacteria,superkingdom,
genome_446,3,markers + neural network,0.4347826,0.0942029,0.8333333,0.018518519,0.9031888408637936,0.006819093844233581,831.0,0.9050186156606562,0.0,0.0010827714872157354,0.628645,Parabacteroides,genus,
genome_106,3,markers + neural network,0.3478261,0.036231883,0.6388889,0.0,0.7043285408878132,0.00408997955010225,489.0,0.6886704536397028,0.0,0.0009703677586497632,0.50169754,Flavobacteriales,order,
genome_303,3,markers + neural network,0.4710145,0.04347826,0.9259259,0.0,0.8220117338337103,0.006575463203234895,1133.0,0.8198516246616753,0.0,0.0012679719130945196,0.5814962,Pseudomonas,genus,
genome_359,2,markers,0.21014492,0.036231883,0.5092593,0.027777778,0.5746554364471669,0.019908116385911178,653.0,0.6213039326465545,0.029913879899164907,0.0011323192548700377,0.43040404,Cyanophyceae,class,
genome_360,3,markers + neural network,0.45652175,0.07971015,0.8888889,0.0,0.7795283608079147,0.014354066985645933,627.0,0.7736479928561875,0.0,0.0012167137209382318,0.508574,Phyllobacteriaceae,family,
genome_163,3,markers + neural network,0.41304347,0.036231883,0.7592593,0.0,0.6376859009109457,-2.4118237415964325e-10,762.0,0.6139718111023251,0.0,0.0012624674337213333,0.46553102,Mycobacteriaceae,family,
genome_475,3,markers + neural network,0.38405797,0.036231883,0.8148148,0.009259259,0.7543608952442301,0.007223396758280479,1419.0,0.7419557163570857,0.0,0.0012758194804215707,0.5970918,Pectobacterium,genus,
genome_592,3,markers + neural network,0.49275362,0.08695652,1.0,0.027777778,0.9979296066252588,0.0040257650050235004,1449.0,1.0,0.0,0.0012959498728152598,0.7781986,Bacillus,genus,
genome_596,3,markers + neural network,0.5,0.07971015,1.0,0.009259259,0.9974093264248705,0.0,772.0,0.9939905266163986,0.0,0.0012454281641860357,0.6734033,Mycobacterium,genus,
genome_552,3,markers + neural network,0.5072464,0.06521739,1.0,0.018518519,0.9996839443742098,0.015729036102102016,1582.0,1.0,0.0008232450199157151,0.0013519321104332373,0.7663341,Citrobacter,genus,
genome_149,2,markers,0.3043478,0.06521739,0.537037,0.0,0.5618619328725362,-4.172495004197204e-10,1002.0,0.611684685608454,0.0033862165871543365,0.0012309768828950767,0.556234,Campylobacter,genus,
genome_597,3,markers + neural network,0.5,0.057971016,1.0,0.009259259,0.9994253434806034,0.007040230323528422,1450.0,0.9975285709842673,0.0095960448892239,0.0012948365473627857,0.9002511,Staphylococcus aureus,species,
genome_273,3,markers + neural network,0.44927537,0.036231883,0.8611111,0.009259259,0.6531456749718468,0.0031531529383616403,1110.0,0.6320121772200702,0.0,0.00137418809272359,0.46026725,Enterobacteriaceae,family,
genome_285,3,markers + neural network,0.1884058,0.007246377,0.41666666,0.009259259,0.6173076923076923,0.0,260.0,0.6412286194398849,0.0,0.0009300704668449488,0.46093363,Bacteria,superkingdom,
genome_140,3,markers + neural network,0.33333334,0.036231883,0.6851852,0.046296295,0.6520731374987213,0.014729950900163666,611.0,0.6448907714527913,0.004018702246761215,0.0013246353691886965,0.50465494,Streptococcus,genus,
genome_111,3,markers + neural network,0.39855072,0.050724637,0.6666667,0.0,0.6703703703703704,0.0,135.0,0.6291010275985293,0.0043505935666418236,0.0009231750426276804,0.32517755,Bacteria,superkingdom,
genome_477,3,markers + neural network,0.5,0.072463766,1.0,0.027777778,1.0,0.0136986301369863,876.0,1.0,0.0,0.0014387280485343803,0.7904902,Streptococcus,genus,
genome_155,3,markers + neural network,0.4347826,0.057971016,0.787037,0.0,0.6727969816361351,-1.8269623464137153e-10,435.0,0.6546020992407233,0.0,0.0010404376337104157,0.47632128,Bacteroidales,order,
genome_124,2,markers,0.10869565,0.02173913,0.4074074,0.0,0.5719837593568993,0.004484304932735426,669.0,0.6198772796510608,0.0,0.0011472703705117048,0.4382664,Mycobacteriales,order,
genome_390,3,markers + neural network,0.35507247,0.072463766,0.6296296,0.018518519,0.6476910828025477,0.0031847133757961785,628.0,0.6524139195352433,0.0,0.0011437110671884381,0.48273423,Bacteroidales,order,
genome_529,3,markers + neural network,0.47826087,0.13043478,0.9907407,0.0,0.99734395750332,0.008676405446937834,753.0,1.0,0.0,0.0012617079371310496,0.77700883,Campylobacter,genus,
genome_409,3,markers + neural network,0.4057971,0.057971016,0.7962963,0.0,0.8670703601040216,0.002089136158191394,1436.0,0.862317683255039,0.0,0.0012784101423992458,0.6945126,Aeromonas,genus,
genome_447,3,markers + neural network,0.41304347,0.04347826,0.8703704,0.009259259,0.8634453781512605,0.0,238.0,0.8514620465026367,0.0,0.0009649194910997251,0.5605783,Bacteria,superkingdom,
genome_156,3,markers + neural network,0.442029,0.057971016,0.8981481,0.0,0.9313271840413412,0.05555555555555555,216.0,0.916337443320775,0.07052337226849384,0.001033436945185143,0.42632222,Bacillota,phylum,
genome_84,2,markers,0.28985506,0.014492754,0.5185185,0.0,0.517379866217688,-3.7179328740124045e-10,868.0,0.6110532151751408,0.0,0.0012219283002578888,0.51336133,Campylobacter,genus,
genome_45,3,markers + neural network,0.48550725,0.08695652,1.0,0.009259259,1.0,0.004016064257028112,498.0,1.0,0.005325958887953203,0.0012277356881240278,0.6848967,Weissella,genus,
genome_57,2,markers,0.36231884,0.050724637,0.6296296,0.0,0.5844611375851738,-2.5395461973933113e-10,665.0,0.6095547123948892,0.0,0.0012382110870751489,0.4322144,Mycobacteriaceae,family,
genome_180,2,markers,0.41304347,0.014492754,0.7222222,0.009259259,0.5512558147471438,0.006182795186196604,1860.0,0.579306372206954,0.0037383601113003054,0.0014265296293479808,0.46949503,Escherichia coli,species,
genome_451,3,markers + neural network,0.5072464,0.13768116,1.0,0.009259259,0.9225073671760448,0.004398826979472141,1023.0,0.9277203342216804,0.0,0.0012744766410617504,0.617749,Rhizobium,genus,
genome_491,3,markers + neural network,0.47826087,0.06521739,0.9537037,0.0,0.8453880636918757,0.00295193292504194,1914.0,0.8362137626598204,0.0,0.0014073715072130363,0.6805458,Salmonella enterica,species,
genome_183,3,markers + neural network,0.42028984,0.014492754,0.787037,0.009259259,0.6693414578771895,-6.721738418119037e-10,1099.0,0.6660766367182535,0.0,0.0008881554311595411,0.5667927,Leptospira,genus,
genome_37,2,markers,0.1884058,0.072463766,0.3611111,0.009259259,0.5066179688285649,0.0012067577480214886,1243.0,0.57479387085309,0.0,0.0013178113565277454,0.46937925,Enterococcus faecalis,species,
genome_376,3,markers + neural network,0.49275362,0.072463766,0.9351852,0.0,0.8516902115592908,0.00941377855234795,779.0,0.8535636863007974,0.0,0.001131322002464232,0.58531475,Bacteroides,genus,
genome_537,3,markers + neural network,0.4710145,0.06521739,0.962963,0.0,0.9926739926739927,0.0,273.0,0.9982821122529854,0.0,0.0013247022031580014,0.69304067,Bacteria,superkingdom,
genome_266,3,markers + neural network,0.38405797,0.036231883,0.6759259,0.009259259,0.7364031078610603,0.005789153100803522,1094.0,0.7269764723819618,0.0,0.001300990454768194,0.56072617,Vibrio,genus,
genome_144,2,markers,0.13768116,0.057971016,0.3148148,0.0,0.588304063570493,0.0008060176932382558,1861.0,0.6022620023699656,0.0,0.0013847052368900765,0.48677853,Salmonella enterica,species,
genome_250,3,markers + neural network,0.35507247,0.028985508,0.75,0.0,0.7831325301204819,0.0030120481927710845,166.0,0.743551206303205,0.07496726130467297,0.0009274490451348091,0.43369383,Bacteria,superkingdom,
genome_237,3,markers + neural network,0.442029,0.028985508,0.9166667,0.0,0.8814055636896047,0.007320644216691069,683.0,0.8752768664077921,0.0,0.0012157544716302627,0.7419259,Helicobacter,genus,
genome_288,3,markers + neural network,0.49275362,0.06521739,1.0,0.009259259,0.9977037887485649,0.0057405281285878304,871.0,1.0,0.0,0.0014937754332476326,0.804446,Streptococcus,genus,
genome_426,3,markers + neural network,0.46376812,0.057971016,0.9814815,0.009259259,1.0,0.002962962962962963,675.0,0.9996914638716494,0.003317157684923286,0.0011964220454901415,0.821844,Helicobacter,genus,
genome_436,3,markers + neural network,0.33333334,0.014492754,0.7222222,0.0,0.7640592021326865,0.004838709677419355,620.0,0.7567265696656589,0.0,0.001220822550097624,0.66619825,Helicobacter,genus,
genome_453,3,markers + neural network,0.16666667,0.028985508,0.3148148,0.009259259,0.6735543772660566,0.0033149168636258794,905.0,0.6681342781648487,0.0,0.0010801173067640734,0.50280964,Bacteroides,genus,
genome_354,3,markers + neural network,0.42753622,0.04347826,0.7314815,0.009259259,0.8480585649406676,0.00529500756429652,661.0,0.8539254854097804,0.0,0.0012292370482023104,0.59267765,Bacillaceae,family,
genome_508,3,markers + neural network,0.47826087,0.123188406,1.0,0.0,0.9985576923076923,0.0016826923076923078,1040.0,0.9988916192500927,0.0,0.0013371423144308897,0.88581866,Campylobacter,genus,
genome_138,3,markers + neural network,0.5,0.08695652,1.0,0.009259259,0.9988452655889145,0.004618937644341801,866.0,1.0,0.0,0.0014336403215390917,0.7924011,Streptococcus,genus,
genome_125,2,markers,0.23913044,0.036231883,0.4351852,0.0,0.5481472883049431,0.0007980842639804363,1253.0,0.593265458909807,0.0,0.0012627931688418655,0.47952428,Enterococcus faecalis,species,
genome_128,3,markers + neural network,0.39855072,0.050724637,0.6296296,0.009259259,0.6301053821833358,0.0011587480680967399,863.0,0.630056922509699,0.0,0.0014664499709838433,0.54997,Streptococcus,genus,
genome_334,3,markers + neural network,0.20289855,0.028985508,0.49074075,0.018518519,0.746461836319396,0.007681564245810056,716.0,0.7593246703802411,0.0,0.001159570757035236,0.5226827,Micrococcaceae,family,
genome_23,2,markers,0.13043478,0.028985508,0.30555555,0.009259259,0.4714941088941848,0.009174311926605505,654.0,0.605594888803603,0.05757244071360126,0.0012062673017831603,0.38496363,Rhodobacterales,order,
genome_276,3,markers + neural network,0.45652175,0.04347826,0.8888889,0.0,0.7981493483744395,0.009865471422226796,1338.0,0.7846309422050686,0.006943013825988227,0.0012188742250860668,0.6382493,Acinetobacter baumannii,species,
genome_440,3,markers + neural network,0.5072464,0.050724637,0.9444444,0.0,0.9032786885245901,0.011475409836065573,305.0,0.884988996659113,0.00173265214979499,0.0010641253322651897,0.50062615,Bacillota,phylum,
genome_492,3,markers + neural network,0.48550725,0.07971015,0.8703704,0.009259259,0.8324139822004277,0.00544773546010408,979.0,0.8345342971300269,0.0,0.0010871269691925406,0.5756449,Bacteroides,genus,
genome_123,3,markers + neural network,0.36956522,0.04347826,0.712963,0.009259259,0.6611331740826792,0.0017772511848341231,1688.0,0.6501771084841809,0.0,0.0014119074879929265,0.5345034,Escherichia,genus,
genome_541,3,markers + neural network,0.5,0.08695652,1.0,0.018518519,0.996316758747698,0.019337016574585635,543.0,0.9949377977188708,0.0,0.0011528147814122798,0.53439224,Hyphomicrobiales,order,
genome_139,3,markers + neural network,0.36231884,0.06521739,0.5833333,0.0,0.65230972410187,0.0031496062992125984,635.0,0.6482277101039653,0.0,0.001078264639118699,0.4951144,Deinococcus,genus,
genome_87,2,markers,0.19565217,0.036231883,0.4537037,0.0,0.5112363353454251,0.0012322858903265558,1623.0,0.5809174878989475,0.0,0.0013556831814873886,0.42454392,Enterobacteriaceae,family,
genome_343,3,markers + neural network,0.4710145,0.02173913,0.9074074,0.009259259,0.8331628096731085,0.0014619882169522736,684.0,0.8216859546150106,0.0,0.0011597109957246395,0.6599851,Corynebacterium,genus,
