genome_id	true_completeness	true_contamination	dominant_accession	dominant_phylum	sample_type	n_contigs	total_length	ref_index	replicate	pred_completeness	pred_contamination	wall_clock_s	n_threads	tool	stage	taxonomy
genome_0	58.643633	58.643633	GB_GCA_000145985.1	Thermoproteota	set_d_clean	78	2200254	0	0	65.65621870945292	22.82036895805081	1659.0	16	CoCoPyE 0.5.0	3	-
genome_1	63.789018	56.335953	GB_GCA_000145985.1	Thermoproteota	set_d_clean	11	2253488	0	1	67.1749703593698	27.934040237680392	1659.0	16	CoCoPyE 0.5.0	3	Thermoprotei
genome_2	100.0	30.370963	GB_GCA_000145985.1	Thermoproteota	set_d_clean	6	2445698	0	2	93.32987451397246	27.87690304260817	1659.0	16	CoCoPyE 0.5.0	3	Thermoprotei
genome_3	66.672246	66.672246	GB_GCA_000145985.1	Thermoproteota	set_d_clean	150	2501480	0	3	67.03595205005817	31.47720773140338	1659.0	16	CoCoPyE 0.5.0	3	Thermoprotei
genome_4	82.845786	74.753312	GB_GCA_000145985.1	Thermoproteota	set_d_clean	128	2956485	0	4	61.50646849391745	31.095172367630568	1659.0	16	CoCoPyE 0.5.0	2	Bacilli
genome_5	74.010863	35.249177	GB_GCA_000145985.1	Thermoproteota	set_d_clean	125	2049667	0	5	78.82949185386347	30.341947043273347	1659.0	16	CoCoPyE 0.5.0	3	Thermoprotei
genome_6	63.482507	49.236735	GB_GCA_000145985.1	Thermoproteota	set_d_clean	10	2114560	0	6	59.49031937402556	29.85543734810625	1659.0	16	CoCoPyE 0.5.0	3	Archaea
genome_7	72.904065	69.785437	GB_GCA_000145985.1	Thermoproteota	set_d_clean	55	2676788	0	7	59.40466453413962	34.387272183489245	1659.0	16	CoCoPyE 0.5.0	3	Thermoprotei
genome_8	56.802542	56.802542	GB_GCA_000145985.1	Thermoproteota	set_d_clean	29	2131178	0	8	61.71747287528848	26.84235141650063	1659.0	16	CoCoPyE 0.5.0	2	-
genome_9	71.001352	48.785071	GB_GCA_000145985.1	Thermoproteota	set_d_clean	259	2247137	0	9	66.4053502304053	30.53164261031266	1659.0	16	CoCoPyE 0.5.0	3	Thermoprotei
genome_10	100.0	42.647497	GB_GCA_000200715.1	Thermoproteota	set_d_clean	69	2917264	1	0	94.6882425044121	32.09976720549097	1659.0	16	CoCoPyE 0.5.0	3	Nitrososphaerota
genome_11	51.046166	11.80899	GB_GCA_000200715.1	Thermoproteota	set_d_clean	23	1285442	1	1	62.23531800665578	8.26850228750393	1659.0	16	CoCoPyE 0.5.0	2	Nitrososphaerota
genome_12	80.917037	80.917037	GB_GCA_000200715.1	Thermoproteota	set_d_clean	94	3309646	1	2	79.13074586697518	34.40590085031203	1659.0	16	CoCoPyE 0.5.0	3	Nitrososphaerota
genome_13	62.448621	23.194868	GB_GCA_000200715.1	Thermoproteota	set_d_clean	16	1751483	1	3	62.860902690487585	25.86964578447607	1659.0	16	CoCoPyE 0.5.0	3	Nitrososphaerota
genome_14	100.0	14.667941	GB_GCA_000200715.1	Thermoproteota	set_d_clean	29	2345058	1	4	97.51586691180295	15.815374689556819	1659.0	16	CoCoPyE 0.5.0	3	Nitrososphaerota
genome_15	52.488991	19.648122	GB_GCA_000200715.1	Thermoproteota	set_d_clean	5	1475266	1	5	66.33425642139751	19.32662184471432	1659.0	16	CoCoPyE 0.5.0	3	Nitrososphaerota
genome_16	62.64382	62.64382	GB_GCA_000200715.1	Thermoproteota	set_d_clean	200	2562240	1	6	66.60700046416461	33.692079832384394	1659.0	16	CoCoPyE 0.5.0	3	Nitrososphaerota
genome_17	87.626975	55.301831	GB_GCA_000200715.1	Thermoproteota	set_d_clean	63	2923017	1	7	84.36961041794464	32.61870670454136	1659.0	16	CoCoPyE 0.5.0	3	Nitrososphaerota
genome_18	100.0	16.125483	GB_GCA_000200715.1	Thermoproteota	set_d_clean	6	2374866	1	8	97.67164331324464	25.60125166117183	1659.0	16	CoCoPyE 0.5.0	3	Nitrososphaerota
genome_19	100.0	37.6791	GB_GCA_000200715.1	Thermoproteota	set_d_clean	5	2815656	1	9	96.68079476022676	26.20148370906098	1659.0	16	CoCoPyE 0.5.0	3	Nitrososphaerota
genome_20	77.195439	33.937034	GB_GCA_000495675.1	Thermoproteota	set_d_clean	10	1720893	2	0	70.29164183880732	16.98146343186986	1659.0	16	CoCoPyE 0.5.0	3	Thermoprotei
genome_21	100.0	39.381443	GB_GCA_000495675.1	Thermoproteota	set_d_clean	3	2158330	2	1	96.92098491689728	22.60656197086233	1659.0	16	CoCoPyE 0.5.0	3	Thermoprotei
genome_22	100.0	51.688402	GB_GCA_000495675.1	Thermoproteota	set_d_clean	8	2348904	2	2	97.53302688175478	27.517837380397346	1659.0	16	CoCoPyE 0.5.0	3	Thermoprotei
genome_23	58.315822	29.506505	GB_GCA_000495675.1	Thermoproteota	set_d_clean	56	1359934	2	3	63.3825394939167	20.68580875093257	1659.0	16	CoCoPyE 0.5.0	3	Thermoprotei
genome_24	76.717107	36.961562	GB_GCA_000495675.1	Thermoproteota	set_d_clean	6	1760321	2	4	92.80324708271944	24.947394004951658	1659.0	16	CoCoPyE 0.5.0	3	Thermoprotei
genome_25	83.513593	79.891198	GB_GCA_000495675.1	Thermoproteota	set_d_clean	27	2530333	2	5	63.275239714416976	32.30507072629994	1659.0	16	CoCoPyE 0.5.0	2	Thermoprotei
genome_26	81.381086	7.552957	GB_GCA_000495675.1	Thermoproteota	set_d_clean	119	1377149	2	6	78.52940301016677	12.11590714093045	1659.0	16	CoCoPyE 0.5.0	3	Thermoprotei
genome_27	100.0	55.092844	GB_GCA_000495675.1	Thermoproteota	set_d_clean	174	2401622	2	7	93.24762617696808	31.898465038444368	1659.0	16	CoCoPyE 0.5.0	3	Thermoprotei
genome_28	74.907427	49.704166	GB_GCA_000495675.1	Thermoproteota	set_d_clean	46	1929618	2	8	72.36791892389039	21.76818905202377	1659.0	16	CoCoPyE 0.5.0	3	Thermoprotei
genome_29	55.316092	55.316092	GB_GCA_000495675.1	Thermoproteota	set_d_clean	45	1713146	2	9	57.32263074557879	30.603724771062257	1659.0	16	CoCoPyE 0.5.0	3	Thermoprotei
genome_30	100.0	55.370931	GB_GCA_001512965.1	Thermoplasmatota	set_d_clean	22	2738119	3	0	92.09053850371947	25.24352067212013	1659.0	16	CoCoPyE 0.5.0	3	Archaea
genome_31	73.36225	73.36225	GB_GCA_001512965.1	Thermoplasmatota	set_d_clean	120	2585742	3	1	60.60291132100586	23.64657814449587	1659.0	16	CoCoPyE 0.5.0	2	Staphylococcus
genome_32	100.0	71.946779	GB_GCA_001512965.1	Thermoplasmatota	set_d_clean	28	3030237	3	2	96.11274036238726	26.07591152704775	1659.0	16	CoCoPyE 0.5.0	3	Archaea
genome_33	54.485786	30.866175	GB_GCA_001512965.1	Thermoplasmatota	set_d_clean	46	1504167	3	3	59.973256330780025	15.48631820540538	1659.0	16	CoCoPyE 0.5.0	2	Archaea
genome_34	62.359311	62.359311	GB_GCA_001512965.1	Thermoplasmatota	set_d_clean	51	2197930	3	4	72.20857383629036	27.749118158771918	1659.0	16	CoCoPyE 0.5.0	3	Archaea
genome_35	100.0	24.005468	GB_GCA_001512965.1	Thermoplasmatota	set_d_clean	8	2185362	3	5	94.67967414675822	14.39358802420965	1659.0	16	CoCoPyE 0.5.0	3	Archaea
genome_36	100.0	23.691789	GB_GCA_001512965.1	Thermoplasmatota	set_d_clean	3	2179834	3	6	92.42826718453244	7.784278416616409	1659.0	16	CoCoPyE 0.5.0	3	Archaea
genome_37	51.388206	24.809128	GB_GCA_001512965.1	Thermoplasmatota	set_d_clean	196	1342834	3	7	62.6008448026353	11.253850726079689	1659.0	16	CoCoPyE 0.5.0	2	Archaea
genome_38	74.272702	74.272702	GB_GCA_001512965.1	Thermoplasmatota	set_d_clean	10	2617832	3	8	67.47500010827856	14.63033999571815	1659.0	16	CoCoPyE 0.5.0	3	-
genome_39	75.590063	22.510953	GB_GCA_001512965.1	Thermoplasmatota	set_d_clean	46	1728845	3	9	77.77924830929052	12.7728483248638	1659.0	16	CoCoPyE 0.5.0	3	Archaea
genome_40	67.168355	11.495132	GB_GCA_002495365.1	Methanobacteriota	set_d_clean	34	1641670	4	0	70.23100423464597	5.23270280765145	1659.0	16	CoCoPyE 0.5.0	3	Methanobacteriales
genome_41	100.0	95.040042	GB_GCA_002495365.1	Methanobacteriota	set_d_clean	163	4070394	4	1	89.96181716745532	29.628922139822812	1659.0	16	CoCoPyE 0.5.0	2	Methanobacteriaceae
genome_42	65.062797	3.251966	GB_GCA_002495365.1	Methanobacteriota	set_d_clean	5	1425697	4	2	70.21330846352224	2.02356483338187	1659.0	16	CoCoPyE 0.5.0	3	Methanobacteriales
genome_43	82.455379	47.848418	GB_GCA_002495365.1	Methanobacteriota	set_d_clean	137	2719379	4	3	85.76480007405426	27.07692288276224	1659.0	16	CoCoPyE 0.5.0	3	Methanobacteriaceae
genome_44	100.0	12.087143	GB_GCA_002495365.1	Methanobacteriota	set_d_clean	6	2339206	4	4	99.74336605743268	13.557858626514879	1659.0	16	CoCoPyE 0.5.0	3	Methanobacteriaceae
genome_45	82.21177	70.540832	GB_GCA_002495365.1	Methanobacteriota	set_d_clean	105	3187875	4	5	84.92375408107694	29.77960446500264	1659.0	16	CoCoPyE 0.5.0	3	Methanobacteriaceae
genome_46	66.559046	17.361867	GB_GCA_002495365.1	Methanobacteriota	set_d_clean	5	1751390	4	6	68.88247403314361	24.86661420067836	1659.0	16	CoCoPyE 0.5.0	3	Methanobacteriales
genome_47	85.847166	29.809727	GB_GCA_002495365.1	Methanobacteriota	set_d_clean	218	2413705	4	7	86.84129948909025	26.503170313549568	1659.0	16	CoCoPyE 0.5.0	3	Methanobacteriaceae
genome_48	50.237787	49.817605	GB_GCA_002495365.1	Methanobacteriota	set_d_clean	70	2088109	4	8	61.958388562480074	22.44861123718553	1659.0	16	CoCoPyE 0.5.0	2	Methanobacteriaceae
genome_49	76.925834	57.449689	GB_GCA_002495365.1	Methanobacteriota	set_d_clean	298	2804354	4	9	81.8548332462856	25.68126157330565	1659.0	16	CoCoPyE 0.5.0	3	Methanobacteriaceae
genome_50	76.458749	75.471516	GB_GCA_002499445.1	Halobacteriota	set_d_clean	202	4710569	5	0	71.87237380467523	29.33687145517871	1659.0	16	CoCoPyE 0.5.0	2	-
genome_51	79.724791	79.724759	GB_GCA_002499445.1	Halobacteriota	set_d_clean	56	4943703	5	1	91.77468942467696	27.890234562981682	1659.0	16	CoCoPyE 0.5.0	2	Haemophilus
genome_52	82.179701	67.401961	GB_GCA_002499445.1	Halobacteriota	set_d_clean	436	4637751	5	2	78.56546896057725	27.73697903079338	1659.0	16	CoCoPyE 0.5.0	3	Methanosarcina
genome_53	82.45269	13.771734	GB_GCA_002499445.1	Halobacteriota	set_d_clean	313	2983420	5	3	79.33118347512152	4.57872400601579	1659.0	16	CoCoPyE 0.5.0	3	Methanosarcina
genome_54	79.102468	50.007886	GB_GCA_002499445.1	Halobacteriota	set_d_clean	29	4003042	5	4	77.38142293224575	28.65059548847238	1659.0	16	CoCoPyE 0.5.0	3	Methanosarcina
genome_55	82.163897	41.822543	GB_GCA_002499445.1	Halobacteriota	set_d_clean	43	3844176	5	5	75.41889680143696	27.12433842232113	1659.0	16	CoCoPyE 0.5.0	3	Methanosarcina
genome_56	58.543497	46.952844	GB_GCA_002499445.1	Halobacteriota	set_d_clean	74	3270894	5	6	59.40657398622247	28.750802030385657	1659.0	16	CoCoPyE 0.5.0	3	Methanosarcinaceae
genome_57	84.972203	16.026159	GB_GCA_002499445.1	Halobacteriota	set_d_clean	90	3131435	5	7	80.43403750432826	14.711797272027031	1659.0	16	CoCoPyE 0.5.0	3	Methanosarcinaceae
genome_58	80.026841	28.932253	GB_GCA_002499445.1	Halobacteriota	set_d_clean	20	3378256	5	8	75.603405731683	18.19285704063202	1659.0	16	CoCoPyE 0.5.0	3	Methanosarcina
genome_59	54.145953	49.633492	GB_GCA_002499445.1	Halobacteriota	set_d_clean	107	3217662	5	9	59.5152738632304	29.186000881246237	1659.0	16	CoCoPyE 0.5.0	3	Methanosarcinaceae
genome_60	86.178303	21.630577	GB_GCA_002503585.1	Methanobacteriota	set_d_clean	83	2302802	6	0	85.16864446434444	16.55673683671217	1659.0	16	CoCoPyE 0.5.0	3	Methanobacteriaceae
genome_61	56.307619	35.966693	GB_GCA_002503585.1	Methanobacteriota	set_d_clean	11	1970983	6	1	60.93271756403303	25.161926582123677	1659.0	16	CoCoPyE 0.5.0	2	Methanobacteriales
genome_62	84.490993	84.490993	GB_GCA_002503585.1	Methanobacteriota	set_d_clean	134	3609462	6	2	80.47500836071599	31.73521658059073	1659.0	16	CoCoPyE 0.5.0	2	Methanobacteriales
genome_63	96.119483	12.004753	GB_GCA_002503585.1	Methanobacteriota	set_d_clean	3	2309538	6	3	95.15391453495769	7.35024029119936	1659.0	16	CoCoPyE 0.5.0	3	Methanobacteriaceae
genome_64	58.16637	14.112427	GB_GCA_002503585.1	Methanobacteriota	set_d_clean	17	1543878	6	4	64.28567811797365	19.51503316004231	1659.0	16	CoCoPyE 0.5.0	3	Methanobacteriales
genome_65	100.0	0.485299	GB_GCA_002503585.1	Methanobacteriota	set_d_clean	2	2146370	6	5	100.0	0.47944986690643	1659.0	16	CoCoPyE 0.5.0	3	Methanobacteriaceae
genome_66	61.02217	30.839643	GB_GCA_002503585.1	Methanobacteriota	set_d_clean	10	1962172	6	6	69.39270239885072	22.88267063683772	1659.0	16	CoCoPyE 0.5.0	3	Methanobacteriaceae
genome_67	99.480385	71.193359	GB_GCA_002503585.1	Methanobacteriota	set_d_clean	93	3645598	6	7	94.52641678912308	31.97231716094821	1659.0	16	CoCoPyE 0.5.0	3	Methanobacteriaceae
genome_68	84.494645	28.188711	GB_GCA_002503585.1	Methanobacteriota	set_d_clean	30	2406921	6	8	82.75900296403873	20.52541240619695	1659.0	16	CoCoPyE 0.5.0	3	Methanobacteriaceae
genome_69	80.68042	47.958852	GB_GCA_002503585.1	Methanobacteriota	set_d_clean	76	2747740	6	9	76.69122999128648	29.428604652584838	1659.0	16	CoCoPyE 0.5.0	3	Methanobacteriaceae
genome_70	88.07678	4.051372	GB_GCA_002839645.1	Halobacteriota	set_d_clean	14	2563183	7	0	90.3571128014031	1.17192894439156	1659.0	16	CoCoPyE 0.5.0	3	Methanomicrobiales
genome_71	58.336607	2.685543	GB_GCA_002839645.1	Halobacteriota	set_d_clean	21	1697754	7	1	63.088088478380214	0.0	1659.0	16	CoCoPyE 0.5.0	3	Methanomicrobiaceae
genome_72	100.0	11.116015	GB_GCA_002839645.1	Halobacteriota	set_d_clean	34	3091462	7	2	100.0	20.449243147029637	1659.0	16	CoCoPyE 0.5.0	3	Methanomicrobiaceae
genome_73	100.0	33.03696	GB_GCA_002839645.1	Halobacteriota	set_d_clean	49	3701345	7	3	98.82299126709556	24.274131662995448	1659.0	16	CoCoPyE 0.5.0	3	Methanomicrobiales
genome_74	73.236688	29.011934	GB_GCA_002839645.1	Halobacteriota	set_d_clean	11	2844754	7	4	75.24223594505222	23.36451295404422	1659.0	16	CoCoPyE 0.5.0	3	Methanomicrobiaceae
genome_75	50.650404	11.315354	GB_GCA_002839645.1	Halobacteriota	set_d_clean	76	1724007	7	5	62.12538383050704	7.82164162867547	1659.0	16	CoCoPyE 0.5.0	3	Methanomicrobiales
genome_76	84.779668	64.776383	GB_GCA_002839645.1	Halobacteriota	set_d_clean	682	4160938	7	6	91.39760542679353	29.125304535566833	1659.0	16	CoCoPyE 0.5.0	2	Methanomicrobiaceae
genome_77	64.195762	57.619187	GB_GCA_002839645.1	Halobacteriota	set_d_clean	13	3389127	7	7	66.24725849466195	30.420927057626777	1659.0	16	CoCoPyE 0.5.0	3	Methanomicrobiales
genome_78	93.656766	57.93703	GB_GCA_002839645.1	Halobacteriota	set_d_clean	21	4217632	7	8	89.99365528448419	31.48633972332235	1659.0	16	CoCoPyE 0.5.0	2	Methanomicrobiales
genome_79	79.151878	60.198592	GB_GCA_002839645.1	Halobacteriota	set_d_clean	209	3876999	7	9	75.52180390815649	30.080230979846316	1659.0	16	CoCoPyE 0.5.0	2	Methanomicrobiaceae
genome_80	78.364331	77.791556	GB_GCA_002844335.1	Halobacteriota	set_d_clean	273	5811663	8	0	75.57931510388549	29.98085833273641	1659.0	16	CoCoPyE 0.5.0	2	Halobacteria
genome_81	80.585624	80.585597	GB_GCA_002844335.1	Halobacteriota	set_d_clean	519	5998319	8	1	84.07683812158024	31.324180164755578	1659.0	16	CoCoPyE 0.5.0	2	Halobacteria
genome_82	64.910286	35.346989	GB_GCA_002844335.1	Halobacteriota	set_d_clean	259	3731281	8	2	67.78754459788053	21.16698395463243	1659.0	16	CoCoPyE 0.5.0	3	Haloarculaceae
genome_83	84.656956	66.092136	GB_GCA_002844335.1	Halobacteriota	set_d_clean	119	5610438	8	3	78.75044963043352	30.24693760568659	1659.0	16	CoCoPyE 0.5.0	2	Halobacteria
genome_84	81.40377	26.917226	GB_GCA_002844335.1	Halobacteriota	set_d_clean	602	4031389	8	4	84.05351082105312	27.434689648557832	1659.0	16	CoCoPyE 0.5.0	3	Halobacteria
genome_85	97.124894	86.913367	GB_GCA_002844335.1	Halobacteriota	set_d_clean	41	6849363	8	5	80.2895513074744	28.971017597143327	1659.0	16	CoCoPyE 0.5.0	2	Halobacteria
genome_86	71.068268	61.876113	GB_GCA_002844335.1	Halobacteriota	set_d_clean	80	4947799	8	6	73.5307335328631	30.231037843314617	1659.0	16	CoCoPyE 0.5.0	2	Halobacteria
genome_87	78.446632	37.997762	GB_GCA_002844335.1	Halobacteriota	set_d_clean	184	4333718	8	7	74.965660389072	26.05069819009069	1659.0	16	CoCoPyE 0.5.0	3	Halobacteria
genome_88	82.500901	52.208073	GB_GCA_002844335.1	Halobacteriota	set_d_clean	201	5013472	8	8	78.47538764009141	30.185617286430173	1659.0	16	CoCoPyE 0.5.0	2	Haloarculaceae
genome_89	65.193489	1.686055	GB_GCA_002844335.1	Halobacteriota	set_d_clean	4	2489060	8	9	79.71412150998667	0.33540959239513	1659.0	16	CoCoPyE 0.5.0	3	Haloarculaceae
genome_90	93.139641	89.782335	GB_GCA_013538795.1	Thermoproteota	set_d_clean	169	2904201	9	0	77.17984053752976	29.27641948502446	1659.0	16	CoCoPyE 0.5.0	2	-
genome_91	91.629316	41.704017	GB_GCA_013538795.1	Thermoproteota	set_d_clean	55	2116896	9	1	78.42337694729002	29.19294604780137	1659.0	16	CoCoPyE 0.5.0	3	Nitrososphaerota
genome_92	83.074086	0.30951	GB_GCA_013538795.1	Thermoproteota	set_d_clean	10	1323858	9	2	67.9831367012279	6.32206936979259	1659.0	16	CoCoPyE 0.5.0	3	Nitrososphaerota
genome_93	100.0	89.014985	GB_GCA_013538795.1	Thermoproteota	set_d_clean	8	3000938	9	3	78.2965900727937	24.6070929528022	1659.0	16	CoCoPyE 0.5.0	2	Nitrososphaerota
genome_94	100.0	60.825221	GB_GCA_013538795.1	Thermoproteota	set_d_clean	90	2553377	9	4	77.28544952761769	30.97778040563886	1659.0	16	CoCoPyE 0.5.0	2	Nitrososphaerota
genome_95	89.600686	19.902977	GB_GCA_013538795.1	Thermoproteota	set_d_clean	14	1738559	9	5	74.17567981297734	19.449760779580767	1659.0	16	CoCoPyE 0.5.0	3	Nitrososphaerota
genome_96	79.502063	79.494001	GB_GCA_013538795.1	Thermoproteota	set_d_clean	322	2524336	9	6	62.4820895597671	34.60191764271664	1659.0	16	CoCoPyE 0.5.0	3	Nitrososphaerota
genome_97	67.455872	50.090825	GB_GCA_013538795.1	Thermoproteota	set_d_clean	17	1866256	9	7	64.08901423516217	28.2440281411166	1659.0	16	CoCoPyE 0.5.0	3	Nitrososphaerota
genome_98	65.220398	25.511567	GB_GCA_013538795.1	Thermoproteota	set_d_clean	29	1440526	9	8	66.21280921559378	21.15370831314202	1659.0	16	CoCoPyE 0.5.0	3	Nitrososphaerota
genome_99	100.0	41.507251	GB_GCA_013538795.1	Thermoproteota	set_d_clean	29	2246671	9	9	83.90064063858387	28.64208547113402	1659.0	16	CoCoPyE 0.5.0	3	Nitrososphaerota
genome_100	71.65549	50.557327	GB_GCA_014075315.1	Thermoproteota	set_d_clean	9	2349187	10	0	80.44061923709016	33.13600634213291	1659.0	16	CoCoPyE 0.5.0	3	Nitrosopumilaceae
genome_101	100.0	64.201778	GB_GCA_014075315.1	Thermoproteota	set_d_clean	32	3156303	10	1	97.57016659487941	32.29050891987859	1659.0	16	CoCoPyE 0.5.0	3	Nitrosopumilaceae
genome_102	79.88971	79.88971	GB_GCA_014075315.1	Thermoproteota	set_d_clean	44	3071296	10	2	73.44500314494424	34.18598460661202	1659.0	16	CoCoPyE 0.5.0	2	Nitrosopumilaceae
genome_103	71.542183	62.35916	GB_GCA_014075315.1	Thermoproteota	set_d_clean	15	2573865	10	3	80.84662059354069	33.62469524098868	1659.0	16	CoCoPyE 0.5.0	3	Nitrosopumilaceae
genome_104	100.0	81.261517	GB_GCA_014075315.1	Thermoproteota	set_d_clean	14	3484227	10	4	88.38471980428507	36.9974943622857	1659.0	16	CoCoPyE 0.5.0	2	Nitrosopumilaceae
genome_105	93.27753	89.71616	GB_GCA_014075315.1	Thermoproteota	set_d_clean	23	3517523	10	5	86.83732803599662	35.42718689661295	1659.0	16	CoCoPyE 0.5.0	2	Nitrosopumilaceae
genome_106	77.336087	77.336035	GB_GCA_014075315.1	Thermoproteota	set_d_clean	115	2973123	10	6	81.18786684445725	32.46579389817873	1659.0	16	CoCoPyE 0.5.0	3	Nitrosopumilaceae
genome_107	90.222868	16.772621	GB_GCA_014075315.1	Thermoproteota	set_d_clean	18	2056678	10	7	94.96144205572534	17.68206578723445	1659.0	16	CoCoPyE 0.5.0	3	Nitrosopumilaceae
genome_108	100.0	76.757534	GB_GCA_014075315.1	Thermoproteota	set_d_clean	151	3397651	10	8	91.01349678894952	35.85603457854591	1659.0	16	CoCoPyE 0.5.0	3	Nitrosopumilaceae
genome_109	100.0	59.309909	GB_GCA_014075315.1	Thermoproteota	set_d_clean	8	3062271	10	9	94.90234115424582	35.04667822651079	1659.0	16	CoCoPyE 0.5.0	3	Nitrosopumilaceae
genome_110	81.826848	5.811224	GB_GCA_015520735.1	Thermoproteota	set_d_clean	2	1340384	11	0	86.80470503177231	3.6535451751580896	1659.0	16	CoCoPyE 0.5.0	3	Thermoprotei
genome_111	100.0	63.385953	GB_GCA_015520735.1	Thermoproteota	set_d_clean	12	2498913	11	1	91.17438686295797	32.8780468204302	1659.0	16	CoCoPyE 0.5.0	3	Desulfurococcales
genome_112	63.85586	17.698669	GB_GCA_015520735.1	Thermoproteota	set_d_clean	12	1247339	11	2	64.38638000080928	7.59249706024009	1659.0	16	CoCoPyE 0.5.0	3	Thermoprotei
genome_113	70.524514	1.027556	GB_GCA_015520735.1	Thermoproteota	set_d_clean	5	1094356	11	3	60.60523715901528	5.55711174080316	1659.0	16	CoCoPyE 0.5.0	2	Thermoprotei
genome_114	95.899059	38.104382	GB_GCA_015520735.1	Thermoproteota	set_d_clean	15	2049521	11	4	92.51522957158691	22.90612274247811	1659.0	16	CoCoPyE 0.5.0	3	Desulfurococcales
genome_115	58.690748	41.734828	GB_GCA_015520735.1	Thermoproteota	set_d_clean	9	1535963	11	5	65.92057535900857	25.23627954622041	1659.0	16	CoCoPyE 0.5.0	3	Thermoprotei
genome_116	65.164497	65.164431	GB_GCA_015520735.1	Thermoproteota	set_d_clean	76	1993321	11	6	68.65433273604192	31.07120587606304	1659.0	16	CoCoPyE 0.5.0	3	Thermoprotei
genome_117	85.003995	49.670994	GB_GCA_015520735.1	Thermoproteota	set_d_clean	105	2059792	11	7	66.7658197925007	26.33886694170018	1659.0	16	CoCoPyE 0.5.0	3	Thermoprotei
genome_118	62.563438	28.011042	GB_GCA_015520735.1	Thermoproteota	set_d_clean	107	1385295	11	8	71.9976965203011	18.91817055172384	1659.0	16	CoCoPyE 0.5.0	3	Desulfurococcales
genome_119	63.003595	45.250985	GB_GCA_015520735.1	Thermoproteota	set_d_clean	19	1655704	11	9	65.756356422187	29.10633064641482	1659.0	16	CoCoPyE 0.5.0	3	Thermoprotei
genome_120	64.851843	19.888356	GB_GCA_015521735.1	Thermoproteota	set_d_clean	13	1723436	12	0	59.364949015018766	18.01145346209024	1659.0	16	CoCoPyE 0.5.0	2	Thermoprotei
genome_121	100.0	70.933893	GB_GCA_015521735.1	Thermoproteota	set_d_clean	10	3476433	12	1	86.77137126118002	34.333252536684085	1659.0	16	CoCoPyE 0.5.0	3	Desulfurococcales
genome_122	81.172423	62.561437	GB_GCA_015521735.1	Thermoproteota	set_d_clean	252	2923242	12	2	77.19047423732786	24.57768524235497	1659.0	16	CoCoPyE 0.5.0	3	Archaea
genome_123	67.513625	67.513625	GB_GCA_015521735.1	Thermoproteota	set_d_clean	26	2746168	12	3	69.40832651908819	27.27496056949433	1659.0	16	CoCoPyE 0.5.0	3	Actinomycetaceae
genome_124	65.422404	0.478467	GB_GCA_015521735.1	Thermoproteota	set_d_clean	3	1340284	12	4	68.81808080152379	0.0	1659.0	16	CoCoPyE 0.5.0	3	Desulfurococcales
genome_125	68.417701	68.417701	GB_GCA_015521735.1	Thermoproteota	set_d_clean	105	2782942	12	5	66.85268181059746	30.65673146913534	1659.0	16	CoCoPyE 0.5.0	2	Thermoprotei
genome_126	100.0	25.190728	GB_GCA_015521735.1	Thermoproteota	set_d_clean	16	2546114	12	6	91.81814693927848	21.016607502766092	1659.0	16	CoCoPyE 0.5.0	3	Desulfurococcales
genome_127	55.525797	55.525797	GB_GCA_015521735.1	Thermoproteota	set_d_clean	10	2258554	12	7	62.39314545288471	26.33805423059784	1659.0	16	CoCoPyE 0.5.0	3	Haemophilus
genome_128	100.0	76.097656	GB_GCA_015521735.1	Thermoproteota	set_d_clean	95	3581453	12	8	82.7787409887491	32.85641685156845	1659.0	16	CoCoPyE 0.5.0	2	Thermoprotei
genome_129	51.108916	51.108916	GB_GCA_015521735.1	Thermoproteota	set_d_clean	87	2078894	12	9	58.68657172125864	31.915040206058322	1659.0	16	CoCoPyE 0.5.0	3	Thermoprotei
genome_130	70.383582	70.383582	GB_GCA_016106165.1	Thermoproteota	set_d_clean	28	1772992	13	0	70.1919200288537	27.15360326560905	1659.0	16	CoCoPyE 0.5.0	3	Nitrososphaerota
genome_131	100.0	92.449034	GB_GCA_016106165.1	Thermoproteota	set_d_clean	2	2423936	13	1	96.51473615504295	30.75800632895754	1659.0	16	CoCoPyE 0.5.0	3	Nitrososphaerota
genome_132	66.960059	66.960059	GB_GCA_016106165.1	Thermoproteota	set_d_clean	44	1686752	13	2	74.14630502544154	29.19200055540816	1659.0	16	CoCoPyE 0.5.0	3	Nitrososphaerota
genome_133	86.240483	86.205073	GB_GCA_016106165.1	Thermoproteota	set_d_clean	38	2171988	13	3	88.11412940525918	29.72905415428711	1659.0	16	CoCoPyE 0.5.0	2	Nitrososphaerota
genome_134	68.006091	26.112546	GB_GCA_016106165.1	Thermoproteota	set_d_clean	6	1185444	13	4	72.70961193345447	15.74998884511151	1659.0	16	CoCoPyE 0.5.0	3	Nitrososphaerota
genome_135	100.0	23.468049	GB_GCA_016106165.1	Thermoproteota	set_d_clean	4	1555106	13	5	98.0787392477824	17.62288955879521	1659.0	16	CoCoPyE 0.5.0	3	Nitrososphaerota
genome_136	66.362768	42.137368	GB_GCA_016106165.1	Thermoproteota	set_d_clean	156	1366582	13	6	67.99976907137575	26.125219228646568	1659.0	16	CoCoPyE 0.5.0	3	Nitrososphaerota
genome_137	83.592334	53.62483	GB_GCA_016106165.1	Thermoproteota	set_d_clean	88	1728279	13	7	83.02804953032027	30.04251023183026	1659.0	16	CoCoPyE 0.5.0	3	Nitrososphaerota
genome_138	50.260933	12.045293	GB_GCA_016106165.1	Thermoproteota	set_d_clean	23	784760	13	8	60.94797837607388	9.159599043939851	1659.0	16	CoCoPyE 0.5.0	2	Nitrososphaerota
genome_139	66.628186	65.397877	GB_GCA_016106165.1	Thermoproteota	set_d_clean	24	1662896	13	9	61.03836327540666	30.04575717310506	1659.0	16	CoCoPyE 0.5.0	3	Nitrososphaerota
genome_140	88.514228	28.526771	GB_GCA_016872055.1	Thermoproteota	set_d_clean	66	1446340	14	0	89.58393071947135	22.06572693251118	1659.0	16	CoCoPyE 0.5.0	3	Nitrososphaerota
genome_141	78.234521	37.747531	GB_GCA_016872055.1	Thermoproteota	set_d_clean	5	1433254	14	1	75.89053253834486	23.79832154475576	1659.0	16	CoCoPyE 0.5.0	3	Nitrososphaerota
genome_142	72.831265	60.400079	GB_GCA_016872055.1	Thermoproteota	set_d_clean	34	1646413	14	2	67.37899068839694	30.476740410928922	1659.0	16	CoCoPyE 0.5.0	3	Nitrososphaerota
genome_143	100.0	49.132959	GB_GCA_016872055.1	Thermoproteota	set_d_clean	41	1842918	14	3	98.65266810467767	27.5014832365607	1659.0	16	CoCoPyE 0.5.0	3	Nitrososphaerota
genome_144	100.0	43.613176	GB_GCA_016872055.1	Thermoproteota	set_d_clean	51	1774707	14	4	98.41351655414076	28.55515088722928	1659.0	16	CoCoPyE 0.5.0	3	Nitrososphaerota
genome_145	81.30042	35.863258	GB_GCA_016872055.1	Thermoproteota	set_d_clean	7	1447856	14	5	82.50637517989603	25.81752028908828	1659.0	16	CoCoPyE 0.5.0	3	Nitrososphaerota
genome_146	100.0	27.703631	GB_GCA_016872055.1	Thermoproteota	set_d_clean	18	1578104	14	6	98.18647815505048	21.186876800575842	1659.0	16	CoCoPyE 0.5.0	3	Nitrososphaerota
genome_147	78.135715	78.135715	GB_GCA_016872055.1	Thermoproteota	set_d_clean	150	1931132	14	7	76.15877736224206	33.561649222875786	1659.0	16	CoCoPyE 0.5.0	3	Nitrososphaerota
genome_148	59.738945	4.033405	GB_GCA_016872055.1	Thermoproteota	set_d_clean	16	788070	14	8	63.049150478392235	2.32828252725872	1659.0	16	CoCoPyE 0.5.0	3	Nitrososphaerota
genome_149	100.0	15.33168	GB_GCA_016872055.1	Thermoproteota	set_d_clean	4	1425217	14	9	98.9540294084565	9.26042324423943	1659.0	16	CoCoPyE 0.5.0	3	Nitrososphaerota
genome_150	85.288387	6.534425	GB_GCA_022678445.1	Thermoproteota	set_d_clean	78	1772554	15	0	89.67268427870312	8.943904000258291	1659.0	16	CoCoPyE 0.5.0	3	Sulfolobaceae
genome_151	100.0	24.618332	GB_GCA_022678445.1	Thermoproteota	set_d_clean	6	2405641	15	1	99.39976046539728	26.125600055578918	1659.0	16	CoCoPyE 0.5.0	3	Sulfolobaceae
genome_152	62.443101	55.863712	GB_GCA_022678445.1	Thermoproteota	set_d_clean	50	2283803	15	2	60.320206157499456	31.69201246036123	1659.0	16	CoCoPyE 0.5.0	3	Sulfolobaceae
genome_153	100.0	66.836838	GB_GCA_022678445.1	Thermoproteota	set_d_clean	15	3220630	15	3	96.73003295725437	31.703015596319624	1659.0	16	CoCoPyE 0.5.0	2	Sulfolobaceae
genome_154	88.987918	48.750341	GB_GCA_022678445.1	Thermoproteota	set_d_clean	47	2658909	15	4	90.48611904308838	27.180047722498067	1659.0	16	CoCoPyE 0.5.0	3	Sulfolobaceae
genome_155	72.346246	10.292545	GB_GCA_022678445.1	Thermoproteota	set_d_clean	261	1595265	15	5	69.96415685231817	17.059767530774618	1659.0	16	CoCoPyE 0.5.0	3	Sulfolobaceae
genome_156	100.0	18.669275	GB_GCA_022678445.1	Thermoproteota	set_d_clean	5	2290800	15	6	100.0	14.97247575628799	1659.0	16	CoCoPyE 0.5.0	3	Sulfolobaceae
genome_157	76.468848	39.011255	GB_GCA_022678445.1	Thermoproteota	set_d_clean	26	2229236	15	7	86.83185790610595	27.400473111815298	1659.0	16	CoCoPyE 0.5.0	3	Sulfolobaceae
genome_158	53.194948	51.557262	GB_GCA_022678445.1	Thermoproteota	set_d_clean	88	2022144	15	8	60.42328301679035	28.144060785579477	1659.0	16	CoCoPyE 0.5.0	3	Sulfolobaceae
genome_159	78.61135	48.674969	GB_GCA_022678445.1	Thermoproteota	set_d_clean	11	2457144	15	9	88.92299422623076	27.311424019245038	1659.0	16	CoCoPyE 0.5.0	3	Sulfolobaceae
genome_160	69.45313	51.370896	GB_GCA_025058735.1	Halobacteriota	set_d_clean	8	1476791	16	0	68.04358320536281	23.63468946231068	1659.0	16	CoCoPyE 0.5.0	3	Archaea
genome_161	55.537993	29.995271	GB_GCA_025058735.1	Halobacteriota	set_d_clean	45	1045444	16	1	61.80792534481553	11.87518014138626	1659.0	16	CoCoPyE 0.5.0	3	Archaea
genome_162	100.0	5.253112	GB_GCA_025058735.1	Halobacteriota	set_d_clean	4	1286473	16	2	95.81278794402775	1.53895965632141	1659.0	16	CoCoPyE 0.5.0	3	Euryarchaeota
genome_163	75.239841	36.117506	GB_GCA_025058735.1	Halobacteriota	set_d_clean	19	1361083	16	3	65.38398703373866	22.52743137436656	1659.0	16	CoCoPyE 0.5.0	3	Archaea
genome_164	54.690305	54.690305	GB_GCA_025058735.1	Halobacteriota	set_d_clean	21	1336922	16	4	60.47195597195417	17.208493600419008	1659.0	16	CoCoPyE 0.5.0	2	Euryarchaeota
genome_165	73.000476	63.284015	GB_GCA_025058735.1	Halobacteriota	set_d_clean	20	1665759	16	5	63.76159226304545	19.803096939009908	1659.0	16	CoCoPyE 0.5.0	3	Euryarchaeota
genome_166	100.0	43.992388	GB_GCA_025058735.1	Halobacteriota	set_d_clean	8	1759970	16	6	92.4875044752514	12.55145877123572	1659.0	16	CoCoPyE 0.5.0	3	Euryarchaeota
genome_167	57.352491	57.352491	GB_GCA_025058735.1	Halobacteriota	set_d_clean	29	1402000	16	7	62.848800274577954	23.11179356804599	1659.0	16	CoCoPyE 0.5.0	3	Archaea
genome_168	69.984521	69.984521	GB_GCA_025058735.1	Halobacteriota	set_d_clean	64	1710794	16	8	60.32065291274872	27.71948581043191	1659.0	16	CoCoPyE 0.5.0	3	Archaea
genome_169	82.057506	36.935741	GB_GCA_025058735.1	Halobacteriota	set_d_clean	5	1454414	16	9	77.44005383676375	12.700912483283188	1659.0	16	CoCoPyE 0.5.0	3	Euryarchaeota
genome_170	61.819288	29.531895	GB_GCA_027064525.1	Halobacteriota	set_d_clean	8	1727534	17	0	65.28170355974115	25.48086210732517	1659.0	16	CoCoPyE 0.5.0	3	Euryarchaeota
genome_171	100.0	85.024623	GB_GCA_027064525.1	Halobacteriota	set_d_clean	54	3498984	17	1	95.67721450995454	27.17670964875761	1659.0	16	CoCoPyE 0.5.0	3	Euryarchaeota
genome_172	100.0	21.0001	GB_GCA_027064525.1	Halobacteriota	set_d_clean	5	2288222	17	2	98.88926676153088	12.879757154748612	1659.0	16	CoCoPyE 0.5.0	3	Euryarchaeota
genome_173	56.475442	43.37163	GB_GCA_027064525.1	Halobacteriota	set_d_clean	271	1888199	17	3	63.48374367759876	29.212679303045242	1659.0	16	CoCoPyE 0.5.0	3	Archaea
genome_174	77.71001	77.71001	GB_GCA_027064525.1	Halobacteriota	set_d_clean	46	2939134	17	4	80.47444586916868	28.992851453559933	1659.0	16	CoCoPyE 0.5.0	3	Euryarchaeota
genome_175	85.418259	85.418259	GB_GCA_027064525.1	Halobacteriota	set_d_clean	449	3230674	17	5	75.91090657448424	31.22716590400169	1659.0	16	CoCoPyE 0.5.0	2	Euryarchaeota
genome_176	89.453337	74.464793	GB_GCA_027064525.1	Halobacteriota	set_d_clean	25	3099841	17	6	87.67848314095107	25.98895969651772	1659.0	16	CoCoPyE 0.5.0	3	Archaea
genome_177	90.249967	50.2998	GB_GCA_027064525.1	Halobacteriota	set_d_clean	124	2657924	17	7	85.24331776886685	24.37999610317093	1659.0	16	CoCoPyE 0.5.0	3	Euryarchaeota
genome_178	59.949838	12.104653	GB_GCA_027064525.1	Halobacteriota	set_d_clean	10	1362616	17	8	62.4280193448133	2.99105184269798	1659.0	16	CoCoPyE 0.5.0	2	Archaea
genome_179	53.908617	36.549219	GB_GCA_027064525.1	Halobacteriota	set_d_clean	117	1710640	17	9	59.98710248079509	21.92531262403542	1659.0	16	CoCoPyE 0.5.0	2	Archaea
genome_180	64.837488	16.721191	GB_GCA_027376345.1	Thermoplasmatota	set_d_clean	5	1780784	18	0	59.832070956767716	16.24522851916785	1659.0	16	CoCoPyE 0.5.0	2	Archaea
genome_181	100.0	11.481566	GB_GCA_027376345.1	Thermoplasmatota	set_d_clean	6	2434132	18	1	85.8583308535103	14.01933946809774	1659.0	16	CoCoPyE 0.5.0	3	Archaea
genome_182	100.0	51.985011	GB_GCA_027376345.1	Thermoplasmatota	set_d_clean	3	3318500	18	2	80.73717590658333	20.42611128036207	1659.0	16	CoCoPyE 0.5.0	3	-
genome_183	79.940543	79.940543	GB_GCA_027376345.1	Thermoplasmatota	set_d_clean	95	3490906	18	3	72.86063362965916	26.674022652190573	1659.0	16	CoCoPyE 0.5.0	3	Bacteria
genome_184	58.510084	30.004639	GB_GCA_027376345.1	Thermoplasmatota	set_d_clean	80	1932665	18	4	63.578519165614466	15.08202608828845	1659.0	16	CoCoPyE 0.5.0	3	Archaea
genome_185	100.0	7.100267	GB_GCA_027376345.1	Thermoplasmatota	set_d_clean	5	2338469	18	5	89.62106163934615	16.04276934867015	1659.0	16	CoCoPyE 0.5.0	3	Archaea
genome_186	100.0	59.808174	GB_GCA_027376345.1	Thermoplasmatota	set_d_clean	31	3489314	18	6	84.74246520916482	24.14625915580074	1659.0	16	CoCoPyE 0.5.0	3	Archaea
genome_187	92.184806	74.508058	GB_GCA_027376345.1	Thermoplasmatota	set_d_clean	66	3639637	18	7	72.53768010169662	29.45408945818088	1659.0	16	CoCoPyE 0.5.0	2	-
genome_188	100.0	78.52278	GB_GCA_027376345.1	Thermoplasmatota	set_d_clean	119	3897936	18	8	71.52948245834968	27.34320325639718	1659.0	16	CoCoPyE 0.5.0	2	Euryarchaeota
genome_189	100.0	90.830612	GB_GCA_027376345.1	Thermoplasmatota	set_d_clean	36	4166670	18	9	66.56003163351588	31.087037287374198	1659.0	16	CoCoPyE 0.5.0	2	Neisseriaceae
genome_190	58.881898	51.689706	GB_GCA_027382085.1	Thermoplasmatota	set_d_clean	62	2490224	19	0	58.428745854189245	15.10783418750245	1659.0	16	CoCoPyE 0.5.0	2	Staphylococcus
genome_191	58.859608	0.628692	GB_GCA_027382085.1	Thermoplasmatota	set_d_clean	13	1339758	19	1	64.62637151552758	6.14438244806076	1659.0	16	CoCoPyE 0.5.0	3	Archaea
genome_192	82.870314	25.946335	GB_GCA_027382085.1	Thermoplasmatota	set_d_clean	67	2450700	19	2	72.07917310804768	27.081831675965578	1659.0	16	CoCoPyE 0.5.0	3	Archaea
genome_193	86.208477	74.623125	GB_GCA_027382085.1	Thermoplasmatota	set_d_clean	90	3622148	19	3	84.38435707082905	28.77263629792578	1659.0	16	CoCoPyE 0.5.0	2	-
genome_194	56.838327	32.090677	GB_GCA_027382085.1	Thermoplasmatota	set_d_clean	12	2002803	19	4	67.38186212216294	22.11854957080378	1659.0	16	CoCoPyE 0.5.0	3	-
genome_195	83.688559	83.688559	GB_GCA_027382085.1	Thermoplasmatota	set_d_clean	8	3769562	19	5	69.54997360951486	26.92895973531957	1659.0	16	CoCoPyE 0.5.0	3	Staphylococcus
genome_196	88.816489	80.2179	GB_GCA_027382085.1	Thermoplasmatota	set_d_clean	28	3806886	19	6	59.41782885792798	20.44200014633598	1659.0	16	CoCoPyE 0.5.0	2	Enterobacteriaceae
genome_197	100.0	26.50678	GB_GCA_027382085.1	Thermoplasmatota	set_d_clean	7	2849106	19	7	86.3594954964939	25.757137617397717	1659.0	16	CoCoPyE 0.5.0	3	Archaea
genome_198	93.32363	67.824826	GB_GCA_027382085.1	Thermoplasmatota	set_d_clean	38	3629284	19	8	78.19979675946588	29.31486844370711	1659.0	16	CoCoPyE 0.5.0	3	Archaea
genome_199	66.954231	19.453301	GB_GCA_027382085.1	Thermoplasmatota	set_d_clean	26	1946016	19	9	62.48325055471309	18.56449729401907	1659.0	16	CoCoPyE 0.5.0	3	Archaea
genome_200	100.0	84.505251	GB_GCA_028275705.1	Thermoproteota	set_d_clean	50	2715004	20	0	90.48369871516444	30.80016995809351	1659.0	16	CoCoPyE 0.5.0	3	Thermoprotei
genome_201	100.0	34.679665	GB_GCA_028275705.1	Thermoproteota	set_d_clean	6	1981818	20	1	93.41362862314796	27.434382478314067	1659.0	16	CoCoPyE 0.5.0	3	Thermoprotei
genome_202	78.049276	15.778811	GB_GCA_028275705.1	Thermoproteota	set_d_clean	13	1380685	20	2	78.04394912109203	7.374419817448589	1659.0	16	CoCoPyE 0.5.0	3	Thermoprotei
genome_203	100.0	13.832777	GB_GCA_028275705.1	Thermoproteota	set_d_clean	4	1675055	20	3	94.288751800268	14.329194289120109	1659.0	16	CoCoPyE 0.5.0	3	Thermoprotei
genome_204	100.0	42.610864	GB_GCA_028275705.1	Thermoproteota	set_d_clean	22	2098526	20	4	90.41876771497893	27.207721368216646	1659.0	16	CoCoPyE 0.5.0	3	Thermoprotei
genome_205	92.975491	72.721941	GB_GCA_028275705.1	Thermoproteota	set_d_clean	5	2438246	20	5	90.53208758191262	24.18225822159239	1659.0	16	CoCoPyE 0.5.0	3	Thermoprotei
genome_206	68.08159	19.977302	GB_GCA_028275705.1	Thermoproteota	set_d_clean	8	1295791	20	6	65.41988882194876	15.65212710798514	1659.0	16	CoCoPyE 0.5.0	3	Thermoprotei
genome_207	100.0	56.086388	GB_GCA_028275705.1	Thermoproteota	set_d_clean	27	2296819	20	7	91.677931600344	29.71272824600945	1659.0	16	CoCoPyE 0.5.0	3	Thermoprotei
genome_208	70.435507	45.108511	GB_GCA_028275705.1	Thermoproteota	set_d_clean	5	1700236	20	8	58.10629718020996	25.403754928057747	1659.0	16	CoCoPyE 0.5.0	2	Desulfurococcales
genome_209	100.0	52.415112	GB_GCA_028275705.1	Thermoproteota	set_d_clean	9	2242796	20	9	89.82525683261031	29.37086328340628	1659.0	16	CoCoPyE 0.5.0	3	Thermoprotei
genome_210	90.038795	13.957292	GB_GCA_029258915.1	Thermoproteota	set_d_clean	38	1661481	21	0	85.60549413931484	14.794516431518028	1659.0	16	CoCoPyE 0.5.0	3	Thermoprotei
genome_211	67.479867	67.479867	GB_GCA_029258915.1	Thermoproteota	set_d_clean	100	2156168	21	1	73.32825630181293	21.6013632377629	1659.0	16	CoCoPyE 0.5.0	3	-
genome_212	100.0	46.885089	GB_GCA_029258915.1	Thermoproteota	set_d_clean	5	2346692	21	2	87.73029152505418	30.11928801732435	1659.0	16	CoCoPyE 0.5.0	3	Desulfurococcales
genome_213	70.989924	54.914317	GB_GCA_029258915.1	Thermoproteota	set_d_clean	242	2011494	21	3	70.55898533689164	29.97308310841655	1659.0	16	CoCoPyE 0.5.0	3	-
genome_214	92.07311	21.870223	GB_GCA_029258915.1	Thermoproteota	set_d_clean	10	1820402	21	4	87.00691982966467	15.28426340081292	1659.0	16	CoCoPyE 0.5.0	3	Desulfurococcales
genome_215	100.0	99.88001	GB_GCA_029258915.1	Thermoproteota	set_d_clean	21	3193359	21	5	83.46025012796106	32.03311344160327	1659.0	16	CoCoPyE 0.5.0	3	Thermoprotei
genome_216	100.0	8.429381	GB_GCA_029258915.1	Thermoproteota	set_d_clean	3	1732309	21	6	90.47436649061405	8.015937427136171	1659.0	16	CoCoPyE 0.5.0	3	Thermoprotei
genome_217	100.0	3.06008	GB_GCA_029258915.1	Thermoproteota	set_d_clean	3	1646527	21	7	92.62742101707097	4.32205585651619	1659.0	16	CoCoPyE 0.5.0	3	Thermoprotei
genome_218	80.404885	79.383815	GB_GCA_029258915.1	Thermoproteota	set_d_clean	264	2552845	21	8	66.96253763541452	29.697015592510862	1659.0	16	CoCoPyE 0.5.0	2	Thermoprotei
genome_219	62.520734	50.318282	GB_GCA_029258915.1	Thermoproteota	set_d_clean	27	1802759	21	9	55.46102854686637	20.305650178489092	1659.0	16	CoCoPyE 0.5.0	2	Thermoprotei
genome_220	100.0	80.5604	GB_GCA_029775915.1	Thermoproteota	set_d_clean	30	2655630	22	0	76.88354463419631	29.0881408998861	1659.0	16	CoCoPyE 0.5.0	2	-
genome_221	51.474703	15.399678	GB_GCA_029775915.1	Thermoproteota	set_d_clean	152	983569	22	1	61.39598500141693	13.86136182439783	1659.0	16	CoCoPyE 0.5.0	2	Archaea
genome_222	85.970284	3.722401	GB_GCA_029775915.1	Thermoproteota	set_d_clean	110	1319174	22	2	72.52515629054413	6.40619284149123	1659.0	16	CoCoPyE 0.5.0	3	Archaea
genome_223	56.917018	51.24156	GB_GCA_029775915.1	Thermoproteota	set_d_clean	64	1590765	22	3	62.31255804111503	17.748174347955022	1659.0	16	CoCoPyE 0.5.0	2	-
genome_224	72.192476	46.392538	GB_GCA_029775915.1	Thermoproteota	set_d_clean	191	1744114	22	4	65.00342851337768	28.682088940226908	1659.0	16	CoCoPyE 0.5.0	3	Nitrososphaerota
genome_225	84.915599	51.416502	GB_GCA_029775915.1	Thermoproteota	set_d_clean	34	2005133	22	5	60.04394569798477	30.3089889318023	1659.0	16	CoCoPyE 0.5.0	3	Archaea
genome_226	100.0	10.758983	GB_GCA_029775915.1	Thermoproteota	set_d_clean	6	1629011	22	6	87.58461997412847	15.438406661010609	1659.0	16	CoCoPyE 0.5.0	3	Archaea
genome_227	52.649869	46.212225	GB_GCA_029775915.1	Thermoproteota	set_d_clean	101	1454035	22	7	58.21094814824659	20.60469366939362	1659.0	16	CoCoPyE 0.5.0	2	Archaea
genome_228	84.991885	76.574735	GB_GCA_029775915.1	Thermoproteota	set_d_clean	43	2376275	22	8	71.30011661795655	32.547901180834636	1659.0	16	CoCoPyE 0.5.0	2	-
genome_229	65.640742	39.036329	GB_GCA_029775915.1	Thermoproteota	set_d_clean	23	1539560	22	9	59.87148821952386	21.42739493434801	1659.0	16	CoCoPyE 0.5.0	2	Archaea
genome_230	61.793091	1.107536	GB_GCA_030054695.1	Methanobacteriota	set_d_clean	14	1087989	23	0	68.79786692734687	0.0	1659.0	16	CoCoPyE 0.5.0	3	Methanobacteriales
genome_231	59.785685	59.785627	GB_GCA_030054695.1	Methanobacteriota	set_d_clean	127	2068219	23	1	60.710246013549906	28.66111651389981	1659.0	16	CoCoPyE 0.5.0	2	Methanobacteriaceae
genome_232	81.745105	30.034891	GB_GCA_030054695.1	Methanobacteriota	set_d_clean	30	1933453	23	2	82.7786168657485	15.043321467771001	1659.0	16	CoCoPyE 0.5.0	3	Methanobacteriales
genome_233	74.720456	74.720456	GB_GCA_030054695.1	Methanobacteriota	set_d_clean	20	2584872	23	3	68.63871765651272	27.9622349492947	1659.0	16	CoCoPyE 0.5.0	3	Methanobacteriaceae
genome_234	100.0	92.885798	GB_GCA_030054695.1	Methanobacteriota	set_d_clean	46	3336336	23	4	94.32262040081424	30.98082165495378	1659.0	16	CoCoPyE 0.5.0	2	Methanobacteriaceae
genome_235	82.863511	82.863511	GB_GCA_030054695.1	Methanobacteriota	set_d_clean	535	2866572	23	5	84.03911536545382	31.55262996342708	1659.0	16	CoCoPyE 0.5.0	2	Methanobacteriaceae
genome_236	52.70565	17.477127	GB_GCA_030054695.1	Methanobacteriota	set_d_clean	46	1213948	23	6	59.91878371038797	9.295135573643371	1659.0	16	CoCoPyE 0.5.0	2	Methanobacteriales
genome_237	75.569219	25.736792	GB_GCA_030054695.1	Methanobacteriota	set_d_clean	21	1752285	23	7	76.65728598645183	18.37228496275544	1659.0	16	CoCoPyE 0.5.0	3	Methanobacteriaceae
genome_238	72.866315	58.060872	GB_GCA_030054695.1	Methanobacteriota	set_d_clean	85	2264641	23	8	75.03502242985958	29.771502239905264	1659.0	16	CoCoPyE 0.5.0	3	Methanobacteriaceae
genome_239	80.154594	61.938723	GB_GCA_030054695.1	Methanobacteriota	set_d_clean	43	2457781	23	9	81.72380738284505	31.79618145425681	1659.0	16	CoCoPyE 0.5.0	3	Methanobacteriaceae
genome_240	60.958528	51.916835	GB_GCA_035360155.1	Methanobacteriota	set_d_clean	8	1588311	24	0	60.63466004329404	27.70774995952388	1659.0	16	CoCoPyE 0.5.0	3	Methanobacteriales
genome_241	73.202041	44.788887	GB_GCA_035360155.1	Methanobacteriota	set_d_clean	14	1660294	24	1	64.16758595643594	24.912276720546338	1659.0	16	CoCoPyE 0.5.0	3	Methanobacteriales
genome_242	59.253577	30.900687	GB_GCA_035360155.1	Methanobacteriota	set_d_clean	31	1268594	24	2	61.68266330394888	14.92268364502118	1659.0	16	CoCoPyE 0.5.0	3	Methanobacteriales
genome_243	80.957931	8.915834	GB_GCA_035360155.1	Methanobacteriota	set_d_clean	3	1264647	24	3	84.43615323972165	6.39324544580279	1659.0	16	CoCoPyE 0.5.0	3	Methanobacteriales
genome_244	88.94635	88.94635	GB_GCA_035360155.1	Methanobacteriota	set_d_clean	44	2503194	24	4	90.02429312721915	31.57961361363626	1659.0	16	CoCoPyE 0.5.0	3	Methanobacteriales
genome_245	78.407717	71.523313	GB_GCA_035360155.1	Methanobacteriota	set_d_clean	17	2109735	24	5	78.88455245227226	27.800132363906023	1659.0	16	CoCoPyE 0.5.0	3	Methanobacteriales
genome_246	91.123537	5.151098	GB_GCA_035360155.1	Methanobacteriota	set_d_clean	3	1354716	24	6	85.23171418867723	1.3920626654003299	1659.0	16	CoCoPyE 0.5.0	3	Methanobacteriales
genome_247	53.595066	16.258474	GB_GCA_035360155.1	Methanobacteriota	set_d_clean	21	982935	24	7	61.54593673109468	7.996082315587209	1659.0	16	CoCoPyE 0.5.0	2	Methanobacteriales
genome_248	81.634624	16.710882	GB_GCA_035360155.1	Methanobacteriota	set_d_clean	5	1383856	24	8	86.30630737233204	4.75674406033854	1659.0	16	CoCoPyE 0.5.0	3	Methanobacteriales
genome_249	62.231751	62.231751	GB_GCA_035360155.1	Methanobacteriota	set_d_clean	3	1751372	24	9	60.803327830102575	27.866018815812588	1659.0	16	CoCoPyE 0.5.0	3	Methanobacteriales
genome_250	68.835195	25.13075	GB_GCA_036525555.1	Thermoproteota	set_d_clean	29	1292526	25	0	68.20478721471252	22.90282742761319	1659.0	16	CoCoPyE 0.5.0	3	Nitrososphaerota
genome_251	68.397689	62.976272	GB_GCA_036525555.1	Thermoproteota	set_d_clean	114	1807083	25	1	66.83150777313213	32.967617146452824	1659.0	16	CoCoPyE 0.5.0	3	Nitrosopumilaceae
genome_252	95.785249	69.279534	GB_GCA_036525555.1	Thermoproteota	set_d_clean	4	2270509	25	2	90.87076728622172	31.664807776478348	1659.0	16	CoCoPyE 0.5.0	3	Nitrosopumilaceae
genome_253	100.0	20.453557	GB_GCA_036525555.1	Thermoproteota	set_d_clean	7	1656870	25	3	98.7040118053131	15.95131291091679	1659.0	16	CoCoPyE 0.5.0	3	Nitrosopumilaceae
genome_254	80.589607	15.942628	GB_GCA_036525555.1	Thermoproteota	set_d_clean	36	1327826	25	4	82.28670036632886	9.98420704649535	1659.0	16	CoCoPyE 0.5.0	3	Nitrosopumilaceae
genome_255	50.229221	50.229221	GB_GCA_036525555.1	Thermoproteota	set_d_clean	5	1381832	25	5	61.161084690692256	25.36856958628534	1659.0	16	CoCoPyE 0.5.0	3	Nitrososphaerota
genome_256	84.312183	34.827768	GB_GCA_036525555.1	Thermoproteota	set_d_clean	403	1638801	25	6	84.72649093838463	27.34535671998424	1659.0	16	CoCoPyE 0.5.0	3	Nitrosopumilaceae
genome_257	54.338922	54.338922	GB_GCA_036525555.1	Thermoproteota	set_d_clean	19	1494892	25	7	58.730876580455515	27.017107405679642	1659.0	16	CoCoPyE 0.5.0	2	Nitrososphaerota
genome_258	85.276251	58.309258	GB_GCA_036525555.1	Thermoproteota	set_d_clean	8	1975056	25	8	91.68840661807548	26.62801192203757	1659.0	16	CoCoPyE 0.5.0	3	Nitrosopumilaceae
genome_259	63.661756	55.724792	GB_GCA_036525555.1	Thermoproteota	set_d_clean	7	1642193	25	9	65.27569798667983	30.12442763934014	1659.0	16	CoCoPyE 0.5.0	3	Nitrososphaerota
genome_260	79.337223	50.381124	GB_GCA_038727015.1	Thermoproteota	set_d_clean	50	2584162	26	0	78.98779868137773	30.41368252707398	1659.0	16	CoCoPyE 0.5.0	3	Thermoproteaceae
genome_261	94.329696	72.15452	GB_GCA_038727015.1	Thermoproteota	set_d_clean	12	3316587	26	1	87.97352530535893	33.1894553772566	1659.0	16	CoCoPyE 0.5.0	2	Thermoproteaceae
genome_262	80.77543	64.596892	GB_GCA_038727015.1	Thermoproteota	set_d_clean	38	2896010	26	2	85.74031407681481	31.94822100480464	1659.0	16	CoCoPyE 0.5.0	3	Thermoproteaceae
genome_263	64.344348	7.714344	GB_GCA_038727015.1	Thermoproteota	set_d_clean	21	1435505	26	3	62.7884954487744	10.16868568855613	1659.0	16	CoCoPyE 0.5.0	3	Thermoproteaceae
genome_264	84.538382	4.070562	GB_GCA_038727015.1	Thermoproteota	set_d_clean	56	1765208	26	4	81.25488073325646	3.45282017747365	1659.0	16	CoCoPyE 0.5.0	3	Thermoproteaceae
genome_265	100.0	65.533928	GB_GCA_038727015.1	Thermoproteota	set_d_clean	108	3297656	26	5	94.54201548581888	32.36978856009162	1659.0	16	CoCoPyE 0.5.0	2	Thermoproteaceae
genome_266	78.735506	75.333273	GB_GCA_038727015.1	Thermoproteota	set_d_clean	113	3069255	26	6	70.57651159353	36.85964839238588	1659.0	16	CoCoPyE 0.5.0	3	Thermoproteaceae
genome_267	79.34671	51.654784	GB_GCA_038727015.1	Thermoproteota	set_d_clean	12	2609724	26	7	76.51922313771759	31.856114218544718	1659.0	16	CoCoPyE 0.5.0	3	Thermoproteaceae
genome_268	61.931959	61.931959	GB_GCA_038727015.1	Thermoproteota	set_d_clean	46	2467534	26	8	61.80867103518626	29.629199731317353	1659.0	16	CoCoPyE 0.5.0	3	Thermoproteaceae
genome_269	67.546293	67.546293	GB_GCA_038727015.1	Thermoproteota	set_d_clean	11	2691224	26	9	68.6645800860739	32.525079740216526	1659.0	16	CoCoPyE 0.5.0	2	Thermoproteaceae
genome_270	100.0	22.186509	GB_GCA_038827615.1	Thermoproteota	set_d_clean	4	1667687	27	0	98.2117479389626	25.920136656493607	1659.0	16	CoCoPyE 0.5.0	3	Thermoprotei
genome_271	100.0	45.156608	GB_GCA_038827615.1	Thermoproteota	set_d_clean	14	1981199	27	1	93.68031589500599	24.15763994268222	1659.0	16	CoCoPyE 0.5.0	3	Thermoprotei
genome_272	59.905705	59.905705	GB_GCA_038827615.1	Thermoproteota	set_d_clean	34	1635270	27	2	63.138841986235605	28.84977258430133	1659.0	16	CoCoPyE 0.5.0	3	Thermoprotei
genome_273	50.748203	50.748203	GB_GCA_038827615.1	Thermoproteota	set_d_clean	35	1385294	27	3	57.81003602734415	27.28633553850176	1659.0	16	CoCoPyE 0.5.0	2	-
genome_274	100.0	64.656634	GB_GCA_038827615.1	Thermoproteota	set_d_clean	14	2247349	27	4	90.6771404720926	31.489354115447387	1659.0	16	CoCoPyE 0.5.0	3	Thermoprotei
genome_275	74.516254	72.895953	GB_GCA_038827615.1	Thermoproteota	set_d_clean	81	2011985	27	5	64.16289625535538	32.73736739699779	1659.0	16	CoCoPyE 0.5.0	3	Thermoprotei
genome_276	61.136665	61.136665	GB_GCA_038827615.1	Thermoproteota	set_d_clean	34	1668872	27	6	58.03067206413455	30.89708197046741	1659.0	16	CoCoPyE 0.5.0	3	Thermoprotei
genome_277	76.372475	14.418076	GB_GCA_038827615.1	Thermoproteota	set_d_clean	17	1239173	27	7	84.74689222168246	4.14454882315927	1659.0	16	CoCoPyE 0.5.0	3	Thermoprotei
genome_278	60.977309	60.977309	GB_GCA_038827615.1	Thermoproteota	set_d_clean	71	1664522	27	8	70.95080109611014	27.168770318883027	1659.0	16	CoCoPyE 0.5.0	3	Thermoprotei
genome_279	79.944464	75.430334	GB_GCA_038827615.1	Thermoproteota	set_d_clean	151	2120664	27	9	70.50514256716488	33.12560808204568	1659.0	16	CoCoPyE 0.5.0	3	Thermoprotei
genome_280	78.766241	53.044849	GB_GCA_038869635.1	Thermoproteota	set_d_clean	118	2298042	28	0	74.61308778480402	32.66920932267824	1659.0	16	CoCoPyE 0.5.0	3	Nitrososphaerota
genome_281	85.373997	15.667509	GB_GCA_038869635.1	Thermoproteota	set_d_clean	5	1761594	28	1	85.18514397862387	22.01761019218683	1659.0	16	CoCoPyE 0.5.0	3	Nitrososphaerota
genome_282	69.454227	44.635306	GB_GCA_038869635.1	Thermoproteota	set_d_clean	73	1989078	28	2	67.13958473664059	29.86197567419134	1659.0	16	CoCoPyE 0.5.0	3	Nitrososphaerota
genome_283	56.494417	56.494417	GB_GCA_038869635.1	Thermoproteota	set_d_clean	23	1969888	28	3	59.26550368027751	33.14699128932619	1659.0	16	CoCoPyE 0.5.0	3	Nitrososphaerota
genome_284	89.826641	12.231479	GB_GCA_038869635.1	Thermoproteota	set_d_clean	5	1779318	28	4	88.02239751311144	15.18103010416997	1659.0	16	CoCoPyE 0.5.0	3	Nitrososphaerota
genome_285	60.686369	39.139837	GB_GCA_038869635.1	Thermoproteota	set_d_clean	10	1740406	28	5	66.5853855655567	25.812521944246292	1659.0	16	CoCoPyE 0.5.0	3	Nitrososphaerota
genome_286	67.970318	60.987842	GB_GCA_038869635.1	Thermoproteota	set_d_clean	192	2248303	28	6	60.49922581694344	31.91689153271885	1659.0	16	CoCoPyE 0.5.0	3	Nitrososphaerota
genome_287	100.0	97.613391	GB_GCA_038869635.1	Thermoproteota	set_d_clean	246	3445263	28	7	88.961514064707	31.641714017282368	1659.0	16	CoCoPyE 0.5.0	2	Nitrososphaerota
genome_288	64.481289	64.481289	GB_GCA_038869635.1	Thermoproteota	set_d_clean	40	2248380	28	8	67.05641485852281	30.70903004499479	1659.0	16	CoCoPyE 0.5.0	2	Nitrososphaerota
genome_289	51.643479	2.94453	GB_GCA_038869635.1	Thermoproteota	set_d_clean	70	951707	28	9	63.15165599060057	4.427176377884	1659.0	16	CoCoPyE 0.5.0	2	Nitrososphaerota
genome_290	54.604137	49.39402	GB_GCA_038872015.1	Thermoproteota	set_d_clean	6	1343183	29	0	59.76918319211104	15.931734719230988	1659.0	16	CoCoPyE 0.5.0	2	Thermoprotei
genome_291	65.243952	65.243952	GB_GCA_038872015.1	Thermoproteota	set_d_clean	14	1685310	29	1	65.28591187497362	18.512867829505762	1659.0	16	CoCoPyE 0.5.0	3	Thermoprotei
genome_292	52.608852	52.608852	GB_GCA_038872015.1	Thermoproteota	set_d_clean	109	1358934	29	2	59.839175726775316	23.21584799744366	1659.0	16	CoCoPyE 0.5.0	2	Thermoprotei
genome_293	100.0	20.423679	GB_GCA_038872015.1	Thermoproteota	set_d_clean	14	1555326	29	3	88.66576638333665	11.21464162025117	1659.0	16	CoCoPyE 0.5.0	3	Thermoprotei
genome_294	89.494056	42.375682	GB_GCA_038872015.1	Thermoproteota	set_d_clean	20	1703157	29	4	80.96534824998955	23.11692063370045	1659.0	16	CoCoPyE 0.5.0	3	Thermoprotei
genome_295	89.453329	8.991015	GB_GCA_038872015.1	Thermoproteota	set_d_clean	21	1271453	29	5	85.72059355039185	7.514795050211311	1659.0	16	CoCoPyE 0.5.0	3	Thermoprotei
genome_296	74.103961	6.11717	GB_GCA_038872015.1	Thermoproteota	set_d_clean	13	1036092	29	6	69.98003114432869	6.619713405819069	1659.0	16	CoCoPyE 0.5.0	3	Thermoprotei
genome_297	78.384183	38.036538	GB_GCA_038872015.1	Thermoproteota	set_d_clean	13	1503626	29	7	74.93553662628578	17.8237869523345	1659.0	16	CoCoPyE 0.5.0	3	Thermoprotei
genome_298	86.016902	75.059406	GB_GCA_038872015.1	Thermoproteota	set_d_clean	60	2080373	29	8	75.32601318745931	26.293766884387594	1659.0	16	CoCoPyE 0.5.0	3	Thermoprotei
genome_299	75.850861	75.850861	GB_GCA_038872015.1	Thermoproteota	set_d_clean	4	1959296	29	9	67.19619420197222	25.804642608153785	1659.0	16	CoCoPyE 0.5.0	3	Thermoprotei
genome_300	51.552665	41.53963	GB_GCA_038878695.1	Thermoproteota	set_d_clean	113	1035568	30	0	61.78334665022612	19.11327313565356	1659.0	16	CoCoPyE 0.5.0	2	Archaea
genome_301	64.810726	64.810726	GB_GCA_038878695.1	Thermoproteota	set_d_clean	16	1441922	30	1	62.3195365303732	20.98723385379481	1659.0	16	CoCoPyE 0.5.0	2	Thermoprotei
genome_302	100.0	81.099954	GB_GCA_038878695.1	Thermoproteota	set_d_clean	98	2014574	30	2	62.05788959117293	30.41656348063373	1659.0	16	CoCoPyE 0.5.0	3	Campylobacter
genome_303	55.727834	55.727834	GB_GCA_038878695.1	Thermoproteota	set_d_clean	3	1239844	30	3	64.59985375791165	12.83959784511389	1659.0	16	CoCoPyE 0.5.0	3	Thermoprotei
genome_304	100.0	17.377406	GB_GCA_038878695.1	Thermoproteota	set_d_clean	2	1305718	30	4	83.2673073201074	8.08342872715473	1659.0	16	CoCoPyE 0.5.0	3	Thermoprotei
genome_305	86.743647	18.714323	GB_GCA_038878695.1	Thermoproteota	set_d_clean	42	1173125	30	5	76.34579178057528	8.38734968292382	1659.0	16	CoCoPyE 0.5.0	3	Thermoprotei
genome_306	100.0	53.031526	GB_GCA_038878695.1	Thermoproteota	set_d_clean	5	1702338	30	6	84.11719108794635	20.7228042796421	1659.0	16	CoCoPyE 0.5.0	3	Thermoprotei
genome_307	74.303269	65.740869	GB_GCA_038878695.1	Thermoproteota	set_d_clean	159	1557865	30	7	76.3282888406355	26.97569056271174	1659.0	16	CoCoPyE 0.5.0	3	Archaea
genome_308	70.002068	70.002068	GB_GCA_038878695.1	Thermoproteota	set_d_clean	14	1557420	30	8	59.43377446659453	22.662308083634112	1659.0	16	CoCoPyE 0.5.0	3	Thermoprotei
genome_309	85.118167	41.832418	GB_GCA_038878695.1	Thermoproteota	set_d_clean	21	1412211	30	9	76.11416428692203	20.56149930546615	1659.0	16	CoCoPyE 0.5.0	3	Thermoprotei
genome_310	51.369324	36.96819	GB_GCA_038888075.1	Thermoproteota	set_d_clean	8	1181501	31	0	57.61500774334489	25.87622054797102	1659.0	16	CoCoPyE 0.5.0	2	Thermoprotei
genome_311	66.311398	58.688733	GB_GCA_038888075.1	Thermoproteota	set_d_clean	44	1671858	31	1	58.78706447681535	27.295500502280618	1659.0	16	CoCoPyE 0.5.0	3	Thermoprotei
genome_312	71.396838	69.891849	GB_GCA_038888075.1	Thermoproteota	set_d_clean	6	1889715	31	2	64.31570982708858	26.38587447193153	1659.0	16	CoCoPyE 0.5.0	3	Thermoprotei
genome_313	100.0	58.632508	GB_GCA_038888075.1	Thermoproteota	set_d_clean	10	2121686	31	3	96.6300360784048	28.75765079778817	1659.0	16	CoCoPyE 0.5.0	3	Thermoprotei
genome_314	81.335417	54.506256	GB_GCA_038888075.1	Thermoproteota	set_d_clean	159	1816862	31	4	87.12623693071097	28.172150239603212	1659.0	16	CoCoPyE 0.5.0	3	Thermoprotei
genome_315	100.0	65.339873	GB_GCA_038888075.1	Thermoproteota	set_d_clean	19	2211396	31	5	94.2547978313238	26.60673700488065	1659.0	16	CoCoPyE 0.5.0	3	Thermoprotei
genome_316	100.0	91.374782	GB_GCA_038888075.1	Thermoproteota	set_d_clean	9	2559609	31	6	80.08613495243132	28.78389684545842	1659.0	16	CoCoPyE 0.5.0	2	Thermoprotei
genome_317	59.439321	37.950407	GB_GCA_038888075.1	Thermoproteota	set_d_clean	10	1302573	31	7	60.14412274267771	14.99229165567146	1659.0	16	CoCoPyE 0.5.0	2	Thermoprotei
genome_318	76.229939	43.357645	GB_GCA_038888075.1	Thermoproteota	set_d_clean	8	1599466	31	8	70.12109450328343	22.83456939186539	1659.0	16	CoCoPyE 0.5.0	3	Thermoprotei
genome_319	75.421182	74.6768	GB_GCA_038888075.1	Thermoproteota	set_d_clean	7	2007538	31	9	58.75032698952485	33.22241013801567	1659.0	16	CoCoPyE 0.5.0	3	Thermoprotei
genome_320	81.862747	22.048381	GB_GCA_038888595.1	Halobacteriota	set_d_clean	16	1236850	32	0	69.2971408632838	4.23066849896342	1659.0	16	CoCoPyE 0.5.0	3	Euryarchaeota
genome_321	51.353697	25.946571	GB_GCA_038888595.1	Halobacteriota	set_d_clean	18	920102	32	1	62.175952222908585	11.69237558023882	1659.0	16	CoCoPyE 0.5.0	2	Archaea
genome_322	68.56387	54.110238	GB_GCA_038888595.1	Halobacteriota	set_d_clean	9	1460185	32	2	65.226285655487	17.557315523000362	1659.0	16	CoCoPyE 0.5.0	3	Archaea
genome_323	68.361903	68.361903	GB_GCA_038888595.1	Halobacteriota	set_d_clean	19	1627418	32	3	66.15253310520987	22.34955002926291	1659.0	16	CoCoPyE 0.5.0	3	Archaea
genome_324	72.619416	4.382775	GB_GCA_038888595.1	Halobacteriota	set_d_clean	7	916554	32	4	66.0960287474165	1.67654099040873	1659.0	16	CoCoPyE 0.5.0	3	Archaea
genome_325	100.0	70.286803	GB_GCA_038888595.1	Halobacteriota	set_d_clean	158	2026917	32	5	95.38973531874741	19.23198694143651	1659.0	16	CoCoPyE 0.5.0	3	Euryarchaeota
genome_326	100.0	99.649079	GB_GCA_038888595.1	Halobacteriota	set_d_clean	2	2376415	32	6	99.40861218476398	25.81386410242235	1659.0	16	CoCoPyE 0.5.0	3	Euryarchaeota
genome_327	80.579032	42.954022	GB_GCA_038888595.1	Halobacteriota	set_d_clean	95	1470409	32	7	67.21373898357783	13.862716603149691	1659.0	16	CoCoPyE 0.5.0	3	Euryarchaeota
genome_328	100.0	9.738922	GB_GCA_038888595.1	Halobacteriota	set_d_clean	3	1306218	32	8	97.95704482697596	4.59218111541768	1659.0	16	CoCoPyE 0.5.0	3	Euryarchaeota
genome_329	100.0	7.07135	GB_GCA_038888595.1	Halobacteriota	set_d_clean	4	1274466	32	9	98.15726380601429	0.5965755345833901	1659.0	16	CoCoPyE 0.5.0	3	Euryarchaeota
genome_330	83.265587	69.760349	GB_GCA_040776445.1	Halobacteriota	set_d_clean	129	3563997	33	0	74.77861864694823	30.069547494154442	1659.0	16	CoCoPyE 0.5.0	3	Methanomicrobiales
genome_331	100.0	70.954373	GB_GCA_040776445.1	Halobacteriota	set_d_clean	8	3981553	33	1	89.04914254448033	29.349923838635327	1659.0	16	CoCoPyE 0.5.0	2	-
genome_332	77.470819	77.470819	GB_GCA_040776445.1	Halobacteriota	set_d_clean	86	3608614	33	2	83.86785917438874	26.77254854009273	1659.0	16	CoCoPyE 0.5.0	3	Methanomicrobiaceae
genome_333	76.053267	76.053267	GB_GCA_040776445.1	Halobacteriota	set_d_clean	7	3542584	33	3	85.15759888826052	26.01746353324123	1659.0	16	CoCoPyE 0.5.0	3	-
genome_334	100.0	6.781193	GB_GCA_040776445.1	Halobacteriota	set_d_clean	27	2486950	33	4	96.69882309957548	4.53891127189745	1659.0	16	CoCoPyE 0.5.0	3	Methanomicrobiaceae
genome_335	54.903167	54.903167	GB_GCA_040776445.1	Halobacteriota	set_d_clean	12	2557406	33	5	60.29703585730204	22.19185705907376	1659.0	16	CoCoPyE 0.5.0	2	Methanomicrobiales
genome_336	57.705597	2.443179	GB_GCA_040776445.1	Halobacteriota	set_d_clean	3	1400874	33	6	61.10163805518193	1.7455342220571002	1659.0	16	CoCoPyE 0.5.0	2	Methanomicrobiales
genome_337	92.028046	73.887545	GB_GCA_040776445.1	Halobacteriota	set_d_clean	12	3864199	33	7	88.41661841278865	27.868742733419822	1659.0	16	CoCoPyE 0.5.0	2	-
genome_338	82.620808	74.628373	GB_GCA_040776445.1	Halobacteriota	set_d_clean	255	3662357	33	8	82.87566023109757	29.264324425817573	1659.0	16	CoCoPyE 0.5.0	3	Methanomicrobiales
genome_339	51.392499	51.392456	GB_GCA_040776445.1	Halobacteriota	set_d_clean	81	2393877	33	9	61.55218075352498	26.663491363708097	1659.0	16	CoCoPyE 0.5.0	3	Methanomicrobiales
genome_340	71.49769	54.605841	GB_GCA_041394965.1	Thermoproteota	set_d_clean	107	4602335	34	0	57.350373886962046	28.58161768173823	1659.0	16	CoCoPyE 0.5.0	2	Enterococcus
genome_341	88.255141	39.860584	GB_GCA_041394965.1	Thermoproteota	set_d_clean	25	4675773	34	1	73.16951259564198	33.55902653345294	1659.0	16	CoCoPyE 0.5.0	3	Nitrososphaerota
genome_342	65.516729	57.987757	GB_GCA_041394965.1	Thermoproteota	set_d_clean	58	4507479	34	2	66.60543417114201	26.27906425209051	1659.0	16	CoCoPyE 0.5.0	2	Bacteria
genome_343	84.972112	27.58192	GB_GCA_041394965.1	Thermoproteota	set_d_clean	116	4107826	34	3	64.856442541596	29.7811774243313	1659.0	16	CoCoPyE 0.5.0	3	Nitrososphaerota
genome_344	81.753829	23.576876	GB_GCA_041394965.1	Thermoproteota	set_d_clean	59	3844200	34	4	74.15668453326076	30.66074644154753	1659.0	16	CoCoPyE 0.5.0	3	Nitrososphaerota
genome_345	81.766735	69.855723	GB_GCA_041394965.1	Thermoproteota	set_d_clean	388	5533686	34	5	62.275513632901976	31.40905445587649	1659.0	16	CoCoPyE 0.5.0	2	Actinomycetes
genome_346	76.20102	25.39897	GB_GCA_041394965.1	Thermoproteota	set_d_clean	14	3708042	34	6	65.45693154411205	29.469146972785037	1659.0	16	CoCoPyE 0.5.0	3	Nitrososphaerota
genome_347	99.633061	21.984613	GB_GCA_041394965.1	Thermoproteota	set_d_clean	102	4438617	34	7	84.75800504927999	29.63050961888592	1659.0	16	CoCoPyE 0.5.0	3	Nitrososphaerota
genome_348	69.332878	0.875509	GB_GCA_041394965.1	Thermoproteota	set_d_clean	80	2562359	34	8	65.17487559756705	15.17933817332009	1659.0	16	CoCoPyE 0.5.0	3	Nitrososphaerota
genome_349	59.721842	59.721842	GB_GCA_041394965.1	Thermoproteota	set_d_clean	438	4359274	34	9	62.16801850103567	31.25708001654174	1659.0	16	CoCoPyE 0.5.0	2	Streptococcus suis
genome_350	83.764444	55.5738	GB_GCA_041672285.1	Thermoplasmatota	set_d_clean	11	1743003	35	0	77.54303480382023	24.65568868013531	1659.0	16	CoCoPyE 0.5.0	3	Archaea
genome_351	56.766527	56.766527	GB_GCA_041672285.1	Thermoplasmatota	set_d_clean	52	1420202	35	1	60.35236569140011	18.52508834230353	1659.0	16	CoCoPyE 0.5.0	2	-
genome_352	83.371292	47.392589	GB_GCA_041672285.1	Thermoplasmatota	set_d_clean	19	1635745	35	2	80.3867040809627	14.987422516578619	1659.0	16	CoCoPyE 0.5.0	3	Archaea
genome_353	64.128258	64.128258	GB_GCA_041672285.1	Thermoplasmatota	set_d_clean	58	1604380	35	3	64.71397034075879	20.188623650930428	1659.0	16	CoCoPyE 0.5.0	3	Archaea
genome_354	57.367287	15.104464	GB_GCA_041672285.1	Thermoplasmatota	set_d_clean	30	906560	35	4	63.4668233385375	7.671701133120109	1659.0	16	CoCoPyE 0.5.0	3	Archaea
genome_355	100.0	53.218644	GB_GCA_041672285.1	Thermoplasmatota	set_d_clean	25	1916635	35	5	95.09628007901452	24.40505097578003	1659.0	16	CoCoPyE 0.5.0	2	Archaea
genome_356	72.237362	60.496916	GB_GCA_041672285.1	Thermoplasmatota	set_d_clean	30	1660393	35	6	66.81905745005076	20.23586180391117	1659.0	16	CoCoPyE 0.5.0	3	Archaea
genome_357	85.028479	38.187167	GB_GCA_041672285.1	Thermoplasmatota	set_d_clean	78	1541323	35	7	83.61018535729556	10.61322017601068	1659.0	16	CoCoPyE 0.5.0	3	Archaea
genome_358	78.277581	44.226666	GB_GCA_041672285.1	Thermoplasmatota	set_d_clean	169	1532424	35	8	83.09241717549303	19.91017836821801	1659.0	16	CoCoPyE 0.5.0	3	Archaea
genome_359	58.052466	32.958115	GB_GCA_041672285.1	Thermoplasmatota	set_d_clean	18	1138465	35	9	59.06043019104952	14.4033857512558	1659.0	16	CoCoPyE 0.5.0	2	Archaea
genome_360	65.666501	65.666446	GB_GCA_958422285.1	Thermoplasmatota	set_d_clean	14	2379577	36	0	73.04948665719827	25.520550849906183	1659.0	16	CoCoPyE 0.5.0	2	-
genome_361	100.0	64.27589	GB_GCA_958422285.1	Thermoplasmatota	set_d_clean	16	2976459	36	1	95.6140040953512	25.211365314032207	1659.0	16	CoCoPyE 0.5.0	3	Archaea
genome_362	67.06103	56.995164	GB_GCA_958422285.1	Thermoplasmatota	set_d_clean	51	2247732	36	2	66.73507876493629	29.831624465423378	1659.0	16	CoCoPyE 0.5.0	3	Archaea
genome_363	63.235968	11.262091	GB_GCA_958422285.1	Thermoplasmatota	set_d_clean	7	1349805	36	3	65.16158780043283	4.988614701287	1659.0	16	CoCoPyE 0.5.0	3	Archaea
genome_364	58.082551	0.839908	GB_GCA_958422285.1	Thermoplasmatota	set_d_clean	10	1067596	36	4	61.27441931158084	2.03223177338396	1659.0	16	CoCoPyE 0.5.0	2	Archaea
genome_365	76.62305	51.747039	GB_GCA_958422285.1	Thermoplasmatota	set_d_clean	67	2325894	36	5	74.59929015179554	26.255513707120333	1659.0	16	CoCoPyE 0.5.0	3	Archaea
genome_366	80.133465	80.133465	GB_GCA_958422285.1	Thermoplasmatota	set_d_clean	15	2903822	36	6	80.0665899352401	31.87180480592516	1659.0	16	CoCoPyE 0.5.0	2	Campylobacter
genome_367	53.982414	44.780133	GB_GCA_958422285.1	Thermoplasmatota	set_d_clean	3	1789445	36	7	69.04622394545292	23.488593414005347	1659.0	16	CoCoPyE 0.5.0	3	-
genome_368	53.221817	23.64921	GB_GCA_958422285.1	Thermoplasmatota	set_d_clean	59	1392800	36	8	64.41247215284443	21.29427607039231	1659.0	16	CoCoPyE 0.5.0	2	Archaea
genome_369	73.209332	28.990389	GB_GCA_958422285.1	Thermoplasmatota	set_d_clean	23	1851722	36	9	82.30506519909136	14.06289713884008	1659.0	16	CoCoPyE 0.5.0	3	Archaea
genome_370	100.0	86.144141	GB_GCA_958427865.1	Thermoplasmatota	set_d_clean	47	2762850	37	0	90.28773199036951	26.54740876503473	1659.0	16	CoCoPyE 0.5.0	3	Archaea
genome_371	51.984534	51.984466	GB_GCA_958427865.1	Thermoplasmatota	set_d_clean	5	1543163	37	1	62.019000290995606	16.56802727420616	1659.0	16	CoCoPyE 0.5.0	2	Micrococcales
genome_372	100.0	41.313846	GB_GCA_958427865.1	Thermoplasmatota	set_d_clean	26	2097455	37	2	91.48712445011472	19.74609350483271	1659.0	16	CoCoPyE 0.5.0	3	Archaea
genome_373	77.013824	62.720304	GB_GCA_958427865.1	Thermoplasmatota	set_d_clean	154	2074008	37	3	65.7997569210098	23.90465368027129	1659.0	16	CoCoPyE 0.5.0	3	Archaea
genome_374	54.329282	11.893188	GB_GCA_958427865.1	Thermoplasmatota	set_d_clean	20	982909	37	4	62.48742287946639	12.208779761253579	1659.0	16	CoCoPyE 0.5.0	2	Archaea
genome_375	88.507418	43.115628	GB_GCA_958427865.1	Thermoplasmatota	set_d_clean	24	1953619	37	5	86.6370137133285	25.263046830370328	1659.0	16	CoCoPyE 0.5.0	3	Archaea
genome_376	53.575233	53.575165	GB_GCA_958427865.1	Thermoplasmatota	set_d_clean	12	1590383	37	6	59.87280498458528	18.58590291895344	1659.0	16	CoCoPyE 0.5.0	2	Archaea
genome_377	73.413764	73.413764	GB_GCA_958427865.1	Thermoplasmatota	set_d_clean	136	2179292	37	7	76.85926396726292	25.63202021984403	1659.0	16	CoCoPyE 0.5.0	3	-
genome_378	76.757467	64.630828	GB_GCA_958427865.1	Thermoplasmatota	set_d_clean	144	2098560	37	8	68.1765123282723	30.009254327993617	1659.0	16	CoCoPyE 0.5.0	3	Archaea
genome_379	83.304261	83.304261	GB_GCA_958427865.1	Thermoplasmatota	set_d_clean	17	2472892	37	9	71.2808278882368	27.265147442405762	1659.0	16	CoCoPyE 0.5.0	2	-
genome_380	100.0	50.000096	GB_GCA_963980945.1	Nanobdellota	set_d_clean	23	1563907	38	0	61.04058036183056	8.69987647190853	1659.0	16	CoCoPyE 0.5.0	2	Archaea
genome_381	77.201795	73.631791	GB_GCA_963980945.1	Nanobdellota	set_d_clean	36	1572597	38	1	59.47290760303371	12.90198026080684	1659.0	16	CoCoPyE 0.5.0	2	Bacteroidota
genome_382	61.545323	61.545323	GB_GCA_963980945.1	Nanobdellota	set_d_clean	4	1283348	38	2	56.9608149949156	3.77046098266848	1659.0	16	CoCoPyE 0.5.0	2	Corynebacterium
genome_383	78.169084	15.687356	GB_GCA_963980945.1	Nanobdellota	set_d_clean	4	978551	38	3	65.59351774516895	0.89188558394171	1659.0	16	CoCoPyE 0.5.0	3	-
genome_384	51.062724	10.074582	GB_GCA_963980945.1	Nanobdellota	set_d_clean	29	637420	38	4	58.37048824633574	3.0518032764967	1659.0	16	CoCoPyE 0.5.0	2	Pseudomonadota
genome_385	85.009073	43.847904	GB_GCA_963980945.1	Nanobdellota	set_d_clean	37	1343468	38	5	58.83571672619266	8.0506080096087	1659.0	16	CoCoPyE 0.5.0	2	Archaea
genome_386	100.0	8.275721	GB_GCA_963980945.1	Nanobdellota	set_d_clean	2	1128887	38	6	63.95673477455619	1.8704333957004	1659.0	16	CoCoPyE 0.5.0	2	Archaea
genome_387	100.0	86.643059	GB_GCA_963980945.1	Nanobdellota	set_d_clean	9	1945948	38	7	60.47295595194283	16.00778092906022	1659.0	16	CoCoPyE 0.5.0	2	Gammaproteobacteria
genome_388	76.414056	14.983349	GB_GCA_963980945.1	Nanobdellota	set_d_clean	19	952913	38	8	61.34383712423372	1.91628138490123	1659.0	16	CoCoPyE 0.5.0	2	Archaea
genome_389	57.927746	31.660151	GB_GCA_963980945.1	Nanobdellota	set_d_clean	7	934047	38	9	59.21066115502922	1.7417952755702601	1659.0	16	CoCoPyE 0.5.0	2	Bacilli
genome_390	100.0	13.563625	GB_GCA_963997705.1	Nanobdellota	set_d_clean	8	1037875	39	0	66.82445104723183	2.3275319143468	1659.0	16	CoCoPyE 0.5.0	3	Archaea
genome_391	72.444483	2.236204	GB_GCA_963997705.1	Nanobdellota	set_d_clean	10	682518	39	1	64.16023114659328	0.0	1659.0	16	CoCoPyE 0.5.0	2	Archaea
genome_392	79.135806	63.775406	GB_GCA_963997705.1	Nanobdellota	set_d_clean	55	1306087	39	2	67.79208705973682	22.90385949434288	1659.0	16	CoCoPyE 0.5.0	3	-
genome_393	77.030577	71.256627	GB_GCA_963997705.1	Nanobdellota	set_d_clean	10	1355219	39	3	63.859858107356196	9.96696388093884	1659.0	16	CoCoPyE 0.5.0	3	-
genome_394	90.721894	8.471904	GB_GCA_963997705.1	Nanobdellota	set_d_clean	2	906547	39	4	61.27504077033418	2.58213656315074	1659.0	16	CoCoPyE 0.5.0	2	Nitrososphaerota
genome_395	51.533786	27.695902	GB_GCA_963997705.1	Nanobdellota	set_d_clean	9	724092	39	5	61.42746428651999	8.32369647292936	1659.0	16	CoCoPyE 0.5.0	2	Bacteria
genome_396	54.583413	54.583413	GB_GCA_963997705.1	Nanobdellota	set_d_clean	17	997692	39	6	69.3227106885647	23.30906627910214	1659.0	16	CoCoPyE 0.5.0	3	-
genome_397	100.0	87.312496	GB_GCA_963997705.1	Nanobdellota	set_d_clean	4	1711877	39	7	61.947373020413956	16.53220604478934	1659.0	16	CoCoPyE 0.5.0	3	Archaea
genome_398	100.0	55.968443	GB_GCA_963997705.1	Nanobdellota	set_d_clean	14	1425419	39	8	61.56388640714003	14.349398688443129	1659.0	16	CoCoPyE 0.5.0	2	Archaea
genome_399	51.584557	51.584557	GB_GCA_963997705.1	Nanobdellota	set_d_clean	19	942878	39	9	56.96942577786276	7.40983640199976	1659.0	16	CoCoPyE 0.5.0	2	-
genome_400	77.549492	2.902096	RS_GCF_000018465.1	Thermoproteota	set_d_clean	8	1323637	40	0	78.65902366153273	2.69876451692868	1659.0	16	CoCoPyE 0.5.0	3	Nitrosopumilaceae
genome_401	71.835863	71.835863	RS_GCF_000018465.1	Thermoproteota	set_d_clean	4	2363772	40	1	67.47705251953032	32.418597533614616	1659.0	16	CoCoPyE 0.5.0	3	Nitrosopumilaceae
genome_402	83.249689	21.784777	RS_GCF_000018465.1	Thermoproteota	set_d_clean	16	1728089	40	2	85.1354790347371	23.96171818768777	1659.0	16	CoCoPyE 0.5.0	3	Nitrosopumilaceae
genome_403	65.714091	55.092785	RS_GCF_000018465.1	Thermoproteota	set_d_clean	26	1987586	40	3	63.59016312522845	32.32580404364522	1659.0	16	CoCoPyE 0.5.0	3	Nitrosopumilaceae
genome_404	100.0	44.456526	RS_GCF_000018465.1	Thermoproteota	set_d_clean	68	2376684	40	4	98.6220608409794	31.66882149540212	1659.0	16	CoCoPyE 0.5.0	3	Nitrosopumilaceae
genome_405	65.656593	8.378985	RS_GCF_000018465.1	Thermoproteota	set_d_clean	2	1218077	40	5	71.96917920495159	5.76553041876773	1659.0	16	CoCoPyE 0.5.0	3	Nitrososphaerota
genome_406	57.441473	6.768235	RS_GCF_000018465.1	Thermoproteota	set_d_clean	8	1056416	40	6	65.23314523484221	8.181197852836181	1659.0	16	CoCoPyE 0.5.0	3	Nitrososphaerota
genome_407	71.407177	19.337016	RS_GCF_000018465.1	Thermoproteota	set_d_clean	10	1492977	40	7	76.44599710557554	23.60210878503307	1659.0	16	CoCoPyE 0.5.0	3	Nitrosopumilaceae
genome_408	93.969156	76.34804	RS_GCF_000018465.1	Thermoproteota	set_d_clean	30	2802159	40	8	91.77834233222956	32.38504700038115	1659.0	16	CoCoPyE 0.5.0	2	Nitrosopumilaceae
genome_409	54.67431	54.67431	RS_GCF_000018465.1	Thermoproteota	set_d_clean	35	1799068	40	9	62.72316904792091	25.75898714350745	1659.0	16	CoCoPyE 0.5.0	3	Nitrososphaerota
genome_410	70.398484	23.508518	RS_GCF_000022385.1	Thermoproteota	set_d_clean	23	2569551	41	0	61.26630506511397	15.852402194274939	1659.0	16	CoCoPyE 0.5.0	2	Sulfolobaceae
genome_411	57.938136	41.008314	RS_GCF_000022385.1	Thermoproteota	set_d_clean	7	2707444	41	1	59.3235783039548	29.343809109801338	1659.0	16	CoCoPyE 0.5.0	3	Sulfolobaceae
genome_412	100.0	6.571825	RS_GCF_000022385.1	Thermoproteota	set_d_clean	4	2916095	41	2	100.0	5.29847812533953	1659.0	16	CoCoPyE 0.5.0	3	Sulfolobaceae
genome_413	100.0	70.481845	RS_GCF_000022385.1	Thermoproteota	set_d_clean	6	4664847	41	3	93.25186175097886	31.46781588676781	1659.0	16	CoCoPyE 0.5.0	2	Sulfolobaceae
genome_414	69.564575	52.900735	RS_GCF_000022385.1	Thermoproteota	set_d_clean	74	3350984	41	4	77.76867967026149	29.72564615751086	1659.0	16	CoCoPyE 0.5.0	3	Sulfolobaceae
genome_415	81.915504	81.915467	RS_GCF_000022385.1	Thermoproteota	set_d_clean	80	4482861	41	5	81.55324071154513	33.60585314448545	1659.0	16	CoCoPyE 0.5.0	2	Sulfolobaceae
genome_416	61.561606	60.405873	RS_GCF_000022385.1	Thermoproteota	set_d_clean	8	3337362	41	6	92.38383910489684	27.723447081298	1659.0	16	CoCoPyE 0.5.0	3	Campylobacter
genome_417	51.991396	4.474336	RS_GCF_000022385.1	Thermoproteota	set_d_clean	29	1545056	41	7	59.54819151917182	2.6727819038111797	1659.0	16	CoCoPyE 0.5.0	2	Sulfolobaceae
genome_418	85.617366	52.011423	RS_GCF_000022385.1	Thermoproteota	set_d_clean	34	3765898	41	8	95.16786942688118	29.417240248481868	1659.0	16	CoCoPyE 0.5.0	2	Sulfolobaceae
genome_419	80.324069	6.593935	RS_GCF_000022385.1	Thermoproteota	set_d_clean	323	2378313	41	9	80.12265531388817	11.84016094432013	1659.0	16	CoCoPyE 0.5.0	3	Sulfolobaceae
genome_420	80.699886	20.566704	RS_GCF_000023945.1	Halobacteriota	set_d_clean	7	3156272	42	0	77.42936780123483	22.25964767653296	1659.0	16	CoCoPyE 0.5.0	3	Halobacteriales
genome_421	72.749603	30.9902	RS_GCF_000023945.1	Halobacteriota	set_d_clean	18	3233357	42	1	72.38470590500316	27.098201122590332	1659.0	16	CoCoPyE 0.5.0	3	Haloarculaceae
genome_422	68.682445	68.682445	RS_GCF_000023945.1	Halobacteriota	set_d_clean	29	4281382	42	2	60.90111470960849	22.06259685127111	1659.0	16	CoCoPyE 0.5.0	3	Salmonella
genome_423	79.309643	20.537122	RS_GCF_000023945.1	Halobacteriota	set_d_clean	81	3112019	42	3	82.78728048718793	18.625765499287063	1659.0	16	CoCoPyE 0.5.0	3	Haloarculaceae
genome_424	86.855536	52.452824	RS_GCF_000023945.1	Halobacteriota	set_d_clean	20	4341956	42	4	84.73273856930395	28.80620151702646	1659.0	16	CoCoPyE 0.5.0	2	Halobacteria
genome_425	58.754682	33.170709	RS_GCF_000023945.1	Halobacteriota	set_d_clean	499	2865126	42	5	62.975257562330846	19.85873949921675	1659.0	16	CoCoPyE 0.5.0	3	Halobacteriales
genome_426	62.845872	62.845872	RS_GCF_000023945.1	Halobacteriota	set_d_clean	176	3917554	42	6	71.10687580369704	26.216420756268636	1659.0	16	CoCoPyE 0.5.0	3	Halobacteriales
genome_427	89.619978	24.544444	RS_GCF_000023945.1	Halobacteriota	set_d_clean	96	3558271	42	7	84.86155937080868	25.86788413472562	1659.0	16	CoCoPyE 0.5.0	3	Haloarculaceae
genome_428	74.10882	74.10882	RS_GCF_000023945.1	Halobacteriota	set_d_clean	201	4619640	42	8	79.18222614377555	31.41032939780108	1659.0	16	CoCoPyE 0.5.0	3	Haloarculaceae
genome_429	100.0	22.181055	RS_GCF_000023945.1	Halobacteriota	set_d_clean	12	3808133	42	9	98.99654028372196	25.876302922840537	1659.0	16	CoCoPyE 0.5.0	3	Haloarculaceae
genome_430	100.0	58.193831	RS_GCF_000024305.1	Thermoproteota	set_d_clean	3	4348190	43	0	94.66956228576949	33.388589838613555	1659.0	16	CoCoPyE 0.5.0	2	Sulfolobaceae
genome_431	77.353622	54.449771	RS_GCF_000024305.1	Thermoproteota	set_d_clean	16	3622810	43	1	83.61481209895669	32.37064382646962	1659.0	16	CoCoPyE 0.5.0	3	Sulfolobaceae
genome_432	78.031519	25.576365	RS_GCF_000024305.1	Thermoproteota	set_d_clean	516	2847815	43	2	81.047071827828	23.621127444759953	1659.0	16	CoCoPyE 0.5.0	3	Sulfolobaceae
genome_433	71.972611	68.647738	RS_GCF_000024305.1	Thermoproteota	set_d_clean	129	3865157	43	3	67.71551209226153	33.84517548503906	1659.0	16	CoCoPyE 0.5.0	2	Sulfolobaceae
genome_434	76.058002	49.789005	RS_GCF_000024305.1	Thermoproteota	set_d_clean	83	3459090	43	4	62.21592945312394	32.97996830782341	1659.0	16	CoCoPyE 0.5.0	3	Sulfolobaceae
genome_435	59.210077	50.100322	RS_GCF_000024305.1	Thermoproteota	set_d_clean	25	3004557	43	5	56.99369513722655	34.1039560313497	1659.0	16	CoCoPyE 0.5.0	3	Sulfolobaceae
genome_436	75.521957	56.685489	RS_GCF_000024305.1	Thermoproteota	set_d_clean	78	3633916	43	6	67.85446934396492	32.56224369327373	1659.0	16	CoCoPyE 0.5.0	3	Sulfolobaceae
genome_437	56.050995	47.380293	RS_GCF_000024305.1	Thermoproteota	set_d_clean	165	2842961	43	7	59.91080330665898	30.997173141950242	1659.0	16	CoCoPyE 0.5.0	3	Sulfolobaceae
genome_438	84.428484	57.601977	RS_GCF_000024305.1	Thermoproteota	set_d_clean	235	3903916	43	8	81.90486916221087	31.364980999389307	1659.0	16	CoCoPyE 0.5.0	2	Sulfolobaceae
genome_439	77.533456	62.313167	RS_GCF_000024305.1	Thermoproteota	set_d_clean	19	3843890	43	9	79.28848131668273	30.496827877316278	1659.0	16	CoCoPyE 0.5.0	3	Sulfolobaceae
genome_440	100.0	68.286457	RS_GCF_000190075.1	Methanobacteriota	set_d_clean	3	3319447	44	0	97.57586226853591	30.48397355617643	1659.0	16	CoCoPyE 0.5.0	3	Methanobacteriaceae
genome_441	66.571474	65.052183	RS_GCF_000190075.1	Methanobacteriota	set_d_clean	89	2596274	44	1	65.0987528217911	32.87032990845092	1659.0	16	CoCoPyE 0.5.0	2	Methanobacteriaceae
genome_442	100.0	1.315895	RS_GCF_000190075.1	Methanobacteriota	set_d_clean	4	1998454	44	2	100.0	0.23876790764208	1659.0	16	CoCoPyE 0.5.0	3	Methanobacteriaceae
genome_443	100.0	27.559521	RS_GCF_000190075.1	Methanobacteriota	set_d_clean	4	2516109	44	3	99.10072795745396	24.084004690536652	1659.0	16	CoCoPyE 0.5.0	3	Methanobacteriaceae
genome_444	59.969338	59.969338	RS_GCF_000190075.1	Methanobacteriota	set_d_clean	175	2365788	44	4	61.024521576723636	28.69860992237544	1659.0	16	CoCoPyE 0.5.0	3	Methanobacteriaceae
genome_445	100.0	20.298272	RS_GCF_000190075.1	Methanobacteriota	set_d_clean	3	2372881	44	5	99.12991898812255	19.50632142698429	1659.0	16	CoCoPyE 0.5.0	3	Methanobacteriaceae
genome_446	69.584354	66.583287	RS_GCF_000190075.1	Methanobacteriota	set_d_clean	24	2685904	44	6	62.27087431854152	31.36550341879063	1659.0	16	CoCoPyE 0.5.0	3	Methanobacteriaceae
genome_447	83.6739	80.338839	RS_GCF_000190075.1	Methanobacteriota	set_d_clean	201	3235148	44	7	82.83555714602933	31.44829587611228	1659.0	16	CoCoPyE 0.5.0	3	Methanobacteriaceae
genome_448	100.0	30.769309	RS_GCF_000190075.1	Methanobacteriota	set_d_clean	4	2579422	44	8	99.38553175424329	21.924893817568638	1659.0	16	CoCoPyE 0.5.0	3	Methanobacteriaceae
genome_449	86.776463	76.863247	RS_GCF_000190075.1	Methanobacteriota	set_d_clean	137	3227790	44	9	88.29304580137554	32.22079543709141	1659.0	16	CoCoPyE 0.5.0	2	Methanobacteriaceae
genome_450	100.0	33.271933	RS_GCF_000190135.1	Methanobacteriota	set_d_clean	5	2632126	45	0	98.1189249289114	27.09377388336082	1659.0	16	CoCoPyE 0.5.0	3	Methanobacteriaceae
genome_451	100.0	75.912251	RS_GCF_000190135.1	Methanobacteriota	set_d_clean	95	3474274	45	1	93.09393662295884	32.32084781760421	1659.0	16	CoCoPyE 0.5.0	2	Methanobacteriaceae
genome_452	51.956401	13.538403	RS_GCF_000190135.1	Methanobacteriota	set_d_clean	33	1293525	45	2	62.66856574756557	11.56593899767952	1659.0	16	CoCoPyE 0.5.0	3	Methanobacteriaceae
genome_453	76.450377	23.360813	RS_GCF_000190135.1	Methanobacteriota	set_d_clean	29	1971275	45	3	85.46798029620348	19.35035020460908	1659.0	16	CoCoPyE 0.5.0	3	Methanobacteriaceae
genome_454	100.0	75.656708	RS_GCF_000190135.1	Methanobacteriota	set_d_clean	3	3469227	45	4	99.30745327356341	28.63252947012161	1659.0	16	CoCoPyE 0.5.0	3	Methanobacteriaceae
genome_455	100.0	92.364167	RS_GCF_000190135.1	Methanobacteriota	set_d_clean	52	3799200	45	5	90.5793118962854	33.1703726403722	1659.0	16	CoCoPyE 0.5.0	2	Methanobacteriaceae
genome_456	64.501388	37.100026	RS_GCF_000190135.1	Methanobacteriota	set_d_clean	39	2006632	45	6	76.60243205415802	28.04642102375678	1659.0	16	CoCoPyE 0.5.0	3	-
genome_457	60.068385	60.068385	RS_GCF_000190135.1	Methanobacteriota	set_d_clean	22	2372706	45	7	60.17197462188071	30.94332695226348	1659.0	16	CoCoPyE 0.5.0	3	Methanobacteriaceae
genome_458	96.438438	50.144759	RS_GCF_000190135.1	Methanobacteriota	set_d_clean	2	2895024	45	8	97.86716064698913	28.188441657764717	1659.0	16	CoCoPyE 0.5.0	3	Methanobacteriaceae
genome_459	73.402839	22.466689	RS_GCF_000190135.1	Methanobacteriota	set_d_clean	84	1893427	45	9	67.70250754106577	13.84467218555287	1659.0	16	CoCoPyE 0.5.0	3	Methanobacteriaceae
genome_460	54.071083	3.122642	RS_GCF_000190315.1	Thermoproteota	set_d_clean	31	1314874	46	0	60.686150357048916	0.81835464350563	1659.0	16	CoCoPyE 0.5.0	2	Thermoprotei
genome_461	86.777936	27.419429	RS_GCF_000190315.1	Thermoproteota	set_d_clean	93	2625378	46	1	85.84765668296347	18.185898660710638	1659.0	16	CoCoPyE 0.5.0	3	Thermoproteaceae
genome_462	77.769736	56.947485	RS_GCF_000190315.1	Thermoproteota	set_d_clean	18	3097126	46	2	81.91708520274929	30.566549093595818	1659.0	16	CoCoPyE 0.5.0	3	Thermoproteaceae
genome_463	100.0	73.11533	RS_GCF_000190315.1	Thermoproteota	set_d_clean	5	3979892	46	3	92.5243151905366	27.501154481330246	1659.0	16	CoCoPyE 0.5.0	2	Campylobacter
genome_464	70.094777	54.514409	RS_GCF_000190315.1	Thermoproteota	set_d_clean	16	2864744	46	4	68.754206579539	31.86928616421469	1659.0	16	CoCoPyE 0.5.0	3	Thermoproteaceae
genome_465	83.093263	83.093263	RS_GCF_000190315.1	Thermoproteota	set_d_clean	552	3820600	46	5	81.18146569126944	33.31156859349869	1659.0	16	CoCoPyE 0.5.0	3	Thermoprotei
genome_466	53.138496	21.298113	RS_GCF_000190315.1	Thermoproteota	set_d_clean	53	1711285	46	6	61.078749835122345	20.37988416570338	1659.0	16	CoCoPyE 0.5.0	3	Thermoprotei
genome_467	84.918723	80.29707	RS_GCF_000190315.1	Thermoproteota	set_d_clean	173	3798283	46	7	69.64932423987031	31.93521999314904	1659.0	16	CoCoPyE 0.5.0	2	-
genome_468	52.429748	52.429748	RS_GCF_000190315.1	Thermoproteota	set_d_clean	287	2410702	46	8	62.80249996587367	22.87672927724966	1659.0	16	CoCoPyE 0.5.0	3	Thermoprotei
genome_469	76.802786	11.019438	RS_GCF_000190315.1	Thermoproteota	set_d_clean	107	2019018	46	9	75.07169043615582	8.61017207553933	1659.0	16	CoCoPyE 0.5.0	3	Thermoprotei
genome_470	60.648196	20.041691	RS_GCF_000211475.1	Methanobacteriota_B	set_d_clean	7	1501897	47	0	70.06364450366081	14.95354014430332	1659.0	16	CoCoPyE 0.5.0	3	Thermococcaceae
genome_471	100.0	69.673243	RS_GCF_000211475.1	Methanobacteriota_B	set_d_clean	110	3158162	47	1	99.01073364021924	27.431776740638558	1659.0	16	CoCoPyE 0.5.0	3	Thermococcaceae
genome_472	92.421185	84.247201	RS_GCF_000211475.1	Methanobacteriota_B	set_d_clean	12	3288364	47	2	89.44800535763065	30.910551395334203	1659.0	16	CoCoPyE 0.5.0	3	Thermococcaceae
genome_473	83.177046	6.203823	RS_GCF_000211475.1	Methanobacteriota_B	set_d_clean	32	1663664	47	3	79.08057037500083	8.05548516876836	1659.0	16	CoCoPyE 0.5.0	3	Thermococcaceae
genome_474	90.901242	2.151108	RS_GCF_000211475.1	Methanobacteriota_B	set_d_clean	10	1732002	47	4	92.43906420345164	0.9832920818966899	1659.0	16	CoCoPyE 0.5.0	3	Thermococcaceae
genome_475	62.680678	29.803849	RS_GCF_000211475.1	Methanobacteriota_B	set_d_clean	12	1721433	47	5	67.4182591783092	18.24564038648043	1659.0	16	CoCoPyE 0.5.0	3	Thermococcaceae
genome_476	83.955526	34.687534	RS_GCF_000211475.1	Methanobacteriota_B	set_d_clean	91	2208327	47	6	85.64307499159528	25.50421802040454	1659.0	16	CoCoPyE 0.5.0	3	Thermococcaceae
genome_477	82.335493	53.845927	RS_GCF_000211475.1	Methanobacteriota_B	set_d_clean	51	2534772	47	7	90.0398158882247	29.450580912217774	1659.0	16	CoCoPyE 0.5.0	3	Thermococcaceae
genome_478	71.716685	11.471483	RS_GCF_000211475.1	Methanobacteriota_B	set_d_clean	50	1548398	47	8	75.35923253247563	8.22840001960759	1659.0	16	CoCoPyE 0.5.0	3	Thermococcaceae
genome_479	56.726087	56.726087	RS_GCF_000211475.1	Methanobacteriota_B	set_d_clean	140	2111708	47	9	63.596283054683056	28.092863698002006	1659.0	16	CoCoPyE 0.5.0	3	Thermococcaceae
genome_480	65.773669	20.198714	RS_GCF_000223905.1	Halobacteriota	set_d_clean	5	3344330	48	0	78.35837590454817	18.91698119149731	1659.0	16	CoCoPyE 0.5.0	3	Halobacteria
genome_481	52.295126	5.243875	RS_GCF_000223905.1	Halobacteriota	set_d_clean	28	2238270	48	1	60.024913778578984	4.66134245633798	1659.0	16	CoCoPyE 0.5.0	2	Halobacteria
genome_482	74.918773	74.918773	RS_GCF_000223905.1	Halobacteriota	set_d_clean	200	5828688	48	2	72.13462275250464	31.885524991806953	1659.0	16	CoCoPyE 0.5.0	2	-
genome_483	83.376474	44.359917	RS_GCF_000223905.1	Halobacteriota	set_d_clean	15	4968952	48	3	94.399322426244	31.9063863873438	1659.0	16	CoCoPyE 0.5.0	2	Halobacteria
genome_484	59.991465	59.991465	RS_GCF_000223905.1	Halobacteriota	set_d_clean	164	4667342	48	4	63.80163765838122	33.14557557694394	1659.0	16	CoCoPyE 0.5.0	3	Halobacteria
genome_485	77.30296	48.15837	RS_GCF_000223905.1	Halobacteriota	set_d_clean	28	4880452	48	5	73.95424431164601	29.21515629249355	1659.0	16	CoCoPyE 0.5.0	3	Halobacteria
genome_486	51.269137	44.248272	RS_GCF_000223905.1	Halobacteriota	set_d_clean	73	3715632	48	6	59.96771923124932	27.81777806644476	1659.0	16	CoCoPyE 0.5.0	2	Halobacteria
genome_487	51.163302	23.882052	RS_GCF_000223905.1	Halobacteriota	set_d_clean	474	2919268	48	7	60.81396040311502	27.2462558875756	1659.0	16	CoCoPyE 0.5.0	3	Halobacteriales
genome_488	80.847634	80.847634	RS_GCF_000223905.1	Halobacteriota	set_d_clean	311	6289954	48	8	79.78765990662326	30.492946917479717	1659.0	16	CoCoPyE 0.5.0	2	-
genome_489	78.602572	78.602572	RS_GCF_000223905.1	Halobacteriota	set_d_clean	204	6115288	48	9	83.19732521590281	31.51632884994663	1659.0	16	CoCoPyE 0.5.0	2	Halobacteria
genome_490	87.565488	4.507449	RS_GCF_000243255.1	Halobacteriota	set_d_clean	96	2947205	49	0	88.74642677528892	1.7233546762471699	1659.0	16	CoCoPyE 0.5.0	3	Methanomicrobiaceae
genome_491	100.0	49.174057	RS_GCF_000243255.1	Halobacteriota	set_d_clean	50	4774981	49	1	94.55542554023636	31.78656457340582	1659.0	16	CoCoPyE 0.5.0	3	Methanomicrobiaceae
genome_492	100.0	13.385012	RS_GCF_000243255.1	Halobacteriota	set_d_clean	8	3629393	49	2	98.75549573997432	11.49577038171669	1659.0	16	CoCoPyE 0.5.0	3	Methanomicrobiaceae
genome_493	72.902292	7.584008	RS_GCF_000243255.1	Halobacteriota	set_d_clean	107	2576323	49	3	70.7903083499419	13.67094481874055	1659.0	16	CoCoPyE 0.5.0	3	Methanomicrobiales
genome_494	73.094173	52.852219	RS_GCF_000243255.1	Halobacteriota	set_d_clean	144	4031476	49	4	74.785233249771	30.492512927516007	1659.0	16	CoCoPyE 0.5.0	3	Methanomicrobiaceae
genome_495	58.02797	58.02797	RS_GCF_000243255.1	Halobacteriota	set_d_clean	162	3714888	49	5	72.1898349724831	28.97251097887199	1659.0	16	CoCoPyE 0.5.0	2	-
genome_496	79.27219	77.857702	RS_GCF_000243255.1	Halobacteriota	set_d_clean	199	5029643	49	6	69.18400540966711	29.71542212066994	1659.0	16	CoCoPyE 0.5.0	2	Methanomicrobiaceae
genome_497	83.471386	53.680662	RS_GCF_000243255.1	Halobacteriota	set_d_clean	14	4390163	49	7	87.7196925064784	27.93274986068708	1659.0	16	CoCoPyE 0.5.0	2	-
genome_498	70.948182	22.037798	RS_GCF_000243255.1	Halobacteriota	set_d_clean	35	2976431	49	8	63.71774792827396	18.73212455631104	1659.0	16	CoCoPyE 0.5.0	3	Methanomicrobiaceae
genome_499	54.718293	49.071493	RS_GCF_000243255.1	Halobacteriota	set_d_clean	17	3322255	49	9	68.25530150793804	22.9051178885608	1659.0	16	CoCoPyE 0.5.0	3	Methanomicrobiaceae
genome_500	87.21427	64.678662	RS_GCF_000245255.1	Thermoproteota	set_d_clean	185	4093153	50	0	86.29925749766355	31.282902362916232	1659.0	16	CoCoPyE 0.5.0	2	Sulfolobaceae
genome_501	57.665872	40.440195	RS_GCF_000245255.1	Thermoproteota	set_d_clean	25	2643725	50	1	61.39376373920176	30.017336537651367	1659.0	16	CoCoPyE 0.5.0	3	Sulfolobaceae
genome_502	65.923002	42.844266	RS_GCF_000245255.1	Thermoproteota	set_d_clean	31	2931019	50	2	78.8965625606049	28.726793031268098	1659.0	16	CoCoPyE 0.5.0	3	Sulfolobaceae
genome_503	89.367892	29.801296	RS_GCF_000245255.1	Thermoproteota	set_d_clean	20	3211326	50	3	92.51707548001265	25.74150174742052	1659.0	16	CoCoPyE 0.5.0	3	Sulfolobaceae
genome_504	70.136398	64.123474	RS_GCF_000245255.1	Thermoproteota	set_d_clean	120	3617984	50	4	59.72402854372915	33.911355804215944	1659.0	16	CoCoPyE 0.5.0	2	Sulfolobaceae
genome_505	63.531733	34.873506	RS_GCF_000245255.1	Thermoproteota	set_d_clean	28	2651787	50	5	74.92929958401857	29.32086079256552	1659.0	16	CoCoPyE 0.5.0	3	Sulfolobaceae
genome_506	100.0	39.469979	RS_GCF_000245255.1	Thermoproteota	set_d_clean	26	3758384	50	6	99.9553560624858	28.85218658651284	1659.0	16	CoCoPyE 0.5.0	3	Sulfolobaceae
genome_507	60.479033	7.916395	RS_GCF_000245255.1	Thermoproteota	set_d_clean	10	1843094	50	7	63.70128994305468	4.96320394506381	1659.0	16	CoCoPyE 0.5.0	3	Sulfolobaceae
genome_508	74.032846	56.858379	RS_GCF_000245255.1	Thermoproteota	set_d_clean	41	3527207	50	8	82.66850701226362	31.97587790713078	1659.0	16	CoCoPyE 0.5.0	3	Sulfolobaceae
genome_509	100.0	69.488326	RS_GCF_000245255.1	Thermoproteota	set_d_clean	5	4567307	50	9	99.3039914832647	31.37573856817214	1659.0	16	CoCoPyE 0.5.0	2	Sulfolobaceae
genome_510	79.9068	24.326811	RS_GCF_000245275.1	Thermoproteota	set_d_clean	83	2749223	51	0	75.92681542295938	25.33561339749763	1659.0	16	CoCoPyE 0.5.0	3	Sulfolobaceae
genome_511	86.024199	31.911172	RS_GCF_000245275.1	Thermoproteota	set_d_clean	29	3110615	51	1	84.52958071969603	29.27532673848433	1659.0	16	CoCoPyE 0.5.0	3	Sulfolobaceae
genome_512	74.216842	46.732111	RS_GCF_000245275.1	Thermoproteota	set_d_clean	266	3190100	51	2	79.57430396557528	31.206929817523438	1659.0	16	CoCoPyE 0.5.0	3	Sulfolobaceae
genome_513	75.337803	1.234134	RS_GCF_000245275.1	Thermoproteota	set_d_clean	442	2019630	51	3	75.09570672094146	8.29102801940414	1659.0	16	CoCoPyE 0.5.0	3	Sulfolobaceae
genome_514	74.022079	31.266599	RS_GCF_000245275.1	Thermoproteota	set_d_clean	50	2777051	51	4	69.8401717240759	28.57873653188787	1659.0	16	CoCoPyE 0.5.0	3	Sulfolobaceae
genome_515	71.316736	66.423462	RS_GCF_000245275.1	Thermoproteota	set_d_clean	84	3632979	51	5	73.17458630366606	33.711570683497385	1659.0	16	CoCoPyE 0.5.0	3	Sulfolobaceae
genome_516	82.165252	1.320084	RS_GCF_000245275.1	Thermoproteota	set_d_clean	12	2201975	51	6	94.54097280394224	0.60153198186943	1659.0	16	CoCoPyE 0.5.0	3	Sulfolobaceae
genome_517	72.875337	49.24015	RS_GCF_000245275.1	Thermoproteota	set_d_clean	86	3220868	51	7	74.06240073475958	31.55305019757529	1659.0	16	CoCoPyE 0.5.0	3	Sulfolobaceae
genome_518	100.0	66.997933	RS_GCF_000245275.1	Thermoproteota	set_d_clean	2	4404669	51	8	91.6319626006491	25.955234708442	1659.0	16	CoCoPyE 0.5.0	2	Campylobacter
genome_519	100.0	46.577195	RS_GCF_000245275.1	Thermoproteota	set_d_clean	90	3866060	51	9	98.2337520992408	31.41531302217263	1659.0	16	CoCoPyE 0.5.0	2	Sulfolobaceae
genome_520	100.0	7.687843	RS_GCF_000265525.1	Methanobacteriota_B	set_d_clean	3	2100250	52	0	100.0	1.85278218976901	1659.0	16	CoCoPyE 0.5.0	3	Thermococcus
genome_521	69.707632	69.707632	RS_GCF_000265525.1	Methanobacteriota_B	set_d_clean	10	2719034	52	1	67.5312571898393	33.87102359189695	1659.0	16	CoCoPyE 0.5.0	3	Thermococcus
genome_522	78.237801	0.40332	RS_GCF_000265525.1	Methanobacteriota_B	set_d_clean	14	1533748	52	2	76.55673863562677	0.0	1659.0	16	CoCoPyE 0.5.0	3	Thermococcus
genome_523	51.021195	18.629061	RS_GCF_000265525.1	Methanobacteriota_B	set_d_clean	31	1358398	52	3	58.314085772510616	7.745763694955709	1659.0	16	CoCoPyE 0.5.0	2	Thermococcus
genome_524	86.413668	42.880809	RS_GCF_000265525.1	Methanobacteriota_B	set_d_clean	4	2521647	52	4	78.05187789515638	27.93102877250748	1659.0	16	CoCoPyE 0.5.0	3	Thermococcus
genome_525	100.0	83.492598	RS_GCF_000265525.1	Methanobacteriota_B	set_d_clean	52	3578680	52	5	93.44887459140176	33.70650206563361	1659.0	16	CoCoPyE 0.5.0	2	Thermococcus
genome_526	58.885881	57.232762	RS_GCF_000265525.1	Methanobacteriota_B	set_d_clean	111	2264677	52	6	61.331277917515656	26.93529015275285	1659.0	16	CoCoPyE 0.5.0	3	Thermococcus
genome_527	87.791498	16.2618	RS_GCF_000265525.1	Methanobacteriota_B	set_d_clean	42	2029365	52	7	91.4575923013358	10.9563075164258	1659.0	16	CoCoPyE 0.5.0	3	Thermococcus
genome_528	84.551198	56.717563	RS_GCF_000265525.1	Methanobacteriota_B	set_d_clean	306	2755183	52	8	82.04205254409808	31.156739946829358	1659.0	16	CoCoPyE 0.5.0	3	Thermococcus
genome_529	100.0	63.299481	RS_GCF_000265525.1	Methanobacteriota_B	set_d_clean	241	3184851	52	9	99.25829210193776	30.812304660673252	1659.0	16	CoCoPyE 0.5.0	3	Thermococcus
genome_530	75.891199	75.891199	RS_GCF_000328665.1	Halobacteriota	set_d_clean	8	4119394	53	0	74.31948856133624	30.70013937346003	1659.0	16	CoCoPyE 0.5.0	2	-
genome_531	100.0	6.845251	RS_GCF_000328665.1	Halobacteriota	set_d_clean	11	2899794	53	1	99.65329014440368	3.9985601700060602	1659.0	16	CoCoPyE 0.5.0	3	Methanosarcinaceae
genome_532	56.463473	54.649149	RS_GCF_000328665.1	Halobacteriota	set_d_clean	87	3015611	53	2	55.80532871817824	30.47077006162574	1659.0	16	CoCoPyE 0.5.0	2	-
genome_533	56.727142	53.887104	RS_GCF_000328665.1	Halobacteriota	set_d_clean	290	3002085	53	3	67.78526060430323	27.805750700980408	1659.0	16	CoCoPyE 0.5.0	2	-
genome_534	54.034192	52.350744	RS_GCF_000328665.1	Halobacteriota	set_d_clean	70	2887301	53	4	64.16166743060954	32.7443973005363	1659.0	16	CoCoPyE 0.5.0	3	Methanosarcinaceae
genome_535	72.046228	72.046191	RS_GCF_000328665.1	Halobacteriota	set_d_clean	98	3910687	53	5	65.22516629695106	21.99987720645856	1659.0	16	CoCoPyE 0.5.0	3	Methanosarcinaceae
genome_536	100.0	96.891761	RS_GCF_000328665.1	Halobacteriota	set_d_clean	15	5343668	53	6	83.32005369027415	25.483390425172097	1659.0	16	CoCoPyE 0.5.0	2	Methanosarcinaceae
genome_537	100.0	5.958962	RS_GCF_000328665.1	Halobacteriota	set_d_clean	17	2875740	53	7	99.7485285103741	4.22977874027276	1659.0	16	CoCoPyE 0.5.0	3	Methanosarcinaceae
genome_538	69.179403	16.80751	RS_GCF_000328665.1	Halobacteriota	set_d_clean	29	2333696	53	8	67.0991940901289	15.68502751851345	1659.0	16	CoCoPyE 0.5.0	3	Methanosarcinaceae
genome_539	69.023803	18.087644	RS_GCF_000328665.1	Halobacteriota	set_d_clean	46	2364216	53	9	75.95939998436442	13.355028182505091	1659.0	16	CoCoPyE 0.5.0	3	Methanosarcinaceae
genome_540	78.15796	72.716754	RS_GCF_000337195.1	Halobacteriota	set_d_clean	437	6322856	54	0	80.23982345380398	28.53429553401698	1659.0	16	CoCoPyE 0.5.0	3	Halobacteria
genome_541	58.512136	58.512136	RS_GCF_000337195.1	Halobacteriota	set_d_clean	221	4904252	54	1	60.89878090904216	28.434779878348447	1659.0	16	CoCoPyE 0.5.0	3	Halobacteria
genome_542	51.091546	47.066991	RS_GCF_000337195.1	Halobacteriota	set_d_clean	109	4113627	54	2	52.595631991694184	32.807247048464646	1659.0	16	CoCoPyE 0.5.0	2	Halobacteria
genome_543	61.180935	45.896451	RS_GCF_000337195.1	Halobacteriota	set_d_clean	127	4487398	54	3	65.32423388172965	32.75636810116342	1659.0	16	CoCoPyE 0.5.0	3	Halobacteria
genome_544	56.769437	56.769437	RS_GCF_000337195.1	Halobacteriota	set_d_clean	22	4758186	54	4	78.06420090935983	28.74697453875912	1659.0	16	CoCoPyE 0.5.0	2	-
genome_545	56.592048	56.592048	RS_GCF_000337195.1	Halobacteriota	set_d_clean	67	4743318	54	5	77.35491648948951	24.71138435609124	1659.0	16	CoCoPyE 0.5.0	2	-
genome_546	53.420243	12.015919	RS_GCF_000337195.1	Halobacteriota	set_d_clean	6	2742298	54	6	62.51089239582646	10.88646578226857	1659.0	16	CoCoPyE 0.5.0	2	Halobacteria
genome_547	63.179957	20.368693	RS_GCF_000337195.1	Halobacteriota	set_d_clean	561	3501356	54	7	67.21543603848588	20.99942002413605	1659.0	16	CoCoPyE 0.5.0	3	Halobacteria
genome_548	86.014552	7.986615	RS_GCF_000337195.1	Halobacteriota	set_d_clean	43	3939400	54	8	86.72573494120373	8.62798005040355	1659.0	16	CoCoPyE 0.5.0	3	Natrialbaceae
genome_549	61.241973	59.115887	RS_GCF_000337195.1	Halobacteriota	set_d_clean	5	5043956	54	9	63.57605814983379	24.65297672627031	1659.0	16	CoCoPyE 0.5.0	3	Halobacteria
genome_550	80.211032	49.217116	RS_GCF_000337875.1	Halobacteriota	set_d_clean	97	5715934	55	0	77.79998501926086	30.877894185930987	1659.0	16	CoCoPyE 0.5.0	2	Staphylococcus aureus
genome_551	57.278912	19.575011	RS_GCF_000337875.1	Halobacteriota	set_d_clean	91	3394099	55	1	62.893813620671644	21.31960774308686	1659.0	16	CoCoPyE 0.5.0	3	Halobacteria
genome_552	100.0	78.393832	RS_GCF_000337875.1	Halobacteriota	set_d_clean	51	7878405	55	2	80.17282336266727	29.40642008477513	1659.0	16	CoCoPyE 0.5.0	2	-
genome_553	85.38464	7.921384	RS_GCF_000337875.1	Halobacteriota	set_d_clean	10	4120673	55	3	90.4157556944002	5.321408886075471	1659.0	16	CoCoPyE 0.5.0	3	Natrialbaceae
genome_554	70.444392	6.252724	RS_GCF_000337875.1	Halobacteriota	set_d_clean	369	3387174	55	4	73.72534803954831	9.44448179684855	1659.0	16	CoCoPyE 0.5.0	3	Natrialbaceae
genome_555	58.477811	37.398374	RS_GCF_000337875.1	Halobacteriota	set_d_clean	73	4234179	55	5	64.82863862843303	28.78465313920242	1659.0	16	CoCoPyE 0.5.0	3	Halobacteria
genome_556	75.635708	33.966971	RS_GCF_000337875.1	Halobacteriota	set_d_clean	57	4840382	55	6	79.74657274841337	28.1607700293169	1659.0	16	CoCoPyE 0.5.0	3	Natrialbaceae
genome_557	81.55057	0.487693	RS_GCF_000337875.1	Halobacteriota	set_d_clean	291	3623055	55	7	82.96627170026586	0.0	1659.0	16	CoCoPyE 0.5.0	3	Natrialbaceae
genome_558	75.84491	75.844887	RS_GCF_000337875.1	Halobacteriota	set_d_clean	44	6699075	55	8	69.49833062382855	29.46413918267144	1659.0	16	CoCoPyE 0.5.0	2	Natrialbaceae
genome_559	67.223913	34.815034	RS_GCF_000337875.1	Halobacteriota	set_d_clean	13	4506345	55	9	66.8762590863275	30.07266896612022	1659.0	16	CoCoPyE 0.5.0	3	Halobacteria
genome_560	58.191753	12.987596	RS_GCF_000734035.1	Halobacteriota	set_d_clean	20	1648718	56	0	65.16765377730225	22.46612619887678	1659.0	16	CoCoPyE 0.5.0	3	Euryarchaeota
genome_561	65.485624	34.553188	RS_GCF_000734035.1	Halobacteriota	set_d_clean	360	2317186	56	1	72.0138530357758	26.57230879175001	1659.0	16	CoCoPyE 0.5.0	3	Euryarchaeota
genome_562	72.327263	56.560953	RS_GCF_000734035.1	Halobacteriota	set_d_clean	9	2985421	56	2	89.23332927912145	25.74358708959271	1659.0	16	CoCoPyE 0.5.0	2	-
genome_563	100.0	15.538705	RS_GCF_000734035.1	Halobacteriota	set_d_clean	18	2676208	56	3	98.1464398128258	8.35430076629393	1659.0	16	CoCoPyE 0.5.0	3	Euryarchaeota
genome_564	80.81723	37.866033	RS_GCF_000734035.1	Halobacteriota	set_d_clean	20	2749045	56	4	87.14323146631105	19.60455846130694	1659.0	16	CoCoPyE 0.5.0	3	Euryarchaeota
genome_565	52.706638	33.92779	RS_GCF_000734035.1	Halobacteriota	set_d_clean	181	2006702	56	5	64.63352408742622	28.78934837087888	1659.0	16	CoCoPyE 0.5.0	2	-
genome_566	96.876035	81.637465	RS_GCF_000734035.1	Halobacteriota	set_d_clean	6	4134885	56	6	94.61647230633106	19.37071404037117	1659.0	16	CoCoPyE 0.5.0	3	Euryarchaeota
genome_567	58.055068	58.055025	RS_GCF_000734035.1	Halobacteriota	set_d_clean	190	2689443	56	7	66.00167836193553	25.5521438278769	1659.0	16	CoCoPyE 0.5.0	3	Euryarchaeota
genome_568	70.183919	67.50312	RS_GCF_000734035.1	Halobacteriota	set_d_clean	28	3189227	56	8	64.86021033939534	30.93354914492361	1659.0	16	CoCoPyE 0.5.0	3	Euryarchaeota
genome_569	63.052117	8.686834	RS_GCF_000734035.1	Halobacteriota	set_d_clean	54	1661680	56	9	63.02246948963705	7.44168656908272	1659.0	16	CoCoPyE 0.5.0	3	Euryarchaeota
genome_570	83.739718	12.127936	RS_GCF_001280425.1	Halobacteriota	set_d_clean	531	3806894	57	0	87.29377207143945	17.04745757717681	1659.0	16	CoCoPyE 0.5.0	3	Haloarculaceae
genome_571	78.416208	78.416208	RS_GCF_001280425.1	Halobacteriota	set_d_clean	258	6227798	57	1	73.79742609111265	29.9381348575124	1659.0	16	CoCoPyE 0.5.0	2	Halobacteria
genome_572	78.840712	19.878952	RS_GCF_001280425.1	Halobacteriota	set_d_clean	17	3920147	57	2	78.71920432950326	22.30813558587122	1659.0	16	CoCoPyE 0.5.0	3	Haloarculaceae
genome_573	78.907849	17.785645	RS_GCF_001280425.1	Halobacteriota	set_d_clean	85	3839688	57	3	78.15022288134195	18.720742549481532	1659.0	16	CoCoPyE 0.5.0	3	Halobacteria
genome_574	76.337859	26.830722	RS_GCF_001280425.1	Halobacteriota	set_d_clean	32	4096813	57	4	84.45212247001372	21.66634163907301	1659.0	16	CoCoPyE 0.5.0	3	Halobacteriales
genome_575	57.029974	0.795646	RS_GCF_001280425.1	Halobacteriota	set_d_clean	152	2296249	57	5	60.65582563473066	0.0	1659.0	16	CoCoPyE 0.5.0	2	Halobacteriales
genome_576	59.754535	17.366077	RS_GCF_001280425.1	Halobacteriota	set_d_clean	75	3062451	57	6	66.62153112592776	20.76159599797971	1659.0	16	CoCoPyE 0.5.0	3	Halobacteria
genome_577	100.0	72.116342	RS_GCF_001280425.1	Halobacteriota	set_d_clean	207	6834721	57	7	96.4356889472086	25.86291782403271	1659.0	16	CoCoPyE 0.5.0	2	Haloarculaceae
genome_578	100.0	37.475375	RS_GCF_001280425.1	Halobacteriota	set_d_clean	12	5459132	57	8	99.80069680155428	26.88223622474843	1659.0	16	CoCoPyE 0.5.0	3	Haloarculaceae
genome_579	65.054801	40.977273	RS_GCF_001280425.1	Halobacteriota	set_d_clean	196	4210522	57	9	64.3323818914854	29.016107297055584	1659.0	16	CoCoPyE 0.5.0	3	Halobacteria
genome_580	68.024318	39.183759	RS_GCF_001305655.1	Halobacteriota	set_d_clean	39	2415934	58	0	67.05712363066844	24.51911901105698	1659.0	16	CoCoPyE 0.5.0	3	Halobacteria
genome_581	72.496073	0.181984	RS_GCF_001305655.1	Halobacteriota	set_d_clean	31	1637800	58	1	73.96384266620002	0.0	1659.0	16	CoCoPyE 0.5.0	3	Halobacteriales
genome_582	88.775904	62.255957	RS_GCF_001305655.1	Halobacteriota	set_d_clean	33	3403503	58	2	84.34446381229144	29.704083451505248	1659.0	16	CoCoPyE 0.5.0	3	Halobacteria
genome_583	89.448813	70.55243	RS_GCF_001305655.1	Halobacteriota	set_d_clean	40	3605628	58	3	87.47395023148906	27.153531483699002	1659.0	16	CoCoPyE 0.5.0	3	Halobacteria
genome_584	77.015709	70.50122	RS_GCF_001305655.1	Halobacteriota	set_d_clean	49	3324294	58	4	69.74861105766614	29.54408564964821	1659.0	16	CoCoPyE 0.5.0	2	Halobacteria
genome_585	75.174395	35.495052	RS_GCF_001305655.1	Halobacteriota	set_d_clean	38	2493936	58	5	69.36894000183155	26.404984424059908	1659.0	16	CoCoPyE 0.5.0	3	Halobacteriales
genome_586	95.276592	69.435944	RS_GCF_001305655.1	Halobacteriota	set_d_clean	45	3711797	58	6	95.3829992951632	28.60222067815088	1659.0	16	CoCoPyE 0.5.0	2	Halobacteria
genome_587	71.432483	71.432438	RS_GCF_001305655.1	Halobacteriota	set_d_clean	30	3219461	58	7	63.15422928958042	27.614328277607182	1659.0	16	CoCoPyE 0.5.0	3	Halobacteriales
genome_588	52.439183	52.256312	RS_GCF_001305655.1	Halobacteriota	set_d_clean	86	2359313	58	8	63.9728136773295	27.846575268962532	1659.0	16	CoCoPyE 0.5.0	3	Halobacteria
genome_589	75.148391	56.256889	RS_GCF_001305655.1	Halobacteriota	set_d_clean	144	2961218	58	9	65.83524677747221	30.355647301559802	1659.0	16	CoCoPyE 0.5.0	2	Halobacteria
genome_590	100.0	50.628651	RS_GCF_001560405.1	Thermoproteota	set_d_clean	87	3371256	59	0	99.31492116804719	30.707345466236692	1659.0	16	CoCoPyE 0.5.0	3	Sulfolobaceae
genome_591	100.0	54.036193	RS_GCF_001560405.1	Thermoproteota	set_d_clean	10	3447521	59	1	98.9455075503031	28.95956347880172	1659.0	16	CoCoPyE 0.5.0	3	Sulfolobaceae
genome_592	70.467454	49.883384	RS_GCF_001560405.1	Thermoproteota	set_d_clean	50	2693601	59	2	92.57054810001975	32.29449962678504	1659.0	16	CoCoPyE 0.5.0	3	Sulfolobaceae
genome_593	100.0	3.815562	RS_GCF_001560405.1	Thermoproteota	set_d_clean	4	2323521	59	3	100.0	0.90696013739107	1659.0	16	CoCoPyE 0.5.0	3	Sulfolobaceae
genome_594	70.282567	8.259194	RS_GCF_001560405.1	Thermoproteota	set_d_clean	67	1757862	59	4	64.64647151888805	9.3400815222849	1659.0	16	CoCoPyE 0.5.0	3	Sulfolobaceae
genome_595	57.049788	9.360697	RS_GCF_001560405.1	Thermoproteota	set_d_clean	156	1486349	59	5	63.81348739189507	6.07475242564111	1659.0	16	CoCoPyE 0.5.0	3	Sulfolobaceae
genome_596	70.494932	70.494932	RS_GCF_001560405.1	Thermoproteota	set_d_clean	88	3155528	59	6	67.53776345662324	31.29170353844628	1659.0	16	CoCoPyE 0.5.0	3	Sulfolobaceae
genome_597	65.317695	65.317695	RS_GCF_001560405.1	Thermoproteota	set_d_clean	288	2923782	59	7	66.92800380171768	32.57902034658435	1659.0	16	CoCoPyE 0.5.0	3	Sulfolobaceae
genome_598	63.307618	63.307618	RS_GCF_001560405.1	Thermoproteota	set_d_clean	10	2833806	59	8	63.61500019116334	24.385343571605368	1659.0	16	CoCoPyE 0.5.0	3	Corynebacterium
genome_599	87.2474	2.919365	RS_GCF_001560405.1	Thermoproteota	set_d_clean	11	2018044	59	9	78.82550666302566	2.19330129839626	1659.0	16	CoCoPyE 0.5.0	3	Sulfolobaceae
genome_600	72.581468	72.581468	RS_GCF_001560725.1	Thermoproteota	set_d_clean	30	3251718	60	0	63.54291991762497	34.50817716807285	1659.0	16	CoCoPyE 0.5.0	3	Sulfolobaceae
genome_601	68.947035	40.52156	RS_GCF_001560725.1	Thermoproteota	set_d_clean	7	2452148	60	1	62.368456772145464	29.270017258331336	1659.0	16	CoCoPyE 0.5.0	3	Sulfolobaceae
genome_602	73.255427	31.588132	RS_GCF_001560725.1	Thermoproteota	set_d_clean	24	2348545	60	2	65.41415317228613	24.95298925700134	1659.0	16	CoCoPyE 0.5.0	3	Sulfolobaceae
genome_603	61.737946	9.136951	RS_GCF_001560725.1	Thermoproteota	set_d_clean	94	1587631	60	3	60.43779804934589	7.09562311048037	1659.0	16	CoCoPyE 0.5.0	2	Sulfolobaceae
genome_604	52.101898	52.101898	RS_GCF_001560725.1	Thermoproteota	set_d_clean	31	2334214	60	4	57.771955852602716	32.83298623281943	1659.0	16	CoCoPyE 0.5.0	3	Sulfolobaceae
genome_605	68.008171	27.609956	RS_GCF_001560725.1	Thermoproteota	set_d_clean	24	2141891	60	5	70.7704639556442	24.49022999915282	1659.0	16	CoCoPyE 0.5.0	3	Sulfolobaceae
genome_606	100.0	21.300133	RS_GCF_001560725.1	Thermoproteota	set_d_clean	3	2717180	60	6	100.0	15.557814781283641	1659.0	16	CoCoPyE 0.5.0	3	Sulfolobaceae
genome_607	61.20751	16.090734	RS_GCF_001560725.1	Thermoproteota	set_d_clean	22	1731517	60	7	59.51633505324142	13.82183478948375	1659.0	16	CoCoPyE 0.5.0	2	Sulfolobaceae
genome_608	66.228343	24.38806	RS_GCF_001560725.1	Thermoproteota	set_d_clean	5	2029850	60	8	69.0131455191757	11.51871906307478	1659.0	16	CoCoPyE 0.5.0	3	Sulfolobaceae
genome_609	61.900978	50.876031	RS_GCF_001560725.1	Thermoproteota	set_d_clean	72	2526258	60	9	61.31966845878524	30.9824461725816	1659.0	16	CoCoPyE 0.5.0	3	Sulfolobaceae
genome_610	100.0	62.466614	RS_GCF_001889405.1	Halobacteriota	set_d_clean	65	3286633	61	0	98.38590843346584	30.36719204861284	1659.0	16	CoCoPyE 0.5.0	3	Methanosarcinaceae
genome_611	63.801293	63.801293	RS_GCF_001889405.1	Halobacteriota	set_d_clean	4	2581348	61	1	64.12370235147237	28.965419676654957	1659.0	16	CoCoPyE 0.5.0	3	Methanosarcinaceae
genome_612	80.458378	47.331903	RS_GCF_001889405.1	Halobacteriota	set_d_clean	20	2585145	61	2	79.50286603468378	23.662278011572248	1659.0	16	CoCoPyE 0.5.0	3	Methanosarcinaceae
genome_613	100.0	66.574112	RS_GCF_001889405.1	Halobacteriota	set_d_clean	72	3369726	61	3	100.0	24.674272291096567	1659.0	16	CoCoPyE 0.5.0	2	Methanosarcinaceae
genome_614	52.96919	52.96919	RS_GCF_001889405.1	Halobacteriota	set_d_clean	79	2143090	61	4	75.32575569555344	25.81966343494715	1659.0	16	CoCoPyE 0.5.0	2	-
genome_615	86.694491	67.010355	RS_GCF_001889405.1	Halobacteriota	set_d_clean	86	3109386	61	5	84.89749310251705	30.125677941673818	1659.0	16	CoCoPyE 0.5.0	3	Methanosarcinaceae
genome_616	84.755203	10.633087	RS_GCF_001889405.1	Halobacteriota	set_d_clean	523	1929666	61	6	85.80890380785304	14.29851888089037	1659.0	16	CoCoPyE 0.5.0	3	Methanosarcinaceae
genome_617	52.734336	52.734336	RS_GCF_001889405.1	Halobacteriota	set_d_clean	12	2133588	61	7	67.24745997530634	23.72616877859556	1659.0	16	CoCoPyE 0.5.0	3	-
genome_618	80.283881	4.465933	RS_GCF_001889405.1	Halobacteriota	set_d_clean	69	1714454	61	8	84.72125866678337	0.8861194240359299	1659.0	16	CoCoPyE 0.5.0	3	Methanosarcinaceae
genome_619	100.0	38.250948	RS_GCF_001889405.1	Halobacteriota	set_d_clean	84	2796760	61	9	99.03061064198904	25.35941241814194	1659.0	16	CoCoPyE 0.5.0	3	Methanosarcinaceae
genome_620	85.749792	85.749792	RS_GCF_002072215.1	Methanobacteriota	set_d_clean	504	4193218	62	0	79.48585956659468	30.44262106139124	1659.0	16	CoCoPyE 0.5.0	2	Methanobacteriaceae
genome_621	83.95824	59.379861	RS_GCF_002072215.1	Methanobacteriota	set_d_clean	446	3504661	62	1	76.8040910162572	31.215831680009682	1659.0	16	CoCoPyE 0.5.0	3	Methanobacteriaceae
genome_622	86.178335	29.603551	RS_GCF_002072215.1	Methanobacteriota	set_d_clean	5	2830903	62	2	84.97841123385929	26.81690290080045	1659.0	16	CoCoPyE 0.5.0	3	Methanobacteriaceae
genome_623	95.126647	1.132583	RS_GCF_002072215.1	Methanobacteriota	set_d_clean	3	2353568	62	3	97.28347418682304	0.47742153526758996	1659.0	16	CoCoPyE 0.5.0	3	Methanobacteriaceae
genome_624	86.527983	27.544436	RS_GCF_002072215.1	Methanobacteriota	set_d_clean	151	2789106	62	4	85.72058147063093	28.079716153527812	1659.0	16	CoCoPyE 0.5.0	3	Methanobacteriaceae
genome_625	100.0	31.417475	RS_GCF_002072215.1	Methanobacteriota	set_d_clean	5	3213198	62	5	96.87137340393626	21.9786024548641	1659.0	16	CoCoPyE 0.5.0	3	Methanobacteriaceae
genome_626	51.11289	3.171248	RS_GCF_002072215.1	Methanobacteriota	set_d_clean	25	1327264	62	6	64.10404689131933	4.40811614643198	1659.0	16	CoCoPyE 0.5.0	3	Euryarchaeota
genome_627	59.612946	45.734471	RS_GCF_002072215.1	Methanobacteriota	set_d_clean	74	2575777	62	7	63.886068742428925	28.1372110792092	1659.0	16	CoCoPyE 0.5.0	3	Methanobacteriaceae
genome_628	87.111165	61.579628	RS_GCF_002072215.1	Methanobacteriota	set_d_clean	120	3635536	62	8	82.03248066853615	34.179657406895544	1659.0	16	CoCoPyE 0.5.0	3	Methanobacteriaceae
genome_629	83.20324	77.331698	RS_GCF_002072215.1	Methanobacteriota	set_d_clean	126	3925129	62	9	75.85963715776361	33.26224524744676	1659.0	16	CoCoPyE 0.5.0	2	Methanobacteriaceae
genome_630	56.624125	56.624125	RS_GCF_002252585.1	Methanobacteriota	set_d_clean	26	2181552	63	0	60.972958726385116	31.0762277486934	1659.0	16	CoCoPyE 0.5.0	3	Methanobacteriaceae
genome_631	100.0	70.813016	RS_GCF_002252585.1	Methanobacteriota	set_d_clean	9	3290448	63	1	99.16714380193724	29.095022345243997	1659.0	16	CoCoPyE 0.5.0	3	Methanobacteriaceae
genome_632	77.860664	14.832234	RS_GCF_002252585.1	Methanobacteriota	set_d_clean	6	1785585	63	2	69.26175765971716	9.19562608170285	1659.0	16	CoCoPyE 0.5.0	3	Methanobacteriaceae
genome_633	85.149649	60.614376	RS_GCF_002252585.1	Methanobacteriota	set_d_clean	72	2807918	63	3	87.5006106140962	31.35033224905857	1659.0	16	CoCoPyE 0.5.0	3	Methanobacteriaceae
genome_634	100.0	63.955574	RS_GCF_002252585.1	Methanobacteriota	set_d_clean	10	3158350	63	4	98.11745707292417	30.3830628722962	1659.0	16	CoCoPyE 0.5.0	3	Methanobacteriaceae
genome_635	87.466056	73.982646	RS_GCF_002252585.1	Methanobacteriota	set_d_clean	124	3110059	63	5	89.6164068115643	25.76695643996202	1659.0	16	CoCoPyE 0.5.0	2	Euryarchaeota
genome_636	55.488347	21.701045	RS_GCF_002252585.1	Methanobacteriota	set_d_clean	44	1486934	63	6	62.01617864265354	17.19674600497997	1659.0	16	CoCoPyE 0.5.0	3	Methanobacteriaceae
genome_637	78.560434	51.529139	RS_GCF_002252585.1	Methanobacteriota	set_d_clean	211	2505974	63	7	81.08696661358607	29.91353605931369	1659.0	16	CoCoPyE 0.5.0	3	Methanobacteriaceae
genome_638	73.471107	39.056451	RS_GCF_002252585.1	Methanobacteriota	set_d_clean	32	2167669	63	8	70.21381557496285	28.39373532871589	1659.0	16	CoCoPyE 0.5.0	3	Methanobacteriaceae
genome_639	57.558381	57.558381	RS_GCF_002252585.1	Methanobacteriota	set_d_clean	327	2217546	63	9	74.12244313350563	21.72897767880746	1659.0	16	CoCoPyE 0.5.0	3	-
genome_640	75.958918	29.396921	RS_GCF_002813675.1	Methanobacteriota	set_d_clean	50	2659528	64	0	71.92140620747774	26.650396854572428	1659.0	16	CoCoPyE 0.5.0	3	Methanobacteriaceae
genome_641	64.349259	10.631102	RS_GCF_002813675.1	Methanobacteriota	set_d_clean	237	1892751	64	1	63.38637014789465	15.026120811280549	1659.0	16	CoCoPyE 0.5.0	3	Methanobacteriaceae
genome_642	100.0	57.308378	RS_GCF_002813675.1	Methanobacteriota	set_d_clean	16	3970981	64	2	98.8754150421959	30.73138597540641	1659.0	16	CoCoPyE 0.5.0	3	Methanobacteriaceae
genome_643	60.293924	60.293924	RS_GCF_002813675.1	Methanobacteriota	set_d_clean	222	3044034	64	3	64.53146311195353	31.442075356763183	1659.0	16	CoCoPyE 0.5.0	3	Methanobacteriaceae
genome_644	100.0	59.444589	RS_GCF_002813675.1	Methanobacteriota	set_d_clean	17	4024906	64	4	95.20938881717048	31.711367690961563	1659.0	16	CoCoPyE 0.5.0	2	Methanobacteriaceae
genome_645	52.82996	23.485251	RS_GCF_002813675.1	Methanobacteriota	set_d_clean	14	1926447	64	5	61.072890884076216	16.19248180426838	1659.0	16	CoCoPyE 0.5.0	2	Methanobacteriaceae
genome_646	68.375398	68.375398	RS_GCF_002813675.1	Methanobacteriota	set_d_clean	55	3452040	64	6	63.80207313968141	30.6304294364139	1659.0	16	CoCoPyE 0.5.0	3	Methanobacteriaceae
genome_647	79.716035	23.899183	RS_GCF_002813675.1	Methanobacteriota	set_d_clean	73	2615589	64	7	78.68595554598318	19.81826840339913	1659.0	16	CoCoPyE 0.5.0	3	Methanobacteriaceae
genome_648	80.375617	23.54808	RS_GCF_002813675.1	Methanobacteriota	set_d_clean	41	2623376	64	8	75.67646400887655	21.89757096862488	1659.0	16	CoCoPyE 0.5.0	3	Methanobacteriaceae
genome_649	81.82523	10.244703	RS_GCF_002813675.1	Methanobacteriota	set_d_clean	439	2324148	64	9	83.59415799692482	14.65756716040949	1659.0	16	CoCoPyE 0.5.0	3	Methanobacteriaceae
genome_650	80.86188	45.199807	RS_GCF_003287355.1	Halobacteriota	set_d_clean	189	4519222	65	0	83.1385412699267	29.500099799670583	1659.0	16	CoCoPyE 0.5.0	3	Haloferacaceae
genome_651	63.580255	10.879183	RS_GCF_003287355.1	Halobacteriota	set_d_clean	52	2669318	65	1	71.6151018904854	5.39847857153888	1659.0	16	CoCoPyE 0.5.0	3	Haloferacaceae
genome_652	79.940021	59.602324	RS_GCF_003287355.1	Halobacteriota	set_d_clean	60	5002494	65	2	75.06075332782936	29.22178652206835	1659.0	16	CoCoPyE 0.5.0	3	Haloferacaceae
genome_653	68.635697	68.635697	RS_GCF_003287355.1	Halobacteriota	set_d_clean	14	4921082	65	3	61.78076956585288	26.59743226030649	1659.0	16	CoCoPyE 0.5.0	3	Escherichia coli
genome_654	54.160152	54.160124	RS_GCF_003287355.1	Halobacteriota	set_d_clean	13	3883205	65	4	61.885791662535475	25.970888732909494	1659.0	16	CoCoPyE 0.5.0	2	Bacillus
genome_655	83.850001	17.302379	RS_GCF_003287355.1	Halobacteriota	set_d_clean	572	3626241	65	5	87.39834154525666	26.310232479712642	1659.0	16	CoCoPyE 0.5.0	3	Haloferacaceae
genome_656	73.312498	72.06059	RS_GCF_003287355.1	Halobacteriota	set_d_clean	152	5211522	65	6	73.3714124829276	30.23989015740753	1659.0	16	CoCoPyE 0.5.0	2	Halobacteria
genome_657	79.977986	79.967999	RS_GCF_003287355.1	Halobacteriota	set_d_clean	221	5733950	65	7	63.14659902901931	27.8181867676363	1659.0	16	CoCoPyE 0.5.0	3	Enterobacteriaceae
genome_658	100.0	4.003176	RS_GCF_003287355.1	Halobacteriota	set_d_clean	3	3728440	65	8	98.8316389967596	10.56189764437063	1659.0	16	CoCoPyE 0.5.0	3	Haloferacaceae
genome_659	65.032557	58.369719	RS_GCF_003287355.1	Halobacteriota	set_d_clean	27	4423884	65	9	63.505660139024315	33.54304505141466	1659.0	16	CoCoPyE 0.5.0	2	-
genome_660	74.798818	59.99399	RS_GCF_003852215.1	Thermoproteota	set_d_clean	208	3597585	66	0	74.78873444518858	30.71868602668375	1659.0	16	CoCoPyE 0.5.0	3	Sulfolobaceae
genome_661	53.601122	9.849028	RS_GCF_003852215.1	Thermoproteota	set_d_clean	18	1693468	66	1	57.268748301676034	4.74079693518375	1659.0	16	CoCoPyE 0.5.0	2	Sulfolobaceae
genome_662	73.430539	61.873514	RS_GCF_003852215.1	Thermoproteota	set_d_clean	175	3611230	66	2	68.61556680554332	29.386561492734092	1659.0	16	CoCoPyE 0.5.0	2	Sulfolobaceae
genome_663	83.418759	59.221446	RS_GCF_003852215.1	Thermoproteota	set_d_clean	369	3807030	66	3	83.37438194078949	32.66745201689915	1659.0	16	CoCoPyE 0.5.0	2	Sulfolobaceae
genome_664	83.134081	50.417913	RS_GCF_003852215.1	Thermoproteota	set_d_clean	652	3564468	66	4	84.37611044527291	31.264565636397577	1659.0	16	CoCoPyE 0.5.0	3	Sulfolobaceae
genome_665	72.742972	15.090668	RS_GCF_003852215.1	Thermoproteota	set_d_clean	59	2344257	66	5	77.47099040255466	12.989469836057399	1659.0	16	CoCoPyE 0.5.0	3	Sulfolobaceae
genome_666	86.879527	26.187291	RS_GCF_003852215.1	Thermoproteota	set_d_clean	96	3017724	66	6	92.66712482855411	23.761124503641582	1659.0	16	CoCoPyE 0.5.0	3	Sulfolobaceae
genome_667	80.199245	33.711718	RS_GCF_003852215.1	Thermoproteota	set_d_clean	26	3040254	66	7	81.08996491249452	23.78320301795033	1659.0	16	CoCoPyE 0.5.0	3	Sulfolobaceae
genome_668	85.684499	66.040396	RS_GCF_003852215.1	Thermoproteota	set_d_clean	4	4049498	66	8	68.7688237245433	31.24271424331843	1659.0	16	CoCoPyE 0.5.0	3	Sulfolobaceae
genome_669	81.776181	56.578071	RS_GCF_003852215.1	Thermoproteota	set_d_clean	143	3692639	66	9	82.852742520014	34.029504745883884	1659.0	16	CoCoPyE 0.5.0	3	Sulfolobaceae
genome_670	81.953847	64.585908	RS_GCF_003990725.2	Halobacteriota	set_d_clean	135	4461353	67	0	83.63998321385834	32.5195230125183	1659.0	16	CoCoPyE 0.5.0	2	Halorubrum
genome_671	72.349634	72.349601	RS_GCF_003990725.2	Halobacteriota	set_d_clean	211	4405319	67	1	68.08098417357714	32.16961187528129	1659.0	16	CoCoPyE 0.5.0	3	Haloferacaceae
genome_672	56.28097	56.280937	RS_GCF_003990725.2	Halobacteriota	set_d_clean	32	3426909	67	2	69.73779978808479	27.24253568047823	1659.0	16	CoCoPyE 0.5.0	3	-
genome_673	73.250547	73.250547	RS_GCF_003990725.2	Halobacteriota	set_d_clean	22	4460176	67	3	94.27262810570932	29.51188152641926	1659.0	16	CoCoPyE 0.5.0	2	Staphylococcus
genome_674	100.0	81.280888	RS_GCF_003990725.2	Halobacteriota	set_d_clean	22	5519035	67	4	94.79775748514116	29.90217583375772	1659.0	16	CoCoPyE 0.5.0	2	Halorubrum
genome_675	90.189478	12.081068	RS_GCF_003990725.2	Halobacteriota	set_d_clean	24	3113592	67	5	89.1653481360958	6.93930858270559	1659.0	16	CoCoPyE 0.5.0	3	Halorubrum
genome_676	100.0	74.717931	RS_GCF_003990725.2	Halobacteriota	set_d_clean	161	5319228	67	6	93.3205431853497	32.57165369909713	1659.0	16	CoCoPyE 0.5.0	2	Haloferacaceae
genome_677	78.021926	78.021926	RS_GCF_003990725.2	Halobacteriota	set_d_clean	50	4750702	67	7	77.71283765969234	29.27417671557777	1659.0	16	CoCoPyE 0.5.0	2	Haloferacaceae
genome_678	51.164145	51.164145	RS_GCF_003990725.2	Halobacteriota	set_d_clean	101	3115350	67	8	59.68166858386279	25.62335872616146	1659.0	16	CoCoPyE 0.5.0	2	-
genome_679	52.738116	52.738116	RS_GCF_003990725.2	Halobacteriota	set_d_clean	254	3211188	67	9	60.792446476182164	31.004134489929257	1659.0	16	CoCoPyE 0.5.0	3	Halobacteria
genome_680	89.797626	26.175082	RS_GCF_004944975.1	Halobacteriota	set_d_clean	28	4018372	68	0	88.25684484256385	23.19775706645045	1659.0	16	CoCoPyE 0.5.0	3	Haloarculaceae
genome_681	70.279535	15.559164	RS_GCF_004944975.1	Halobacteriota	set_d_clean	36	2974250	68	1	64.85384724856975	21.31625914384851	1659.0	16	CoCoPyE 0.5.0	3	Halobacteriales
genome_682	65.934223	65.934223	RS_GCF_004944975.1	Halobacteriota	set_d_clean	173	4569148	68	2	61.09168597575202	28.408057154613957	1659.0	16	CoCoPyE 0.5.0	3	Bacillus
genome_683	78.807358	4.606328	RS_GCF_004944975.1	Halobacteriota	set_d_clean	4	2890225	68	3	79.58922975869723	4.83951937326356	1659.0	16	CoCoPyE 0.5.0	3	Haloarculaceae
genome_684	56.4469	22.825201	RS_GCF_004944975.1	Halobacteriota	set_d_clean	64	2746722	68	4	60.215266818472344	23.73391920558872	1659.0	16	CoCoPyE 0.5.0	2	Halobacteriales
genome_685	90.247304	3.238594	RS_GCF_004944975.1	Halobacteriota	set_d_clean	39	3239220	68	5	89.81939250833824	2.78050178398402	1659.0	16	CoCoPyE 0.5.0	3	Haloarculaceae
genome_686	54.795841	2.16928	RS_GCF_004944975.1	Halobacteriota	set_d_clean	29	1973801	68	6	61.56087975434011	1.0750610046200801	1659.0	16	CoCoPyE 0.5.0	2	Halobacteriales
genome_687	58.974397	15.153413	RS_GCF_004944975.1	Halobacteriota	set_d_clean	286	2568476	68	7	64.6453800414018	20.73168524482245	1659.0	16	CoCoPyE 0.5.0	3	Haloarculaceae
genome_688	51.696528	41.999591	RS_GCF_004944975.1	Halobacteriota	set_d_clean	249	3246504	68	8	62.006036406254125	29.08290145064677	1659.0	16	CoCoPyE 0.5.0	3	Halobacteria
genome_689	64.704327	25.500869	RS_GCF_004944975.1	Halobacteriota	set_d_clean	223	3125546	68	9	68.87828635393515	19.97236186828517	1659.0	16	CoCoPyE 0.5.0	3	Halobacteriales
genome_690	100.0	46.086754	RS_GCF_009914355.1	Methanobacteriota	set_d_clean	21	2519269	69	0	100.0	27.00452924136092	1659.0	16	CoCoPyE 0.5.0	2	Methanobacteriales
genome_691	73.018703	40.131122	RS_GCF_009914355.1	Methanobacteriota	set_d_clean	99	1951271	69	1	71.9707260494234	31.36170201102349	1659.0	16	CoCoPyE 0.5.0	3	Methanobacteriales
genome_692	100.0	31.490424	RS_GCF_009914355.1	Methanobacteriota	set_d_clean	2	2267555	69	2	100.0	24.138119894604202	1659.0	16	CoCoPyE 0.5.0	3	Methanobacteriaceae
genome_693	100.0	64.335327	RS_GCF_009914355.1	Methanobacteriota	set_d_clean	4	2833966	69	3	99.33142049653024	23.31252600920988	1659.0	16	CoCoPyE 0.5.0	3	Methanobacteriaceae
genome_694	80.058359	17.61494	RS_GCF_009914355.1	Methanobacteriota	set_d_clean	13	1684378	69	4	76.91616719581737	15.354825272684991	1659.0	16	CoCoPyE 0.5.0	3	Methanobacteriales
genome_695	100.0	91.518711	RS_GCF_009914355.1	Methanobacteriota	set_d_clean	414	3302744	69	5	95.27089061389297	31.8278418274498	1659.0	16	CoCoPyE 0.5.0	3	Methanobacteriaceae
genome_696	100.0	7.214663	RS_GCF_009914355.1	Methanobacteriota	set_d_clean	5	1848919	69	6	100.0	5.07689840994792	1659.0	16	CoCoPyE 0.5.0	3	Methanobacteriales
genome_697	81.859227	10.860933	RS_GCF_009914355.1	Methanobacteriota	set_d_clean	12	1598961	69	7	84.65141980327724	7.6534890118299	1659.0	16	CoCoPyE 0.5.0	3	Methanobacteriales
genome_698	93.140976	16.698154	RS_GCF_009914355.1	Methanobacteriota	set_d_clean	7	1894178	69	8	90.0717297214307	2.15253375061276	1659.0	16	CoCoPyE 0.5.0	3	Methanobacteriales
genome_699	64.699374	22.31421	RS_GCF_009914355.1	Methanobacteriota	set_d_clean	16	1500551	69	9	63.259879062178584	20.281411962657	1659.0	16	CoCoPyE 0.5.0	3	Methanobacteriales
genome_700	85.251148	42.443351	RS_GCF_012726095.1	Halobacteriota	set_d_clean	141	4336306	70	0	82.61858887354587	30.78906862683138	1659.0	16	CoCoPyE 0.5.0	3	Halobacteriales
genome_701	58.309805	57.77309	RS_GCF_012726095.1	Halobacteriota	set_d_clean	26	3941994	70	1	61.142058326259175	30.93072243230843	1659.0	16	CoCoPyE 0.5.0	3	Halobacteriales
genome_702	100.0	4.415662	RS_GCF_012726095.1	Halobacteriota	set_d_clean	4	3545793	70	2	99.96360654459048	2.63758131687757	1659.0	16	CoCoPyE 0.5.0	3	Halobacteria
genome_703	80.901449	80.901419	RS_GCF_012726095.1	Halobacteriota	set_d_clean	74	5494573	70	3	68.75019123535273	32.42406861240758	1659.0	16	CoCoPyE 0.5.0	2	Halobacteria
genome_704	76.2654	40.588172	RS_GCF_012726095.1	Halobacteriota	set_d_clean	168	3968165	70	4	80.70325234551183	27.42398291958598	1659.0	16	CoCoPyE 0.5.0	2	-
genome_705	58.875437	27.791029	RS_GCF_012726095.1	Halobacteriota	set_d_clean	47	2943058	70	5	62.6995031136116	23.44050698423407	1659.0	16	CoCoPyE 0.5.0	3	Halobacteria
genome_706	52.450849	47.216863	RS_GCF_012726095.1	Halobacteriota	set_d_clean	36	3384560	70	6	66.13390058239142	26.193793697701278	1659.0	16	CoCoPyE 0.5.0	3	-
genome_707	78.274414	49.201789	RS_GCF_012726095.1	Halobacteriota	set_d_clean	61	4328893	70	7	78.2462070366907	30.210372556173642	1659.0	16	CoCoPyE 0.5.0	3	Halobacteria
genome_708	62.940082	62.940082	RS_GCF_012726095.1	Halobacteriota	set_d_clean	41	4274694	70	8	66.6811848180202	30.12648599312521	1659.0	16	CoCoPyE 0.5.0	2	Enterococcus faecalis
genome_709	94.234335	73.748706	RS_GCF_012726095.1	Halobacteriota	set_d_clean	43	5704442	70	9	92.89565780679044	30.0054002833517	1659.0	16	CoCoPyE 0.5.0	2	Halobacteria
genome_710	100.0	43.524502	RS_GCF_013177915.1	Halobacteriota	set_d_clean	6	2629455	71	0	100.0	26.31121502819506	1659.0	16	CoCoPyE 0.5.0	3	Methanomicrobia
genome_711	87.167451	9.17661	RS_GCF_013177915.1	Halobacteriota	set_d_clean	168	1765081	71	1	85.93790388668407	4.0631923691435405	1659.0	16	CoCoPyE 0.5.0	3	Euryarchaeota
genome_712	96.441165	88.833717	RS_GCF_013177915.1	Halobacteriota	set_d_clean	37	3394347	71	2	92.08088941778614	29.30240563423197	1659.0	16	CoCoPyE 0.5.0	2	Methanomicrobia
genome_713	77.778457	63.094877	RS_GCF_013177915.1	Halobacteriota	set_d_clean	78	2580884	71	3	71.51978788051706	24.4825858656143	1659.0	16	CoCoPyE 0.5.0	3	Methanomicrobia
genome_714	62.644782	62.644782	RS_GCF_013177915.1	Halobacteriota	set_d_clean	22	2295380	71	4	72.70316530932152	26.92820681077776	1659.0	16	CoCoPyE 0.5.0	3	Methanomicrobia
genome_715	67.219905	23.720621	RS_GCF_013177915.1	Halobacteriota	set_d_clean	6	1666085	71	5	68.38912719540828	14.02139932987225	1659.0	16	CoCoPyE 0.5.0	3	Euryarchaeota
genome_716	63.352237	29.954041	RS_GCF_013177915.1	Halobacteriota	set_d_clean	78	1709427	71	6	61.746017631747684	15.89511702217389	1659.0	16	CoCoPyE 0.5.0	3	Euryarchaeota
genome_717	68.013711	51.905778	RS_GCF_013177915.1	Halobacteriota	set_d_clean	123	2196997	71	7	65.08854847735076	28.89674169938214	1659.0	16	CoCoPyE 0.5.0	3	Euryarchaeota
genome_718	80.862799	39.740456	RS_GCF_013177915.1	Halobacteriota	set_d_clean	52	2209524	71	8	68.3805966773903	25.554720878734262	1659.0	16	CoCoPyE 0.5.0	3	Methanomicrobia
genome_719	89.234141	12.132408	RS_GCF_013177915.1	Halobacteriota	set_d_clean	22	1857096	71	9	91.91427888219856	1.6402274926997602	1659.0	16	CoCoPyE 0.5.0	3	Euryarchaeota
genome_720	50.89152	50.89152	RS_GCF_013267195.1	Halobacteriota	set_d_clean	194	3399808	72	0	58.145124241266	30.404137737804138	1659.0	16	CoCoPyE 0.5.0	2	Halorubrum
genome_721	67.67215	29.647362	RS_GCF_013267195.1	Halobacteriota	set_d_clean	35	3250715	72	1	70.15519101709027	27.933151441104197	1659.0	16	CoCoPyE 0.5.0	3	Halorubrum
genome_722	69.158446	30.598548	RS_GCF_013267195.1	Halobacteriota	set_d_clean	58	3332133	72	2	69.59099433895865	18.834869786097798	1659.0	16	CoCoPyE 0.5.0	3	Halorubrum
genome_723	70.598847	28.880892	RS_GCF_013267195.1	Halobacteriota	set_d_clean	36	3322872	72	3	76.46413794009256	25.89466059212186	1659.0	16	CoCoPyE 0.5.0	3	Halorubrum
genome_724	88.745992	41.471447	RS_GCF_013267195.1	Halobacteriota	set_d_clean	13	4349588	72	4	90.036342697868	32.10319341979645	1659.0	16	CoCoPyE 0.5.0	3	Halorubrum
genome_725	66.603877	66.603877	RS_GCF_013267195.1	Halobacteriota	set_d_clean	19	4449472	72	5	82.90995732651464	26.99965378821569	1659.0	16	CoCoPyE 0.5.0	2	Listeria
genome_726	100.0	13.965542	RS_GCF_013267195.1	Halobacteriota	set_d_clean	9	3806734	72	6	99.76644960254892	20.35675890405233	1659.0	16	CoCoPyE 0.5.0	3	Halorubrum
genome_727	88.394761	30.613038	RS_GCF_013267195.1	Halobacteriota	set_d_clean	101	3975158	72	7	92.46082131798914	28.962521269045972	1659.0	16	CoCoPyE 0.5.0	2	Halorubrum
genome_728	89.420193	75.413337	RS_GCF_013267195.1	Halobacteriota	set_d_clean	17	5505852	72	8	74.36950644424066	30.96859766213136	1659.0	16	CoCoPyE 0.5.0	2	Halorubrum
genome_729	86.056134	9.940603	RS_GCF_013267195.1	Halobacteriota	set_d_clean	101	3206531	72	9	85.8146023906157	9.75072741671743	1659.0	16	CoCoPyE 0.5.0	3	Halorubrum
genome_730	53.805316	53.805316	RS_GCF_013761165.1	Methanobacteriota	set_d_clean	129	1914504	73	0	71.77881313904493	28.48095374914772	1659.0	16	CoCoPyE 0.5.0	3	Methanococcales
genome_731	100.0	56.211641	RS_GCF_013761165.1	Methanobacteriota	set_d_clean	16	2779166	73	1	95.82703660308516	34.05566604429385	1659.0	16	CoCoPyE 0.5.0	3	Methanococcales
genome_732	59.247947	16.037014	RS_GCF_013761165.1	Methanobacteriota	set_d_clean	5	1339397	73	2	77.32033965743834	10.978564458809089	1659.0	16	CoCoPyE 0.5.0	3	Methanococcales
genome_733	65.390256	0.2345	RS_GCF_013761165.1	Methanobacteriota	set_d_clean	204	1167532	73	3	69.63321555372487	7.58864671783933	1659.0	16	CoCoPyE 0.5.0	3	Methanococcales
genome_734	67.795063	27.050823	RS_GCF_013761165.1	Methanobacteriota	set_d_clean	55	1687406	73	4	76.42519785981297	24.30947030590879	1659.0	16	CoCoPyE 0.5.0	3	Methanococcales
genome_735	100.0	51.465654	RS_GCF_013761165.1	Methanobacteriota	set_d_clean	41	2694730	73	5	98.3134077234714	31.603076129094447	1659.0	16	CoCoPyE 0.5.0	3	Methanococcales
genome_736	84.469196	68.112077	RS_GCF_013761165.1	Methanobacteriota	set_d_clean	301	2714578	73	6	81.28414177554515	33.45286197168504	1659.0	16	CoCoPyE 0.5.0	3	Methanococcales
genome_737	69.628571	69.628571	RS_GCF_013761165.1	Methanobacteriota	set_d_clean	64	2477528	73	7	74.33444446894484	33.670687880030684	1659.0	16	CoCoPyE 0.5.0	3	Methanococcales
genome_738	87.552829	66.404081	RS_GCF_013761165.1	Methanobacteriota	set_d_clean	39	2739052	73	8	87.00797083503002	31.21590207600267	1659.0	16	CoCoPyE 0.5.0	3	Methanococcales
genome_739	100.0	97.607446	RS_GCF_013761165.1	Methanobacteriota	set_d_clean	71	3515640	73	9	91.85125695504466	31.49153413199588	1659.0	16	CoCoPyE 0.5.0	2	Methanococcales
genome_740	64.305462	64.305462	RS_GCF_014078535.1	Thermoproteota	set_d_clean	185	2080364	74	0	64.9584423610452	29.18556166735723	1659.0	16	CoCoPyE 0.5.0	3	Nitrosopumilaceae
genome_741	79.388636	79.388636	RS_GCF_014078535.1	Thermoproteota	set_d_clean	78	2568324	74	1	76.16585304140588	32.63608825252844	1659.0	16	CoCoPyE 0.5.0	3	Nitrosopumilaceae
genome_742	100.0	24.744616	RS_GCF_014078535.1	Thermoproteota	set_d_clean	18	2017824	74	2	100.0	18.44254629434422	1659.0	16	CoCoPyE 0.5.0	3	Nitrosopumilaceae
genome_743	66.790433	66.790433	RS_GCF_014078535.1	Thermoproteota	set_d_clean	64	2160756	74	3	66.61964875876811	32.19024480802493	1659.0	16	CoCoPyE 0.5.0	3	Nitrosopumilaceae
genome_744	73.18171	73.18171	RS_GCF_014078535.1	Thermoproteota	set_d_clean	41	2367522	74	4	78.98993415344448	32.490271532162616	1659.0	16	CoCoPyE 0.5.0	3	Nitrososphaerota
genome_745	79.421278	66.296975	RS_GCF_014078535.1	Thermoproteota	set_d_clean	47	2357086	74	5	78.31089917449756	29.744919590959118	1659.0	16	CoCoPyE 0.5.0	3	Nitrosopumilaceae
genome_746	100.0	47.981224	RS_GCF_014078535.1	Thermoproteota	set_d_clean	7	2393691	74	6	99.42902727228035	32.048819659497006	1659.0	16	CoCoPyE 0.5.0	3	Nitrosopumilaceae
genome_747	71.729094	4.244098	RS_GCF_014078535.1	Thermoproteota	set_d_clean	182	1228915	74	7	71.43877203042997	9.16366781627451	1659.0	16	CoCoPyE 0.5.0	3	Nitrosopumilaceae
genome_748	53.6746	40.466838	RS_GCF_014078535.1	Thermoproteota	set_d_clean	103	1522798	74	8	61.93033274671369	25.16974076167644	1659.0	16	CoCoPyE 0.5.0	3	Nitrososphaerota
genome_749	61.526406	29.13251	RS_GCF_014078535.1	Thermoproteota	set_d_clean	5	1466466	74	9	62.01487425608626	20.79760203781444	1659.0	16	CoCoPyE 0.5.0	3	Nitrososphaerota
genome_750	55.59413	55.59407	RS_GCF_014889545.1	Methanobacteriota	set_d_clean	17	1839293	75	0	69.60063954952402	27.43912758869697	1659.0	16	CoCoPyE 0.5.0	3	-
genome_751	63.13988	36.981809	RS_GCF_014889545.1	Methanobacteriota	set_d_clean	261	1656229	75	1	65.53549995197372	22.91848857957558	1659.0	16	CoCoPyE 0.5.0	3	Methanobacteriales
genome_752	73.910783	39.932754	RS_GCF_014889545.1	Methanobacteriota	set_d_clean	356	1883218	75	2	67.02133561528889	27.02384796565047	1659.0	16	CoCoPyE 0.5.0	3	Methanobacteriales
genome_753	75.84729	47.932555	RS_GCF_014889545.1	Methanobacteriota	set_d_clean	8	2047586	75	3	82.41533813857383	30.4682831383904	1659.0	16	CoCoPyE 0.5.0	3	Methanobacteriales
genome_754	86.799729	19.758242	RS_GCF_014889545.1	Methanobacteriota	set_d_clean	37	1762699	75	4	90.11135903894052	16.53198900452302	1659.0	16	CoCoPyE 0.5.0	3	Methanobacteriales
genome_755	82.166356	34.54168	RS_GCF_014889545.1	Methanobacteriota	set_d_clean	280	1930603	75	5	82.6389366309282	21.61272230135496	1659.0	16	CoCoPyE 0.5.0	3	Methanobacteriales
genome_756	63.339914	3.221405	RS_GCF_014889545.1	Methanobacteriota	set_d_clean	4	1101068	75	6	62.467675039549576	0.44862596478317995	1659.0	16	CoCoPyE 0.5.0	2	Methanobacteriales
genome_757	81.622956	1.714045	RS_GCF_014889545.1	Methanobacteriota	set_d_clean	79	1378574	75	7	86.0492646724296	1.57882099624992	1659.0	16	CoCoPyE 0.5.0	3	Methanobacteriales
genome_758	87.197802	33.790206	RS_GCF_014889545.1	Methanobacteriota	set_d_clean	73	2001403	75	8	90.84650516137692	21.71485838626658	1659.0	16	CoCoPyE 0.5.0	3	Methanobacteriales
genome_759	52.083706	0.561354	RS_GCF_014889545.1	Methanobacteriota	set_d_clean	26	870863	75	9	62.99846522842035	1.69621981834214	1659.0	16	CoCoPyE 0.5.0	2	Methanobacteriales
genome_760	100.0	64.900244	RS_GCF_016635065.1	Halobacteriota	set_d_clean	18	5443705	76	0	98.70274665585964	26.9553118168317	1659.0	16	CoCoPyE 0.5.0	3	Halorubrum
genome_761	80.922546	80.922546	RS_GCF_016635065.1	Halobacteriota	set_d_clean	243	5342848	76	1	76.21705885607639	27.86302660363045	1659.0	16	CoCoPyE 0.5.0	2	Halorubrum
genome_762	84.867432	38.272591	RS_GCF_016635065.1	Halobacteriota	set_d_clean	372	4065112	76	2	86.72350303804865	28.99520402624431	1659.0	16	CoCoPyE 0.5.0	2	Halorubrum
genome_763	55.530198	55.530198	RS_GCF_016635065.1	Halobacteriota	set_d_clean	341	3666338	76	3	61.795709722465496	30.90788178966788	1659.0	16	CoCoPyE 0.5.0	2	Halobacteria
genome_764	86.082865	62.787777	RS_GCF_016635065.1	Halobacteriota	set_d_clean	372	4914534	76	4	84.38901829434327	31.99068766328973	1659.0	16	CoCoPyE 0.5.0	3	Halorubrum
genome_765	62.100787	6.149955	RS_GCF_016635065.1	Halobacteriota	set_d_clean	6	2253101	76	5	63.474994954991935	9.04071260715301	1659.0	16	CoCoPyE 0.5.0	3	Halobacteria
genome_766	70.933606	13.91659	RS_GCF_016635065.1	Halobacteriota	set_d_clean	6	2801084	76	6	68.5614476292208	9.31327268265477	1659.0	16	CoCoPyE 0.5.0	3	Halobacteria
genome_767	66.412538	66.412507	RS_GCF_016635065.1	Halobacteriota	set_d_clean	30	4384835	76	7	61.29895764708615	23.617116157113	1659.0	16	CoCoPyE 0.5.0	2	Salmonella
genome_768	69.671736	38.197468	RS_GCF_016635065.1	Halobacteriota	set_d_clean	91	3560990	76	8	76.36650514942916	28.65577844385155	1659.0	16	CoCoPyE 0.5.0	3	Halobacteria
genome_769	60.596975	41.981382	RS_GCF_016635065.1	Halobacteriota	set_d_clean	181	3386328	76	9	70.16268012575948	26.944179213827418	1659.0	16	CoCoPyE 0.5.0	3	Halobacteria
genome_770	87.781098	27.791056	RS_GCF_017352095.1	Halobacteriota	set_d_clean	254	4147739	77	0	89.08770766007747	22.25438325632008	1659.0	16	CoCoPyE 0.5.0	3	Natrialbaceae
genome_771	50.358525	50.358525	RS_GCF_017352095.1	Halobacteriota	set_d_clean	229	3614608	77	1	61.388086542382226	28.69047560476796	1659.0	16	CoCoPyE 0.5.0	3	Halobacteria
genome_772	86.921023	1.193494	RS_GCF_017352095.1	Halobacteriota	set_d_clean	45	3162319	77	2	89.34726637833934	0.0	1659.0	16	CoCoPyE 0.5.0	3	Natrialbaceae
genome_773	79.773628	39.092233	RS_GCF_017352095.1	Halobacteriota	set_d_clean	734	4265946	77	3	85.37136967261299	27.98988809262607	1659.0	16	CoCoPyE 0.5.0	2	Natrialbaceae
genome_774	59.580331	59.580331	RS_GCF_017352095.1	Halobacteriota	set_d_clean	53	4276526	77	4	58.9385380813922	18.30008390326427	1659.0	16	CoCoPyE 0.5.0	2	Klebsiella
genome_775	79.740247	79.740247	RS_GCF_017352095.1	Halobacteriota	set_d_clean	86	5723554	77	5	77.24369686979249	33.28105279643117	1659.0	16	CoCoPyE 0.5.0	2	Natrialbaceae
genome_776	84.679986	44.408581	RS_GCF_017352095.1	Halobacteriota	set_d_clean	27	4632826	77	6	77.3638382779468	25.80711187645931	1659.0	16	CoCoPyE 0.5.0	2	Natrialbaceae
genome_777	88.866954	50.206109	RS_GCF_017352095.1	Halobacteriota	set_d_clean	31	4991157	77	7	82.24662214220075	30.998757559589567	1659.0	16	CoCoPyE 0.5.0	2	Halobacteria
genome_778	86.047379	4.394415	RS_GCF_017352095.1	Halobacteriota	set_d_clean	343	3245842	77	8	90.77225000929447	2.75713700989083	1659.0	16	CoCoPyE 0.5.0	3	Natrialbaceae
genome_779	51.471966	51.471966	RS_GCF_017352095.1	Halobacteriota	set_d_clean	361	3694528	77	9	67.40456660456742	24.89571812145115	1659.0	16	CoCoPyE 0.5.0	3	-
genome_780	61.91441	15.346007	RS_GCF_017409525.1	Methanobacteriota	set_d_clean	20	1630911	78	0	61.41024557528644	14.50445207635479	1659.0	16	CoCoPyE 0.5.0	3	Methanobacteriaceae
genome_781	100.0	0.062248	RS_GCF_017409525.1	Methanobacteriota	set_d_clean	3	2112241	78	1	97.97381443783904	0.0	1659.0	16	CoCoPyE 0.5.0	3	Methanobacteriaceae
genome_782	61.731363	30.33852	RS_GCF_017409525.1	Methanobacteriota	set_d_clean	24	1943528	78	2	62.088438621166574	23.611769849264068	1659.0	16	CoCoPyE 0.5.0	3	Methanobacteriaceae
genome_783	53.301085	53.301085	RS_GCF_017409525.1	Methanobacteriota	set_d_clean	194	2250294	78	3	57.550956716270996	31.242394485572362	1659.0	16	CoCoPyE 0.5.0	3	Methanobacteriaceae
genome_784	75.301135	74.634367	RS_GCF_017409525.1	Methanobacteriota	set_d_clean	26	3165029	78	4	76.86636142415453	33.82242801307804	1659.0	16	CoCoPyE 0.5.0	2	Methanobacteriaceae
genome_785	61.1925	61.1925	RS_GCF_017409525.1	Methanobacteriota	set_d_clean	5	2583458	78	5	61.58300876043409	29.13192038636548	1659.0	16	CoCoPyE 0.5.0	3	Methanobacteriaceae
genome_786	66.13123	66.13123	RS_GCF_017409525.1	Methanobacteriota	set_d_clean	125	2791964	78	6	67.14095667695186	31.40282273623205	1659.0	16	CoCoPyE 0.5.0	3	Methanobacteriaceae
genome_787	69.190171	25.981382	RS_GCF_017409525.1	Methanobacteriota	set_d_clean	13	2009002	78	7	62.177864885220224	24.45747335569705	1659.0	16	CoCoPyE 0.5.0	3	Methanobacteriaceae
genome_788	100.0	52.241172	RS_GCF_017409525.1	Methanobacteriota	set_d_clean	32	3213700	78	8	97.28792970472746	29.784032970248532	1659.0	16	CoCoPyE 0.5.0	3	Methanobacteriaceae
genome_789	88.008728	86.621375	RS_GCF_017409525.1	Methanobacteriota	set_d_clean	120	3686314	78	9	88.10543013048829	32.0569491220584	1659.0	16	CoCoPyE 0.5.0	2	-
genome_790	100.0	79.330182	RS_GCF_017874455.1	Methanobacteriota	set_d_clean	4	4210262	79	0	88.93444060004818	31.135534780372083	1659.0	16	CoCoPyE 0.5.0	2	-
genome_791	100.0	79.751092	RS_GCF_017874455.1	Methanobacteriota	set_d_clean	90	4220144	79	1	92.8714442999228	33.01721627423957	1659.0	16	CoCoPyE 0.5.0	2	Methanobacteriaceae
genome_792	50.709034	50.709034	RS_GCF_017874455.1	Methanobacteriota	set_d_clean	54	2381064	79	2	60.69607345680915	28.215207316992093	1659.0	16	CoCoPyE 0.5.0	3	Methanobacteriaceae
genome_793	100.0	41.98527	RS_GCF_017874455.1	Methanobacteriota	set_d_clean	8	3333489	79	3	98.77644434805232	29.433561584484053	1659.0	16	CoCoPyE 0.5.0	3	Methanobacteriaceae
genome_794	75.371576	65.281537	RS_GCF_017874455.1	Methanobacteriota	set_d_clean	119	3302213	79	4	84.00778858394644	30.715727364752333	1659.0	16	CoCoPyE 0.5.0	3	Methanobacteriaceae
genome_795	81.182364	81.182364	RS_GCF_017874455.1	Methanobacteriota	set_d_clean	512	3811952	79	5	75.03848370398006	32.912051661675676	1659.0	16	CoCoPyE 0.5.0	3	Methanobacteriaceae
genome_796	66.255184	4.718135	RS_GCF_017874455.1	Methanobacteriota	set_d_clean	27	1666291	79	6	72.01307725006191	3.94647582709573	1659.0	16	CoCoPyE 0.5.0	3	Methanobacteriaceae
genome_797	67.875956	67.875956	RS_GCF_017874455.1	Methanobacteriota	set_d_clean	44	3187144	79	7	69.69550511936163	33.12107187685725	1659.0	16	CoCoPyE 0.5.0	2	Methanobacteriaceae
genome_798	83.586304	69.049665	RS_GCF_017874455.1	Methanobacteriota	set_d_clean	140	3583543	79	8	89.42523644814568	29.834236611022803	1659.0	16	CoCoPyE 0.5.0	3	Methanobacteriaceae
genome_799	60.708561	6.102001	RS_GCF_017874455.1	Methanobacteriota	set_d_clean	6	1568559	79	9	69.04130336356471	1.05313909164523	1659.0	16	CoCoPyE 0.5.0	3	Methanobacteriales
genome_800	71.058601	70.94753	RS_GCF_022427045.1	Thermoproteota	set_d_clean	44	3088906	80	0	76.34185850474957	32.49178973541641	1659.0	16	CoCoPyE 0.5.0	3	Sulfolobaceae
genome_801	56.448304	36.782822	RS_GCF_022427045.1	Thermoproteota	set_d_clean	38	2027956	80	1	69.74903651295159	27.63308961733784	1659.0	16	CoCoPyE 0.5.0	2	-
genome_802	84.381747	28.874968	RS_GCF_022427045.1	Thermoproteota	set_d_clean	310	2463551	80	2	85.22347037452491	28.821578993929258	1659.0	16	CoCoPyE 0.5.0	3	Sulfolobaceae
genome_803	100.0	17.726159	RS_GCF_022427045.1	Thermoproteota	set_d_clean	17	2560770	80	3	100.0	20.325780272140122	1659.0	16	CoCoPyE 0.5.0	3	Sulfolobaceae
genome_804	60.603937	52.489619	RS_GCF_022427045.1	Thermoproteota	set_d_clean	8	2460002	80	4	62.15403237896546	23.46842484104737	1659.0	16	CoCoPyE 0.5.0	3	Sulfolobaceae
genome_805	60.398209	60.398209	RS_GCF_022427045.1	Thermoproteota	set_d_clean	123	2627554	80	5	62.628614642995316	28.580487179690678	1659.0	16	CoCoPyE 0.5.0	3	Sulfolobaceae
genome_806	70.107834	34.359909	RS_GCF_022427045.1	Thermoproteota	set_d_clean	14	2272374	80	6	63.11629063218015	25.61535988128587	1659.0	16	CoCoPyE 0.5.0	3	Sulfolobaceae
genome_807	82.538645	81.974557	RS_GCF_022427045.1	Thermoproteota	set_d_clean	129	3578478	80	7	66.76945915545465	32.79741016088132	1659.0	16	CoCoPyE 0.5.0	2	Sulfolobaceae
genome_808	79.754661	46.50486	RS_GCF_022427045.1	Thermoproteota	set_d_clean	35	2746387	80	8	70.84116122139946	29.61756989659921	1659.0	16	CoCoPyE 0.5.0	3	Sulfolobaceae
genome_809	82.691827	68.52048	RS_GCF_022427045.1	Thermoproteota	set_d_clean	13	3289158	80	9	71.05077995348877	29.17459110994513	1659.0	16	CoCoPyE 0.5.0	2	Sulfolobaceae
genome_810	68.313621	36.943956	RS_GCF_024170265.1	Halobacteriota	set_d_clean	48	2060856	81	0	62.80175610858818	24.636139428168168	1659.0	16	CoCoPyE 0.5.0	3	Methanomicrobiales
genome_811	94.003883	46.529092	RS_GCF_024170265.1	Halobacteriota	set_d_clean	21	2751519	81	1	89.01817318393516	22.37296622169395	1659.0	16	CoCoPyE 0.5.0	3	Methanomicrobiales
genome_812	61.308677	11.914959	RS_GCF_024170265.1	Halobacteriota	set_d_clean	16	1433658	81	2	62.28957807721693	7.6672155296247295	1659.0	16	CoCoPyE 0.5.0	3	Methanomicrobiales
genome_813	59.025944	23.447572	RS_GCF_024170265.1	Halobacteriota	set_d_clean	6	1614763	81	3	60.427796036400224	5.81710186239774	1659.0	16	CoCoPyE 0.5.0	2	Methanomicrobiales
genome_814	62.026633	56.534317	RS_GCF_024170265.1	Halobacteriota	set_d_clean	14	2321325	81	4	61.72216114644955	22.9653014097082	1659.0	16	CoCoPyE 0.5.0	3	Methanomicrobiales
genome_815	69.044755	26.513892	RS_GCF_024170265.1	Halobacteriota	set_d_clean	45	1870959	81	5	62.705169592352405	20.28234750681982	1659.0	16	CoCoPyE 0.5.0	3	Methanomicrobiales
genome_816	52.661732	16.9118	RS_GCF_024170265.1	Halobacteriota	set_d_clean	8	1362192	81	6	63.80177470299683	15.045375724191128	1659.0	16	CoCoPyE 0.5.0	3	Euryarchaeota
genome_817	65.765913	65.765913	RS_GCF_024170265.1	Halobacteriota	set_d_clean	14	2575284	81	7	69.02418655092293	29.2860843102886	1659.0	16	CoCoPyE 0.5.0	2	-
genome_818	65.187084	22.968543	RS_GCF_024170265.1	Halobacteriota	set_d_clean	8	1726014	81	8	72.49084670533072	11.22627819514762	1659.0	16	CoCoPyE 0.5.0	3	Euryarchaeota
genome_819	64.739363	64.739363	RS_GCF_024170265.1	Halobacteriota	set_d_clean	40	2535086	81	9	64.56084865256535	28.16172136709676	1659.0	16	CoCoPyE 0.5.0	3	Methanomicrobiales
genome_820	91.15947	36.240302	RS_GCF_024498335.1	Halobacteriota	set_d_clean	46	3635936	82	0	97.73531660991817	28.694412861197847	1659.0	16	CoCoPyE 0.5.0	3	Halobacteria
genome_821	70.194376	64.772292	RS_GCF_024498335.1	Halobacteriota	set_d_clean	250	3851892	82	1	66.62963868316882	29.426482732157123	1659.0	16	CoCoPyE 0.5.0	3	Halobacteria
genome_822	55.871986	46.424755	RS_GCF_024498335.1	Halobacteriota	set_d_clean	248	2919506	82	2	61.668798740369404	30.25165849157419	1659.0	16	CoCoPyE 0.5.0	3	Halobacteria
genome_823	72.422895	71.926707	RS_GCF_024498335.1	Halobacteriota	set_d_clean	664	4119677	82	3	76.89966063914862	30.66427281956067	1659.0	16	CoCoPyE 0.5.0	3	Halobacteria
genome_824	68.685454	3.258072	RS_GCF_024498335.1	Halobacteriota	set_d_clean	20	2053238	82	4	65.5698612638818	0.0	1659.0	16	CoCoPyE 0.5.0	3	Halobacteria
genome_825	89.072789	59.980175	RS_GCF_024498335.1	Halobacteriota	set_d_clean	14	4253909	82	5	87.91595163820061	28.942480618610627	1659.0	16	CoCoPyE 0.5.0	3	Halobacteria
genome_826	55.922267	55.922267	RS_GCF_024498335.1	Halobacteriota	set_d_clean	51	3191996	82	6	62.310624075046626	27.345420823528432	1659.0	16	CoCoPyE 0.5.0	3	Halobacteria
genome_827	98.702854	67.533404	RS_GCF_024498335.1	Halobacteriota	set_d_clean	20	4744313	82	7	97.52347979150929	29.333562858820077	1659.0	16	CoCoPyE 0.5.0	2	Haloferacaceae
genome_828	68.449571	68.449571	RS_GCF_024498335.1	Halobacteriota	set_d_clean	92	3907044	82	8	77.7299172573469	30.579192747783253	1659.0	16	CoCoPyE 0.5.0	2	-
genome_829	84.324507	56.089438	RS_GCF_024498335.1	Halobacteriota	set_d_clean	32	4007355	82	9	85.64525046845797	29.97044880872346	1659.0	16	CoCoPyE 0.5.0	3	Halobacteria
genome_830	79.932297	45.563676	RS_GCF_028211275.1	Halobacteriota	set_d_clean	110	4677821	83	0	82.22466048133008	32.20693964876618	1659.0	16	CoCoPyE 0.5.0	3	Halorubrum
genome_831	54.826937	9.914454	RS_GCF_028211275.1	Halobacteriota	set_d_clean	22	2413214	83	1	59.516200897926375	8.17966064861745	1659.0	16	CoCoPyE 0.5.0	2	Halorubrum
genome_832	53.707062	3.763521	RS_GCF_028211275.1	Halobacteriota	set_d_clean	168	2142197	83	2	61.82487871275871	0.72786969799089	1659.0	16	CoCoPyE 0.5.0	2	Halobacteria
genome_833	75.974677	39.017059	RS_GCF_028211275.1	Halobacteriota	set_d_clean	201	4286279	83	3	73.71939426808453	23.56562388069596	1659.0	16	CoCoPyE 0.5.0	3	Halorubrum
genome_834	84.111704	73.518612	RS_GCF_028211275.1	Halobacteriota	set_d_clean	219	5875618	83	4	60.47053893818032	26.770328047939103	1659.0	16	CoCoPyE 0.5.0	3	Klebsiella
genome_835	87.061374	14.357015	RS_GCF_028211275.1	Halobacteriota	set_d_clean	117	3780337	83	5	88.39345581161227	15.98631974567718	1659.0	16	CoCoPyE 0.5.0	3	Halorubrum
genome_836	64.390456	10.692489	RS_GCF_028211275.1	Halobacteriota	set_d_clean	5	2798692	83	6	70.71929495554865	12.97366509309548	1659.0	16	CoCoPyE 0.5.0	3	Halorubrum
genome_837	74.963749	50.206051	RS_GCF_028211275.1	Halobacteriota	set_d_clean	24	4665663	83	7	66.96505232553845	32.005663315105494	1659.0	16	CoCoPyE 0.5.0	2	Halorubrum
genome_838	67.526849	67.526849	RS_GCF_028211275.1	Halobacteriota	set_d_clean	49	5034082	83	8	64.5410440886937	31.65719520685736	1659.0	16	CoCoPyE 0.5.0	3	Halorubrum
genome_839	79.391179	38.637337	RS_GCF_028211275.1	Halobacteriota	set_d_clean	355	4399474	83	9	78.40318777920238	31.66552966586001	1659.0	16	CoCoPyE 0.5.0	3	Halorubrum
genome_840	52.299691	7.070857	RS_GCF_028471865.1	Methanobacteriota_B	set_d_clean	33	1234002	84	0	60.10997543991991	5.39765146386806	1659.0	16	CoCoPyE 0.5.0	2	Thermococcus
genome_841	100.0	2.024802	RS_GCF_028471865.1	Methanobacteriota_B	set_d_clean	4	2120560	84	1	100.0	2.63437963833807	1659.0	16	CoCoPyE 0.5.0	3	Thermococcus
genome_842	74.362501	59.177474	RS_GCF_028471865.1	Methanobacteriota_B	set_d_clean	117	2775595	84	2	81.00358216869714	26.699819519517632	1659.0	16	CoCoPyE 0.5.0	3	Thermococcus
genome_843	80.358003	80.358003	RS_GCF_028471865.1	Methanobacteriota_B	set_d_clean	150	3340442	84	3	81.34525825501096	31.944839773239732	1659.0	16	CoCoPyE 0.5.0	3	Thermococcus
genome_844	84.017513	9.522222	RS_GCF_028471865.1	Methanobacteriota_B	set_d_clean	32	1944200	84	4	88.94542038537247	9.82911523774459	1659.0	16	CoCoPyE 0.5.0	3	Thermococcus
genome_845	80.560363	58.694091	RS_GCF_028471865.1	Methanobacteriota_B	set_d_clean	62	2894369	84	5	84.3171756565081	29.437594309668256	1659.0	16	CoCoPyE 0.5.0	3	Thermococcus
genome_846	81.436245	2.301303	RS_GCF_028471865.1	Methanobacteriota_B	set_d_clean	7	1740464	84	6	81.31361386940009	0.4019298594921	1659.0	16	CoCoPyE 0.5.0	3	Thermococcus
genome_847	79.86875	54.925991	RS_GCF_028471865.1	Methanobacteriota_B	set_d_clean	50	2801675	84	7	81.67888814805599	30.194591873615177	1659.0	16	CoCoPyE 0.5.0	3	Thermococcus
genome_848	85.813974	17.169367	RS_GCF_028471865.1	Methanobacteriota_B	set_d_clean	27	2140483	84	8	86.66267401769478	20.5174076447611	1659.0	16	CoCoPyE 0.5.0	3	Thermococcus
genome_849	100.0	7.188107	RS_GCF_028471865.1	Methanobacteriota_B	set_d_clean	9	2227878	84	9	100.0	6.54369790426186	1659.0	16	CoCoPyE 0.5.0	3	Thermococcus
genome_850	73.882655	73.882604	RS_GCF_029012245.1	Methanobacteriota	set_d_clean	313	2867243	85	0	91.49025040238716	31.448183848667938	1659.0	16	CoCoPyE 0.5.0	2	Campylobacter
genome_851	66.425961	66.425961	RS_GCF_029012245.1	Methanobacteriota	set_d_clean	13	2577864	85	1	66.47808752000434	32.19952754460067	1659.0	16	CoCoPyE 0.5.0	3	Methanobacteriaceae
genome_852	67.684462	50.582456	RS_GCF_029012245.1	Methanobacteriota	set_d_clean	113	2294856	85	2	71.09476792043307	31.286111658120692	1659.0	16	CoCoPyE 0.5.0	3	Methanobacteriales
genome_853	62.955549	62.955549	RS_GCF_029012245.1	Methanobacteriota	set_d_clean	35	2443184	85	3	68.05653462046392	33.39813957307621	1659.0	16	CoCoPyE 0.5.0	3	Methanobacteriaceae
genome_854	58.435254	58.435254	RS_GCF_029012245.1	Methanobacteriota	set_d_clean	21	2267760	85	4	67.86492927602508	30.44565732344326	1659.0	16	CoCoPyE 0.5.0	2	-
genome_855	70.604524	4.079099	RS_GCF_029012245.1	Methanobacteriota	set_d_clean	52	1449164	85	5	69.1621501154042	4.43693570329473	1659.0	16	CoCoPyE 0.5.0	3	Methanobacteriaceae
genome_856	73.586789	15.656276	RS_GCF_029012245.1	Methanobacteriota	set_d_clean	7	1731676	85	6	66.44982655595591	14.11995626512001	1659.0	16	CoCoPyE 0.5.0	3	Methanobacteriaceae
genome_857	100.0	28.482471	RS_GCF_029012245.1	Methanobacteriota	set_d_clean	4	2493079	85	7	97.77407338542982	27.243183839984248	1659.0	16	CoCoPyE 0.5.0	3	Methanobacteriaceae
genome_858	85.650462	82.417115	RS_GCF_029012245.1	Methanobacteriota	set_d_clean	13	3261190	85	8	84.7399975359884	31.370900253282443	1659.0	16	CoCoPyE 0.5.0	3	Methanobacteriaceae
genome_859	64.644888	41.840565	RS_GCF_029012245.1	Methanobacteriota	set_d_clean	23	2066248	85	9	76.99178372427433	27.572215572747012	1659.0	16	CoCoPyE 0.5.0	3	Methanobacteriaceae
genome_860	64.392287	54.791568	RS_GCF_029633965.1	Halobacteriota	set_d_clean	92	2996182	86	0	70.97147325780095	30.15404425633949	1659.0	16	CoCoPyE 0.5.0	3	Methanomicrobiales
genome_861	68.845379	67.362911	RS_GCF_029633965.1	Halobacteriota	set_d_clean	86	3424162	86	1	71.56064381499232	31.48174065644839	1659.0	16	CoCoPyE 0.5.0	3	Methanomicrobiaceae
genome_862	67.893836	45.518983	RS_GCF_029633965.1	Halobacteriota	set_d_clean	8	2851103	86	2	62.42191873936712	20.85977629405633	1659.0	16	CoCoPyE 0.5.0	3	Methanomicrobiales
genome_863	76.061611	18.814471	RS_GCF_029633965.1	Halobacteriota	set_d_clean	16	2385105	86	3	77.64074199848356	14.385583464294319	1659.0	16	CoCoPyE 0.5.0	3	Methanomicrobiales
genome_864	56.293408	38.750261	RS_GCF_029633965.1	Halobacteriota	set_d_clean	43	2389318	86	4	63.23070354627849	22.93986950215357	1659.0	16	CoCoPyE 0.5.0	3	Methanomicrobiales
genome_865	82.459159	82.459159	RS_GCF_029633965.1	Halobacteriota	set_d_clean	78	4145908	86	5	76.71790118318893	30.85268941627126	1659.0	16	CoCoPyE 0.5.0	3	Methanomicrobiales
genome_866	94.213251	13.189263	RS_GCF_029633965.1	Halobacteriota	set_d_clean	2	2700009	86	6	88.5491437310765	12.77316419680905	1659.0	16	CoCoPyE 0.5.0	3	Methanomicrobiaceae
genome_867	86.078652	86.078652	RS_GCF_029633965.1	Halobacteriota	set_d_clean	142	4327890	86	7	81.25077789981667	30.11747267432807	1659.0	16	CoCoPyE 0.5.0	2	Methanomicrobiaceae
genome_868	72.81011	68.648714	RS_GCF_029633965.1	Halobacteriota	set_d_clean	79	3556156	86	8	64.26179746818829	31.99737876711537	1659.0	16	CoCoPyE 0.5.0	3	Methanomicrobiaceae
genome_869	76.960288	44.340145	RS_GCF_029633965.1	Halobacteriota	set_d_clean	54	3049391	86	9	72.04922077146126	27.41942285019427	1659.0	16	CoCoPyE 0.5.0	3	Methanomicrobiaceae
genome_870	59.910162	25.603066	RS_GCF_030017545.1	Methanobacteriota	set_d_clean	9	1400569	87	0	61.29791960030578	16.19118123677051	1659.0	16	CoCoPyE 0.5.0	3	Methanobacteriaceae
genome_871	88.072515	59.804291	RS_GCF_030017545.1	Methanobacteriota	set_d_clean	349	2421984	87	1	88.96701868445255	29.819411018342713	1659.0	16	CoCoPyE 0.5.0	3	Methanobacteriaceae
genome_872	100.0	47.128869	RS_GCF_030017545.1	Methanobacteriota	set_d_clean	93	2409734	87	2	99.22465991470713	26.68382678920655	1659.0	16	CoCoPyE 0.5.0	3	Methanobacteriaceae
genome_873	75.643577	38.76602	RS_GCF_030017545.1	Methanobacteriota	set_d_clean	50	1873845	87	3	69.5412720879698	24.931119698023398	1659.0	16	CoCoPyE 0.5.0	3	Methanobacteriaceae
genome_874	56.853329	37.332485	RS_GCF_030017545.1	Methanobacteriota	set_d_clean	26	1542612	87	4	64.89134524918448	25.383443970087733	1659.0	16	CoCoPyE 0.5.0	3	Euryarchaeota
genome_875	86.793024	86.793024	RS_GCF_030017545.1	Methanobacteriota	set_d_clean	74	2843060	87	5	79.85646540188766	33.15409220594024	1659.0	16	CoCoPyE 0.5.0	2	Methanobacteriaceae
genome_876	100.0	68.716827	RS_GCF_030017545.1	Methanobacteriota	set_d_clean	10	2763310	87	6	99.04803625121949	30.56357343858846	1659.0	16	CoCoPyE 0.5.0	3	Methanobacteriaceae
genome_877	100.0	2.576749	RS_GCF_030017545.1	Methanobacteriota	set_d_clean	3	1680042	87	7	100.0	0.0	1659.0	16	CoCoPyE 0.5.0	3	Methanobacteriales
genome_878	86.151936	86.151936	RS_GCF_030017545.1	Methanobacteriota	set_d_clean	343	2822060	87	8	86.50597346958904	31.05253245724533	1659.0	16	CoCoPyE 0.5.0	2	Methanobacteriaceae
genome_879	100.0	71.66785	RS_GCF_030017545.1	Methanobacteriota	set_d_clean	19	2811643	87	9	99.97952556386552	28.84694788841194	1659.0	16	CoCoPyE 0.5.0	2	Methanobacteriaceae
genome_880	53.260463	14.824859	RS_GCF_030055635.1	Halobacteriota	set_d_clean	10	1200366	88	0	62.14822705449533	10.02058827612473	1659.0	16	CoCoPyE 0.5.0	2	Euryarchaeota
genome_881	80.954628	79.888624	RS_GCF_030055635.1	Halobacteriota	set_d_clean	24	2835718	88	1	79.05609944958698	29.57429087993698	1659.0	16	CoCoPyE 0.5.0	3	Methanomicrobia
genome_882	100.0	46.393542	RS_GCF_030055635.1	Halobacteriota	set_d_clean	5	2580965	88	2	98.86543164793777	24.07536148037199	1659.0	16	CoCoPyE 0.5.0	3	Methanomicrobia
genome_883	82.991857	82.991857	RS_GCF_030055635.1	Halobacteriota	set_d_clean	254	2926346	88	3	82.98292940416611	27.42207527925084	1659.0	16	CoCoPyE 0.5.0	3	Methanomicrobia
genome_884	79.372411	71.995176	RS_GCF_030055635.1	Halobacteriota	set_d_clean	124	2668659	88	4	77.77919365404712	24.27697587712182	1659.0	16	CoCoPyE 0.5.0	3	Methanomicrobia
genome_885	61.61414	35.35659	RS_GCF_030055635.1	Halobacteriota	set_d_clean	10	1709625	88	5	64.06895677375319	24.56488578733303	1659.0	16	CoCoPyE 0.5.0	3	Euryarchaeota
genome_886	59.141468	59.141468	RS_GCF_030055635.1	Halobacteriota	set_d_clean	20	2085366	88	6	60.248772227462524	24.02096742295289	1659.0	16	CoCoPyE 0.5.0	2	Methanomicrobia
genome_887	64.045746	49.048911	RS_GCF_030055635.1	Halobacteriota	set_d_clean	20	1993895	88	7	84.92683583620095	26.216548148713493	1659.0	16	CoCoPyE 0.5.0	3	-
genome_888	63.04134	63.04134	RS_GCF_030055635.1	Halobacteriota	set_d_clean	18	2222878	88	8	59.267258534407006	29.535279505948708	1659.0	16	CoCoPyE 0.5.0	2	Methanomicrobia
genome_889	100.0	47.04095	RS_GCF_030055635.1	Halobacteriota	set_d_clean	4	2592379	88	9	96.26526131747424	23.563563118595148	1659.0	16	CoCoPyE 0.5.0	3	Methanomicrobia
genome_890	66.965327	43.754542	RS_GCF_036429475.1	Halobacteriota	set_d_clean	181	4468562	89	0	67.71040174539729	29.77717641992324	1659.0	16	CoCoPyE 0.5.0	3	Halobacteria
genome_891	65.920062	65.920062	RS_GCF_036429475.1	Halobacteriota	set_d_clean	193	5320958	89	1	69.21539202145426	30.713600213136388	1659.0	16	CoCoPyE 0.5.0	2	Halobacteria
genome_892	97.702703	5.264479	RS_GCF_036429475.1	Halobacteriota	set_d_clean	5	4155670	89	2	96.54180998224359	0.6294267396050199	1659.0	16	CoCoPyE 0.5.0	3	Halobacteria
genome_893	58.704057	58.704057	RS_GCF_036429475.1	Halobacteriota	set_d_clean	174	4738494	89	3	60.39211695495478	21.69677379299293	1659.0	16	CoCoPyE 0.5.0	2	Enterobacterales
genome_894	65.709082	11.137989	RS_GCF_036429475.1	Halobacteriota	set_d_clean	7	3101484	89	4	81.09220102079964	16.316667358130978	1659.0	16	CoCoPyE 0.5.0	3	Halobacteria
genome_895	96.474382	25.076432	RS_GCF_036429475.1	Halobacteriota	set_d_clean	87	4905690	89	5	96.32114544783232	23.75484424445072	1659.0	16	CoCoPyE 0.5.0	3	Halobacteria
genome_896	54.571093	39.269935	RS_GCF_036429475.1	Halobacteriota	set_d_clean	133	3787346	89	6	75.69003224638706	15.137650270549699	1659.0	16	CoCoPyE 0.5.0	3	-
genome_897	97.6613	26.483325	RS_GCF_036429475.1	Halobacteriota	set_d_clean	15	5010374	89	7	95.99089035695076	24.82627277076212	1659.0	16	CoCoPyE 0.5.0	3	Halobacteria
genome_898	81.785131	60.684424	RS_GCF_036429475.1	Halobacteriota	set_d_clean	84	5749953	89	8	88.9381925336623	24.986101550618812	1659.0	16	CoCoPyE 0.5.0	2	Clostridium
genome_899	78.010648	78.010648	RS_GCF_036429475.1	Halobacteriota	set_d_clean	523	6296890	89	9	69.51153556680394	31.183130192031612	1659.0	16	CoCoPyE 0.5.0	2	Halobacteria
genome_900	57.958511	6.731259	RS_GCF_039641995.1	Halobacteriota	set_d_clean	42	1231384	90	0	62.503731781189444	5.71179247059884	1659.0	16	CoCoPyE 0.5.0	2	Euryarchaeota
genome_901	81.143585	81.143533	RS_GCF_039641995.1	Halobacteriota	set_d_clean	27	3089171	90	1	63.31028997334451	28.483227413113983	1659.0	16	CoCoPyE 0.5.0	3	Staphylococcus
genome_902	84.913282	0.847534	RS_GCF_039641995.1	Halobacteriota	set_d_clean	550	1632476	90	2	91.21207543522448	7.314888867581811	1659.0	16	CoCoPyE 0.5.0	3	Euryarchaeota
genome_903	71.654018	53.97873	RS_GCF_039641995.1	Halobacteriota	set_d_clean	4	2391447	90	3	86.234234570588	26.821921248487552	1659.0	16	CoCoPyE 0.5.0	3	-
genome_904	66.367712	66.367712	RS_GCF_039641995.1	Halobacteriota	set_d_clean	83	2526648	90	4	64.66882812927291	24.99457526435499	1659.0	16	CoCoPyE 0.5.0	3	Euryarchaeota
genome_905	100.0	56.197197	RS_GCF_039641995.1	Halobacteriota	set_d_clean	13	2973248	90	5	95.4856539206826	29.698138069116247	1659.0	16	CoCoPyE 0.5.0	3	Euryarchaeota
genome_906	52.605749	52.605749	RS_GCF_039641995.1	Halobacteriota	set_d_clean	130	2002724	90	6	64.54311855479192	25.62095818326981	1659.0	16	CoCoPyE 0.5.0	3	Archaea
genome_907	77.646542	0.343889	RS_GCF_039641995.1	Halobacteriota	set_d_clean	39	1484565	90	7	80.00673207579028	0.0	1659.0	16	CoCoPyE 0.5.0	3	Euryarchaeota
genome_908	73.206982	73.206982	RS_GCF_039641995.1	Halobacteriota	set_d_clean	5	2787022	90	8	81.73981812289503	29.2306327447301	1659.0	16	CoCoPyE 0.5.0	2	-
genome_909	86.759018	69.284516	RS_GCF_039641995.1	Halobacteriota	set_d_clean	25	2970323	90	9	84.7689189401043	29.72417916236953	1659.0	16	CoCoPyE 0.5.0	3	Euryarchaeota
genome_910	78.270914	18.721969	RS_GCF_040743285.1	Halobacteriota	set_d_clean	118	4001551	91	0	77.33388998065294	24.70759610052362	1659.0	16	CoCoPyE 0.5.0	3	Halobacteria
genome_911	100.0	30.249687	RS_GCF_040743285.1	Halobacteriota	set_d_clean	8	5373598	91	1	99.21882898876297	24.86436434811799	1659.0	16	CoCoPyE 0.5.0	3	Haloarculaceae
genome_912	76.816754	76.816754	RS_GCF_040743285.1	Halobacteriota	set_d_clean	42	6338324	91	2	75.63709700191622	28.23071172108676	1659.0	16	CoCoPyE 0.5.0	2	-
genome_913	67.084601	67.084601	RS_GCF_040743285.1	Halobacteriota	set_d_clean	57	5535302	91	3	74.29678609529614	26.65196520151674	1659.0	16	CoCoPyE 0.5.0	2	-
genome_914	100.0	22.694567	RS_GCF_040743285.1	Halobacteriota	set_d_clean	15	5061903	91	4	100.0	22.285071877405148	1659.0	16	CoCoPyE 0.5.0	3	Halobacteria
genome_915	87.394164	64.347625	RS_GCF_040743285.1	Halobacteriota	set_d_clean	88	6260279	91	5	82.74614005141814	30.048535821883682	1659.0	16	CoCoPyE 0.5.0	2	Haloarculaceae
genome_916	64.906355	47.768877	RS_GCF_040743285.1	Halobacteriota	set_d_clean	684	4648544	91	6	67.37422540648643	30.76400398726971	1659.0	16	CoCoPyE 0.5.0	2	Halobacteria
genome_917	61.364699	49.097964	RS_GCF_040743285.1	Halobacteriota	set_d_clean	79	4557262	91	7	62.39094789657555	30.83961305602152	1659.0	16	CoCoPyE 0.5.0	2	Halobacteria
genome_918	81.925304	39.937604	RS_GCF_040743285.1	Halobacteriota	set_d_clean	558	5027592	91	8	83.59222955517016	28.911631965687313	1659.0	16	CoCoPyE 0.5.0	2	Halobacteria
genome_919	84.299739	84.299739	RS_GCF_040743285.1	Halobacteriota	set_d_clean	505	6955762	91	9	78.66084988991977	30.52376408912501	1659.0	16	CoCoPyE 0.5.0	2	-
genome_920	51.626071	51.613695	RS_GCF_041154675.1	Thermoproteota	set_d_clean	87	2652912	92	0	58.005293471697506	6.85351436781292	1659.0	16	CoCoPyE 0.5.0	2	Enterobacteriaceae
genome_921	76.032558	43.153046	RS_GCF_041154675.1	Thermoproteota	set_d_clean	28	3062666	92	1	75.06533908064064	31.015977566407287	1659.0	16	CoCoPyE 0.5.0	3	Sulfolobaceae
genome_922	80.226964	76.886056	RS_GCF_041154675.1	Thermoproteota	set_d_clean	21	4037272	92	2	71.66948489237078	33.78514097006463	1659.0	16	CoCoPyE 0.5.0	2	Sulfolobaceae
genome_923	85.838365	15.566917	RS_GCF_041154675.1	Thermoproteota	set_d_clean	10	2605772	92	3	90.86841345794457	20.54726635232696	1659.0	16	CoCoPyE 0.5.0	3	Sulfolobaceae
genome_924	100.0	70.432831	RS_GCF_041154675.1	Thermoproteota	set_d_clean	8	4379546	92	4	96.92586102567277	29.89282362975959	1659.0	16	CoCoPyE 0.5.0	2	Sulfolobaceae
genome_925	100.0	35.655676	RS_GCF_041154675.1	Thermoproteota	set_d_clean	5	3485891	92	5	99.44351605907616	29.992032874431978	1659.0	16	CoCoPyE 0.5.0	3	Sulfolobaceae
genome_926	89.988835	59.678222	RS_GCF_041154675.1	Thermoproteota	set_d_clean	120	3845936	92	6	81.54514605532799	33.30298406674296	1659.0	16	CoCoPyE 0.5.0	2	Sulfolobaceae
genome_927	70.099208	70.099169	RS_GCF_041154675.1	Thermoproteota	set_d_clean	16	3602623	92	7	61.74175464535316	32.11064639673424	1659.0	16	CoCoPyE 0.5.0	2	Sulfolobaceae
genome_928	77.444029	30.265237	RS_GCF_041154675.1	Thermoproteota	set_d_clean	6	2767763	92	8	83.47953756504445	25.612730679642333	1659.0	16	CoCoPyE 0.5.0	3	Sulfolobaceae
genome_929	52.964613	52.964613	RS_GCF_041154675.1	Thermoproteota	set_d_clean	318	2722022	92	9	57.602489463872345	24.38479487014371	1659.0	16	CoCoPyE 0.5.0	2	Sulfolobaceae
genome_930	70.327131	70.327131	RS_GCF_041647945.1	Methanobacteriota_B	set_d_clean	453	2856546	93	0	70.30881528487402	32.06226707290214	1659.0	16	CoCoPyE 0.5.0	3	Thermococcaceae
genome_931	66.075959	37.68277	RS_GCF_041647945.1	Methanobacteriota_B	set_d_clean	28	2107235	93	1	72.37226263118983	23.12777964557882	1659.0	16	CoCoPyE 0.5.0	3	Thermococcaceae
genome_932	71.391389	68.605332	RS_GCF_041647945.1	Methanobacteriota_B	set_d_clean	19	2843192	93	2	62.73180378213519	32.55254277418465	1659.0	16	CoCoPyE 0.5.0	3	Thermococcaceae
genome_933	62.185022	21.260141	RS_GCF_041647945.1	Methanobacteriota_B	set_d_clean	9	1694687	93	3	68.23704261519839	12.91182395185082	1659.0	16	CoCoPyE 0.5.0	3	Thermococcaceae
genome_934	86.414342	16.057766	RS_GCF_041647945.1	Methanobacteriota_B	set_d_clean	7	2081105	93	4	92.4329225631769	14.12419510042312	1659.0	16	CoCoPyE 0.5.0	3	Thermococcaceae
genome_935	71.139481	9.332222	RS_GCF_041647945.1	Methanobacteriota_B	set_d_clean	3	1634299	93	5	80.82874743942389	1.82417185664734	1659.0	16	CoCoPyE 0.5.0	3	Thermococcaceae
genome_936	100.0	26.927287	RS_GCF_041647945.1	Methanobacteriota_B	set_d_clean	26	2577765	93	6	99.55236887758299	24.377265667074248	1659.0	16	CoCoPyE 0.5.0	3	Thermococcaceae
genome_937	64.267401	64.267401	RS_GCF_041647945.1	Methanobacteriota_B	set_d_clean	6	2610412	93	7	83.59134185659536	29.950653008729162	1659.0	16	CoCoPyE 0.5.0	3	Campylobacter
genome_938	80.545167	24.315734	RS_GCF_041647945.1	Methanobacteriota_B	set_d_clean	51	2129619	93	8	79.28636500990444	22.42897226513969	1659.0	16	CoCoPyE 0.5.0	3	Thermococcaceae
genome_939	100.0	8.140385	RS_GCF_041647945.1	Methanobacteriota_B	set_d_clean	7	2196222	93	9	100.0	5.87590415653667	1659.0	16	CoCoPyE 0.5.0	3	Thermococcaceae
genome_940	70.709601	69.177813	RS_GCF_900090055.1	Thermoplasmatota	set_d_clean	27	2628367	94	0	74.3714292574654	27.56435235342483	1659.0	16	CoCoPyE 0.5.0	2	-
genome_941	77.528745	77.528692	RS_GCF_900090055.1	Thermoplasmatota	set_d_clean	48	2913399	94	1	69.69378567079364	31.010804585404827	1659.0	16	CoCoPyE 0.5.0	2	Archaea
genome_942	62.770715	28.397331	RS_GCF_900090055.1	Thermoplasmatota	set_d_clean	22	1712971	94	2	60.68673505045412	21.42523687547397	1659.0	16	CoCoPyE 0.5.0	2	Archaea
genome_943	100.0	41.499141	RS_GCF_900090055.1	Thermoplasmatota	set_d_clean	3	2658650	94	3	94.99833547229228	27.32174902199401	1659.0	16	CoCoPyE 0.5.0	3	Archaea
genome_944	100.0	78.32431	RS_GCF_900090055.1	Thermoplasmatota	set_d_clean	4	3350564	94	4	83.49078433153423	30.22889225335339	1659.0	16	CoCoPyE 0.5.0	2	-
genome_945	50.958372	34.49489	RS_GCF_900090055.1	Thermoplasmatota	set_d_clean	103	1605595	94	5	62.69021139404612	20.275895174759178	1659.0	16	CoCoPyE 0.5.0	3	Archaea
genome_946	63.538285	18.621641	RS_GCF_900090055.1	Thermoplasmatota	set_d_clean	130	1543716	94	6	67.35663899402599	23.2527365427386	1659.0	16	CoCoPyE 0.5.0	3	Archaea
genome_947	62.72191	61.564434	RS_GCF_900090055.1	Thermoplasmatota	set_d_clean	36	2335236	94	7	86.28869388024192	27.48933971692637	1659.0	16	CoCoPyE 0.5.0	3	-
genome_948	55.887384	26.942716	RS_GCF_900090055.1	Thermoplasmatota	set_d_clean	14	1556308	94	8	74.63081442677401	14.938555331983189	1659.0	16	CoCoPyE 0.5.0	3	Archaea
genome_949	59.971494	45.036127	RS_GCF_900090055.1	Thermoplasmatota	set_d_clean	7	1973005	94	9	74.56074477567618	29.56762813435292	1659.0	16	CoCoPyE 0.5.0	3	-
genome_950	81.210144	81.210144	RS_GCF_900102305.1	Halobacteriota	set_d_clean	304	6549106	95	0	62.705935612603014	29.651595985933398	1659.0	16	CoCoPyE 0.5.0	2	Escherichia
genome_951	67.736249	63.529386	RS_GCF_900102305.1	Halobacteriota	set_d_clean	79	5292889	95	1	77.23908563563549	30.56488168228823	1659.0	16	CoCoPyE 0.5.0	2	-
genome_952	72.855493	45.480814	RS_GCF_900102305.1	Halobacteriota	set_d_clean	93	4771553	95	2	75.61393245812745	29.27006773345416	1659.0	16	CoCoPyE 0.5.0	2	Halobacteria
genome_953	87.03476	21.352404	RS_GCF_900102305.1	Halobacteriota	set_d_clean	69	4370384	95	3	85.18352518465366	24.681383720302442	1659.0	16	CoCoPyE 0.5.0	3	Halobacteria
genome_954	100.0	61.444394	RS_GCF_900102305.1	Halobacteriota	set_d_clean	197	6509756	95	4	92.50479887037	31.201856590082578	1659.0	16	CoCoPyE 0.5.0	2	Haloarculaceae
genome_955	75.504471	28.501187	RS_GCF_900102305.1	Halobacteriota	set_d_clean	21	4193713	95	5	72.8911156148416	23.95986789455324	1659.0	16	CoCoPyE 0.5.0	3	Halobacteria
genome_956	65.966197	65.966197	RS_GCF_900102305.1	Halobacteriota	set_d_clean	21	5319774	95	6	66.48872420720956	30.418603140156247	1659.0	16	CoCoPyE 0.5.0	2	Halobacteria
genome_957	86.791866	46.242582	RS_GCF_900102305.1	Halobacteriota	set_d_clean	169	5364211	95	7	87.81150598259897	30.90649042924859	1659.0	16	CoCoPyE 0.5.0	2	Haloarculaceae
genome_958	78.112379	0.716408	RS_GCF_900102305.1	Halobacteriota	set_d_clean	306	3178532	95	8	76.20047508444495	3.9013658127554205	1659.0	16	CoCoPyE 0.5.0	3	Halobacteria
genome_959	75.17413	34.105129	RS_GCF_900102305.1	Halobacteriota	set_d_clean	31	4406355	95	9	80.81699721625975	27.367518963370006	1659.0	16	CoCoPyE 0.5.0	3	Halobacteria
genome_960	84.935558	69.148624	RS_GCF_900113245.1	Halobacteriota	set_d_clean	230	5438110	96	0	80.71176115696153	28.873744412350298	1659.0	16	CoCoPyE 0.5.0	2	Halobacteria
genome_961	62.12697	62.12697	RS_GCF_900113245.1	Halobacteriota	set_d_clean	221	4385308	96	1	64.05056024092673	29.968499964720458	1659.0	16	CoCoPyE 0.5.0	2	Halobacteria
genome_962	56.768502	56.768474	RS_GCF_900113245.1	Halobacteriota	set_d_clean	70	4007073	96	2	68.43697146271965	31.71728497335223	1659.0	16	CoCoPyE 0.5.0	2	Halobacteria
genome_963	56.213125	51.090539	RS_GCF_900113245.1	Halobacteriota	set_d_clean	225	3787080	96	3	61.786856771869836	24.224533193364202	1659.0	16	CoCoPyE 0.5.0	3	Halobacteria
genome_964	100.0	76.01172	RS_GCF_900113245.1	Halobacteriota	set_d_clean	57	6212001	96	4	94.39138534529667	25.470087037604472	1659.0	16	CoCoPyE 0.5.0	2	Halobacteria
genome_965	88.410741	47.668454	RS_GCF_900113245.1	Halobacteriota	set_d_clean	59	4802658	96	5	88.99117653187565	29.16254367731036	1659.0	16	CoCoPyE 0.5.0	3	Halobacteria
genome_966	100.0	42.439332	RS_GCF_900113245.1	Halobacteriota	set_d_clean	49	5027127	96	6	98.47245757463836	27.81889015775792	1659.0	16	CoCoPyE 0.5.0	3	Halobacteria
genome_967	63.895389	63.498315	RS_GCF_900113245.1	Halobacteriota	set_d_clean	32	4496120	96	7	77.46077904518935	31.129262172240878	1659.0	16	CoCoPyE 0.5.0	2	-
genome_968	80.290431	19.182498	RS_GCF_900113245.1	Halobacteriota	set_d_clean	19	3510709	96	8	73.90550628720783	24.17401431598495	1659.0	16	CoCoPyE 0.5.0	3	Haloferacaceae
genome_969	89.812601	5.603983	RS_GCF_900113245.1	Halobacteriota	set_d_clean	24	3367548	96	9	95.90598785800816	12.56580292727324	1659.0	16	CoCoPyE 0.5.0	3	Haloferacaceae
genome_970	77.097064	48.249188	RS_GCF_900114585.1	Methanobacteriota	set_d_clean	166	2660404	97	0	83.81951358479795	29.222112701661302	1659.0	16	CoCoPyE 0.5.0	3	Methanobacteriaceae
genome_971	67.003794	3.333563	RS_GCF_900114585.1	Methanobacteriota	set_d_clean	42	1492871	97	1	65.85017929837112	1.2833809664011	1659.0	16	CoCoPyE 0.5.0	3	Methanobacteriaceae
genome_972	55.835301	48.482598	RS_GCF_900114585.1	Methanobacteriota	set_d_clean	62	2214089	97	2	59.2827293125854	31.27146762877978	1659.0	16	CoCoPyE 0.5.0	3	Methanobacteriaceae
genome_973	84.58904	31.331804	RS_GCF_900114585.1	Methanobacteriota	set_d_clean	296	2460355	97	3	84.02720344547166	17.042154424885382	1659.0	16	CoCoPyE 0.5.0	3	Methanobacteriaceae
genome_974	88.664247	55.752142	RS_GCF_900114585.1	Methanobacteriota	set_d_clean	209	3065157	97	4	89.87514609318337	30.72731612218052	1659.0	16	CoCoPyE 0.5.0	3	Methanobacteriaceae
genome_975	100.0	78.387887	RS_GCF_900114585.1	Methanobacteriota	set_d_clean	33	3786183	97	5	92.62841662786536	33.50680826771455	1659.0	16	CoCoPyE 0.5.0	2	Methanobacteriaceae
genome_976	65.278142	56.169633	RS_GCF_900114585.1	Methanobacteriota	set_d_clean	11	2577661	97	6	77.91012276376264	30.64113931715355	1659.0	16	CoCoPyE 0.5.0	3	Methanobacteriaceae
genome_977	100.0	68.096119	RS_GCF_900114585.1	Methanobacteriota	set_d_clean	111	3567746	97	7	94.1687666002947	32.66510497414335	1659.0	16	CoCoPyE 0.5.0	2	Methanobacteriaceae
genome_978	63.455432	63.455432	RS_GCF_900114585.1	Methanobacteriota	set_d_clean	25	2693612	97	8	60.97409243838189	29.95556106272111	1659.0	16	CoCoPyE 0.5.0	3	Methanobacteriaceae
genome_979	81.714995	69.922599	RS_GCF_900114585.1	Methanobacteriota	set_d_clean	68	3218423	97	9	84.30426311971402	31.08318882359194	1659.0	16	CoCoPyE 0.5.0	3	Methanobacteriales
genome_980	100.0	78.005103	RS_GCF_902496735.1	Methanobacteriota	set_d_clean	46	3391177	98	0	96.68263224025341	29.99651682191863	1659.0	16	CoCoPyE 0.5.0	3	Methanobacteriaceae
genome_981	83.278472	9.18555	RS_GCF_902496735.1	Methanobacteriota	set_d_clean	505	1761533	98	1	89.51582385142267	12.760586839727889	1659.0	16	CoCoPyE 0.5.0	3	Methanobacteriaceae
genome_982	78.603549	22.835115	RS_GCF_902496735.1	Methanobacteriota	set_d_clean	17	1932509	98	2	79.0369072226491	19.76077596432038	1659.0	16	CoCoPyE 0.5.0	3	Methanobacteriaceae
genome_983	76.710684	38.04423	RS_GCF_902496735.1	Methanobacteriota	set_d_clean	10	2186197	98	3	75.6016584501709	26.08880898140114	1659.0	16	CoCoPyE 0.5.0	3	Methanobacteriaceae
genome_984	56.342472	56.342472	RS_GCF_902496735.1	Methanobacteriota	set_d_clean	34	2146762	98	4	74.9748696628823	28.29149872944261	1659.0	16	CoCoPyE 0.5.0	3	-
genome_985	82.121578	80.372379	RS_GCF_902496735.1	Methanobacteriota	set_d_clean	164	3095674	98	5	83.5577777367298	28.9885656567436	1659.0	16	CoCoPyE 0.5.0	3	Methanobacteriaceae
genome_986	100.0	11.89664	RS_GCF_902496735.1	Methanobacteriota	set_d_clean	2	2131744	98	6	99.01904318124616	7.909148649996429	1659.0	16	CoCoPyE 0.5.0	3	Methanobacteriaceae
genome_987	63.971307	17.52327	RS_GCF_902496735.1	Methanobacteriota	set_d_clean	7	1552554	98	7	63.25433424140839	14.22056601793153	1659.0	16	CoCoPyE 0.5.0	3	Methanobacteriales
genome_988	91.376468	3.808722	RS_GCF_902496735.1	Methanobacteriota	set_d_clean	19	1813374	98	8	92.51981760186864	0.97095437026232	1659.0	16	CoCoPyE 0.5.0	3	Methanobacteriaceae
genome_989	77.555678	14.815435	RS_GCF_902496735.1	Methanobacteriota	set_d_clean	10	1759763	98	9	71.01180739951903	8.8579560698078	1659.0	16	CoCoPyE 0.5.0	3	Methanobacteriaceae
genome_990	83.737411	16.263582	RS_GCF_945873965.1	Methanobacteriota	set_d_clean	10	1712518	99	0	82.94070828545108	5.79154862104733	1659.0	16	CoCoPyE 0.5.0	3	Methanobacteriaceae
genome_991	63.444634	60.086505	RS_GCF_945873965.1	Methanobacteriota	set_d_clean	37	2115472	99	1	64.94165716522686	27.53732830707582	1659.0	16	CoCoPyE 0.5.0	3	Methanobacteriaceae
genome_992	60.644986	44.344266	RS_GCF_945873965.1	Methanobacteriota	set_d_clean	21	1797942	99	2	77.17384031800209	25.981758405802807	1659.0	16	CoCoPyE 0.5.0	3	Methanobacteriaceae
genome_993	56.14969	49.555708	RS_GCF_945873965.1	Methanobacteriota	set_d_clean	7	1810206	99	3	63.2939974023862	27.559971072573408	1659.0	16	CoCoPyE 0.5.0	3	Methanobacteriales
genome_994	52.847093	52.847093	RS_GCF_945873965.1	Methanobacteriota	set_d_clean	115	1810014	99	4	61.816214700233175	28.43441965720669	1659.0	16	CoCoPyE 0.5.0	3	Methanobacteriales
genome_995	66.219523	65.614151	RS_GCF_945873965.1	Methanobacteriota	set_d_clean	12	2257653	99	5	62.019883546851005	27.82053352779801	1659.0	16	CoCoPyE 0.5.0	3	Methanobacteriaceae
genome_996	67.131348	9.670126	RS_GCF_945873965.1	Methanobacteriota	set_d_clean	4	1315226	99	6	75.42092053824845	5.64574421514374	1659.0	16	CoCoPyE 0.5.0	3	Methanobacteriaceae
genome_997	100.0	84.229557	RS_GCF_945873965.1	Methanobacteriota	set_d_clean	57	3154933	99	7	93.8264780220756	32.189301257146916	1659.0	16	CoCoPyE 0.5.0	2	Methanobacteriaceae
genome_998	69.50793	69.50793	RS_GCF_945873965.1	Methanobacteriota	set_d_clean	69	2380648	99	8	72.50081713434783	24.51897900786765	1659.0	16	CoCoPyE 0.5.0	3	-
genome_999	79.083107	27.14194	RS_GCF_945873965.1	Methanobacteriota	set_d_clean	3	1819105	99	9	70.46663648884751	22.69787460426257	1659.0	16	CoCoPyE 0.5.0	3	Methanobacteriaceae
