genome_id	true_completeness	true_contamination	dominant_accession	dominant_phylum	sample_type	n_contigs	total_length	ref_index	replicate	pred_completeness	pred_contamination	wall_clock_s	n_threads	tool	stage	taxonomy
genome_0	81.582639	52.04302	GB_GCA_001029695.1	Patescibacteriota	set_c_clean	9	1387947	0	0	61.616690769299176	16.69874767716297	1613.0	8	CoCoPyE 0.5.0	2	Streptococcus
genome_1	70.907389	41.767604	GB_GCA_001029695.1	Patescibacteriota	set_c_clean	201	1170336	0	1	63.713948386656426	14.368041611207898	1613.0	8	CoCoPyE 0.5.0	3	Bacteria
genome_2	76.773087	54.872661	GB_GCA_001029695.1	Patescibacteriota	set_c_clean	125	1367382	0	2	83.5237154662217	17.51665238415393	1613.0	8	CoCoPyE 0.5.0	3	Bacteria
genome_3	100.0	47.552622	GB_GCA_001029695.1	Patescibacteriota	set_c_clean	14	1532604	0	3	84.55067157734238	13.54354516186368	1613.0	8	CoCoPyE 0.5.0	3	Bacteria
genome_4	100.0	67.72355	GB_GCA_001029695.1	Patescibacteriota	set_c_clean	8	1742116	0	4	77.84978733758877	27.36258129483222	1613.0	8	CoCoPyE 0.5.0	2	Bacteria
genome_5	66.324085	55.297718	GB_GCA_001029695.1	Patescibacteriota	set_c_clean	25	1263265	0	5	60.59845614627319	10.05033567049249	1613.0	8	CoCoPyE 0.5.0	2	Bacteria
genome_6	79.793161	58.444203	GB_GCA_001029695.1	Patescibacteriota	set_c_clean	90	1435848	0	6	67.05818553206466	15.97391711285846	1613.0	8	CoCoPyE 0.5.0	3	Bacteria
genome_7	54.148667	13.15926	GB_GCA_001029695.1	Patescibacteriota	set_c_clean	4	699116	0	7	65.36625375804618	4.4111378052512595	1613.0	8	CoCoPyE 0.5.0	3	Bacteria
genome_8	100.0	85.04924	GB_GCA_001029695.1	Patescibacteriota	set_c_clean	25	1922075	0	8	67.18781674897336	22.10403506448663	1613.0	8	CoCoPyE 0.5.0	3	Lactobacillales
genome_9	100.0	25.561312	GB_GCA_001029695.1	Patescibacteriota	set_c_clean	4	1304184	0	9	86.43986348326239	12.69736355942285	1613.0	8	CoCoPyE 0.5.0	3	Bacteria
genome_10	84.08561	25.933787	GB_GCA_001777515.1	Patescibacteriota	set_c_clean	38	1011284	1	0	70.03631573773858	15.266921667806898	1613.0	8	CoCoPyE 0.5.0	3	Bacteria
genome_11	61.136417	39.395466	GB_GCA_001777515.1	Patescibacteriota	set_c_clean	20	924076	1	1	60.17827276255097	9.08401681581706	1613.0	8	CoCoPyE 0.5.0	2	Bacteria
genome_12	100.0	13.834943	GB_GCA_001777515.1	Patescibacteriota	set_c_clean	3	1046356	1	2	81.83634332064852	9.38139768474034	1613.0	8	CoCoPyE 0.5.0	3	Bacteria
genome_13	100.0	9.522981	GB_GCA_001777515.1	Patescibacteriota	set_c_clean	5	1006721	1	3	80.18090827017458	10.1111190309168	1613.0	8	CoCoPyE 0.5.0	3	Bacteria
genome_14	86.37274	84.928529	GB_GCA_001777515.1	Patescibacteriota	set_c_clean	70	1574579	1	4	72.05578261816655	24.01256895025652	1613.0	8	CoCoPyE 0.5.0	3	Bacteria
genome_15	62.246311	0.563759	GB_GCA_001777515.1	Patescibacteriota	set_c_clean	9	577342	1	5	64.71544965092872	3.474057097311	1613.0	8	CoCoPyE 0.5.0	2	Bacteria
genome_16	70.723803	70.723803	GB_GCA_001777515.1	Patescibacteriota	set_c_clean	143	1300168	1	6	65.21421527845858	15.19660298154214	1613.0	8	CoCoPyE 0.5.0	3	Actinomycetes
genome_17	100.0	12.07491	GB_GCA_001777515.1	Patescibacteriota	set_c_clean	2	1030178	1	7	84.57742731177665	9.04345868451108	1613.0	8	CoCoPyE 0.5.0	3	Bacteria
genome_18	94.121544	22.537743	GB_GCA_001777515.1	Patescibacteriota	set_c_clean	40	1072317	1	8	74.44849740273438	17.4541893484289	1613.0	8	CoCoPyE 0.5.0	3	Bacteria
genome_19	62.062671	62.062671	GB_GCA_001777515.1	Patescibacteriota	set_c_clean	27	1140944	1	9	63.86335182360302	23.90268338682668	1613.0	8	CoCoPyE 0.5.0	3	Bacteria
genome_20	100.0	67.686071	GB_GCA_001778095.1	Patescibacteriota	set_c_clean	4	1533085	2	0	69.3109338374696	20.01800055704215	1613.0	8	CoCoPyE 0.5.0	3	Pseudomonadota
genome_21	70.318586	25.661	GB_GCA_001778095.1	Patescibacteriota	set_c_clean	2	877502	2	1	67.42472225107707	13.65513048129058	1613.0	8	CoCoPyE 0.5.0	3	Bacteria
genome_22	100.0	0.363245	GB_GCA_001778095.1	Patescibacteriota	set_c_clean	2	917580	2	2	86.0130515082385	8.83981936474836	1613.0	8	CoCoPyE 0.5.0	3	Bacteria
genome_23	65.905941	34.691811	GB_GCA_001778095.1	Patescibacteriota	set_c_clean	17	919724	2	3	60.7292797826803	13.112329908383291	1613.0	8	CoCoPyE 0.5.0	2	Bacteria
genome_24	53.414623	53.414623	GB_GCA_001778095.1	Patescibacteriota	set_c_clean	45	976696	2	4	60.511944143332045	7.43773509304499	1613.0	8	CoCoPyE 0.5.0	2	Bacteria
genome_25	100.0	68.715758	GB_GCA_001778095.1	Patescibacteriota	set_c_clean	65	1542499	2	5	86.42307960780971	13.90311740173184	1613.0	8	CoCoPyE 0.5.0	3	Bacteria
genome_26	100.0	71.580373	GB_GCA_001778095.1	Patescibacteriota	set_c_clean	20	1568689	2	6	90.51166008798496	21.738607640466988	1613.0	8	CoCoPyE 0.5.0	3	Bacteria
genome_27	100.0	11.786704	GB_GCA_001778095.1	Patescibacteriota	set_c_clean	4	1022020	2	7	83.73987515775396	17.40187625707329	1613.0	8	CoCoPyE 0.5.0	3	Bacteria
genome_28	100.0	45.276995	GB_GCA_001778095.1	Patescibacteriota	set_c_clean	7	1328208	2	8	80.41143947099539	17.38543713151185	1613.0	8	CoCoPyE 0.5.0	3	Bacteria
genome_29	83.461907	7.2649	GB_GCA_001778095.1	Patescibacteriota	set_c_clean	49	829478	2	9	65.83720591838158	9.875654745586269	1613.0	8	CoCoPyE 0.5.0	3	Bacteria
genome_30	50.072545	50.072545	GB_GCA_001779275.1	Patescibacteriota	set_c_clean	44	1360446	3	0	63.32844864163073	6.18185286995549	1613.0	8	CoCoPyE 0.5.0	3	Bacteria
genome_31	100.0	58.818675	GB_GCA_001779275.1	Patescibacteriota	set_c_clean	33	2157512	3	1	65.88002302387365	23.50126560342076	1613.0	8	CoCoPyE 0.5.0	3	Epsilonproteobacteria
genome_32	55.371059	55.371059	GB_GCA_001779275.1	Patescibacteriota	set_c_clean	131	1504404	3	2	65.80486873460202	22.156449025955	1613.0	8	CoCoPyE 0.5.0	3	Campylobacter
genome_33	61.737463	15.105909	GB_GCA_001779275.1	Patescibacteriota	set_c_clean	29	1043898	3	3	59.96723374895203	6.24481205006905	1613.0	8	CoCoPyE 0.5.0	2	Bacteria
genome_34	95.717772	44.772999	GB_GCA_001779275.1	Patescibacteriota	set_c_clean	16	1908532	3	4	62.724392506204026	17.20317263294962	1613.0	8	CoCoPyE 0.5.0	3	Bacteria
genome_35	52.45875	52.45875	GB_GCA_001779275.1	Patescibacteriota	set_c_clean	27	1425278	3	5	68.6931852062852	15.39575323345426	1613.0	8	CoCoPyE 0.5.0	3	Bacteria
genome_36	50.897808	2.339167	GB_GCA_001779275.1	Patescibacteriota	set_c_clean	29	723211	3	6	59.15373613325527	2.33799146502714	1613.0	8	CoCoPyE 0.5.0	2	Bacteria
genome_37	100.0	71.965918	GB_GCA_001779275.1	Patescibacteriota	set_c_clean	2	2336114	3	7	64.65169053325133	23.05849219736016	1613.0	8	CoCoPyE 0.5.0	3	Listeriaceae
genome_38	100.0	16.650362	GB_GCA_001779275.1	Patescibacteriota	set_c_clean	2	1584666	3	8	79.97079405011083	18.19864482837933	1613.0	8	CoCoPyE 0.5.0	3	Bacteria
genome_39	100.0	46.925045	GB_GCA_001779275.1	Patescibacteriota	set_c_clean	19	1995940	3	9	67.13305828251109	20.17248253951568	1613.0	8	CoCoPyE 0.5.0	3	Pseudomonadota
genome_40	100.0	18.691692	GB_GCA_001781415.1	Patescibacteriota	set_c_clean	4	1142728	4	0	72.77311666093593	10.77650749876433	1613.0	8	CoCoPyE 0.5.0	3	Bacteria
genome_41	100.0	45.716734	GB_GCA_001781415.1	Patescibacteriota	set_c_clean	30	1402917	4	1	70.87419288696317	16.64938078426794	1613.0	8	CoCoPyE 0.5.0	3	Bacteria
genome_42	100.0	62.942447	GB_GCA_001781415.1	Patescibacteriota	set_c_clean	23	1568761	4	2	68.30002997860282	27.55903905527432	1613.0	8	CoCoPyE 0.5.0	3	Rickettsiales
genome_43	100.0	14.033154	GB_GCA_001781415.1	Patescibacteriota	set_c_clean	2	1097877	4	3	74.4166632884973	8.92576247153036	1613.0	8	CoCoPyE 0.5.0	3	Bacteria
genome_44	100.0	34.911246	GB_GCA_001781415.1	Patescibacteriota	set_c_clean	16	1298885	4	4	68.72905661721329	15.84473074355826	1613.0	8	CoCoPyE 0.5.0	3	Bacteria
genome_45	80.886297	80.886297	GB_GCA_001781415.1	Patescibacteriota	set_c_clean	18	1557498	4	5	80.03788204867553	28.711108030336618	1613.0	8	CoCoPyE 0.5.0	2	Bacteria
genome_46	73.046834	49.455425	GB_GCA_001781415.1	Patescibacteriota	set_c_clean	4	1179415	4	6	63.37625421200249	13.58321081149122	1613.0	8	CoCoPyE 0.5.0	2	Bacteria
genome_47	81.033996	43.823655	GB_GCA_001781415.1	Patescibacteriota	set_c_clean	109	1202092	4	7	64.65123520615441	13.62293320682306	1613.0	8	CoCoPyE 0.5.0	3	Bacteria
genome_48	72.575797	15.247775	GB_GCA_001781415.1	Patescibacteriota	set_c_clean	43	845539	4	8	63.31071582719569	6.89830491970503	1613.0	8	CoCoPyE 0.5.0	2	Bacteria
genome_49	84.588843	28.516676	GB_GCA_001781415.1	Patescibacteriota	set_c_clean	5	1088946	4	9	68.07710464934705	13.78834540634919	1613.0	8	CoCoPyE 0.5.0	3	Bacteria
genome_50	100.0	56.288029	GB_GCA_001783805.1	Patescibacteriota	set_c_clean	4	1402957	5	0	84.60099360002272	19.53781317686967	1613.0	8	CoCoPyE 0.5.0	3	-
genome_51	66.764661	18.285926	GB_GCA_001783805.1	Patescibacteriota	set_c_clean	4	763477	5	1	67.66526606049213	16.81036403331914	1613.0	8	CoCoPyE 0.5.0	3	Bacteria
genome_52	83.887358	83.887358	GB_GCA_001783805.1	Patescibacteriota	set_c_clean	16	1506070	5	2	69.38504828597846	14.32388600917335	1613.0	8	CoCoPyE 0.5.0	3	Bacteria
genome_53	59.027999	48.304284	GB_GCA_001783805.1	Patescibacteriota	set_c_clean	10	963494	5	3	71.79648927489019	24.56376004961315	1613.0	8	CoCoPyE 0.5.0	2	Bacteria
genome_54	100.0	0.774112	GB_GCA_001783805.1	Patescibacteriota	set_c_clean	2	904623	5	4	80.91631609128282	3.7198661003026303	1613.0	8	CoCoPyE 0.5.0	3	Bacteria
genome_55	63.967877	7.318247	GB_GCA_001783805.1	Patescibacteriota	set_c_clean	9	639917	5	5	63.11273947353844	3.59552393123578	1613.0	8	CoCoPyE 0.5.0	2	Bacteria
genome_56	66.28286	37.996088	GB_GCA_001783805.1	Patescibacteriota	set_c_clean	2	936085	5	6	66.52327652581982	10.83591770666578	1613.0	8	CoCoPyE 0.5.0	3	Bacteria
genome_57	100.0	26.856186	GB_GCA_001783805.1	Patescibacteriota	set_c_clean	2	1138755	5	7	77.40748457771878	25.73310643650603	1613.0	8	CoCoPyE 0.5.0	3	Bacteria
genome_58	100.0	16.175917	GB_GCA_001783805.1	Patescibacteriota	set_c_clean	5	1042881	5	8	77.21443913534199	7.76405575569582	1613.0	8	CoCoPyE 0.5.0	3	Bacteria
genome_59	100.0	82.155326	GB_GCA_001783805.1	Patescibacteriota	set_c_clean	8	1635161	5	9	73.49470810672865	19.5646409362422	1613.0	8	CoCoPyE 0.5.0	3	Actinomycetes
genome_60	100.0	68.219694	GB_GCA_001785375.1	Patescibacteriota	set_c_clean	4	1247418	6	0	78.53515114308482	21.36151392426597	1613.0	8	CoCoPyE 0.5.0	3	Bacteria
genome_61	77.375492	49.258234	GB_GCA_001785375.1	Patescibacteriota	set_c_clean	118	939041	6	1	68.09697661615868	13.713803226058891	1613.0	8	CoCoPyE 0.5.0	3	Bacteria
genome_62	100.0	26.296995	GB_GCA_001785375.1	Patescibacteriota	set_c_clean	3	936544	6	2	71.75472989861034	6.826956644679	1613.0	8	CoCoPyE 0.5.0	3	Bacteria
genome_63	100.0	65.631705	GB_GCA_001785375.1	Patescibacteriota	set_c_clean	111	1228227	6	3	82.7552050416338	16.93079838165307	1613.0	8	CoCoPyE 0.5.0	3	Bacteria
genome_64	83.101541	46.491428	GB_GCA_001785375.1	Patescibacteriota	set_c_clean	8	960985	6	4	65.35517157871173	12.712800078167891	1613.0	8	CoCoPyE 0.5.0	3	Bacteria
genome_65	100.0	19.870108	GB_GCA_001785375.1	Patescibacteriota	set_c_clean	5	888886	6	5	76.60695779733355	11.116520836489439	1613.0	8	CoCoPyE 0.5.0	3	Bacteria
genome_66	74.260897	49.943698	GB_GCA_001785375.1	Patescibacteriota	set_c_clean	6	921028	6	6	62.37628384255994	16.4246921884084	1613.0	8	CoCoPyE 0.5.0	2	Pseudomonadota
genome_67	87.28189	25.587392	GB_GCA_001785375.1	Patescibacteriota	set_c_clean	30	836972	6	7	62.95285446805288	10.45514651595621	1613.0	8	CoCoPyE 0.5.0	3	Bacteria
genome_68	76.457135	33.996906	GB_GCA_001785375.1	Patescibacteriota	set_c_clean	10	819062	6	8	65.3713757297749	10.078743845513879	1613.0	8	CoCoPyE 0.5.0	3	Bacteria
genome_69	79.559458	79.559458	GB_GCA_001785375.1	Patescibacteriota	set_c_clean	30	1179932	6	9	63.79819044285166	21.38736584006991	1613.0	8	CoCoPyE 0.5.0	3	Bacteria
genome_70	84.86044	13.283604	GB_GCA_001786215.1	Patescibacteriota	set_c_clean	47	628380	7	0	66.24578451361896	9.47597639124645	1613.0	8	CoCoPyE 0.5.0	3	Bacteria
genome_71	100.0	28.280878	GB_GCA_001786215.1	Patescibacteriota	set_c_clean	2	821335	7	1	76.7382914824072	7.49234606325907	1613.0	8	CoCoPyE 0.5.0	3	Bacteria
genome_72	100.0	0.0	GB_GCA_001786215.1	Patescibacteriota	set_c_clean	1	640263	7	2	80.79861306682166	0.8911800712753101	1613.0	8	CoCoPyE 0.5.0	3	Bacteria
genome_73	74.340857	15.87457	GB_GCA_001786215.1	Patescibacteriota	set_c_clean	4	577616	7	3	64.93251579857011	7.12785861513032	1613.0	8	CoCoPyE 0.5.0	3	Bacteria
genome_74	60.594474	60.594318	GB_GCA_001786215.1	Patescibacteriota	set_c_clean	21	775927	7	4	62.318079727751666	13.135983810856741	1613.0	8	CoCoPyE 0.5.0	2	Bacteria
genome_75	90.383952	85.821139	GB_GCA_001786215.1	Patescibacteriota	set_c_clean	21	1128176	7	5	75.84055646117793	20.944782765473217	1613.0	8	CoCoPyE 0.5.0	3	Bacteria
genome_76	72.627186	14.490764	GB_GCA_001786215.1	Patescibacteriota	set_c_clean	8	557784	7	6	68.42076463928555	10.48431196670722	1613.0	8	CoCoPyE 0.5.0	3	Bacteria
genome_77	100.0	20.537186	GB_GCA_001786215.1	Patescibacteriota	set_c_clean	6	771755	7	7	81.11120083715649	17.9986051533396	1613.0	8	CoCoPyE 0.5.0	3	Bacteria
genome_78	89.044971	48.290312	GB_GCA_001786215.1	Patescibacteriota	set_c_clean	57	879307	7	8	68.61423688875257	18.827016685294808	1613.0	8	CoCoPyE 0.5.0	3	Bacteria
genome_79	59.729674	36.625574	GB_GCA_001786215.1	Patescibacteriota	set_c_clean	25	616927	7	9	65.44713366676898	7.98968264902343	1613.0	8	CoCoPyE 0.5.0	3	Bacteria
genome_80	100.0	32.57028	GB_GCA_001790385.1	Patescibacteriota	set_c_clean	31	1468363	8	0	85.03531401710775	19.74063446353902	1613.0	8	CoCoPyE 0.5.0	3	Bacteria
genome_81	100.0	69.849884	GB_GCA_001790385.1	Patescibacteriota	set_c_clean	32	1881276	8	1	63.492123527149914	22.61398519657608	1613.0	8	CoCoPyE 0.5.0	3	Streptococcus
genome_82	86.944424	21.849729	GB_GCA_001790385.1	Patescibacteriota	set_c_clean	45	1205016	8	2	67.40691333229975	15.522552048774491	1613.0	8	CoCoPyE 0.5.0	3	Bacteria
genome_83	85.402817	81.706935	GB_GCA_001790385.1	Patescibacteriota	set_c_clean	32	1850926	8	3	64.39989932160576	15.412194535744	1613.0	8	CoCoPyE 0.5.0	2	Actinomycetes
genome_84	100.0	79.954154	GB_GCA_001790385.1	Patescibacteriota	set_c_clean	3	1993192	8	4	78.70317530992385	13.75236906102315	1613.0	8	CoCoPyE 0.5.0	3	Bacteria
genome_85	85.637196	85.637196	GB_GCA_001790385.1	Patescibacteriota	set_c_clean	13	1897054	8	5	68.51884036230058	21.77183456915495	1613.0	8	CoCoPyE 0.5.0	3	Bacilli
genome_86	100.0	42.958313	GB_GCA_001790385.1	Patescibacteriota	set_c_clean	8	1583422	8	6	80.60545221756394	19.07947874509177	1613.0	8	CoCoPyE 0.5.0	3	Bacteria
genome_87	68.929164	53.75389	GB_GCA_001790385.1	Patescibacteriota	set_c_clean	23	1358851	8	7	64.61303896227975	12.29196656754607	1613.0	8	CoCoPyE 0.5.0	3	Bacteria
genome_88	100.0	0.555791	GB_GCA_001790385.1	Patescibacteriota	set_c_clean	3	1113767	8	8	84.48353722447823	9.326601329834459	1613.0	8	CoCoPyE 0.5.0	3	Bacteria
genome_89	77.44208	62.520777	GB_GCA_001790385.1	Patescibacteriota	set_c_clean	35	1550244	8	9	61.984397941182	21.76431068165271	1613.0	8	CoCoPyE 0.5.0	3	Helicobacter
genome_90	72.368893	72.368893	GB_GCA_001791305.1	Patescibacteriota	set_c_clean	9	1549528	9	0	59.309917023525614	15.458177503084569	1613.0	8	CoCoPyE 0.5.0	2	Thermococcaceae
genome_91	72.339189	22.394113	GB_GCA_001791305.1	Patescibacteriota	set_c_clean	15	1014192	9	1	67.38904275159302	13.080282874487912	1613.0	8	CoCoPyE 0.5.0	3	Bacteria
genome_92	65.451495	55.781094	GB_GCA_001791305.1	Patescibacteriota	set_c_clean	15	1297887	9	2	61.81822349195125	14.61793736051113	1613.0	8	CoCoPyE 0.5.0	3	Bacteria
genome_93	100.0	15.513238	GB_GCA_001791305.1	Patescibacteriota	set_c_clean	3	1236657	9	3	82.15844265600133	6.18705117503743	1613.0	8	CoCoPyE 0.5.0	3	Bacteria
genome_94	79.578844	78.433946	GB_GCA_001791305.1	Patescibacteriota	set_c_clean	28	1691647	9	4	65.87719905117721	16.10424119050454	1613.0	8	CoCoPyE 0.5.0	3	Bacteria
genome_95	100.0	91.584624	GB_GCA_001791305.1	Patescibacteriota	set_c_clean	62	2051059	9	5	72.35120648110592	23.96855344330222	1613.0	8	CoCoPyE 0.5.0	2	Bacteria
genome_96	85.787557	17.205504	GB_GCA_001791305.1	Patescibacteriota	set_c_clean	8	1102619	9	6	65.59710922031744	5.809858471188241	1613.0	8	CoCoPyE 0.5.0	3	Bacteria
genome_97	52.470633	23.31614	GB_GCA_001791305.1	Patescibacteriota	set_c_clean	3	811355	9	7	60.935843192771074	8.39276325092839	1613.0	8	CoCoPyE 0.5.0	2	Pseudomonadota
genome_98	100.0	41.534277	GB_GCA_001791305.1	Patescibacteriota	set_c_clean	14	1515232	9	8	83.30408719145014	20.357983193976082	1613.0	8	CoCoPyE 0.5.0	3	Bacteria
genome_99	64.78746	20.335221	GB_GCA_001791305.1	Patescibacteriota	set_c_clean	4	911303	9	9	61.76728830514955	5.29017014699891	1613.0	8	CoCoPyE 0.5.0	3	Bacteria
genome_100	71.024742	45.040578	GB_GCA_001794215.1	Patescibacteriota	set_c_clean	5	1126819	10	0	62.89907031677819	9.89961605541011	1613.0	8	CoCoPyE 0.5.0	2	Bacteria
genome_101	91.037123	91.037123	GB_GCA_001794215.1	Patescibacteriota	set_c_clean	59	1767666	10	1	63.824151288471334	20.92369624435509	1613.0	8	CoCoPyE 0.5.0	2	Campylobacter
genome_102	66.671851	66.671851	GB_GCA_001794215.1	Patescibacteriota	set_c_clean	32	1294566	10	2	62.3973234585148	12.11448968102867	1613.0	8	CoCoPyE 0.5.0	3	Bacteria
genome_103	51.057167	25.151491	GB_GCA_001794215.1	Patescibacteriota	set_c_clean	3	739871	10	3	66.32359194572872	15.359127491386179	1613.0	8	CoCoPyE 0.5.0	2	Bacteria
genome_104	100.0	11.726437	GB_GCA_001794215.1	Patescibacteriota	set_c_clean	3	1084695	10	4	71.70105667230283	9.4162682644551	1613.0	8	CoCoPyE 0.5.0	3	Bacteria
genome_105	100.0	35.534774	GB_GCA_001794215.1	Patescibacteriota	set_c_clean	2	1315838	10	5	69.22477306153905	12.46892677080595	1613.0	8	CoCoPyE 0.5.0	3	Bacteria
genome_106	100.0	7.939649	GB_GCA_001794215.1	Patescibacteriota	set_c_clean	3	1047931	10	6	66.4030742581275	14.53637069657329	1613.0	8	CoCoPyE 0.5.0	3	Bacteria
genome_107	100.0	35.095159	GB_GCA_001794215.1	Patescibacteriota	set_c_clean	4	1311570	10	7	70.58034310766229	14.485662354429628	1613.0	8	CoCoPyE 0.5.0	3	Bacteria
genome_108	81.014246	25.535485	GB_GCA_001794215.1	Patescibacteriota	set_c_clean	88	1034437	10	8	65.09162940741676	8.23642017038089	1613.0	8	CoCoPyE 0.5.0	2	Bacteria
genome_109	84.148513	31.286225	GB_GCA_001794215.1	Patescibacteriota	set_c_clean	102	1120697	10	9	62.43888673611412	12.59018883649215	1613.0	8	CoCoPyE 0.5.0	2	Bacteria
genome_110	100.0	52.725475	GB_GCA_001819715.1	Patescibacteriota	set_c_clean	2	1339155	11	0	75.8445442797817	19.53102159914826	1613.0	8	CoCoPyE 0.5.0	3	Bacteria
genome_111	94.38471	64.753352	GB_GCA_001819715.1	Patescibacteriota	set_c_clean	4	1395383	11	1	64.6710000815321	16.45106424871215	1613.0	8	CoCoPyE 0.5.0	3	Bacteria
genome_112	100.0	64.743887	GB_GCA_001819715.1	Patescibacteriota	set_c_clean	9	1444537	11	2	71.09654702916411	21.06637657610186	1613.0	8	CoCoPyE 0.5.0	3	Bacteria
genome_113	100.0	31.191052	GB_GCA_001819715.1	Patescibacteriota	set_c_clean	7	1150333	11	3	73.03038130831858	18.21597965997864	1613.0	8	CoCoPyE 0.5.0	3	Pseudomonadota
genome_114	83.415066	83.415066	GB_GCA_001819715.1	Patescibacteriota	set_c_clean	89	1462830	11	4	67.86332657540667	18.21858978486387	1613.0	8	CoCoPyE 0.5.0	3	Pseudomonadota
genome_115	57.567532	40.215981	GB_GCA_001819715.1	Patescibacteriota	set_c_clean	5	857403	11	5	56.31692855271241	10.445726739196221	1613.0	8	CoCoPyE 0.5.0	2	Bacteria
genome_116	66.006035	43.454891	GB_GCA_001819715.1	Patescibacteriota	set_c_clean	13	959795	11	6	65.18553290851857	19.90405984228652	1613.0	8	CoCoPyE 0.5.0	3	Bacteria
genome_117	100.0	63.993577	GB_GCA_001819715.1	Patescibacteriota	set_c_clean	54	1437958	11	7	68.92382592652918	15.256450911608042	1613.0	8	CoCoPyE 0.5.0	3	Bacteria
genome_118	86.587146	32.074796	GB_GCA_001819715.1	Patescibacteriota	set_c_clean	26	1040473	11	8	65.88914668491269	9.75327241487913	1613.0	8	CoCoPyE 0.5.0	3	Bacteria
genome_119	68.737783	16.703085	GB_GCA_001819715.1	Patescibacteriota	set_c_clean	15	749178	11	9	65.21360709288105	14.48578672109152	1613.0	8	CoCoPyE 0.5.0	2	Bacteria
genome_120	89.071804	13.444446	GB_GCA_001822065.1	Patescibacteriota	set_c_clean	4	857001	12	0	72.47938316484631	19.22073820639125	1613.0	8	CoCoPyE 0.5.0	3	Bacteria
genome_121	100.0	41.840577	GB_GCA_001822065.1	Patescibacteriota	set_c_clean	11	1185739	12	1	80.98239965134584	11.40387142011074	1613.0	8	CoCoPyE 0.5.0	3	Bacteria
genome_122	70.74905	29.879445	GB_GCA_001822065.1	Patescibacteriota	set_c_clean	17	841220	12	2	68.78025317062844	18.90750419715614	1613.0	8	CoCoPyE 0.5.0	3	Bacteria
genome_123	92.198128	83.548254	GB_GCA_001822065.1	Patescibacteriota	set_c_clean	10	1469180	12	3	74.60653402576173	20.4569247967888	1613.0	8	CoCoPyE 0.5.0	3	Bacteria
genome_124	84.690765	66.731063	GB_GCA_001822065.1	Patescibacteriota	set_c_clean	35	1265835	12	4	65.9316850806953	13.25564484581995	1613.0	8	CoCoPyE 0.5.0	3	Bacteria
genome_125	69.257482	9.478854	GB_GCA_001822065.1	Patescibacteriota	set_c_clean	13	658209	12	5	60.98511039430797	4.49827764077088	1613.0	8	CoCoPyE 0.5.0	2	Bacteria
genome_126	100.0	13.120749	GB_GCA_001822065.1	Patescibacteriota	set_c_clean	5	945651	12	6	70.95917426801041	24.22767679380753	1613.0	8	CoCoPyE 0.5.0	3	Bacteria
genome_127	100.0	26.754079	GB_GCA_001822065.1	Patescibacteriota	set_c_clean	3	1059621	12	7	75.6049771542949	15.845101048609761	1613.0	8	CoCoPyE 0.5.0	3	Bacteria
genome_128	85.906843	57.197542	GB_GCA_001822065.1	Patescibacteriota	set_c_clean	125	1196304	12	8	73.8236477731456	17.26215415411872	1613.0	8	CoCoPyE 0.5.0	3	Bacteria
genome_129	100.0	18.526471	GB_GCA_001822065.1	Patescibacteriota	set_c_clean	4	990841	12	9	77.62396004745447	8.184658222424721	1613.0	8	CoCoPyE 0.5.0	3	Bacteria
genome_130	54.743755	8.47078	GB_GCA_002396685.1	Patescibacteriota	set_c_clean	5	525498	13	0	61.35958998846797	1.09750601951082	1613.0	8	CoCoPyE 0.5.0	2	Bacteria
genome_131	78.671419	70.450732	GB_GCA_002396685.1	Patescibacteriota	set_c_clean	16	1239642	13	1	69.54637119272502	19.13033850916439	1613.0	8	CoCoPyE 0.5.0	3	Bacteria
genome_132	100.0	78.93739	GB_GCA_002396685.1	Patescibacteriota	set_c_clean	13	1487494	13	2	77.14678304812512	24.13625714951776	1613.0	8	CoCoPyE 0.5.0	2	Bacteria
genome_133	100.0	84.990611	GB_GCA_002396685.1	Patescibacteriota	set_c_clean	45	1537814	13	3	64.46757108930565	18.50587850940579	1613.0	8	CoCoPyE 0.5.0	3	Pseudomonadota
genome_134	67.713069	67.713069	GB_GCA_002396685.1	Patescibacteriota	set_c_clean	38	1125788	13	4	63.19619341619396	17.33340020684241	1613.0	8	CoCoPyE 0.5.0	2	Bacteria
genome_135	69.277258	65.730976	GB_GCA_002396685.1	Patescibacteriota	set_c_clean	6	1122314	13	5	62.65157209988149	14.816315014568529	1613.0	8	CoCoPyE 0.5.0	2	Pseudomonadota
genome_136	61.464369	61.464369	GB_GCA_002396685.1	Patescibacteriota	set_c_clean	4	1021898	13	6	60.48929497136225	14.367330311732099	1613.0	8	CoCoPyE 0.5.0	2	Bacteria
genome_137	51.964229	37.495925	GB_GCA_002396685.1	Patescibacteriota	set_c_clean	22	743676	13	7	62.96112324102864	6.66604914600955	1613.0	8	CoCoPyE 0.5.0	3	Bacteria
genome_138	80.834555	20.720011	GB_GCA_002396685.1	Patescibacteriota	set_c_clean	57	844216	13	8	64.4139417482163	9.23666939682998	1613.0	8	CoCoPyE 0.5.0	2	Bacteria
genome_139	81.161756	48.756335	GB_GCA_002396685.1	Patescibacteriota	set_c_clean	24	1080000	13	9	64.69171031634487	19.80251525847311	1613.0	8	CoCoPyE 0.5.0	3	Bacteria
genome_140	74.919644	74.919644	GB_GCA_002404315.1	Patescibacteriota	set_c_clean	92	1088052	14	0	64.4836396789791	21.67226442041993	1613.0	8	CoCoPyE 0.5.0	3	Bacteria
genome_141	86.350954	78.182487	GB_GCA_002404315.1	Patescibacteriota	set_c_clean	60	1194753	14	1	73.92336704054044	22.56917766056004	1613.0	8	CoCoPyE 0.5.0	3	Bacteria
genome_142	70.32897	30.441399	GB_GCA_002404315.1	Patescibacteriota	set_c_clean	25	731740	14	2	62.446573692838356	10.991272395547199	1613.0	8	CoCoPyE 0.5.0	2	Bacteria
genome_143	84.26804	74.139498	GB_GCA_002404315.1	Patescibacteriota	set_c_clean	13	1150270	14	3	74.39388179879829	18.082765164252	1613.0	8	CoCoPyE 0.5.0	3	Bacteria
genome_144	100.0	90.393392	GB_GCA_002404315.1	Patescibacteriota	set_c_clean	12	1382534	14	4	71.58315948095219	22.16774732407494	1613.0	8	CoCoPyE 0.5.0	3	Pseudomonadota
genome_145	100.0	61.63127	GB_GCA_002404315.1	Patescibacteriota	set_c_clean	10	1173679	14	5	85.76347145518571	15.64357431203426	1613.0	8	CoCoPyE 0.5.0	3	Bacteria
genome_146	52.661861	52.661724	GB_GCA_002404315.1	Patescibacteriota	set_c_clean	84	764803	14	6	60.5614803355051	11.750556185614599	1613.0	8	CoCoPyE 0.5.0	2	Bacteria
genome_147	69.521419	3.880211	GB_GCA_002404315.1	Patescibacteriota	set_c_clean	2	533003	14	7	63.25091211842183	9.460822904738981	1613.0	8	CoCoPyE 0.5.0	3	Bacteria
genome_148	71.675669	71.675531	GB_GCA_002404315.1	Patescibacteriota	set_c_clean	45	1040939	14	8	75.23184547397942	20.49642977490653	1613.0	8	CoCoPyE 0.5.0	3	Bacteria
genome_149	100.0	20.517637	GB_GCA_002404315.1	Patescibacteriota	set_c_clean	8	875134	14	9	84.05829500410566	21.00700003509212	1613.0	8	CoCoPyE 0.5.0	3	Bacteria
genome_150	68.389793	32.352935	GB_GCA_002434045.1	Patescibacteriota	set_c_clean	37	905254	15	0	66.43636679693496	6.22328961477905	1613.0	8	CoCoPyE 0.5.0	3	Bacteria
genome_151	77.2885	77.2885	GB_GCA_002434045.1	Patescibacteriota	set_c_clean	7	1388998	15	1	57.63086685915503	8.0473982612404	1613.0	8	CoCoPyE 0.5.0	2	Staphylococcus
genome_152	76.378731	64.821941	GB_GCA_002434045.1	Patescibacteriota	set_c_clean	5	1268801	15	2	63.870871574045786	18.27827352750383	1613.0	8	CoCoPyE 0.5.0	2	Bacilli
genome_153	100.0	29.210643	GB_GCA_002434045.1	Patescibacteriota	set_c_clean	4	1161061	15	3	82.44474867107638	12.86837498158534	1613.0	8	CoCoPyE 0.5.0	3	Bacteria
genome_154	81.287031	76.536313	GB_GCA_002434045.1	Patescibacteriota	set_c_clean	142	1418169	15	4	64.43319967714108	15.43835463264253	1613.0	8	CoCoPyE 0.5.0	3	Bacteria
genome_155	89.448352	7.317323	GB_GCA_002434045.1	Patescibacteriota	set_c_clean	2	869517	15	5	69.98127816752215	9.2974279311454	1613.0	8	CoCoPyE 0.5.0	3	Bacteria
genome_156	75.368359	32.250996	GB_GCA_002434045.1	Patescibacteriota	set_c_clean	54	967046	15	6	64.66883280804349	16.15875619879525	1613.0	8	CoCoPyE 0.5.0	3	Bacteria
genome_157	56.782034	27.070266	GB_GCA_002434045.1	Patescibacteriota	set_c_clean	3	753480	15	7	58.70362896471807	15.41059469904428	1613.0	8	CoCoPyE 0.5.0	2	Bacteria
genome_158	75.956287	75.956175	GB_GCA_002434045.1	Patescibacteriota	set_c_clean	60	1365055	15	8	63.70609300980152	18.92095881679452	1613.0	8	CoCoPyE 0.5.0	3	Bacteria
genome_159	88.086537	17.477687	GB_GCA_002434045.1	Patescibacteriota	set_c_clean	68	948579	15	9	73.41229315913935	20.213386916617377	1613.0	8	CoCoPyE 0.5.0	3	Bacteria
genome_160	100.0	27.447557	GB_GCA_002787695.1	Patescibacteriota	set_c_clean	3	859997	16	0	75.08229236063887	15.38913857940472	1613.0	8	CoCoPyE 0.5.0	3	Bacteria
genome_161	100.0	10.494157	GB_GCA_002787695.1	Patescibacteriota	set_c_clean	4	745598	16	1	76.42629573677118	4.53242868581331	1613.0	8	CoCoPyE 0.5.0	3	Bacteria
genome_162	100.0	85.643279	GB_GCA_002787695.1	Patescibacteriota	set_c_clean	11	1252693	16	2	73.5418281708034	14.02756062416371	1613.0	8	CoCoPyE 0.5.0	3	Bacteria
genome_163	100.0	29.571938	GB_GCA_002787695.1	Patescibacteriota	set_c_clean	3	874332	16	3	76.48582975458037	11.23258208581946	1613.0	8	CoCoPyE 0.5.0	3	Bacteria
genome_164	100.0	36.937247	GB_GCA_002787695.1	Patescibacteriota	set_c_clean	10	924032	16	4	76.28111949974073	12.86871813477867	1613.0	8	CoCoPyE 0.5.0	3	Bacteria
genome_165	100.0	3.819291	GB_GCA_002787695.1	Patescibacteriota	set_c_clean	6	700557	16	5	75.02033159374733	7.88028442315721	1613.0	8	CoCoPyE 0.5.0	3	Bacteria
genome_166	100.0	18.576287	GB_GCA_002787695.1	Patescibacteriota	set_c_clean	3	800135	16	6	70.00636371855762	10.71383506271073	1613.0	8	CoCoPyE 0.5.0	3	Bacteria
genome_167	100.0	57.645769	GB_GCA_002787695.1	Patescibacteriota	set_c_clean	6	1063770	16	7	72.88193562517176	12.80511151976741	1613.0	8	CoCoPyE 0.5.0	3	Bacteria
genome_168	52.608164	34.022985	GB_GCA_002787695.1	Patescibacteriota	set_c_clean	40	584574	16	8	63.30840991600175	11.58506927190756	1613.0	8	CoCoPyE 0.5.0	2	Bacteria
genome_169	97.888216	9.540669	GB_GCA_002787695.1	Patescibacteriota	set_c_clean	2	724914	16	9	70.85652567628148	7.249120926821489	1613.0	8	CoCoPyE 0.5.0	3	Bacteria
genome_170	78.329365	78.329365	GB_GCA_003484955.1	Patescibacteriota	set_c_clean	27	1175788	17	0	61.85446073793188	13.395510838505059	1613.0	8	CoCoPyE 0.5.0	2	Streptococcus
genome_171	79.123592	12.677655	GB_GCA_003484955.1	Patescibacteriota	set_c_clean	40	689006	17	1	73.68447886787062	16.82894245254726	1613.0	8	CoCoPyE 0.5.0	3	Bacteria
genome_172	100.0	82.23668	GB_GCA_003484955.1	Patescibacteriota	set_c_clean	4	1367761	17	2	77.70498794576031	21.79965694978247	1613.0	8	CoCoPyE 0.5.0	3	Bacteria
genome_173	90.509779	9.541517	GB_GCA_003484955.1	Patescibacteriota	set_c_clean	55	750926	17	3	74.55363474445822	9.81214296525026	1613.0	8	CoCoPyE 0.5.0	3	Bacteria
genome_174	57.107873	57.107873	GB_GCA_003484955.1	Patescibacteriota	set_c_clean	8	857236	17	4	58.98886294683562	14.844583137163339	1613.0	8	CoCoPyE 0.5.0	2	Pseudomonadota
genome_175	88.155211	49.248342	GB_GCA_003484955.1	Patescibacteriota	set_c_clean	42	1031270	17	5	66.03180795139147	9.614333709376629	1613.0	8	CoCoPyE 0.5.0	3	Bacteria
genome_176	100.0	4.206299	GB_GCA_003484955.1	Patescibacteriota	set_c_clean	4	782111	17	6	81.16012758045255	8.83980556301054	1613.0	8	CoCoPyE 0.5.0	3	Bacteria
genome_177	76.461779	60.242678	GB_GCA_003484955.1	Patescibacteriota	set_c_clean	40	1026023	17	7	66.2040972614859	12.729365625876621	1613.0	8	CoCoPyE 0.5.0	3	Bacteria
genome_178	72.990549	72.990549	GB_GCA_003484955.1	Patescibacteriota	set_c_clean	28	1095648	17	8	60.71411515344054	14.340541025284159	1613.0	8	CoCoPyE 0.5.0	2	Streptococcus
genome_179	100.0	58.587472	GB_GCA_003484955.1	Patescibacteriota	set_c_clean	67	1190264	17	9	75.56886575705731	24.537263185751122	1613.0	8	CoCoPyE 0.5.0	3	Bacteria
genome_180	100.0	29.297015	GB_GCA_003487225.1	Patescibacteriota	set_c_clean	11	752753	18	0	71.49670941751953	20.0536043841135	1613.0	8	CoCoPyE 0.5.0	3	Bacteria
genome_181	100.0	40.783663	GB_GCA_003487225.1	Patescibacteriota	set_c_clean	10	819627	18	1	72.85491752318777	12.73338871167368	1613.0	8	CoCoPyE 0.5.0	3	Bacteria
genome_182	58.005046	13.755155	GB_GCA_003487225.1	Patescibacteriota	set_c_clean	10	417780	18	2	62.087680295564994	5.175954308505229	1613.0	8	CoCoPyE 0.5.0	2	Bacteria
genome_183	90.89866	83.618378	GB_GCA_003487225.1	Patescibacteriota	set_c_clean	6	1016019	18	3	67.11348232972483	16.15687104312514	1613.0	8	CoCoPyE 0.5.0	3	Bacteria
genome_184	100.0	72.733082	GB_GCA_003487225.1	Patescibacteriota	set_c_clean	7	1005633	18	4	80.6195210350487	14.58626836565676	1613.0	8	CoCoPyE 0.5.0	3	Bacteria
genome_185	76.435144	39.10809	GB_GCA_003487225.1	Patescibacteriota	set_c_clean	27	672680	18	5	63.9390296352636	12.709959323075559	1613.0	8	CoCoPyE 0.5.0	2	Bacteria
genome_186	100.0	22.381392	GB_GCA_003487225.1	Patescibacteriota	set_c_clean	2	712491	18	6	80.58227136117473	14.461798875910251	1613.0	8	CoCoPyE 0.5.0	3	Bacteria
genome_187	100.0	48.798242	GB_GCA_003487225.1	Patescibacteriota	set_c_clean	24	866287	18	7	75.11303397911504	11.05186706663115	1613.0	8	CoCoPyE 0.5.0	3	Bacteria
genome_188	100.0	35.24474	GB_GCA_003487225.1	Patescibacteriota	set_c_clean	6	787380	18	8	75.05763261372137	12.30934289582918	1613.0	8	CoCoPyE 0.5.0	3	Bacteria
genome_189	100.0	15.717061	GB_GCA_003487225.1	Patescibacteriota	set_c_clean	2	673692	18	9	79.52027044056643	8.51003092485921	1613.0	8	CoCoPyE 0.5.0	3	Bacteria
genome_190	100.0	34.909154	GB_GCA_003504275.1	Patescibacteriota	set_c_clean	2	1196485	19	0	73.16418136609741	16.52495485262964	1613.0	8	CoCoPyE 0.5.0	3	Bacteria
genome_191	70.051371	47.245519	GB_GCA_003504275.1	Patescibacteriota	set_c_clean	16	1040285	19	1	63.66210436116069	13.78342759625667	1613.0	8	CoCoPyE 0.5.0	2	Bacteria
genome_192	62.783099	24.012552	GB_GCA_003504275.1	Patescibacteriota	set_c_clean	3	769775	19	2	61.82685971610232	7.88534110386012	1613.0	8	CoCoPyE 0.5.0	2	Bacteria
genome_193	85.669458	18.510693	GB_GCA_003504275.1	Patescibacteriota	set_c_clean	40	923955	19	3	71.42241244983703	15.37135444358593	1613.0	8	CoCoPyE 0.5.0	3	Bacteria
genome_194	100.0	33.313	GB_GCA_003504275.1	Patescibacteriota	set_c_clean	69	1182329	19	4	70.88524029062798	23.17002949228809	1613.0	8	CoCoPyE 0.5.0	3	Bacteria
genome_195	65.008761	37.046304	GB_GCA_003504275.1	Patescibacteriota	set_c_clean	5	905108	19	5	63.66849105378234	9.528041666824121	1613.0	8	CoCoPyE 0.5.0	2	Bacteria
genome_196	100.0	52.585011	GB_GCA_003504275.1	Patescibacteriota	set_c_clean	14	1353249	19	6	81.62843924880559	16.17677289641386	1613.0	8	CoCoPyE 0.5.0	3	Bacteria
genome_197	100.0	7.494909	GB_GCA_003504275.1	Patescibacteriota	set_c_clean	3	953353	19	7	73.28971588007747	14.44060615812137	1613.0	8	CoCoPyE 0.5.0	3	Bacteria
genome_198	100.0	14.43236	GB_GCA_003504275.1	Patescibacteriota	set_c_clean	3	1014880	19	8	72.29586291315884	9.68403795804279	1613.0	8	CoCoPyE 0.5.0	3	Bacteria
genome_199	100.0	22.140939	GB_GCA_003504275.1	Patescibacteriota	set_c_clean	3	1083246	19	9	78.52095710940581	20.3568422193469	1613.0	8	CoCoPyE 0.5.0	3	Bacteria
genome_200	66.011094	52.098621	GB_GCA_003551845.1	Patescibacteriota	set_c_clean	27	1020801	20	0	67.68599082859339	17.433746509859578	1613.0	8	CoCoPyE 0.5.0	3	Bacteria
genome_201	100.0	27.328696	GB_GCA_003551845.1	Patescibacteriota	set_c_clean	19	1100479	20	1	81.08914077655601	18.27828559284714	1613.0	8	CoCoPyE 0.5.0	3	Bacteria
genome_202	71.674407	45.874842	GB_GCA_003551845.1	Patescibacteriota	set_c_clean	6	1015957	20	2	65.84387353110696	20.69896943385711	1613.0	8	CoCoPyE 0.5.0	3	Pseudomonadota
genome_203	68.243583	1.205509	GB_GCA_003551845.1	Patescibacteriota	set_c_clean	65	600236	20	3	63.80693644913485	6.42678132906984	1613.0	8	CoCoPyE 0.5.0	2	Bacteria
genome_204	62.642054	11.913357	GB_GCA_003551845.1	Patescibacteriota	set_c_clean	7	644369	20	4	66.36243242450617	15.440071664598529	1613.0	8	CoCoPyE 0.5.0	3	Bacteria
genome_205	69.0019	69.0019	GB_GCA_003551845.1	Patescibacteriota	set_c_clean	20	1192742	20	5	60.400557266512024	9.59308567337345	1613.0	8	CoCoPyE 0.5.0	2	Pseudomonadota
genome_206	100.0	2.947418	GB_GCA_003551845.1	Patescibacteriota	set_c_clean	2	889756	20	6	71.68175481542801	15.277057591594831	1613.0	8	CoCoPyE 0.5.0	3	Bacteria
genome_207	85.223341	25.724358	GB_GCA_003551845.1	Patescibacteriota	set_c_clean	34	958901	20	7	78.03976065345549	14.963307482389048	1613.0	8	CoCoPyE 0.5.0	3	Bacteria
genome_208	66.430054	66.430054	GB_GCA_003551845.1	Patescibacteriota	set_c_clean	55	1148286	20	8	66.80824847393228	18.35283012070522	1613.0	8	CoCoPyE 0.5.0	3	Bacteria
genome_209	100.0	2.597995	GB_GCA_003551845.1	Patescibacteriota	set_c_clean	3	886736	20	9	75.30912842089387	7.404294304523621	1613.0	8	CoCoPyE 0.5.0	3	Bacteria
genome_210	65.251026	3.040686	GB_GCA_005239865.1	Patescibacteriota	set_c_clean	50	684425	21	0	64.20332494984275	3.8415293442242695	1613.0	8	CoCoPyE 0.5.0	2	Bacteria
genome_211	100.0	95.010916	GB_GCA_005239865.1	Patescibacteriota	set_c_clean	8	1954415	21	1	67.828510414088	17.85775333854395	1613.0	8	CoCoPyE 0.5.0	3	Pseudomonadota
genome_212	100.0	33.514101	GB_GCA_005239865.1	Patescibacteriota	set_c_clean	82	1338089	21	2	83.94409467894151	17.56916752680287	1613.0	8	CoCoPyE 0.5.0	3	Bacteria
genome_213	75.542203	75.542203	GB_GCA_005239865.1	Patescibacteriota	set_c_clean	45	1514180	21	3	66.70574783754246	18.51399870173918	1613.0	8	CoCoPyE 0.5.0	3	Bacteria
genome_214	80.28553	39.501581	GB_GCA_005239865.1	Patescibacteriota	set_c_clean	46	1200516	21	4	62.784866780285085	10.88113599386398	1613.0	8	CoCoPyE 0.5.0	2	Campylobacterales
genome_215	100.0	53.869556	GB_GCA_005239865.1	Patescibacteriota	set_c_clean	3	1542093	21	5	81.58272576915259	19.42021247014864	1613.0	8	CoCoPyE 0.5.0	3	Bacteria
genome_216	68.435395	68.435395	GB_GCA_005239865.1	Patescibacteriota	set_c_clean	15	1371730	21	6	60.919374798801364	13.876027506602709	1613.0	8	CoCoPyE 0.5.0	2	Bacteria
genome_217	100.0	77.004574	GB_GCA_005239865.1	Patescibacteriota	set_c_clean	39	1773954	21	7	74.92712711856146	14.83396917284647	1613.0	8	CoCoPyE 0.5.0	3	Bacteria
genome_218	78.969735	34.081548	GB_GCA_005239865.1	Patescibacteriota	set_c_clean	94	1133009	21	8	76.88379489112289	22.84851655424938	1613.0	8	CoCoPyE 0.5.0	3	Bacteria
genome_219	75.835356	58.201691	GB_GCA_005239865.1	Patescibacteriota	set_c_clean	92	1343330	21	9	68.50834836099902	15.83231124362339	1613.0	8	CoCoPyE 0.5.0	3	Bacteria
genome_220	100.0	69.45141	GB_GCA_009994005.1	Patescibacteriota	set_c_clean	57	2410570	22	0	72.44332286584427	20.18088877430566	1613.0	8	CoCoPyE 0.5.0	3	Bacteria
genome_221	100.0	53.545864	GB_GCA_009994005.1	Patescibacteriota	set_c_clean	13	2184302	22	1	61.29241603840778	21.969706538443372	1613.0	8	CoCoPyE 0.5.0	3	Streptococcus
genome_222	78.733253	41.314295	GB_GCA_009994005.1	Patescibacteriota	set_c_clean	82	1707764	22	2	69.69646241145753	22.459624061250192	1613.0	8	CoCoPyE 0.5.0	3	Bacteria
genome_223	100.0	93.874269	GB_GCA_009994005.1	Patescibacteriota	set_c_clean	35	2758003	22	3	66.05040195635753	25.32999345732936	1613.0	8	CoCoPyE 0.5.0	3	Pseudomonadota
genome_224	86.214978	12.46516	GB_GCA_009994005.1	Patescibacteriota	set_c_clean	5	1403797	22	4	73.73083886809155	11.06264246262227	1613.0	8	CoCoPyE 0.5.0	3	Bacteria
genome_225	86.760117	76.708752	GB_GCA_009994005.1	Patescibacteriota	set_c_clean	71	2325464	22	5	67.28055709851965	23.8759122967377	1613.0	8	CoCoPyE 0.5.0	3	Actinomycetes
genome_226	52.329687	52.329617	GB_GCA_009994005.1	Patescibacteriota	set_c_clean	57	1488855	22	6	61.025040472753034	17.84568015220917	1613.0	8	CoCoPyE 0.5.0	2	Streptococcus
genome_227	73.011438	16.834004	GB_GCA_009994005.1	Patescibacteriota	set_c_clean	13	1278117	22	7	66.72007059130524	15.35806253301478	1613.0	8	CoCoPyE 0.5.0	3	Bacteria
genome_228	100.0	45.19044	GB_GCA_009994005.1	Patescibacteriota	set_c_clean	3	2065440	22	8	83.11675347572213	19.37482018858486	1613.0	8	CoCoPyE 0.5.0	3	Bacteria
genome_229	100.0	68.616936	GB_GCA_009994005.1	Patescibacteriota	set_c_clean	134	2398699	22	9	60.30902883178189	23.38006238969659	1613.0	8	CoCoPyE 0.5.0	2	Staphylococcus
genome_230	100.0	41.873634	GB_GCA_013100845.1	Patescibacteriota	set_c_clean	13	1203087	23	0	89.37425634389108	17.103168888726668	1613.0	8	CoCoPyE 0.5.0	3	Bacteria
genome_231	85.086185	45.096987	GB_GCA_013100845.1	Patescibacteriota	set_c_clean	77	1103952	23	1	80.66373330748344	16.24783442887304	1613.0	8	CoCoPyE 0.5.0	3	Bacteria
genome_232	85.087364	42.569272	GB_GCA_013100845.1	Patescibacteriota	set_c_clean	11	1082527	23	2	81.58225461560586	22.23320542647744	1613.0	8	CoCoPyE 0.5.0	3	Bacteria
genome_233	79.8975	79.8975	GB_GCA_013100845.1	Patescibacteriota	set_c_clean	41	1355060	23	3	65.97868196237384	22.93736184351605	1613.0	8	CoCoPyE 0.5.0	3	Bacteria
genome_234	74.801032	21.177855	GB_GCA_013100845.1	Patescibacteriota	set_c_clean	6	813900	23	4	68.92259754562399	3.76357916225755	1613.0	8	CoCoPyE 0.5.0	3	Bacteria
genome_235	100.0	77.425563	GB_GCA_013100845.1	Patescibacteriota	set_c_clean	20	1504567	23	5	84.05684420703317	12.813932307680581	1613.0	8	CoCoPyE 0.5.0	3	Bacteria
genome_236	83.935476	83.935476	GB_GCA_013100845.1	Patescibacteriota	set_c_clean	101	1423544	23	6	66.08621043588349	21.63947724781517	1613.0	8	CoCoPyE 0.5.0	3	Lactobacillaceae
genome_237	53.20985	53.20985	GB_GCA_013100845.1	Patescibacteriota	set_c_clean	12	902438	23	7	70.8131109958587	9.818108443038021	1613.0	8	CoCoPyE 0.5.0	3	Bacteria
genome_238	100.0	92.107184	GB_GCA_013100845.1	Patescibacteriota	set_c_clean	4	1629067	23	8	86.62042049381809	20.4233695941059	1613.0	8	CoCoPyE 0.5.0	3	Bacteria
genome_239	100.0	26.704395	GB_GCA_013100845.1	Patescibacteriota	set_c_clean	6	1074452	23	9	81.1557555334799	17.969945290879412	1613.0	8	CoCoPyE 0.5.0	3	Bacteria
genome_240	100.0	75.361134	GB_GCA_015663315.1	Patescibacteriota	set_c_clean	2	1593810	24	0	79.0410367371683	18.08870561143405	1613.0	8	CoCoPyE 0.5.0	3	Bacteria
genome_241	100.0	13.545237	GB_GCA_015663315.1	Patescibacteriota	set_c_clean	4	1031982	24	1	81.62865726949116	8.16912223978227	1613.0	8	CoCoPyE 0.5.0	3	Bacteria
genome_242	100.0	26.687117	GB_GCA_015663315.1	Patescibacteriota	set_c_clean	3	1151425	24	2	82.106014806356	14.002328633344211	1613.0	8	CoCoPyE 0.5.0	3	Bacteria
genome_243	75.985644	43.397152	GB_GCA_015663315.1	Patescibacteriota	set_c_clean	71	1085038	24	3	65.6205044142184	11.75342595251079	1613.0	8	CoCoPyE 0.5.0	3	Bacteria
genome_244	94.303385	40.097131	GB_GCA_015663315.1	Patescibacteriota	set_c_clean	18	1221530	24	4	92.05507411191668	20.85328421752293	1613.0	8	CoCoPyE 0.5.0	3	Bacteria
genome_245	55.965575	55.965575	GB_GCA_015663315.1	Patescibacteriota	set_c_clean	4	1017312	24	5	62.22357629330919	12.25332306156863	1613.0	8	CoCoPyE 0.5.0	2	Pseudomonadota
genome_246	82.719368	61.528068	GB_GCA_015663315.1	Patescibacteriota	set_c_clean	88	1311026	24	6	66.09793665494352	19.56374576259846	1613.0	8	CoCoPyE 0.5.0	3	Bacteria
genome_247	57.537852	57.537852	GB_GCA_015663315.1	Patescibacteriota	set_c_clean	11	1045892	24	7	64.10253006917917	13.30534556537816	1613.0	8	CoCoPyE 0.5.0	3	Bacteria
genome_248	100.0	68.559524	GB_GCA_015663315.1	Patescibacteriota	set_c_clean	12	1531992	24	8	67.48018632691956	23.949081777803098	1613.0	8	CoCoPyE 0.5.0	3	Actinomycetes
genome_249	100.0	6.833738	GB_GCA_015663315.1	Patescibacteriota	set_c_clean	3	970983	24	9	80.71571144938163	7.74436809656798	1613.0	8	CoCoPyE 0.5.0	3	Bacteria
genome_250	71.564233	65.598581	GB_GCA_016181845.1	Patescibacteriota	set_c_clean	10	1017423	25	0	65.22369048136049	13.48716184285742	1613.0	8	CoCoPyE 0.5.0	3	Bacteria
genome_251	72.871793	29.473295	GB_GCA_016181845.1	Patescibacteriota	set_c_clean	100	759158	25	1	64.2897003505678	17.32948636370952	1613.0	8	CoCoPyE 0.5.0	2	Bacteria
genome_252	50.874336	37.345891	GB_GCA_016181845.1	Patescibacteriota	set_c_clean	5	654385	25	2	62.20824304176501	6.43324730546035	1613.0	8	CoCoPyE 0.5.0	2	Bacteria
genome_253	88.527333	32.421811	GB_GCA_016181845.1	Patescibacteriota	set_c_clean	8	897156	25	3	85.0165726310629	23.09262036621076	1613.0	8	CoCoPyE 0.5.0	2	Bacteria
genome_254	79.144012	7.7061	GB_GCA_016181845.1	Patescibacteriota	set_c_clean	10	644222	25	4	72.18257210825354	4.6855534588005	1613.0	8	CoCoPyE 0.5.0	3	Bacteria
genome_255	100.0	37.314344	GB_GCA_016181845.1	Patescibacteriota	set_c_clean	6	1018547	25	5	75.96757647575039	12.615272320723388	1613.0	8	CoCoPyE 0.5.0	3	Bacteria
genome_256	53.830941	53.830941	GB_GCA_016181845.1	Patescibacteriota	set_c_clean	17	798596	25	6	63.661546067757726	19.34437517292662	1613.0	8	CoCoPyE 0.5.0	2	Bacteria
genome_257	80.306783	37.086778	GB_GCA_016181845.1	Patescibacteriota	set_c_clean	34	870782	25	7	64.58496220982269	7.390229421417691	1613.0	8	CoCoPyE 0.5.0	3	Bacteria
genome_258	61.534479	17.756211	GB_GCA_016181845.1	Patescibacteriota	set_c_clean	4	588149	25	8	60.02868721295118	3.31710273965281	1613.0	8	CoCoPyE 0.5.0	2	Bacteria
genome_259	68.992387	65.413077	GB_GCA_016181845.1	Patescibacteriota	set_c_clean	10	996970	25	9	66.18756709125755	16.1487809194291	1613.0	8	CoCoPyE 0.5.0	3	Bacteria
genome_260	100.0	34.668729	GB_GCA_016181965.1	Patescibacteriota	set_c_clean	3	812513	26	0	82.85613772776539	14.207418702012358	1613.0	8	CoCoPyE 0.5.0	3	Bacteria
genome_261	76.624535	74.963288	GB_GCA_016181965.1	Patescibacteriota	set_c_clean	7	914593	26	1	63.18434725803992	6.197180434487111	1613.0	8	CoCoPyE 0.5.0	3	Bacteria
genome_262	100.0	5.783619	GB_GCA_016181965.1	Patescibacteriota	set_c_clean	5	638237	26	2	77.963315811457	7.39989681116075	1613.0	8	CoCoPyE 0.5.0	3	Bacteria
genome_263	100.0	23.898552	GB_GCA_016181965.1	Patescibacteriota	set_c_clean	16	747532	26	3	76.12064962365119	12.435952100683089	1613.0	8	CoCoPyE 0.5.0	3	Bacteria
genome_264	51.795831	51.795831	GB_GCA_016181965.1	Patescibacteriota	set_c_clean	17	625012	26	4	57.36465251175636	10.708206437814551	1613.0	8	CoCoPyE 0.5.0	2	Pseudomonadota
genome_265	100.0	20.113634	GB_GCA_016181965.1	Patescibacteriota	set_c_clean	3	724696	26	5	78.5397821605366	8.69961308941782	1613.0	8	CoCoPyE 0.5.0	3	Bacteria
genome_266	55.674891	36.389809	GB_GCA_016181965.1	Patescibacteriota	set_c_clean	24	555465	26	6	61.37094041142256	1.8014558629995798	1613.0	8	CoCoPyE 0.5.0	2	Bacteria
genome_267	83.591893	56.511232	GB_GCA_016181965.1	Patescibacteriota	set_c_clean	25	845301	26	7	71.67031338470024	19.1394284767406	1613.0	8	CoCoPyE 0.5.0	3	Bacteria
genome_268	64.747357	57.459119	GB_GCA_016181965.1	Patescibacteriota	set_c_clean	87	737323	26	8	61.81384407559358	9.08392799438959	1613.0	8	CoCoPyE 0.5.0	2	Bacteria
genome_269	100.0	3.152607	GB_GCA_016181965.1	Patescibacteriota	set_c_clean	3	622363	26	9	81.0694084962989	5.65828243422294	1613.0	8	CoCoPyE 0.5.0	3	Bacteria
genome_270	100.0	40.216752	GB_GCA_016186485.1	Patescibacteriota	set_c_clean	3	963233	27	0	84.92404490272128	15.999361381288809	1613.0	8	CoCoPyE 0.5.0	3	Bacteria
genome_271	68.300774	38.847531	GB_GCA_016186485.1	Patescibacteriota	set_c_clean	10	736066	27	1	64.73752548197501	7.52540098680589	1613.0	8	CoCoPyE 0.5.0	3	Bacteria
genome_272	100.0	3.122744	GB_GCA_016186485.1	Patescibacteriota	set_c_clean	2	708412	27	2	74.72404054539085	13.3898938818478	1613.0	8	CoCoPyE 0.5.0	3	Bacteria
genome_273	70.004513	56.709852	GB_GCA_016186485.1	Patescibacteriota	set_c_clean	35	870477	27	3	62.74147487878384	10.61947800597307	1613.0	8	CoCoPyE 0.5.0	3	Bacteria
genome_274	100.0	20.934407	GB_GCA_016186485.1	Patescibacteriota	set_c_clean	7	830771	27	4	80.15489445602508	15.492221335784052	1613.0	8	CoCoPyE 0.5.0	3	Bacteria
genome_275	100.0	2.360691	GB_GCA_016186485.1	Patescibacteriota	set_c_clean	2	703177	27	5	79.6884219383297	7.86627312596123	1613.0	8	CoCoPyE 0.5.0	3	Bacteria
genome_276	100.0	30.230144	GB_GCA_016186485.1	Patescibacteriota	set_c_clean	5	894629	27	6	82.7025919717413	15.557443533928058	1613.0	8	CoCoPyE 0.5.0	3	Bacteria
genome_277	100.0	41.675207	GB_GCA_016186485.1	Patescibacteriota	set_c_clean	7	973252	27	7	81.3960939492792	16.58405973907744	1613.0	8	CoCoPyE 0.5.0	3	Bacteria
genome_278	100.0	55.624199	GB_GCA_016186485.1	Patescibacteriota	set_c_clean	29	1069076	27	8	81.71868715138308	15.88759466565803	1613.0	8	CoCoPyE 0.5.0	3	Bacteria
genome_279	100.0	77.110021	GB_GCA_016186485.1	Patescibacteriota	set_c_clean	138	1216675	27	9	61.26341559480948	20.86118802610693	1613.0	8	CoCoPyE 0.5.0	2	Campylobacter
genome_280	93.884707	3.750866	GB_GCA_016186495.1	Patescibacteriota	set_c_clean	4	638233	28	0	70.74553726338704	4.75247283877359	1613.0	8	CoCoPyE 0.5.0	3	Bacteria
genome_281	54.87273	54.87273	GB_GCA_016186495.1	Patescibacteriota	set_c_clean	14	717394	28	1	60.10178032514494	8.10436667738404	1613.0	8	CoCoPyE 0.5.0	2	Bacteria
genome_282	69.662485	12.343331	GB_GCA_016186495.1	Patescibacteriota	set_c_clean	22	536063	28	2	66.1538678936768	4.7392891946231	1613.0	8	CoCoPyE 0.5.0	2	Bacteria
genome_283	58.70085	25.524523	GB_GCA_016186495.1	Patescibacteriota	set_c_clean	5	550572	28	3	60.500462635498174	3.01558978618008	1613.0	8	CoCoPyE 0.5.0	2	Bacteria
genome_284	54.23007	35.558347	GB_GCA_016186495.1	Patescibacteriota	set_c_clean	5	586937	28	4	58.94661907712424	4.42421699016898	1613.0	8	CoCoPyE 0.5.0	2	Bacteria
genome_285	80.761647	15.426602	GB_GCA_016186495.1	Patescibacteriota	set_c_clean	7	628772	28	5	64.15790486649851	4.03315086564686	1613.0	8	CoCoPyE 0.5.0	2	Bacteria
genome_286	100.0	39.274946	GB_GCA_016186495.1	Patescibacteriota	set_c_clean	20	910425	28	6	78.76942924424478	11.89543543598424	1613.0	8	CoCoPyE 0.5.0	3	Bacteria
genome_287	100.0	0.779423	GB_GCA_016186495.1	Patescibacteriota	set_c_clean	3	658784	28	7	71.26889219104116	5.149670412703109	1613.0	8	CoCoPyE 0.5.0	3	Bacteria
genome_288	74.914218	32.365697	GB_GCA_016186495.1	Patescibacteriota	set_c_clean	12	701277	28	8	63.28673017966307	10.34509758116868	1613.0	8	CoCoPyE 0.5.0	2	Pseudomonadota
genome_289	100.0	25.031475	GB_GCA_016186495.1	Patescibacteriota	set_c_clean	11	817317	28	9	70.42535908565296	10.82894132352747	1613.0	8	CoCoPyE 0.5.0	3	Bacteria
genome_290	70.369881	41.992302	GB_GCA_016195715.1	Patescibacteriota	set_c_clean	155	1291428	29	0	65.82304035934752	19.12930870988664	1613.0	8	CoCoPyE 0.5.0	3	Bacteria
genome_291	59.626709	55.783908	GB_GCA_016195715.1	Patescibacteriota	set_c_clean	5	1326465	29	1	63.806149854702866	12.80333792394464	1613.0	8	CoCoPyE 0.5.0	3	Bacteria
genome_292	90.691647	14.481217	GB_GCA_016195715.1	Patescibacteriota	set_c_clean	37	1208798	29	2	68.3067935629617	16.252839248373	1613.0	8	CoCoPyE 0.5.0	3	Bacteria
genome_293	100.0	54.207618	GB_GCA_016195715.1	Patescibacteriota	set_c_clean	41	1772376	29	3	79.42906859036431	19.1099055758642	1613.0	8	CoCoPyE 0.5.0	3	Bacteria
genome_294	61.494383	7.375686	GB_GCA_016195715.1	Patescibacteriota	set_c_clean	28	791554	29	4	63.39118155508711	8.59546111876511	1613.0	8	CoCoPyE 0.5.0	2	Bacteria
genome_295	59.861103	45.192127	GB_GCA_016195715.1	Patescibacteriota	set_c_clean	15	1207423	29	5	59.41210624351005	6.84348964964159	1613.0	8	CoCoPyE 0.5.0	2	Bacteria
genome_296	72.469948	16.183057	GB_GCA_016195715.1	Patescibacteriota	set_c_clean	80	1018928	29	6	61.10488854376457	5.22443955040605	1613.0	8	CoCoPyE 0.5.0	2	Bacteria
genome_297	72.277577	47.527546	GB_GCA_016195715.1	Patescibacteriota	set_c_clean	37	1376973	29	7	65.85445593249312	19.818395412680882	1613.0	8	CoCoPyE 0.5.0	3	Bacteria
genome_298	57.510371	24.680861	GB_GCA_016195715.1	Patescibacteriota	set_c_clean	2	944660	29	8	58.39435685557996	11.9903714981359	1613.0	8	CoCoPyE 0.5.0	2	Bacteria
genome_299	81.778649	81.778562	GB_GCA_016195715.1	Patescibacteriota	set_c_clean	10	1879835	29	9	63.32208359921355	17.852277615317767	1613.0	8	CoCoPyE 0.5.0	2	Pseudomonadota
genome_300	72.346013	69.468277	GB_GCA_016432465.1	Patescibacteriota	set_c_clean	46	1309611	30	0	64.07228911437635	24.76173081005215	1613.0	8	CoCoPyE 0.5.0	3	Pseudomonadota
genome_301	100.0	60.183504	GB_GCA_016432465.1	Patescibacteriota	set_c_clean	15	1479245	30	1	81.59691456951559	17.26856575065036	1613.0	8	CoCoPyE 0.5.0	3	Bacteria
genome_302	61.928879	61.928879	GB_GCA_016432465.1	Patescibacteriota	set_c_clean	26	1143788	30	2	61.343572799354284	15.8353995679972	1613.0	8	CoCoPyE 0.5.0	2	Campylobacter
genome_303	71.332876	39.060976	GB_GCA_016432465.1	Patescibacteriota	set_c_clean	70	1019453	30	3	64.03751944128831	13.034059698908932	1613.0	8	CoCoPyE 0.5.0	3	Bacteria
genome_304	81.601332	10.13981	GB_GCA_016432465.1	Patescibacteriota	set_c_clean	18	847201	30	4	70.44153411219808	4.69830459303402	1613.0	8	CoCoPyE 0.5.0	3	Bacteria
genome_305	58.155715	25.235714	GB_GCA_016432465.1	Patescibacteriota	set_c_clean	7	770094	30	5	60.05379582722532	3.96331934965405	1613.0	8	CoCoPyE 0.5.0	2	Bacteria
genome_306	100.0	40.376558	GB_GCA_016432465.1	Patescibacteriota	set_c_clean	21	1296334	30	6	79.01970050641395	23.00798776169757	1613.0	8	CoCoPyE 0.5.0	3	Bacteria
genome_307	65.018317	40.065124	GB_GCA_016432465.1	Patescibacteriota	set_c_clean	17	970413	30	7	60.36050772623235	13.28736579019288	1613.0	8	CoCoPyE 0.5.0	2	Bacteria
genome_308	100.0	9.853823	GB_GCA_016432465.1	Patescibacteriota	set_c_clean	6	1014466	30	8	75.81398989356896	10.98388569861302	1613.0	8	CoCoPyE 0.5.0	3	Bacteria
genome_309	64.282179	64.282179	GB_GCA_016432465.1	Patescibacteriota	set_c_clean	30	1187252	30	9	72.7390568971275	23.22189301776777	1613.0	8	CoCoPyE 0.5.0	2	Bacteria
genome_310	69.963963	13.0697	GB_GCA_016700375.1	Patescibacteriota	set_c_clean	23	1043313	31	0	68.84855345859286	14.496092215546991	1613.0	8	CoCoPyE 0.5.0	3	Bacteria
genome_311	70.37646	6.230113	GB_GCA_016700375.1	Patescibacteriota	set_c_clean	7	962557	31	1	64.06517527907627	2.9595062479243603	1613.0	8	CoCoPyE 0.5.0	3	Bacteria
genome_312	100.0	57.745918	GB_GCA_016700375.1	Patescibacteriota	set_c_clean	5	1982068	31	2	80.90553152618409	20.53294146020875	1613.0	8	CoCoPyE 0.5.0	3	Bacteria
genome_313	100.0	21.986177	GB_GCA_016700375.1	Patescibacteriota	set_c_clean	14	1532749	31	3	83.87336846388962	17.46850090903141	1613.0	8	CoCoPyE 0.5.0	3	Bacteria
genome_314	90.709227	84.377482	GB_GCA_016700375.1	Patescibacteriota	set_c_clean	12	2199954	31	4	66.12675932276646	22.995554358247112	1613.0	8	CoCoPyE 0.5.0	3	Pseudomonadota
genome_315	73.039903	41.491483	GB_GCA_016700375.1	Patescibacteriota	set_c_clean	38	1439080	31	5	68.709464817223	15.10569246297932	1613.0	8	CoCoPyE 0.5.0	3	Bacteria
genome_316	100.0	92.539001	GB_GCA_016700375.1	Patescibacteriota	set_c_clean	10	2419241	31	6	61.90498708715724	25.21784457933119	1613.0	8	CoCoPyE 0.5.0	3	Staphylococcus
genome_317	56.516545	13.972132	GB_GCA_016700375.1	Patescibacteriota	set_c_clean	5	885686	31	7	57.32153803032276	11.67012755167368	1613.0	8	CoCoPyE 0.5.0	2	Bacteria
genome_318	88.505636	23.836326	GB_GCA_016700375.1	Patescibacteriota	set_c_clean	100	1411570	31	8	66.776244852178	21.45204749642941	1613.0	8	CoCoPyE 0.5.0	3	Bacteria
genome_319	100.0	22.160233	GB_GCA_016700375.1	Patescibacteriota	set_c_clean	3	1534936	31	9	83.65147398720667	13.96831438422532	1613.0	8	CoCoPyE 0.5.0	3	Bacteria
genome_320	100.0	57.03772	GB_GCA_017406775.1	Patescibacteriota	set_c_clean	44	1131328	32	0	82.04497001964538	15.03689256020164	1613.0	8	CoCoPyE 0.5.0	3	Bacteria
genome_321	71.145363	61.965137	GB_GCA_017406775.1	Patescibacteriota	set_c_clean	36	958952	32	1	63.287850371209856	18.58109034562495	1613.0	8	CoCoPyE 0.5.0	3	Bacteria
genome_322	85.380987	15.219498	GB_GCA_017406775.1	Patescibacteriota	set_c_clean	40	724744	32	2	67.5507483512537	13.971728374668979	1613.0	8	CoCoPyE 0.5.0	3	Bacteria
genome_323	72.410878	8.041859	GB_GCA_017406775.1	Patescibacteriota	set_c_clean	30	579596	32	3	65.30115077377295	10.32781433553019	1613.0	8	CoCoPyE 0.5.0	3	Bacteria
genome_324	100.0	36.325578	GB_GCA_017406775.1	Patescibacteriota	set_c_clean	11	982114	32	4	80.81959749333177	16.91629343422389	1613.0	8	CoCoPyE 0.5.0	3	Bacteria
genome_325	100.0	26.15551	GB_GCA_017406775.1	Patescibacteriota	set_c_clean	7	908847	32	5	78.24988213084727	22.24137524886432	1613.0	8	CoCoPyE 0.5.0	3	Bacteria
genome_326	85.273966	24.306306	GB_GCA_017406775.1	Patescibacteriota	set_c_clean	21	789436	32	6	66.05372207035279	11.34884742186604	1613.0	8	CoCoPyE 0.5.0	3	Bacteria
genome_327	100.0	6.759687	GB_GCA_017406775.1	Patescibacteriota	set_c_clean	2	769116	32	7	77.09715813123333	16.92659512128425	1613.0	8	CoCoPyE 0.5.0	3	Bacteria
genome_328	77.93295	77.93295	GB_GCA_017406775.1	Patescibacteriota	set_c_clean	26	1122886	32	8	69.14809282959618	18.179216296685897	1613.0	8	CoCoPyE 0.5.0	3	Bacteria
genome_329	100.0	22.491109	GB_GCA_017406775.1	Patescibacteriota	set_c_clean	5	882448	32	9	74.83887816080677	20.25626073346477	1613.0	8	CoCoPyE 0.5.0	3	Bacteria
genome_330	100.0	33.437236	GB_GCA_018647845.1	Patescibacteriota	set_c_clean	2	1248288	33	0	76.63481059916523	17.960055704247672	1613.0	8	CoCoPyE 0.5.0	3	Bacteria
genome_331	100.0	40.29142	GB_GCA_018647845.1	Patescibacteriota	set_c_clean	3	1312408	33	1	86.45925368710027	15.03627994332651	1613.0	8	CoCoPyE 0.5.0	3	Bacteria
genome_332	83.925805	83.925805	GB_GCA_018647845.1	Patescibacteriota	set_c_clean	15	1570230	33	2	74.87754998250736	19.45689635367021	1613.0	8	CoCoPyE 0.5.0	3	Bacteria
genome_333	57.835651	11.963822	GB_GCA_018647845.1	Patescibacteriota	set_c_clean	85	652965	33	3	64.69138330254248	8.87190490841701	1613.0	8	CoCoPyE 0.5.0	3	Bacteria
genome_334	74.256724	15.732768	GB_GCA_018647845.1	Patescibacteriota	set_c_clean	12	841840	33	4	64.95664355109767	10.46595536334938	1613.0	8	CoCoPyE 0.5.0	3	Bacteria
genome_335	100.0	95.329064	GB_GCA_018647845.1	Patescibacteriota	set_c_clean	20	1827278	33	5	62.419394265591954	22.91209846167613	1613.0	8	CoCoPyE 0.5.0	3	Streptococcus
genome_336	57.513573	57.513573	GB_GCA_018647845.1	Patescibacteriota	set_c_clean	40	1076064	33	6	64.57442326538457	19.64396106801674	1613.0	8	CoCoPyE 0.5.0	2	Bacteria
genome_337	68.92859	68.92859	GB_GCA_018647845.1	Patescibacteriota	set_c_clean	23	1289636	33	7	60.74869448509412	9.065642176397661	1613.0	8	CoCoPyE 0.5.0	2	Streptococcus
genome_338	100.0	28.02583	GB_GCA_018647845.1	Patescibacteriota	set_c_clean	3	1197665	33	8	83.91754845939627	20.98358094535612	1613.0	8	CoCoPyE 0.5.0	3	Bacteria
genome_339	100.0	4.52374	GB_GCA_018647845.1	Patescibacteriota	set_c_clean	4	977806	33	9	79.7181602940139	5.65499992149996	1613.0	8	CoCoPyE 0.5.0	3	Bacteria
genome_340	50.92296	50.922862	GB_GCA_018649525.1	Patescibacteriota	set_c_clean	7	1033509	34	0	58.80118215566542	5.81999871104437	1613.0	8	CoCoPyE 0.5.0	2	Bacteria
genome_341	61.751733	61.751733	GB_GCA_018649525.1	Patescibacteriota	set_c_clean	9	1253286	34	1	60.55353109627788	15.20435298033245	1613.0	8	CoCoPyE 0.5.0	2	Campylobacter
genome_342	100.0	9.518929	GB_GCA_018649525.1	Patescibacteriota	set_c_clean	5	1111374	34	2	79.14393003351314	8.78848939047358	1613.0	8	CoCoPyE 0.5.0	3	Bacteria
genome_343	59.709414	59.709414	GB_GCA_018649525.1	Patescibacteriota	set_c_clean	23	1211836	34	3	73.20527960917799	20.82788337404195	1613.0	8	CoCoPyE 0.5.0	3	Bacteria
genome_344	100.0	57.9375	GB_GCA_018649525.1	Patescibacteriota	set_c_clean	38	1602715	34	4	62.60368201572564	28.79988188753428	1613.0	8	CoCoPyE 0.5.0	3	Rickettsia
genome_345	70.950198	36.764396	GB_GCA_018649525.1	Patescibacteriota	set_c_clean	127	1093064	34	5	62.32782546921837	20.06771969379773	1613.0	8	CoCoPyE 0.5.0	2	Bacteria
genome_346	74.248358	53.051702	GB_GCA_018649525.1	Patescibacteriota	set_c_clean	98	1291813	34	6	66.31325920858215	27.96858995727328	1613.0	8	CoCoPyE 0.5.0	3	Bacteria
genome_347	100.0	42.534032	GB_GCA_018649525.1	Patescibacteriota	set_c_clean	3	1446404	34	7	78.81632278362251	21.3602816895041	1613.0	8	CoCoPyE 0.5.0	2	Bacteria
genome_348	100.0	70.074243	GB_GCA_018649525.1	Patescibacteriota	set_c_clean	3	1725876	34	8	70.63654388617118	19.65836468466165	1613.0	8	CoCoPyE 0.5.0	3	Actinomycetes
genome_349	100.0	71.178425	GB_GCA_018649525.1	Patescibacteriota	set_c_clean	14	1737081	34	9	72.34817836580417	25.198516508943246	1613.0	8	CoCoPyE 0.5.0	2	Bacteria
genome_350	84.357562	81.761851	GB_GCA_018657425.1	Patescibacteriota	set_c_clean	24	1523016	35	0	60.7510080264753	24.71774139611409	1613.0	8	CoCoPyE 0.5.0	3	Bacteria
genome_351	87.433302	30.369756	GB_GCA_018657425.1	Patescibacteriota	set_c_clean	96	1080042	35	1	75.17120824565971	13.4272076526007	1613.0	8	CoCoPyE 0.5.0	3	Bacteria
genome_352	52.613926	52.613817	GB_GCA_018657425.1	Patescibacteriota	set_c_clean	79	964749	35	2	66.32788281158408	7.2667892404438605	1613.0	8	CoCoPyE 0.5.0	3	Bacteria
genome_353	80.319147	80.319147	GB_GCA_018657425.1	Patescibacteriota	set_c_clean	42	1472764	35	3	67.54408984803875	24.42289362725419	1613.0	8	CoCoPyE 0.5.0	3	Bacteria
genome_354	100.0	1.205907	GB_GCA_018657425.1	Patescibacteriota	set_c_clean	2	927876	35	4	81.29624486553713	6.3332744573306305	1613.0	8	CoCoPyE 0.5.0	3	Bacteria
genome_355	88.709125	35.811064	GB_GCA_018657425.1	Patescibacteriota	set_c_clean	7	1141626	35	5	75.03582000992274	15.568426498814231	1613.0	8	CoCoPyE 0.5.0	3	Bacteria
genome_356	51.59606	0.071879	GB_GCA_018657425.1	Patescibacteriota	set_c_clean	14	473702	35	6	63.60820470023412	0.88445312417599	1613.0	8	CoCoPyE 0.5.0	2	Bacteria
genome_357	100.0	30.276935	GB_GCA_018657425.1	Patescibacteriota	set_c_clean	7	1194405	35	7	85.73799045634453	9.53177559335887	1613.0	8	CoCoPyE 0.5.0	3	Bacteria
genome_358	100.0	41.987631	GB_GCA_018657425.1	Patescibacteriota	set_c_clean	4	1301771	35	8	82.54479997931975	18.38166101661346	1613.0	8	CoCoPyE 0.5.0	3	Bacteria
genome_359	100.0	28.644445	GB_GCA_018657425.1	Patescibacteriota	set_c_clean	12	1179438	35	9	86.32503941573667	19.344275933217258	1613.0	8	CoCoPyE 0.5.0	3	Bacteria
genome_360	54.869764	54.869764	GB_GCA_018816885.1	Patescibacteriota	set_c_clean	4	1382526	36	0	68.07045525215554	25.94805745142221	1613.0	8	CoCoPyE 0.5.0	3	Bacteria
genome_361	79.631933	79.594547	GB_GCA_018816885.1	Patescibacteriota	set_c_clean	40	2005975	36	1	61.345172365583956	19.661103041033428	1613.0	8	CoCoPyE 0.5.0	2	Staphylococcaceae
genome_362	100.0	89.980037	GB_GCA_018816885.1	Patescibacteriota	set_c_clean	190	2393416	36	2	66.0906417138944	26.946589067581527	1613.0	8	CoCoPyE 0.5.0	3	Burkholderiaceae
genome_363	74.141091	65.91987	GB_GCA_018816885.1	Patescibacteriota	set_c_clean	43	1764523	36	3	73.08815741479924	22.14865069570926	1613.0	8	CoCoPyE 0.5.0	3	Bacteria
genome_364	50.994702	50.994702	GB_GCA_018816885.1	Patescibacteriota	set_c_clean	34	1284888	36	4	63.20580598752714	17.60370025052698	1613.0	8	CoCoPyE 0.5.0	2	Bacteria
genome_365	67.486437	67.486437	GB_GCA_018816885.1	Patescibacteriota	set_c_clean	97	1700422	36	5	70.70056282482568	22.85987776640116	1613.0	8	CoCoPyE 0.5.0	3	Bacteria
genome_366	100.0	43.371659	GB_GCA_018816885.1	Patescibacteriota	set_c_clean	41	1806232	36	6	63.82559359320208	25.28911406780775	1613.0	8	CoCoPyE 0.5.0	3	Campylobacter
genome_367	88.717004	87.275693	GB_GCA_018816885.1	Patescibacteriota	set_c_clean	5	2217200	36	7	74.84131948428256	18.758520288117058	1613.0	8	CoCoPyE 0.5.0	3	Bacteroidota
genome_368	64.566984	64.566984	GB_GCA_018816885.1	Patescibacteriota	set_c_clean	26	1626862	36	8	66.04725223555685	23.44305025152059	1613.0	8	CoCoPyE 0.5.0	2	Bacteria
genome_369	60.763677	24.250432	GB_GCA_018816885.1	Patescibacteriota	set_c_clean	134	1071029	36	9	61.36632211192604	16.5329028115122	1613.0	8	CoCoPyE 0.5.0	2	Bacteria
genome_370	71.58246	68.60068	GB_GCA_019634005.1	Patescibacteriota	set_c_clean	51	894803	37	0	61.81048437487362	12.24706071831707	1613.0	8	CoCoPyE 0.5.0	2	Bacteria
genome_371	100.0	5.930191	GB_GCA_019634005.1	Patescibacteriota	set_c_clean	4	676163	37	1	74.36273651492978	11.18058542264129	1613.0	8	CoCoPyE 0.5.0	3	Bacteria
genome_372	52.177782	51.224483	GB_GCA_019634005.1	Patescibacteriota	set_c_clean	7	660027	37	2	60.07769998340886	2.9322604412312403	1613.0	8	CoCoPyE 0.5.0	2	Campylobacter
genome_373	67.17363	62.373925	GB_GCA_019634005.1	Patescibacteriota	set_c_clean	10	826915	37	3	62.477184135220895	13.579133440990802	1613.0	8	CoCoPyE 0.5.0	3	Bacteria
genome_374	100.0	40.254735	GB_GCA_019634005.1	Patescibacteriota	set_c_clean	5	895260	37	4	78.92406250755919	14.534988239701521	1613.0	8	CoCoPyE 0.5.0	3	Bacteria
genome_375	100.0	47.885197	GB_GCA_019634005.1	Patescibacteriota	set_c_clean	2	943966	37	5	70.90375578878235	24.6601285082284	1613.0	8	CoCoPyE 0.5.0	3	Bacteria
genome_376	100.0	78.08886	GB_GCA_019634005.1	Patescibacteriota	set_c_clean	3	1136759	37	6	61.630903761865184	13.62850898610543	1613.0	8	CoCoPyE 0.5.0	2	Campylobacter
genome_377	100.0	70.083032	GB_GCA_019634005.1	Patescibacteriota	set_c_clean	3	1085657	37	7	77.36196649122684	19.10890593916525	1613.0	8	CoCoPyE 0.5.0	3	Bacteria
genome_378	100.0	34.226316	GB_GCA_019634005.1	Patescibacteriota	set_c_clean	8	856780	37	8	73.81493837975042	8.239443023793761	1613.0	8	CoCoPyE 0.5.0	3	Bacteria
genome_379	69.292663	20.886403	GB_GCA_019634005.1	Patescibacteriota	set_c_clean	43	575622	37	9	64.27466682769854	4.77930339690378	1613.0	8	CoCoPyE 0.5.0	3	Bacteria
genome_380	57.618006	57.618006	GB_GCA_020724865.1	Patescibacteriota	set_c_clean	40	922258	38	0	61.84689845055756	11.22010532402094	1613.0	8	CoCoPyE 0.5.0	2	Bacteria
genome_381	82.253371	8.165224	GB_GCA_020724865.1	Patescibacteriota	set_c_clean	8	723639	38	1	74.10588177507445	10.38052090421471	1613.0	8	CoCoPyE 0.5.0	3	Bacteria
genome_382	66.952135	63.81327	GB_GCA_020724865.1	Patescibacteriota	set_c_clean	15	1046543	38	2	66.14492618043964	23.72668442953364	1613.0	8	CoCoPyE 0.5.0	3	Bacteria
genome_383	90.631134	66.925521	GB_GCA_020724865.1	Patescibacteriota	set_c_clean	55	1260959	38	3	77.57890812100338	18.73556009141316	1613.0	8	CoCoPyE 0.5.0	3	Bacteria
genome_384	64.812369	21.753147	GB_GCA_020724865.1	Patescibacteriota	set_c_clean	2	692802	38	4	62.70528179728829	10.002366314895331	1613.0	8	CoCoPyE 0.5.0	3	Bacteria
genome_385	75.275296	33.684484	GB_GCA_020724865.1	Patescibacteriota	set_c_clean	11	872028	38	5	72.66324678324865	6.65754509595261	1613.0	8	CoCoPyE 0.5.0	3	Bacteria
genome_386	100.0	45.866221	GB_GCA_020724865.1	Patescibacteriota	set_c_clean	7	1167398	38	6	81.32438815881228	23.86655343202057	1613.0	8	CoCoPyE 0.5.0	3	Bacteria
genome_387	100.0	69.574208	GB_GCA_020724865.1	Patescibacteriota	set_c_clean	14	1357138	38	7	81.87713175145002	22.45009822336784	1613.0	8	CoCoPyE 0.5.0	3	Bacteria
genome_388	72.869636	72.869636	GB_GCA_020724865.1	Patescibacteriota	set_c_clean	130	1166382	38	8	65.33559953313812	20.14876473238344	1613.0	8	CoCoPyE 0.5.0	3	Bacteria
genome_389	100.0	42.724607	GB_GCA_020724865.1	Patescibacteriota	set_c_clean	2	1142255	38	9	83.96011822726388	17.84323640376105	1613.0	8	CoCoPyE 0.5.0	3	Bacteria
genome_390	61.399616	61.399616	GB_GCA_020724905.1	Patescibacteriota	set_c_clean	3	706798	39	0	59.92400951219767	0.0	1613.0	8	CoCoPyE 0.5.0	2	Bacteria
genome_391	83.137818	53.486097	GB_GCA_020724905.1	Patescibacteriota	set_c_clean	34	786369	39	1	67.40492845381307	8.9961200102777	1613.0	8	CoCoPyE 0.5.0	3	Bacteria
genome_392	76.39079	32.030571	GB_GCA_020724905.1	Patescibacteriota	set_c_clean	10	624043	39	2	64.00738085548883	7.551661046344379	1613.0	8	CoCoPyE 0.5.0	2	Bacteria
genome_393	100.0	1.204888	GB_GCA_020724905.1	Patescibacteriota	set_c_clean	2	582507	39	3	73.2599792512306	5.47366881677205	1613.0	8	CoCoPyE 0.5.0	3	Bacteria
genome_394	61.054916	61.054916	GB_GCA_020724905.1	Patescibacteriota	set_c_clean	19	702830	39	4	63.139295298979405	20.51719337894565	1613.0	8	CoCoPyE 0.5.0	3	Bacteria
genome_395	100.0	26.045395	GB_GCA_020724905.1	Patescibacteriota	set_c_clean	3	725482	39	5	77.41544701157905	9.39391802143709	1613.0	8	CoCoPyE 0.5.0	3	Bacteria
genome_396	68.069156	68.069156	GB_GCA_020724905.1	Patescibacteriota	set_c_clean	4	783574	39	6	62.12216661015031	4.06937886004045	1613.0	8	CoCoPyE 0.5.0	2	Bacteria
genome_397	82.929329	82.929329	GB_GCA_020724905.1	Patescibacteriota	set_c_clean	24	954636	39	7	61.77916098502689	13.43414703059023	1613.0	8	CoCoPyE 0.5.0	2	Flavobacteriales
genome_398	100.0	48.251305	GB_GCA_020724905.1	Patescibacteriota	set_c_clean	7	853293	39	8	68.55044991067119	18.71891663237517	1613.0	8	CoCoPyE 0.5.0	3	Bacteria
genome_399	100.0	38.060225	GB_GCA_020724905.1	Patescibacteriota	set_c_clean	2	794636	39	9	70.3503679431597	14.23615863261895	1613.0	8	CoCoPyE 0.5.0	3	Bacteria
genome_400	100.0	15.608855	GB_GCA_021786945.1	Patescibacteriota	set_c_clean	2	809388	40	0	76.24154869298347	18.43578935858105	1613.0	8	CoCoPyE 0.5.0	3	Bacteria
genome_401	100.0	72.552417	GB_GCA_021786945.1	Patescibacteriota	set_c_clean	14	1208055	40	1	82.63537219452766	16.0150607655019	1613.0	8	CoCoPyE 0.5.0	3	Bacteria
genome_402	50.651113	50.651113	GB_GCA_021786945.1	Patescibacteriota	set_c_clean	20	709226	40	2	60.77234565180709	14.69837651419739	1613.0	8	CoCoPyE 0.5.0	2	Pseudomonadota
genome_403	100.0	83.370161	GB_GCA_021786945.1	Patescibacteriota	set_c_clean	14	1283791	40	3	61.296053587640685	21.06289387302218	1613.0	8	CoCoPyE 0.5.0	2	Helicobacter
genome_404	67.572478	34.779441	GB_GCA_021786945.1	Patescibacteriota	set_c_clean	10	716575	40	4	62.65319980402224	4.30910175519334	1613.0	8	CoCoPyE 0.5.0	3	Bacteria
genome_405	72.286887	72.286887	GB_GCA_021786945.1	Patescibacteriota	set_c_clean	22	1012174	40	5	61.05563136803573	2.96335117958509	1613.0	8	CoCoPyE 0.5.0	2	Pasteurellaceae
genome_406	74.033758	74.033758	GB_GCA_021786945.1	Patescibacteriota	set_c_clean	135	1036634	40	6	60.05745681173498	10.24544481653248	1613.0	8	CoCoPyE 0.5.0	2	Streptococcus
genome_407	100.0	96.894626	GB_GCA_021786945.1	Patescibacteriota	set_c_clean	6	1378477	40	7	67.58197546529252	25.10283408016432	1613.0	8	CoCoPyE 0.5.0	3	Bacteria
genome_408	78.821583	46.334357	GB_GCA_021786945.1	Patescibacteriota	set_c_clean	22	876228	40	8	77.48670571455808	21.56308634222816	1613.0	8	CoCoPyE 0.5.0	3	Bacteria
genome_409	91.094672	82.363318	GB_GCA_021786945.1	Patescibacteriota	set_c_clean	16	1214395	40	9	66.38929507838785	28.08894846393104	1613.0	8	CoCoPyE 0.5.0	3	Bacteria
genome_410	85.061656	20.186955	GB_GCA_021815445.1	Patescibacteriota	set_c_clean	9	1327125	41	0	68.94140535754019	14.186634039446169	1613.0	8	CoCoPyE 0.5.0	3	Bacteria
genome_411	73.222739	33.053754	GB_GCA_021815445.1	Patescibacteriota	set_c_clean	69	1340086	41	1	63.081544544219916	16.780546294465353	1613.0	8	CoCoPyE 0.5.0	2	Lactobacillales
genome_412	100.0	47.637126	GB_GCA_021815445.1	Patescibacteriota	set_c_clean	6	1861620	41	2	80.91959638918325	20.099096117411662	1613.0	8	CoCoPyE 0.5.0	3	Bacteria
genome_413	100.0	11.347301	GB_GCA_021815445.1	Patescibacteriota	set_c_clean	7	1404026	41	3	77.74619551842137	6.93776933415008	1613.0	8	CoCoPyE 0.5.0	3	Bacteria
genome_414	100.0	63.473765	GB_GCA_021815445.1	Patescibacteriota	set_c_clean	38	2061311	41	4	79.67918057518409	15.35486074200916	1613.0	8	CoCoPyE 0.5.0	3	Bacteria
genome_415	100.0	22.785487	GB_GCA_021815445.1	Patescibacteriota	set_c_clean	6	1548255	41	5	78.31805264134871	9.89409405651303	1613.0	8	CoCoPyE 0.5.0	3	Bacteria
genome_416	52.305219	9.63977	GB_GCA_021815445.1	Patescibacteriota	set_c_clean	20	781091	41	6	64.01052279213775	7.14513076293178	1613.0	8	CoCoPyE 0.5.0	2	Bacteria
genome_417	100.0	36.374126	GB_GCA_021815445.1	Patescibacteriota	set_c_clean	5	1719600	41	7	80.74869145159131	8.55213888475769	1613.0	8	CoCoPyE 0.5.0	3	Bacteria
genome_418	64.025575	55.202892	GB_GCA_021815445.1	Patescibacteriota	set_c_clean	13	1503403	41	8	62.409554960965565	20.57412597203313	1613.0	8	CoCoPyE 0.5.0	2	Campylobacterales
genome_419	69.478398	33.454883	GB_GCA_021815445.1	Patescibacteriota	set_c_clean	87	1297930	41	9	62.11549944793345	15.086028529735529	1613.0	8	CoCoPyE 0.5.0	2	Campylobacter
genome_420	65.20217	14.801479	GB_GCA_021833765.1	Patescibacteriota	set_c_clean	6	763018	42	0	61.00815731546811	9.48674989387565	1613.0	8	CoCoPyE 0.5.0	2	Bacteria
genome_421	66.75953	62.755667	GB_GCA_021833765.1	Patescibacteriota	set_c_clean	15	1235224	42	1	62.751022014122505	22.0109304049699	1613.0	8	CoCoPyE 0.5.0	3	Pseudomonadota
genome_422	87.294609	82.289413	GB_GCA_021833765.1	Patescibacteriota	set_c_clean	33	1617372	42	2	72.48927012232325	19.64553469088623	1613.0	8	CoCoPyE 0.5.0	3	Bacteria
genome_423	100.0	75.649687	GB_GCA_021833765.1	Patescibacteriota	set_c_clean	20	1675222	42	3	74.4501082917872	23.98711896962286	1613.0	8	CoCoPyE 0.5.0	3	Bacteria
genome_424	100.0	67.048187	GB_GCA_021833765.1	Patescibacteriota	set_c_clean	5	1593187	42	4	76.52227696704834	24.045561876137	1613.0	8	CoCoPyE 0.5.0	3	Bacteria
genome_425	100.0	32.670916	GB_GCA_021833765.1	Patescibacteriota	set_c_clean	14	1265321	42	5	88.00798139355798	9.42357852529252	1613.0	8	CoCoPyE 0.5.0	3	Bacteria
genome_426	100.0	69.089018	GB_GCA_021833765.1	Patescibacteriota	set_c_clean	17	1612651	42	6	80.76143900193561	21.295913544659133	1613.0	8	CoCoPyE 0.5.0	3	Bacteria
genome_427	73.706472	32.372718	GB_GCA_021833765.1	Patescibacteriota	set_c_clean	8	1011708	42	7	66.02095036476503	12.29948433042891	1613.0	8	CoCoPyE 0.5.0	3	Bacteria
genome_428	100.0	42.507253	GB_GCA_021833765.1	Patescibacteriota	set_c_clean	28	1359133	42	8	89.35974728735614	15.01364248016806	1613.0	8	CoCoPyE 0.5.0	3	Bacteria
genome_429	60.48993	58.703573	GB_GCA_021833765.1	Patescibacteriota	set_c_clean	10	1136783	42	9	62.76939367220822	11.38810207310075	1613.0	8	CoCoPyE 0.5.0	2	Bacteria
genome_430	77.22523	43.696625	GB_GCA_022763365.1	Patescibacteriota	set_c_clean	8	922063	43	0	63.669780286437216	12.33917681203098	1613.0	8	CoCoPyE 0.5.0	3	Bacteria
genome_431	73.877418	40.29452	GB_GCA_022763365.1	Patescibacteriota	set_c_clean	14	870593	43	1	64.29291723425106	9.999096490293299	1613.0	8	CoCoPyE 0.5.0	3	Bacteria
genome_432	100.0	71.223614	GB_GCA_022763365.1	Patescibacteriota	set_c_clean	17	1305628	43	2	67.8506473797377	23.48499646063624	1613.0	8	CoCoPyE 0.5.0	3	Bacteria
genome_433	100.0	0.205238	GB_GCA_022763365.1	Patescibacteriota	set_c_clean	2	764093	43	3	69.40498819143941	7.4951339441866995	1613.0	8	CoCoPyE 0.5.0	3	Bacteria
genome_434	80.117583	44.233261	GB_GCA_022763365.1	Patescibacteriota	set_c_clean	16	948210	43	4	66.19870604281087	9.88728799017089	1613.0	8	CoCoPyE 0.5.0	3	Bacteria
genome_435	100.0	72.624218	GB_GCA_022763365.1	Patescibacteriota	set_c_clean	85	1316308	43	5	76.51389495497638	26.977541368606477	1613.0	8	CoCoPyE 0.5.0	3	Bacteria
genome_436	82.753814	24.667291	GB_GCA_022763365.1	Patescibacteriota	set_c_clean	14	819116	43	6	70.09082847304961	18.380569965557893	1613.0	8	CoCoPyE 0.5.0	3	Bacteria
genome_437	76.519157	0.836166	GB_GCA_022763365.1	Patescibacteriota	set_c_clean	69	589856	43	7	65.75079763170947	6.85689185045581	1613.0	8	CoCoPyE 0.5.0	3	Bacteria
genome_438	100.0	2.5064	GB_GCA_022763365.1	Patescibacteriota	set_c_clean	3	781640	43	8	69.4093662252764	7.32344478939382	1613.0	8	CoCoPyE 0.5.0	3	Bacteria
genome_439	73.057514	32.796435	GB_GCA_022763365.1	Patescibacteriota	set_c_clean	9	807166	43	9	60.6107555060068	12.5924185544734	1613.0	8	CoCoPyE 0.5.0	2	Bacteria
genome_440	100.0	43.409391	GB_GCA_023245035.1	Patescibacteriota	set_c_clean	2	1026675	44	0	77.74862177563267	17.3836074723208	1613.0	8	CoCoPyE 0.5.0	3	Bacteria
genome_441	100.0	7.707447	GB_GCA_023245035.1	Patescibacteriota	set_c_clean	3	771083	44	1	71.77465135721587	6.709091328892799	1613.0	8	CoCoPyE 0.5.0	3	Bacteria
genome_442	100.0	90.944469	GB_GCA_023245035.1	Patescibacteriota	set_c_clean	8	1366981	44	2	69.3886904575972	18.75743756290079	1613.0	8	CoCoPyE 0.5.0	3	Bacteria
genome_443	89.151494	70.219093	GB_GCA_023245035.1	Patescibacteriota	set_c_clean	20	1140942	44	3	64.53953346973258	19.000985377459102	1613.0	8	CoCoPyE 0.5.0	3	Bacteria
genome_444	61.724391	61.724391	GB_GCA_023245035.1	Patescibacteriota	set_c_clean	24	883776	44	4	59.74922691112907	14.585412839051608	1613.0	8	CoCoPyE 0.5.0	2	Bacteria
genome_445	78.551065	62.068291	GB_GCA_023245035.1	Patescibacteriota	set_c_clean	5	1006701	44	5	64.07084674337266	14.724657475827579	1613.0	8	CoCoPyE 0.5.0	2	Bacteria
genome_446	100.0	10.492314	GB_GCA_023245035.1	Patescibacteriota	set_c_clean	2	791020	44	6	74.67314262591695	6.336246273467521	1613.0	8	CoCoPyE 0.5.0	3	Bacteria
genome_447	100.0	82.917706	GB_GCA_023245035.1	Patescibacteriota	set_c_clean	82	1309517	44	7	62.007318737736306	17.60912253332596	1613.0	8	CoCoPyE 0.5.0	2	Streptococcus
genome_448	90.266865	58.775256	GB_GCA_023245035.1	Patescibacteriota	set_c_clean	11	1067000	44	8	67.78480179142731	16.69468957213737	1613.0	8	CoCoPyE 0.5.0	3	Bacteria
genome_449	57.970401	57.970401	GB_GCA_023245035.1	Patescibacteriota	set_c_clean	33	830026	44	9	62.82071099596418	6.79798663239438	1613.0	8	CoCoPyE 0.5.0	2	Bacteria
genome_450	100.0	56.498513	GB_GCA_023267755.1	Patescibacteriota	set_c_clean	3	913161	45	0	72.09468243179037	19.90971781295727	1613.0	8	CoCoPyE 0.5.0	3	Bacteria
genome_451	100.0	6.671522	GB_GCA_023267755.1	Patescibacteriota	set_c_clean	6	622423	45	1	69.75065057195687	6.654733204247849	1613.0	8	CoCoPyE 0.5.0	3	Bacteria
genome_452	57.353019	57.353019	GB_GCA_023267755.1	Patescibacteriota	set_c_clean	32	669304	45	2	61.43816983292537	11.53691204962009	1613.0	8	CoCoPyE 0.5.0	2	Bacteria
genome_453	56.121475	56.121475	GB_GCA_023267755.1	Patescibacteriota	set_c_clean	11	654932	45	3	61.01059610364031	10.7127716288407	1613.0	8	CoCoPyE 0.5.0	2	Bacteria
genome_454	89.983633	81.329232	GB_GCA_023267755.1	Patescibacteriota	set_c_clean	64	999602	45	4	64.87078947336735	15.24435885677288	1613.0	8	CoCoPyE 0.5.0	3	Bacteria
genome_455	100.0	34.034739	GB_GCA_023267755.1	Patescibacteriota	set_c_clean	2	782086	45	5	69.08263798355007	17.922058185157898	1613.0	8	CoCoPyE 0.5.0	3	Bacteria
genome_456	66.615309	66.615309	GB_GCA_023267755.1	Patescibacteriota	set_c_clean	30	777394	45	6	66.99576593355191	21.85632976270687	1613.0	8	CoCoPyE 0.5.0	3	Bacteria
genome_457	61.491701	3.836879	GB_GCA_023267755.1	Patescibacteriota	set_c_clean	5	381189	45	7	61.37924760823308	0.0	1613.0	8	CoCoPyE 0.5.0	2	Bacteria
genome_458	100.0	44.83089	GB_GCA_023267755.1	Patescibacteriota	set_c_clean	42	845081	45	8	74.73212330667552	15.606205815362559	1613.0	8	CoCoPyE 0.5.0	3	Bacteria
genome_459	100.0	91.943547	GB_GCA_023267755.1	Patescibacteriota	set_c_clean	5	1119981	45	9	71.35928857461002	14.96167778339117	1613.0	8	CoCoPyE 0.5.0	3	Bacteria
genome_460	77.01868	39.379915	GB_GCA_025999275.1	Patescibacteriota	set_c_clean	25	914730	46	0	61.604657931877085	7.63423686896841	1613.0	8	CoCoPyE 0.5.0	2	Bacteria
genome_461	100.0	29.737994	GB_GCA_025999275.1	Patescibacteriota	set_c_clean	5	1019559	46	1	80.22274381621682	22.69916685088118	1613.0	8	CoCoPyE 0.5.0	3	Bacteria
genome_462	73.322093	38.718601	GB_GCA_025999275.1	Patescibacteriota	set_c_clean	29	880483	46	2	63.862952189330876	12.099108170351219	1613.0	8	CoCoPyE 0.5.0	3	Bacteria
genome_463	79.514799	76.976561	GB_GCA_025999275.1	Patescibacteriota	set_c_clean	7	1229803	46	3	61.44819126166038	5.68099035258002	1613.0	8	CoCoPyE 0.5.0	2	Bacteria
genome_464	100.0	16.111521	GB_GCA_025999275.1	Patescibacteriota	set_c_clean	13	912474	46	4	74.17226165684497	18.61531226060624	1613.0	8	CoCoPyE 0.5.0	3	Bacteria
genome_465	100.0	78.302497	GB_GCA_025999275.1	Patescibacteriota	set_c_clean	19	1401208	46	5	77.58446987695729	20.660201878439118	1613.0	8	CoCoPyE 0.5.0	3	Bacteria
genome_466	68.053979	66.64215	GB_GCA_025999275.1	Patescibacteriota	set_c_clean	65	1058523	46	6	68.32652947313261	16.73593611533219	1613.0	8	CoCoPyE 0.5.0	3	Bacteria
genome_467	100.0	63.352378	GB_GCA_025999275.1	Patescibacteriota	set_c_clean	4	1283721	46	7	70.0902728860396	18.53606400083034	1613.0	8	CoCoPyE 0.5.0	3	Bacteria
genome_468	84.659863	46.13977	GB_GCA_025999275.1	Patescibacteriota	set_c_clean	38	1027902	46	8	66.80004976275494	12.769185280168461	1613.0	8	CoCoPyE 0.5.0	3	Bacteria
genome_469	64.978368	15.754206	GB_GCA_025999275.1	Patescibacteriota	set_c_clean	7	634445	46	9	61.65527746859271	10.40432391769934	1613.0	8	CoCoPyE 0.5.0	3	Bacteria
genome_470	100.0	93.089954	GB_GCA_026396275.1	Patescibacteriota	set_c_clean	18	1564102	47	0	83.69775063793905	16.8179892163824	1613.0	8	CoCoPyE 0.5.0	3	Bacteria
genome_471	69.273417	39.466667	GB_GCA_026396275.1	Patescibacteriota	set_c_clean	18	880836	47	1	65.55339609455855	12.15269110847043	1613.0	8	CoCoPyE 0.5.0	3	Bacteria
genome_472	100.0	48.662162	GB_GCA_026396275.1	Patescibacteriota	set_c_clean	25	1204220	47	2	86.27529331800339	22.51220482436442	1613.0	8	CoCoPyE 0.5.0	3	Bacteria
genome_473	84.744172	14.994605	GB_GCA_026396275.1	Patescibacteriota	set_c_clean	5	807922	47	3	67.37301911236882	9.42659981367408	1613.0	8	CoCoPyE 0.5.0	3	Bacteria
genome_474	100.0	78.645446	GB_GCA_026396275.1	Patescibacteriota	set_c_clean	14	1447096	47	4	80.78349877575089	22.571355591346258	1613.0	8	CoCoPyE 0.5.0	3	Bacteria
genome_475	57.82988	22.402653	GB_GCA_026396275.1	Patescibacteriota	set_c_clean	9	649914	47	5	63.48529818588967	7.75468178658901	1613.0	8	CoCoPyE 0.5.0	2	Bacteria
genome_476	100.0	16.723536	GB_GCA_026396275.1	Patescibacteriota	set_c_clean	4	945505	47	6	78.1033606940862	11.82782400865962	1613.0	8	CoCoPyE 0.5.0	3	Bacteria
genome_477	100.0	17.145862	GB_GCA_026396275.1	Patescibacteriota	set_c_clean	2	948926	47	7	61.66147483598573	25.566773358437437	1613.0	8	CoCoPyE 0.5.0	2	Borreliaceae
genome_478	100.0	92.15901	GB_GCA_026396275.1	Patescibacteriota	set_c_clean	13	1556561	47	8	74.80239090901722	19.85133856593665	1613.0	8	CoCoPyE 0.5.0	3	Bacteria
genome_479	87.276152	17.136233	GB_GCA_026396275.1	Patescibacteriota	set_c_clean	12	845780	47	9	73.45265558662841	7.87509172567898	1613.0	8	CoCoPyE 0.5.0	3	Bacteria
genome_480	100.0	92.423744	GB_GCA_026396515.1	Patescibacteriota	set_c_clean	11	1859102	48	0	61.66055463653649	17.41422747067345	1613.0	8	CoCoPyE 0.5.0	2	Staphylococcaceae
genome_481	100.0	61.184806	GB_GCA_026396515.1	Patescibacteriota	set_c_clean	240	1557287	48	1	73.04174875291007	21.640116981700068	1613.0	8	CoCoPyE 0.5.0	3	Bacteria
genome_482	61.135538	8.612327	GB_GCA_026396515.1	Patescibacteriota	set_c_clean	21	673869	48	2	62.85851220347909	7.68504820215368	1613.0	8	CoCoPyE 0.5.0	2	Bacteria
genome_483	88.589763	88.208767	GB_GCA_026396515.1	Patescibacteriota	set_c_clean	29	1708139	48	3	71.55016353848936	19.47064356926467	1613.0	8	CoCoPyE 0.5.0	3	Bacteria
genome_484	80.851007	28.109403	GB_GCA_026396515.1	Patescibacteriota	set_c_clean	25	1052721	48	4	77.28386329357659	8.85909876577605	1613.0	8	CoCoPyE 0.5.0	3	Bacteria
genome_485	100.0	77.216685	GB_GCA_026396515.1	Patescibacteriota	set_c_clean	7	1712179	48	5	66.26595362525443	11.982537485786409	1613.0	8	CoCoPyE 0.5.0	3	Gammaproteobacteria
genome_486	100.0	2.25141	GB_GCA_026396515.1	Patescibacteriota	set_c_clean	2	987902	48	6	83.7610700933462	5.92077763902417	1613.0	8	CoCoPyE 0.5.0	3	Bacteria
genome_487	100.0	61.584019	GB_GCA_026396515.1	Patescibacteriota	set_c_clean	9	1561144	48	7	76.72852992236945	18.31110757867061	1613.0	8	CoCoPyE 0.5.0	3	Bacteria
genome_488	100.0	69.536511	GB_GCA_026396515.1	Patescibacteriota	set_c_clean	4	1637977	48	8	79.49842996100122	21.14261828440571	1613.0	8	CoCoPyE 0.5.0	3	Bacteria
genome_489	100.0	75.451948	GB_GCA_026396515.1	Patescibacteriota	set_c_clean	5	1695129	48	9	69.61723615860083	19.3765370194674	1613.0	8	CoCoPyE 0.5.0	3	Bacteria
genome_490	90.48192	44.425604	GB_GCA_026417895.1	Patescibacteriota	set_c_clean	2	876764	49	0	75.67627672949457	7.11816847383737	1613.0	8	CoCoPyE 0.5.0	3	Bacteria
genome_491	79.33082	24.441914	GB_GCA_026417895.1	Patescibacteriota	set_c_clean	8	674419	49	1	70.61912424105127	18.21708543241146	1613.0	8	CoCoPyE 0.5.0	3	Bacteria
genome_492	71.758578	33.00277	GB_GCA_026417895.1	Patescibacteriota	set_c_clean	39	680844	49	2	65.45088825308538	11.98669069447591	1613.0	8	CoCoPyE 0.5.0	3	Bacteria
genome_493	100.0	33.733344	GB_GCA_026417895.1	Patescibacteriota	set_c_clean	2	869133	49	3	85.80230071368308	12.04270801815462	1613.0	8	CoCoPyE 0.5.0	3	Bacteria
genome_494	84.450992	13.209878	GB_GCA_026417895.1	Patescibacteriota	set_c_clean	68	634698	49	4	63.85191036745741	5.43107046249403	1613.0	8	CoCoPyE 0.5.0	3	Bacteria
genome_495	100.0	27.899215	GB_GCA_026417895.1	Patescibacteriota	set_c_clean	6	831217	49	5	79.10296101065342	11.80788148475995	1613.0	8	CoCoPyE 0.5.0	3	Bacteria
genome_496	74.723034	74.723034	GB_GCA_026417895.1	Patescibacteriota	set_c_clean	38	971250	49	6	73.15363859289027	21.53912331628986	1613.0	8	CoCoPyE 0.5.0	3	Bacteria
genome_497	100.0	62.003693	GB_GCA_026417895.1	Patescibacteriota	set_c_clean	5	1052862	49	7	72.4822661525003	15.38932132037032	1613.0	8	CoCoPyE 0.5.0	3	Bacteria
genome_498	100.0	38.131251	GB_GCA_026417895.1	Patescibacteriota	set_c_clean	2	897715	49	8	75.67594885090955	22.29335777486109	1613.0	8	CoCoPyE 0.5.0	3	Bacteria
genome_499	81.45807	71.139868	GB_GCA_026417895.1	Patescibacteriota	set_c_clean	27	991734	49	9	63.593936636843516	22.08578593362515	1613.0	8	CoCoPyE 0.5.0	2	Bacteria
genome_500	100.0	36.266842	GB_GCA_027422835.1	Patescibacteriota	set_c_clean	12	952820	50	0	83.6484489449254	16.07958734862023	1613.0	8	CoCoPyE 0.5.0	3	Bacteria
genome_501	70.653189	70.653189	GB_GCA_027422835.1	Patescibacteriota	set_c_clean	60	988058	50	1	67.18856584287491	19.26184186233183	1613.0	8	CoCoPyE 0.5.0	3	Bacteria
genome_502	94.17317	41.644464	GB_GCA_027422835.1	Patescibacteriota	set_c_clean	6	949679	50	2	66.28019161089043	13.551796849480219	1613.0	8	CoCoPyE 0.5.0	3	Pseudomonadota
genome_503	100.0	78.808863	GB_GCA_027422835.1	Patescibacteriota	set_c_clean	9	1250287	50	3	61.23546311548842	6.9100012847058	1613.0	8	CoCoPyE 0.5.0	2	Pasteurellaceae
genome_504	57.161939	20.724768	GB_GCA_027422835.1	Patescibacteriota	set_c_clean	29	544608	50	4	59.77008728743146	8.87666243098523	1613.0	8	CoCoPyE 0.5.0	2	Bacteria
genome_505	100.0	78.205343	GB_GCA_027422835.1	Patescibacteriota	set_c_clean	4	1246067	50	5	80.26228539061819	18.49298907140084	1613.0	8	CoCoPyE 0.5.0	3	Bacteria
genome_506	54.506308	54.506308	GB_GCA_027422835.1	Patescibacteriota	set_c_clean	51	762250	50	6	60.55201492793499	16.13968218814289	1613.0	8	CoCoPyE 0.5.0	2	Bacteria
genome_507	65.317041	65.317041	GB_GCA_027422835.1	Patescibacteriota	set_c_clean	5	913434	50	7	65.85540032356137	11.942228997898011	1613.0	8	CoCoPyE 0.5.0	3	Bacteria
genome_508	54.025208	25.477417	GB_GCA_027422835.1	Patescibacteriota	set_c_clean	38	555907	50	8	63.825332262451006	14.549529821217869	1613.0	8	CoCoPyE 0.5.0	2	Bacteria
genome_509	79.467444	73.76618	GB_GCA_027422835.1	Patescibacteriota	set_c_clean	23	1071457	50	9	62.58844151229375	15.28454176584785	1613.0	8	CoCoPyE 0.5.0	2	Lactobacillaceae
genome_510	70.65271	58.109507	GB_GCA_028710985.1	Patescibacteriota	set_c_clean	8	1324434	51	0	66.54973564636933	19.982313950846333	1613.0	8	CoCoPyE 0.5.0	3	Bacteria
genome_511	55.85331	55.85331	GB_GCA_028710985.1	Patescibacteriota	set_c_clean	5	1149002	51	1	62.2581571239309	11.15447683386033	1613.0	8	CoCoPyE 0.5.0	2	Pseudomonadota
genome_512	68.862393	57.036873	GB_GCA_028710985.1	Patescibacteriota	set_c_clean	31	1294986	51	2	68.19982383990741	19.95432194583633	1613.0	8	CoCoPyE 0.5.0	3	Bacteria
genome_513	93.626026	30.922847	GB_GCA_028710985.1	Patescibacteriota	set_c_clean	65	1281096	51	3	82.56280583436204	13.459086426853489	1613.0	8	CoCoPyE 0.5.0	3	Bacteria
genome_514	79.591363	79.591363	GB_GCA_028710985.1	Patescibacteriota	set_c_clean	12	1637336	51	4	66.81647276304906	22.60725510196556	1613.0	8	CoCoPyE 0.5.0	3	Bacteria
genome_515	100.0	63.105186	GB_GCA_028710985.1	Patescibacteriota	set_c_clean	5	1677682	51	5	73.7923261457484	22.73309268613416	1613.0	8	CoCoPyE 0.5.0	3	Pseudomonadota
genome_516	71.99134	14.670777	GB_GCA_028710985.1	Patescibacteriota	set_c_clean	28	891397	51	6	70.78708818923445	15.689725817091599	1613.0	8	CoCoPyE 0.5.0	3	Bacteria
genome_517	60.442509	25.472468	GB_GCA_028710985.1	Patescibacteriota	set_c_clean	85	883712	51	7	70.917008264667	16.31304164362109	1613.0	8	CoCoPyE 0.5.0	3	Bacteria
genome_518	70.201217	24.022423	GB_GCA_028710985.1	Patescibacteriota	set_c_clean	3	969174	51	8	66.0563693533758	5.594616272281621	1613.0	8	CoCoPyE 0.5.0	3	Bacteria
genome_519	65.812973	38.183667	GB_GCA_028710985.1	Patescibacteriota	set_c_clean	6	1069698	51	9	61.98656582142712	8.25659919049739	1613.0	8	CoCoPyE 0.5.0	2	Bacteria
genome_520	58.534097	58.534097	GB_GCA_028718865.1	Patescibacteriota	set_c_clean	10	1026818	52	0	65.33782857666375	19.44474236291321	1613.0	8	CoCoPyE 0.5.0	3	Pseudomonadota
genome_521	100.0	19.102029	GB_GCA_028718865.1	Patescibacteriota	set_c_clean	4	1044657	52	1	82.43860618229895	9.18188559676303	1613.0	8	CoCoPyE 0.5.0	3	Bacteria
genome_522	79.634847	1.430606	GB_GCA_028718865.1	Patescibacteriota	set_c_clean	7	711034	52	2	63.50316765062543	5.3681209028462	1613.0	8	CoCoPyE 0.5.0	2	Bacteria
genome_523	60.575115	4.840436	GB_GCA_028718865.1	Patescibacteriota	set_c_clean	45	573767	52	3	63.71385985622005	1.36541138190052	1613.0	8	CoCoPyE 0.5.0	2	Bacteria
genome_524	83.76169	56.411218	GB_GCA_028718865.1	Patescibacteriota	set_c_clean	3	1229472	52	4	79.10544194012931	20.39469490999526	1613.0	8	CoCoPyE 0.5.0	3	Bacteria
genome_525	65.980475	34.563014	GB_GCA_028718865.1	Patescibacteriota	set_c_clean	26	881878	52	5	64.45825215575611	14.61353933741548	1613.0	8	CoCoPyE 0.5.0	3	Bacteria
genome_526	85.768278	80.824662	GB_GCA_028718865.1	Patescibacteriota	set_c_clean	5	1461205	52	6	61.33445352304317	19.89196413834154	1613.0	8	CoCoPyE 0.5.0	2	Corynebacterium
genome_527	88.094323	29.832598	GB_GCA_028718865.1	Patescibacteriota	set_c_clean	18	1034350	52	7	76.97388520146743	21.72553857740833	1613.0	8	CoCoPyE 0.5.0	3	Bacteria
genome_528	100.0	94.455092	GB_GCA_028718865.1	Patescibacteriota	set_c_clean	3	1705587	52	8	79.6281297841513	18.400017440038642	1613.0	8	CoCoPyE 0.5.0	3	Bacteria
genome_529	82.39151	78.997071	GB_GCA_028718865.1	Patescibacteriota	set_c_clean	24	1415557	52	9	63.56218845412565	18.01786162851597	1613.0	8	CoCoPyE 0.5.0	3	Bacteria
genome_530	100.0	40.264195	GB_GCA_028865035.1	Patescibacteriota	set_c_clean	3	1030925	53	0	74.80093241072272	16.8128354393796	1613.0	8	CoCoPyE 0.5.0	3	Bacteria
genome_531	51.838942	49.876597	GB_GCA_028865035.1	Patescibacteriota	set_c_clean	13	747597	53	1	57.761740863904684	12.202742823094841	1613.0	8	CoCoPyE 0.5.0	2	Gammaproteobacteria
genome_532	73.202011	2.338269	GB_GCA_028865035.1	Patescibacteriota	set_c_clean	4	555212	53	2	65.13907849561816	6.9283966541573	1613.0	8	CoCoPyE 0.5.0	3	Bacteria
genome_533	58.174147	58.174011	GB_GCA_028865035.1	Patescibacteriota	set_c_clean	21	855145	53	3	60.17636029317549	12.56117885888928	1613.0	8	CoCoPyE 0.5.0	2	Bacteria
genome_534	100.0	21.778315	GB_GCA_028865035.1	Patescibacteriota	set_c_clean	2	895056	53	4	83.93879229009337	12.80720852241819	1613.0	8	CoCoPyE 0.5.0	3	Bacteria
genome_535	71.062385	20.888096	GB_GCA_028865035.1	Patescibacteriota	set_c_clean	129	675825	53	5	62.718615898774864	18.41377473091277	1613.0	8	CoCoPyE 0.5.0	3	Bacteria
genome_536	73.198882	1.377165	GB_GCA_028865035.1	Patescibacteriota	set_c_clean	6	548125	53	6	64.08184273910047	6.97243680102399	1613.0	8	CoCoPyE 0.5.0	3	Bacteria
genome_537	100.0	52.899367	GB_GCA_028865035.1	Patescibacteriota	set_c_clean	6	1123792	53	7	65.35276804777051	15.98212125153653	1613.0	8	CoCoPyE 0.5.0	2	Campylobacterales
genome_538	69.135823	69.135823	GB_GCA_028865035.1	Patescibacteriota	set_c_clean	28	1016280	53	8	61.1693405818678	18.49636575486409	1613.0	8	CoCoPyE 0.5.0	2	Bacteria
genome_539	100.0	54.700213	GB_GCA_028865035.1	Patescibacteriota	set_c_clean	11	1137028	53	9	89.50092153696528	21.498924364822212	1613.0	8	CoCoPyE 0.5.0	2	Bacteria
genome_540	100.0	64.386701	GB_GCA_028870835.1	Patescibacteriota	set_c_clean	19	1623728	54	0	75.15352320706774	22.04244726838121	1613.0	8	CoCoPyE 0.5.0	3	Bacteria
genome_541	50.590687	29.386109	GB_GCA_028870835.1	Patescibacteriota	set_c_clean	57	789970	54	1	60.637332405880585	7.251581544692599	1613.0	8	CoCoPyE 0.5.0	2	Bacteria
genome_542	100.0	47.08595	GB_GCA_028870835.1	Patescibacteriota	set_c_clean	55	1452840	54	2	76.16314421243302	20.00889023196786	1613.0	8	CoCoPyE 0.5.0	3	Bacteria
genome_543	100.0	63.684094	GB_GCA_028870835.1	Patescibacteriota	set_c_clean	24	1616788	54	3	67.8929209130613	18.248282983957438	1613.0	8	CoCoPyE 0.5.0	3	Bacteria
genome_544	61.862072	47.824295	GB_GCA_028870835.1	Patescibacteriota	set_c_clean	14	1083426	54	4	57.157684035814206	13.5856421566037	1613.0	8	CoCoPyE 0.5.0	2	Pseudomonadota
genome_545	59.721447	8.386139	GB_GCA_028870835.1	Patescibacteriota	set_c_clean	6	672732	54	5	58.827990037969236	0.98304406508321	1613.0	8	CoCoPyE 0.5.0	2	Bacteria
genome_546	100.0	44.881544	GB_GCA_028870835.1	Patescibacteriota	set_c_clean	20	1431066	54	6	75.27147645136677	12.8457642590246	1613.0	8	CoCoPyE 0.5.0	3	Bacteria
genome_547	100.0	93.246766	GB_GCA_028870835.1	Patescibacteriota	set_c_clean	124	1908793	54	7	66.60330000665215	18.07484769703309	1613.0	8	CoCoPyE 0.5.0	3	Actinomycetes
genome_548	100.0	98.243177	GB_GCA_028870835.1	Patescibacteriota	set_c_clean	22	1958145	54	8	70.11734852045657	20.55124035444218	1613.0	8	CoCoPyE 0.5.0	3	Bacteroidia
genome_549	100.0	2.484741	GB_GCA_028870835.1	Patescibacteriota	set_c_clean	2	1012292	54	9	71.15613428807575	6.33632477144954	1613.0	8	CoCoPyE 0.5.0	3	Bacteria
genome_550	61.346515	50.163333	GB_GCA_029288615.1	Patescibacteriota	set_c_clean	8	878653	55	0	59.88905658163984	7.18793332362842	1613.0	8	CoCoPyE 0.5.0	2	Bacteria
genome_551	100.0	78.429362	GB_GCA_029288615.1	Patescibacteriota	set_c_clean	175	1405952	55	1	70.69662075713597	14.41112589386817	1613.0	8	CoCoPyE 0.5.0	3	Bacteria
genome_552	80.154323	59.151607	GB_GCA_029288615.1	Patescibacteriota	set_c_clean	11	1097675	55	2	73.83682292317903	22.17634130763579	1613.0	8	CoCoPyE 0.5.0	3	Bacteria
genome_553	72.563201	12.504188	GB_GCA_029288615.1	Patescibacteriota	set_c_clean	7	670297	55	3	62.81728786770867	4.14272691547413	1613.0	8	CoCoPyE 0.5.0	2	Bacteria
genome_554	70.500025	66.734606	GB_GCA_029288615.1	Patescibacteriota	set_c_clean	80	1081354	55	4	60.87401616825209	12.93881250008371	1613.0	8	CoCoPyE 0.5.0	2	Bacteria
genome_555	100.0	69.478654	GB_GCA_029288615.1	Patescibacteriota	set_c_clean	15	1335424	55	5	64.24649859341842	12.94819401482834	1613.0	8	CoCoPyE 0.5.0	2	Actinomycetes
genome_556	85.846997	85.846997	GB_GCA_029288615.1	Patescibacteriota	set_c_clean	17	1352880	55	6	61.734129170135546	14.677089929276471	1613.0	8	CoCoPyE 0.5.0	3	Bacteria
genome_557	83.737499	76.995533	GB_GCA_029288615.1	Patescibacteriota	set_c_clean	73	1266512	55	7	73.52133239700102	17.081712713717582	1613.0	8	CoCoPyE 0.5.0	3	Bacteria
genome_558	100.0	87.071552	GB_GCA_029288615.1	Patescibacteriota	set_c_clean	7	1474049	55	8	82.56256418413385	22.03081174302082	1613.0	8	CoCoPyE 0.5.0	3	-
genome_559	85.084141	85.084141	GB_GCA_029288615.1	Patescibacteriota	set_c_clean	67	1340858	55	9	65.18727114745361	13.774472653503231	1613.0	8	CoCoPyE 0.5.0	3	Bacteria
genome_560	92.772939	80.982743	GB_GCA_030531645.1	Patescibacteriota	set_c_clean	109	1339665	56	0	64.33595354740443	14.47672173195793	1613.0	8	CoCoPyE 0.5.0	2	Mycobacteriales
genome_561	100.0	31.213805	GB_GCA_030531645.1	Patescibacteriota	set_c_clean	8	1011665	56	1	77.79659383584227	16.34098655373132	1613.0	8	CoCoPyE 0.5.0	3	Bacteria
genome_562	100.0	90.337417	GB_GCA_030531645.1	Patescibacteriota	set_c_clean	27	1467511	56	2	64.96199352636029	17.95227092151664	1613.0	8	CoCoPyE 0.5.0	3	Bacteria
genome_563	100.0	8.415639	GB_GCA_030531645.1	Patescibacteriota	set_c_clean	2	835890	56	3	78.01570905969466	12.949316392747859	1613.0	8	CoCoPyE 0.5.0	3	Bacteria
genome_564	100.0	62.247456	GB_GCA_030531645.1	Patescibacteriota	set_c_clean	78	1250936	56	4	71.33054735458629	19.890967744428202	1613.0	8	CoCoPyE 0.5.0	3	Pseudomonadota
genome_565	58.672642	58.672512	GB_GCA_030531645.1	Patescibacteriota	set_c_clean	21	904737	56	5	61.457059755926025	3.50771171008318	1613.0	8	CoCoPyE 0.5.0	2	Bacteria
genome_566	100.0	9.17854	GB_GCA_030531645.1	Patescibacteriota	set_c_clean	2	841772	56	6	76.19474964416608	17.87217922428249	1613.0	8	CoCoPyE 0.5.0	3	Bacteria
genome_567	100.0	72.301995	GB_GCA_030531645.1	Patescibacteriota	set_c_clean	59	1328457	56	7	79.56292836182995	21.42504023621774	1613.0	8	CoCoPyE 0.5.0	3	Bacteria
genome_568	69.887614	11.052717	GB_GCA_030531645.1	Patescibacteriota	set_c_clean	14	624054	56	8	65.70241318184686	10.83903651973224	1613.0	8	CoCoPyE 0.5.0	3	Bacteria
genome_569	87.017205	82.645768	GB_GCA_030531645.1	Patescibacteriota	set_c_clean	30	1308110	56	9	62.61180405400882	16.03260457935297	1613.0	8	CoCoPyE 0.5.0	2	Campylobacter
genome_570	83.300638	55.554204	GB_GCA_030616085.1	Patescibacteriota	set_c_clean	6	1027748	57	0	66.60398414765451	16.68137610724144	1613.0	8	CoCoPyE 0.5.0	3	Bacteria
genome_571	69.658587	25.990462	GB_GCA_030616085.1	Patescibacteriota	set_c_clean	38	707956	57	1	63.963730251632846	8.9528119045745	1613.0	8	CoCoPyE 0.5.0	3	Bacteria
genome_572	62.696444	62.696444	GB_GCA_030616085.1	Patescibacteriota	set_c_clean	6	928108	57	2	60.057021192702955	20.03296017444217	1613.0	8	CoCoPyE 0.5.0	2	Bacteria
genome_573	100.0	23.991164	GB_GCA_030616085.1	Patescibacteriota	set_c_clean	2	917733	57	3	67.61956808169636	13.304216483789261	1613.0	8	CoCoPyE 0.5.0	3	Bacteria
genome_574	100.0	90.176583	GB_GCA_030616085.1	Patescibacteriota	set_c_clean	6	1407611	57	4	79.39450017084147	24.99292829768049	1613.0	8	CoCoPyE 0.5.0	2	Bacteria
genome_575	100.0	34.582793	GB_GCA_030616085.1	Patescibacteriota	set_c_clean	8	996128	57	5	72.71945850204875	23.70967180573617	1613.0	8	CoCoPyE 0.5.0	3	Bacteria
genome_576	63.949957	0.169288	GB_GCA_030616085.1	Patescibacteriota	set_c_clean	18	474585	57	6	62.03297602977538	0.9264469677949101	1613.0	8	CoCoPyE 0.5.0	2	Bacteria
genome_577	77.084414	72.507836	GB_GCA_030616085.1	Patescibacteriota	set_c_clean	29	1107222	57	7	66.88351735046892	23.7164706688854	1613.0	8	CoCoPyE 0.5.0	3	Bacteria
genome_578	100.0	9.538073	GB_GCA_030616085.1	Patescibacteriota	set_c_clean	14	810757	57	8	74.95716691485389	10.065006224159688	1613.0	8	CoCoPyE 0.5.0	3	Bacteria
genome_579	51.82447	13.269158	GB_GCA_030616085.1	Patescibacteriota	set_c_clean	17	481797	57	9	61.66745808833936	8.672365898617999	1613.0	8	CoCoPyE 0.5.0	2	Bacteria
genome_580	81.434838	81.12498	GB_GCA_035390125.1	Patescibacteriota	set_c_clean	25	1353013	58	0	65.86628008442278	11.723577726892021	1613.0	8	CoCoPyE 0.5.0	3	Bacteria
genome_581	100.0	18.370284	GB_GCA_035390125.1	Patescibacteriota	set_c_clean	10	985216	58	1	87.16296604762337	10.3759833608515	1613.0	8	CoCoPyE 0.5.0	3	Bacteria
genome_582	100.0	82.925736	GB_GCA_035390125.1	Patescibacteriota	set_c_clean	10	1522522	58	2	86.8245078755755	21.76544916179787	1613.0	8	CoCoPyE 0.5.0	3	Bacteria
genome_583	100.0	56.643202	GB_GCA_035390125.1	Patescibacteriota	set_c_clean	2	1303768	58	3	67.86113279244897	17.71912145800724	1613.0	8	CoCoPyE 0.5.0	3	Bifidobacteriaceae
genome_584	73.651265	20.865007	GB_GCA_035390125.1	Patescibacteriota	set_c_clean	9	786675	58	4	59.841878440874844	17.802506051239302	1613.0	8	CoCoPyE 0.5.0	2	Borreliaceae
genome_585	93.03871	93.03871	GB_GCA_035390125.1	Patescibacteriota	set_c_clean	6	1548754	58	5	77.49487890880411	19.251838424120752	1613.0	8	CoCoPyE 0.5.0	3	Bacteria
genome_586	67.516343	65.582825	GB_GCA_035390125.1	Patescibacteriota	set_c_clean	23	1107807	58	6	64.26188363140768	18.55954877537732	1613.0	8	CoCoPyE 0.5.0	3	Pseudomonadota
genome_587	78.737188	10.687274	GB_GCA_035390125.1	Patescibacteriota	set_c_clean	38	744295	58	7	66.54059954192576	6.469297810122409	1613.0	8	CoCoPyE 0.5.0	3	Bacteria
genome_588	89.385775	33.184952	GB_GCA_035390125.1	Patescibacteriota	set_c_clean	2	1020177	58	8	81.68215214629961	11.30752169624207	1613.0	8	CoCoPyE 0.5.0	3	Bacteria
genome_589	76.037255	55.417347	GB_GCA_035390125.1	Patescibacteriota	set_c_clean	26	1094119	58	9	71.4266181909511	18.57052374914982	1613.0	8	CoCoPyE 0.5.0	3	Bacteria
genome_590	100.0	64.783007	GB_GCA_035445505.1	Patescibacteriota	set_c_clean	38	1389653	59	0	63.08943648017594	18.42676395921479	1613.0	8	CoCoPyE 0.5.0	2	Streptococcus
genome_591	100.0	6.816961	GB_GCA_035445505.1	Patescibacteriota	set_c_clean	7	900812	59	1	88.76247629549032	9.98446602056892	1613.0	8	CoCoPyE 0.5.0	3	Bacteria
genome_592	76.691849	18.811772	GB_GCA_035445505.1	Patescibacteriota	set_c_clean	13	805404	59	2	67.1983368628392	18.31795756280779	1613.0	8	CoCoPyE 0.5.0	3	Bacteria
genome_593	100.0	24.999674	GB_GCA_035445505.1	Patescibacteriota	set_c_clean	2	1054151	59	3	84.09387196836325	18.88072604701637	1613.0	8	CoCoPyE 0.5.0	3	Bacteria
genome_594	94.980097	8.93086	GB_GCA_035445505.1	Patescibacteriota	set_c_clean	3	876305	59	4	83.41267893024258	8.01768756991613	1613.0	8	CoCoPyE 0.5.0	3	Bacteria
genome_595	100.0	56.652315	GB_GCA_035445505.1	Patescibacteriota	set_c_clean	57	1321085	59	5	86.05640602086642	22.54467076357111	1613.0	8	CoCoPyE 0.5.0	3	Bacteria
genome_596	56.619231	56.619231	GB_GCA_035445505.1	Patescibacteriota	set_c_clean	6	954966	59	6	57.08397028964931	8.77734935071161	1613.0	8	CoCoPyE 0.5.0	2	Bacteria
genome_597	100.0	65.568234	GB_GCA_035445505.1	Patescibacteriota	set_c_clean	3	1396275	59	7	83.87880188566767	22.98053408625676	1613.0	8	CoCoPyE 0.5.0	2	Bacteria
genome_598	100.0	7.600765	GB_GCA_035445505.1	Patescibacteriota	set_c_clean	2	907422	59	8	84.03445993668338	12.54514503959881	1613.0	8	CoCoPyE 0.5.0	3	Bacteria
genome_599	100.0	92.827541	GB_GCA_035445505.1	Patescibacteriota	set_c_clean	48	1626159	59	9	71.57615213740362	19.16376317298139	1613.0	8	CoCoPyE 0.5.0	3	Bacilli
genome_600	100.0	65.925098	GB_GCA_035489575.1	Patescibacteriota	set_c_clean	35	2518816	60	0	64.48833339961499	28.48113954986653	1613.0	8	CoCoPyE 0.5.0	3	Campylobacterales
genome_601	100.0	39.697202	GB_GCA_035489575.1	Patescibacteriota	set_c_clean	5	2120665	60	1	72.64059010341103	15.48169446517272	1613.0	8	CoCoPyE 0.5.0	3	Bacteria
genome_602	100.0	19.124281	GB_GCA_035489575.1	Patescibacteriota	set_c_clean	24	1808359	60	2	82.22490492518713	15.84846292882514	1613.0	8	CoCoPyE 0.5.0	3	Bacteria
genome_603	74.776225	11.446045	GB_GCA_035489575.1	Patescibacteriota	set_c_clean	5	1308892	60	3	65.52747558205034	6.390580381025821	1613.0	8	CoCoPyE 0.5.0	3	Bacteria
genome_604	99.483809	99.483809	GB_GCA_035489575.1	Patescibacteriota	set_c_clean	16	3020416	60	4	63.80556825447212	25.2081639064719	1613.0	8	CoCoPyE 0.5.0	3	Acetobacteraceae
genome_605	83.843222	16.827707	GB_GCA_035489575.1	Patescibacteriota	set_c_clean	13	1528229	60	5	68.32373701637722	6.9985547332969995	1613.0	8	CoCoPyE 0.5.0	3	Bacteria
genome_606	93.760919	4.691893	GB_GCA_035489575.1	Patescibacteriota	set_c_clean	10	1494557	60	6	80.36093374227366	9.59450559244232	1613.0	8	CoCoPyE 0.5.0	3	Bacteria
genome_607	82.916042	82.916042	GB_GCA_035489575.1	Patescibacteriota	set_c_clean	33	2517404	60	7	73.97072206542839	28.73305353249087	1613.0	8	CoCoPyE 0.5.0	3	Campylobacter
genome_608	56.459562	37.077054	GB_GCA_035489575.1	Patescibacteriota	set_c_clean	15	1419927	60	8	68.10787723649507	19.23124551063567	1613.0	8	CoCoPyE 0.5.0	3	Bacteria
genome_609	73.978093	40.333021	GB_GCA_035489575.1	Patescibacteriota	set_c_clean	174	1735293	60	9	60.09035116581657	18.88934928253715	1613.0	8	CoCoPyE 0.5.0	2	Streptococcus
genome_610	61.90288	61.90288	GB_GCA_035690865.1	Patescibacteriota	set_c_clean	16	1475574	61	0	62.21675527281994	18.64394941057751	1613.0	8	CoCoPyE 0.5.0	2	Bacteria
genome_611	70.412369	21.352675	GB_GCA_035690865.1	Patescibacteriota	set_c_clean	21	1093698	61	1	69.12772862477212	18.88501312028548	1613.0	8	CoCoPyE 0.5.0	3	Bacteria
genome_612	89.062849	14.891018	GB_GCA_035690865.1	Patescibacteriota	set_c_clean	39	1238970	61	2	77.17182663667376	12.88891068641026	1613.0	8	CoCoPyE 0.5.0	3	Bacteria
genome_613	73.811633	73.811633	GB_GCA_035690865.1	Patescibacteriota	set_c_clean	390	1759442	61	3	61.85727866706247	17.08789712855408	1613.0	8	CoCoPyE 0.5.0	2	Gammaproteobacteria
genome_614	81.063577	17.356101	GB_GCA_035690865.1	Patescibacteriota	set_c_clean	13	1173011	61	4	73.9567940809456	8.73135607073435	1613.0	8	CoCoPyE 0.5.0	3	Bacteria
genome_615	89.560312	47.19301	GB_GCA_035690865.1	Patescibacteriota	set_c_clean	6	1629889	61	5	64.66509166664757	23.617318349172358	1613.0	8	CoCoPyE 0.5.0	3	Lactobacillales
genome_616	70.749745	49.622854	GB_GCA_035690865.1	Patescibacteriota	set_c_clean	11	1434656	61	6	63.464623584818966	17.31143244146795	1613.0	8	CoCoPyE 0.5.0	2	Campylobacterales
genome_617	100.0	92.094532	GB_GCA_035690865.1	Patescibacteriota	set_c_clean	10	2289471	61	7	71.36724610929997	25.600250680669927	1613.0	8	CoCoPyE 0.5.0	2	Pseudomonadota
genome_618	56.721506	20.764763	GB_GCA_035690865.1	Patescibacteriota	set_c_clean	85	923517	61	8	66.19015596145866	12.00883206557872	1613.0	8	CoCoPyE 0.5.0	3	Bacteria
genome_619	52.48522	52.48522	GB_GCA_035690865.1	Patescibacteriota	set_c_clean	7	1251086	61	9	61.93501321902255	6.52792960235279	1613.0	8	CoCoPyE 0.5.0	3	Bacteria
genome_620	100.0	40.821013	GB_GCA_036388555.1	Patescibacteriota	set_c_clean	2	1988856	62	0	73.16484889304627	16.89726067551432	1613.0	8	CoCoPyE 0.5.0	3	Bacteria
genome_621	90.495133	13.911914	GB_GCA_036388555.1	Patescibacteriota	set_c_clean	9	1474571	62	1	80.30198776414382	17.30795930045121	1613.0	8	CoCoPyE 0.5.0	3	Bacteria
genome_622	80.19824	58.846345	GB_GCA_036388555.1	Patescibacteriota	set_c_clean	6	1963767	62	2	64.74962985719155	18.77593662228686	1613.0	8	CoCoPyE 0.5.0	2	Bacteria
genome_623	86.543999	59.396288	GB_GCA_036388555.1	Patescibacteriota	set_c_clean	17	2061157	62	3	66.76402038437641	25.14902327536187	1613.0	8	CoCoPyE 0.5.0	3	Bacteria
genome_624	71.467625	62.775175	GB_GCA_036388555.1	Patescibacteriota	set_c_clean	57	1895950	62	4	58.61153238458395	13.829275778785592	1613.0	8	CoCoPyE 0.5.0	2	Staphylococcaceae
genome_625	79.452451	65.659418	GB_GCA_036388555.1	Patescibacteriota	set_c_clean	26	2049457	62	5	71.3575852931715	19.03519468034057	1613.0	8	CoCoPyE 0.5.0	3	Bacteria
genome_626	66.268554	3.951346	GB_GCA_036388555.1	Patescibacteriota	set_c_clean	46	991736	62	6	67.88627132588604	9.74283702273307	1613.0	8	CoCoPyE 0.5.0	3	Bacteria
genome_627	85.755019	13.71805	GB_GCA_036388555.1	Patescibacteriota	set_c_clean	13	1404887	62	7	74.7857642911774	15.88592225869611	1613.0	8	CoCoPyE 0.5.0	3	Bacteria
genome_628	85.713669	28.966763	GB_GCA_036388555.1	Patescibacteriota	set_c_clean	234	1619665	62	8	72.02376540304802	19.97620396391261	1613.0	8	CoCoPyE 0.5.0	3	Bacteria
genome_629	67.795252	32.404489	GB_GCA_036388555.1	Patescibacteriota	set_c_clean	15	1415150	62	9	67.44576719449701	13.67287733415906	1613.0	8	CoCoPyE 0.5.0	3	Bacteria
genome_630	58.165129	7.637225	GB_GCA_036783885.1	Patescibacteriota	set_c_clean	3	389900	63	0	59.5420744915936	0.0	1613.0	8	CoCoPyE 0.5.0	2	Wolbachia
genome_631	100.0	90.325923	GB_GCA_036783885.1	Patescibacteriota	set_c_clean	41	1127742	63	1	63.52196806246404	13.24682401594571	1613.0	8	CoCoPyE 0.5.0	2	Bacilli
genome_632	73.104744	45.273167	GB_GCA_036783885.1	Patescibacteriota	set_c_clean	13	701427	63	2	65.07795368898365	15.88504989571746	1613.0	8	CoCoPyE 0.5.0	2	Bacteria
genome_633	100.0	92.241094	GB_GCA_036783885.1	Patescibacteriota	set_c_clean	10	1139090	63	3	68.53533052535954	17.21740390431029	1613.0	8	CoCoPyE 0.5.0	3	Bacteria
genome_634	100.0	82.007048	GB_GCA_036783885.1	Patescibacteriota	set_c_clean	33	1078450	63	4	64.97404412694502	17.05899521349194	1613.0	8	CoCoPyE 0.5.0	3	Bacteria
genome_635	100.0	94.586115	GB_GCA_036783885.1	Patescibacteriota	set_c_clean	4	1152985	63	5	69.36233153331443	18.14759374537869	1613.0	8	CoCoPyE 0.5.0	3	Bacteria
genome_636	59.662769	59.662769	GB_GCA_036783885.1	Patescibacteriota	set_c_clean	24	707042	63	6	66.79852421864285	22.73736114307054	1613.0	8	CoCoPyE 0.5.0	3	Bacteria
genome_637	99.781278	37.029393	GB_GCA_036783885.1	Patescibacteriota	set_c_clean	4	810647	63	7	73.35082639979306	7.70319596597789	1613.0	8	CoCoPyE 0.5.0	3	Pseudomonadota
genome_638	80.254569	80.254569	GB_GCA_036783885.1	Patescibacteriota	set_c_clean	83	951068	63	8	66.36772808316283	16.684263525254682	1613.0	8	CoCoPyE 0.5.0	3	Bacteria
genome_639	73.266423	33.745688	GB_GCA_036783885.1	Patescibacteriota	set_c_clean	39	634081	63	9	61.32387808489512	5.61490112444243	1613.0	8	CoCoPyE 0.5.0	2	Bacteria
genome_640	69.168692	16.857441	GB_GCA_037137935.1	Patescibacteriota	set_c_clean	5	695560	64	0	68.71990217138455	11.16787947808215	1613.0	8	CoCoPyE 0.5.0	3	Bacteria
genome_641	76.140227	24.167239	GB_GCA_037137935.1	Patescibacteriota	set_c_clean	22	811031	64	1	61.8954653838154	3.7071185090614898	1613.0	8	CoCoPyE 0.5.0	2	Bacteria
genome_642	63.344526	42.443278	GB_GCA_037137935.1	Patescibacteriota	set_c_clean	18	855342	64	2	60.498977216363805	12.17466693126424	1613.0	8	CoCoPyE 0.5.0	2	Bacteria
genome_643	100.0	37.980694	GB_GCA_037137935.1	Patescibacteriota	set_c_clean	12	1115636	64	3	79.66520853008173	16.58993393664225	1613.0	8	CoCoPyE 0.5.0	3	Bacteria
genome_644	79.463975	79.463975	GB_GCA_037137935.1	Patescibacteriota	set_c_clean	51	1285004	64	4	71.27330881939044	20.95669660440889	1613.0	8	CoCoPyE 0.5.0	3	Bacteria
genome_645	100.0	98.69259	GB_GCA_037137935.1	Patescibacteriota	set_c_clean	13	1606519	64	5	68.95188512219643	19.03314950588826	1613.0	8	CoCoPyE 0.5.0	3	Pseudomonadota
genome_646	78.222115	28.461125	GB_GCA_037137935.1	Patescibacteriota	set_c_clean	25	862582	64	6	66.92943086589939	13.171397946227788	1613.0	8	CoCoPyE 0.5.0	3	Bacteria
genome_647	87.268117	30.678317	GB_GCA_037137935.1	Patescibacteriota	set_c_clean	52	953650	64	7	73.4190332570739	14.447432570332799	1613.0	8	CoCoPyE 0.5.0	3	Bacteria
genome_648	50.187559	50.187559	GB_GCA_037137935.1	Patescibacteriota	set_c_clean	29	811578	64	8	58.29402532187531	6.38973653734936	1613.0	8	CoCoPyE 0.5.0	2	Bacteria
genome_649	100.0	89.082859	GB_GCA_037137935.1	Patescibacteriota	set_c_clean	26	1528820	64	9	69.49505439984637	21.80338380656199	1613.0	8	CoCoPyE 0.5.0	3	Lactobacillales
genome_650	100.0	97.707273	GB_GCA_037142555.1	Patescibacteriota	set_c_clean	4	1535885	65	0	71.00235840963386	15.37426760478817	1613.0	8	CoCoPyE 0.5.0	3	Bacteria
genome_651	52.70336	15.061119	GB_GCA_037142555.1	Patescibacteriota	set_c_clean	36	526427	65	1	62.95006477765719	1.7511836170381299	1613.0	8	CoCoPyE 0.5.0	2	Bacteria
genome_652	100.0	47.095442	GB_GCA_037142555.1	Patescibacteriota	set_c_clean	10	1142708	65	2	74.31860339199324	10.322488734691209	1613.0	8	CoCoPyE 0.5.0	3	Bacteria
genome_653	81.878694	72.761724	GB_GCA_037142555.1	Patescibacteriota	set_c_clean	51	1201321	65	3	60.917434796921086	17.74086736167737	1613.0	8	CoCoPyE 0.5.0	3	Bacteria
genome_654	100.0	93.496797	GB_GCA_037142555.1	Patescibacteriota	set_c_clean	14	1503176	65	4	65.94517224873937	16.714830218551242	1613.0	8	CoCoPyE 0.5.0	3	Bacillota
genome_655	100.0	53.697506	GB_GCA_037142555.1	Patescibacteriota	set_c_clean	15	1193996	65	5	69.25461408382118	10.09353649122059	1613.0	8	CoCoPyE 0.5.0	3	Bacteria
genome_656	100.0	34.37854	GB_GCA_037142555.1	Patescibacteriota	set_c_clean	5	1043917	65	6	71.04481780677929	14.32095930421015	1613.0	8	CoCoPyE 0.5.0	3	Pseudomonadota
genome_657	55.350982	43.022959	GB_GCA_037142555.1	Patescibacteriota	set_c_clean	61	764216	65	7	60.63842340477511	5.76284422214959	1613.0	8	CoCoPyE 0.5.0	2	Bacteria
genome_658	100.0	21.784184	GB_GCA_037142555.1	Patescibacteriota	set_c_clean	4	946078	65	8	71.08733201316578	13.789147797696469	1613.0	8	CoCoPyE 0.5.0	3	Bacteria
genome_659	98.837224	85.106996	GB_GCA_037142555.1	Patescibacteriota	set_c_clean	24	1428967	65	9	66.9684341838078	14.69010511350605	1613.0	8	CoCoPyE 0.5.0	3	Bacteria
genome_660	71.358448	35.007826	GB_GCA_038064415.1	Patescibacteriota	set_c_clean	7	684317	66	0	62.32478750587017	6.55869831416917	1613.0	8	CoCoPyE 0.5.0	2	Bacteria
genome_661	64.483749	64.483749	GB_GCA_038064415.1	Patescibacteriota	set_c_clean	8	829724	66	1	74.06113522406922	22.20446608041725	1613.0	8	CoCoPyE 0.5.0	3	Bacillota
genome_662	100.0	33.456282	GB_GCA_038064415.1	Patescibacteriota	set_c_clean	2	858603	66	2	80.20885273426383	15.22987841846507	1613.0	8	CoCoPyE 0.5.0	3	Bacteria
genome_663	88.149696	46.96538	GB_GCA_038064415.1	Patescibacteriota	set_c_clean	13	869275	66	3	66.85256160690108	11.053658992800349	1613.0	8	CoCoPyE 0.5.0	3	Bacteria
genome_664	88.009805	13.062847	GB_GCA_038064415.1	Patescibacteriota	set_c_clean	8	650260	66	4	64.8007534038664	5.5762558270614795	1613.0	8	CoCoPyE 0.5.0	3	Bacteria
genome_665	100.0	34.088433	GB_GCA_038064415.1	Patescibacteriota	set_c_clean	6	862670	66	5	69.1653190152458	16.13859063311525	1613.0	8	CoCoPyE 0.5.0	3	Bacteria
genome_666	55.183809	17.987158	GB_GCA_038064415.1	Patescibacteriota	set_c_clean	7	470752	66	6	61.87732840597347	5.22582454550187	1613.0	8	CoCoPyE 0.5.0	2	Bacteria
genome_667	70.408901	70.408901	GB_GCA_038064415.1	Patescibacteriota	set_c_clean	62	905964	66	7	62.462422635413084	11.48645679757542	1613.0	8	CoCoPyE 0.5.0	2	Bacteria
genome_668	86.255108	75.013018	GB_GCA_038064415.1	Patescibacteriota	set_c_clean	25	1037533	66	8	70.93897009790707	22.34715735532705	1613.0	8	CoCoPyE 0.5.0	3	Bacteria
genome_669	94.506644	78.23921	GB_GCA_038064415.1	Patescibacteriota	set_c_clean	15	1111376	66	9	65.611601177705	12.13652648119133	1613.0	8	CoCoPyE 0.5.0	3	Bacteria
genome_670	100.0	76.916818	GB_GCA_038065715.1	Patescibacteriota	set_c_clean	11	1335032	67	0	67.92027985797317	25.778873766454343	1613.0	8	CoCoPyE 0.5.0	3	Bacteria
genome_671	71.703661	21.318694	GB_GCA_038065715.1	Patescibacteriota	set_c_clean	39	701956	67	1	63.50958502484478	14.00047714972661	1613.0	8	CoCoPyE 0.5.0	2	Bacteria
genome_672	58.372404	41.130915	GB_GCA_038065715.1	Patescibacteriota	set_c_clean	6	750862	67	2	60.747823367298935	11.58846392417214	1613.0	8	CoCoPyE 0.5.0	2	Bacteria
genome_673	67.131366	6.302196	GB_GCA_038065715.1	Patescibacteriota	set_c_clean	3	554137	67	3	61.711518309066605	4.6191795769064905	1613.0	8	CoCoPyE 0.5.0	2	Bacteria
genome_674	100.0	59.046527	GB_GCA_038065715.1	Patescibacteriota	set_c_clean	4	1200181	67	4	62.97889376496851	18.52202314396883	1613.0	8	CoCoPyE 0.5.0	2	Campylobacter
genome_675	100.0	1.94299	GB_GCA_038065715.1	Patescibacteriota	set_c_clean	5	769272	67	5	77.35081757956688	9.07863706556727	1613.0	8	CoCoPyE 0.5.0	3	Bacteria
genome_676	68.163687	68.163157	GB_GCA_038065715.1	Patescibacteriota	set_c_clean	45	1028736	67	6	60.05576011027611	11.33804379029889	1613.0	8	CoCoPyE 0.5.0	2	Campylobacterales
genome_677	100.0	65.916036	GB_GCA_038065715.1	Patescibacteriota	set_c_clean	73	1252019	67	7	63.800054451400754	24.11803179323394	1613.0	8	CoCoPyE 0.5.0	3	Bacteria
genome_678	100.0	9.510741	GB_GCA_038065715.1	Patescibacteriota	set_c_clean	2	826379	67	8	75.9924285607943	13.304261727884919	1613.0	8	CoCoPyE 0.5.0	3	Bacteria
genome_679	69.688978	23.470137	GB_GCA_038065715.1	Patescibacteriota	set_c_clean	25	702988	67	9	61.70421002639868	4.69646333865665	1613.0	8	CoCoPyE 0.5.0	2	Bacteria
genome_680	100.0	17.511789	GB_GCA_038316195.1	Patescibacteriota	set_c_clean	11	1043433	68	0	79.54836272022257	13.15854561383076	1613.0	8	CoCoPyE 0.5.0	3	Bacteria
genome_681	100.0	91.641993	GB_GCA_038316195.1	Patescibacteriota	set_c_clean	6	1701664	68	1	76.74097022361927	14.04485167170369	1613.0	8	CoCoPyE 0.5.0	3	Bacteria
genome_682	61.694666	50.535566	GB_GCA_038316195.1	Patescibacteriota	set_c_clean	7	996536	68	2	64.13086837279609	7.839839869753259	1613.0	8	CoCoPyE 0.5.0	3	Bacteria
genome_683	100.0	34.814779	GB_GCA_038316195.1	Patescibacteriota	set_c_clean	10	1197073	68	3	89.15277211171909	15.21798241254721	1613.0	8	CoCoPyE 0.5.0	3	Bacteria
genome_684	100.0	69.632711	GB_GCA_038316195.1	Patescibacteriota	set_c_clean	14	1506235	68	4	60.70617931946616	20.31993430251902	1613.0	8	CoCoPyE 0.5.0	2	Lactobacillales
genome_685	79.038312	65.140623	GB_GCA_038316195.1	Patescibacteriota	set_c_clean	110	1280221	68	5	64.46666080092832	15.407301633402021	1613.0	8	CoCoPyE 0.5.0	2	Actinomycetes
genome_686	100.0	13.630666	GB_GCA_038316195.1	Patescibacteriota	set_c_clean	19	1008971	68	6	78.15266533387877	11.76926485552725	1613.0	8	CoCoPyE 0.5.0	3	Bacteria
genome_687	64.010253	64.010253	GB_GCA_038316195.1	Patescibacteriota	set_c_clean	14	1136744	68	7	62.56309189930831	20.40426814226782	1613.0	8	CoCoPyE 0.5.0	2	Bifidobacterium
genome_688	100.0	60.558552	GB_GCA_038316195.1	Patescibacteriota	set_c_clean	3	1425662	68	8	66.1608664053826	22.47176732136829	1613.0	8	CoCoPyE 0.5.0	3	Actinomycetes
genome_689	88.650346	49.593046	GB_GCA_038316195.1	Patescibacteriota	set_c_clean	46	1227517	68	9	77.04236291612636	21.96059661535332	1613.0	8	CoCoPyE 0.5.0	3	Bacteria
genome_690	78.752643	63.298771	GB_GCA_040900375.1	Patescibacteriota	set_c_clean	52	1458645	69	0	70.08113770462191	15.841728628697748	1613.0	8	CoCoPyE 0.5.0	3	Bacteria
genome_691	100.0	43.745344	GB_GCA_040900375.1	Patescibacteriota	set_c_clean	3	1476039	69	1	73.1186959281599	10.6574629586322	1613.0	8	CoCoPyE 0.5.0	3	Bacteria
genome_692	99.701318	50.380341	GB_GCA_040900375.1	Patescibacteriota	set_c_clean	29	1541103	69	2	70.44631252608107	20.81604603069405	1613.0	8	CoCoPyE 0.5.0	3	Bacteria
genome_693	86.37299	73.561294	GB_GCA_040900375.1	Patescibacteriota	set_c_clean	37	1642274	69	3	62.67105426339412	22.71999925800575	1613.0	8	CoCoPyE 0.5.0	3	Campylobacterales
genome_694	100.0	58.853788	GB_GCA_040900375.1	Patescibacteriota	set_c_clean	2	1631179	69	4	77.11272175028022	19.44240552992202	1613.0	8	CoCoPyE 0.5.0	3	Bacteria
genome_695	100.0	83.889553	GB_GCA_040900375.1	Patescibacteriota	set_c_clean	157	1888257	69	5	65.44260036975649	18.89134809407984	1613.0	8	CoCoPyE 0.5.0	3	Actinomycetes
genome_696	84.495585	41.80941	GB_GCA_040900375.1	Patescibacteriota	set_c_clean	10	1296954	69	6	74.10717895184938	16.72676763022553	1613.0	8	CoCoPyE 0.5.0	3	Bacteria
genome_697	78.895605	10.034738	GB_GCA_040900375.1	Patescibacteriota	set_c_clean	14	913175	69	7	67.78655505936032	15.40307163166198	1613.0	8	CoCoPyE 0.5.0	3	Bacteria
genome_698	74.929955	22.44832	GB_GCA_040900375.1	Patescibacteriota	set_c_clean	123	999922	69	8	63.72528073838038	13.52239704056142	1613.0	8	CoCoPyE 0.5.0	2	Bacteria
genome_699	93.754255	45.648653	GB_GCA_040900375.1	Patescibacteriota	set_c_clean	38	1431449	69	9	67.30663940844985	22.39317834878834	1613.0	8	CoCoPyE 0.5.0	3	Bacteria
genome_700	81.250279	75.434065	GB_GCA_041649435.1	Patescibacteriota	set_c_clean	4	1054213	70	0	63.08556718931146	19.011389707338218	1613.0	8	CoCoPyE 0.5.0	2	Bifidobacterium
genome_701	87.89479	72.800992	GB_GCA_041649435.1	Patescibacteriota	set_c_clean	9	1081203	70	1	74.96803605612031	21.86395589630965	1613.0	8	CoCoPyE 0.5.0	3	Bacteria
genome_702	74.679932	0.662281	GB_GCA_041649435.1	Patescibacteriota	set_c_clean	2	506922	70	2	62.309374838157936	1.21543406297527	1613.0	8	CoCoPyE 0.5.0	2	Bacteria
genome_703	79.103661	79.103661	GB_GCA_041649435.1	Patescibacteriota	set_c_clean	36	1064460	70	3	63.24152118505783	16.198308435619168	1613.0	8	CoCoPyE 0.5.0	3	Actinomycetes
genome_704	57.199187	38.973969	GB_GCA_041649435.1	Patescibacteriota	set_c_clean	3	647078	70	4	61.975982827345256	6.6391808959543805	1613.0	8	CoCoPyE 0.5.0	2	Bacteria
genome_705	100.0	10.119853	GB_GCA_041649435.1	Patescibacteriota	set_c_clean	12	740915	70	5	78.28620660397682	15.862115517009459	1613.0	8	CoCoPyE 0.5.0	3	Bacteria
genome_706	100.0	7.656957	GB_GCA_041649435.1	Patescibacteriota	set_c_clean	2	724344	70	6	74.55955634032779	11.48095328707795	1613.0	8	CoCoPyE 0.5.0	3	Bacteria
genome_707	63.102793	33.999429	GB_GCA_041649435.1	Patescibacteriota	set_c_clean	30	653329	70	7	65.80183035197413	8.72229292430849	1613.0	8	CoCoPyE 0.5.0	3	Bacteria
genome_708	86.532625	86.532625	GB_GCA_041649435.1	Patescibacteriota	set_c_clean	93	1164428	70	8	71.65162031912575	20.36534285160364	1613.0	8	CoCoPyE 0.5.0	3	Bacteria
genome_709	72.116268	29.413251	GB_GCA_041649435.1	Patescibacteriota	set_c_clean	19	683117	70	9	66.66437752876439	10.21947956892133	1613.0	8	CoCoPyE 0.5.0	3	Bacteria
genome_710	51.71057	38.881298	GB_GCA_041650515.1	Patescibacteriota	set_c_clean	8	954764	71	0	64.98098572069787	11.25327523606126	1613.0	8	CoCoPyE 0.5.0	3	Bacteria
genome_711	62.058908	23.898539	GB_GCA_041650515.1	Patescibacteriota	set_c_clean	23	905921	71	1	61.470588849299865	7.492899742651971	1613.0	8	CoCoPyE 0.5.0	2	Bacteria
genome_712	86.96502	15.855693	GB_GCA_041650515.1	Patescibacteriota	set_c_clean	3	1083646	71	2	67.13492235073663	14.13767484162323	1613.0	8	CoCoPyE 0.5.0	3	Bacteria
genome_713	86.384519	86.384425	GB_GCA_041650515.1	Patescibacteriota	set_c_clean	244	1820843	71	3	68.2942032736574	17.1837220087855	1613.0	8	CoCoPyE 0.5.0	3	Bacteria
genome_714	87.175473	5.010447	GB_GCA_041650515.1	Patescibacteriota	set_c_clean	79	971564	71	4	73.17556961056523	10.61688693369955	1613.0	8	CoCoPyE 0.5.0	3	Bacteria
genome_715	86.91587	20.820216	GB_GCA_041650515.1	Patescibacteriota	set_c_clean	46	1135450	71	5	74.97418924800799	15.678335926256851	1613.0	8	CoCoPyE 0.5.0	3	Bacteria
genome_716	81.338112	10.043476	GB_GCA_041650515.1	Patescibacteriota	set_c_clean	17	963087	71	6	73.20092445320252	15.47449009908365	1613.0	8	CoCoPyE 0.5.0	3	Bacteria
genome_717	73.720346	59.527496	GB_GCA_041650515.1	Patescibacteriota	set_c_clean	112	1404323	71	7	63.26108605067551	16.94593496777229	1613.0	8	CoCoPyE 0.5.0	3	Bacteria
genome_718	57.742443	57.742443	GB_GCA_041650515.1	Patescibacteriota	set_c_clean	8	1217116	71	8	59.55491757980237	18.14066729152524	1613.0	8	CoCoPyE 0.5.0	2	Bacteria
genome_719	83.686966	76.422075	GB_GCA_041650515.1	Patescibacteriota	set_c_clean	63	1687418	71	9	81.20995174491061	24.68134521572355	1613.0	8	CoCoPyE 0.5.0	2	Bacteria
genome_720	98.619767	91.557365	GB_GCA_041650715.1	Patescibacteriota	set_c_clean	9	1821121	72	0	71.30245053889625	14.54809464518104	1613.0	8	CoCoPyE 0.5.0	3	Bacteria
genome_721	100.0	84.251226	GB_GCA_041650715.1	Patescibacteriota	set_c_clean	7	1764375	72	1	75.91924919151276	23.366277335211898	1613.0	8	CoCoPyE 0.5.0	2	Bacteria
genome_722	78.965572	23.415922	GB_GCA_041650715.1	Patescibacteriota	set_c_clean	31	980397	72	2	82.58893407189258	9.44440204279273	1613.0	8	CoCoPyE 0.5.0	3	Bacteria
genome_723	76.889322	76.365091	GB_GCA_041650715.1	Patescibacteriota	set_c_clean	30	1467552	72	3	78.10728355022756	24.75087056491784	1613.0	8	CoCoPyE 0.5.0	3	Pseudomonadota
genome_724	53.027177	53.027177	GB_GCA_041650715.1	Patescibacteriota	set_c_clean	9	1015568	72	4	63.86791098733256	7.564094839919699	1613.0	8	CoCoPyE 0.5.0	2	Bacteria
genome_725	100.0	91.581279	GB_GCA_041650715.1	Patescibacteriota	set_c_clean	16	1834567	72	5	68.62380489376405	20.29268031974949	1613.0	8	CoCoPyE 0.5.0	3	Actinomycetes
genome_726	100.0	93.332547	GB_GCA_041650715.1	Patescibacteriota	set_c_clean	23	1851337	72	6	68.09779770820832	20.87590178381826	1613.0	8	CoCoPyE 0.5.0	3	Bacteria
genome_727	79.533664	42.867526	GB_GCA_041650715.1	Patescibacteriota	set_c_clean	47	1172104	72	7	64.33104308650715	19.18096871873001	1613.0	8	CoCoPyE 0.5.0	3	Bacteria
genome_728	75.344614	66.726226	GB_GCA_041650715.1	Patescibacteriota	set_c_clean	77	1360459	72	8	70.04913736371104	21.05432863976086	1613.0	8	CoCoPyE 0.5.0	3	Bacteria
genome_729	66.853942	52.830642	GB_GCA_041650715.1	Patescibacteriota	set_c_clean	14	1146090	72	9	61.209290948486725	17.30992464435516	1613.0	8	CoCoPyE 0.5.0	3	Bacteria
genome_730	55.703108	55.703108	GB_GCA_041650895.1	Patescibacteriota	set_c_clean	121	1390510	73	0	63.50739088328561	17.51683315666377	1613.0	8	CoCoPyE 0.5.0	2	Actinomycetota
genome_731	85.686427	47.168195	GB_GCA_041650895.1	Patescibacteriota	set_c_clean	47	1658217	73	1	77.18311723762382	19.223253987243467	1613.0	8	CoCoPyE 0.5.0	3	Bacteria
genome_732	100.0	83.777753	GB_GCA_041650895.1	Patescibacteriota	set_c_clean	5	2293811	73	2	67.55427271367016	25.69471946672618	1613.0	8	CoCoPyE 0.5.0	3	Bacteria
genome_733	100.0	0.710255	GB_GCA_041650895.1	Patescibacteriota	set_c_clean	2	1257009	73	3	85.59006029115253	8.092467668883831	1613.0	8	CoCoPyE 0.5.0	3	Bacteria
genome_734	51.673044	40.196404	GB_GCA_041650895.1	Patescibacteriota	set_c_clean	105	1146663	73	4	61.68838889375058	15.3957024930824	1613.0	8	CoCoPyE 0.5.0	2	Pseudomonadota
genome_735	80.77161	53.273901	GB_GCA_041650895.1	Patescibacteriota	set_c_clean	162	1673081	73	5	64.27137751925154	13.05046661190969	1613.0	8	CoCoPyE 0.5.0	2	Betaproteobacteria
genome_736	75.834199	12.591336	GB_GCA_041650895.1	Patescibacteriota	set_c_clean	14	1103678	73	6	63.8558636325595	9.97605686979279	1613.0	8	CoCoPyE 0.5.0	3	Bacteria
genome_737	84.550501	83.794097	GB_GCA_041650895.1	Patescibacteriota	set_c_clean	48	2101183	73	7	71.2431172825945	15.971484628232199	1613.0	8	CoCoPyE 0.5.0	3	Bacteria
genome_738	74.754275	1.459447	GB_GCA_041650895.1	Patescibacteriota	set_c_clean	36	951257	73	8	64.86440058487395	5.07872665767708	1613.0	8	CoCoPyE 0.5.0	3	Bacteria
genome_739	53.104289	34.822665	GB_GCA_041650895.1	Patescibacteriota	set_c_clean	18	1097455	73	9	60.07912634062771	14.81853994439179	1613.0	8	CoCoPyE 0.5.0	2	Bacteria
genome_740	100.0	60.746194	GB_GCA_041651535.1	Patescibacteriota	set_c_clean	24	1451768	74	0	90.41807051276103	19.30137651508935	1613.0	8	CoCoPyE 0.5.0	3	Bacteria
genome_741	83.167893	21.431601	GB_GCA_041651535.1	Patescibacteriota	set_c_clean	19	944683	74	1	67.13119255834307	14.07054240982567	1613.0	8	CoCoPyE 0.5.0	3	Bacteria
genome_742	67.092144	15.920624	GB_GCA_041651535.1	Patescibacteriota	set_c_clean	7	749724	74	2	62.57011819024826	8.17551292169593	1613.0	8	CoCoPyE 0.5.0	2	Bacteria
genome_743	99.196251	37.360861	GB_GCA_041651535.1	Patescibacteriota	set_c_clean	4	1233306	74	3	70.77831167581658	17.74554576674568	1613.0	8	CoCoPyE 0.5.0	3	Bacteria
genome_744	100.0	41.953157	GB_GCA_041651535.1	Patescibacteriota	set_c_clean	9	1282040	74	4	78.94659476475915	18.894187663871502	1613.0	8	CoCoPyE 0.5.0	3	Bacteria
genome_745	57.849421	26.485396	GB_GCA_041651535.1	Patescibacteriota	set_c_clean	20	761664	74	5	61.381984694455014	4.8387444775037	1613.0	8	CoCoPyE 0.5.0	2	Bacteria
genome_746	71.816534	39.332088	GB_GCA_041651535.1	Patescibacteriota	set_c_clean	24	1003831	74	6	70.47378118574407	16.90087583706353	1613.0	8	CoCoPyE 0.5.0	3	Bacteria
genome_747	100.0	28.396168	GB_GCA_041651535.1	Patescibacteriota	set_c_clean	2	1159601	74	7	76.18697439244991	21.25279568465437	1613.0	8	CoCoPyE 0.5.0	3	Bacteria
genome_748	68.622134	21.754584	GB_GCA_041651535.1	Patescibacteriota	set_c_clean	35	816231	74	8	72.81534025927729	10.21552905012276	1613.0	8	CoCoPyE 0.5.0	3	Bacteria
genome_749	100.0	43.331233	GB_GCA_041651535.1	Patescibacteriota	set_c_clean	3	1294486	74	9	84.56645691266056	17.79761082927283	1613.0	8	CoCoPyE 0.5.0	3	Bacteria
genome_750	100.0	71.937457	GB_GCA_041660785.1	Patescibacteriota	set_c_clean	48	1883917	75	0	76.80867703242768	22.48721561587018	1613.0	8	CoCoPyE 0.5.0	3	Bacteria
genome_751	54.562339	54.562339	GB_GCA_041660785.1	Patescibacteriota	set_c_clean	10	1195678	75	1	58.743022937048885	6.911368890689181	1613.0	8	CoCoPyE 0.5.0	2	Bacteria
genome_752	100.0	64.537797	GB_GCA_041660785.1	Patescibacteriota	set_c_clean	7	1802839	75	2	82.85714119644231	20.83268570410223	1613.0	8	CoCoPyE 0.5.0	3	Bacteria
genome_753	100.0	65.90852	GB_GCA_041660785.1	Patescibacteriota	set_c_clean	2	1817858	75	3	61.46258286520033	21.82164023361593	1613.0	8	CoCoPyE 0.5.0	3	Streptococcus
genome_754	73.519735	32.166407	GB_GCA_041660785.1	Patescibacteriota	set_c_clean	37	1158002	75	4	68.92697929354283	12.93145482198902	1613.0	8	CoCoPyE 0.5.0	3	Bacteria
genome_755	60.602136	4.878073	GB_GCA_041660785.1	Patescibacteriota	set_c_clean	3	717466	75	5	66.8212467017366	8.50184324773581	1613.0	8	CoCoPyE 0.5.0	3	Bacteria
genome_756	80.105029	33.873628	GB_GCA_041660785.1	Patescibacteriota	set_c_clean	3	1248863	75	6	63.84727665755216	19.43736019603395	1613.0	8	CoCoPyE 0.5.0	3	Bacteria
genome_757	100.0	19.691174	GB_GCA_041660785.1	Patescibacteriota	set_c_clean	2	1311455	75	7	78.59250162320471	21.6394772603388	1613.0	8	CoCoPyE 0.5.0	3	Bacteria
genome_758	69.55642	46.97677	GB_GCA_041660785.1	Patescibacteriota	set_c_clean	19	1276853	75	8	65.76750166713087	11.29762774745122	1613.0	8	CoCoPyE 0.5.0	3	Bacteria
genome_759	100.0	48.497261	GB_GCA_041660785.1	Patescibacteriota	set_c_clean	6	1627083	75	9	78.63427977649012	22.66445373187362	1613.0	8	CoCoPyE 0.5.0	3	Bacteria
genome_760	100.0	27.86972	GB_GCA_041661005.1	Patescibacteriota	set_c_clean	5	1192958	76	0	81.21006654472473	16.52491156207159	1613.0	8	CoCoPyE 0.5.0	3	Bacteria
genome_761	100.0	86.037164	GB_GCA_041661005.1	Patescibacteriota	set_c_clean	33	1735630	76	1	75.96367279145507	16.34450690719851	1613.0	8	CoCoPyE 0.5.0	3	Bacteria
genome_762	100.0	25.801009	GB_GCA_041661005.1	Patescibacteriota	set_c_clean	6	1173658	76	2	80.1868752096216	12.720373771769719	1613.0	8	CoCoPyE 0.5.0	3	Bacteria
genome_763	55.23116	0.0	GB_GCA_041661005.1	Patescibacteriota	set_c_clean	3	515278	76	3	61.24710760701555	0.0	1613.0	8	CoCoPyE 0.5.0	2	Bacteria
genome_764	57.824659	57.824659	GB_GCA_041661005.1	Patescibacteriota	set_c_clean	33	1078948	76	4	60.0877828499026	13.124203904980389	1613.0	8	CoCoPyE 0.5.0	2	Bacteria
genome_765	54.720092	14.292865	GB_GCA_041661005.1	Patescibacteriota	set_c_clean	3	643855	76	5	64.9690648138471	13.85553336246188	1613.0	8	CoCoPyE 0.5.0	2	Bacteria
genome_766	87.801357	29.108696	GB_GCA_041661005.1	Patescibacteriota	set_c_clean	15	1090710	76	6	75.46411806974992	15.30751135611889	1613.0	8	CoCoPyE 0.5.0	3	Bacteria
genome_767	100.0	72.968268	GB_GCA_041661005.1	Patescibacteriota	set_c_clean	5	1613704	76	7	65.9265386810179	20.764204143132307	1613.0	8	CoCoPyE 0.5.0	3	Actinomycetes
genome_768	100.0	81.672934	GB_GCA_041661005.1	Patescibacteriota	set_c_clean	28	1694914	76	8	59.73919922924061	7.81877516128309	1613.0	8	CoCoPyE 0.5.0	2	Staphylococcus
genome_769	85.916686	47.401249	GB_GCA_041661005.1	Patescibacteriota	set_c_clean	17	1243787	76	9	77.08843749527709	15.63842013382204	1613.0	8	CoCoPyE 0.5.0	3	Bacteria
genome_770	100.0	47.864895	GB_GCA_041661105.1	Patescibacteriota	set_c_clean	17	2023537	77	0	74.25014521784341	19.13029167704608	1613.0	8	CoCoPyE 0.5.0	3	Bacteria
genome_771	84.01963	62.405298	GB_GCA_041661105.1	Patescibacteriota	set_c_clean	13	2003831	77	1	57.51260747241711	9.76807079237059	1613.0	8	CoCoPyE 0.5.0	2	Staphylococcus
genome_772	87.276325	85.202309	GB_GCA_041661105.1	Patescibacteriota	set_c_clean	313	2360377	77	2	69.86169775966162	29.12279829381899	1613.0	8	CoCoPyE 0.5.0	2	Campylobacterales
genome_773	77.026446	72.368586	GB_GCA_041661105.1	Patescibacteriota	set_c_clean	32	2044477	77	3	63.11783317375508	24.21392470814177	1613.0	8	CoCoPyE 0.5.0	2	Campylobacter
genome_774	100.0	30.704185	GB_GCA_041661105.1	Patescibacteriota	set_c_clean	2	1788692	77	4	67.63745107946109	20.084763103195318	1613.0	8	CoCoPyE 0.5.0	3	Actinomycetes
genome_775	100.0	0.408841	GB_GCA_041661105.1	Patescibacteriota	set_c_clean	2	1374099	77	5	75.86710920897414	9.87031713681176	1613.0	8	CoCoPyE 0.5.0	3	Bacteria
genome_776	71.878708	68.017339	GB_GCA_041661105.1	Patescibacteriota	set_c_clean	22	1914483	77	6	61.746867643173076	10.24978546599576	1613.0	8	CoCoPyE 0.5.0	2	Pseudomonadota
genome_777	68.094942	47.004174	GB_GCA_041661105.1	Patescibacteriota	set_c_clean	2	1575136	77	7	58.019217370778456	8.54744529882296	1613.0	8	CoCoPyE 0.5.0	2	Bacilli
genome_778	81.385221	81.385221	GB_GCA_041661105.1	Patescibacteriota	set_c_clean	98	2227520	77	8	75.6479302377371	27.37545898858053	1613.0	8	CoCoPyE 0.5.0	3	Helicobacter
genome_779	91.716794	82.268009	GB_GCA_041661105.1	Patescibacteriota	set_c_clean	119	2380989	77	9	66.70663453762683	26.48789035420915	1613.0	8	CoCoPyE 0.5.0	3	Bifidobacterium
genome_780	56.44878	5.298984	GB_GCA_041674105.1	Patescibacteriota	set_c_clean	3	365209	78	0	61.55417484360495	1.11455865196678	1613.0	8	CoCoPyE 0.5.0	2	Bacteria
genome_781	63.060294	36.573151	GB_GCA_041674105.1	Patescibacteriota	set_c_clean	4	589285	78	1	69.40577176870329	17.23295043847969	1613.0	8	CoCoPyE 0.5.0	3	Bacteria
genome_782	71.567817	56.773911	GB_GCA_041674105.1	Patescibacteriota	set_c_clean	7	759081	78	2	63.35385565691774	16.42413249067761	1613.0	8	CoCoPyE 0.5.0	3	Bacteria
genome_783	100.0	94.298448	GB_GCA_041674105.1	Patescibacteriota	set_c_clean	4	1149184	78	3	75.38310447509627	21.09957458077422	1613.0	8	CoCoPyE 0.5.0	3	Bacteria
genome_784	82.432586	78.794427	GB_GCA_041674105.1	Patescibacteriota	set_c_clean	37	953582	78	4	62.87664033553892	9.04486843260359	1613.0	8	CoCoPyE 0.5.0	3	Bacteria
genome_785	100.0	75.608882	GB_GCA_041674105.1	Patescibacteriota	set_c_clean	5	1038644	78	5	77.51498188932547	21.12104524750079	1613.0	8	CoCoPyE 0.5.0	3	Bacteria
genome_786	57.437869	29.124208	GB_GCA_041674105.1	Patescibacteriota	set_c_clean	22	511974	78	6	62.17839002989917	10.463099463509721	1613.0	8	CoCoPyE 0.5.0	2	Bacteria
genome_787	51.153177	51.153177	GB_GCA_041674105.1	Patescibacteriota	set_c_clean	27	605094	78	7	61.966565362167124	5.35001082561138	1613.0	8	CoCoPyE 0.5.0	2	Bacteria
genome_788	93.376143	60.002232	GB_GCA_041674105.1	Patescibacteriota	set_c_clean	24	907161	78	8	60.965861511707	13.35235686511154	1613.0	8	CoCoPyE 0.5.0	2	Bacteria
genome_789	100.0	56.243691	GB_GCA_041674105.1	Patescibacteriota	set_c_clean	2	924108	78	9	75.86989957692273	18.51906858974726	1613.0	8	CoCoPyE 0.5.0	3	Bacteria
genome_790	74.969832	7.307314	GB_GCA_041742395.1	Patescibacteriota	set_c_clean	21	904109	79	0	68.550561103338	7.01399561690056	1613.0	8	CoCoPyE 0.5.0	3	Bacteria
genome_791	68.763753	68.763753	GB_GCA_041742395.1	Patescibacteriota	set_c_clean	14	1511232	79	1	61.42473585726758	13.810075748448488	1613.0	8	CoCoPyE 0.5.0	2	Sphingomonadales
genome_792	100.0	26.673601	GB_GCA_041742395.1	Patescibacteriota	set_c_clean	5	1391963	79	2	80.74885706237448	19.31212064684179	1613.0	8	CoCoPyE 0.5.0	3	Bacteria
genome_793	100.0	27.36086	GB_GCA_041742395.1	Patescibacteriota	set_c_clean	7	1399515	79	3	77.98619993232508	16.249883296231022	1613.0	8	CoCoPyE 0.5.0	3	Bacteria
genome_794	91.138254	55.464582	GB_GCA_041742395.1	Patescibacteriota	set_c_clean	11	1610957	79	4	78.22204448666625	24.99553633925443	1613.0	8	CoCoPyE 0.5.0	2	Bacteria
genome_795	84.032787	76.736303	GB_GCA_041742395.1	Patescibacteriota	set_c_clean	95	1766624	79	5	68.0958098872339	21.32623404535951	1613.0	8	CoCoPyE 0.5.0	3	Bacteria
genome_796	100.0	24.227425	GB_GCA_041742395.1	Patescibacteriota	set_c_clean	3	1365083	79	6	81.02694739118323	11.44798225089154	1613.0	8	CoCoPyE 0.5.0	3	Bacteria
genome_797	82.587286	76.718193	GB_GCA_041742395.1	Patescibacteriota	set_c_clean	71	1750541	79	7	74.85362737871723	24.36431620550516	1613.0	8	CoCoPyE 0.5.0	2	Bacteria
genome_798	65.732424	10.990865	GB_GCA_041742395.1	Patescibacteriota	set_c_clean	28	843080	79	8	63.38074285328752	6.851160733045381	1613.0	8	CoCoPyE 0.5.0	3	Bacteria
genome_799	51.294253	23.928933	GB_GCA_041742395.1	Patescibacteriota	set_c_clean	24	826596	79	9	59.99158043453532	11.54540130967463	1613.0	8	CoCoPyE 0.5.0	2	Bacteria
genome_800	100.0	44.330067	GB_GCA_903829335.1	Patescibacteriota	set_c_clean	2	1069926	80	0	73.08975735798423	18.45799886729443	1613.0	8	CoCoPyE 0.5.0	3	Bacteria
genome_801	82.125306	23.731258	GB_GCA_903829335.1	Patescibacteriota	set_c_clean	44	784720	80	1	76.43148642560314	14.660114357347931	1613.0	8	CoCoPyE 0.5.0	3	Bacteria
genome_802	94.830873	24.76565	GB_GCA_903829335.1	Patescibacteriota	set_c_clean	9	886575	80	2	77.19396192984745	16.4631844516657	1613.0	8	CoCoPyE 0.5.0	3	Bacteria
genome_803	83.462408	45.786013	GB_GCA_903829335.1	Patescibacteriota	set_c_clean	76	958125	80	3	64.48808920869511	15.050060088022372	1613.0	8	CoCoPyE 0.5.0	3	Bacteria
genome_804	94.522632	2.166585	GB_GCA_903829335.1	Patescibacteriota	set_c_clean	2	716762	80	4	76.63699409850227	13.31311629432172	1613.0	8	CoCoPyE 0.5.0	3	Bacteria
genome_805	100.0	48.958526	GB_GCA_903829335.1	Patescibacteriota	set_c_clean	3	1104237	80	5	80.00960457867814	13.02649693805919	1613.0	8	CoCoPyE 0.5.0	3	Bacteria
genome_806	68.728121	34.332292	GB_GCA_903829335.1	Patescibacteriota	set_c_clean	5	763992	80	6	68.74225787896542	14.65669744375273	1613.0	8	CoCoPyE 0.5.0	3	Bacteria
genome_807	53.006387	53.006387	GB_GCA_903829335.1	Patescibacteriota	set_c_clean	42	785878	80	7	62.926014743903245	11.03640358107529	1613.0	8	CoCoPyE 0.5.0	2	Bacteria
genome_808	66.353121	66.352986	GB_GCA_903829335.1	Patescibacteriota	set_c_clean	11	983757	80	8	60.53677745681117	12.05929172161098	1613.0	8	CoCoPyE 0.5.0	2	Campylobacterales
genome_809	100.0	16.719029	GB_GCA_903829335.1	Patescibacteriota	set_c_clean	5	865244	80	9	78.60725880609995	17.14257857970484	1613.0	8	CoCoPyE 0.5.0	3	Bacteria
genome_810	55.893447	55.893447	GB_GCA_903831805.1	Patescibacteriota	set_c_clean	108	1157266	81	0	63.436043891192014	16.37149100267548	1613.0	8	CoCoPyE 0.5.0	2	Bacteria
genome_811	80.156929	42.20584	GB_GCA_903831805.1	Patescibacteriota	set_c_clean	252	1266752	81	1	78.57953989325688	20.20010488675214	1613.0	8	CoCoPyE 0.5.0	3	Bacteria
genome_812	80.017542	43.780832	GB_GCA_903831805.1	Patescibacteriota	set_c_clean	18	1281614	81	2	70.90196744924822	21.47770223131226	1613.0	8	CoCoPyE 0.5.0	3	Bacteria
genome_813	54.618384	53.294637	GB_GCA_903831805.1	Patescibacteriota	set_c_clean	30	1117162	81	3	60.144616585171704	11.726228212973961	1613.0	8	CoCoPyE 0.5.0	2	Pseudomonadota
genome_814	85.546872	15.641062	GB_GCA_903831805.1	Patescibacteriota	set_c_clean	17	1047541	81	4	64.2276704017865	10.420880498091691	1613.0	8	CoCoPyE 0.5.0	3	Bacteria
genome_815	98.399313	17.333708	GB_GCA_903831805.1	Patescibacteriota	set_c_clean	12	1198118	81	5	83.087889013245	10.34418533548981	1613.0	8	CoCoPyE 0.5.0	3	Bacteria
genome_816	100.0	92.020134	GB_GCA_903831805.1	Patescibacteriota	set_c_clean	54	1987875	81	6	84.45240541156748	25.30327029618175	1613.0	8	CoCoPyE 0.5.0	2	Bacteria
genome_817	60.063676	60.058556	GB_GCA_903831805.1	Patescibacteriota	set_c_clean	47	1243557	81	7	63.76453704201091	16.607816145172972	1613.0	8	CoCoPyE 0.5.0	2	Bacillota
genome_818	91.809556	17.034165	GB_GCA_903831805.1	Patescibacteriota	set_c_clean	6	1126797	81	8	68.22912377636806	17.132938328811782	1613.0	8	CoCoPyE 0.5.0	3	Bacteria
genome_819	57.513067	24.688503	GB_GCA_903831805.1	Patescibacteriota	set_c_clean	103	850986	81	9	68.32102092286168	15.679616187669701	1613.0	8	CoCoPyE 0.5.0	3	Bacteria
genome_820	75.624972	67.783917	GB_GCA_903837185.1	Patescibacteriota	set_c_clean	19	1325732	82	0	66.77731728727963	17.76883617430256	1613.0	8	CoCoPyE 0.5.0	3	Bacteria
genome_821	100.0	5.025085	GB_GCA_903837185.1	Patescibacteriota	set_c_clean	4	970896	82	1	77.44493723397024	4.96050766181883	1613.0	8	CoCoPyE 0.5.0	3	Bacteria
genome_822	75.407435	20.538011	GB_GCA_903837185.1	Patescibacteriota	set_c_clean	26	886960	82	2	64.06996368907501	4.64907183620592	1613.0	8	CoCoPyE 0.5.0	2	Bacteria
genome_823	63.534868	33.092071	GB_GCA_903837185.1	Patescibacteriota	set_c_clean	21	893260	82	3	64.56405529572953	7.915108143825821	1613.0	8	CoCoPyE 0.5.0	3	Bacteria
genome_824	90.134373	50.201311	GB_GCA_903837185.1	Patescibacteriota	set_c_clean	12	1297322	82	4	72.2569904786601	17.09751166948188	1613.0	8	CoCoPyE 0.5.0	3	Bacteria
genome_825	83.102131	56.177673	GB_GCA_903837185.1	Patescibacteriota	set_c_clean	73	1287561	82	5	75.09567898129018	19.40533042021972	1613.0	8	CoCoPyE 0.5.0	3	Bacteria
genome_826	100.0	52.375271	GB_GCA_903837185.1	Patescibacteriota	set_c_clean	9	1408621	82	6	84.59603273300141	20.938431221549468	1613.0	8	CoCoPyE 0.5.0	3	Bacteria
genome_827	100.0	2.93788	GB_GCA_903837185.1	Patescibacteriota	set_c_clean	2	951601	82	7	78.81192645196327	3.67503229791881	1613.0	8	CoCoPyE 0.5.0	3	Bacteria
genome_828	100.0	41.578812	GB_GCA_903837185.1	Patescibacteriota	set_c_clean	3	1308814	82	8	81.40277534709193	13.62257263959665	1613.0	8	CoCoPyE 0.5.0	3	Bacteria
genome_829	54.807332	54.807332	GB_GCA_903837185.1	Patescibacteriota	set_c_clean	18	1013324	82	9	60.37637252653069	2.5634550854623304	1613.0	8	CoCoPyE 0.5.0	2	Bacteria
genome_830	100.0	82.881176	GB_GCA_903852245.1	Patescibacteriota	set_c_clean	6	1827837	83	0	69.08724579526829	20.46465303865675	1613.0	8	CoCoPyE 0.5.0	3	Actinomycetota
genome_831	81.102928	64.192515	GB_GCA_903852245.1	Patescibacteriota	set_c_clean	3	1452180	83	1	61.36130408007676	19.864640578835292	1613.0	8	CoCoPyE 0.5.0	2	Streptococcus
genome_832	100.0	2.599686	GB_GCA_903852245.1	Patescibacteriota	set_c_clean	2	1025450	83	2	85.33497305758587	7.9290400464452295	1613.0	8	CoCoPyE 0.5.0	3	Bacteria
genome_833	62.548338	62.548338	GB_GCA_903852245.1	Patescibacteriota	set_c_clean	16	1250300	83	3	59.17605073462543	5.86204842866035	1613.0	8	CoCoPyE 0.5.0	2	Bacteria
genome_834	100.0	52.242945	GB_GCA_903852245.1	Patescibacteriota	set_c_clean	13	1521618	83	4	76.66722882101044	24.34139265160921	1613.0	8	CoCoPyE 0.5.0	2	Bacteria
genome_835	100.0	93.20748	GB_GCA_903852245.1	Patescibacteriota	set_c_clean	49	1931045	83	5	78.553059953503	26.095724041906088	1613.0	8	CoCoPyE 0.5.0	2	Bacteria
genome_836	53.463396	14.150242	GB_GCA_903852245.1	Patescibacteriota	set_c_clean	36	675776	83	6	64.85881732828413	4.78193033019821	1613.0	8	CoCoPyE 0.5.0	3	Bacteria
genome_837	50.697522	41.033471	GB_GCA_903852245.1	Patescibacteriota	set_c_clean	19	916821	83	7	65.5182176085743	17.426558679512823	1613.0	8	CoCoPyE 0.5.0	3	Bacteria
genome_838	100.0	58.810946	GB_GCA_903852245.1	Patescibacteriota	set_c_clean	2	1587263	83	8	78.42252652656624	14.31997181609676	1613.0	8	CoCoPyE 0.5.0	3	Bacteria
genome_839	86.049965	20.245491	GB_GCA_903852245.1	Patescibacteriota	set_c_clean	11	1062388	83	9	72.85314261196278	10.63935027486228	1613.0	8	CoCoPyE 0.5.0	3	Bacteria
genome_840	100.0	57.492872	GB_GCA_903895745.1	Patescibacteriota	set_c_clean	54	1270495	84	0	65.8851796697649	19.74345099715755	1613.0	8	CoCoPyE 0.5.0	3	Bifidobacteriaceae
genome_841	100.0	38.691955	GB_GCA_903895745.1	Patescibacteriota	set_c_clean	4	1118828	84	1	77.41519504518828	18.94884873755674	1613.0	8	CoCoPyE 0.5.0	3	Bacteria
genome_842	87.991571	59.091732	GB_GCA_903895745.1	Patescibacteriota	set_c_clean	29	1186521	84	2	65.12919999593463	14.445123431156809	1613.0	8	CoCoPyE 0.5.0	3	Actinomycetes
genome_843	100.0	75.522499	GB_GCA_903895745.1	Patescibacteriota	set_c_clean	5	1415940	84	3	77.33437300645414	21.96269672202545	1613.0	8	CoCoPyE 0.5.0	3	Bacteria
genome_844	53.020454	53.020454	GB_GCA_903895745.1	Patescibacteriota	set_c_clean	33	855432	84	4	66.3443099240713	20.02793634170571	1613.0	8	CoCoPyE 0.5.0	3	Bacteria
genome_845	71.357878	25.134994	GB_GCA_903895745.1	Patescibacteriota	set_c_clean	58	778408	84	5	64.06825629663044	6.937362886131471	1613.0	8	CoCoPyE 0.5.0	2	Bacteria
genome_846	100.0	53.641998	GB_GCA_903895745.1	Patescibacteriota	set_c_clean	6	1239430	84	6	70.97602334545958	20.767167528356868	1613.0	8	CoCoPyE 0.5.0	3	Bacteria
genome_847	100.0	38.85732	GB_GCA_903895745.1	Patescibacteriota	set_c_clean	4	1120162	84	7	77.26685951734258	12.36021580864459	1613.0	8	CoCoPyE 0.5.0	3	Bacteria
genome_848	50.313623	34.338664	GB_GCA_903895745.1	Patescibacteriota	set_c_clean	9	682890	84	8	59.87363321127103	7.049801840387119	1613.0	8	CoCoPyE 0.5.0	2	Pseudomonadota
genome_849	61.930829	56.393331	GB_GCA_903895745.1	Patescibacteriota	set_c_clean	12	954521	84	9	64.79218332020832	12.3329315371413	1613.0	8	CoCoPyE 0.5.0	2	Bacteria
genome_850	61.889071	50.998045	GB_GCA_905478415.1	Patescibacteriota	set_c_clean	9	1413910	85	0	64.21655955205934	16.30791301547141	1613.0	8	CoCoPyE 0.5.0	2	Bacteria
genome_851	56.31757	46.789898	GB_GCA_905478415.1	Patescibacteriota	set_c_clean	34	1291420	85	1	61.144057386909545	16.87560683854869	1613.0	8	CoCoPyE 0.5.0	3	Bacteria
genome_852	96.192252	26.201059	GB_GCA_905478415.1	Patescibacteriota	set_c_clean	19	1532975	85	2	73.37663927098536	18.1334482886731	1613.0	8	CoCoPyE 0.5.0	3	Bacteria
genome_853	100.0	21.404408	GB_GCA_905478415.1	Patescibacteriota	set_c_clean	2	1520589	85	3	70.67932657507075	13.52339787990468	1613.0	8	CoCoPyE 0.5.0	3	Bacteria
genome_854	100.0	83.192162	GB_GCA_905478415.1	Patescibacteriota	set_c_clean	13	2294480	85	4	77.16666939658865	22.90831643616124	1613.0	8	CoCoPyE 0.5.0	3	Bacteria
genome_855	73.883332	45.920835	GB_GCA_905478415.1	Patescibacteriota	set_c_clean	44	1500546	85	5	69.77138051963054	24.2433358670771	1613.0	8	CoCoPyE 0.5.0	3	Bacteria
genome_856	72.043491	65.939454	GB_GCA_905478415.1	Patescibacteriota	set_c_clean	106	1728235	85	6	63.49418634435109	17.709414976012848	1613.0	8	CoCoPyE 0.5.0	2	Bacteria
genome_857	62.391028	59.474459	GB_GCA_905478415.1	Patescibacteriota	set_c_clean	58	1526364	85	7	60.476912015119886	10.20172515102773	1613.0	8	CoCoPyE 0.5.0	2	Bacteria
genome_858	100.0	34.710527	GB_GCA_905478415.1	Patescibacteriota	set_c_clean	2	1687248	85	8	66.60859546479139	14.676594819112628	1613.0	8	CoCoPyE 0.5.0	3	Gammaproteobacteria
genome_859	72.667044	72.667044	GB_GCA_905478415.1	Patescibacteriota	set_c_clean	33	1820308	85	9	59.29054457334132	12.24254413304522	1613.0	8	CoCoPyE 0.5.0	2	Bacteria
genome_860	72.07034	72.07034	GB_GCA_937929825.1	Patescibacteriota	set_c_clean	42	1155338	86	0	63.68397945439681	9.77512502601009	1613.0	8	CoCoPyE 0.5.0	2	Actinomycetes
genome_861	100.0	6.286313	GB_GCA_937929825.1	Patescibacteriota	set_c_clean	2	851922	86	1	76.14757801495463	8.75524081387196	1613.0	8	CoCoPyE 0.5.0	3	Bacteria
genome_862	100.0	90.620746	GB_GCA_937929825.1	Patescibacteriota	set_c_clean	2	1527892	86	2	66.23502128510796	11.65668067948594	1613.0	8	CoCoPyE 0.5.0	3	Bacteria
genome_863	86.252877	66.22518	GB_GCA_937929825.1	Patescibacteriota	set_c_clean	16	1222165	86	3	57.36932982639884	24.629670799225963	1613.0	8	CoCoPyE 0.5.0	2	Borreliaceae
genome_864	51.23382	51.23382	GB_GCA_937929825.1	Patescibacteriota	set_c_clean	48	821314	86	4	61.50436427025707	12.62384222926185	1613.0	8	CoCoPyE 0.5.0	2	Bacilli
genome_865	100.0	71.842777	GB_GCA_937929825.1	Patescibacteriota	set_c_clean	10	1377380	86	5	71.27133891143394	13.977449948874149	1613.0	8	CoCoPyE 0.5.0	3	Bacteria
genome_866	100.0	22.135028	GB_GCA_937929825.1	Patescibacteriota	set_c_clean	3	978955	86	6	78.77505204937705	14.79886336805823	1613.0	8	CoCoPyE 0.5.0	3	Bacteria
genome_867	77.658118	67.166749	GB_GCA_937929825.1	Patescibacteriota	set_c_clean	9	1160822	86	7	65.5816915261355	13.907750701108098	1613.0	8	CoCoPyE 0.5.0	3	Bacteria
genome_868	77.029325	37.440785	GB_GCA_937929825.1	Patescibacteriota	set_c_clean	11	917518	86	8	73.33794993026142	23.19643741865538	1613.0	8	CoCoPyE 0.5.0	3	Bacteria
genome_869	86.004105	23.023199	GB_GCA_937929825.1	Patescibacteriota	set_c_clean	13	873892	86	9	66.83207025696359	14.19852877884522	1613.0	8	CoCoPyE 0.5.0	3	Bacteria
genome_870	78.0747	74.919225	GB_GCA_938030095.1	Patescibacteriota	set_c_clean	98	1549345	87	0	60.44404499546548	19.67710895535979	1613.0	8	CoCoPyE 0.5.0	2	Bifidobacterium
genome_871	79.229157	30.901545	GB_GCA_938030095.1	Patescibacteriota	set_c_clean	31	1115276	87	1	64.46508533728365	6.15993577482924	1613.0	8	CoCoPyE 0.5.0	2	Bacteria
genome_872	66.74392	52.305754	GB_GCA_938030095.1	Patescibacteriota	set_c_clean	9	1205597	87	2	62.813961196330496	12.37115272453975	1613.0	8	CoCoPyE 0.5.0	2	Bacteria
genome_873	100.0	91.224607	GB_GCA_938030095.1	Patescibacteriota	set_c_clean	10	1936501	87	3	64.79614281246093	24.715875502483982	1613.0	8	CoCoPyE 0.5.0	3	Gammaproteobacteria
genome_874	100.0	55.274795	GB_GCA_938030095.1	Patescibacteriota	set_c_clean	65	1572443	87	4	83.1175063641135	22.97939174105095	1613.0	8	CoCoPyE 0.5.0	3	Bacteria
genome_875	56.044827	56.044827	GB_GCA_938030095.1	Patescibacteriota	set_c_clean	14	1135114	87	5	61.12994889847142	14.30703684937111	1613.0	8	CoCoPyE 0.5.0	2	Bacteria
genome_876	100.0	28.01091	GB_GCA_938030095.1	Patescibacteriota	set_c_clean	25	1296346	87	6	70.62452920024926	16.61712177277564	1613.0	8	CoCoPyE 0.5.0	3	Actinomycetes
genome_877	75.025971	47.367491	GB_GCA_938030095.1	Patescibacteriota	set_c_clean	7	1239459	87	7	64.27004892457721	18.11684749266048	1613.0	8	CoCoPyE 0.5.0	3	Pseudomonadota
genome_878	86.038982	61.90401	GB_GCA_938030095.1	Patescibacteriota	set_c_clean	67	1498195	87	8	71.42009309004492	21.51958464449395	1613.0	8	CoCoPyE 0.5.0	3	Bacteria
genome_879	88.292893	78.47285	GB_GCA_938030095.1	Patescibacteriota	set_c_clean	30	1688810	87	9	67.9868925831703	22.39525172492255	1613.0	8	CoCoPyE 0.5.0	3	Alphaproteobacteria
genome_880	100.0	91.631004	GB_GCA_938036615.1	Patescibacteriota	set_c_clean	25	1642019	88	0	66.16408172411099	20.33266814486251	1613.0	8	CoCoPyE 0.5.0	3	Actinomycetes
genome_881	100.0	25.129163	GB_GCA_938036615.1	Patescibacteriota	set_c_clean	5	1072188	88	1	80.17154373580209	10.01969935126154	1613.0	8	CoCoPyE 0.5.0	3	Bacteria
genome_882	92.673408	21.926908	GB_GCA_938036615.1	Patescibacteriota	set_c_clean	21	981970	88	2	73.98447584703217	11.57344867458768	1613.0	8	CoCoPyE 0.5.0	3	Bacteria
genome_883	100.0	15.377218	GB_GCA_938036615.1	Patescibacteriota	set_c_clean	13	988627	88	3	82.33941216806092	9.57732646924423	1613.0	8	CoCoPyE 0.5.0	3	Bacteria
genome_884	67.157604	67.157604	GB_GCA_938036615.1	Patescibacteriota	set_c_clean	10	1150900	88	4	66.220222168441	13.239235541168052	1613.0	8	CoCoPyE 0.5.0	3	Bacteria
genome_885	79.971758	79.971758	GB_GCA_938036615.1	Patescibacteriota	set_c_clean	7	1370500	88	5	71.17019681591053	18.80695828840529	1613.0	8	CoCoPyE 0.5.0	3	Bacteria
genome_886	89.649711	73.249812	GB_GCA_938036615.1	Patescibacteriota	set_c_clean	128	1395829	88	6	62.87558653651164	12.02225972692095	1613.0	8	CoCoPyE 0.5.0	2	Actinomycetes
genome_887	100.0	80.375322	GB_GCA_938036615.1	Patescibacteriota	set_c_clean	13	1545573	88	7	69.255348100812	21.75799401484812	1613.0	8	CoCoPyE 0.5.0	3	Bacilli
genome_888	100.0	60.462733	GB_GCA_938036615.1	Patescibacteriota	set_c_clean	28	1374949	88	8	69.45646934324195	15.23603142690092	1613.0	8	CoCoPyE 0.5.0	3	Bacteria
genome_889	63.059642	20.993272	GB_GCA_938036615.1	Patescibacteriota	set_c_clean	21	720220	88	9	72.50607191946155	13.7694038911403	1613.0	8	CoCoPyE 0.5.0	3	Bacteria
genome_890	79.196725	37.491108	GB_GCA_943354835.1	Patescibacteriota	set_c_clean	126	1031818	89	0	78.77832325382981	22.24631159139152	1613.0	8	CoCoPyE 0.5.0	2	Bacteria
genome_891	85.147723	73.795229	GB_GCA_943354835.1	Patescibacteriota	set_c_clean	30	1405461	89	1	63.35137250731421	14.03830728633034	1613.0	8	CoCoPyE 0.5.0	2	Bacteria
genome_892	64.202634	5.873306	GB_GCA_943354835.1	Patescibacteriota	set_c_clean	2	619650	89	2	61.29610625195535	0.98212366956088	1613.0	8	CoCoPyE 0.5.0	2	Bacteria
genome_893	74.513574	52.814064	GB_GCA_943354835.1	Patescibacteriota	set_c_clean	19	1125901	89	3	64.2333298543873	14.778574966119931	1613.0	8	CoCoPyE 0.5.0	3	Bacteria
genome_894	78.48607	77.530803	GB_GCA_943354835.1	Patescibacteriota	set_c_clean	48	1379587	89	4	71.53973289414299	14.97105845825574	1613.0	8	CoCoPyE 0.5.0	3	Bacteria
genome_895	68.621834	48.673968	GB_GCA_943354835.1	Patescibacteriota	set_c_clean	23	1037194	89	5	66.68498397712412	22.50928287757123	1613.0	8	CoCoPyE 0.5.0	3	Bacteria
genome_896	96.257528	65.0689	GB_GCA_943354835.1	Patescibacteriota	set_c_clean	38	1426537	89	6	64.97469988696685	19.24353754157028	1613.0	8	CoCoPyE 0.5.0	3	Campylobacterales
genome_897	64.705656	64.705656	GB_GCA_943354835.1	Patescibacteriota	set_c_clean	37	1144326	89	7	66.31799215750809	11.141566860021939	1613.0	8	CoCoPyE 0.5.0	3	Bacteria
genome_898	100.0	25.941273	GB_GCA_943354835.1	Patescibacteriota	set_c_clean	4	1113642	89	8	80.03866483713247	15.8545503619996	1613.0	8	CoCoPyE 0.5.0	3	Bacteria
genome_899	88.629637	88.629637	GB_GCA_943354835.1	Patescibacteriota	set_c_clean	22	1567424	89	9	61.18117823161574	19.18092698023555	1613.0	8	CoCoPyE 0.5.0	2	Staphylococcaceae
genome_900	55.537447	3.271311	GB_GCA_943356865.1	Patescibacteriota	set_c_clean	3	358320	90	0	61.61079844792544	2.0306630846718203	1613.0	8	CoCoPyE 0.5.0	2	Bacteria
genome_901	100.0	45.830194	GB_GCA_943356865.1	Patescibacteriota	set_c_clean	8	888539	90	1	82.67432444393125	19.12097070321894	1613.0	8	CoCoPyE 0.5.0	3	Bacteria
genome_902	100.0	85.312746	GB_GCA_943356865.1	Patescibacteriota	set_c_clean	13	1129105	90	2	62.657311014752196	26.756050016010768	1613.0	8	CoCoPyE 0.5.0	2	Wolbachia
genome_903	100.0	29.045933	GB_GCA_943356865.1	Patescibacteriota	set_c_clean	4	786273	90	3	68.77566930265031	12.4204188911082	1613.0	8	CoCoPyE 0.5.0	3	Bacteria
genome_904	92.058717	0.734289	GB_GCA_943356865.1	Patescibacteriota	set_c_clean	13	565385	90	4	77.09612667347803	7.8205706997237	1613.0	8	CoCoPyE 0.5.0	3	Bacteria
genome_905	100.0	0.393076	GB_GCA_943356865.1	Patescibacteriota	set_c_clean	2	611692	90	5	78.06907139015952	7.283592375687729	1613.0	8	CoCoPyE 0.5.0	3	Bacteria
genome_906	70.92157	67.32431	GB_GCA_943356865.1	Patescibacteriota	set_c_clean	30	842328	90	6	65.46015687454226	17.63405293826499	1613.0	8	CoCoPyE 0.5.0	3	Lactobacillaceae
genome_907	71.567889	32.941242	GB_GCA_943356865.1	Patescibacteriota	set_c_clean	3	636771	90	7	62.066800245936925	4.19323881221808	1613.0	8	CoCoPyE 0.5.0	2	Bacteria
genome_908	100.0	28.426367	GB_GCA_943356865.1	Patescibacteriota	set_c_clean	3	782498	90	8	79.61304044676986	16.98998375107002	1613.0	8	CoCoPyE 0.5.0	3	Bacteria
genome_909	54.291093	54.266474	GB_GCA_943356865.1	Patescibacteriota	set_c_clean	38	661438	90	9	61.64173276967213	10.68082528839128	1613.0	8	CoCoPyE 0.5.0	2	Bacteria
genome_910	100.0	76.60093	GB_GCA_946406315.1	Patescibacteriota	set_c_clean	67	1897909	91	0	76.72504678995702	14.959825704956021	1613.0	8	CoCoPyE 0.5.0	3	Bacteria
genome_911	100.0	24.449142	GB_GCA_946406315.1	Patescibacteriota	set_c_clean	2	1337440	91	1	86.70553374019688	22.227174356695283	1613.0	8	CoCoPyE 0.5.0	3	Bacteria
genome_912	100.0	98.134528	GB_GCA_946406315.1	Patescibacteriota	set_c_clean	22	2129328	91	2	68.23451216690447	27.46259897320585	1613.0	8	CoCoPyE 0.5.0	3	Bacteria
genome_913	69.062091	29.356334	GB_GCA_946406315.1	Patescibacteriota	set_c_clean	18	1057691	91	3	62.74381478565469	6.25098841618971	1613.0	8	CoCoPyE 0.5.0	2	Actinomycetes
genome_914	100.0	56.773036	GB_GCA_946406315.1	Patescibacteriota	set_c_clean	3	1684821	91	4	73.70585137416438	17.54573305486433	1613.0	8	CoCoPyE 0.5.0	3	Bacteria
genome_915	100.0	27.248187	GB_GCA_946406315.1	Patescibacteriota	set_c_clean	2	1367521	91	5	72.64755651556813	19.00342613413628	1613.0	8	CoCoPyE 0.5.0	3	Bacteria
genome_916	100.0	59.661688	GB_GCA_946406315.1	Patescibacteriota	set_c_clean	8	1715865	91	6	67.75411733660822	19.60608764352191	1613.0	8	CoCoPyE 0.5.0	3	Bacilli
genome_917	91.879876	73.78253	GB_GCA_946406315.1	Patescibacteriota	set_c_clean	11	1780354	91	7	72.67766722779521	22.74832308690808	1613.0	8	CoCoPyE 0.5.0	3	Bacteria
genome_918	100.0	0.862762	GB_GCA_946406315.1	Patescibacteriota	set_c_clean	3	1083960	91	8	77.47332437782701	16.95460059878887	1613.0	8	CoCoPyE 0.5.0	3	Bacteria
genome_919	100.0	41.98465	GB_GCA_946406315.1	Patescibacteriota	set_c_clean	12	1525892	91	9	79.00307643220704	12.59695163442581	1613.0	8	CoCoPyE 0.5.0	3	Bacteria
genome_920	56.92771	25.66808	GB_GCA_947084965.1	Patescibacteriota	set_c_clean	6	766052	92	0	61.12841712715511	4.75385803313191	1613.0	8	CoCoPyE 0.5.0	2	Bacteria
genome_921	77.28619	17.096491	GB_GCA_947084965.1	Patescibacteriota	set_c_clean	90	875372	92	1	65.71306164962645	13.53107822932621	1613.0	8	CoCoPyE 0.5.0	3	Bacteria
genome_922	58.370127	46.180204	GB_GCA_947084965.1	Patescibacteriota	set_c_clean	13	969674	92	2	67.56587484325448	17.35806626181339	1613.0	8	CoCoPyE 0.5.0	3	Bacteria
genome_923	100.0	76.655874	GB_GCA_947084965.1	Patescibacteriota	set_c_clean	10	1638432	92	3	72.99655239236071	20.97049168955702	1613.0	8	CoCoPyE 0.5.0	3	Bacteria
genome_924	100.0	37.68107	GB_GCA_947084965.1	Patescibacteriota	set_c_clean	26	1276952	92	4	71.85130719036196	22.60739870065884	1613.0	8	CoCoPyE 0.5.0	3	Bacteria
genome_925	51.749435	51.749435	GB_GCA_947084965.1	Patescibacteriota	set_c_clean	16	959922	92	5	60.353173779457805	9.89675063990513	1613.0	8	CoCoPyE 0.5.0	2	Bacteria
genome_926	72.639576	72.639576	GB_GCA_947084965.1	Patescibacteriota	set_c_clean	8	1347422	92	6	65.40354266351554	25.21475347067186	1613.0	8	CoCoPyE 0.5.0	3	Bacteria
genome_927	100.0	63.511096	GB_GCA_947084965.1	Patescibacteriota	set_c_clean	26	1516518	92	7	75.7262302221418	20.96437168993916	1613.0	8	CoCoPyE 0.5.0	3	Bacteria
genome_928	80.106009	80.106009	GB_GCA_947084965.1	Patescibacteriota	set_c_clean	7	1485920	92	8	59.81890574108941	22.02059384793084	1613.0	8	CoCoPyE 0.5.0	2	Pseudomonadota
genome_929	87.720371	37.731422	GB_GCA_947084965.1	Patescibacteriota	set_c_clean	18	1163529	92	9	78.76479104152422	18.03159762384329	1613.0	8	CoCoPyE 0.5.0	3	Bacteria
genome_930	100.0	67.165125	GB_GCA_948772475.1	Patescibacteriota	set_c_clean	6	1585603	93	0	63.541487889247804	10.02778916823341	1613.0	8	CoCoPyE 0.5.0	3	Bacilli
genome_931	100.0	46.875306	GB_GCA_948772475.1	Patescibacteriota	set_c_clean	3	1393149	93	1	71.55802160864683	20.70771153785909	1613.0	8	CoCoPyE 0.5.0	3	Pseudomonadota
genome_932	100.0	34.771988	GB_GCA_948772475.1	Patescibacteriota	set_c_clean	18	1278346	93	2	84.69710377609734	13.127214214628111	1613.0	8	CoCoPyE 0.5.0	3	Bacteria
genome_933	90.552384	35.188108	GB_GCA_948772475.1	Patescibacteriota	set_c_clean	9	1192680	93	3	75.85272874168815	11.33418007476652	1613.0	8	CoCoPyE 0.5.0	3	Bacteria
genome_934	61.776232	28.308374	GB_GCA_948772475.1	Patescibacteriota	set_c_clean	14	854475	93	4	59.29336085159241	14.796936323825369	1613.0	8	CoCoPyE 0.5.0	2	Borreliaceae
genome_935	85.430537	49.980865	GB_GCA_948772475.1	Patescibacteriota	set_c_clean	12	1284411	93	5	76.28011320654868	23.664023830921472	1613.0	8	CoCoPyE 0.5.0	2	-
genome_936	100.0	35.987876	GB_GCA_948772475.1	Patescibacteriota	set_c_clean	2	1289879	93	6	84.47776356633507	13.47044348639336	1613.0	8	CoCoPyE 0.5.0	3	Bacteria
genome_937	89.102976	45.800374	GB_GCA_948772475.1	Patescibacteriota	set_c_clean	35	1279592	93	7	74.3722298337481	20.27533902898676	1613.0	8	CoCoPyE 0.5.0	3	Bacteria
genome_938	57.594686	43.248939	GB_GCA_948772475.1	Patescibacteriota	set_c_clean	13	956527	93	8	59.883691164053246	14.86177237136439	1613.0	8	CoCoPyE 0.5.0	2	Pseudomonadota
genome_939	81.661843	21.295591	GB_GCA_948772475.1	Patescibacteriota	set_c_clean	11	976577	93	9	63.62626937349789	10.0568188389959	1613.0	8	CoCoPyE 0.5.0	2	Bacteria
genome_940	100.0	25.558554	GB_GCA_948780445.1	Patescibacteriota	set_c_clean	9	1094175	94	0	80.32311051131549	12.402275680285351	1613.0	8	CoCoPyE 0.5.0	3	Bacteria
genome_941	100.0	75.741813	GB_GCA_948780445.1	Patescibacteriota	set_c_clean	6	1531495	94	1	67.90937255502921	19.727229155804128	1613.0	8	CoCoPyE 0.5.0	3	Lactobacillales
genome_942	79.498558	79.498443	GB_GCA_948780445.1	Patescibacteriota	set_c_clean	11	1385573	94	2	64.85867113110481	18.48515835016792	1613.0	8	CoCoPyE 0.5.0	3	Actinomycetes
genome_943	100.0	46.52761	GB_GCA_948780445.1	Patescibacteriota	set_c_clean	3	1276909	94	3	91.13480473795256	21.38170344153694	1613.0	8	CoCoPyE 0.5.0	2	Bacteria
genome_944	81.455994	16.019122	GB_GCA_948780445.1	Patescibacteriota	set_c_clean	5	849443	94	4	59.36562535244829	11.28866452526594	1613.0	8	CoCoPyE 0.5.0	2	Bacteria
genome_945	76.138395	59.47804	GB_GCA_948780445.1	Patescibacteriota	set_c_clean	37	1181824	94	5	62.25172175667397	10.04200735182898	1613.0	8	CoCoPyE 0.5.0	2	Bacteria
genome_946	53.815727	12.509668	GB_GCA_948780445.1	Patescibacteriota	set_c_clean	18	577990	94	6	60.74815333581568	3.01654296344772	1613.0	8	CoCoPyE 0.5.0	2	Bacteria
genome_947	100.0	9.628365	GB_GCA_948780445.1	Patescibacteriota	set_c_clean	4	955352	94	7	81.00436780512723	11.21313648587828	1613.0	8	CoCoPyE 0.5.0	3	Bacteria
genome_948	100.0	51.713589	GB_GCA_948780445.1	Patescibacteriota	set_c_clean	79	1322102	94	8	81.9382774448434	18.48858003127141	1613.0	8	CoCoPyE 0.5.0	3	Bacteria
genome_949	100.0	70.607473	GB_GCA_948780445.1	Patescibacteriota	set_c_clean	9	1486752	94	9	75.85118514824454	17.87735363257815	1613.0	8	CoCoPyE 0.5.0	3	Bacteria
genome_950	88.906476	9.803464	GB_GCA_963521755.1	Patescibacteriota	set_c_clean	21	1116901	95	0	68.8850327258289	7.29439464503763	1613.0	8	CoCoPyE 0.5.0	3	Bacteria
genome_951	64.430162	64.430162	GB_GCA_963521755.1	Patescibacteriota	set_c_clean	28	1458052	95	1	63.43604401477311	23.77563341567385	1613.0	8	CoCoPyE 0.5.0	2	Bacteria
genome_952	50.000177	38.488358	GB_GCA_963521755.1	Patescibacteriota	set_c_clean	42	1001246	95	2	69.38953136033057	23.06241033467357	1613.0	8	CoCoPyE 0.5.0	3	Bacteria
genome_953	88.767722	88.593528	GB_GCA_963521755.1	Patescibacteriota	set_c_clean	54	2006839	95	3	60.24941302836167	11.06096569694474	1613.0	8	CoCoPyE 0.5.0	2	Acinetobacter
genome_954	78.024265	47.258678	GB_GCA_963521755.1	Patescibacteriota	set_c_clean	20	1417574	95	4	74.77078790290861	17.46164523243781	1613.0	8	CoCoPyE 0.5.0	3	Bacteria
genome_955	79.554891	2.067613	GB_GCA_963521755.1	Patescibacteriota	set_c_clean	2	923557	95	5	66.09704003065151	6.004688840446111	1613.0	8	CoCoPyE 0.5.0	3	Bacteria
genome_956	64.039707	62.450486	GB_GCA_963521755.1	Patescibacteriota	set_c_clean	18	1431234	95	6	62.96247053513626	11.52325260590345	1613.0	8	CoCoPyE 0.5.0	2	Actinomycetes
genome_957	85.069881	15.867196	GB_GCA_963521755.1	Patescibacteriota	set_c_clean	24	1142101	95	7	78.10095887045622	4.783824969766879	1613.0	8	CoCoPyE 0.5.0	3	Bacteria
genome_958	85.575229	8.699441	GB_GCA_963521755.1	Patescibacteriota	set_c_clean	167	1066716	95	8	66.14036966017977	12.97267645813365	1613.0	8	CoCoPyE 0.5.0	3	Bacteria
genome_959	70.202599	35.095157	GB_GCA_963521755.1	Patescibacteriota	set_c_clean	29	1191442	95	9	73.59051048027834	11.08261243031666	1613.0	8	CoCoPyE 0.5.0	3	Bacteria
genome_960	100.0	53.137114	GB_GCA_963619335.1	Patescibacteriota	set_c_clean	53	1187880	96	0	79.30894500724264	15.47079449723011	1613.0	8	CoCoPyE 0.5.0	3	Bacteria
genome_961	66.510635	66.367538	GB_GCA_963619335.1	Patescibacteriota	set_c_clean	12	1030732	96	1	74.69077331237519	23.51499383943032	1613.0	8	CoCoPyE 0.5.0	3	Bacteria
genome_962	65.651666	36.60321	GB_GCA_963619335.1	Patescibacteriota	set_c_clean	10	793188	96	2	68.50013558723143	13.30365677230336	1613.0	8	CoCoPyE 0.5.0	3	Bacteria
genome_963	56.811229	4.814896	GB_GCA_963619335.1	Patescibacteriota	set_c_clean	4	478032	96	3	67.82026941551844	6.01250989444365	1613.0	8	CoCoPyE 0.5.0	3	Bacteria
genome_964	100.0	17.847948	GB_GCA_963619335.1	Patescibacteriota	set_c_clean	2	914143	96	4	87.26552524689562	20.37549241051092	1613.0	8	CoCoPyE 0.5.0	3	Bacteria
genome_965	100.0	17.426392	GB_GCA_963619335.1	Patescibacteriota	set_c_clean	19	910873	96	5	82.17491276769715	9.24405116205371	1613.0	8	CoCoPyE 0.5.0	3	Bacteria
genome_966	64.469632	64.469632	GB_GCA_963619335.1	Patescibacteriota	set_c_clean	25	1000178	96	6	58.980977179189	15.337375777858469	1613.0	8	CoCoPyE 0.5.0	2	Campylobacter
genome_967	89.019553	32.219539	GB_GCA_963619335.1	Patescibacteriota	set_c_clean	47	940448	96	7	68.09628870615737	20.71930536545954	1613.0	8	CoCoPyE 0.5.0	3	Bacteria
genome_968	92.170525	38.482939	GB_GCA_963619335.1	Patescibacteriota	set_c_clean	2	1013475	96	8	72.90100841415489	24.25560412171608	1613.0	8	CoCoPyE 0.5.0	3	Bacteria
genome_969	100.0	78.781148	GB_GCA_963619335.1	Patescibacteriota	set_c_clean	2	1386800	96	9	75.11109465646355	30.327959740938237	1613.0	8	CoCoPyE 0.5.0	3	Bacteria
genome_970	71.566732	0.76557	GB_GCA_963623365.1	Patescibacteriota	set_c_clean	2	587109	97	0	62.10493455486079	2.41957523760048	1613.0	8	CoCoPyE 0.5.0	2	Bacteria
genome_971	91.017799	31.421134	GB_GCA_963623365.1	Patescibacteriota	set_c_clean	2	993816	97	1	78.61220327374716	16.07224285990272	1613.0	8	CoCoPyE 0.5.0	3	Bacteria
genome_972	100.0	20.053642	GB_GCA_963623365.1	Patescibacteriota	set_c_clean	2	974455	97	2	85.23120686476197	10.5670756748994	1613.0	8	CoCoPyE 0.5.0	3	Bacteria
genome_973	68.781655	68.781655	GB_GCA_963623365.1	Patescibacteriota	set_c_clean	21	1116578	97	3	63.059343009241886	23.58721492489457	1613.0	8	CoCoPyE 0.5.0	3	Bacteria
genome_974	100.0	74.247335	GB_GCA_963623365.1	Patescibacteriota	set_c_clean	35	1414336	97	4	66.24272587043382	14.77834619986429	1613.0	8	CoCoPyE 0.5.0	3	Bacilli
genome_975	55.508	5.837377	GB_GCA_963623365.1	Patescibacteriota	set_c_clean	6	497930	97	5	60.18899972046691	4.689380021176371	1613.0	8	CoCoPyE 0.5.0	2	Bacteria
genome_976	64.707404	38.204324	GB_GCA_963623365.1	Patescibacteriota	set_c_clean	9	835317	97	6	59.45196279584114	10.455758666131459	1613.0	8	CoCoPyE 0.5.0	2	Bacteria
genome_977	100.0	78.127422	GB_GCA_963623365.1	Patescibacteriota	set_c_clean	13	1445830	97	7	78.57021812088782	27.846433046412976	1613.0	8	CoCoPyE 0.5.0	3	Pseudomonadota
genome_978	100.0	24.128508	GB_GCA_963623365.1	Patescibacteriota	set_c_clean	6	1007530	97	8	84.41970306738484	19.23709806656235	1613.0	8	CoCoPyE 0.5.0	3	Bacteria
genome_979	100.0	39.736449	GB_GCA_963623365.1	Patescibacteriota	set_c_clean	11	1134217	97	9	81.2206236275262	26.14663893664413	1613.0	8	CoCoPyE 0.5.0	3	Bacteria
genome_980	85.520896	21.319761	GB_GCA_963636795.1	Patescibacteriota	set_c_clean	10	914009	98	0	76.63198658517037	20.565989597787528	1613.0	8	CoCoPyE 0.5.0	3	Bacteria
genome_981	100.0	11.785086	GB_GCA_963636795.1	Patescibacteriota	set_c_clean	2	956308	98	1	79.29831982686653	17.16521583322112	1613.0	8	CoCoPyE 0.5.0	3	Bacteria
genome_982	100.0	86.70256	GB_GCA_963636795.1	Patescibacteriota	set_c_clean	47	1597218	98	2	70.05612796644655	23.5626688308413	1613.0	8	CoCoPyE 0.5.0	3	Actinomycetes
genome_983	81.68332	27.62622	GB_GCA_963636795.1	Patescibacteriota	set_c_clean	15	935130	98	3	77.57306787738112	13.94462988343064	1613.0	8	CoCoPyE 0.5.0	3	Bacteria
genome_984	100.0	86.502791	GB_GCA_963636795.1	Patescibacteriota	set_c_clean	4	1595509	98	4	72.8081620430076	15.87879421634063	1613.0	8	CoCoPyE 0.5.0	3	Bacteria
genome_985	100.0	13.451971	GB_GCA_963636795.1	Patescibacteriota	set_c_clean	5	970568	98	5	79.79518771138807	18.79405829298235	1613.0	8	CoCoPyE 0.5.0	3	Bacteria
genome_986	73.539313	35.941007	GB_GCA_963636795.1	Patescibacteriota	set_c_clean	6	936591	98	6	65.36745557090518	8.11501325237749	1613.0	8	CoCoPyE 0.5.0	3	Bacteria
genome_987	75.4318	19.163565	GB_GCA_963636795.1	Patescibacteriota	set_c_clean	3	809252	98	7	70.61320198021892	16.79255267939359	1613.0	8	CoCoPyE 0.5.0	3	Bacteria
genome_988	100.0	5.708321	GB_GCA_963636795.1	Patescibacteriota	set_c_clean	3	904322	98	8	78.71518546645761	15.660534897190809	1613.0	8	CoCoPyE 0.5.0	3	Bacteria
genome_989	52.670289	52.670172	GB_GCA_963636795.1	Patescibacteriota	set_c_clean	9	901175	98	9	60.48138903862015	12.762893409931749	1613.0	8	CoCoPyE 0.5.0	2	Wolbachia
genome_990	100.0	49.33692	GB_GCA_963978955.1	Patescibacteriota	set_c_clean	14	1421344	99	0	78.62057996558838	18.61558281639708	1613.0	8	CoCoPyE 0.5.0	3	Bacteria
genome_991	59.987812	59.987812	GB_GCA_963978955.1	Patescibacteriota	set_c_clean	11	1141892	99	1	60.80031120579983	16.06641178063701	1613.0	8	CoCoPyE 0.5.0	2	Alphaproteobacteria
genome_992	100.0	35.161436	GB_GCA_963978955.1	Patescibacteriota	set_c_clean	9	1286426	99	2	68.8718645563558	16.788418836835252	1613.0	8	CoCoPyE 0.5.0	3	Bacteria
genome_993	100.0	56.547485	GB_GCA_963978955.1	Patescibacteriota	set_c_clean	32	1489972	99	3	67.8754506549754	12.97132165845748	1613.0	8	CoCoPyE 0.5.0	3	Bacteria
genome_994	100.0	37.468611	GB_GCA_963978955.1	Patescibacteriota	set_c_clean	2	1308385	99	4	76.10490143399267	19.41083109314572	1613.0	8	CoCoPyE 0.5.0	3	Bacteria
genome_995	70.101915	50.97471	GB_GCA_963978955.1	Patescibacteriota	set_c_clean	9	1152371	99	5	60.08681533843978	11.53341276475002	1613.0	8	CoCoPyE 0.5.0	2	Lactobacillales
genome_996	100.0	70.419534	GB_GCA_963978955.1	Patescibacteriota	set_c_clean	4	1622002	99	6	64.56286177343944	15.195401787828649	1613.0	8	CoCoPyE 0.5.0	3	Bacteria
genome_997	76.972693	22.620591	GB_GCA_963978955.1	Patescibacteriota	set_c_clean	39	947899	99	7	65.67441136274272	11.72971491905577	1613.0	8	CoCoPyE 0.5.0	3	Bacteria
genome_998	67.376887	6.752577	GB_GCA_963978955.1	Patescibacteriota	set_c_clean	4	705542	99	8	63.98846763104697	5.0906451728360596	1613.0	8	CoCoPyE 0.5.0	3	Bacteria
genome_999	100.0	50.852832	GB_GCA_963978955.1	Patescibacteriota	set_c_clean	16	1435772	99	9	74.11648852876382	16.548809619593367	1613.0	8	CoCoPyE 0.5.0	3	Bacteria
