genome_id	idx	ref_index	replicate	seed	set	dominant_accession	dominant_phylum	dominant_domain	dominant_taxonomy	dominant_source_split	dominant_reference_bp	dominant_retained_bp	contaminant_bp	contaminant_accessions	contaminant_phyla	contaminant_reference_bp	contaminant_source_split	n_contaminants_requested	n_contaminants_selected	n_contaminants	target_completeness	observed_completeness	target_contamination	observed_contamination	quality_tier	frag_contig_count_range	frag_n50_range_bp	frag_min_contig_bp	frag_lognormal_sigma_range	contaminant_quality_tier	coverage_mean	coverage_sigma	coverage_threshold	gc_loss_strength	repeat_loss_prob	low_complexity_threshold	constraint_guard_fired	n_contigs_dominant	n_contigs_contaminant	n_contigs	total_length	error
genome_0	0	0	0	7300000	set_C_clean	GB_GCA_001029695.1	Patescibacteriota	Bacteria	d__Bacteria;p__Patescibacteriota;c__Saccharimonadia;o__Saccharimonadales;f__2011-GWC2-44-17;g__2011-GWC2-44-17;s__2011-GWC2-44-17 sp001029695	test	1038683	847385	540562	RS_GCF_900988835.1	Bacillota	1794662	test	1	1	1	75.461224	81.582639	54.288765	52.04302	low	200-500	5000-20000	1000	0.8-1.2	random_per_contaminant_copy	30.0	1.0	5.0	0.3	0.15	0.6	0	5	4	9	1387947	
genome_1	1	0	1	7300001	set_C_clean	GB_GCA_001029695.1	Patescibacteriota	Bacteria	d__Bacteria;p__Patescibacteriota;c__Saccharimonadia;o__Saccharimonadales;f__2011-GWC2-44-17;g__2011-GWC2-44-17;s__2011-GWC2-44-17 sp001029695	test	1038683	736503	433833	RS_GCF_932527465.1;RS_GCF_030929115.1;RS_GCF_030346045.1;RS_GCF_017166365.1;GB_GCA_910588835.1	Actinomycetota;Pseudomonadota;Pseudomonadota;Pseudomonadota;Bacteroidota	4428693;3929448;5922250;3995688;2299452	test	5	5	5	70.917751	70.907389	54.566897	41.767604	highly_fragmented	500-2000	1000-5000	500	0.8-1.2	random_per_contaminant_copy	30.0	1.0	5.0	0.3	0.15	0.6	0	162	39	201	1170336	
genome_2	2	0	2	7300002	set_C_clean	GB_GCA_001029695.1	Patescibacteriota	Bacteria	d__Bacteria;p__Patescibacteriota;c__Saccharimonadia;o__Saccharimonadales;f__2011-GWC2-44-17;g__2011-GWC2-44-17;s__2011-GWC2-44-17 sp001029695	test	1038683	797429	569953	RS_GCF_002953415.1;GB_GCA_947345715.1	Deinococcota;Bacteroidota	3567228;2879761	test	2	2	2	80.388247	76.773087	54.872718	54.872661	highly_fragmented	500-2000	1000-5000	500	0.8-1.2	random_per_contaminant_copy	30.0	1.0	5.0	0.3	0.15	0.6	0	92	33	125	1367382	
genome_3	3	0	3	7300003	set_C_clean	GB_GCA_001029695.1	Patescibacteriota	Bacteria	d__Bacteria;p__Patescibacteriota;c__Saccharimonadia;o__Saccharimonadales;f__2011-GWC2-44-17;g__2011-GWC2-44-17;s__2011-GWC2-44-17 sp001029695	test	1038683	1038683	493921	RS_GCF_040245265.1;RS_GCF_001831725.1;RS_GCF_015844995.1;RS_GCF_900636705.1;RS_GCF_025519575.1	Bacteroidota;Pseudomonadota;Bacillota;Pseudomonadota;Bacillota	7085205;4935196;5765702;4938759;5651997	test	5	5	5	80.00838	100.0	47.552687	47.552622	medium	50-200	20000-100000	2000	0.8-1.2	random_per_contaminant_copy	30.0	1.0	5.0	0.3	0.15	0.6	0	2	12	14	1532604	
genome_4	4	0	4	7300004	set_C_clean	GB_GCA_001029695.1	Patescibacteriota	Bacteria	d__Bacteria;p__Patescibacteriota;c__Saccharimonadia;o__Saccharimonadales;f__2011-GWC2-44-17;g__2011-GWC2-44-17;s__2011-GWC2-44-17 sp001029695	test	1038683	1038683	703433	RS_GCF_001610775.1	Chloroflexota	1467912	test	1	1	1	77.88178	100.0	67.723595	67.72355	high	10-50	100000-500000	5000	0.8-1.2	random_per_contaminant_copy	30.0	1.0	5.0	0.3	0.15	0.6	0	1	7	8	1742116	
genome_5	5	0	5	7300005	set_C_clean	GB_GCA_001029695.1	Patescibacteriota	Bacteria	d__Bacteria;p__Patescibacteriota;c__Saccharimonadia;o__Saccharimonadales;f__2011-GWC2-44-17;g__2011-GWC2-44-17;s__2011-GWC2-44-17 sp001029695	test	1038683	688897	574368	RS_GCF_022095585.1;RS_GCF_003028755.1	Pseudomonadota;Pseudomonadota	4603522;4709905	test	2	2	2	66.487325	66.324085	64.678279	55.297718	highly_fragmented	500-2000	1000-5000	500	0.8-1.2	random_per_contaminant_copy	30.0	1.0	5.0	0.3	0.15	0.6	0	22	3	25	1263265	
genome_6	6	0	6	7300006	set_C_clean	GB_GCA_001029695.1	Patescibacteriota	Bacteria	d__Bacteria;p__Patescibacteriota;c__Saccharimonadia;o__Saccharimonadales;f__2011-GWC2-44-17;g__2011-GWC2-44-17;s__2011-GWC2-44-17 sp001029695	test	1038683	828798	607050	RS_GCF_002802485.1;RS_GCF_030160455.1	Actinomycetota;Pseudomonadota	4986376;3012031	test	2	2	2	79.861418	79.793161	58.444232	58.444203	highly_fragmented	500-2000	1000-5000	500	0.8-1.2	random_per_contaminant_copy	30.0	1.0	5.0	0.3	0.15	0.6	0	34	56	90	1435848	
genome_7	7	0	7	7300007	set_C_clean	GB_GCA_001029695.1	Patescibacteriota	Bacteria	d__Bacteria;p__Patescibacteriota;c__Saccharimonadia;o__Saccharimonadales;f__2011-GWC2-44-17;g__2011-GWC2-44-17;s__2011-GWC2-44-17 sp001029695	test	1038683	562433	136683	RS_GCF_000274365.1;GB_GCA_947074955.1	Campylobacterota;Bacteroidota	1708533;2290996	test	2	2	2	53.285208	54.148667	14.061165	13.15926	low	200-500	5000-20000	1000	0.8-1.2	random_per_contaminant_copy	30.0	1.0	5.0	0.3	0.15	0.6	0	2	2	4	699116	
genome_8	8	0	8	7300008	set_C_clean	GB_GCA_001029695.1	Patescibacteriota	Bacteria	d__Bacteria;p__Patescibacteriota;c__Saccharimonadia;o__Saccharimonadales;f__2011-GWC2-44-17;g__2011-GWC2-44-17;s__2011-GWC2-44-17 sp001029695	test	1038683	1038683	883392	RS_GCF_027678605.1;RS_GCF_031872955.1;GB_GCA_948623265.1	Bacillota;Pseudomonadota;Verrucomicrobiota	2951346;4172199;2581081	test	3	3	3	88.678329	100.0	85.049242	85.04924	high	10-50	100000-500000	5000	0.8-1.2	random_per_contaminant_copy	30.0	1.0	5.0	0.3	0.15	0.6	0	1	24	25	1922075	
genome_9	9	0	9	7300009	set_C_clean	GB_GCA_001029695.1	Patescibacteriota	Bacteria	d__Bacteria;p__Patescibacteriota;c__Saccharimonadia;o__Saccharimonadales;f__2011-GWC2-44-17;g__2011-GWC2-44-17;s__2011-GWC2-44-17 sp001029695	test	1038683	1038683	265501	RS_GCF_007289895.1;RS_GCF_021165815.1;RS_GCF_020640395.1;RS_GCF_013374175.1;RS_GCF_900445975.1	Pseudomonadota;Pseudomonadota;Pseudomonadota;Campylobacterota;Spirochaetota	4868003;5061032;6290328;1715041;2719278	test	5	5	5	66.12498	100.0	25.561343	25.561312	high	10-50	100000-500000	5000	0.8-1.2	random_per_contaminant_copy	30.0	1.0	5.0	0.3	0.15	0.6	0	1	3	4	1304184	
genome_10	10	1	0	7301000	set_C_clean	GB_GCA_001777515.1	Patescibacteriota	Bacteria	d__Bacteria;p__Patescibacteriota;c__Doudnabacteria;o__UBA920;f__2-01-FULL-46-14;g__2-01-FULL-46-14;s__2-01-FULL-46-14 sp001777515	test	919187	772904	238380	RS_GCF_002063385.1;RS_GCF_015275985.1;GB_GCA_948944815.1	Pseudomonadota;Bacillota;Desulfobacterota_I	4965626;2726433;2138224	test	3	3	3	85.732396	84.08561	25.933886	25.933787	highly_fragmented	500-2000	1000-5000	500	0.8-1.2	random_per_contaminant_copy	30.0	1.0	5.0	0.3	0.15	0.6	0	35	3	38	1011284	
genome_11	11	1	1	7301001	set_C_clean	GB_GCA_001777515.1	Patescibacteriota	Bacteria	d__Bacteria;p__Patescibacteriota;c__Doudnabacteria;o__UBA920;f__2-01-FULL-46-14;g__2-01-FULL-46-14;s__2-01-FULL-46-14 sp001777515	test	919187	561958	362118	RS_GCF_040268335.1;GB_GCA_002199365.1;RS_GCF_041357215.1;RS_GCF_948558175.1;RS_GCF_006378935.1	Pseudomonadota;Bacillota;Pseudomonadota;Bacteroidota;Pseudomonadota	7488850;5204942;3856832;2021453;5042909	test	5	5	5	61.458964	61.136417	39.395522	39.395466	highly_fragmented	500-2000	1000-5000	500	0.8-1.2	random_per_contaminant_copy	30.0	1.0	5.0	0.3	0.15	0.6	0	19	1	20	924076	
genome_12	12	1	2	7301002	set_C_clean	GB_GCA_001777515.1	Patescibacteriota	Bacteria	d__Bacteria;p__Patescibacteriota;c__Doudnabacteria;o__UBA920;f__2-01-FULL-46-14;g__2-01-FULL-46-14;s__2-01-FULL-46-14 sp001777515	test	919187	919187	127169	RS_GCF_027272325.1;RS_GCF_039753855.1;RS_GCF_003851345.1;RS_GCF_002245935.1	Bacillota;Actinomycetota;Pseudomonadota;Campylobacterota	2739219;2311616;6928549;1735478	test	4	4	4	53.996828	100.0	13.835029	13.834943	high	10-50	100000-500000	5000	0.8-1.2	random_per_contaminant_copy	30.0	1.0	5.0	0.3	0.15	0.6	0	1	2	3	1046356	
genome_13	13	1	3	7301003	set_C_clean	GB_GCA_001777515.1	Patescibacteriota	Bacteria	d__Bacteria;p__Patescibacteriota;c__Doudnabacteria;o__UBA920;f__2-01-FULL-46-14;g__2-01-FULL-46-14;s__2-01-FULL-46-14 sp001777515	test	919187	919187	87534	RS_GCF_011066545.1;RS_GCF_040931905.1	Planctomycetota;Bacillota	4334932;2905017	test	2	2	2	52.069128	100.0	10.46319	9.522981	high	10-50	100000-500000	5000	0.8-1.2	random_per_contaminant_copy	30.0	1.0	5.0	0.3	0.15	0.6	0	1	4	5	1006721	
genome_14	14	1	4	7301004	set_C_clean	GB_GCA_001777515.1	Patescibacteriota	Bacteria	d__Bacteria;p__Patescibacteriota;c__Doudnabacteria;o__UBA920;f__2-01-FULL-46-14;g__2-01-FULL-46-14;s__2-01-FULL-46-14 sp001777515	test	919187	793927	780652	RS_GCF_000968055.1;RS_GCF_032485415.1;RS_GCF_015840915.1	Bacillota;Bacillota;Cyanobacteriota	1554229;3649016;3854122	test	3	3	3	96.5658	86.37274	84.928637	84.928529	highly_fragmented	500-2000	1000-5000	500	0.8-1.2	random_per_contaminant_copy	30.0	1.0	5.0	0.3	0.15	0.6	0	61	9	70	1574579	
genome_15	15	1	5	7301005	set_C_clean	GB_GCA_001777515.1	Patescibacteriota	Bacteria	d__Bacteria;p__Patescibacteriota;c__Doudnabacteria;o__UBA920;f__2-01-FULL-46-14;g__2-01-FULL-46-14;s__2-01-FULL-46-14 sp001777515	test	919187	572160	5182	RS_GCF_039543845.1;RS_GCF_000557265.1;RS_GCF_000573065.1;RS_GCF_000538415.1;RS_GCF_014323725.1	Actinomycetota;Bacillota;Bacillota;Bacillota;Actinomycetota	5683890;2870935;2907953;2872551;6813329	test	5	5	5	63.985053	62.246311	0.56385	0.563759	low	200-500	5000-20000	1000	0.8-1.2	random_per_contaminant_copy	30.0	1.0	5.0	0.3	0.15	0.6	0	8	1	9	577342	
genome_16	16	1	6	7301006	set_C_clean	GB_GCA_001777515.1	Patescibacteriota	Bacteria	d__Bacteria;p__Patescibacteriota;c__Doudnabacteria;o__UBA920;f__2-01-FULL-46-14;g__2-01-FULL-46-14;s__2-01-FULL-46-14 sp001777515	test	919187	650084	650084	RS_GCF_002203155.1;RS_GCF_030323745.1;RS_GCF_015831025.1;RS_GCF_019405145.1	Actinomycetota;Actinomycetota;Actinomycetota;Chlamydiota	2432899;4415638;2515319;1090423	test	4	4	4	70.925083	70.723803	88.683329	70.723803	highly_fragmented	500-2000	1000-5000	500	0.8-1.2	random_per_contaminant_copy	30.0	1.0	5.0	0.3	0.15	0.6	0	130	13	143	1300168	
genome_17	17	1	7	7301007	set_C_clean	GB_GCA_001777515.1	Patescibacteriota	Bacteria	d__Bacteria;p__Patescibacteriota;c__Doudnabacteria;o__UBA920;f__2-01-FULL-46-14;g__2-01-FULL-46-14;s__2-01-FULL-46-14 sp001777515	test	919187	919187	110991	RS_GCF_008727865.1;RS_GCF_964206895.1	Bacteroidota;Pseudomonadota	4887646;4013182	test	2	2	2	77.153639	100.0	12.074927	12.07491	high	10-50	100000-500000	5000	0.8-1.2	random_per_contaminant_copy	30.0	1.0	5.0	0.3	0.15	0.6	0	1	1	2	1030178	
genome_18	18	1	8	7301008	set_C_clean	GB_GCA_001777515.1	Patescibacteriota	Bacteria	d__Bacteria;p__Patescibacteriota;c__Doudnabacteria;o__UBA920;f__2-01-FULL-46-14;g__2-01-FULL-46-14;s__2-01-FULL-46-14 sp001777515	test	919187	865153	207164	RS_GCF_001696085.1;RS_GCF_000327665.2	Pseudomonadota;Pseudomonadota	4986443;2184101	test	2	2	2	91.848989	94.121544	22.53783	22.537743	low	200-500	5000-20000	1000	0.8-1.2	random_per_contaminant_copy	30.0	1.0	5.0	0.3	0.15	0.6	0	5	35	40	1072317	
genome_19	19	1	9	7301009	set_C_clean	GB_GCA_001777515.1	Patescibacteriota	Bacteria	d__Bacteria;p__Patescibacteriota;c__Doudnabacteria;o__UBA920;f__2-01-FULL-46-14;g__2-01-FULL-46-14;s__2-01-FULL-46-14 sp001777515	test	919187	570472	570472	RS_GCF_019458745.1	Bacillota	3944679	test	1	1	1	61.998183	62.062671	66.946081	62.062671	highly_fragmented	500-2000	1000-5000	500	0.8-1.2	random_per_contaminant_copy	30.0	1.0	5.0	0.3	0.15	0.6	0	16	11	27	1140944	
genome_20	20	2	0	7302000	set_C_clean	GB_GCA_001778095.1	Patescibacteriota	Bacteria	d__Bacteria;p__Patescibacteriota;c__Patescibacteriia;o__XYB2-FULL-38-15;f__XYB2-FULL-38-15;g__XYB2-FULL-38-15;s__XYB2-FULL-38-15 sp001778095	test	914259	914259	618826	RS_GCF_033898645.1;RS_GCF_000018905.1;RS_GCF_025215115.1;RS_GCF_000652855.1	Pseudomonadota;Pseudomonadota;Pseudomonadota;Actinomycetota	5242516;3324607;4450330;4400522	test	4	4	4	68.002018	100.0	67.686134	67.686071	high	10-50	100000-500000	5000	0.8-1.2	random_per_contaminant_copy	30.0	1.0	5.0	0.3	0.15	0.6	0	1	3	4	1533085	
genome_21	21	2	1	7302001	set_C_clean	GB_GCA_001778095.1	Patescibacteriota	Bacteria	d__Bacteria;p__Patescibacteriota;c__Patescibacteriia;o__XYB2-FULL-38-15;f__XYB2-FULL-38-15;g__XYB2-FULL-38-15;s__XYB2-FULL-38-15 sp001778095	test	914259	642894	234608	RS_GCF_032067795.1	Bacillota	3187268	test	1	1	1	61.546106	70.318586	30.690736	25.661	high	10-50	100000-500000	5000	0.8-1.2	random_per_contaminant_copy	30.0	1.0	5.0	0.3	0.15	0.6	0	1	1	2	877502	
genome_22	22	2	2	7302002	set_C_clean	GB_GCA_001778095.1	Patescibacteriota	Bacteria	d__Bacteria;p__Patescibacteriota;c__Patescibacteriia;o__XYB2-FULL-38-15;f__XYB2-FULL-38-15;g__XYB2-FULL-38-15;s__XYB2-FULL-38-15 sp001778095	test	914259	914259	3321	RS_GCF_001211745.1;RS_GCF_948558175.1;RS_GCF_029084145.1;RS_GCF_015352395.1	Bacillota;Bacteroidota;Pseudomonadota;Bacillota	2878680;2021453;4689538;4340988	test	4	4	4	96.652829	100.0	0.36335	0.363245	medium	50-200	20000-100000	2000	0.8-1.2	random_per_contaminant_copy	30.0	1.0	5.0	0.3	0.15	0.6	0	1	1	2	917580	
genome_23	23	2	3	7302003	set_C_clean	GB_GCA_001778095.1	Patescibacteriota	Bacteria	d__Bacteria;p__Patescibacteriota;c__Patescibacteriia;o__XYB2-FULL-38-15;f__XYB2-FULL-38-15;g__XYB2-FULL-38-15;s__XYB2-FULL-38-15 sp001778095	test	914259	602551	317173	RS_GCF_006506995.1;RS_GCF_035794875.1;RS_GCF_011038575.1	Pseudomonadota;Pseudomonadota;Bacillota	3288163;4722625;2449132	test	3	3	3	68.525955	65.905941	34.691821	34.691811	low	200-500	5000-20000	1000	0.8-1.2	random_per_contaminant_copy	30.0	1.0	5.0	0.3	0.15	0.6	0	13	4	17	919724	
genome_24	24	2	4	7302004	set_C_clean	GB_GCA_001778095.1	Patescibacteriota	Bacteria	d__Bacteria;p__Patescibacteriota;c__Patescibacteriia;o__XYB2-FULL-38-15;f__XYB2-FULL-38-15;g__XYB2-FULL-38-15;s__XYB2-FULL-38-15 sp001778095	test	914259	488348	488348	RS_GCF_904830965.1	Pseudomonadota	5038778	test	1	1	1	53.544095	53.414623	80.688563	53.414623	highly_fragmented	500-2000	1000-5000	500	0.8-1.2	random_per_contaminant_copy	30.0	1.0	5.0	0.3	0.15	0.6	0	41	4	45	976696	
genome_25	25	2	5	7302005	set_C_clean	GB_GCA_001778095.1	Patescibacteriota	Bacteria	d__Bacteria;p__Patescibacteriota;c__Patescibacteriia;o__XYB2-FULL-38-15;f__XYB2-FULL-38-15;g__XYB2-FULL-38-15;s__XYB2-FULL-38-15 sp001778095	test	914259	914259	628240	GB_GCA_040004035.1	Cyanobacteriota	7013712	test	1	1	1	69.531341	100.0	68.7158	68.715758	high	10-50	100000-500000	5000	0.8-1.2	random_per_contaminant_copy	30.0	1.0	5.0	0.3	0.15	0.6	0	1	64	65	1542499	
genome_26	26	2	6	7302006	set_C_clean	GB_GCA_001778095.1	Patescibacteriota	Bacteria	d__Bacteria;p__Patescibacteriota;c__Patescibacteriia;o__XYB2-FULL-38-15;f__XYB2-FULL-38-15;g__XYB2-FULL-38-15;s__XYB2-FULL-38-15 sp001778095	test	914259	914259	654430	RS_GCF_019278055.1;RS_GCF_000480885.1;RS_GCF_040703085.1	Bacillota;Pseudomonadota;Pseudomonadota	2190096;7288270;4053060	test	3	3	3	52.431411	100.0	71.580376	71.580373	medium	50-200	20000-100000	2000	0.8-1.2	random_per_contaminant_copy	30.0	1.0	5.0	0.3	0.15	0.6	0	2	18	20	1568689	
genome_27	27	2	7	7302007	set_C_clean	GB_GCA_001778095.1	Patescibacteriota	Bacteria	d__Bacteria;p__Patescibacteriota;c__Patescibacteriia;o__XYB2-FULL-38-15;f__XYB2-FULL-38-15;g__XYB2-FULL-38-15;s__XYB2-FULL-38-15 sp001778095	test	914259	914259	107761	RS_GCF_001560245.1;GB_GCA_948716465.1	Thermoproteota;Pseudomonadota	2220445;1708371	test	2	2	2	98.557001	100.0	11.786735	11.786704	low	200-500	5000-20000	1000	0.8-1.2	random_per_contaminant_copy	30.0	1.0	5.0	0.3	0.15	0.6	0	2	2	4	1022020	
genome_28	28	2	8	7302008	set_C_clean	GB_GCA_001778095.1	Patescibacteriota	Bacteria	d__Bacteria;p__Patescibacteriota;c__Patescibacteriia;o__XYB2-FULL-38-15;f__XYB2-FULL-38-15;g__XYB2-FULL-38-15;s__XYB2-FULL-38-15 sp001778095	test	914259	914259	413949	GB_GCA_948713815.1;RS_GCF_004358445.1;RS_GCF_002182965.1	Bacteroidota;Pseudomonadota;Pseudomonadota	2833150;4222191;4191948	test	3	3	3	63.188557	100.0	45.277014	45.276995	medium	50-200	20000-100000	2000	0.8-1.2	random_per_contaminant_copy	30.0	1.0	5.0	0.3	0.15	0.6	0	1	6	7	1328208	
genome_29	29	2	9	7302009	set_C_clean	GB_GCA_001778095.1	Patescibacteriota	Bacteria	d__Bacteria;p__Patescibacteriota;c__Patescibacteriia;o__XYB2-FULL-38-15;f__XYB2-FULL-38-15;g__XYB2-FULL-38-15;s__XYB2-FULL-38-15 sp001778095	test	914259	763058	66420	RS_GCF_900602465.1	Pseudomonadota	5948409	test	1	1	1	83.650305	83.461907	7.264903	7.2649	highly_fragmented	500-2000	1000-5000	500	0.8-1.2	random_per_contaminant_copy	30.0	1.0	5.0	0.3	0.15	0.6	0	46	3	49	829478	
genome_30	30	3	0	7303000	set_C_clean	GB_GCA_001779275.1	Patescibacteriota	Bacteria	d__Bacteria;p__Patescibacteriota;c__Microgenomatia;o__2-02-FULL-39-11;f__2-02-FULL-39-11;g__2-02-FULL-40-10;s__2-02-FULL-40-10 sp001779115	test	1358475	680223	680223	RS_GCF_030293285.1;RS_GCF_948865755.1;GB_GCA_963693005.1;RS_GCF_019748655.1	Pseudomonadota;Bacteroidota;Pseudomonadota;Bacillota	4676746;2682229;1770596;3941453	test	4	4	4	50.658	50.072545	86.167517	50.072545	low	200-500	5000-20000	1000	0.8-1.2	random_per_contaminant_copy	30.0	1.0	5.0	0.3	0.15	0.6	0	25	19	44	1360446	
genome_31	31	3	1	7303001	set_C_clean	GB_GCA_001779275.1	Patescibacteriota	Bacteria	d__Bacteria;p__Patescibacteriota;c__Microgenomatia;o__2-02-FULL-39-11;f__2-02-FULL-39-11;g__2-02-FULL-40-10;s__2-02-FULL-40-10 sp001779115	test	1358475	1358475	799037	RS_GCF_021228795.1;RS_GCF_000279415.1;RS_GCF_002138975.1;RS_GCF_015694345.1;RS_GCF_900028215.1	Pseudomonadota;Pseudomonadota;Campylobacterota;Pseudomonadota;Bacillota	5649927;4084542;1583217;4080833;2128212	test	5	5	5	95.559806	100.0	88.314024	58.818675	low	200-500	5000-20000	1000	0.8-1.2	random_per_contaminant_copy	30.0	1.0	5.0	0.3	0.15	0.6	0	3	30	33	2157512	
genome_32	32	3	2	7303002	set_C_clean	GB_GCA_001779275.1	Patescibacteriota	Bacteria	d__Bacteria;p__Patescibacteriota;c__Microgenomatia;o__2-02-FULL-39-11;f__2-02-FULL-39-11;g__2-02-FULL-40-10;s__2-02-FULL-40-10 sp001779115	test	1358475	752202	752202	RS_GCF_008802035.1;RS_GCF_036632595.1	Campylobacterota;Bacillota	1728151;2779260	test	2	2	2	55.902647	55.371059	85.175732	55.371059	low	200-500	5000-20000	1000	0.8-1.2	random_per_contaminant_copy	30.0	1.0	5.0	0.3	0.15	0.6	0	42	89	131	1504404	
genome_33	33	3	3	7303003	set_C_clean	GB_GCA_001779275.1	Patescibacteriota	Bacteria	d__Bacteria;p__Patescibacteriota;c__Microgenomatia;o__2-02-FULL-39-11;f__2-02-FULL-39-11;g__2-02-FULL-40-10;s__2-02-FULL-40-10 sp001779115	test	1358475	838688	205210	RS_GCF_900129315.1;RS_GCF_000480665.1;RS_GCF_001119525.1;RS_GCF_003834805.1;GB_GCA_948755085.1	Bacteroidota_A;Pseudomonadota;Bacillota;Pseudomonadota;Bacteroidota	5082244;6958408;1985133;6478237;1998353	test	5	5	5	62.248234	61.737463	15.105977	15.105909	highly_fragmented	500-2000	1000-5000	500	0.8-1.2	random_per_contaminant_copy	30.0	1.0	5.0	0.3	0.15	0.6	0	27	2	29	1043898	
genome_34	34	3	4	7303004	set_C_clean	GB_GCA_001779275.1	Patescibacteriota	Bacteria	d__Bacteria;p__Patescibacteriota;c__Microgenomatia;o__2-02-FULL-39-11;f__2-02-FULL-39-11;g__2-02-FULL-40-10;s__2-02-FULL-40-10 sp001779115	test	1358475	1300302	608230	RS_GCF_030816995.1;GB_GCA_959024865.1	Actinomycetota;Bacteroidota	8649254;5187976	test	2	2	2	65.895103	95.717772	44.773015	44.772999	high	10-50	100000-500000	5000	0.8-1.2	random_per_contaminant_copy	30.0	1.0	5.0	0.3	0.15	0.6	0	1	15	16	1908532	
genome_35	35	3	5	7303005	set_C_clean	GB_GCA_001779275.1	Patescibacteriota	Bacteria	d__Bacteria;p__Patescibacteriota;c__Microgenomatia;o__2-02-FULL-39-11;f__2-02-FULL-39-11;g__2-02-FULL-40-10;s__2-02-FULL-40-10 sp001779115	test	1358475	712639	712639	RS_GCF_016452125.1;RS_GCF_022096525.1;GB_GCA_000008885.1;GB_GCA_018000195.1	Pseudomonadota;Bacillota;Pseudomonadota;Acidobacteriota	5479495;3011011;703004;2904514	test	4	4	4	54.317805	52.45875	58.92261	52.45875	low	200-500	5000-20000	1000	0.8-1.2	random_per_contaminant_copy	30.0	1.0	5.0	0.3	0.15	0.6	0	16	11	27	1425278	
genome_36	36	3	6	7303006	set_C_clean	GB_GCA_001779275.1	Patescibacteriota	Bacteria	d__Bacteria;p__Patescibacteriota;c__Microgenomatia;o__2-02-FULL-39-11;f__2-02-FULL-39-11;g__2-02-FULL-40-10;s__2-02-FULL-40-10 sp001779115	test	1358475	691434	31777	RS_GCF_900142575.1;RS_GCF_016772005.1;RS_GCF_026158725.1;RS_GCF_024810105.1	Actinomycetota;Bacillota;Pseudomonadota;Pseudomonadota	8164374;3957523;1895870;4620893	test	4	4	4	51.329484	50.897808	2.339176	2.339167	low	200-500	5000-20000	1000	0.8-1.2	random_per_contaminant_copy	30.0	1.0	5.0	0.3	0.15	0.6	0	26	3	29	723211	
genome_37	37	3	7	7303007	set_C_clean	GB_GCA_001779275.1	Patescibacteriota	Bacteria	d__Bacteria;p__Patescibacteriota;c__Microgenomatia;o__2-02-FULL-39-11;f__2-02-FULL-39-11;g__2-02-FULL-40-10;s__2-02-FULL-40-10 sp001779115	test	1358475	1358475	977639	RS_GCF_000465795.1	Bacillota	2881132	test	1	1	1	74.811285	100.0	71.965967	71.965918	high	10-50	100000-500000	5000	0.8-1.2	random_per_contaminant_copy	30.0	1.0	5.0	0.3	0.15	0.6	0	1	1	2	2336114	
genome_38	38	3	8	7303008	set_C_clean	GB_GCA_001779275.1	Patescibacteriota	Bacteria	d__Bacteria;p__Patescibacteriota;c__Microgenomatia;o__2-02-FULL-39-11;f__2-02-FULL-39-11;g__2-02-FULL-40-10;s__2-02-FULL-40-10 sp001779115	test	1358475	1358475	226191	RS_GCF_934841165.1	Bacteroidota	2831028	test	1	1	1	69.514968	100.0	16.650378	16.650362	high	10-50	100000-500000	5000	0.8-1.2	random_per_contaminant_copy	30.0	1.0	5.0	0.3	0.15	0.6	0	1	1	2	1584666	
genome_39	39	3	9	7303009	set_C_clean	GB_GCA_001779275.1	Patescibacteriota	Bacteria	d__Bacteria;p__Patescibacteriota;c__Microgenomatia;o__2-02-FULL-39-11;f__2-02-FULL-39-11;g__2-02-FULL-40-10;s__2-02-FULL-40-10 sp001779115	test	1358475	1358475	637465	RS_GCF_037627785.1	Pseudomonadota	5099642	test	1	1	1	83.541846	100.0	46.925089	46.925045	medium	50-200	20000-100000	2000	0.8-1.2	random_per_contaminant_copy	30.0	1.0	5.0	0.3	0.15	0.6	0	3	16	19	1995940	
genome_40	40	4	0	7304000	set_C_clean	GB_GCA_001781415.1	Patescibacteriota	Bacteria	d__Bacteria;p__Patescibacteriota;c__Minisyncoccia;o__UBA9973;f__UBA918;g__OLB19;s__OLB19 sp001781415	test	962770	962770	179958	RS_GCF_035007445.1;GB_GCA_002483025.1;GB_GCA_963596405.1	Pseudomonadota;Planctomycetota;Bacteroidota	7014247;6380183;2421371	test	3	3	3	78.206764	100.0	18.69172	18.691692	high	10-50	100000-500000	5000	0.8-1.2	random_per_contaminant_copy	30.0	1.0	5.0	0.3	0.15	0.6	0	1	3	4	1142728	
genome_41	41	4	1	7304001	set_C_clean	GB_GCA_001781415.1	Patescibacteriota	Bacteria	d__Bacteria;p__Patescibacteriota;c__Minisyncoccia;o__UBA9973;f__UBA918;g__OLB19;s__OLB19 sp001781415	test	962770	962770	440147	RS_GCF_030316765.1;RS_GCF_001387775.1;RS_GCF_030370155.1;RS_GCF_001164225.1	Pseudomonadota;Actinomycetota;Pseudomonadota;Actinomycetota	7405677;4361056;2828637;4394899	test	4	4	4	89.224219	100.0	45.716745	45.716734	low	200-500	5000-20000	1000	0.8-1.2	random_per_contaminant_copy	30.0	1.0	5.0	0.3	0.15	0.6	0	1	29	30	1402917	
genome_42	42	4	2	7304002	set_C_clean	GB_GCA_001781415.1	Patescibacteriota	Bacteria	d__Bacteria;p__Patescibacteriota;c__Minisyncoccia;o__UBA9973;f__UBA918;g__OLB19;s__OLB19 sp001781415	test	962770	962770	605991	RS_GCF_014305895.1;RS_GCF_000277285.1	Bacillota;Pseudomonadota	3658239;1112372	test	2	2	2	51.982974	100.0	62.942515	62.942447	high	10-50	100000-500000	5000	0.8-1.2	random_per_contaminant_copy	30.0	1.0	5.0	0.3	0.15	0.6	0	1	22	23	1568761	
genome_43	43	4	3	7304003	set_C_clean	GB_GCA_001781415.1	Patescibacteriota	Bacteria	d__Bacteria;p__Patescibacteriota;c__Minisyncoccia;o__UBA9973;f__UBA918;g__OLB19;s__OLB19 sp001781415	test	962770	962770	135107	RS_GCF_009647605.1	Actinomycetota	3911034	test	1	1	1	56.081544	100.0	14.033237	14.033154	high	10-50	100000-500000	5000	0.8-1.2	random_per_contaminant_copy	30.0	1.0	5.0	0.3	0.15	0.6	0	1	1	2	1097877	
genome_44	44	4	4	7304004	set_C_clean	GB_GCA_001781415.1	Patescibacteriota	Bacteria	d__Bacteria;p__Patescibacteriota;c__Minisyncoccia;o__UBA9973;f__UBA918;g__OLB19;s__OLB19 sp001781415	test	962770	962770	336115	RS_GCF_023668975.1;RS_GCF_900411785.1	Bacteroidota;Bacillota	6553647;2901531	test	2	2	2	83.351864	100.0	34.911279	34.911246	high	10-50	100000-500000	5000	0.8-1.2	random_per_contaminant_copy	30.0	1.0	5.0	0.3	0.15	0.6	0	1	15	16	1298885	
genome_45	45	4	5	7304005	set_C_clean	GB_GCA_001781415.1	Patescibacteriota	Bacteria	d__Bacteria;p__Patescibacteriota;c__Minisyncoccia;o__UBA9973;f__UBA918;g__OLB19;s__OLB19 sp001781415	test	962770	778749	778749	RS_GCF_900149365.1	Chlamydiota	1096059	test	1	1	1	88.691627	80.886297	94.933308	80.886297	low	200-500	5000-20000	1000	0.8-1.2	random_per_contaminant_copy	30.0	1.0	5.0	0.3	0.15	0.6	0	7	11	18	1557498	
genome_46	46	4	6	7304006	set_C_clean	GB_GCA_001781415.1	Patescibacteriota	Bacteria	d__Bacteria;p__Patescibacteriota;c__Minisyncoccia;o__UBA9973;f__UBA918;g__OLB19;s__OLB19 sp001781415	test	962770	703273	476142	RS_GCF_041197735.1;RS_GCF_040632835.1;RS_GCF_026168935.1;GB_GCA_040880525.1;RS_GCF_040758655.1	Actinomycetota;Actinomycetota;Actinomycetota;Bacteroidota;Pseudomonadota	2350043;8045101;2024378;3802942;5638881	test	5	5	5	84.135198	73.046834	49.455434	49.455425	low	200-500	5000-20000	1000	0.8-1.2	random_per_contaminant_copy	30.0	1.0	5.0	0.3	0.15	0.6	0	3	1	4	1179415	
genome_47	47	4	7	7304007	set_C_clean	GB_GCA_001781415.1	Patescibacteriota	Bacteria	d__Bacteria;p__Patescibacteriota;c__Minisyncoccia;o__UBA9973;f__UBA918;g__OLB19;s__OLB19 sp001781415	test	962770	780171	421921	GB_GCA_948751395.1;GB_GCA_949398095.1;GB_GCA_948872805.1;GB_GCA_948604285.1	Chrysiogenota;Bacteroidota;Bacillota;Bacteroidota	2264328;2884017;3540366;2700635	test	4	4	4	81.087087	81.033996	43.823745	43.823655	highly_fragmented	500-2000	1000-5000	500	0.8-1.2	random_per_contaminant_copy	30.0	1.0	5.0	0.3	0.15	0.6	0	104	5	109	1202092	
genome_48	48	4	8	7304008	set_C_clean	GB_GCA_001781415.1	Patescibacteriota	Bacteria	d__Bacteria;p__Patescibacteriota;c__Minisyncoccia;o__UBA9973;f__UBA918;g__OLB19;s__OLB19 sp001781415	test	962770	698738	146801	GB_GCA_015752025.1	Pseudomonadota	7057250	test	1	1	1	72.586034	72.575797	15.247852	15.247775	highly_fragmented	500-2000	1000-5000	500	0.8-1.2	random_per_contaminant_copy	30.0	1.0	5.0	0.3	0.15	0.6	0	33	10	43	845539	
genome_49	49	4	9	7304009	set_C_clean	GB_GCA_001781415.1	Patescibacteriota	Bacteria	d__Bacteria;p__Patescibacteriota;c__Minisyncoccia;o__UBA9973;f__UBA918;g__OLB19;s__OLB19 sp001781415	test	962770	814396	274550	RS_GCF_025026595.1	Pseudomonadota	5476158	test	1	1	1	55.084462	84.588843	28.516697	28.516676	low	200-500	5000-20000	1000	0.8-1.2	random_per_contaminant_copy	30.0	1.0	5.0	0.3	0.15	0.6	0	2	3	5	1088946	
genome_50	50	5	0	7305000	set_C_clean	GB_GCA_001783805.1	Patescibacteriota	Bacteria	d__Bacteria;p__Patescibacteriota;c__Microgenomatia;o__Levybacterales;f__UBA12049;g__GWB1-37-8;s__GWB1-37-8 sp001783805	test	897674	897674	505283	RS_GCF_030055635.1	Halobacteriota	1763032	test	1	1	1	78.777756	100.0	58.163358	56.288029	high	10-50	100000-500000	5000	0.8-1.2	random_per_contaminant_copy	30.0	1.0	5.0	0.3	0.15	0.6	0	1	3	4	1402957	
genome_51	51	5	1	7305001	set_C_clean	GB_GCA_001783805.1	Patescibacteriota	Bacteria	d__Bacteria;p__Patescibacteriota;c__Microgenomatia;o__Levybacterales;f__UBA12049;g__GWB1-37-8;s__GWB1-37-8 sp001783805	test	897674	599329	164148	RS_GCF_018418755.1	Bacillota	2101430	test	1	1	1	66.865076	66.764661	25.495592	18.285926	medium	50-200	20000-100000	2000	0.8-1.2	random_per_contaminant_copy	30.0	1.0	5.0	0.3	0.15	0.6	0	3	1	4	763477	
genome_52	52	5	2	7305002	set_C_clean	GB_GCA_001783805.1	Patescibacteriota	Bacteria	d__Bacteria;p__Patescibacteriota;c__Microgenomatia;o__Levybacterales;f__UBA12049;g__GWB1-37-8;s__GWB1-37-8 sp001783805	test	897674	753035	753035	RS_GCF_000010665.1	Desulfobacterota_I	5315620	test	1	1	1	83.16577	83.887358	97.543748	83.887358	highly_fragmented	500-2000	1000-5000	500	0.8-1.2	random_per_contaminant_copy	30.0	1.0	5.0	0.3	0.15	0.6	0	13	3	16	1506070	
genome_53	53	5	3	7305003	set_C_clean	GB_GCA_001783805.1	Patescibacteriota	Bacteria	d__Bacteria;p__Patescibacteriota;c__Microgenomatia;o__Levybacterales;f__UBA12049;g__GWB1-37-8;s__GWB1-37-8 sp001783805	test	897674	529879	433615	RS_GCF_003482195.1;GB_GCA_002305165.1	Bacillota;Armatimonadota	3081686;4127996	test	2	2	2	56.089155	59.027999	48.304293	48.304284	low	200-500	5000-20000	1000	0.8-1.2	random_per_contaminant_copy	30.0	1.0	5.0	0.3	0.15	0.6	0	5	5	10	963494	
genome_54	54	5	4	7305004	set_C_clean	GB_GCA_001783805.1	Patescibacteriota	Bacteria	d__Bacteria;p__Patescibacteriota;c__Microgenomatia;o__Levybacterales;f__UBA12049;g__GWB1-37-8;s__GWB1-37-8 sp001783805	test	897674	897674	6949	RS_GCF_028682195.1;RS_GCF_950101875.1;RS_GCF_003615235.1;RS_GCF_039063985.1	Pseudomonadota;Actinomycetota;Pseudomonadota;Bacteroidota	6134896;3021769;1258986;4663347	test	4	4	4	90.05345	100.0	0.774136	0.774112	medium	50-200	20000-100000	2000	0.8-1.2	random_per_contaminant_copy	30.0	1.0	5.0	0.3	0.15	0.6	0	1	1	2	904623	
genome_55	55	5	5	7305005	set_C_clean	GB_GCA_001783805.1	Patescibacteriota	Bacteria	d__Bacteria;p__Patescibacteriota;c__Microgenomatia;o__Levybacterales;f__UBA12049;g__GWB1-37-8;s__GWB1-37-8 sp001783805	test	897674	574223	65694	RS_GCF_939109825.1;RS_GCF_900136315.1;RS_GCF_900095935.1;RS_GCF_002813675.1;GB_GCA_934149565.1	Actinomycetota;Actinomycetota;Bacillota;Methanobacteriota;Bacillota	2598451;5476534;4222780;2524329;1615967	test	5	5	5	56.094245	63.967877	7.318325	7.318247	highly_fragmented	500-2000	1000-5000	500	0.8-1.2	random_per_contaminant_copy	30.0	1.0	5.0	0.3	0.15	0.6	0	8	1	9	639917	
genome_56	56	5	6	7305006	set_C_clean	GB_GCA_001783805.1	Patescibacteriota	Bacteria	d__Bacteria;p__Patescibacteriota;c__Microgenomatia;o__Levybacterales;f__UBA12049;g__GWB1-37-8;s__GWB1-37-8 sp001783805	test	897674	595004	341081	RS_GCF_003467725.1	Bacillota	4253056	test	1	1	1	92.723398	66.28286	37.996103	37.996088	medium	50-200	20000-100000	2000	0.8-1.2	random_per_contaminant_copy	30.0	1.0	5.0	0.3	0.15	0.6	0	1	1	2	936085	
genome_57	57	5	7	7305007	set_C_clean	GB_GCA_001783805.1	Patescibacteriota	Bacteria	d__Bacteria;p__Patescibacteriota;c__Microgenomatia;o__Levybacterales;f__UBA12049;g__GWB1-37-8;s__GWB1-37-8 sp001783805	test	897674	897674	241081	RS_GCF_018604545.1;RS_GCF_001054325.1;RS_GCF_900454145.1	Actinomycetota;Actinomycetota;Pseudomonadota	8599513;2488175;2185892	test	3	3	3	66.399545	100.0	26.856289	26.856186	high	10-50	100000-500000	5000	0.8-1.2	random_per_contaminant_copy	30.0	1.0	5.0	0.3	0.15	0.6	0	1	1	2	1138755	
genome_58	58	5	8	7305008	set_C_clean	GB_GCA_001783805.1	Patescibacteriota	Bacteria	d__Bacteria;p__Patescibacteriota;c__Microgenomatia;o__Levybacterales;f__UBA12049;g__GWB1-37-8;s__GWB1-37-8 sp001783805	test	897674	897674	145207	RS_GCF_023657935.1;RS_GCF_900987755.1	Pseudomonadota;Bacillota	5067608;1672229	test	2	2	2	59.022156	100.0	19.274469	16.175917	high	10-50	100000-500000	5000	0.8-1.2	random_per_contaminant_copy	30.0	1.0	5.0	0.3	0.15	0.6	0	1	4	5	1042881	
genome_59	59	5	9	7305009	set_C_clean	GB_GCA_001783805.1	Patescibacteriota	Bacteria	d__Bacteria;p__Patescibacteriota;c__Microgenomatia;o__Levybacterales;f__UBA12049;g__GWB1-37-8;s__GWB1-37-8 sp001783805	test	897674	897674	737487	RS_GCF_001398455.1;RS_GCF_030521065.1;RS_GCF_000737885.1	Bacillota;Actinomycetota;Actinomycetota	1952230;3347426;2203222	test	3	3	3	76.207658	100.0	82.155387	82.155326	high	10-50	100000-500000	5000	0.8-1.2	random_per_contaminant_copy	30.0	1.0	5.0	0.3	0.15	0.6	0	1	7	8	1635161	
genome_60	60	6	0	7306000	set_C_clean	GB_GCA_001785375.1	Patescibacteriota	Bacteria	d__Bacteria;p__Patescibacteriota;c__Minisyncoccia;o__UBA9973;f__UBA9973;g__UBA9973;s__UBA9973 sp001785865	test	741541	741541	505877	RS_GCF_021010875.1;GB_GCA_949288655.1;RS_GCF_027397935.1;RS_GCF_029075715.1	Actinomycetota;Cyanobacteriota;Pseudomonadota;Pseudomonadota	2484292;1900499;4743953;5223707	test	4	4	4	56.363927	100.0	68.219732	68.219694	high	10-50	100000-500000	5000	0.8-1.2	random_per_contaminant_copy	30.0	1.0	5.0	0.3	0.15	0.6	0	1	3	4	1247418	
genome_61	61	6	1	7306001	set_C_clean	GB_GCA_001785375.1	Patescibacteriota	Bacteria	d__Bacteria;p__Patescibacteriota;c__Minisyncoccia;o__UBA9973;f__UBA9973;g__UBA9973;s__UBA9973 sp001785865	test	741541	573771	365270	RS_GCF_002913835.1	Campylobacterota	2010217	test	1	1	1	82.570522	77.375492	49.25832	49.258234	highly_fragmented	500-2000	1000-5000	500	0.8-1.2	random_per_contaminant_copy	30.0	1.0	5.0	0.3	0.15	0.6	0	94	24	118	939041	
genome_62	62	6	2	7306002	set_C_clean	GB_GCA_001785375.1	Patescibacteriota	Bacteria	d__Bacteria;p__Patescibacteriota;c__Minisyncoccia;o__UBA9973;f__UBA9973;g__UBA9973;s__UBA9973 sp001785865	test	741541	741541	195003	RS_GCF_007831235.1;RS_GCF_039572005.1;RS_GCF_900118775.1;RS_GCF_000783855.2	Bacillota;Pseudomonadota;Chlamydiota;Pseudomonadota	4157748;4987276;1166557;4642123	test	4	4	4	60.839162	100.0	26.297032	26.296995	high	10-50	100000-500000	5000	0.8-1.2	random_per_contaminant_copy	30.0	1.0	5.0	0.3	0.15	0.6	0	1	2	3	936544	
genome_63	63	6	3	7306003	set_C_clean	GB_GCA_001785375.1	Patescibacteriota	Bacteria	d__Bacteria;p__Patescibacteriota;c__Minisyncoccia;o__UBA9973;f__UBA9973;g__UBA9973;s__UBA9973 sp001785865	test	741541	741541	486686	GB_GCA_949294365.1	Bacteroidota	2753470	test	1	1	1	85.633012	100.0	65.631779	65.631705	medium	50-200	20000-100000	2000	0.8-1.2	random_per_contaminant_copy	30.0	1.0	5.0	0.3	0.15	0.6	0	1	110	111	1228227	
genome_64	64	6	4	7306004	set_C_clean	GB_GCA_001785375.1	Patescibacteriota	Bacteria	d__Bacteria;p__Patescibacteriota;c__Minisyncoccia;o__UBA9973;f__UBA9973;g__UBA9973;s__UBA9973 sp001785865	test	741541	616232	344753	RS_GCF_039977635.1;RS_GCF_000943435.1;RS_GCF_900478445.1;GB_GCA_902498835.1;GB_GCA_958453775.1	Pseudomonadota;Campylobacterota;Pseudomonadota;Chlamydiota;Actinomycetota	4020739;1772775;5156970;1048279;2262105	test	5	5	5	84.695836	83.101541	46.491438	46.491428	highly_fragmented	500-2000	1000-5000	500	0.8-1.2	random_per_contaminant_copy	30.0	1.0	5.0	0.3	0.15	0.6	0	7	1	8	960985	
genome_65	65	6	5	7306005	set_C_clean	GB_GCA_001785375.1	Patescibacteriota	Bacteria	d__Bacteria;p__Patescibacteriota;c__Minisyncoccia;o__UBA9973;f__UBA9973;g__UBA9973;s__UBA9973 sp001785865	test	741541	741541	147345	RS_GCF_000290355.1;RS_GCF_000383455.1;GB_GCA_029237825.1;GB_GCA_034002845.1	Bacillota;Pseudomonadota;Bacteroidota;Auribacterota	2077100;6628554;3552128;3608127	test	4	4	4	82.614333	100.0	24.356397	19.870108	high	10-50	100000-500000	5000	0.8-1.2	random_per_contaminant_copy	30.0	1.0	5.0	0.3	0.15	0.6	0	1	4	5	888886	
genome_66	66	6	6	7306006	set_C_clean	GB_GCA_001785375.1	Patescibacteriota	Bacteria	d__Bacteria;p__Patescibacteriota;c__Minisyncoccia;o__UBA9973;f__UBA9973;g__UBA9973;s__UBA9973 sp001785865	test	741541	550675	370353	RS_GCF_028885875.1;RS_GCF_013619715.1;RS_GCF_016776365.1	Pseudomonadota;Pseudomonadota;Pseudomonadota	5086642;6453882;4983069	test	3	3	3	69.041257	74.260897	49.943703	49.943698	low	200-500	5000-20000	1000	0.8-1.2	random_per_contaminant_copy	30.0	1.0	5.0	0.3	0.15	0.6	0	3	3	6	921028	
genome_67	67	6	7	7306007	set_C_clean	GB_GCA_001785375.1	Patescibacteriota	Bacteria	d__Bacteria;p__Patescibacteriota;c__Minisyncoccia;o__UBA9973;f__UBA9973;g__UBA9973;s__UBA9973 sp001785865	test	741541	647231	189741	GB_GCA_001602705.1;RS_GCF_900602465.1;RS_GCF_022919455.1	Actinomycetota;Pseudomonadota;Bacteroidota	3554543;5948409;4964169	test	3	3	3	53.269045	87.28189	25.634694	25.587392	high	10-50	100000-500000	5000	0.8-1.2	random_per_contaminant_copy	30.0	1.0	5.0	0.3	0.15	0.6	0	1	29	30	836972	
genome_68	68	6	8	7306008	set_C_clean	GB_GCA_001785375.1	Patescibacteriota	Bacteria	d__Bacteria;p__Patescibacteriota;c__Minisyncoccia;o__UBA9973;f__UBA9973;g__UBA9973;s__UBA9973 sp001785865	test	741541	566961	252101	RS_GCF_036772935.1;GB_GCA_948757335.1;RS_GCF_900131275.1;RS_GCF_008000655.1	Bacillota;Bacteroidota;Actinomycetota;Campylobacterota	3124483;2355903;5398556;1426695	test	4	4	4	58.67495	76.457135	47.072617	33.996906	medium	50-200	20000-100000	2000	0.8-1.2	random_per_contaminant_copy	30.0	1.0	5.0	0.3	0.15	0.6	0	1	9	10	819062	
genome_69	69	6	9	7306009	set_C_clean	GB_GCA_001785375.1	Patescibacteriota	Bacteria	d__Bacteria;p__Patescibacteriota;c__Minisyncoccia;o__UBA9973;f__UBA9973;g__UBA9973;s__UBA9973 sp001785865	test	741541	589966	589966	RS_GCF_900590415.1;RS_GCF_000819085.1;RS_GCF_948592105.1	Pseudomonadota;Pseudomonadota;Pseudomonadota	6033320;5142274;2618635	test	3	3	3	80.012528	79.559458	83.498761	79.559458	highly_fragmented	500-2000	1000-5000	500	0.8-1.2	random_per_contaminant_copy	30.0	1.0	5.0	0.3	0.15	0.6	0	19	11	30	1179932	
genome_70	70	7	0	7307000	set_C_clean	GB_GCA_001786215.1	Patescibacteriota	Bacteria	d__Bacteria;p__Patescibacteriota;c__Minisyncoccia;o__UBA9973;f__UBA9973;g__UBA9973;s__UBA9973 sp000999465	test	640263	543330	85050	RS_GCF_000597825.1	Campylobacterota	1665702	test	1	1	1	87.469572	84.86044	13.297705	13.283604	highly_fragmented	500-2000	1000-5000	500	0.8-1.2	random_per_contaminant_copy	30.0	1.0	5.0	0.3	0.15	0.6	0	27	20	47	628380	
genome_71	71	7	1	7307001	set_C_clean	GB_GCA_001786215.1	Patescibacteriota	Bacteria	d__Bacteria;p__Patescibacteriota;c__Minisyncoccia;o__UBA9973;f__UBA9973;g__UBA9973;s__UBA9973 sp000999465	test	640263	640263	181072	RS_GCF_000765945.1	Bacteroidota	2388563	test	1	1	1	55.620299	100.0	61.928049	28.280878	medium	50-200	20000-100000	2000	0.8-1.2	random_per_contaminant_copy	30.0	1.0	5.0	0.3	0.15	0.6	0	1	1	2	821335	
genome_72	72	7	2	7307002	set_C_clean	GB_GCA_001786215.1	Patescibacteriota	Bacteria	d__Bacteria;p__Patescibacteriota;c__Minisyncoccia;o__UBA9973;f__UBA9973;g__UBA9973;s__UBA9973 sp000999465	test	640263	640263	0	RS_GCF_949786325.1	Pseudomonadota	4905176	test	1	1	1	83.406202	100.0	0.038502	0.0	medium	50-200	20000-100000	2000	0.8-1.2	random_per_contaminant_copy	30.0	1.0	5.0	0.3	0.15	0.6	0	1	0	1	640263	
genome_73	73	7	3	7307003	set_C_clean	GB_GCA_001786215.1	Patescibacteriota	Bacteria	d__Bacteria;p__Patescibacteriota;c__Minisyncoccia;o__UBA9973;f__UBA9973;g__UBA9973;s__UBA9973 sp000999465	test	640263	475977	101639	RS_GCF_000626615.2;GB_GCA_947459335.1;RS_GCF_002952595.1	Bacillota;Bacteroidota;Campylobacterota	2810186;2852119;1674009	test	3	3	3	94.338235	74.340857	15.874601	15.87457	low	200-500	5000-20000	1000	0.8-1.2	random_per_contaminant_copy	30.0	1.0	5.0	0.3	0.15	0.6	0	3	1	4	577616	
genome_74	74	7	4	7307004	set_C_clean	GB_GCA_001786215.1	Patescibacteriota	Bacteria	d__Bacteria;p__Patescibacteriota;c__Minisyncoccia;o__UBA9973;f__UBA9973;g__UBA9973;s__UBA9973 sp000999465	test	640263	387964	387963	RS_GCF_031775615.1;GB_GCA_002366565.1;RS_GCF_003237205.1;RS_GCF_011038575.1;GB_GCA_034124905.1	Pseudomonadota;Bdellovibrionota;Bacillota;Bacillota;Bacteroidota	5701902;3549325;2779775;2449132;5112781	test	5	5	5	62.480175	60.594474	92.587984	60.594318	highly_fragmented	500-2000	1000-5000	500	0.8-1.2	random_per_contaminant_copy	30.0	1.0	5.0	0.3	0.15	0.6	0	20	1	21	775927	
genome_75	75	7	5	7307005	set_C_clean	GB_GCA_001786215.1	Patescibacteriota	Bacteria	d__Bacteria;p__Patescibacteriota;c__Minisyncoccia;o__UBA9973;f__UBA9973;g__UBA9973;s__UBA9973 sp000999465	test	640263	578695	549481	GB_GCA_949498415.1;RS_GCF_900590105.1;GB_GCA_948625555.1;GB_GCA_947643885.1;RS_GCF_033488415.1	Bacteroidota;Pseudomonadota;Pseudomonadota;Bacillota;Pseudomonadota	2232575;6009238;1819935;1875872;4920906	test	5	5	5	89.507354	90.383952	85.82114	85.821139	low	200-500	5000-20000	1000	0.8-1.2	random_per_contaminant_copy	30.0	1.0	5.0	0.3	0.15	0.6	0	8	13	21	1128176	
genome_76	76	7	6	7307006	set_C_clean	GB_GCA_001786215.1	Patescibacteriota	Bacteria	d__Bacteria;p__Patescibacteriota;c__Minisyncoccia;o__UBA9973;f__UBA9973;g__UBA9973;s__UBA9973 sp000999465	test	640263	465005	92779	GB_GCA_903861565.1	Pseudomonadota	1399175	test	1	1	1	69.281181	72.627186	36.709965	14.490764	low	200-500	5000-20000	1000	0.8-1.2	random_per_contaminant_copy	30.0	1.0	5.0	0.3	0.15	0.6	0	7	1	8	557784	
genome_77	77	7	7	7307007	set_C_clean	GB_GCA_001786215.1	Patescibacteriota	Bacteria	d__Bacteria;p__Patescibacteriota;c__Minisyncoccia;o__UBA9973;f__UBA9973;g__UBA9973;s__UBA9973 sp000999465	test	640263	640263	131492	GB_GCA_945888375.1	Verrucomicrobiota	3220934	test	1	1	1	94.809371	100.0	20.537193	20.537186	low	200-500	5000-20000	1000	0.8-1.2	random_per_contaminant_copy	30.0	1.0	5.0	0.3	0.15	0.6	0	2	4	6	771755	
genome_78	78	7	8	7307008	set_C_clean	GB_GCA_001786215.1	Patescibacteriota	Bacteria	d__Bacteria;p__Patescibacteriota;c__Minisyncoccia;o__UBA9973;f__UBA9973;g__UBA9973;s__UBA9973 sp000999465	test	640263	570122	309185	RS_GCF_001011385.1;GB_GCA_029248525.1;RS_GCF_023566035.1	Pseudomonadota;Desulfobacterota_B;Halobacteriota	5041402;4277041;3661127	test	3	3	3	97.283715	89.044971	48.290377	48.290312	highly_fragmented	500-2000	1000-5000	500	0.8-1.2	random_per_contaminant_copy	30.0	1.0	5.0	0.3	0.15	0.6	0	54	3	57	879307	
genome_79	79	7	9	7307009	set_C_clean	GB_GCA_001786215.1	Patescibacteriota	Bacteria	d__Bacteria;p__Patescibacteriota;c__Minisyncoccia;o__UBA9973;f__UBA9973;g__UBA9973;s__UBA9973 sp000999465	test	640263	382427	234500	RS_GCF_017162255.1	Pseudomonadota	4779956	test	1	1	1	57.189871	59.729674	36.625645	36.625574	low	200-500	5000-20000	1000	0.8-1.2	random_per_contaminant_copy	30.0	1.0	5.0	0.3	0.15	0.6	0	4	21	25	616927	
genome_80	80	8	0	7308000	set_C_clean	GB_GCA_001790385.1	Patescibacteriota	Bacteria	d__Bacteria;p__Patescibacteriota;c__Saccharimonadia;o__Saccharimonadales;f__2011-GWC2-44-17;g__2011-GWC2-44-17;s__2011-GWC2-44-17 sp001029695	test	1107611	1107611	360752	RS_GCF_037465375.1;GB_GCA_002367175.1;RS_GCF_014205165.1;RS_GCF_007845775.1	Actinomycetota;Pseudomonadota;Actinomycetota;Campylobacterota	2291438;5396275;7528541;1652624	test	4	4	4	90.348152	100.0	32.570368	32.57028	high	10-50	100000-500000	5000	0.8-1.2	random_per_contaminant_copy	30.0	1.0	5.0	0.3	0.15	0.6	0	1	30	31	1468363	
genome_81	81	8	1	7308001	set_C_clean	GB_GCA_001790385.1	Patescibacteriota	Bacteria	d__Bacteria;p__Patescibacteriota;c__Saccharimonadia;o__Saccharimonadales;f__2011-GWC2-44-17;g__2011-GWC2-44-17;s__2011-GWC2-44-17 sp001029695	test	1107611	1107611	773665	RS_GCF_033037175.1	Bacillota	2185322	test	1	1	1	51.215505	100.0	69.849937	69.849884	high	10-50	100000-500000	5000	0.8-1.2	random_per_contaminant_copy	30.0	1.0	5.0	0.3	0.15	0.6	0	1	31	32	1881276	
genome_82	82	8	2	7308002	set_C_clean	GB_GCA_001790385.1	Patescibacteriota	Bacteria	d__Bacteria;p__Patescibacteriota;c__Saccharimonadia;o__Saccharimonadales;f__2011-GWC2-44-17;g__2011-GWC2-44-17;s__2011-GWC2-44-17 sp001029695	test	1107611	963006	242010	RS_GCF_003064555.1;RS_GCF_002913835.1	Pseudomonadota;Campylobacterota	4735473;2010217	test	2	2	2	94.273703	86.944424	26.433718	21.849729	highly_fragmented	500-2000	1000-5000	500	0.8-1.2	random_per_contaminant_copy	30.0	1.0	5.0	0.3	0.15	0.6	0	42	3	45	1205016	
genome_83	83	8	3	7308003	set_C_clean	GB_GCA_001790385.1	Patescibacteriota	Bacteria	d__Bacteria;p__Patescibacteriota;c__Saccharimonadia;o__Saccharimonadales;f__2011-GWC2-44-17;g__2011-GWC2-44-17;s__2011-GWC2-44-17 sp001029695	test	1107611	945931	904995	RS_GCF_003259585.1	Actinomycetota	8026993	test	1	1	1	89.4767	85.402817	92.292928	81.706935	highly_fragmented	500-2000	1000-5000	500	0.8-1.2	random_per_contaminant_copy	30.0	1.0	5.0	0.3	0.15	0.6	0	27	5	32	1850926	
genome_84	84	8	4	7308004	set_C_clean	GB_GCA_001790385.1	Patescibacteriota	Bacteria	d__Bacteria;p__Patescibacteriota;c__Saccharimonadia;o__Saccharimonadales;f__2011-GWC2-44-17;g__2011-GWC2-44-17;s__2011-GWC2-44-17 sp001029695	test	1107611	1107611	885581	RS_GCF_018771565.1	Chloroflexota	3316678	test	1	1	1	62.787516	100.0	86.417414	79.954154	low	200-500	5000-20000	1000	0.8-1.2	random_per_contaminant_copy	30.0	1.0	5.0	0.3	0.15	0.6	0	2	1	3	1993192	
genome_85	85	8	5	7308005	set_C_clean	GB_GCA_001790385.1	Patescibacteriota	Bacteria	d__Bacteria;p__Patescibacteriota;c__Saccharimonadia;o__Saccharimonadales;f__2011-GWC2-44-17;g__2011-GWC2-44-17;s__2011-GWC2-44-17 sp001029695	test	1107611	948527	948527	RS_GCF_041366755.1;RS_GCF_001468565.1	Bacillota;Bacillota	2115265;3013808	test	2	2	2	87.285596	85.637196	96.497089	85.637196	low	200-500	5000-20000	1000	0.8-1.2	random_per_contaminant_copy	30.0	1.0	5.0	0.3	0.15	0.6	0	10	3	13	1897054	
genome_86	86	8	6	7308006	set_C_clean	GB_GCA_001790385.1	Patescibacteriota	Bacteria	d__Bacteria;p__Patescibacteriota;c__Saccharimonadia;o__Saccharimonadales;f__2011-GWC2-44-17;g__2011-GWC2-44-17;s__2011-GWC2-44-17 sp001029695	test	1107611	1107611	475811	RS_GCF_900156635.1;RS_GCF_021727385.1	Pseudomonadota;Pseudomonadota	4569005;5498852	test	2	2	2	56.672031	100.0	44.695545	42.958313	high	10-50	100000-500000	5000	0.8-1.2	random_per_contaminant_copy	30.0	1.0	5.0	0.3	0.15	0.6	0	1	7	8	1583422	
genome_87	87	8	7	7308007	set_C_clean	GB_GCA_001790385.1	Patescibacteriota	Bacteria	d__Bacteria;p__Patescibacteriota;c__Saccharimonadia;o__Saccharimonadales;f__2011-GWC2-44-17;g__2011-GWC2-44-17;s__2011-GWC2-44-17 sp001029695	test	1107611	763467	595384	RS_GCF_037006225.1;RS_GCF_002144535.1;GB_GCA_902755555.1	Campylobacterota;Pseudomonadota;Bacteroidota	1806466;5464342;1956007	test	3	3	3	67.701797	68.929164	53.7539	53.75389	highly_fragmented	500-2000	1000-5000	500	0.8-1.2	random_per_contaminant_copy	30.0	1.0	5.0	0.3	0.15	0.6	0	21	2	23	1358851	
genome_88	88	8	8	7308008	set_C_clean	GB_GCA_001790385.1	Patescibacteriota	Bacteria	d__Bacteria;p__Patescibacteriota;c__Saccharimonadia;o__Saccharimonadales;f__2011-GWC2-44-17;g__2011-GWC2-44-17;s__2011-GWC2-44-17 sp001029695	test	1107611	1107611	6156	RS_GCF_038149015.1	Bacillota	2052594	test	1	1	1	52.018892	100.0	0.712425	0.555791	medium	50-200	20000-100000	2000	0.8-1.2	random_per_contaminant_copy	30.0	1.0	5.0	0.3	0.15	0.6	0	1	2	3	1113767	
genome_89	89	8	9	7308009	set_C_clean	GB_GCA_001790385.1	Patescibacteriota	Bacteria	d__Bacteria;p__Patescibacteriota;c__Saccharimonadia;o__Saccharimonadales;f__2011-GWC2-44-17;g__2011-GWC2-44-17;s__2011-GWC2-44-17 sp001029695	test	1107611	857757	692487	RS_GCF_000600125.1	Campylobacterota	1553826	test	1	1	1	83.522802	77.44208	62.520857	62.520777	medium	50-200	20000-100000	2000	0.8-1.2	random_per_contaminant_copy	30.0	1.0	5.0	0.3	0.15	0.6	0	4	31	35	1550244	
genome_90	90	9	0	7309000	set_C_clean	GB_GCA_001791305.1	Patescibacteriota	Bacteria	d__Bacteria;p__Patescibacteriota;c__Patescibacteriia;o__UBA9934;f__GWF2-40-263;g__XYB2-FULL-45-11;s__XYB2-FULL-45-11 sp001791305	test	1070576	774764	774764	RS_GCF_001815965.1;RS_GCF_000265525.1;RS_GCF_006506995.1	Actinomycetota;Methanobacteriota_B;Pseudomonadota	2305457;1950313;3288163	test	3	3	3	61.148259	72.368893	91.932437	72.368893	low	200-500	5000-20000	1000	0.8-1.2	random_per_contaminant_copy	30.0	1.0	5.0	0.3	0.15	0.6	0	4	5	9	1549528	
genome_91	91	9	1	7309001	set_C_clean	GB_GCA_001791305.1	Patescibacteriota	Bacteria	d__Bacteria;p__Patescibacteriota;c__Patescibacteriia;o__UBA9934;f__GWF2-40-263;g__XYB2-FULL-45-11;s__XYB2-FULL-45-11 sp001791305	test	1070576	774446	239746	GB_GCA_001054945.1;GB_GCA_900467405.1;GB_GCA_948690195.1;RS_GCF_023169625.1	Actinomycetota;Pseudomonadota;Cyanobacteriota;Pseudomonadota	2183634;5072842;1819800;5338402	test	4	4	4	71.238186	72.339189	22.394201	22.394113	highly_fragmented	500-2000	1000-5000	500	0.8-1.2	random_per_contaminant_copy	30.0	1.0	5.0	0.3	0.15	0.6	0	11	4	15	1014192	
genome_92	92	9	2	7309002	set_C_clean	GB_GCA_001791305.1	Patescibacteriota	Bacteria	d__Bacteria;p__Patescibacteriota;c__Patescibacteriia;o__UBA9934;f__GWF2-40-263;g__XYB2-FULL-45-11;s__XYB2-FULL-45-11 sp001791305	test	1070576	700708	597179	RS_GCF_039862785.1;GB_GCA_948706025.1;RS_GCF_036492715.1	Pseudomonadota;Bacillota;Bacillota	3177540;1885174;2998287	test	3	3	3	62.856214	65.451495	55.78111	55.781094	highly_fragmented	500-2000	1000-5000	500	0.8-1.2	random_per_contaminant_copy	30.0	1.0	5.0	0.3	0.15	0.6	0	12	3	15	1297887	
genome_93	93	9	3	7309003	set_C_clean	GB_GCA_001791305.1	Patescibacteriota	Bacteria	d__Bacteria;p__Patescibacteriota;c__Patescibacteriia;o__UBA9934;f__GWF2-40-263;g__XYB2-FULL-45-11;s__XYB2-FULL-45-11 sp001791305	test	1070576	1070576	166081	RS_GCF_021394355.1;RS_GCF_002061785.1;RS_GCF_001687335.1	Pseudomonadota;Pseudomonadota;Desulfobacterota	4771392;4642062;2524199	test	3	3	3	70.822569	100.0	15.513271	15.513238	high	10-50	100000-500000	5000	0.8-1.2	random_per_contaminant_copy	30.0	1.0	5.0	0.3	0.15	0.6	0	1	2	3	1236657	
genome_94	94	9	4	7309004	set_C_clean	GB_GCA_001791305.1	Patescibacteriota	Bacteria	d__Bacteria;p__Patescibacteriota;c__Patescibacteriia;o__UBA9934;f__GWF2-40-263;g__XYB2-FULL-45-11;s__XYB2-FULL-45-11 sp001791305	test	1070576	851952	839695	RS_GCF_900084525.1;RS_GCF_037725825.1;GB_GCA_949378685.1;RS_GCF_018704165.1	Pseudomonadota;Pseudomonadota;Verrucomicrobiota;Spirochaetota	5441279;5838419;2769788;3040663	test	4	4	4	87.059476	79.578844	86.922665	78.433946	medium	50-200	20000-100000	2000	0.8-1.2	random_per_contaminant_copy	30.0	1.0	5.0	0.3	0.15	0.6	0	6	22	28	1691647	
genome_95	95	9	5	7309005	set_C_clean	GB_GCA_001791305.1	Patescibacteriota	Bacteria	d__Bacteria;p__Patescibacteriota;c__Patescibacteriia;o__UBA9934;f__GWF2-40-263;g__XYB2-FULL-45-11;s__XYB2-FULL-45-11 sp001791305	test	1070576	1070576	980483	RS_GCF_040408265.1;RS_GCF_900059235.1;RS_GCF_016907075.1;RS_GCF_000785005.1	Bacillota;Bacillota;Pseudomonadota;Pseudomonadota	4401892;2132691;5442015;5473580	test	4	4	4	83.634585	100.0	96.118537	91.584624	high	10-50	100000-500000	5000	0.8-1.2	random_per_contaminant_copy	30.0	1.0	5.0	0.3	0.15	0.6	0	1	61	62	2051059	
genome_96	96	9	6	7309006	set_C_clean	GB_GCA_001791305.1	Patescibacteriota	Bacteria	d__Bacteria;p__Patescibacteriota;c__Patescibacteriia;o__UBA9934;f__GWF2-40-263;g__XYB2-FULL-45-11;s__XYB2-FULL-45-11 sp001791305	test	1070576	918421	184198	GB_GCA_019100285.1;RS_GCF_015265495.1;RS_GCF_000626355.1	Pseudomonadota;Actinomycetota;Pseudomonadota	4474640;4352140;4683803	test	3	3	3	79.719914	85.787557	17.205538	17.205504	low	200-500	5000-20000	1000	0.8-1.2	random_per_contaminant_copy	30.0	1.0	5.0	0.3	0.15	0.6	0	7	1	8	1102619	
genome_97	97	9	7	7309007	set_C_clean	GB_GCA_001791305.1	Patescibacteriota	Bacteria	d__Bacteria;p__Patescibacteriota;c__Patescibacteriia;o__UBA9934;f__GWF2-40-263;g__XYB2-FULL-45-11;s__XYB2-FULL-45-11 sp001791305	test	1070576	561738	249617	RS_GCF_001827495.1;RS_GCF_902387285.1;RS_GCF_035822575.1;RS_GCF_903891135.1;RS_GCF_028463005.1	Bacillota;Thermoplasmatota;Bacillota;Bacillota;Pseudomonadota	2981718;1666795;4060878;1785330;3966747	test	5	5	5	57.636675	52.470633	23.316173	23.31614	low	200-500	5000-20000	1000	0.8-1.2	random_per_contaminant_copy	30.0	1.0	5.0	0.3	0.15	0.6	0	2	1	3	811355	
genome_98	98	9	8	7309008	set_C_clean	GB_GCA_001791305.1	Patescibacteriota	Bacteria	d__Bacteria;p__Patescibacteriota;c__Patescibacteriia;o__UBA9934;f__GWF2-40-263;g__XYB2-FULL-45-11;s__XYB2-FULL-45-11 sp001791305	test	1070576	1070576	444656	GB_GCA_948517175.1;GB_GCA_014075315.1;GB_GCA_014169635.1;RS_GCF_001905625.1	Bacteroidota;Thermoproteota;Pseudomonadota;Actinomycetota	2425285;1922210;4838653;6969462	test	4	4	4	72.706685	100.0	41.53429	41.534277	high	10-50	100000-500000	5000	0.8-1.2	random_per_contaminant_copy	30.0	1.0	5.0	0.3	0.15	0.6	0	1	13	14	1515232	
genome_99	99	9	9	7309009	set_C_clean	GB_GCA_001791305.1	Patescibacteriota	Bacteria	d__Bacteria;p__Patescibacteriota;c__Patescibacteriia;o__UBA9934;f__GWF2-40-263;g__XYB2-FULL-45-11;s__XYB2-FULL-45-11 sp001791305	test	1070576	693599	217704	RS_GCF_033804325.1	Bacillota	1984371	test	1	1	1	84.57003	64.78746	37.469146	20.335221	low	200-500	5000-20000	1000	0.8-1.2	random_per_contaminant_copy	30.0	1.0	5.0	0.3	0.15	0.6	0	3	1	4	911303	
genome_100	100	10	0	7310000	set_C_clean	GB_GCA_001794215.1	Patescibacteriota	Bacteria	d__Bacteria;p__Patescibacteriota;c__Minisyncoccia;o__2-02-FULL-40-12;f__GWA2-44-9;g__GWA2-44-9;s__GWA2-44-9 sp001794215	test	970849	689543	437276	RS_GCF_040746155.1	Bdellovibrionota	3782989	test	1	1	1	82.305684	71.024742	54.264059	45.040578	medium	50-200	20000-100000	2000	0.8-1.2	random_per_contaminant_copy	30.0	1.0	5.0	0.3	0.15	0.6	0	3	2	5	1126819	
genome_101	101	10	1	7310001	set_C_clean	GB_GCA_001794215.1	Patescibacteriota	Bacteria	d__Bacteria;p__Patescibacteriota;c__Minisyncoccia;o__2-02-FULL-40-12;f__GWA2-44-9;g__GWA2-44-9;s__GWA2-44-9 sp001794215	test	970849	883833	883833	GB_GCA_001172645.1;GB_GCA_963681965.1;RS_GCF_007845945.1;RS_GCF_900508525.1	Bacillota;Electryoneota;Campylobacterota;Pseudomonadota	2153299;4244867;1656478;5576163	test	4	4	4	91.676334	91.037123	91.802598	91.037123	low	200-500	5000-20000	1000	0.8-1.2	random_per_contaminant_copy	30.0	1.0	5.0	0.3	0.15	0.6	0	7	52	59	1767666	
genome_102	102	10	2	7310002	set_C_clean	GB_GCA_001794215.1	Patescibacteriota	Bacteria	d__Bacteria;p__Patescibacteriota;c__Minisyncoccia;o__2-02-FULL-40-12;f__GWA2-44-9;g__GWA2-44-9;s__GWA2-44-9 sp001794215	test	970849	647283	647283	RS_GCF_014269225.2;GB_GCA_948997015.1;RS_GCF_002123235.1;GB_GCA_964204605.1;RS_GCF_904067625.1	Pseudomonadota;Bacteroidota;Bacillota;Bacteroidota_A;Pseudomonadota	5393636;2263092;2742325;2493868;6335486	test	5	5	5	63.566339	66.671851	98.295638	66.671851	highly_fragmented	500-2000	1000-5000	500	0.8-1.2	random_per_contaminant_copy	30.0	1.0	5.0	0.3	0.15	0.6	0	7	25	32	1294566	
genome_103	103	10	3	7310003	set_C_clean	GB_GCA_001794215.1	Patescibacteriota	Bacteria	d__Bacteria;p__Patescibacteriota;c__Minisyncoccia;o__2-02-FULL-40-12;f__GWA2-44-9;g__GWA2-44-9;s__GWA2-44-9 sp001794215	test	970849	495688	244183	RS_GCF_020820575.1;RS_GCF_000451825.1	Bacillota;Bacillota	2760591;4123891	test	2	2	2	82.1321	51.057167	25.151584	25.151491	medium	50-200	20000-100000	2000	0.8-1.2	random_per_contaminant_copy	30.0	1.0	5.0	0.3	0.15	0.6	0	1	2	3	739871	
genome_104	104	10	4	7310004	set_C_clean	GB_GCA_001794215.1	Patescibacteriota	Bacteria	d__Bacteria;p__Patescibacteriota;c__Minisyncoccia;o__2-02-FULL-40-12;f__GWA2-44-9;g__GWA2-44-9;s__GWA2-44-9 sp001794215	test	970849	970849	113846	RS_GCF_000674795.1;RS_GCF_900046595.1	Actinomycetota;Bacillota	4410975;2024454	test	2	2	2	68.2927	100.0	11.726463	11.726437	high	10-50	100000-500000	5000	0.8-1.2	random_per_contaminant_copy	30.0	1.0	5.0	0.3	0.15	0.6	0	1	2	3	1084695	
genome_105	105	10	5	7310005	set_C_clean	GB_GCA_001794215.1	Patescibacteriota	Bacteria	d__Bacteria;p__Patescibacteriota;c__Minisyncoccia;o__2-02-FULL-40-12;f__GWA2-44-9;g__GWA2-44-9;s__GWA2-44-9 sp001794215	test	970849	970849	344989	RS_GCF_020882115.1;GB_GCA_002499445.1;RS_GCF_000022385.1;RS_GCF_020515055.1	Bacillota;Halobacteriota;Thermoproteota;Pseudomonadota	3118894;3100481;2736272;5290307	test	4	4	4	60.121237	100.0	35.534848	35.534774	medium	50-200	20000-100000	2000	0.8-1.2	random_per_contaminant_copy	30.0	1.0	5.0	0.3	0.15	0.6	0	1	1	2	1315838	
genome_106	106	10	6	7310006	set_C_clean	GB_GCA_001794215.1	Patescibacteriota	Bacteria	d__Bacteria;p__Patescibacteriota;c__Minisyncoccia;o__2-02-FULL-40-12;f__GWA2-44-9;g__GWA2-44-9;s__GWA2-44-9 sp001794215	test	970849	970849	77082	RS_GCF_001347935.1	Bacillota	2097106	test	1	1	1	78.692337	100.0	8.266136	7.939649	high	10-50	100000-500000	5000	0.8-1.2	random_per_contaminant_copy	30.0	1.0	5.0	0.3	0.15	0.6	0	2	1	3	1047931	
genome_107	107	10	7	7310007	set_C_clean	GB_GCA_001794215.1	Patescibacteriota	Bacteria	d__Bacteria;p__Patescibacteriota;c__Minisyncoccia;o__2-02-FULL-40-12;f__GWA2-44-9;g__GWA2-44-9;s__GWA2-44-9 sp001794215	test	970849	970849	340721	RS_GCF_014648215.1;RS_GCF_023735195.1;GB_GCA_009885615.1;RS_GCF_020685215.1	Campylobacterota;Pseudomonadota;Chlamydiota;Bacillota	2307663;5140930;1393350;3914316	test	4	4	4	84.479784	100.0	35.095221	35.095159	medium	50-200	20000-100000	2000	0.8-1.2	random_per_contaminant_copy	30.0	1.0	5.0	0.3	0.15	0.6	0	1	3	4	1311570	
genome_108	108	10	8	7310008	set_C_clean	GB_GCA_001794215.1	Patescibacteriota	Bacteria	d__Bacteria;p__Patescibacteriota;c__Minisyncoccia;o__2-02-FULL-40-12;f__GWA2-44-9;g__GWA2-44-9;s__GWA2-44-9 sp001794215	test	970849	786526	247911	RS_GCF_001492495.1;RS_GCF_001202395.1	Campylobacterota;Bacillota	1750810;2844341	test	2	2	2	93.919237	81.014246	25.535533	25.535485	highly_fragmented	500-2000	1000-5000	500	0.8-1.2	random_per_contaminant_copy	30.0	1.0	5.0	0.3	0.15	0.6	0	86	2	88	1034437	
genome_109	109	10	9	7310009	set_C_clean	GB_GCA_001794215.1	Patescibacteriota	Bacteria	d__Bacteria;p__Patescibacteriota;c__Minisyncoccia;o__2-02-FULL-40-12;f__GWA2-44-9;g__GWA2-44-9;s__GWA2-44-9 sp001794215	test	970849	816955	303742	GB_GCA_033578675.1;RS_GCF_002919565.1;RS_GCF_002912885.1;RS_GCF_035538955.1	Thermoproteota;Pseudomonadota;Campylobacterota;Pseudomonadota	1490031;5650776;1878835;3602804	test	4	4	4	84.477715	84.148513	31.286236	31.286225	highly_fragmented	500-2000	1000-5000	500	0.8-1.2	random_per_contaminant_copy	30.0	1.0	5.0	0.3	0.15	0.6	0	77	25	102	1120697	
genome_110	110	11	0	7311000	set_C_clean	GB_GCA_001819715.1	Patescibacteriota	Bacteria	d__Bacteria;p__Patescibacteriota;c__Minisyncoccia;o__Ryanbacterales;f__H02-45-13;g__HO2-45-13;s__HO2-45-13 sp001821765	test	876838	876838	462317	GB_GCA_905193775.1;RS_GCF_900075235.1;RS_GCF_001063965.1;GB_GCA_000495675.1;RS_GCF_000732535.1	Bacteroidota;Pseudomonadota;Pseudomonadota;Thermoproteota;Pseudomonadota	2396117;5099383;2400000;1548506;4282309	test	5	5	5	55.582685	100.0	52.725581	52.725475	medium	50-200	20000-100000	2000	0.8-1.2	random_per_contaminant_copy	30.0	1.0	5.0	0.3	0.15	0.6	0	1	1	2	1339155	
genome_111	111	11	1	7311001	set_C_clean	GB_GCA_001819715.1	Patescibacteriota	Bacteria	d__Bacteria;p__Patescibacteriota;c__Minisyncoccia;o__Ryanbacterales;f__H02-45-13;g__HO2-45-13;s__HO2-45-13 sp001821765	test	876838	827601	567782	RS_GCF_002054005.1;GB_GCA_031984045.1	Pseudomonadota;Pseudomonadota	4606750;4573540	test	2	2	2	87.828166	94.38471	87.165181	64.753352	high	10-50	100000-500000	5000	0.8-1.2	random_per_contaminant_copy	30.0	1.0	5.0	0.3	0.15	0.6	0	1	3	4	1395383	
genome_112	112	11	2	7311002	set_C_clean	GB_GCA_001819715.1	Patescibacteriota	Bacteria	d__Bacteria;p__Patescibacteriota;c__Minisyncoccia;o__Ryanbacterales;f__H02-45-13;g__HO2-45-13;s__HO2-45-13 sp001821765	test	876838	876838	567699	RS_GCF_030734165.1;RS_GCF_018987365.1;RS_GCF_001486945.1;RS_GCF_040372045.1	Pseudomonadota;Bacillota;Campylobacterota;Pseudomonadota	5551558;2789576;1756461;3498243	test	4	4	4	62.09106	100.0	64.743891	64.743887	medium	50-200	20000-100000	2000	0.8-1.2	random_per_contaminant_copy	30.0	1.0	5.0	0.3	0.15	0.6	0	1	8	9	1444537	
genome_113	113	11	3	7311003	set_C_clean	GB_GCA_001819715.1	Patescibacteriota	Bacteria	d__Bacteria;p__Patescibacteriota;c__Minisyncoccia;o__Ryanbacterales;f__H02-45-13;g__HO2-45-13;s__HO2-45-13 sp001821765	test	876838	876838	273495	RS_GCF_000046705.1;RS_GCF_011457615.1	Pseudomonadota;Campylobacterota	1931047;1563302	test	2	2	2	67.309155	100.0	31.191113	31.191052	high	10-50	100000-500000	5000	0.8-1.2	random_per_contaminant_copy	30.0	1.0	5.0	0.3	0.15	0.6	0	1	6	7	1150333	
genome_114	114	11	4	7311004	set_C_clean	GB_GCA_001819715.1	Patescibacteriota	Bacteria	d__Bacteria;p__Patescibacteriota;c__Minisyncoccia;o__Ryanbacterales;f__H02-45-13;g__HO2-45-13;s__HO2-45-13 sp001821765	test	876838	731415	731415	RS_GCF_032572135.1;RS_GCF_012985615.1;RS_GCF_000664125.1;RS_GCF_033797065.1;GB_GCA_015752395.1	Pseudomonadota;Pseudomonadota;Actinomycetota;Pseudomonadota;Pseudomonadota	4545538;6165656;4427961;6352864;7143514	test	5	5	5	83.499253	83.415066	93.313079	83.415066	highly_fragmented	500-2000	1000-5000	500	0.8-1.2	random_per_contaminant_copy	30.0	1.0	5.0	0.3	0.15	0.6	0	88	1	89	1462830	
genome_115	115	11	5	7311005	set_C_clean	GB_GCA_001819715.1	Patescibacteriota	Bacteria	d__Bacteria;p__Patescibacteriota;c__Minisyncoccia;o__Ryanbacterales;f__H02-45-13;g__HO2-45-13;s__HO2-45-13 sp001821765	test	876838	504774	352629	RS_GCF_000488055.1	Pseudomonadota	4825640	test	1	1	1	51.73619	57.567532	40.216045	40.215981	low	200-500	5000-20000	1000	0.8-1.2	random_per_contaminant_copy	30.0	1.0	5.0	0.3	0.15	0.6	0	4	1	5	857403	
genome_116	116	11	6	7311006	set_C_clean	GB_GCA_001819715.1	Patescibacteriota	Bacteria	d__Bacteria;p__Patescibacteriota;c__Minisyncoccia;o__Ryanbacterales;f__H02-45-13;g__HO2-45-13;s__HO2-45-13 sp001821765	test	876838	578766	381029	RS_GCF_022237265.1;RS_GCF_019710695.1;GB_GCA_005518075.1	Pseudomonadota;Bacillota;Pseudomonadota	3906856;3040787;3231476	test	3	3	3	62.279636	66.006035	78.656741	43.454891	highly_fragmented	500-2000	1000-5000	500	0.8-1.2	random_per_contaminant_copy	30.0	1.0	5.0	0.3	0.15	0.6	0	6	7	13	959795	
genome_117	117	11	7	7311007	set_C_clean	GB_GCA_001819715.1	Patescibacteriota	Bacteria	d__Bacteria;p__Patescibacteriota;c__Minisyncoccia;o__Ryanbacterales;f__H02-45-13;g__HO2-45-13;s__HO2-45-13 sp001821765	test	876838	876838	561120	GB_GCA_037269965.1;RS_GCF_030323745.1;RS_GCF_019175505.1;GB_GCA_963604655.1	Bacteroidota;Actinomycetota;Bacillota;Actinomycetota	4263964;4415638;2840503;2468805	test	4	4	4	64.224875	100.0	84.746823	63.993577	high	10-50	100000-500000	5000	0.8-1.2	random_per_contaminant_copy	30.0	1.0	5.0	0.3	0.15	0.6	0	1	53	54	1437958	
genome_118	118	11	8	7311008	set_C_clean	GB_GCA_001819715.1	Patescibacteriota	Bacteria	d__Bacteria;p__Patescibacteriota;c__Minisyncoccia;o__Ryanbacterales;f__H02-45-13;g__HO2-45-13;s__HO2-45-13 sp001821765	test	876838	759229	281244	RS_GCF_023274315.1;RS_GCF_007748155.1;GB_GCA_903898675.1	Bacteroidota;Planctomycetota;Verrucomicrobiota	5222967;7828706;3520081	test	3	3	3	86.891305	86.587146	32.074895	32.074796	low	200-500	5000-20000	1000	0.8-1.2	random_per_contaminant_copy	30.0	1.0	5.0	0.3	0.15	0.6	0	22	4	26	1040473	
genome_119	119	11	9	7311009	set_C_clean	GB_GCA_001819715.1	Patescibacteriota	Bacteria	d__Bacteria;p__Patescibacteriota;c__Minisyncoccia;o__Ryanbacterales;f__H02-45-13;g__HO2-45-13;s__HO2-45-13 sp001821765	test	876838	602719	146459	RS_GCF_021389955.1;RS_GCF_001580475.1;RS_GCF_902843235.1	Bacteroidota;Bacteroidota;Campylobacterota	6392613;3261404;1611326	test	3	3	3	86.214341	68.737783	16.703094	16.703085	highly_fragmented	500-2000	1000-5000	500	0.8-1.2	random_per_contaminant_copy	30.0	1.0	5.0	0.3	0.15	0.6	0	13	2	15	749178	
genome_120	120	12	0	7312000	set_C_clean	GB_GCA_001822065.1	Patescibacteriota	Bacteria	d__Bacteria;p__Patescibacteriota;c__Minisyncoccia;o__Minisyncoccales;f__Staskawiczbacteraceae;g__XYD1-FULL-39-28;s__XYD1-FULL-39-28 sp001822065	test	835966	744610	112391	RS_GCF_000248575.1;RS_GCF_037104745.1;GB_GCA_948621705.1	Bacillota;Bacillota;Bacteroidota	3069467;2878761;2593134	test	3	3	3	77.275974	89.071804	22.587367	13.444446	high	10-50	100000-500000	5000	0.8-1.2	random_per_contaminant_copy	30.0	1.0	5.0	0.3	0.15	0.6	0	1	3	4	857001	
genome_121	121	12	1	7312001	set_C_clean	GB_GCA_001822065.1	Patescibacteriota	Bacteria	d__Bacteria;p__Patescibacteriota;c__Minisyncoccia;o__Minisyncoccales;f__Staskawiczbacteraceae;g__XYD1-FULL-39-28;s__XYD1-FULL-39-28 sp001822065	test	835966	835966	349773	RS_GCF_900115505.1;RS_GCF_018370505.1	Actinomycetota;Bacillota	4690050;2135535	test	2	2	2	92.783262	100.0	41.84061	41.840577	high	10-50	100000-500000	5000	0.8-1.2	random_per_contaminant_copy	30.0	1.0	5.0	0.3	0.15	0.6	0	1	10	11	1185739	
genome_122	122	12	2	7312002	set_C_clean	GB_GCA_001822065.1	Patescibacteriota	Bacteria	d__Bacteria;p__Patescibacteriota;c__Minisyncoccia;o__Minisyncoccales;f__Staskawiczbacteraceae;g__XYD1-FULL-39-28;s__XYD1-FULL-39-28 sp001822065	test	835966	591438	249782	RS_GCF_949442935.1;RS_GCF_009936255.1;RS_GCF_002139105.1;RS_GCF_008000565.1;GB_GCA_033579715.1	Verrucomicrobiota;Bacteroidota_A;Campylobacterota;Campylobacterota;Dictyoglomota	2548026;3440105;1599228;1642435;1722240	test	5	5	5	73.556553	70.74905	29.879542	29.879445	low	200-500	5000-20000	1000	0.8-1.2	random_per_contaminant_copy	30.0	1.0	5.0	0.3	0.15	0.6	0	10	7	17	841220	
genome_123	123	12	3	7312003	set_C_clean	GB_GCA_001822065.1	Patescibacteriota	Bacteria	d__Bacteria;p__Patescibacteriota;c__Minisyncoccia;o__Minisyncoccales;f__Staskawiczbacteraceae;g__XYD1-FULL-39-28;s__XYD1-FULL-39-28 sp001822065	test	835966	770745	698435	RS_GCF_000392855.1;RS_GCF_030166515.1;RS_GCF_026810225.1	Bacillota;Pseudomonadota;Bacillota	2723227;4668134;2475467	test	3	3	3	90.156551	92.198128	83.548311	83.548254	highly_fragmented	500-2000	1000-5000	500	0.8-1.2	random_per_contaminant_copy	30.0	1.0	5.0	0.3	0.15	0.6	0	6	4	10	1469180	
genome_124	124	12	4	7312004	set_C_clean	GB_GCA_001822065.1	Patescibacteriota	Bacteria	d__Bacteria;p__Patescibacteriota;c__Minisyncoccia;o__Minisyncoccales;f__Staskawiczbacteraceae;g__XYD1-FULL-39-28;s__XYD1-FULL-39-28 sp001822065	test	835966	707986	557849	RS_GCF_001598595.1;RS_GCF_002526335.1;GB_GCA_022630975.1;GB_GCA_963652365.1	Pseudomonadota;Bacillota;Pseudomonadota;Fibrobacterota	6792737;2938994;4449140;2589989	test	4	4	4	88.55686	84.690765	66.731079	66.731063	low	200-500	5000-20000	1000	0.8-1.2	random_per_contaminant_copy	30.0	1.0	5.0	0.3	0.15	0.6	0	23	12	35	1265835	
genome_125	125	12	5	7312005	set_C_clean	GB_GCA_001822065.1	Patescibacteriota	Bacteria	d__Bacteria;p__Patescibacteriota;c__Minisyncoccia;o__Minisyncoccales;f__Staskawiczbacteraceae;g__XYD1-FULL-39-28;s__XYD1-FULL-39-28 sp001822065	test	835966	578969	79240	RS_GCF_963556565.1;GB_GCA_949282645.1	Actinomycetota;Cyanobacteriota	2510332;2034694	test	2	2	2	72.425626	69.257482	9.478967	9.478854	highly_fragmented	500-2000	1000-5000	500	0.8-1.2	random_per_contaminant_copy	30.0	1.0	5.0	0.3	0.15	0.6	0	9	4	13	658209	
genome_126	126	12	6	7312006	set_C_clean	GB_GCA_001822065.1	Patescibacteriota	Bacteria	d__Bacteria;p__Patescibacteriota;c__Minisyncoccia;o__Minisyncoccales;f__Staskawiczbacteraceae;g__XYD1-FULL-39-28;s__XYD1-FULL-39-28 sp001822065	test	835966	835966	109685	GB_GCA_963678375.1;RS_GCF_002573505.1;RS_GCF_003731335.1;RS_GCF_001030285.1;RS_GCF_030262665.1	Cloacimonadota;Bacillota;Pseudomonadota;Pseudomonadota;Pseudomonadota	2969640;5739440;5026363;5093185;4941138	test	5	5	5	86.461575	100.0	13.120859	13.120749	high	10-50	100000-500000	5000	0.8-1.2	random_per_contaminant_copy	30.0	1.0	5.0	0.3	0.15	0.6	0	1	4	5	945651	
genome_127	127	12	7	7312007	set_C_clean	GB_GCA_001822065.1	Patescibacteriota	Bacteria	d__Bacteria;p__Patescibacteriota;c__Minisyncoccia;o__Minisyncoccales;f__Staskawiczbacteraceae;g__XYD1-FULL-39-28;s__XYD1-FULL-39-28 sp001822065	test	835966	835966	223655	RS_GCF_948965285.1;GB_GCA_017847835.1;RS_GCF_027686775.1	Bacteroidota;Bacillota;Actinomycetota	2645693;2177254;3529943	test	3	3	3	92.688808	100.0	26.754096	26.754079	high	10-50	100000-500000	5000	0.8-1.2	random_per_contaminant_copy	30.0	1.0	5.0	0.3	0.15	0.6	0	1	2	3	1059621	
genome_128	128	12	8	7312008	set_C_clean	GB_GCA_001822065.1	Patescibacteriota	Bacteria	d__Bacteria;p__Patescibacteriota;c__Minisyncoccia;o__Minisyncoccales;f__Staskawiczbacteraceae;g__XYD1-FULL-39-28;s__XYD1-FULL-39-28 sp001822065	test	835966	718152	478152	GB_GCA_900447115.1;GB_GCA_020059695.1;RS_GCF_004104435.1;RS_GCF_037914905.1;GB_GCA_949282645.1	Bacillota;Bacteroidota_A;Verrucomicrobiota;Bacillota;Cyanobacteriota	4242363;3674390;2860407;4012413;2034694	test	5	5	5	93.991769	85.906843	57.197625	57.197542	highly_fragmented	500-2000	1000-5000	500	0.8-1.2	random_per_contaminant_copy	30.0	1.0	5.0	0.3	0.15	0.6	0	111	14	125	1196304	
genome_129	129	12	9	7312009	set_C_clean	GB_GCA_001822065.1	Patescibacteriota	Bacteria	d__Bacteria;p__Patescibacteriota;c__Minisyncoccia;o__Minisyncoccales;f__Staskawiczbacteraceae;g__XYD1-FULL-39-28;s__XYD1-FULL-39-28 sp001822065	test	835966	835966	154875	RS_GCF_009755925.1;RS_GCF_023650835.1;RS_GCF_001710375.1;RS_GCF_000194175.1	Spirochaetota;Pseudomonadota;Bacillota;Pseudomonadota	2561679;5768967;2920977;5685669	test	4	4	4	66.623037	100.0	18.52652	18.526471	low	200-500	5000-20000	1000	0.8-1.2	random_per_contaminant_copy	30.0	1.0	5.0	0.3	0.15	0.6	0	1	3	4	990841	
genome_130	130	13	0	7313000	set_C_clean	GB_GCA_002396685.1	Patescibacteriota	Bacteria	d__Bacteria;p__Patescibacteriota;c__Minisyncoccia;o__UBA9973;f__UBA2103;g__C7867-001;s__C7867-001 sp001189095	test	831293	455081	70417	RS_GCF_004745575.1;GB_GCA_930990745.1;RS_GCF_000318765.1;GB_GCA_001548355.1;RS_GCF_900112505.1	Pseudomonadota;Bacillota;Chlamydiota;Pseudomonadota;Pseudomonadota	4040697;2043206;1050130;6343376;4328295	test	5	5	5	50.396458	54.743755	8.470795	8.47078	medium	50-200	20000-100000	2000	0.8-1.2	random_per_contaminant_copy	30.0	1.0	5.0	0.3	0.15	0.6	0	4	1	5	525498	
genome_131	131	13	1	7313001	set_C_clean	GB_GCA_002396685.1	Patescibacteriota	Bacteria	d__Bacteria;p__Patescibacteriota;c__Minisyncoccia;o__UBA9973;f__UBA2103;g__C7867-001;s__C7867-001 sp001189095	test	831293	653990	585652	GB_GCA_948952625.1	Bacteroidota	2508069	test	1	1	1	83.669689	78.671419	70.450844	70.450732	medium	50-200	20000-100000	2000	0.8-1.2	random_per_contaminant_copy	30.0	1.0	5.0	0.3	0.15	0.6	0	1	15	16	1239642	
genome_132	132	13	2	7313002	set_C_clean	GB_GCA_002396685.1	Patescibacteriota	Bacteria	d__Bacteria;p__Patescibacteriota;c__Minisyncoccia;o__UBA9973;f__UBA2103;g__C7867-001;s__C7867-001 sp001189095	test	831293	831293	656201	GB_GCA_001950395.1;GB_GCA_948946025.1;RS_GCF_006517755.1;GB_GCA_040544315.1;RS_GCF_041154765.1	Actinomycetota;Bacteroidota;Pseudomonadota;Pseudomonadota;Pseudomonadota	1838614;6219833;1937345;8557939;2740872	test	5	5	5	80.826957	100.0	78.937415	78.93739	low	200-500	5000-20000	1000	0.8-1.2	random_per_contaminant_copy	30.0	1.0	5.0	0.3	0.15	0.6	0	1	12	13	1487494	
genome_133	133	13	3	7313003	set_C_clean	GB_GCA_002396685.1	Patescibacteriota	Bacteria	d__Bacteria;p__Patescibacteriota;c__Minisyncoccia;o__UBA9973;f__UBA2103;g__C7867-001;s__C7867-001 sp001189095	test	831293	831293	706521	RS_GCF_001862695.1;GB_GCA_001360715.1;RS_GCF_001422895.1	Pseudomonadota;Pseudomonadota;Pseudomonadota	3956740;4710251;4759318	test	3	3	3	90.323796	100.0	94.108691	84.990611	high	10-50	100000-500000	5000	0.8-1.2	random_per_contaminant_copy	30.0	1.0	5.0	0.3	0.15	0.6	0	1	44	45	1537814	
genome_134	134	13	4	7313004	set_C_clean	GB_GCA_002396685.1	Patescibacteriota	Bacteria	d__Bacteria;p__Patescibacteriota;c__Minisyncoccia;o__UBA9973;f__UBA2103;g__C7867-001;s__C7867-001 sp001189095	test	831293	562894	562894	RS_GCF_030293305.1;RS_GCF_002916215.1;GB_GCA_948715235.1	Pseudomonadota;Bacillota;Bacteroidota	4722286;3039213;2841963	test	3	3	3	93.254855	67.713069	99.02761	67.713069	low	200-500	5000-20000	1000	0.8-1.2	random_per_contaminant_copy	30.0	1.0	5.0	0.3	0.15	0.6	0	1	37	38	1125788	
genome_135	135	13	5	7313005	set_C_clean	GB_GCA_002396685.1	Patescibacteriota	Bacteria	d__Bacteria;p__Patescibacteriota;c__Minisyncoccia;o__UBA9973;f__UBA2103;g__C7867-001;s__C7867-001 sp001189095	test	831293	575897	546417	RS_GCF_030122095.1;GB_GCA_016708985.1;RS_GCF_022394055.1	Pseudomonadota;Bacteroidota;Pseudomonadota	6970081;4293318;3232274	test	3	3	3	60.36887	69.277258	65.731063	65.730976	low	200-500	5000-20000	1000	0.8-1.2	random_per_contaminant_copy	30.0	1.0	5.0	0.3	0.15	0.6	0	5	1	6	1122314	
genome_136	136	13	6	7313006	set_C_clean	GB_GCA_002396685.1	Patescibacteriota	Bacteria	d__Bacteria;p__Patescibacteriota;c__Minisyncoccia;o__UBA9973;f__UBA2103;g__C7867-001;s__C7867-001 sp001189095	test	831293	510949	510949	RS_GCF_027186325.1	Pseudomonadota	5434719	test	1	1	1	56.809531	61.464369	94.987475	61.464369	low	200-500	5000-20000	1000	0.8-1.2	random_per_contaminant_copy	30.0	1.0	5.0	0.3	0.15	0.6	0	2	2	4	1021898	
genome_137	137	13	7	7313007	set_C_clean	GB_GCA_002396685.1	Patescibacteriota	Bacteria	d__Bacteria;p__Patescibacteriota;c__Minisyncoccia;o__UBA9973;f__UBA2103;g__C7867-001;s__C7867-001 sp001189095	test	831293	431975	311701	RS_GCF_039671955.1;RS_GCF_001433955.1;RS_GCF_000288555.1	Pseudomonadota;Fusobacteriota;Bacillota	4870609;2622370;2019991	test	3	3	3	50.822502	51.964229	38.122827	37.495925	highly_fragmented	500-2000	1000-5000	500	0.8-1.2	random_per_contaminant_copy	30.0	1.0	5.0	0.3	0.15	0.6	0	12	10	22	743676	
genome_138	138	13	8	7313008	set_C_clean	GB_GCA_002396685.1	Patescibacteriota	Bacteria	d__Bacteria;p__Patescibacteriota;c__Minisyncoccia;o__UBA9973;f__UBA2103;g__C7867-001;s__C7867-001 sp001189095	test	831293	671972	172244	GB_GCA_040386555.1;RS_GCF_025466265.1;RS_GCF_021367155.1;RS_GCF_003591845.1;RS_GCF_019243695.1	Bacteroidota;Pseudomonadota;Bacillota;Pseudomonadota;Pseudomonadota	5043324;4723185;2495438;4620724;4315749	test	5	5	5	94.722099	80.834555	20.720094	20.720011	highly_fragmented	500-2000	1000-5000	500	0.8-1.2	random_per_contaminant_copy	30.0	1.0	5.0	0.3	0.15	0.6	0	51	6	57	844216	
genome_139	139	13	9	7313009	set_C_clean	GB_GCA_002396685.1	Patescibacteriota	Bacteria	d__Bacteria;p__Patescibacteriota;c__Minisyncoccia;o__UBA9973;f__UBA2103;g__C7867-001;s__C7867-001 sp001189095	test	831293	674692	405308	RS_GCF_001659045.1;RS_GCF_001941545.1;RS_GCF_001495995.1;RS_GCF_900481045.1;RS_GCF_007114045.1	Bacillota;Spirochaetota;Campylobacterota;Pseudomonadota;Bacillota	2638989;1139844;1684171;4792254;4131764	test	5	5	5	99.559357	81.161756	48.756341	48.756335	highly_fragmented	500-2000	1000-5000	500	0.8-1.2	random_per_contaminant_copy	30.0	1.0	5.0	0.3	0.15	0.6	0	18	6	24	1080000	
genome_140	140	14	0	7314000	set_C_clean	GB_GCA_002404315.1	Patescibacteriota	Bacteria	d__Bacteria;p__Patescibacteriota;c__Saccharimonadia;o__Saccharimonadales;f__UBA1547;g__UBA1547;s__UBA1547 sp002413425	test	726146	544026	544026	RS_GCF_024722315.1;GB_GCA_003935005.1;RS_GCF_040319155.1	Bacteroidota;Halobacteriota;Pseudomonadota	3785974;2128522;6944844	test	3	3	3	81.978638	74.919644	94.629819	74.919644	highly_fragmented	500-2000	1000-5000	500	0.8-1.2	random_per_contaminant_copy	30.0	1.0	5.0	0.3	0.15	0.6	0	19	73	92	1088052	
genome_141	141	14	1	7314001	set_C_clean	GB_GCA_002404315.1	Patescibacteriota	Bacteria	d__Bacteria;p__Patescibacteriota;c__Saccharimonadia;o__Saccharimonadales;f__UBA1547;g__UBA1547;s__UBA1547 sp002413425	test	726146	627034	567719	RS_GCF_003466365.1;RS_GCF_041021145.1;RS_GCF_027860265.1;RS_GCF_900251865.1	Actinomycetota;Pseudomonadota;Campylobacterota;Bacillota	2203875;2898506;1662236;2810146	test	4	4	4	77.442595	86.350954	78.182492	78.182487	highly_fragmented	500-2000	1000-5000	500	0.8-1.2	random_per_contaminant_copy	30.0	1.0	5.0	0.3	0.15	0.6	0	12	48	60	1194753	
genome_142	142	14	2	7314002	set_C_clean	GB_GCA_002404315.1	Patescibacteriota	Bacteria	d__Bacteria;p__Patescibacteriota;c__Saccharimonadia;o__Saccharimonadales;f__UBA1547;g__UBA1547;s__UBA1547 sp002413425	test	726146	510691	221049	GB_GCA_036738715.1	Fermentibacterota	2137638	test	1	1	1	70.483832	70.32897	30.441429	30.441399	highly_fragmented	500-2000	1000-5000	500	0.8-1.2	random_per_contaminant_copy	30.0	1.0	5.0	0.3	0.15	0.6	0	24	1	25	731740	
genome_143	143	14	3	7314003	set_C_clean	GB_GCA_002404315.1	Patescibacteriota	Bacteria	d__Bacteria;p__Patescibacteriota;c__Saccharimonadia;o__Saccharimonadales;f__UBA1547;g__UBA1547;s__UBA1547 sp002413425	test	726146	611909	538361	RS_GCF_001681155.1;RS_GCF_001421965.1;RS_GCF_007113485.2	Bacillota;Pseudomonadota;Actinomycetota	2765013;4192908;12057750	test	3	3	3	86.294406	84.26804	74.139499	74.139498	low	200-500	5000-20000	1000	0.8-1.2	random_per_contaminant_copy	30.0	1.0	5.0	0.3	0.15	0.6	0	10	3	13	1150270	
genome_144	144	14	4	7314004	set_C_clean	GB_GCA_002404315.1	Patescibacteriota	Bacteria	d__Bacteria;p__Patescibacteriota;c__Saccharimonadia;o__Saccharimonadales;f__UBA1547;g__UBA1547;s__UBA1547 sp002413425	test	726146	726146	656388	RS_GCF_013419805.1;RS_GCF_028889625.1	Pseudomonadota;Pseudomonadota	2805118;4443922	test	2	2	2	93.65095	100.0	90.68604	90.393392	low	200-500	5000-20000	1000	0.8-1.2	random_per_contaminant_copy	30.0	1.0	5.0	0.3	0.15	0.6	0	4	8	12	1382534	
genome_145	145	14	5	7314005	set_C_clean	GB_GCA_002404315.1	Patescibacteriota	Bacteria	d__Bacteria;p__Patescibacteriota;c__Saccharimonadia;o__Saccharimonadales;f__UBA1547;g__UBA1547;s__UBA1547 sp002413425	test	726146	726146	447533	GB_GCA_964204605.1;RS_GCF_024759765.1;GB_GCA_025054855.1	Bacteroidota_A;Bacteroidota;Thermoproteota	2493868;6672797;1562840	test	3	3	3	92.33746	100.0	61.631407	61.63127	high	10-50	100000-500000	5000	0.8-1.2	random_per_contaminant_copy	30.0	1.0	5.0	0.3	0.15	0.6	0	2	8	10	1173679	
genome_146	146	14	6	7314006	set_C_clean	GB_GCA_002404315.1	Patescibacteriota	Bacteria	d__Bacteria;p__Patescibacteriota;c__Saccharimonadia;o__Saccharimonadales;f__UBA1547;g__UBA1547;s__UBA1547 sp002413425	test	726146	382402	382401	RS_GCF_000505685.1;RS_GCF_900137655.1;RS_GCF_001885985.1;RS_GCF_038375585.1;RS_GCF_017311045.1	Pseudomonadota;Actinomycetota;Bacillota;Pseudomonadota;Bacillota	3925246;5084646;3519111;5571331;4207203	test	5	5	5	52.210525	52.661861	80.117704	52.661724	highly_fragmented	500-2000	1000-5000	500	0.8-1.2	random_per_contaminant_copy	30.0	1.0	5.0	0.3	0.15	0.6	0	15	69	84	764803	
genome_147	147	14	7	7314007	set_C_clean	GB_GCA_002404315.1	Patescibacteriota	Bacteria	d__Bacteria;p__Patescibacteriota;c__Saccharimonadia;o__Saccharimonadales;f__UBA1547;g__UBA1547;s__UBA1547 sp002413425	test	726146	504827	28176	RS_GCF_035012705.1;GB_GCA_958450865.1;GB_GCA_002202425.1;GB_GCA_902166935.1	Pseudomonadota;Actinomycetota;Actinomycetota;Pseudomonadota	5270810;2198619;2397667;5606676	test	4	4	4	79.711495	69.521419	3.880304	3.880211	medium	50-200	20000-100000	2000	0.8-1.2	random_per_contaminant_copy	30.0	1.0	5.0	0.3	0.15	0.6	0	1	1	2	533003	
genome_148	148	14	8	7314008	set_C_clean	GB_GCA_002404315.1	Patescibacteriota	Bacteria	d__Bacteria;p__Patescibacteriota;c__Saccharimonadia;o__Saccharimonadales;f__UBA1547;g__UBA1547;s__UBA1547 sp002413425	test	726146	520470	520469	RS_GCF_019836495.1;RS_GCF_036014155.1	Bacillota;Actinomycetota	3919487;10787473	test	2	2	2	69.575339	71.675669	75.3013	71.675531	highly_fragmented	500-2000	1000-5000	500	0.8-1.2	random_per_contaminant_copy	30.0	1.0	5.0	0.3	0.15	0.6	0	5	40	45	1040939	
genome_149	149	14	9	7314009	set_C_clean	GB_GCA_002404315.1	Patescibacteriota	Bacteria	d__Bacteria;p__Patescibacteriota;c__Saccharimonadia;o__Saccharimonadales;f__UBA1547;g__UBA1547;s__UBA1547 sp002413425	test	726146	726146	148988	RS_GCF_000721595.1	Actinomycetota	7558826	test	1	1	1	53.787209	100.0	20.517682	20.517637	high	10-50	100000-500000	5000	0.8-1.2	random_per_contaminant_copy	30.0	1.0	5.0	0.3	0.15	0.6	0	1	7	8	875134	
genome_150	150	15	0	7315000	set_C_clean	GB_GCA_002434045.1	Patescibacteriota	Bacteria	d__Bacteria;p__Patescibacteriota;c__Saccharimonadia;o__Saccharimonadales;f__UBA5946;g__UBA5946;s__UBA5946 sp002434045	test	898580	614537	290717	RS_GCF_040651595.1;RS_GCF_029340235.1;RS_GCF_026683915.1	Actinomycetota;Actinomycetota;Bacillota	8084700;2288093;2150349	test	3	3	3	93.18405	68.389793	32.353001	32.352935	highly_fragmented	500-2000	1000-5000	500	0.8-1.2	random_per_contaminant_copy	30.0	1.0	5.0	0.3	0.15	0.6	0	32	5	37	905254	
genome_151	151	15	1	7315001	set_C_clean	GB_GCA_002434045.1	Patescibacteriota	Bacteria	d__Bacteria;p__Patescibacteriota;c__Saccharimonadia;o__Saccharimonadales;f__UBA5946;g__UBA5946;s__UBA5946 sp002434045	test	898580	694499	694499	RS_GCF_014218815.1;RS_GCF_900055135.1;RS_GCF_900166105.1;GB_GCA_023511995.1;RS_GCF_001611425.1	Bacteroidota;Bacillota;Bacillota;Pseudomonadota;Bacillota	4786726;2060222;4251099;2507758;2746829	test	5	5	5	64.713009	77.2885	89.014119	77.2885	low	200-500	5000-20000	1000	0.8-1.2	random_per_contaminant_copy	30.0	1.0	5.0	0.3	0.15	0.6	0	3	4	7	1388998	
genome_152	152	15	2	7315002	set_C_clean	GB_GCA_002434045.1	Patescibacteriota	Bacteria	d__Bacteria;p__Patescibacteriota;c__Saccharimonadia;o__Saccharimonadales;f__UBA5946;g__UBA5946;s__UBA5946 sp002434045	test	898580	686324	582477	RS_GCF_036236545.1;GB_GCA_900451855.1;RS_GCF_002934585.1;RS_GCF_040947965.1;RS_GCF_020075555.1	Bacillota;Pseudomonadota;Pseudomonadota;Bacillota;Pseudomonadota	2893167;5837171;5738233;2088544;5438823	test	5	5	5	74.455194	76.378731	64.821979	64.821941	low	200-500	5000-20000	1000	0.8-1.2	random_per_contaminant_copy	30.0	1.0	5.0	0.3	0.15	0.6	0	3	2	5	1268801	
genome_153	153	15	3	7315003	set_C_clean	GB_GCA_002434045.1	Patescibacteriota	Bacteria	d__Bacteria;p__Patescibacteriota;c__Saccharimonadia;o__Saccharimonadales;f__UBA5946;g__UBA5946;s__UBA5946 sp002434045	test	898580	898580	262481	RS_GCF_903992435.1;RS_GCF_041022375.1;GB_GCA_040543735.1	Bacillota;Bacillota;Bacillota	2519333;2580331;1953908	test	3	3	3	71.366117	100.0	29.210646	29.210643	medium	50-200	20000-100000	2000	0.8-1.2	random_per_contaminant_copy	30.0	1.0	5.0	0.3	0.15	0.6	0	1	3	4	1161061	
genome_154	154	15	4	7315004	set_C_clean	GB_GCA_002434045.1	Patescibacteriota	Bacteria	d__Bacteria;p__Patescibacteriota;c__Saccharimonadia;o__Saccharimonadales;f__UBA5946;g__UBA5946;s__UBA5946 sp002434045	test	898580	730429	687740	GB_GCA_002278935.1;RS_GCF_025398135.1;RS_GCF_948729875.1;RS_GCF_000704845.1	Pseudomonadota;Pseudomonadota;Bacteroidota;Pseudomonadota	3278335;7556587;2824555;4945389	test	4	4	4	84.414131	81.287031	76.536401	76.536313	highly_fragmented	500-2000	1000-5000	500	0.8-1.2	random_per_contaminant_copy	30.0	1.0	5.0	0.3	0.15	0.6	0	28	114	142	1418169	
genome_155	155	15	5	7315005	set_C_clean	GB_GCA_002434045.1	Patescibacteriota	Bacteria	d__Bacteria;p__Patescibacteriota;c__Saccharimonadia;o__Saccharimonadales;f__UBA5946;g__UBA5946;s__UBA5946 sp002434045	test	898580	803765	65752	RS_GCF_900564155.1	Bacteroidota	6198518	test	1	1	1	85.244831	89.448352	8.400232	7.317323	high	10-50	100000-500000	5000	0.8-1.2	random_per_contaminant_copy	30.0	1.0	5.0	0.3	0.15	0.6	0	1	1	2	869517	
genome_156	156	15	6	7315006	set_C_clean	GB_GCA_002434045.1	Patescibacteriota	Bacteria	d__Bacteria;p__Patescibacteriota;c__Saccharimonadia;o__Saccharimonadales;f__UBA5946;g__UBA5946;s__UBA5946 sp002434045	test	898580	677245	289801	RS_GCF_000279415.1	Pseudomonadota	4084542	test	1	1	1	74.131475	75.368359	32.251037	32.250996	low	200-500	5000-20000	1000	0.8-1.2	random_per_contaminant_copy	30.0	1.0	5.0	0.3	0.15	0.6	0	21	33	54	967046	
genome_157	157	15	7	7315007	set_C_clean	GB_GCA_002434045.1	Patescibacteriota	Bacteria	d__Bacteria;p__Patescibacteriota;c__Saccharimonadia;o__Saccharimonadales;f__UBA5946;g__UBA5946;s__UBA5946 sp002434045	test	898580	510232	243248	RS_GCF_002266305.1;RS_GCF_022725815.1	Pseudomonadota;Bacillota	4915736;2000573	test	2	2	2	60.417726	56.782034	27.070327	27.070266	medium	50-200	20000-100000	2000	0.8-1.2	random_per_contaminant_copy	30.0	1.0	5.0	0.3	0.15	0.6	0	2	1	3	753480	
genome_158	158	15	8	7315008	set_C_clean	GB_GCA_002434045.1	Patescibacteriota	Bacteria	d__Bacteria;p__Patescibacteriota;c__Saccharimonadia;o__Saccharimonadales;f__UBA5946;g__UBA5946;s__UBA5946 sp002434045	test	898580	682528	682527	RS_GCF_002261335.1;GB_GCA_948812595.1;RS_GCF_040538375.1;GB_GCA_004013925.1;RS_GCF_033304595.1	Pseudomonadota;Actinomycetota;Pseudomonadota;Campylobacterota;Bacillota	5596467;2207309;5507371;1614394;3203634	test	5	5	5	76.173645	75.956287	76.501188	75.956175	highly_fragmented	500-2000	1000-5000	500	0.8-1.2	random_per_contaminant_copy	30.0	1.0	5.0	0.3	0.15	0.6	0	44	16	60	1365055	
genome_159	159	15	9	7315009	set_C_clean	GB_GCA_002434045.1	Patescibacteriota	Bacteria	d__Bacteria;p__Patescibacteriota;c__Saccharimonadia;o__Saccharimonadales;f__UBA5946;g__UBA5946;s__UBA5946 sp002434045	test	898580	791528	157051	RS_GCF_040925045.1;RS_GCF_902810365.1;RS_GCF_000612055.1;GB_GCA_947058125.1;RS_GCF_002723155.1	Bacillota;Pseudomonadota;Actinomycetota;Bacillota;Pseudomonadota	2938014;4794586;2338390;3392290;3843638	test	5	5	5	96.247754	88.086537	17.477793	17.477687	highly_fragmented	500-2000	1000-5000	500	0.8-1.2	random_per_contaminant_copy	30.0	1.0	5.0	0.3	0.15	0.6	0	65	3	68	948579	
genome_160	160	16	0	7316000	set_C_clean	GB_GCA_002787695.1	Patescibacteriota	Bacteria	d__Bacteria;p__Patescibacteriota;c__Minisyncoccia;o__UBA9973;f__1-14-0-10-42-12;g__1-14-0-10-42-12;s__1-14-0-10-42-12 sp002787695	test	674785	674785	185212	RS_GCF_963551315.1	Actinomycetota	3192023	test	1	1	1	59.702788	100.0	27.447699	27.447557	medium	50-200	20000-100000	2000	0.8-1.2	random_per_contaminant_copy	30.0	1.0	5.0	0.3	0.15	0.6	0	1	2	3	859997	
genome_161	161	16	1	7316001	set_C_clean	GB_GCA_002787695.1	Patescibacteriota	Bacteria	d__Bacteria;p__Patescibacteriota;c__Minisyncoccia;o__UBA9973;f__1-14-0-10-42-12;g__1-14-0-10-42-12;s__1-14-0-10-42-12 sp002787695	test	674785	674785	70813	RS_GCF_036747775.1;RS_GCF_033487755.1	Bacillota;Pseudomonadota	3024604;4712042	test	2	2	2	65.105552	100.0	16.346263	10.494157	high	10-50	100000-500000	5000	0.8-1.2	random_per_contaminant_copy	30.0	1.0	5.0	0.3	0.15	0.6	0	1	3	4	745598	
genome_162	162	16	2	7316002	set_C_clean	GB_GCA_002787695.1	Patescibacteriota	Bacteria	d__Bacteria;p__Patescibacteriota;c__Minisyncoccia;o__UBA9973;f__1-14-0-10-42-12;g__1-14-0-10-42-12;s__1-14-0-10-42-12 sp002787695	test	674785	674785	577908	RS_GCF_017573185.1;RS_GCF_900115505.1	Pseudomonadota;Actinomycetota	5186281;4690050	test	2	2	2	59.697287	100.0	85.643331	85.643279	high	10-50	100000-500000	5000	0.8-1.2	random_per_contaminant_copy	30.0	1.0	5.0	0.3	0.15	0.6	0	1	10	11	1252693	
genome_163	163	16	3	7316003	set_C_clean	GB_GCA_002787695.1	Patescibacteriota	Bacteria	d__Bacteria;p__Patescibacteriota;c__Minisyncoccia;o__UBA9973;f__1-14-0-10-42-12;g__1-14-0-10-42-12;s__1-14-0-10-42-12 sp002787695	test	674785	674785	199547	RS_GCF_024705335.1	Campylobacterota	1531998	test	1	1	1	64.222767	100.0	29.572018	29.571938	low	200-500	5000-20000	1000	0.8-1.2	random_per_contaminant_copy	30.0	1.0	5.0	0.3	0.15	0.6	0	2	1	3	874332	
genome_164	164	16	4	7316004	set_C_clean	GB_GCA_002787695.1	Patescibacteriota	Bacteria	d__Bacteria;p__Patescibacteriota;c__Minisyncoccia;o__UBA9973;f__1-14-0-10-42-12;g__1-14-0-10-42-12;s__1-14-0-10-42-12 sp002787695	test	674785	674785	249247	GB_GCA_020859785.1;RS_GCF_003420125.1	Bacteroidota;Bacillota	5040691;2844538	test	2	2	2	61.225939	100.0	44.444603	36.937247	low	200-500	5000-20000	1000	0.8-1.2	random_per_contaminant_copy	30.0	1.0	5.0	0.3	0.15	0.6	0	2	8	10	924032	
genome_165	165	16	5	7316005	set_C_clean	GB_GCA_002787695.1	Patescibacteriota	Bacteria	d__Bacteria;p__Patescibacteriota;c__Minisyncoccia;o__UBA9973;f__1-14-0-10-42-12;g__1-14-0-10-42-12;s__1-14-0-10-42-12 sp002787695	test	674785	674785	25772	GB_GCA_020404365.1;RS_GCF_017942585.1;RS_GCF_013426135.1;RS_GCF_012985615.1;RS_GCF_000674515.1	Pseudomonadota;Bacillota;Pseudomonadota;Pseudomonadota;Actinomycetota	1357829;3059024;5642069;6165656;4405909	test	5	5	5	58.999787	100.0	3.819397	3.819291	high	10-50	100000-500000	5000	0.8-1.2	random_per_contaminant_copy	30.0	1.0	5.0	0.3	0.15	0.6	0	1	5	6	700557	
genome_166	166	16	6	7316006	set_C_clean	GB_GCA_002787695.1	Patescibacteriota	Bacteria	d__Bacteria;p__Patescibacteriota;c__Minisyncoccia;o__UBA9973;f__1-14-0-10-42-12;g__1-14-0-10-42-12;s__1-14-0-10-42-12 sp002787695	test	674785	674785	125350	RS_GCF_030515755.1	Actinomycetota	2526008	test	1	1	1	96.84147	100.0	18.87997	18.576287	low	200-500	5000-20000	1000	0.8-1.2	random_per_contaminant_copy	30.0	1.0	5.0	0.3	0.15	0.6	0	2	1	3	800135	
genome_167	167	16	7	7316007	set_C_clean	GB_GCA_002787695.1	Patescibacteriota	Bacteria	d__Bacteria;p__Patescibacteriota;c__Minisyncoccia;o__UBA9973;f__1-14-0-10-42-12;g__1-14-0-10-42-12;s__1-14-0-10-42-12 sp002787695	test	674785	674785	388985	RS_GCF_900063795.1;RS_GCF_003096095.1;RS_GCF_023555495.1;RS_GCF_900138175.1	Pseudomonadota;Actinomycetota;Bacteroidota;Actinomycetota	3545771;3904836;3497066;5306444	test	4	4	4	91.103015	100.0	57.645792	57.645769	high	10-50	100000-500000	5000	0.8-1.2	random_per_contaminant_copy	30.0	1.0	5.0	0.3	0.15	0.6	0	1	5	6	1063770	
genome_168	168	16	8	7316008	set_C_clean	GB_GCA_002787695.1	Patescibacteriota	Bacteria	d__Bacteria;p__Patescibacteriota;c__Minisyncoccia;o__UBA9973;f__1-14-0-10-42-12;g__1-14-0-10-42-12;s__1-14-0-10-42-12 sp002787695	test	674785	354992	229582	RS_GCF_038129635.1	Pseudomonadota	2730972	test	1	1	1	52.716459	52.608164	34.023021	34.022985	highly_fragmented	500-2000	1000-5000	500	0.8-1.2	random_per_contaminant_copy	30.0	1.0	5.0	0.3	0.15	0.6	0	23	17	40	584574	
genome_169	169	16	9	7316009	set_C_clean	GB_GCA_002787695.1	Patescibacteriota	Bacteria	d__Bacteria;p__Patescibacteriota;c__Minisyncoccia;o__UBA9973;f__1-14-0-10-42-12;g__1-14-0-10-42-12;s__1-14-0-10-42-12 sp002787695	test	674785	660535	64379	RS_GCF_000280925.3;RS_GCF_027583815.1;RS_GCF_040226855.1;RS_GCF_040822125.1	Myxococcota;Pseudomonadota;Pseudomonadota;Pseudomonadota	9490432;6738001;5157394;3900293	test	4	4	4	59.497458	97.888216	9.54075	9.540669	medium	50-200	20000-100000	2000	0.8-1.2	random_per_contaminant_copy	30.0	1.0	5.0	0.3	0.15	0.6	0	1	1	2	724914	
genome_170	170	17	0	7317000	set_C_clean	GB_GCA_003484955.1	Patescibacteriota	Bacteria	d__Bacteria;p__Patescibacteriota;c__Microgenomatia;o__GWA2-44-7;f__UBA8517;g__UBA8517;s__UBA8517 sp003484955	test	750541	587894	587894	RS_GCF_022134555.1;RS_GCF_001163765.1;RS_GCF_900986105.1	Campylobacterota;Bacillota;Bacillota	1729809;2057827;1790667	test	3	3	3	78.856966	78.329365	95.132826	78.329365	highly_fragmented	500-2000	1000-5000	500	0.8-1.2	random_per_contaminant_copy	30.0	1.0	5.0	0.3	0.15	0.6	0	22	5	27	1175788	
genome_171	171	17	1	7317001	set_C_clean	GB_GCA_003484955.1	Patescibacteriota	Bacteria	d__Bacteria;p__Patescibacteriota;c__Microgenomatia;o__GWA2-44-7;f__UBA8517;g__UBA8517;s__UBA8517 sp003484955	test	750541	593855	95151	RS_GCF_030127585.1;RS_GCF_004136435.1;RS_GCF_002504085.1;GB_GCA_948628455.1	Bacillota;Actinomycetota;Pseudomonadota;Bacteroidota	1679245;4387823;5532633;3047951	test	4	4	4	80.090607	79.123592	12.677744	12.677655	highly_fragmented	500-2000	1000-5000	500	0.8-1.2	random_per_contaminant_copy	30.0	1.0	5.0	0.3	0.15	0.6	0	38	2	40	689006	
genome_172	172	17	2	7317002	set_C_clean	GB_GCA_003484955.1	Patescibacteriota	Bacteria	d__Bacteria;p__Patescibacteriota;c__Microgenomatia;o__GWA2-44-7;f__UBA8517;g__UBA8517;s__UBA8517 sp003484955	test	750541	750541	617220	RS_GCF_030334545.1;GB_GCA_948602985.1;RS_GCF_000420605.1	Pseudomonadota;Bacteroidota;Actinomycetota	5203702;2145772;2183019	test	3	3	3	73.115687	100.0	89.967942	82.23668	high	10-50	100000-500000	5000	0.8-1.2	random_per_contaminant_copy	30.0	1.0	5.0	0.3	0.15	0.6	0	1	3	4	1367761	
genome_173	173	17	3	7317003	set_C_clean	GB_GCA_003484955.1	Patescibacteriota	Bacteria	d__Bacteria;p__Patescibacteriota;c__Microgenomatia;o__GWA2-44-7;f__UBA8517;g__UBA8517;s__UBA8517 sp003484955	test	750541	679313	71613	RS_GCF_039023845.1;RS_GCF_002025445.1;RS_GCF_040319155.1;RS_GCF_000673835.1;GB_GCA_905234865.1	Pseudomonadota;Cyanobacteriota;Pseudomonadota;Actinomycetota;Cyanobacteriota	4712973;5889430;6944844;4406354;1866871	test	5	5	5	95.389924	90.509779	9.541645	9.541517	highly_fragmented	500-2000	1000-5000	500	0.8-1.2	random_per_contaminant_copy	30.0	1.0	5.0	0.3	0.15	0.6	0	52	3	55	750926	
genome_174	174	17	4	7317004	set_C_clean	GB_GCA_003484955.1	Patescibacteriota	Bacteria	d__Bacteria;p__Patescibacteriota;c__Microgenomatia;o__GWA2-44-7;f__UBA8517;g__UBA8517;s__UBA8517 sp003484955	test	750541	428618	428618	RS_GCF_003608655.1;RS_GCF_949769285.1;RS_GCF_002979775.1;RS_GCF_003113475.3	Bacillota;Bacillota;Actinomycetota;Pseudomonadota	2965038;1946085;5191664;3936473	test	4	4	4	51.629177	57.107873	77.785156	57.107873	highly_fragmented	500-2000	1000-5000	500	0.8-1.2	random_per_contaminant_copy	30.0	1.0	5.0	0.3	0.15	0.6	0	6	2	8	857236	
genome_175	175	17	5	7317005	set_C_clean	GB_GCA_003484955.1	Patescibacteriota	Bacteria	d__Bacteria;p__Patescibacteriota;c__Microgenomatia;o__GWA2-44-7;f__UBA8517;g__UBA8517;s__UBA8517 sp003484955	test	750541	661641	369629	RS_GCF_002899905.1;RS_GCF_037006265.1	Pseudomonadota;Campylobacterota	6756833;1724475	test	2	2	2	99.916295	88.155211	49.248474	49.248342	highly_fragmented	500-2000	1000-5000	500	0.8-1.2	random_per_contaminant_copy	30.0	1.0	5.0	0.3	0.15	0.6	0	39	3	42	1031270	
genome_176	176	17	6	7317006	set_C_clean	GB_GCA_003484955.1	Patescibacteriota	Bacteria	d__Bacteria;p__Patescibacteriota;c__Microgenomatia;o__GWA2-44-7;f__UBA8517;g__UBA8517;s__UBA8517 sp003484955	test	750541	750541	31570	RS_GCF_003960145.1;RS_GCF_900035765.1	Campylobacterota;Bacillota	1616991;2803674	test	2	2	2	60.645972	100.0	4.206332	4.206299	high	10-50	100000-500000	5000	0.8-1.2	random_per_contaminant_copy	30.0	1.0	5.0	0.3	0.15	0.6	0	1	3	4	782111	
genome_177	177	17	7	7317007	set_C_clean	GB_GCA_003484955.1	Patescibacteriota	Bacteria	d__Bacteria;p__Patescibacteriota;c__Microgenomatia;o__GWA2-44-7;f__UBA8517;g__UBA8517;s__UBA8517 sp003484955	test	750541	573877	452146	RS_GCF_037006725.1	Pseudomonadota	4464761	test	1	1	1	77.787538	76.461779	60.242694	60.242678	highly_fragmented	500-2000	1000-5000	500	0.8-1.2	random_per_contaminant_copy	30.0	1.0	5.0	0.3	0.15	0.6	0	39	1	40	1026023	
genome_178	178	17	8	7317008	set_C_clean	GB_GCA_003484955.1	Patescibacteriota	Bacteria	d__Bacteria;p__Patescibacteriota;c__Microgenomatia;o__GWA2-44-7;f__UBA8517;g__UBA8517;s__UBA8517 sp003484955	test	750541	547824	547824	RS_GCF_008754285.1;RS_GCF_002355675.1;RS_GCF_011777505.1;RS_GCF_021021955.1	Bacillota;Actinomycetota;Bacteroidota;Bacillota	3017740;3297987;3155049;2011989	test	4	4	4	60.43888	72.990549	98.108577	72.990549	low	200-500	5000-20000	1000	0.8-1.2	random_per_contaminant_copy	30.0	1.0	5.0	0.3	0.15	0.6	0	3	25	28	1095648	
genome_179	179	17	9	7317009	set_C_clean	GB_GCA_003484955.1	Patescibacteriota	Bacteria	d__Bacteria;p__Patescibacteriota;c__Microgenomatia;o__GWA2-44-7;f__UBA8517;g__UBA8517;s__UBA8517 sp003484955	test	750541	750541	439723	RS_GCF_900023555.1;RS_GCF_016632315.1;RS_GCF_014496115.1	Bacillota;Cyanobacteriota;Campylobacterota	2059906;6235022;1591462	test	3	3	3	78.179519	100.0	58.58748	58.587472	medium	50-200	20000-100000	2000	0.8-1.2	random_per_contaminant_copy	30.0	1.0	5.0	0.3	0.15	0.6	0	1	66	67	1190264	
genome_180	180	18	0	7318000	set_C_clean	GB_GCA_003487225.1	Patescibacteriota	Bacteria	d__Bacteria;p__Patescibacteriota;c__Minisyncoccia;o__UBA10092;f__UBA10092;g__UBA10092;s__UBA10092 sp003455995	test	582189	582189	170564	RS_GCF_002863595.1	Bacillota	3715075	test	1	1	1	91.962385	100.0	29.297168	29.297015	medium	50-200	20000-100000	2000	0.8-1.2	random_per_contaminant_copy	30.0	1.0	5.0	0.3	0.15	0.6	0	2	9	11	752753	
genome_181	181	18	1	7318001	set_C_clean	GB_GCA_003487225.1	Patescibacteriota	Bacteria	d__Bacteria;p__Patescibacteriota;c__Minisyncoccia;o__UBA10092;f__UBA10092;g__UBA10092;s__UBA10092 sp003455995	test	582189	582189	237438	RS_GCF_002812045.1;RS_GCF_041764985.1	Spirochaetota;Bacillota	4191261;3079302	test	2	2	2	81.816538	100.0	40.783726	40.783663	high	10-50	100000-500000	5000	0.8-1.2	random_per_contaminant_copy	30.0	1.0	5.0	0.3	0.15	0.6	0	1	9	10	819627	
genome_182	182	18	2	7318002	set_C_clean	GB_GCA_003487225.1	Patescibacteriota	Bacteria	d__Bacteria;p__Patescibacteriota;c__Minisyncoccia;o__UBA10092;f__UBA10092;g__UBA10092;s__UBA10092 sp003455995	test	582189	337699	80081	GB_GCA_949410715.1;RS_GCF_028400595.1;RS_GCF_001877615.1	Bacteroidota;Bacteroidota;Campylobacterota	3246084;6818497;1653274	test	3	3	3	57.466309	58.005046	13.755272	13.755155	low	200-500	5000-20000	1000	0.8-1.2	random_per_contaminant_copy	30.0	1.0	5.0	0.3	0.15	0.6	0	5	5	10	417780	
genome_183	183	18	3	7318003	set_C_clean	GB_GCA_003487225.1	Patescibacteriota	Bacteria	d__Bacteria;p__Patescibacteriota;c__Minisyncoccia;o__UBA10092;f__UBA10092;g__UBA10092;s__UBA10092 sp003455995	test	582189	529202	486817	RS_GCF_037414965.1;RS_GCF_000019785.1;RS_GCF_032596555.1;GB_GCA_948649985.1	Bacillota;Pseudomonadota;Pseudomonadota;Bacteroidota	5660992;4909403;5038828;2571131	test	4	4	4	92.169082	90.89866	83.618449	83.618378	medium	50-200	20000-100000	2000	0.8-1.2	random_per_contaminant_copy	30.0	1.0	5.0	0.3	0.15	0.6	0	1	5	6	1016019	
genome_184	184	18	4	7318004	set_C_clean	GB_GCA_003487225.1	Patescibacteriota	Bacteria	d__Bacteria;p__Patescibacteriota;c__Minisyncoccia;o__UBA10092;f__UBA10092;g__UBA10092;s__UBA10092 sp003455995	test	582189	582189	423444	RS_GCF_013035125.1;RS_GCF_003948695.1;RS_GCF_036706125.1;RS_GCF_030190215.1	Pseudomonadota;Pseudomonadota;Pseudomonadota;Pseudomonadota	3733081;3955193;4808992;5416153	test	4	4	4	63.585474	100.0	72.733196	72.733082	medium	50-200	20000-100000	2000	0.8-1.2	random_per_contaminant_copy	30.0	1.0	5.0	0.3	0.15	0.6	0	1	6	7	1005633	
genome_185	185	18	5	7318005	set_C_clean	GB_GCA_003487225.1	Patescibacteriota	Bacteria	d__Bacteria;p__Patescibacteriota;c__Minisyncoccia;o__UBA10092;f__UBA10092;g__UBA10092;s__UBA10092 sp003455995	test	582189	444997	227683	GB_GCA_022510385.1;RS_GCF_003974695.1	Bacteroidota;Pseudomonadota	2717153;6370153	test	2	2	2	78.255214	76.435144	92.596778	39.10809	highly_fragmented	500-2000	1000-5000	500	0.8-1.2	random_per_contaminant_copy	30.0	1.0	5.0	0.3	0.15	0.6	0	22	5	27	672680	
genome_186	186	18	6	7318006	set_C_clean	GB_GCA_003487225.1	Patescibacteriota	Bacteria	d__Bacteria;p__Patescibacteriota;c__Minisyncoccia;o__UBA10092;f__UBA10092;g__UBA10092;s__UBA10092 sp003455995	test	582189	582189	130302	GB_GCA_040004035.1;RS_GCF_010587025.1;RS_GCF_001618305.1;GB_GCA_948978355.1	Cyanobacteriota;Pseudomonadota;Bacillota;Bacteroidota	7013712;2607636;2793465;2376741	test	4	4	4	73.365867	100.0	22.381406	22.381392	low	200-500	5000-20000	1000	0.8-1.2	random_per_contaminant_copy	30.0	1.0	5.0	0.3	0.15	0.6	0	1	1	2	712491	
genome_187	187	18	7	7318007	set_C_clean	GB_GCA_003487225.1	Patescibacteriota	Bacteria	d__Bacteria;p__Patescibacteriota;c__Minisyncoccia;o__UBA10092;f__UBA10092;g__UBA10092;s__UBA10092 sp003455995	test	582189	582189	284098	GB_GCA_016718245.1;RS_GCF_020952145.1;RS_GCF_036993385.1;RS_GCF_019835995.1	Pseudomonadota;Campylobacterota;Pseudomonadota;Actinomycetota	3541950;1778136;5581770;4760139	test	4	4	4	59.048016	100.0	48.798352	48.798242	high	10-50	100000-500000	5000	0.8-1.2	random_per_contaminant_copy	30.0	1.0	5.0	0.3	0.15	0.6	0	1	23	24	866287	
genome_188	188	18	8	7318008	set_C_clean	GB_GCA_003487225.1	Patescibacteriota	Bacteria	d__Bacteria;p__Patescibacteriota;c__Minisyncoccia;o__UBA10092;f__UBA10092;g__UBA10092;s__UBA10092 sp003455995	test	582189	582189	205191	RS_GCF_001849885.1;RS_GCF_030346045.1;RS_GCF_034030455.1;RS_GCF_009825795.1;RS_GCF_028895945.1	Actinomycetota;Pseudomonadota;Bacillota;Pseudomonadota;Bacillota	4351828;5922250;2944074;5828898;3302291	test	5	5	5	67.306057	100.0	35.244768	35.24474	medium	50-200	20000-100000	2000	0.8-1.2	random_per_contaminant_copy	30.0	1.0	5.0	0.3	0.15	0.6	0	1	5	6	787380	
genome_189	189	18	9	7318009	set_C_clean	GB_GCA_003487225.1	Patescibacteriota	Bacteria	d__Bacteria;p__Patescibacteriota;c__Minisyncoccia;o__UBA10092;f__UBA10092;g__UBA10092;s__UBA10092 sp003455995	test	582189	582189	91503	GB_GCA_949496675.1;RS_GCF_027108875.1;RS_GCF_002741845.3;RS_GCF_000695975.1;GB_GCA_002869065.1	Bacteroidota;Bacillota;Spirochaetota;Nitrospirota_A;Pseudomonadota	2633054;2443961;1432067;2330585;4036153	test	5	5	5	80.262787	100.0	15.717131	15.717061	high	10-50	100000-500000	5000	0.8-1.2	random_per_contaminant_copy	30.0	1.0	5.0	0.3	0.15	0.6	0	1	1	2	673692	
genome_190	190	19	0	7319000	set_C_clean	GB_GCA_003504275.1	Patescibacteriota	Bacteria	d__Bacteria;p__Patescibacteriota;c__Minisyncoccia;o__UBA9973;f__UBA12445;g__UBA12445;s__UBA12445 sp003504275	test	886882	886882	309603	RS_GCF_014905055.1	Bacillota	2616331	test	1	1	1	82.95012	100.0	34.909191	34.909154	medium	50-200	20000-100000	2000	0.8-1.2	random_per_contaminant_copy	30.0	1.0	5.0	0.3	0.15	0.6	0	1	1	2	1196485	
genome_191	191	19	1	7319001	set_C_clean	GB_GCA_003504275.1	Patescibacteriota	Bacteria	d__Bacteria;p__Patescibacteriota;c__Minisyncoccia;o__UBA9973;f__UBA12445;g__UBA12445;s__UBA12445 sp003504275	test	886882	621273	419012	RS_GCF_900236745.1;GB_GCA_948862885.1;GB_GCA_013464905.1	Actinomycetota;Bacteroidota;Pseudomonadota	6276774;2067313;4676328	test	3	3	3	56.368279	70.051371	47.24556	47.245519	low	200-500	5000-20000	1000	0.8-1.2	random_per_contaminant_copy	30.0	1.0	5.0	0.3	0.15	0.6	0	3	13	16	1040285	
genome_192	192	19	2	7319002	set_C_clean	GB_GCA_003504275.1	Patescibacteriota	Bacteria	d__Bacteria;p__Patescibacteriota;c__Minisyncoccia;o__UBA9973;f__UBA12445;g__UBA12445;s__UBA12445 sp003504275	test	886882	556812	212963	RS_GCF_014651255.1;RS_GCF_040321305.1;RS_GCF_016635345.1;RS_GCF_040187805.1	Bacillota;Pseudomonadota;Pseudomonadota;Pseudomonadota	1934699;6622020;5183108;5765539	test	4	4	4	92.572085	62.783099	24.012557	24.012552	medium	50-200	20000-100000	2000	0.8-1.2	random_per_contaminant_copy	30.0	1.0	5.0	0.3	0.15	0.6	0	1	2	3	769775	
genome_193	193	19	3	7319003	set_C_clean	GB_GCA_003504275.1	Patescibacteriota	Bacteria	d__Bacteria;p__Patescibacteriota;c__Minisyncoccia;o__UBA9973;f__UBA12445;g__UBA12445;s__UBA12445 sp003504275	test	886882	759787	164168	RS_GCF_040679115.1;GB_GCA_944369015.1;RS_GCF_003639685.1;GB_GCA_001168305.1	Actinomycetota;Bacillota;Campylobacterota;Pseudomonadota	7734074;1525698;1568426;4941097	test	4	4	4	87.239495	85.669458	18.510724	18.510693	highly_fragmented	500-2000	1000-5000	500	0.8-1.2	random_per_contaminant_copy	30.0	1.0	5.0	0.3	0.15	0.6	0	34	6	40	923955	
genome_194	194	19	4	7319004	set_C_clean	GB_GCA_003504275.1	Patescibacteriota	Bacteria	d__Bacteria;p__Patescibacteriota;c__Minisyncoccia;o__UBA9973;f__UBA12445;g__UBA12445;s__UBA12445 sp003504275	test	886882	886882	295447	RS_GCF_030518015.1	Pseudomonadota	5573364	test	1	1	1	56.032885	100.0	33.313088	33.313	high	10-50	100000-500000	5000	0.8-1.2	random_per_contaminant_copy	30.0	1.0	5.0	0.3	0.15	0.6	0	1	68	69	1182329	
genome_195	195	19	5	7319005	set_C_clean	GB_GCA_003504275.1	Patescibacteriota	Bacteria	d__Bacteria;p__Patescibacteriota;c__Minisyncoccia;o__UBA9973;f__UBA12445;g__UBA12445;s__UBA12445 sp003504275	test	886882	576551	328557	RS_GCF_900445525.1	Bacteroidota	4888086	test	1	1	1	66.881602	65.008761	50.653634	37.046304	highly_fragmented	500-2000	1000-5000	500	0.8-1.2	random_per_contaminant_copy	30.0	1.0	5.0	0.3	0.15	0.6	0	4	1	5	905108	
genome_196	196	19	6	7319006	set_C_clean	GB_GCA_003504275.1	Patescibacteriota	Bacteria	d__Bacteria;p__Patescibacteriota;c__Minisyncoccia;o__UBA9973;f__UBA12445;g__UBA12445;s__UBA12445 sp003504275	test	886882	886882	466367	RS_GCF_900610065.1	Bacteroidota	2722288	test	1	1	1	88.510938	100.0	52.585104	52.585011	high	10-50	100000-500000	5000	0.8-1.2	random_per_contaminant_copy	30.0	1.0	5.0	0.3	0.15	0.6	0	1	13	14	1353249	
genome_197	197	19	7	7319007	set_C_clean	GB_GCA_003504275.1	Patescibacteriota	Bacteria	d__Bacteria;p__Patescibacteriota;c__Minisyncoccia;o__UBA9973;f__UBA12445;g__UBA12445;s__UBA12445 sp003504275	test	886882	886882	66471	GB_GCA_027036135.1	Thermoproteota	2205677	test	1	1	1	55.916125	100.0	7.494972	7.494909	medium	50-200	20000-100000	2000	0.8-1.2	random_per_contaminant_copy	30.0	1.0	5.0	0.3	0.15	0.6	0	2	1	3	953353	
genome_198	198	19	8	7319008	set_C_clean	GB_GCA_003504275.1	Patescibacteriota	Bacteria	d__Bacteria;p__Patescibacteriota;c__Minisyncoccia;o__UBA9973;f__UBA12445;g__UBA12445;s__UBA12445 sp003504275	test	886882	886882	127998	RS_GCF_032548285.1;GB_GCA_948494995.1;GB_GCA_002472785.1;RS_GCF_004104715.1;RS_GCF_900580715.1	Bacillota;Bacteroidota;Pseudomonadota;Actinomycetota;Pseudomonadota	2088740;2509676;3874919;4370113;5983930	test	5	5	5	98.690142	100.0	14.432407	14.43236	high	10-50	100000-500000	5000	0.8-1.2	random_per_contaminant_copy	30.0	1.0	5.0	0.3	0.15	0.6	0	1	2	3	1014880	
genome_199	199	19	9	7319009	set_C_clean	GB_GCA_003504275.1	Patescibacteriota	Bacteria	d__Bacteria;p__Patescibacteriota;c__Minisyncoccia;o__UBA9973;f__UBA12445;g__UBA12445;s__UBA12445 sp003504275	test	886882	886882	196364	RS_GCF_903891135.1	Bacillota	1785330	test	1	1	1	53.063429	100.0	22.140996	22.140939	medium	50-200	20000-100000	2000	0.8-1.2	random_per_contaminant_copy	30.0	1.0	5.0	0.3	0.15	0.6	0	2	1	3	1083246	
genome_200	200	20	0	7320000	set_C_clean	GB_GCA_003551845.1	Patescibacteriota	Bacteria	d__Bacteria;p__Patescibacteriota;c__Minisyncoccia;o__Minisyncoccales;f__PWPS01;g__PWPS01;s__PWPS01 sp003551845	test	864282	570522	450279	GB_GCA_938036565.1	Bacteroidota	1990945	test	1	1	1	66.333098	66.011094	53.099351	52.098621	highly_fragmented	500-2000	1000-5000	500	0.8-1.2	random_per_contaminant_copy	30.0	1.0	5.0	0.3	0.15	0.6	0	20	7	27	1020801	
genome_201	201	20	1	7320001	set_C_clean	GB_GCA_003551845.1	Patescibacteriota	Bacteria	d__Bacteria;p__Patescibacteriota;c__Minisyncoccia;o__Minisyncoccales;f__PWPS01;g__PWPS01;s__PWPS01 sp003551845	test	864282	864282	236197	RS_GCF_009847215.1	Bacillota	1798674	test	1	1	1	79.713976	100.0	27.328724	27.328696	high	10-50	100000-500000	5000	0.8-1.2	random_per_contaminant_copy	30.0	1.0	5.0	0.3	0.15	0.6	0	1	18	19	1100479	
genome_202	202	20	2	7320002	set_C_clean	GB_GCA_003551845.1	Patescibacteriota	Bacteria	d__Bacteria;p__Patescibacteriota;c__Minisyncoccia;o__Minisyncoccales;f__PWPS01;g__PWPS01;s__PWPS01 sp003551845	test	864282	619469	396488	RS_GCF_002005185.1;GB_GCA_032547925.1;GB_GCA_024644705.1	Bacillota;Pseudomonadota;Bacteroidota	2178518;5320855;2041284	test	3	3	3	60.808457	71.674407	45.874854	45.874842	medium	50-200	20000-100000	2000	0.8-1.2	random_per_contaminant_copy	30.0	1.0	5.0	0.3	0.15	0.6	0	3	3	6	1015957	
genome_203	203	20	3	7320003	set_C_clean	GB_GCA_003551845.1	Patescibacteriota	Bacteria	d__Bacteria;p__Patescibacteriota;c__Minisyncoccia;o__Minisyncoccales;f__PWPS01;g__PWPS01;s__PWPS01 sp003551845	test	864282	589817	10419	RS_GCF_004919045.1;RS_GCF_001374515.1;RS_GCF_004919385.1	Actinomycetota;Pseudomonadota;Pseudomonadota	3779885;6489356;4987243	test	3	3	3	68.367714	68.243583	1.205588	1.205509	highly_fragmented	500-2000	1000-5000	500	0.8-1.2	random_per_contaminant_copy	30.0	1.0	5.0	0.3	0.15	0.6	0	64	1	65	600236	
genome_204	204	20	4	7320004	set_C_clean	GB_GCA_003551845.1	Patescibacteriota	Bacteria	d__Bacteria;p__Patescibacteriota;c__Minisyncoccia;o__Minisyncoccales;f__PWPS01;g__PWPS01;s__PWPS01 sp003551845	test	864282	541404	102965	RS_GCF_002130525.1;RS_GCF_040982875.1;RS_GCF_036318565.1;GB_GCA_040105495.1	Actinomycetota;Pseudomonadota;Pseudomonadota;Bacillota	4396913;5717059;4463887;6522377	test	4	4	4	67.942917	62.642054	11.91342	11.913357	low	200-500	5000-20000	1000	0.8-1.2	random_per_contaminant_copy	30.0	1.0	5.0	0.3	0.15	0.6	0	5	2	7	644369	
genome_205	205	20	5	7320005	set_C_clean	GB_GCA_003551845.1	Patescibacteriota	Bacteria	d__Bacteria;p__Patescibacteriota;c__Minisyncoccia;o__Minisyncoccales;f__PWPS01;g__PWPS01;s__PWPS01 sp003551845	test	864282	596371	596371	RS_GCF_009736305.1	Pseudomonadota	3977660	test	1	1	1	71.932725	69.0019	72.067186	69.0019	highly_fragmented	500-2000	1000-5000	500	0.8-1.2	random_per_contaminant_copy	30.0	1.0	5.0	0.3	0.15	0.6	0	10	10	20	1192742	
genome_206	206	20	6	7320006	set_C_clean	GB_GCA_003551845.1	Patescibacteriota	Bacteria	d__Bacteria;p__Patescibacteriota;c__Minisyncoccia;o__Minisyncoccales;f__PWPS01;g__PWPS01;s__PWPS01 sp003551845	test	864282	864282	25474	RS_GCF_900996155.1;GB_GCA_036310805.1;RS_GCF_001433515.1;GB_GCA_948800745.1;RS_GCF_019659705.1	Bacillota;Bacteroidota;Campylobacterota;Bacteroidota;Bacillota	1807167;2112778;1631276;2685585;2805598	test	5	5	5	55.704138	100.0	2.947449	2.947418	high	10-50	100000-500000	5000	0.8-1.2	random_per_contaminant_copy	30.0	1.0	5.0	0.3	0.15	0.6	0	1	1	2	889756	
genome_207	207	20	7	7320007	set_C_clean	GB_GCA_003551845.1	Patescibacteriota	Bacteria	d__Bacteria;p__Patescibacteriota;c__Minisyncoccia;o__Minisyncoccales;f__PWPS01;g__PWPS01;s__PWPS01 sp003551845	test	864282	736570	222331	RS_GCF_038396715.1;RS_GCF_007035805.1;RS_GCF_900986255.1	Bacillota;Pseudomonadota;Bacillota	1912403;4768325;1807735	test	3	3	3	89.903732	85.223341	25.724421	25.724358	highly_fragmented	500-2000	1000-5000	500	0.8-1.2	random_per_contaminant_copy	30.0	1.0	5.0	0.3	0.15	0.6	0	5	29	34	958901	
genome_208	208	20	8	7320008	set_C_clean	GB_GCA_003551845.1	Patescibacteriota	Bacteria	d__Bacteria;p__Patescibacteriota;c__Minisyncoccia;o__Minisyncoccales;f__PWPS01;g__PWPS01;s__PWPS01 sp003551845	test	864282	574143	574143	RS_GCF_003345655.1;GB_GCA_022678445.1	Pseudomonadota;Thermoproteota	4185419;1930407	test	2	2	2	64.431193	66.430054	82.169433	66.430054	highly_fragmented	500-2000	1000-5000	500	0.8-1.2	random_per_contaminant_copy	30.0	1.0	5.0	0.3	0.15	0.6	0	9	46	55	1148286	
genome_209	209	20	9	7320009	set_C_clean	GB_GCA_003551845.1	Patescibacteriota	Bacteria	d__Bacteria;p__Patescibacteriota;c__Minisyncoccia;o__Minisyncoccales;f__PWPS01;g__PWPS01;s__PWPS01 sp003551845	test	864282	864282	22454	RS_GCF_029842245.1;RS_GCF_000259525.1;RS_GCF_019056455.1;GB_GCA_949094105.1	Pseudomonadota;Bacillota;Campylobacterota;Bacteroidota	6240817;1902560;1901007;2654634	test	4	4	4	52.550861	100.0	2.598021	2.597995	high	10-50	100000-500000	5000	0.8-1.2	random_per_contaminant_copy	30.0	1.0	5.0	0.3	0.15	0.6	0	1	2	3	886736	
genome_210	210	21	0	7321000	set_C_clean	GB_GCA_005239865.1	Patescibacteriota	Bacteria	d__Bacteria;p__Patescibacteriota;c__Patescibacteriia;o__SBBC01;f__SBBC01;g__Microgenomatus_A;s__Microgenomatus_A auricola_A	test	1002208	653951	30474	GB_GCA_944322345.1;RS_GCF_016766735.1	Bacteroidota;Actinomycetota	3227373;2609136	test	2	2	2	65.508288	65.251026	3.040748	3.040686	highly_fragmented	500-2000	1000-5000	500	0.8-1.2	random_per_contaminant_copy	30.0	1.0	5.0	0.3	0.15	0.6	0	47	3	50	684425	
genome_211	211	21	1	7321001	set_C_clean	GB_GCA_005239865.1	Patescibacteriota	Bacteria	d__Bacteria;p__Patescibacteriota;c__Patescibacteriia;o__SBBC01;f__SBBC01;g__Microgenomatus_A;s__Microgenomatus_A auricola_A	test	1002208	1002208	952207	GB_GCA_002358155.1;RS_GCF_006346135.1	Pseudomonadota;Campylobacterota	4964562;1626186	test	2	2	2	52.579047	100.0	95.01096	95.010916	medium	50-200	20000-100000	2000	0.8-1.2	random_per_contaminant_copy	30.0	1.0	5.0	0.3	0.15	0.6	0	1	7	8	1954415	
genome_212	212	21	2	7321002	set_C_clean	GB_GCA_005239865.1	Patescibacteriota	Bacteria	d__Bacteria;p__Patescibacteriota;c__Patescibacteriia;o__SBBC01;f__SBBC01;g__Microgenomatus_A;s__Microgenomatus_A auricola_A	test	1002208	1002208	335881	GB_GCA_040768285.1;RS_GCF_011292415.1;RS_GCF_001235985.1	Atribacterota;Bacillota;Campylobacterota	2012153;2798824;1659444	test	3	3	3	83.600845	100.0	33.51412	33.514101	medium	50-200	20000-100000	2000	0.8-1.2	random_per_contaminant_copy	30.0	1.0	5.0	0.3	0.15	0.6	0	2	80	82	1338089	
genome_213	213	21	3	7321003	set_C_clean	GB_GCA_005239865.1	Patescibacteriota	Bacteria	d__Bacteria;p__Patescibacteriota;c__Patescibacteriia;o__SBBC01;f__SBBC01;g__Microgenomatus_A;s__Microgenomatus_A auricola_A	test	1002208	757090	757090	RS_GCF_900502015.1;RS_GCF_038443385.1;RS_GCF_020139635.1	Pseudomonadota;Planctomycetota;Bacillota	5509124;9719866;2003472	test	3	3	3	70.189927	75.542203	85.551236	75.542203	medium	50-200	20000-100000	2000	0.8-1.2	random_per_contaminant_copy	30.0	1.0	5.0	0.3	0.15	0.6	0	3	42	45	1514180	
genome_214	214	21	4	7321004	set_C_clean	GB_GCA_005239865.1	Patescibacteriota	Bacteria	d__Bacteria;p__Patescibacteriota;c__Patescibacteriia;o__SBBC01;f__SBBC01;g__Microgenomatus_A;s__Microgenomatus_A auricola_A	test	1002208	804628	395888	RS_GCF_001054325.1;RS_GCF_001478765.1;RS_GCF_033128585.1;RS_GCF_036250655.1	Actinomycetota;Pseudomonadota;Campylobacterota;Spirochaetota	2488175;4893707;1777664;3459320	test	4	4	4	84.830001	80.28553	39.501654	39.501581	highly_fragmented	500-2000	1000-5000	500	0.8-1.2	random_per_contaminant_copy	30.0	1.0	5.0	0.3	0.15	0.6	0	42	4	46	1200516	
genome_215	215	21	5	7321005	set_C_clean	GB_GCA_005239865.1	Patescibacteriota	Bacteria	d__Bacteria;p__Patescibacteriota;c__Patescibacteriia;o__SBBC01;f__SBBC01;g__Microgenomatus_A;s__Microgenomatus_A auricola_A	test	1002208	1002208	539885	GB_GCA_905234865.1;RS_GCF_019836425.2	Cyanobacteriota;Bacillota	1866871;2432633	test	2	2	2	56.659431	100.0	53.869626	53.869556	high	10-50	100000-500000	5000	0.8-1.2	random_per_contaminant_copy	30.0	1.0	5.0	0.3	0.15	0.6	0	1	2	3	1542093	
genome_216	216	21	6	7321006	set_C_clean	GB_GCA_005239865.1	Patescibacteriota	Bacteria	d__Bacteria;p__Patescibacteriota;c__Patescibacteriia;o__SBBC01;f__SBBC01;g__Microgenomatus_A;s__Microgenomatus_A auricola_A	test	1002208	685865	685865	RS_GCF_020686745.1;RS_GCF_963920475.1;RS_GCF_013416235.1;RS_GCF_022385175.1;RS_GCF_900189595.1	Pseudomonadota;Cyanobacteriota;Pseudomonadota;Bacillota;Bacillota	5922599;3210252;5321447;4214154;2132037	test	5	5	5	62.753311	68.435395	90.143126	68.435395	highly_fragmented	500-2000	1000-5000	500	0.8-1.2	random_per_contaminant_copy	30.0	1.0	5.0	0.3	0.15	0.6	0	10	5	15	1371730	
genome_217	217	21	7	7321007	set_C_clean	GB_GCA_005239865.1	Patescibacteriota	Bacteria	d__Bacteria;p__Patescibacteriota;c__Patescibacteriia;o__SBBC01;f__SBBC01;g__Microgenomatus_A;s__Microgenomatus_A auricola_A	test	1002208	1002208	771746	RS_GCF_013520855.1	Bacillota	4280093	test	1	1	1	59.709925	100.0	77.004578	77.004574	high	10-50	100000-500000	5000	0.8-1.2	random_per_contaminant_copy	30.0	1.0	5.0	0.3	0.15	0.6	0	1	38	39	1773954	
genome_218	218	21	8	7321008	set_C_clean	GB_GCA_005239865.1	Patescibacteriota	Bacteria	d__Bacteria;p__Patescibacteriota;c__Patescibacteriia;o__SBBC01;f__SBBC01;g__Microgenomatus_A;s__Microgenomatus_A auricola_A	test	1002208	791441	341568	RS_GCF_900105415.1;RS_GCF_032601045.1;GB_GCA_900467185.1;RS_GCF_002278635.1;GB_GCA_963633945.1	Actinomycetota;Bacillota;Pseudomonadota;Bacillota;Bacteroidota	8876291;2581842;5037803;4125163;3236667	test	5	5	5	83.042276	78.969735	34.081571	34.081548	highly_fragmented	500-2000	1000-5000	500	0.8-1.2	random_per_contaminant_copy	30.0	1.0	5.0	0.3	0.15	0.6	0	81	13	94	1133009	
genome_219	219	21	9	7321009	set_C_clean	GB_GCA_005239865.1	Patescibacteriota	Bacteria	d__Bacteria;p__Patescibacteriota;c__Patescibacteriia;o__SBBC01;f__SBBC01;g__Microgenomatus_A;s__Microgenomatus_A auricola_A	test	1002208	760028	583302	RS_GCF_001190825.1;RS_GCF_928381535.1	Bacillota;Actinomycetota	2047957;2500827	test	2	2	2	76.481049	75.835356	58.201712	58.201691	highly_fragmented	500-2000	1000-5000	500	0.8-1.2	random_per_contaminant_copy	30.0	1.0	5.0	0.3	0.15	0.6	0	47	45	92	1343330	
genome_220	220	22	0	7322000	set_C_clean	GB_GCA_009994005.1	Patescibacteriota	Bacteria	d__Bacteria;p__Patescibacteriota;c__Gracilibacteria;o__UBA4473;f__UBA4473;g__JAACPJ01;s__JAACPJ01 sp009995455	test	1422573	1422573	987997	RS_GCF_000306235.2	Spirochaetota	4287324	test	1	1	1	60.641287	100.0	69.451463	69.45141	medium	50-200	20000-100000	2000	0.8-1.2	random_per_contaminant_copy	30.0	1.0	5.0	0.3	0.15	0.6	0	1	56	57	2410570	
genome_221	221	22	1	7322001	set_C_clean	GB_GCA_009994005.1	Patescibacteriota	Bacteria	d__Bacteria;p__Patescibacteriota;c__Gracilibacteria;o__UBA4473;f__UBA4473;g__JAACPJ01;s__JAACPJ01 sp009995455	test	1422573	1422573	761729	GB_GCA_001101005.1	Bacillota	2126489	test	1	1	1	86.303066	100.0	53.545883	53.545864	medium	50-200	20000-100000	2000	0.8-1.2	random_per_contaminant_copy	30.0	1.0	5.0	0.3	0.15	0.6	0	2	11	13	2184302	
genome_222	222	22	2	7322002	set_C_clean	GB_GCA_009994005.1	Patescibacteriota	Bacteria	d__Bacteria;p__Patescibacteriota;c__Gracilibacteria;o__UBA4473;f__UBA4473;g__JAACPJ01;s__JAACPJ01 sp009995455	test	1422573	1120038	587726	GB_GCA_946500295.1	Bacillota	2175498	test	1	1	1	60.027591	78.733253	41.31431	41.314295	high	10-50	100000-500000	5000	0.8-1.2	random_per_contaminant_copy	30.0	1.0	5.0	0.3	0.15	0.6	0	1	81	82	1707764	
genome_223	223	22	3	7322003	set_C_clean	GB_GCA_009994005.1	Patescibacteriota	Bacteria	d__Bacteria;p__Patescibacteriota;c__Gracilibacteria;o__UBA4473;f__UBA4473;g__JAACPJ01;s__JAACPJ01 sp009995455	test	1422573	1422573	1335430	RS_GCF_027270355.1;RS_GCF_905335825.2;GB_GCA_900470105.1;RS_GCF_036632415.1	Pseudomonadota;Pseudomonadota;Pseudomonadota;Bacillota	4304447;5785568;5677885;2727158	test	4	4	4	86.87567	100.0	93.874292	93.874269	high	10-50	100000-500000	5000	0.8-1.2	random_per_contaminant_copy	30.0	1.0	5.0	0.3	0.15	0.6	0	1	34	35	2758003	
genome_224	224	22	4	7322004	set_C_clean	GB_GCA_009994005.1	Patescibacteriota	Bacteria	d__Bacteria;p__Patescibacteriota;c__Gracilibacteria;o__UBA4473;f__UBA4473;g__JAACPJ01;s__JAACPJ01 sp009995455	test	1422573	1226471	177326	GB_GCA_948561775.1;RS_GCF_000262165.1;RS_GCF_913057865.1;RS_GCF_032489455.1;GB_GCA_009738575.1	Actinomycetota;Actinomycetota;Pseudomonadota;Pseudomonadota;Bacillota	2402717;5613626;4553077;7490194;6127422	test	5	5	5	89.360902	86.214978	12.46519	12.46516	medium	50-200	20000-100000	2000	0.8-1.2	random_per_contaminant_copy	30.0	1.0	5.0	0.3	0.15	0.6	0	3	2	5	1403797	
genome_225	225	22	5	7322005	set_C_clean	GB_GCA_009994005.1	Patescibacteriota	Bacteria	d__Bacteria;p__Patescibacteriota;c__Gracilibacteria;o__UBA4473;f__UBA4473;g__JAACPJ01;s__JAACPJ01 sp009995455	test	1422573	1234226	1091238	RS_GCF_900113095.1;GB_GCA_001771415.1;RS_GCF_001555325.1;RS_GCF_003636555.1	Actinomycetota;Margulisbacteria;Pseudomonadota;Campylobacterota	3831031;1721975;6240563;1597365	test	4	4	4	94.470398	86.760117	76.708756	76.708752	low	200-500	5000-20000	1000	0.8-1.2	random_per_contaminant_copy	30.0	1.0	5.0	0.3	0.15	0.6	0	36	35	71	2325464	
genome_226	226	22	6	7322006	set_C_clean	GB_GCA_009994005.1	Patescibacteriota	Bacteria	d__Bacteria;p__Patescibacteriota;c__Gracilibacteria;o__UBA4473;f__UBA4473;g__JAACPJ01;s__JAACPJ01 sp009995455	test	1422573	744428	744427	GB_GCA_035408625.1;RS_GCF_900018465.1;RS_GCF_014211975.1;RS_GCF_948968145.1	Acidobacteriota;Bacillota;Pseudomonadota;Bacteroidota	3779166;2067874;4915572;2480933	test	4	4	4	52.782691	52.329687	61.036027	52.329617	highly_fragmented	500-2000	1000-5000	500	0.8-1.2	random_per_contaminant_copy	30.0	1.0	5.0	0.3	0.15	0.6	0	41	16	57	1488855	
genome_227	227	22	7	7322007	set_C_clean	GB_GCA_009994005.1	Patescibacteriota	Bacteria	d__Bacteria;p__Patescibacteriota;c__Gracilibacteria;o__UBA4473;f__UBA4473;g__JAACPJ01;s__JAACPJ01 sp009995455	test	1422573	1038641	239476	RS_GCF_012273375.1;RS_GCF_015694725.1;RS_GCF_000591515.1	Bacillota;Bacteroidota;Pseudomonadota	5227345;5192601;5213752	test	3	3	3	99.428175	73.011438	16.834037	16.834004	low	200-500	5000-20000	1000	0.8-1.2	random_per_contaminant_copy	30.0	1.0	5.0	0.3	0.15	0.6	0	10	3	13	1278117	
genome_228	228	22	8	7322008	set_C_clean	GB_GCA_009994005.1	Patescibacteriota	Bacteria	d__Bacteria;p__Patescibacteriota;c__Gracilibacteria;o__UBA4473;f__UBA4473;g__JAACPJ01;s__JAACPJ01 sp009995455	test	1422573	1422573	642867	RS_GCF_003259505.1;RS_GCF_037148555.1	Bacteroidota;Actinomycetota	4976181;3441445	test	2	2	2	77.223016	100.0	45.190471	45.19044	high	10-50	100000-500000	5000	0.8-1.2	random_per_contaminant_copy	30.0	1.0	5.0	0.3	0.15	0.6	0	1	2	3	2065440	
genome_229	229	22	9	7322009	set_C_clean	GB_GCA_009994005.1	Patescibacteriota	Bacteria	d__Bacteria;p__Patescibacteriota;c__Gracilibacteria;o__UBA4473;f__UBA4473;g__JAACPJ01;s__JAACPJ01 sp009995455	test	1422573	1422573	976126	RS_GCF_000815205.1;RS_GCF_040932495.1;RS_GCF_040092535.1;GB_GCA_963540805.1	Bacillota;Pseudomonadota;Bacteroidota;Bacteroidota	2872781;5760942;3165073;1825144	test	4	4	4	84.671208	100.0	76.631524	68.616936	medium	50-200	20000-100000	2000	0.8-1.2	random_per_contaminant_copy	30.0	1.0	5.0	0.3	0.15	0.6	0	1	133	134	2398699	
genome_230	230	23	0	7323000	set_C_clean	GB_GCA_013100845.1	Patescibacteriota	Bacteria	d__Bacteria;p__Patescibacteriota;c__Saccharimonadia;o__Saccharimonadales;f__Nanosynbacteraceae;g__Nanosynbacter;s__Nanosynbacter sp005697215	test	847999	847999	355088	RS_GCF_029813255.1;RS_GCF_015101695.1;RS_GCF_040267745.1;RS_GCF_000670515.1	Chlamydiota;Bacillota;Bacillota;Actinomycetota	1179337;2814465;3521380;4404127	test	4	4	4	83.921168	100.0	41.873691	41.873634	medium	50-200	20000-100000	2000	0.8-1.2	random_per_contaminant_copy	30.0	1.0	5.0	0.3	0.15	0.6	0	2	11	13	1203087	
genome_231	231	23	1	7323001	set_C_clean	GB_GCA_013100845.1	Patescibacteriota	Bacteria	d__Bacteria;p__Patescibacteriota;c__Saccharimonadia;o__Saccharimonadales;f__Nanosynbacteraceae;g__Nanosynbacter;s__Nanosynbacter sp005697215	test	847999	721530	382422	GB_GCA_948960065.1	Pseudomonadota	1798795	test	1	1	1	93.846687	85.086185	45.097035	45.096987	highly_fragmented	500-2000	1000-5000	500	0.8-1.2	random_per_contaminant_copy	30.0	1.0	5.0	0.3	0.15	0.6	0	76	1	77	1103952	
genome_232	232	23	2	7323002	set_C_clean	GB_GCA_013100845.1	Patescibacteriota	Bacteria	d__Bacteria;p__Patescibacteriota;c__Saccharimonadia;o__Saccharimonadales;f__Nanosynbacteraceae;g__Nanosynbacter;s__Nanosynbacter sp005697215	test	847999	721540	360987	RS_GCF_038448525.1	Pseudomonadota	4030369	test	1	1	1	83.20554	85.087364	69.053714	42.569272	highly_fragmented	500-2000	1000-5000	500	0.8-1.2	random_per_contaminant_copy	30.0	1.0	5.0	0.3	0.15	0.6	0	10	1	11	1082527	
genome_233	233	23	3	7323003	set_C_clean	GB_GCA_013100845.1	Patescibacteriota	Bacteria	d__Bacteria;p__Patescibacteriota;c__Saccharimonadia;o__Saccharimonadales;f__Nanosynbacteraceae;g__Nanosynbacter;s__Nanosynbacter sp005697215	test	847999	677530	677530	GB_GCA_948502805.1;RS_GCF_017571865.1	Bacteroidota;Pseudomonadota	2889248;4727396	test	2	2	2	95.636866	79.8975	97.941991	79.8975	highly_fragmented	500-2000	1000-5000	500	0.8-1.2	random_per_contaminant_copy	30.0	1.0	5.0	0.3	0.15	0.6	0	31	10	41	1355060	
genome_234	234	23	4	7323004	set_C_clean	GB_GCA_013100845.1	Patescibacteriota	Bacteria	d__Bacteria;p__Patescibacteriota;c__Saccharimonadia;o__Saccharimonadales;f__Nanosynbacteraceae;g__Nanosynbacter;s__Nanosynbacter sp005697215	test	847999	634312	179588	RS_GCF_002800445.1;RS_GCF_946228775.1;RS_GCF_036219725.1;RS_GCF_021727385.1;RS_GCF_038006605.1	Actinomycetota;Pseudomonadota;Bacillota;Pseudomonadota;Bacillota	5280104;5321316;2911177;5498852;2785864	test	5	5	5	67.105778	74.801032	21.177939	21.177855	low	200-500	5000-20000	1000	0.8-1.2	random_per_contaminant_copy	30.0	1.0	5.0	0.3	0.15	0.6	0	3	3	6	813900	
genome_235	235	23	5	7323005	set_C_clean	GB_GCA_013100845.1	Patescibacteriota	Bacteria	d__Bacteria;p__Patescibacteriota;c__Saccharimonadia;o__Saccharimonadales;f__Nanosynbacteraceae;g__Nanosynbacter;s__Nanosynbacter sp005697215	test	847999	847999	656568	RS_GCF_016495405.1;RS_GCF_004107265.1;RS_GCF_000817975.1;RS_GCF_017307435.1;RS_GCF_003445415.1	Pseudomonadota;Actinomycetota;Pseudomonadota;Pseudomonadota;Pseudomonadota	4209007;4351917;5192286;6729370;7191106	test	5	5	5	89.869219	100.0	77.425618	77.425563	high	10-50	100000-500000	5000	0.8-1.2	random_per_contaminant_copy	30.0	1.0	5.0	0.3	0.15	0.6	0	1	19	20	1504567	
genome_236	236	23	6	7323006	set_C_clean	GB_GCA_013100845.1	Patescibacteriota	Bacteria	d__Bacteria;p__Patescibacteriota;c__Saccharimonadia;o__Saccharimonadales;f__Nanosynbacteraceae;g__Nanosynbacter;s__Nanosynbacter sp005697215	test	847999	711772	711772	RS_GCF_020790155.1;RS_GCF_038440555.1;RS_GCF_023001425.1;GB_GCA_036670265.1;GB_GCA_946486795.1	Bacillota;Campylobacterota;Pseudomonadota;Bacillota;Bacillota	2880305;1681745;3890734;1763109;2003307	test	5	5	5	85.089027	83.935476	90.161098	83.935476	highly_fragmented	500-2000	1000-5000	500	0.8-1.2	random_per_contaminant_copy	30.0	1.0	5.0	0.3	0.15	0.6	0	96	5	101	1423544	
genome_237	237	23	7	7323007	set_C_clean	GB_GCA_013100845.1	Patescibacteriota	Bacteria	d__Bacteria;p__Patescibacteriota;c__Saccharimonadia;o__Saccharimonadales;f__Nanosynbacteraceae;g__Nanosynbacter;s__Nanosynbacter sp005697215	test	847999	451219	451219	GB_GCA_948806755.1	Bacillota	2171570	test	1	1	1	65.143529	53.20985	69.710095	53.20985	low	200-500	5000-20000	1000	0.8-1.2	random_per_contaminant_copy	30.0	1.0	5.0	0.3	0.15	0.6	0	4	8	12	902438	
genome_238	238	23	8	7323008	set_C_clean	GB_GCA_013100845.1	Patescibacteriota	Bacteria	d__Bacteria;p__Patescibacteriota;c__Saccharimonadia;o__Saccharimonadales;f__Nanosynbacteraceae;g__Nanosynbacter;s__Nanosynbacter sp005697215	test	847999	847999	781068	GB_GCA_947653985.1;RS_GCF_023130495.1	Bacillota;Pseudomonadota	2541417;3038749	test	2	2	2	67.670295	100.0	92.107264	92.107184	medium	50-200	20000-100000	2000	0.8-1.2	random_per_contaminant_copy	30.0	1.0	5.0	0.3	0.15	0.6	0	1	3	4	1629067	
genome_239	239	23	9	7323009	set_C_clean	GB_GCA_013100845.1	Patescibacteriota	Bacteria	d__Bacteria;p__Patescibacteriota;c__Saccharimonadia;o__Saccharimonadales;f__Nanosynbacteraceae;g__Nanosynbacter;s__Nanosynbacter sp005697215	test	847999	847999	226453	RS_GCF_021547185.1;GB_GCA_029210625.1;RS_GCF_026183915.1;GB_GCA_017559905.1	Pseudomonadota;Myxococcota;Pseudomonadota;Cyanobacteriota	4972018;6114754;5152010;1840523	test	4	4	4	58.926661	100.0	26.704508	26.704395	low	200-500	5000-20000	1000	0.8-1.2	random_per_contaminant_copy	30.0	1.0	5.0	0.3	0.15	0.6	0	3	3	6	1074452	
genome_240	240	24	0	7324000	set_C_clean	GB_GCA_015663315.1	Patescibacteriota	Bacteria	d__Bacteria;p__Patescibacteriota;c__Saccharimonadia;o__Saccharimonadales;f__DTSZ01;g__DTSZ01;s__DTSZ01 sp012965045	test	908873	908873	684937	GB_GCA_938029075.1	Bacillota	2311339	test	1	1	1	89.611694	100.0	75.36116	75.361134	medium	50-200	20000-100000	2000	0.8-1.2	random_per_contaminant_copy	30.0	1.0	5.0	0.3	0.15	0.6	0	1	1	2	1593810	
genome_241	241	24	1	7324001	set_C_clean	GB_GCA_015663315.1	Patescibacteriota	Bacteria	d__Bacteria;p__Patescibacteriota;c__Saccharimonadia;o__Saccharimonadales;f__DTSZ01;g__DTSZ01;s__DTSZ01 sp012965045	test	908873	908873	123109	RS_GCF_003472325.1;RS_GCF_000395095.1;RS_GCF_030063205.1;RS_GCF_007896855.1	Actinomycetota;Bacillota;Actinomycetota;Pseudomonadota	2272537;3030328;3792603;6955100	test	4	4	4	62.960241	100.0	13.545305	13.545237	high	10-50	100000-500000	5000	0.8-1.2	random_per_contaminant_copy	30.0	1.0	5.0	0.3	0.15	0.6	0	1	3	4	1031982	
genome_242	242	24	2	7324002	set_C_clean	GB_GCA_015663315.1	Patescibacteriota	Bacteria	d__Bacteria;p__Patescibacteriota;c__Saccharimonadia;o__Saccharimonadales;f__DTSZ01;g__DTSZ01;s__DTSZ01 sp012965045	test	908873	908873	242552	RS_GCF_002863865.1;GB_GCA_900456215.1;RS_GCF_945873965.1	Pseudomonadota;Pseudomonadota;Methanobacteriota	4914503;4704950;1712501	test	3	3	3	75.385142	100.0	26.687158	26.687117	high	10-50	100000-500000	5000	0.8-1.2	random_per_contaminant_copy	30.0	1.0	5.0	0.3	0.15	0.6	0	1	2	3	1151425	
genome_243	243	24	3	7324003	set_C_clean	GB_GCA_015663315.1	Patescibacteriota	Bacteria	d__Bacteria;p__Patescibacteriota;c__Saccharimonadia;o__Saccharimonadales;f__DTSZ01;g__DTSZ01;s__DTSZ01 sp012965045	test	908873	690613	394425	GB_GCA_949066035.1;RS_GCF_026460255.1;RS_GCF_018383435.1;RS_GCF_903812705.1;GB_GCA_001411945.1	Bacteroidota;Pseudomonadota;Pseudomonadota;Pseudomonadota;Pseudomonadota	2689441;4626161;6117599;6091743;3719274	test	5	5	5	89.410522	75.985644	43.397262	43.397152	highly_fragmented	500-2000	1000-5000	500	0.8-1.2	random_per_contaminant_copy	30.0	1.0	5.0	0.3	0.15	0.6	0	69	2	71	1085038	
genome_244	244	24	4	7324004	set_C_clean	GB_GCA_015663315.1	Patescibacteriota	Bacteria	d__Bacteria;p__Patescibacteriota;c__Saccharimonadia;o__Saccharimonadales;f__DTSZ01;g__DTSZ01;s__DTSZ01 sp012965045	test	908873	857098	364432	RS_GCF_018364815.1;GB_GCA_949072305.1;RS_GCF_008658315.1	Bacillota;Bacteroidota;Bacillota	2058324;2569528;2451186	test	3	3	3	96.424188	94.303385	50.205646	40.097131	low	200-500	5000-20000	1000	0.8-1.2	random_per_contaminant_copy	30.0	1.0	5.0	0.3	0.15	0.6	0	12	6	18	1221530	
genome_245	245	24	5	7324005	set_C_clean	GB_GCA_015663315.1	Patescibacteriota	Bacteria	d__Bacteria;p__Patescibacteriota;c__Saccharimonadia;o__Saccharimonadales;f__DTSZ01;g__DTSZ01;s__DTSZ01 sp012965045	test	908873	508656	508656	RS_GCF_003718655.1;RS_GCF_003444685.1;RS_GCF_018419215.1;RS_GCF_023646515.1	Pseudomonadota;Pseudomonadota;Bacillota;Pseudomonadota	5000389;4246542;2042740;5548179	test	4	4	4	67.81802	55.965575	70.313747	55.965575	medium	50-200	20000-100000	2000	0.8-1.2	random_per_contaminant_copy	30.0	1.0	5.0	0.3	0.15	0.6	0	2	2	4	1017312	
genome_246	246	24	6	7324006	set_C_clean	GB_GCA_015663315.1	Patescibacteriota	Bacteria	d__Bacteria;p__Patescibacteriota;c__Saccharimonadia;o__Saccharimonadales;f__DTSZ01;g__DTSZ01;s__DTSZ01 sp012965045	test	908873	751814	559212	GB_GCA_963596405.1;RS_GCF_000729705.1;RS_GCF_040786145.1;RS_GCF_009193325.2;RS_GCF_001538985.1	Bacteroidota;Bacillota;Bacteroidota;Bacteroidota;Pseudomonadota	2421371;3060040;3946774;5320612;5002818	test	5	5	5	94.30737	82.719368	61.528139	61.528068	highly_fragmented	500-2000	1000-5000	500	0.8-1.2	random_per_contaminant_copy	30.0	1.0	5.0	0.3	0.15	0.6	0	71	17	88	1311026	
genome_247	247	24	7	7324007	set_C_clean	GB_GCA_015663315.1	Patescibacteriota	Bacteria	d__Bacteria;p__Patescibacteriota;c__Saccharimonadia;o__Saccharimonadales;f__DTSZ01;g__DTSZ01;s__DTSZ01 sp012965045	test	908873	522946	522946	GB_GCA_900467835.1;RS_GCF_028599155.1;RS_GCF_002804425.1	Pseudomonadota;Pseudomonadota;Campylobacterota	5601108;4458517;1781831	test	3	3	3	52.494146	57.537852	69.284392	57.537852	highly_fragmented	500-2000	1000-5000	500	0.8-1.2	random_per_contaminant_copy	30.0	1.0	5.0	0.3	0.15	0.6	0	10	1	11	1045892	
genome_248	248	24	8	7324008	set_C_clean	GB_GCA_015663315.1	Patescibacteriota	Bacteria	d__Bacteria;p__Patescibacteriota;c__Saccharimonadia;o__Saccharimonadales;f__DTSZ01;g__DTSZ01;s__DTSZ01 sp012965045	test	908873	908873	623119	RS_GCF_030545535.1;RS_GCF_004832695.1;GB_GCA_943914465.1;RS_GCF_024701415.1	Bacteroidota;Pseudomonadota;Actinomycetota;Bacillota	6240291;5516955;2245914;4522024	test	4	4	4	95.958411	100.0	68.64367	68.559524	medium	50-200	20000-100000	2000	0.8-1.2	random_per_contaminant_copy	30.0	1.0	5.0	0.3	0.15	0.6	0	2	10	12	1531992	
genome_249	249	24	9	7324009	set_C_clean	GB_GCA_015663315.1	Patescibacteriota	Bacteria	d__Bacteria;p__Patescibacteriota;c__Saccharimonadia;o__Saccharimonadales;f__DTSZ01;g__DTSZ01;s__DTSZ01 sp012965045	test	908873	908873	62110	RS_GCF_900445975.1;RS_GCF_040679455.1	Spirochaetota;Actinomycetota	2719278;10953397	test	2	2	2	68.334634	100.0	6.833778	6.833738	medium	50-200	20000-100000	2000	0.8-1.2	random_per_contaminant_copy	30.0	1.0	5.0	0.3	0.15	0.6	0	1	2	3	970983	
genome_250	250	25	0	7325000	set_C_clean	GB_GCA_016181845.1	Patescibacteriota	Bacteria	d__Bacteria;p__Patescibacteriota;c__Minisyncoccia;o__UBA9973;f__21-14-all-47-15;g__JACROH01;s__JACROH01 sp016181845	test	741763	530837	486586	RS_GCF_016919485.1;GB_GCA_040793675.1	Cyanobacteriota;Pseudomonadota	5490383;4323907	test	2	2	2	63.799846	71.564233	89.706333	65.598581	low	200-500	5000-20000	1000	0.8-1.2	random_per_contaminant_copy	30.0	1.0	5.0	0.3	0.15	0.6	0	6	4	10	1017423	
genome_251	251	25	1	7325001	set_C_clean	GB_GCA_016181845.1	Patescibacteriota	Bacteria	d__Bacteria;p__Patescibacteriota;c__Minisyncoccia;o__UBA9973;f__21-14-all-47-15;g__JACROH01;s__JACROH01 sp016181845	test	741763	540536	218622	RS_GCF_963535985.1;RS_GCF_963889515.1	Actinomycetota;Pseudomonadota	2276911;5278385	test	2	2	2	58.972195	72.871793	29.473397	29.473295	high	10-50	100000-500000	5000	0.8-1.2	random_per_contaminant_copy	30.0	1.0	5.0	0.3	0.15	0.6	0	1	99	100	759158	
genome_252	252	25	2	7325002	set_C_clean	GB_GCA_016181845.1	Patescibacteriota	Bacteria	d__Bacteria;p__Patescibacteriota;c__Minisyncoccia;o__UBA9973;f__21-14-all-47-15;g__JACROH01;s__JACROH01 sp016181845	test	741763	377367	277018	GB_GCA_948501055.1;RS_GCF_002768215.1	Bacteroidota;Bacillota	2737573;2600252	test	2	2	2	51.305916	50.874336	37.345987	37.345891	low	200-500	5000-20000	1000	0.8-1.2	random_per_contaminant_copy	30.0	1.0	5.0	0.3	0.15	0.6	0	4	1	5	654385	
genome_253	253	25	3	7325003	set_C_clean	GB_GCA_016181845.1	Patescibacteriota	Bacteria	d__Bacteria;p__Patescibacteriota;c__Minisyncoccia;o__UBA9973;f__21-14-all-47-15;g__JACROH01;s__JACROH01 sp016181845	test	741763	656663	240493	RS_GCF_041326215.1	Bacillota	2405630	test	1	1	1	90.203126	88.527333	32.421921	32.421811	highly_fragmented	500-2000	1000-5000	500	0.8-1.2	random_per_contaminant_copy	30.0	1.0	5.0	0.3	0.15	0.6	0	7	1	8	897156	
genome_254	254	25	4	7325004	set_C_clean	GB_GCA_016181845.1	Patescibacteriota	Bacteria	d__Bacteria;p__Patescibacteriota;c__Minisyncoccia;o__UBA9973;f__21-14-all-47-15;g__JACROH01;s__JACROH01 sp016181845	test	741763	587061	57161	RS_GCF_003994465.1;RS_GCF_017641005.1;RS_GCF_900084985.1;GB_GCA_013824085.1;RS_GCF_011037245.1	Bacillota;Bacteroidota;Pseudomonadota;Bacteroidota_A;Pseudomonadota	4401636;3143021;5384410;2654925;5431585	test	5	5	5	79.613057	79.144012	7.706198	7.7061	low	200-500	5000-20000	1000	0.8-1.2	random_per_contaminant_copy	30.0	1.0	5.0	0.3	0.15	0.6	0	9	1	10	644222	
genome_255	255	25	5	7325005	set_C_clean	GB_GCA_016181845.1	Patescibacteriota	Bacteria	d__Bacteria;p__Patescibacteriota;c__Minisyncoccia;o__UBA9973;f__21-14-all-47-15;g__JACROH01;s__JACROH01 sp016181845	test	741763	741763	276784	RS_GCF_022923915.1;RS_GCF_040187805.1;RS_GCF_001150765.1;RS_GCF_003310345.1	Campylobacterota;Pseudomonadota;Pseudomonadota;Bacillota	1572908;5765539;2141032;2793175	test	4	4	4	75.869706	100.0	37.314394	37.314344	medium	50-200	20000-100000	2000	0.8-1.2	random_per_contaminant_copy	30.0	1.0	5.0	0.3	0.15	0.6	0	1	5	6	1018547	
genome_256	256	25	6	7325006	set_C_clean	GB_GCA_016181845.1	Patescibacteriota	Bacteria	d__Bacteria;p__Patescibacteriota;c__Minisyncoccia;o__UBA9973;f__21-14-all-47-15;g__JACROH01;s__JACROH01 sp016181845	test	741763	399298	399298	RS_GCF_000006985.1;RS_GCF_900115015.1;RS_GCF_036621015.1	Bacteroidota_A;Bacteroidota;Bacillota	2154946;3265911;5444530	test	3	3	3	53.736027	53.830941	57.924261	53.830941	highly_fragmented	500-2000	1000-5000	500	0.8-1.2	random_per_contaminant_copy	30.0	1.0	5.0	0.3	0.15	0.6	0	15	2	17	798596	
genome_257	257	25	7	7325007	set_C_clean	GB_GCA_016181845.1	Patescibacteriota	Bacteria	d__Bacteria;p__Patescibacteriota;c__Minisyncoccia;o__UBA9973;f__21-14-all-47-15;g__JACROH01;s__JACROH01 sp016181845	test	741763	595686	275096	RS_GCF_040689305.1;GB_GCA_035798115.1;RS_GCF_019734715.1;RS_GCF_001885835.1;RS_GCF_002572575.1	Actinomycetota;Bacteroidota;Campylobacterota;Bacillota;Actinomycetota	8494468;3637598;1776828;2490820;2480279	test	5	5	5	87.53425	80.306783	37.086799	37.086778	highly_fragmented	500-2000	1000-5000	500	0.8-1.2	random_per_contaminant_copy	30.0	1.0	5.0	0.3	0.15	0.6	0	33	1	34	870782	
genome_258	258	25	8	7325008	set_C_clean	GB_GCA_016181845.1	Patescibacteriota	Bacteria	d__Bacteria;p__Patescibacteriota;c__Minisyncoccia;o__UBA9973;f__21-14-all-47-15;g__JACROH01;s__JACROH01 sp016181845	test	741763	456440	131709	GB_GCA_022786825.1;RS_GCF_040370605.1	Verrucomicrobiota;Pseudomonadota	2786633;4819236	test	2	2	2	55.236856	61.534479	70.23	17.756211	medium	50-200	20000-100000	2000	0.8-1.2	random_per_contaminant_copy	30.0	1.0	5.0	0.3	0.15	0.6	0	2	2	4	588149	
genome_259	259	25	9	7325009	set_C_clean	GB_GCA_016181845.1	Patescibacteriota	Bacteria	d__Bacteria;p__Patescibacteriota;c__Minisyncoccia;o__UBA9973;f__21-14-all-47-15;g__JACROH01;s__JACROH01 sp016181845	test	741763	511760	485210	RS_GCF_026008055.1;RS_GCF_018128925.1;RS_GCF_002998595.1;GB_GCA_017656255.1	Pseudomonadota;Thermoproteota;Pseudomonadota;Bacillota	5683016;1645909;1805716;3411620	test	4	4	4	58.427567	68.992387	65.413206	65.413077	low	200-500	5000-20000	1000	0.8-1.2	random_per_contaminant_copy	30.0	1.0	5.0	0.3	0.15	0.6	0	4	6	10	996970	
genome_260	260	26	0	7326000	set_C_clean	GB_GCA_016181965.1	Patescibacteriota	Bacteria	d__Bacteria;p__Patescibacteriota;c__Minisyncoccia;o__Minisyncoccales;f__MHMH01;g__JACOYH01;s__JACOYH01 sp016181965	test	603342	603342	209171	GB_GCA_963611825.1;RS_GCF_002202675.1	Bacillota;Actinomycetota	1995253;2364193	test	2	2	2	91.497397	100.0	87.290963	34.668729	medium	50-200	20000-100000	2000	0.8-1.2	random_per_contaminant_copy	30.0	1.0	5.0	0.3	0.15	0.6	0	1	2	3	812513	
genome_261	261	26	1	7326001	set_C_clean	GB_GCA_016181965.1	Patescibacteriota	Bacteria	d__Bacteria;p__Patescibacteriota;c__Minisyncoccia;o__Minisyncoccales;f__MHMH01;g__JACOYH01;s__JACOYH01 sp016181965	test	603342	462308	452285	RS_GCF_005381665.1;RS_GCF_040578225.1;RS_GCF_019731355.1	Pseudomonadota;Bacillota;Bacillota	4885047;2723882;3750819	test	3	3	3	70.944004	76.624535	74.96331	74.963288	low	200-500	5000-20000	1000	0.8-1.2	random_per_contaminant_copy	30.0	1.0	5.0	0.3	0.15	0.6	0	5	2	7	914593	
genome_262	262	26	2	7326002	set_C_clean	GB_GCA_016181965.1	Patescibacteriota	Bacteria	d__Bacteria;p__Patescibacteriota;c__Minisyncoccia;o__Minisyncoccales;f__MHMH01;g__JACOYH01;s__JACOYH01 sp016181965	test	603342	603342	34895	RS_GCF_030403335.1;RS_GCF_007831375.1	Bacillota;Bacillota	1993736;4380877	test	2	2	2	85.575846	100.0	5.783734	5.783619	low	200-500	5000-20000	1000	0.8-1.2	random_per_contaminant_copy	30.0	1.0	5.0	0.3	0.15	0.6	0	4	1	5	638237	
genome_263	263	26	3	7326003	set_C_clean	GB_GCA_016181965.1	Patescibacteriota	Bacteria	d__Bacteria;p__Patescibacteriota;c__Minisyncoccia;o__Minisyncoccales;f__MHMH01;g__JACOYH01;s__JACOYH01 sp016181965	test	603342	603342	144190	RS_GCF_035797235.1	Pseudomonadota	4940858	test	1	1	1	94.782132	100.0	23.898677	23.898552	high	10-50	100000-500000	5000	0.8-1.2	random_per_contaminant_copy	30.0	1.0	5.0	0.3	0.15	0.6	0	1	15	16	747532	
genome_264	264	26	4	7326004	set_C_clean	GB_GCA_016181965.1	Patescibacteriota	Bacteria	d__Bacteria;p__Patescibacteriota;c__Minisyncoccia;o__Minisyncoccales;f__MHMH01;g__JACOYH01;s__JACOYH01 sp016181965	test	603342	312506	312506	RS_GCF_903812705.1;RS_GCF_000551505.1;RS_GCF_011037245.1;RS_GCF_900058605.1	Pseudomonadota;Bacillota;Pseudomonadota;Pseudomonadota	6091743;2897480;5431585;3538163	test	4	4	4	50.586356	51.795831	93.539017	51.795831	highly_fragmented	500-2000	1000-5000	500	0.8-1.2	random_per_contaminant_copy	30.0	1.0	5.0	0.3	0.15	0.6	0	13	4	17	625012	
genome_265	265	26	5	7326005	set_C_clean	GB_GCA_016181965.1	Patescibacteriota	Bacteria	d__Bacteria;p__Patescibacteriota;c__Minisyncoccia;o__Minisyncoccales;f__MHMH01;g__JACOYH01;s__JACOYH01 sp016181965	test	603342	603342	121354	RS_GCF_041199825.1;RS_GCF_037100415.1;RS_GCF_030127585.1	Bacillota;Pseudomonadota;Bacillota	2984154;7249755;1679245	test	3	3	3	92.980027	100.0	20.113729	20.113634	medium	50-200	20000-100000	2000	0.8-1.2	random_per_contaminant_copy	30.0	1.0	5.0	0.3	0.15	0.6	0	1	2	3	724696	
genome_266	266	26	6	7326006	set_C_clean	GB_GCA_016181965.1	Patescibacteriota	Bacteria	d__Bacteria;p__Patescibacteriota;c__Minisyncoccia;o__Minisyncoccales;f__MHMH01;g__JACOYH01;s__JACOYH01 sp016181965	test	603342	335910	219555	RS_GCF_016618175.1;RS_GCF_000661505.1	Pseudomonadota;Actinomycetota	5496148;4402940	test	2	2	2	50.626896	55.674891	36.389936	36.389809	low	200-500	5000-20000	1000	0.8-1.2	random_per_contaminant_copy	30.0	1.0	5.0	0.3	0.15	0.6	0	2	22	24	555465	
genome_267	267	26	7	7326007	set_C_clean	GB_GCA_016181965.1	Patescibacteriota	Bacteria	d__Bacteria;p__Patescibacteriota;c__Minisyncoccia;o__Minisyncoccales;f__MHMH01;g__JACOYH01;s__JACOYH01 sp016181965	test	603342	504345	340956	RS_GCF_024105055.1;RS_GCF_000557965.1	Actinomycetota;Bacillota	2643900;2887012	test	2	2	2	79.51159	83.591893	56.511379	56.511232	medium	50-200	20000-100000	2000	0.8-1.2	random_per_contaminant_copy	30.0	1.0	5.0	0.3	0.15	0.6	0	1	24	25	845301	
genome_268	268	26	8	7326008	set_C_clean	GB_GCA_016181965.1	Patescibacteriota	Bacteria	d__Bacteria;p__Patescibacteriota;c__Minisyncoccia;o__Minisyncoccales;f__MHMH01;g__JACOYH01;s__JACOYH01 sp016181965	test	603342	390648	346675	RS_GCF_001879545.1;RS_GCF_000687895.1	Bacillota;Deinococcota	2719261;3240710	test	2	2	2	62.363669	64.747357	57.45927	57.459119	medium	50-200	20000-100000	2000	0.8-1.2	random_per_contaminant_copy	30.0	1.0	5.0	0.3	0.15	0.6	0	4	83	87	737323	
genome_269	269	26	9	7326009	set_C_clean	GB_GCA_016181965.1	Patescibacteriota	Bacteria	d__Bacteria;p__Patescibacteriota;c__Minisyncoccia;o__Minisyncoccales;f__MHMH01;g__JACOYH01;s__JACOYH01 sp016181965	test	603342	603342	19021	RS_GCF_017498485.1	Bacteroidota	3890129	test	1	1	1	62.821255	100.0	3.44077	3.152607	high	10-50	100000-500000	5000	0.8-1.2	random_per_contaminant_copy	30.0	1.0	5.0	0.3	0.15	0.6	0	1	2	3	622363	
genome_270	270	27	0	7327000	set_C_clean	GB_GCA_016186485.1	Patescibacteriota	Bacteria	d__Bacteria;p__Patescibacteriota;c__Minisyncoccia;o__Minisyncoccales;f__UBA6532;g__JACPLN01;s__JACPLN01 sp016186485	test	686960	686960	276273	RS_GCF_030003115.1;RS_GCF_000307795.1;RS_GCF_001636425.1	Pseudomonadota;Campylobacterota;Bacillota	4464587;1667892;5138363	test	3	3	3	96.498892	100.0	40.216768	40.216752	high	10-50	100000-500000	5000	0.8-1.2	random_per_contaminant_copy	30.0	1.0	5.0	0.3	0.15	0.6	0	1	2	3	963233	
genome_271	271	27	1	7327001	set_C_clean	GB_GCA_016186485.1	Patescibacteriota	Bacteria	d__Bacteria;p__Patescibacteriota;c__Minisyncoccia;o__Minisyncoccales;f__UBA6532;g__JACPLN01;s__JACPLN01 sp016186485	test	686960	469199	266867	RS_GCF_001885985.1;RS_GCF_020256285.1;RS_GCF_039619745.1	Bacillota;Bacteroidota;Bacillota	3519111;5888343;3640633	test	3	3	3	70.68009	68.300774	38.847588	38.847531	low	200-500	5000-20000	1000	0.8-1.2	random_per_contaminant_copy	30.0	1.0	5.0	0.3	0.15	0.6	0	9	1	10	736066	
genome_272	272	27	2	7327002	set_C_clean	GB_GCA_016186485.1	Patescibacteriota	Bacteria	d__Bacteria;p__Patescibacteriota;c__Minisyncoccia;o__Minisyncoccales;f__UBA6532;g__JACPLN01;s__JACPLN01 sp016186485	test	686960	686960	21452	RS_GCF_016807405.1;RS_GCF_000017145.1;RS_GCF_946222665.1;RS_GCF_001154105.1;GB_GCA_949299495.1	Campylobacterota;Pseudomonadota;Actinomycetota;Bacillota;Desulfobacterota_I	1624336;6817576;2444399;2050620;2884812	test	5	5	5	80.348303	100.0	3.122864	3.122744	medium	50-200	20000-100000	2000	0.8-1.2	random_per_contaminant_copy	30.0	1.0	5.0	0.3	0.15	0.6	0	1	1	2	708412	
genome_273	273	27	3	7327003	set_C_clean	GB_GCA_016186485.1	Patescibacteriota	Bacteria	d__Bacteria;p__Patescibacteriota;c__Minisyncoccia;o__Minisyncoccales;f__UBA6532;g__JACPLN01;s__JACPLN01 sp016186485	test	686960	480903	389574	RS_GCF_003976595.1;RS_GCF_900249855.1	Pseudomonadota;Pseudomonadota	6564956;6528362	test	2	2	2	68.886691	70.004513	56.709924	56.709852	low	200-500	5000-20000	1000	0.8-1.2	random_per_contaminant_copy	30.0	1.0	5.0	0.3	0.15	0.6	0	6	29	35	870477	
genome_274	274	27	4	7327004	set_C_clean	GB_GCA_016186485.1	Patescibacteriota	Bacteria	d__Bacteria;p__Patescibacteriota;c__Minisyncoccia;o__Minisyncoccales;f__UBA6532;g__JACPLN01;s__JACPLN01 sp016186485	test	686960	686960	143811	RS_GCF_002025445.1;RS_GCF_008361005.1;GB_GCA_948684105.1;RS_GCF_010119915.1	Cyanobacteriota;Pseudomonadota;Verrucomicrobiota;Actinomycetota	5889430;4910372;2613378;4492978	test	4	4	4	82.383245	100.0	20.934519	20.934407	high	10-50	100000-500000	5000	0.8-1.2	random_per_contaminant_copy	30.0	1.0	5.0	0.3	0.15	0.6	0	1	6	7	830771	
genome_275	275	27	5	7327005	set_C_clean	GB_GCA_016186485.1	Patescibacteriota	Bacteria	d__Bacteria;p__Patescibacteriota;c__Minisyncoccia;o__Minisyncoccales;f__UBA6532;g__JACPLN01;s__JACPLN01 sp016186485	test	686960	686960	16217	GB_GCA_934872375.1;RS_GCF_022496295.1;RS_GCF_903986055.1;RS_GCF_037099845.1	Bacillota;Actinomycetota;Actinomycetota;Bacillota	2439648;2077189;2437455;3392304	test	4	4	4	94.121029	100.0	2.360811	2.360691	high	10-50	100000-500000	5000	0.8-1.2	random_per_contaminant_copy	30.0	1.0	5.0	0.3	0.15	0.6	0	1	1	2	703177	
genome_276	276	27	6	7327006	set_C_clean	GB_GCA_016186485.1	Patescibacteriota	Bacteria	d__Bacteria;p__Patescibacteriota;c__Minisyncoccia;o__Minisyncoccales;f__UBA6532;g__JACPLN01;s__JACPLN01 sp016186485	test	686960	686960	207669	RS_GCF_027627185.1;GB_GCA_947645315.1;RS_GCF_000675755.1;RS_GCF_009793185.1	Pseudomonadota;Verrucomicrobiota;Actinomycetota;Actinomycetota	6624226;2854749;4358350;3296963	test	4	4	4	70.896744	100.0	30.230205	30.230144	high	10-50	100000-500000	5000	0.8-1.2	random_per_contaminant_copy	30.0	1.0	5.0	0.3	0.15	0.6	0	1	4	5	894629	
genome_277	277	27	7	7327007	set_C_clean	GB_GCA_016186485.1	Patescibacteriota	Bacteria	d__Bacteria;p__Patescibacteriota;c__Minisyncoccia;o__Minisyncoccales;f__UBA6532;g__JACPLN01;s__JACPLN01 sp016186485	test	686960	686960	286292	RS_GCF_020131335.1;RS_GCF_003259585.1;GB_GCA_030583965.1;GB_GCA_948470115.1;RS_GCF_027474965.1	Bacillota;Actinomycetota;Chloroflexota;Desulfobacterota_I;Bacillota	3575075;8026993;3571922;2485945;1676568	test	5	5	5	52.314859	100.0	41.675303	41.675207	high	10-50	100000-500000	5000	0.8-1.2	random_per_contaminant_copy	30.0	1.0	5.0	0.3	0.15	0.6	0	1	6	7	973252	
genome_278	278	27	8	7327008	set_C_clean	GB_GCA_016186485.1	Patescibacteriota	Bacteria	d__Bacteria;p__Patescibacteriota;c__Minisyncoccia;o__Minisyncoccales;f__UBA6532;g__JACPLN01;s__JACPLN01 sp016186485	test	686960	686960	382116	RS_GCF_035790375.1;GB_GCA_002483025.1;RS_GCF_014844075.1	Bacillota;Planctomycetota;Bacillota	2869568;6380183;7551121	test	3	3	3	86.389647	100.0	55.624216	55.624199	medium	50-200	20000-100000	2000	0.8-1.2	random_per_contaminant_copy	30.0	1.0	5.0	0.3	0.15	0.6	0	3	26	29	1069076	
genome_279	279	27	9	7327009	set_C_clean	GB_GCA_016186485.1	Patescibacteriota	Bacteria	d__Bacteria;p__Patescibacteriota;c__Minisyncoccia;o__Minisyncoccales;f__UBA6532;g__JACPLN01;s__JACPLN01 sp016186485	test	686960	686960	529715	RS_GCF_900018805.1;RS_GCF_000168175.1	Bacillota;Campylobacterota	2012190;1694788	test	2	2	2	65.796136	100.0	77.110051	77.110021	low	200-500	5000-20000	1000	0.8-1.2	random_per_contaminant_copy	30.0	1.0	5.0	0.3	0.15	0.6	0	2	136	138	1216675	
genome_280	280	28	0	7328000	set_C_clean	GB_GCA_016186495.1	Patescibacteriota	Bacteria	d__Bacteria;p__Patescibacteriota;c__Minisyncoccia;o__JACROR01;f__JACROR01;g__JACPLO01;s__JACPLO01 sp016186495	test	653689	613714	24519	RS_GCF_004136215.1;RS_GCF_012889735.1;GB_GCA_947304185.1;GB_GCA_963646095.1	Actinomycetota;Campylobacterota;Bacteroidota;Bacillota	2560634;1653603;2083376;1880969	test	4	4	4	75.048589	93.884707	3.750884	3.750866	medium	50-200	20000-100000	2000	0.8-1.2	random_per_contaminant_copy	30.0	1.0	5.0	0.3	0.15	0.6	0	1	3	4	638233	
genome_281	281	28	1	7328001	set_C_clean	GB_GCA_016186495.1	Patescibacteriota	Bacteria	d__Bacteria;p__Patescibacteriota;c__Minisyncoccia;o__JACROR01;f__JACROR01;g__JACPLO01;s__JACPLO01 sp016186495	test	653689	358697	358697	RS_GCF_021022935.1;RS_GCF_021367155.1;RS_GCF_030317185.1;RS_GCF_000227685.2;RS_GCF_001020625.1	Pseudomonadota;Bacillota;Pseudomonadota;Pseudomonadota;Pseudomonadota	5178772;2495438;5684646;3756729;4836706	test	5	5	5	65.997288	54.87273	85.862654	54.87273	low	200-500	5000-20000	1000	0.8-1.2	random_per_contaminant_copy	30.0	1.0	5.0	0.3	0.15	0.6	0	2	12	14	717394	
genome_282	282	28	2	7328002	set_C_clean	GB_GCA_016186495.1	Patescibacteriota	Bacteria	d__Bacteria;p__Patescibacteriota;c__Minisyncoccia;o__JACROR01;f__JACROR01;g__JACPLO01;s__JACPLO01 sp016186495	test	653689	455376	80687	RS_GCF_040711995.2;RS_GCF_900489665.1;GB_GCA_016191145.1;RS_GCF_003671995.1	Pseudomonadota;Bacillota;Bacteroidota_A;Actinomycetota	2731529;1077420;2467223;1932687	test	4	4	4	69.84551	69.662485	12.343455	12.343331	highly_fragmented	500-2000	1000-5000	500	0.8-1.2	random_per_contaminant_copy	30.0	1.0	5.0	0.3	0.15	0.6	0	20	2	22	536063	
genome_283	283	28	3	7328003	set_C_clean	GB_GCA_016186495.1	Patescibacteriota	Bacteria	d__Bacteria;p__Patescibacteriota;c__Minisyncoccia;o__JACROR01;f__JACROR01;g__JACPLO01;s__JACPLO01 sp016186495	test	653689	383721	166851	RS_GCF_020564225.1;RS_GCF_000574625.1	Bacillota;Bacillota	3211214;2852795	test	2	2	2	53.562211	58.70085	25.524542	25.524523	low	200-500	5000-20000	1000	0.8-1.2	random_per_contaminant_copy	30.0	1.0	5.0	0.3	0.15	0.6	0	3	2	5	550572	
genome_284	284	28	4	7328004	set_C_clean	GB_GCA_016186495.1	Patescibacteriota	Bacteria	d__Bacteria;p__Patescibacteriota;c__Minisyncoccia;o__JACROR01;f__JACROR01;g__JACPLO01;s__JACPLO01 sp016186495	test	653689	354496	232441	RS_GCF_001524445.2;RS_GCF_900323495.1;GB_GCA_948844515.1;RS_GCF_000007905.1	Pseudomonadota;Bacillota;Bacteroidota;Campylobacterota	7427555;2079108;2284388;1799146	test	4	4	4	91.691546	54.23007	35.558424	35.558347	low	200-500	5000-20000	1000	0.8-1.2	random_per_contaminant_copy	30.0	1.0	5.0	0.3	0.15	0.6	0	3	2	5	586937	
genome_285	285	28	5	7328005	set_C_clean	GB_GCA_016186495.1	Patescibacteriota	Bacteria	d__Bacteria;p__Patescibacteriota;c__Minisyncoccia;o__JACROR01;f__JACROR01;g__JACPLO01;s__JACPLO01 sp016186495	test	653689	527930	100842	RS_GCF_001719125.1;RS_GCF_003472325.1;RS_GCF_948919115.1;RS_GCF_037797495.1	Thermoproteota;Actinomycetota;Bacteroidota;Pseudomonadota	2688317;2272537;2714478;4726044	test	4	4	4	88.944215	80.761647	15.426687	15.426602	low	200-500	5000-20000	1000	0.8-1.2	random_per_contaminant_copy	30.0	1.0	5.0	0.3	0.15	0.6	0	4	3	7	628772	
genome_286	286	28	6	7328006	set_C_clean	GB_GCA_016186495.1	Patescibacteriota	Bacteria	d__Bacteria;p__Patescibacteriota;c__Minisyncoccia;o__JACROR01;f__JACROR01;g__JACPLO01;s__JACPLO01 sp016186495	test	653689	653689	256736	GB_GCA_963607145.1;GB_GCA_002359295.1	Verrucomicrobiota;Bacteroidota_A	2742799;3257536	test	2	2	2	65.580059	100.0	39.275041	39.274946	high	10-50	100000-500000	5000	0.8-1.2	random_per_contaminant_copy	30.0	1.0	5.0	0.3	0.15	0.6	0	1	19	20	910425	
genome_287	287	28	7	7328007	set_C_clean	GB_GCA_016186495.1	Patescibacteriota	Bacteria	d__Bacteria;p__Patescibacteriota;c__Minisyncoccia;o__JACROR01;f__JACROR01;g__JACPLO01;s__JACPLO01 sp016186495	test	653689	653689	5095	RS_GCF_037955985.1;RS_GCF_903908965.1;RS_GCF_003698455.1	Fusobacteriota;Bacillota;Pseudomonadota	2142709;2174336;6471685	test	3	3	3	85.724886	100.0	0.779472	0.779423	high	10-50	100000-500000	5000	0.8-1.2	random_per_contaminant_copy	30.0	1.0	5.0	0.3	0.15	0.6	0	1	2	3	658784	
genome_288	288	28	8	7328008	set_C_clean	GB_GCA_016186495.1	Patescibacteriota	Bacteria	d__Bacteria;p__Patescibacteriota;c__Minisyncoccia;o__JACROR01;f__JACROR01;g__JACPLO01;s__JACPLO01 sp016186495	test	653689	489706	211571	RS_GCF_021729945.1;GB_GCA_035295325.1;RS_GCF_002860905.1;RS_GCF_009931455.1	Pseudomonadota;Actinomycetota;Bacillota;Pseudomonadota	4794788;8450107;2072698;4195186	test	4	4	4	99.356421	74.914218	32.365745	32.365697	highly_fragmented	500-2000	1000-5000	500	0.8-1.2	random_per_contaminant_copy	30.0	1.0	5.0	0.3	0.15	0.6	0	10	2	12	701277	
genome_289	289	28	9	7328009	set_C_clean	GB_GCA_016186495.1	Patescibacteriota	Bacteria	d__Bacteria;p__Patescibacteriota;c__Minisyncoccia;o__JACROR01;f__JACROR01;g__JACPLO01;s__JACPLO01 sp016186495	test	653689	653689	163628	RS_GCF_000558685.1;RS_GCF_006380895.1	Bacillota;Bacillota	2902166;4192092	test	2	2	2	96.786652	100.0	25.031614	25.031475	highly_fragmented	500-2000	1000-5000	500	0.8-1.2	random_per_contaminant_copy	30.0	1.0	5.0	0.3	0.15	0.6	0	9	2	11	817317	
genome_290	290	29	0	7329000	set_C_clean	GB_GCA_016195715.1	Patescibacteriota	Bacteria	d__Bacteria;p__Patescibacteriota;c__Microgenomatia;o__Daviesbacterales;f__UBA10151;g__JACPZA01;s__JACPZA01 sp016195715	test	1149344	808792	482636	RS_GCF_900610065.1;RS_GCF_014878055.1	Bacteroidota;Bacillota	2722288;2701357	test	2	2	2	70.43023	70.369881	41.992386	41.992302	low	200-500	5000-20000	1000	0.8-1.2	random_per_contaminant_copy	30.0	1.0	5.0	0.3	0.15	0.6	0	16	139	155	1291428	
genome_291	291	29	1	7329001	set_C_clean	GB_GCA_016195715.1	Patescibacteriota	Bacteria	d__Bacteria;p__Patescibacteriota;c__Microgenomatia;o__Daviesbacterales;f__UBA10151;g__JACPZA01;s__JACPZA01 sp016195715	test	1149344	685316	641149	RS_GCF_003344965.1;GB_GCA_948967945.1	Actinomycetota;Pseudomonadota	8454852;1818096	test	2	2	2	68.823999	59.626709	62.707939	55.783908	high	10-50	100000-500000	5000	0.8-1.2	random_per_contaminant_copy	30.0	1.0	5.0	0.3	0.15	0.6	0	1	4	5	1326465	
genome_292	292	29	2	7329002	set_C_clean	GB_GCA_016195715.1	Patescibacteriota	Bacteria	d__Bacteria;p__Patescibacteriota;c__Microgenomatia;o__Daviesbacterales;f__UBA10151;g__JACPZA01;s__JACPZA01 sp016195715	test	1149344	1042359	166439	RS_GCF_900060695.1;RS_GCF_025460045.1	Pseudomonadota;Campylobacterota	3348065;1673713	test	2	2	2	91.915694	90.691647	14.538578	14.481217	low	200-500	5000-20000	1000	0.8-1.2	random_per_contaminant_copy	30.0	1.0	5.0	0.3	0.15	0.6	0	35	2	37	1208798	
genome_293	293	29	3	7329003	set_C_clean	GB_GCA_016195715.1	Patescibacteriota	Bacteria	d__Bacteria;p__Patescibacteriota;c__Microgenomatia;o__Daviesbacterales;f__UBA10151;g__JACPZA01;s__JACPZA01 sp016195715	test	1149344	1149344	623032	RS_GCF_036918035.1;RS_GCF_038562415.1;RS_GCF_000766025.1;RS_GCF_900018805.1	Cyanobacteriota;Desulfobacterota_I;Campylobacterota;Bacillota	8314888;5069250;1577473;2012190	test	4	4	4	99.342836	100.0	75.27638	54.207618	high	10-50	100000-500000	5000	0.8-1.2	random_per_contaminant_copy	30.0	1.0	5.0	0.3	0.15	0.6	0	1	40	41	1772376	
genome_294	294	29	4	7329004	set_C_clean	GB_GCA_016195715.1	Patescibacteriota	Bacteria	d__Bacteria;p__Patescibacteriota;c__Microgenomatia;o__Daviesbacterales;f__UBA10151;g__JACPZA01;s__JACPZA01 sp016195715	test	1149344	706782	84772	RS_GCF_000194295.2;GB_GCA_948960065.1;RS_GCF_001174625.1;GB_GCA_948736235.1;RS_GCF_019992685.1	Pseudomonadota;Pseudomonadota;Pseudomonadota;Chrysiogenota;Bacillota	5177620;1798795;4722315;2262903;2827514	test	5	5	5	62.24384	61.494383	7.375739	7.375686	highly_fragmented	500-2000	1000-5000	500	0.8-1.2	random_per_contaminant_copy	30.0	1.0	5.0	0.3	0.15	0.6	0	27	1	28	791554	
genome_295	295	29	5	7329005	set_C_clean	GB_GCA_016195715.1	Patescibacteriota	Bacteria	d__Bacteria;p__Patescibacteriota;c__Microgenomatia;o__Daviesbacterales;f__UBA10151;g__JACPZA01;s__JACPZA01 sp016195715	test	1149344	688010	519413	RS_GCF_001507335.1;RS_GCF_900461615.1	Bacteroidota;Bacillota	3874551;2081645	test	2	2	2	61.000006	59.861103	62.801337	45.192127	highly_fragmented	500-2000	1000-5000	500	0.8-1.2	random_per_contaminant_copy	30.0	1.0	5.0	0.3	0.15	0.6	0	13	2	15	1207423	
genome_296	296	29	6	7329006	set_C_clean	GB_GCA_016195715.1	Patescibacteriota	Bacteria	d__Bacteria;p__Patescibacteriota;c__Microgenomatia;o__Daviesbacterales;f__UBA10151;g__JACPZA01;s__JACPZA01 sp016195715	test	1149344	832929	185999	RS_GCF_000829825.1	Pseudomonadota	4523935	test	1	1	1	72.691106	72.469948	16.18309	16.183057	highly_fragmented	500-2000	1000-5000	500	0.8-1.2	random_per_contaminant_copy	30.0	1.0	5.0	0.3	0.15	0.6	0	36	44	80	1018928	
genome_297	297	29	7	7329007	set_C_clean	GB_GCA_016195715.1	Patescibacteriota	Bacteria	d__Bacteria;p__Patescibacteriota;c__Microgenomatia;o__Daviesbacterales;f__UBA10151;g__JACPZA01;s__JACPZA01 sp016195715	test	1149344	830718	546255	RS_GCF_000338455.1;RS_GCF_018986575.1	Spirochaetota;Bacillota	2823766;2588690	test	2	2	2	72.779025	72.277577	50.197595	47.527546	highly_fragmented	500-2000	1000-5000	500	0.8-1.2	random_per_contaminant_copy	30.0	1.0	5.0	0.3	0.15	0.6	0	29	8	37	1376973	
genome_298	298	29	8	7329008	set_C_clean	GB_GCA_016195715.1	Patescibacteriota	Bacteria	d__Bacteria;p__Patescibacteriota;c__Microgenomatia;o__Daviesbacterales;f__UBA10151;g__JACPZA01;s__JACPZA01 sp016195715	test	1149344	660992	283668	GB_GCA_905329655.2	Pseudomonadota	5344900	test	1	1	1	62.85549	57.510371	98.033885	24.680861	high	10-50	100000-500000	5000	0.8-1.2	random_per_contaminant_copy	30.0	1.0	5.0	0.3	0.15	0.6	0	1	1	2	944660	
genome_299	299	29	9	7329009	set_C_clean	GB_GCA_016195715.1	Patescibacteriota	Bacteria	d__Bacteria;p__Patescibacteriota;c__Microgenomatia;o__Daviesbacterales;f__UBA10151;g__JACPZA01;s__JACPZA01 sp016195715	test	1149344	939918	939917	GB_GCA_034431195.1;GB_GCA_014801075.1;RS_GCF_003602895.1;RS_GCF_035618955.1;RS_GCF_025818205.1	Chloroflexota;Bacteroidota;Bacteroidota;Pseudomonadota;Pseudomonadota	1651251;2713737;4692051;2201909;3880200	test	5	5	5	80.685861	81.778649	92.713342	81.778562	low	200-500	5000-20000	1000	0.8-1.2	random_per_contaminant_copy	30.0	1.0	5.0	0.3	0.15	0.6	0	5	5	10	1879835	
genome_300	300	30	0	7330000	set_C_clean	GB_GCA_016432465.1	Patescibacteriota	Bacteria	d__Bacteria;p__Patescibacteriota;c__Minisyncoccia;o__Sungbacterales;f__HO2-52-23;g__GCA-016432465;s__GCA-016432465 sp016432465	test	923469	668093	641518	GB_GCA_023229435.1;RS_GCF_000969565.1;RS_GCF_005041865.1	Nitrospirota;Bacillota;Pseudomonadota	3541743;2632443;5021604	test	3	3	3	72.901654	72.346013	69.468283	69.468277	highly_fragmented	500-2000	1000-5000	500	0.8-1.2	random_per_contaminant_copy	30.0	1.0	5.0	0.3	0.15	0.6	0	26	20	46	1309611	
genome_301	301	30	1	7330001	set_C_clean	GB_GCA_016432465.1	Patescibacteriota	Bacteria	d__Bacteria;p__Patescibacteriota;c__Minisyncoccia;o__Sungbacterales;f__HO2-52-23;g__GCA-016432465;s__GCA-016432465 sp016432465	test	923469	923469	555776	GB_GCA_018372795.1;GB_GCA_958412645.1;RS_GCF_039962455.1;RS_GCF_000576775.1	Verrucomicrobiota;Bacteroidota;Cyanobacteriota;Bacillota	2738458;2195774;5785145;2920318	test	4	4	4	61.08221	100.0	60.183556	60.183504	medium	50-200	20000-100000	2000	0.8-1.2	random_per_contaminant_copy	30.0	1.0	5.0	0.3	0.15	0.6	0	1	14	15	1479245	
genome_302	302	30	2	7330002	set_C_clean	GB_GCA_016432465.1	Patescibacteriota	Bacteria	d__Bacteria;p__Patescibacteriota;c__Minisyncoccia;o__Sungbacterales;f__HO2-52-23;g__GCA-016432465;s__GCA-016432465 sp016432465	test	923469	571894	571894	RS_GCF_040446345.1;GB_GCA_963642995.1;RS_GCF_008000565.1;RS_GCF_948830275.1;RS_GCF_027861495.1	Pseudomonadota;Actinomycetota;Campylobacterota;Bacteroidota;Campylobacterota	3907505;1552868;1642435;1825862;1621675	test	5	5	5	58.5839	61.928879	87.587415	61.928879	highly_fragmented	500-2000	1000-5000	500	0.8-1.2	random_per_contaminant_copy	30.0	1.0	5.0	0.3	0.15	0.6	0	9	17	26	1143788	
genome_303	303	30	3	7330003	set_C_clean	GB_GCA_016432465.1	Patescibacteriota	Bacteria	d__Bacteria;p__Patescibacteriota;c__Minisyncoccia;o__Sungbacterales;f__HO2-52-23;g__GCA-016432465;s__GCA-016432465 sp016432465	test	923469	658737	360716	RS_GCF_003813005.1;RS_GCF_023752715.1;GB_GCA_034126745.1;RS_GCF_041022375.1	Pseudomonadota;Pseudomonadota;Bacteroidota;Bacillota	7029824;5065662;5181256;2580331	test	4	4	4	71.454792	71.332876	39.061064	39.060976	highly_fragmented	500-2000	1000-5000	500	0.8-1.2	random_per_contaminant_copy	30.0	1.0	5.0	0.3	0.15	0.6	0	66	4	70	1019453	
genome_304	304	30	4	7330004	set_C_clean	GB_GCA_016432465.1	Patescibacteriota	Bacteria	d__Bacteria;p__Patescibacteriota;c__Minisyncoccia;o__Sungbacterales;f__HO2-52-23;g__GCA-016432465;s__GCA-016432465 sp016432465	test	923469	753563	93638	GB_GCA_000486225.1	Pseudomonadota	4581366	test	1	1	1	99.901688	81.601332	12.127351	10.13981	low	200-500	5000-20000	1000	0.8-1.2	random_per_contaminant_copy	30.0	1.0	5.0	0.3	0.15	0.6	0	16	2	18	847201	
genome_305	305	30	5	7330005	set_C_clean	GB_GCA_016432465.1	Patescibacteriota	Bacteria	d__Bacteria;p__Patescibacteriota;c__Minisyncoccia;o__Sungbacterales;f__HO2-52-23;g__GCA-016432465;s__GCA-016432465 sp016432465	test	923469	537050	233044	RS_GCF_036866445.1;RS_GCF_030335265.1;RS_GCF_002935055.1;RS_GCF_015475955.1;RS_GCF_020685385.1	Pseudomonadota;Pseudomonadota;Pseudomonadota;Pseudomonadota;Campylobacterota	4578004;4035122;5388594;2538293;1732577	test	5	5	5	55.695228	58.155715	25.235726	25.235714	medium	50-200	20000-100000	2000	0.8-1.2	random_per_contaminant_copy	30.0	1.0	5.0	0.3	0.15	0.6	0	6	1	7	770094	
genome_306	306	30	6	7330006	set_C_clean	GB_GCA_016432465.1	Patescibacteriota	Bacteria	d__Bacteria;p__Patescibacteriota;c__Minisyncoccia;o__Sungbacterales;f__HO2-52-23;g__GCA-016432465;s__GCA-016432465 sp016432465	test	923469	923469	372865	RS_GCF_013340205.1;RS_GCF_900190595.1;RS_GCF_000177395.1	Myxococcota;Bacillota;Actinomycetota	4829832;2088598;2481963	test	3	3	3	82.652757	100.0	40.376642	40.376558	medium	50-200	20000-100000	2000	0.8-1.2	random_per_contaminant_copy	30.0	1.0	5.0	0.3	0.15	0.6	0	1	20	21	1296334	
genome_307	307	30	7	7330007	set_C_clean	GB_GCA_016432465.1	Patescibacteriota	Bacteria	d__Bacteria;p__Patescibacteriota;c__Minisyncoccia;o__Sungbacterales;f__HO2-52-23;g__GCA-016432465;s__GCA-016432465 sp016432465	test	923469	600424	369989	RS_GCF_009697015.1;RS_GCF_040794725.1;RS_GCF_024608245.1;GB_GCA_948746245.1;RS_GCF_015101695.1	Bacillota;Pseudomonadota;Bacillota;Campylobacterota;Bacillota	2751168;5723931;4069783;1831273;2814465	test	5	5	5	62.559423	65.018317	40.06515	40.065124	medium	50-200	20000-100000	2000	0.8-1.2	random_per_contaminant_copy	30.0	1.0	5.0	0.3	0.15	0.6	0	1	16	17	970413	
genome_308	308	30	8	7330008	set_C_clean	GB_GCA_016432465.1	Patescibacteriota	Bacteria	d__Bacteria;p__Patescibacteriota;c__Minisyncoccia;o__Sungbacterales;f__HO2-52-23;g__GCA-016432465;s__GCA-016432465 sp016432465	test	923469	923469	90997	RS_GCF_013295905.1;RS_GCF_000488055.1;GB_GCA_948765285.1;GB_GCA_948530525.1;RS_GCF_036866615.1	Bacillota;Pseudomonadota;Actinomycetota;Bacteroidota;Campylobacterota	6118527;4825640;2041147;2806095;1656626	test	5	5	5	86.806801	100.0	9.853885	9.853823	medium	50-200	20000-100000	2000	0.8-1.2	random_per_contaminant_copy	30.0	1.0	5.0	0.3	0.15	0.6	0	2	4	6	1014466	
genome_309	309	30	9	7330009	set_C_clean	GB_GCA_016432465.1	Patescibacteriota	Bacteria	d__Bacteria;p__Patescibacteriota;c__Minisyncoccia;o__Sungbacterales;f__HO2-52-23;g__GCA-016432465;s__GCA-016432465 sp016432465	test	923469	593626	593626	RS_GCF_001162445.1;GB_GCA_036770985.1	Bacillota;Bacteroidota	2099249;2985919	test	2	2	2	65.002111	64.282179	67.118217	64.282179	low	200-500	5000-20000	1000	0.8-1.2	random_per_contaminant_copy	30.0	1.0	5.0	0.3	0.15	0.6	0	26	4	30	1187252	
genome_310	310	31	0	7331000	set_C_clean	GB_GCA_016700375.1	Patescibacteriota	Bacteria	d__Bacteria;p__Patescibacteriota;c__Saccharimonadia;o__Saccharimonadales;f__UBA4665;g__JAGXIT01;s__JAGXIT01 sp016700375	test	1256494	879093	164220	GB_GCA_040386555.1;RS_GCF_008123735.1;RS_GCF_033804505.1;RS_GCF_020906075.1	Bacteroidota;Bacillota;Actinomycetota;Pseudomonadota	5043324;2831380;2253425;4585946	test	4	4	4	69.994574	69.963963	13.069734	13.0697	highly_fragmented	500-2000	1000-5000	500	0.8-1.2	random_per_contaminant_copy	30.0	1.0	5.0	0.3	0.15	0.6	0	22	1	23	1043313	
genome_311	311	31	1	7331001	set_C_clean	GB_GCA_016700375.1	Patescibacteriota	Bacteria	d__Bacteria;p__Patescibacteriota;c__Saccharimonadia;o__Saccharimonadales;f__UBA4665;g__JAGXIT01;s__JAGXIT01 sp016700375	test	1256494	884276	78281	RS_GCF_013034475.1;RS_GCF_004136435.1;RS_GCF_004120555.1;RS_GCF_038433465.1	Pseudomonadota;Actinomycetota;Pseudomonadota;Bacteroidota	4681806;4387823;4538441;3168727	test	4	4	4	72.860766	70.37646	6.230118	6.230113	low	200-500	5000-20000	1000	0.8-1.2	random_per_contaminant_copy	30.0	1.0	5.0	0.3	0.15	0.6	0	5	2	7	962557	
genome_312	312	31	2	7331002	set_C_clean	GB_GCA_016700375.1	Patescibacteriota	Bacteria	d__Bacteria;p__Patescibacteriota;c__Saccharimonadia;o__Saccharimonadales;f__UBA4665;g__JAGXIT01;s__JAGXIT01 sp016700375	test	1256494	1256494	725574	RS_GCF_900584635.1;GB_GCA_034002845.1;GB_GCA_037000605.1	Pseudomonadota;Auribacterota;Actinomycetota	5972662;3608127;4270771	test	3	3	3	54.313779	100.0	93.403815	57.745918	high	10-50	100000-500000	5000	0.8-1.2	random_per_contaminant_copy	30.0	1.0	5.0	0.3	0.15	0.6	0	1	4	5	1982068	
genome_313	313	31	3	7331003	set_C_clean	GB_GCA_016700375.1	Patescibacteriota	Bacteria	d__Bacteria;p__Patescibacteriota;c__Saccharimonadia;o__Saccharimonadales;f__UBA4665;g__JAGXIT01;s__JAGXIT01 sp016700375	test	1256494	1256494	276255	RS_GCF_000262545.1;GB_GCA_948806755.1;GB_GCA_938038475.1;GB_GCA_016215115.1	Bacteroidota;Bacillota;Actinomycetota;Nitrospirota	2521238;2171570;2154735;2822992	test	4	4	4	67.471708	100.0	21.986208	21.986177	high	10-50	100000-500000	5000	0.8-1.2	random_per_contaminant_copy	30.0	1.0	5.0	0.3	0.15	0.6	0	1	13	14	1532749	
genome_314	314	31	4	7331004	set_C_clean	GB_GCA_016700375.1	Patescibacteriota	Bacteria	d__Bacteria;p__Patescibacteriota;c__Saccharimonadia;o__Saccharimonadales;f__UBA4665;g__JAGXIT01;s__JAGXIT01 sp016700375	test	1256494	1139756	1060198	RS_GCF_029589035.1	Pseudomonadota	5514419	test	1	1	1	94.861255	90.709227	84.377558	84.377482	low	200-500	5000-20000	1000	0.8-1.2	random_per_contaminant_copy	30.0	1.0	5.0	0.3	0.15	0.6	0	11	1	12	2199954	
genome_315	315	31	5	7331005	set_C_clean	GB_GCA_016700375.1	Patescibacteriota	Bacteria	d__Bacteria;p__Patescibacteriota;c__Saccharimonadia;o__Saccharimonadales;f__UBA4665;g__JAGXIT01;s__JAGXIT01 sp016700375	test	1256494	917742	521338	RS_GCF_000022385.1;RS_GCF_029537135.1;RS_GCF_040114435.1	Thermoproteota;Bacillota;Actinomycetota	2736272;4044377;12703671	test	3	3	3	73.142523	73.039903	41.49155	41.491483	highly_fragmented	500-2000	1000-5000	500	0.8-1.2	random_per_contaminant_copy	30.0	1.0	5.0	0.3	0.15	0.6	0	28	10	38	1439080	
genome_316	316	31	6	7331006	set_C_clean	GB_GCA_016700375.1	Patescibacteriota	Bacteria	d__Bacteria;p__Patescibacteriota;c__Saccharimonadia;o__Saccharimonadales;f__UBA4665;g__JAGXIT01;s__JAGXIT01 sp016700375	test	1256494	1256494	1162747	RS_GCF_002479495.1;RS_GCF_900045165.1;RS_GCF_036959525.1	Pseudomonadota;Bacillota;Actinomycetota	3261720;2848927;2320270	test	3	3	3	69.013222	100.0	92.539047	92.539001	high	10-50	100000-500000	5000	0.8-1.2	random_per_contaminant_copy	30.0	1.0	5.0	0.3	0.15	0.6	0	1	9	10	2419241	
genome_317	317	31	7	7331007	set_C_clean	GB_GCA_016700375.1	Patescibacteriota	Bacteria	d__Bacteria;p__Patescibacteriota;c__Saccharimonadia;o__Saccharimonadales;f__UBA4665;g__JAGXIT01;s__JAGXIT01 sp016700375	test	1256494	710127	175559	RS_GCF_002063385.1	Pseudomonadota	4965626	test	1	1	1	54.76351	56.516545	14.442063	13.972132	medium	50-200	20000-100000	2000	0.8-1.2	random_per_contaminant_copy	30.0	1.0	5.0	0.3	0.15	0.6	0	1	4	5	885686	
genome_318	318	31	8	7331008	set_C_clean	GB_GCA_016700375.1	Patescibacteriota	Bacteria	d__Bacteria;p__Patescibacteriota;c__Saccharimonadia;o__Saccharimonadales;f__UBA4665;g__JAGXIT01;s__JAGXIT01 sp016700375	test	1256494	1112068	299502	RS_GCF_025460045.1;GB_GCA_949097895.1;RS_GCF_012843705.1	Campylobacterota;Desulfobacterota_I;Fusobacteriota	1673713;2319217;2076834	test	3	3	3	95.489495	88.505636	23.836384	23.836326	highly_fragmented	500-2000	1000-5000	500	0.8-1.2	random_per_contaminant_copy	30.0	1.0	5.0	0.3	0.15	0.6	0	98	2	100	1411570	
genome_319	319	31	9	7331009	set_C_clean	GB_GCA_016700375.1	Patescibacteriota	Bacteria	d__Bacteria;p__Patescibacteriota;c__Saccharimonadia;o__Saccharimonadales;f__UBA4665;g__JAGXIT01;s__JAGXIT01 sp016700375	test	1256494	1256494	278442	RS_GCF_022096795.1;GB_GCA_949021295.1;GB_GCA_008039825.1;GB_GCA_039636865.1	Pseudomonadota;Desulfobacterota_I;Bacillota;Actinomycetota	5092571;2252810;2987534;3792347	test	4	4	4	70.249681	100.0	22.160312	22.160233	high	10-50	100000-500000	5000	0.8-1.2	random_per_contaminant_copy	30.0	1.0	5.0	0.3	0.15	0.6	0	1	2	3	1534936	
genome_320	320	32	0	7332000	set_C_clean	GB_GCA_017406775.1	Patescibacteriota	Bacteria	d__Bacteria;p__Patescibacteriota;c__Saccharimonadia;o__Saccharimonadales;f__Nanosyncoccaceae;g__Nanosyncoccus;s__Nanosyncoccus sp017406775	test	720418	720418	410910	RS_GCF_025245215.1;GB_GCA_963693065.1	Bacillota;Acidobacteriota	4459370;3720766	test	2	2	2	89.017234	100.0	57.037794	57.03772	medium	50-200	20000-100000	2000	0.8-1.2	random_per_contaminant_copy	30.0	1.0	5.0	0.3	0.15	0.6	0	1	43	44	1131328	
genome_321	321	32	1	7332001	set_C_clean	GB_GCA_017406775.1	Patescibacteriota	Bacteria	d__Bacteria;p__Patescibacteriota;c__Saccharimonadia;o__Saccharimonadales;f__Nanosyncoccaceae;g__Nanosyncoccus;s__Nanosyncoccus sp017406775	test	720418	512544	446408	RS_GCF_021432125.1	Pseudomonadota	5713854	test	1	1	1	71.446883	71.145363	67.633757	61.965137	highly_fragmented	500-2000	1000-5000	500	0.8-1.2	random_per_contaminant_copy	30.0	1.0	5.0	0.3	0.15	0.6	0	32	4	36	958952	
genome_322	322	32	2	7332002	set_C_clean	GB_GCA_017406775.1	Patescibacteriota	Bacteria	d__Bacteria;p__Patescibacteriota;c__Saccharimonadia;o__Saccharimonadales;f__Nanosyncoccaceae;g__Nanosyncoccus;s__Nanosyncoccus sp017406775	test	720418	615100	109644	RS_GCF_947496415.1;RS_GCF_001292625.1;RS_GCF_037099845.1;GB_GCA_948506725.1	Bacteroidota;Pseudomonadota;Bacillota;Bacteroidota	3393918;4049808;3392304;2581513	test	4	4	4	91.54684	85.380987	15.219524	15.219498	highly_fragmented	500-2000	1000-5000	500	0.8-1.2	random_per_contaminant_copy	30.0	1.0	5.0	0.3	0.15	0.6	0	38	2	40	724744	
genome_323	323	32	3	7332003	set_C_clean	GB_GCA_017406775.1	Patescibacteriota	Bacteria	d__Bacteria;p__Patescibacteriota;c__Saccharimonadia;o__Saccharimonadales;f__Nanosyncoccaceae;g__Nanosyncoccus;s__Nanosyncoccus sp017406775	test	720418	521661	57935	GB_GCA_030446715.1;RS_GCF_005502935.1	Bacteroidota;Pseudomonadota	6425628;4232709	test	2	2	2	72.83195	72.410878	8.041928	8.041859	highly_fragmented	500-2000	1000-5000	500	0.8-1.2	random_per_contaminant_copy	30.0	1.0	5.0	0.3	0.15	0.6	0	20	10	30	579596	
genome_324	324	32	4	7332004	set_C_clean	GB_GCA_017406775.1	Patescibacteriota	Bacteria	d__Bacteria;p__Patescibacteriota;c__Saccharimonadia;o__Saccharimonadales;f__Nanosyncoccaceae;g__Nanosyncoccus;s__Nanosyncoccus sp017406775	test	720418	720418	261696	RS_GCF_900447665.1	Bacillota	3555408	test	1	1	1	55.81608	100.0	36.325684	36.325578	high	10-50	100000-500000	5000	0.8-1.2	random_per_contaminant_copy	30.0	1.0	5.0	0.3	0.15	0.6	0	1	10	11	982114	
genome_325	325	32	5	7332005	set_C_clean	GB_GCA_017406775.1	Patescibacteriota	Bacteria	d__Bacteria;p__Patescibacteriota;c__Saccharimonadia;o__Saccharimonadales;f__Nanosyncoccaceae;g__Nanosyncoccus;s__Nanosyncoccus sp017406775	test	720418	720418	188429	GB_GCA_034431195.1;RS_GCF_015904225.1;RS_GCF_001710375.1;RS_GCF_002803655.2;RS_GCF_904845025.1	Chloroflexota;Campylobacterota;Bacillota;Pseudomonadota;Campylobacterota	1651251;1653878;2920977;3994097;1573317	test	5	5	5	94.632626	100.0	26.155532	26.15551	medium	50-200	20000-100000	2000	0.8-1.2	random_per_contaminant_copy	30.0	1.0	5.0	0.3	0.15	0.6	0	3	4	7	908847	
genome_326	326	32	6	7332006	set_C_clean	GB_GCA_017406775.1	Patescibacteriota	Bacteria	d__Bacteria;p__Patescibacteriota;c__Saccharimonadia;o__Saccharimonadales;f__Nanosyncoccaceae;g__Nanosyncoccus;s__Nanosyncoccus sp017406775	test	720418	614329	175107	RS_GCF_900046315.1;RS_GCF_002914185.1;RS_GCF_026342435.1;RS_GCF_900504995.1	Bacillota;Campylobacterota;Actinomycetota;Pseudomonadota	2804087;1938069;9205340;5499982	test	4	4	4	81.479468	85.273966	24.306401	24.306306	highly_fragmented	500-2000	1000-5000	500	0.8-1.2	random_per_contaminant_copy	30.0	1.0	5.0	0.3	0.15	0.6	0	13	8	21	789436	
genome_327	327	32	7	7332007	set_C_clean	GB_GCA_017406775.1	Patescibacteriota	Bacteria	d__Bacteria;p__Patescibacteriota;c__Saccharimonadia;o__Saccharimonadales;f__Nanosyncoccaceae;g__Nanosyncoccus;s__Nanosyncoccus sp017406775	test	720418	720418	48698	RS_GCF_021121565.1;GB_GCA_948747515.1	Bacillota;Bacteroidota	2976751;2713527	test	2	2	2	85.839275	100.0	6.759762	6.759687	medium	50-200	20000-100000	2000	0.8-1.2	random_per_contaminant_copy	30.0	1.0	5.0	0.3	0.15	0.6	0	1	1	2	769116	
genome_328	328	32	8	7332008	set_C_clean	GB_GCA_017406775.1	Patescibacteriota	Bacteria	d__Bacteria;p__Patescibacteriota;c__Saccharimonadia;o__Saccharimonadales;f__Nanosyncoccaceae;g__Nanosyncoccus;s__Nanosyncoccus sp017406775	test	720418	561443	561443	GB_GCA_946500295.1;RS_GCF_014895115.1;GB_GCA_963607145.1;RS_GCF_001609495.1;RS_GCF_008801935.1	Bacillota;Pseudomonadota;Verrucomicrobiota;Pseudomonadota;Pseudomonadota	2175498;5039614;2742799;5078771;3510398	test	5	5	5	79.052056	77.93295	93.096471	77.93295	low	200-500	5000-20000	1000	0.8-1.2	random_per_contaminant_copy	30.0	1.0	5.0	0.3	0.15	0.6	0	7	19	26	1122886	
genome_329	329	32	9	7332009	set_C_clean	GB_GCA_017406775.1	Patescibacteriota	Bacteria	d__Bacteria;p__Patescibacteriota;c__Saccharimonadia;o__Saccharimonadales;f__Nanosyncoccaceae;g__Nanosyncoccus;s__Nanosyncoccus sp017406775	test	720418	720418	162030	RS_GCF_002525105.1;RS_GCF_027859835.1	Bacillota;Campylobacterota	2979355;1633203	test	2	2	2	86.686481	100.0	22.49112	22.491109	medium	50-200	20000-100000	2000	0.8-1.2	random_per_contaminant_copy	30.0	1.0	5.0	0.3	0.15	0.6	0	3	2	5	882448	
genome_330	330	33	0	7333000	set_C_clean	GB_GCA_018647845.1	Patescibacteriota	Bacteria	d__Bacteria;p__Patescibacteriota;c__Patescibacteriia;o__Magasanikbacterales;f__UBA922;g__JABIEQ01;s__JABIEQ01 sp018651085	test	935487	935487	312801	RS_GCF_900138365.1;RS_GCF_900638255.1;GB_GCA_001951515.1;RS_GCF_000017025.1;GB_GCA_041660285.1	Actinomycetota;Actinomycetota;Pseudomonadota;Bacillota;Pseudomonadota	5158958;2878842;4599143;3863450;2897637	test	5	5	5	69.255805	100.0	33.437266	33.437236	medium	50-200	20000-100000	2000	0.8-1.2	random_per_contaminant_copy	30.0	1.0	5.0	0.3	0.15	0.6	0	1	1	2	1248288	
genome_331	331	33	1	7333001	set_C_clean	GB_GCA_018647845.1	Patescibacteriota	Bacteria	d__Bacteria;p__Patescibacteriota;c__Patescibacteriia;o__Magasanikbacterales;f__UBA922;g__JABIEQ01;s__JABIEQ01 sp018651085	test	935487	935487	376921	RS_GCF_902506345.1;RS_GCF_040683155.1	Bacteroidota;Actinomycetota	3580589;8648488	test	2	2	2	70.234959	100.0	40.291462	40.29142	high	10-50	100000-500000	5000	0.8-1.2	random_per_contaminant_copy	30.0	1.0	5.0	0.3	0.15	0.6	0	1	2	3	1312408	
genome_332	332	33	2	7333002	set_C_clean	GB_GCA_018647845.1	Patescibacteriota	Bacteria	d__Bacteria;p__Patescibacteriota;c__Patescibacteriia;o__Magasanikbacterales;f__UBA922;g__JABIEQ01;s__JABIEQ01 sp018651085	test	935487	785115	785115	RS_GCF_029599755.1;RS_GCF_023921525.1;RS_GCF_041092055.1	Bacillota;Pseudomonadota;Pseudomonadota	2668229;4573307;4346731	test	3	3	3	80.219363	83.925805	98.734964	83.925805	medium	50-200	20000-100000	2000	0.8-1.2	random_per_contaminant_copy	30.0	1.0	5.0	0.3	0.15	0.6	0	5	10	15	1570230	
genome_333	333	33	3	7333003	set_C_clean	GB_GCA_018647845.1	Patescibacteriota	Bacteria	d__Bacteria;p__Patescibacteriota;c__Patescibacteriia;o__Magasanikbacterales;f__UBA922;g__JABIEQ01;s__JABIEQ01 sp018651085	test	935487	541045	111920	RS_GCF_003190625.1;RS_GCF_000937195.1;GB_GCA_022678445.1;RS_GCF_003036285.1;GB_GCA_944323225.1	Bacillota;Bacillota;Thermoproteota;Bacillota;Cyanobacteriota	2952181;2037956;1930407;2272423;2063706	test	5	5	5	58.176808	57.835651	11.963862	11.963822	highly_fragmented	500-2000	1000-5000	500	0.8-1.2	random_per_contaminant_copy	30.0	1.0	5.0	0.3	0.15	0.6	0	82	3	85	652965	
genome_334	334	33	4	7333004	set_C_clean	GB_GCA_018647845.1	Patescibacteriota	Bacteria	d__Bacteria;p__Patescibacteriota;c__Patescibacteriia;o__Magasanikbacterales;f__UBA922;g__JABIEQ01;s__JABIEQ01 sp018651085	test	935487	694662	147178	RS_GCF_001681155.1;RS_GCF_003062945.1	Bacillota;Pseudomonadota	2765013;5668530	test	2	2	2	64.154337	74.256724	17.959164	15.732768	medium	50-200	20000-100000	2000	0.8-1.2	random_per_contaminant_copy	30.0	1.0	5.0	0.3	0.15	0.6	0	1	11	12	841840	
genome_335	335	33	5	7333005	set_C_clean	GB_GCA_018647845.1	Patescibacteriota	Bacteria	d__Bacteria;p__Patescibacteriota;c__Patescibacteriia;o__Magasanikbacterales;f__UBA922;g__JABIEQ01;s__JABIEQ01 sp018651085	test	935487	935487	891791	GB_GCA_041878015.1	Bacillota	1839361	test	1	1	1	66.52525	100.0	95.329094	95.329064	high	10-50	100000-500000	5000	0.8-1.2	random_per_contaminant_copy	30.0	1.0	5.0	0.3	0.15	0.6	0	1	19	20	1827278	
genome_336	336	33	6	7333006	set_C_clean	GB_GCA_018647845.1	Patescibacteriota	Bacteria	d__Bacteria;p__Patescibacteriota;c__Patescibacteriia;o__Magasanikbacterales;f__UBA922;g__JABIEQ01;s__JABIEQ01 sp018651085	test	935487	538032	538032	GB_GCA_947629795.1;RS_GCF_028462385.1;RS_GCF_021606535.1	Bacillota;Pseudomonadota;Pseudomonadota	2863086;3080931;5943095	test	3	3	3	97.651247	57.513573	97.157645	57.513573	low	200-500	5000-20000	1000	0.8-1.2	random_per_contaminant_copy	30.0	1.0	5.0	0.3	0.15	0.6	0	3	37	40	1076064	
genome_337	337	33	7	7333007	set_C_clean	GB_GCA_018647845.1	Patescibacteriota	Bacteria	d__Bacteria;p__Patescibacteriota;c__Patescibacteriia;o__Magasanikbacterales;f__UBA922;g__JABIEQ01;s__JABIEQ01 sp018651085	test	935487	644818	644818	RS_GCF_036664075.1;RS_GCF_018128925.1;RS_GCF_903908965.1;GB_GCA_035434405.1	Pseudomonadota;Thermoproteota;Bacillota;Bacteroidota	6885704;1645909;2174336;4120333	test	4	4	4	54.315997	68.92859	95.81826	68.92859	medium	50-200	20000-100000	2000	0.8-1.2	random_per_contaminant_copy	30.0	1.0	5.0	0.3	0.15	0.6	0	3	20	23	1289636	
genome_338	338	33	8	7333008	set_C_clean	GB_GCA_018647845.1	Patescibacteriota	Bacteria	d__Bacteria;p__Patescibacteriota;c__Patescibacteriia;o__Magasanikbacterales;f__UBA922;g__JABIEQ01;s__JABIEQ01 sp018651085	test	935487	935487	262178	RS_GCF_037242635.1;RS_GCF_036866795.1	Bacillota;Campylobacterota	2126101;1783919	test	2	2	2	77.427686	100.0	28.025854	28.02583	high	10-50	100000-500000	5000	0.8-1.2	random_per_contaminant_copy	30.0	1.0	5.0	0.3	0.15	0.6	0	1	2	3	1197665	
genome_339	339	33	9	7333009	set_C_clean	GB_GCA_018647845.1	Patescibacteriota	Bacteria	d__Bacteria;p__Patescibacteriota;c__Patescibacteriia;o__Magasanikbacterales;f__UBA922;g__JABIEQ01;s__JABIEQ01 sp018651085	test	935487	935487	42319	RS_GCF_040244305.1;GB_GCA_002839855.1;RS_GCF_019037745.1	Bacteroidota;Goldbacteria;Bacillota	3740651;2862642;3754669	test	3	3	3	96.104714	100.0	4.523774	4.52374	low	200-500	5000-20000	1000	0.8-1.2	random_per_contaminant_copy	30.0	1.0	5.0	0.3	0.15	0.6	0	3	1	4	977806	
genome_340	340	34	0	7334000	set_C_clean	GB_GCA_018649525.1	Patescibacteriota	Bacteria	d__Bacteria;p__Patescibacteriota;c__Microgenomatia;o__UBA1400;f__PJMF01;g__JABBGTR01;s__JABBGTR01 sp018646985	test	1014778	516755	516754	RS_GCF_002968335.2;RS_GCF_014525155.1;RS_GCF_035817775.1;GB_GCA_019100285.1;GB_GCA_948683515.1	Actinomycetota;Pseudomonadota;Bacillota;Pseudomonadota;Bacteroidota	5987044;5547630;6155543;4474640;2461597	test	5	5	5	52.037906	50.92296	93.943438	50.922862	low	200-500	5000-20000	1000	0.8-1.2	random_per_contaminant_copy	30.0	1.0	5.0	0.3	0.15	0.6	0	4	3	7	1033509	
genome_341	341	34	1	7334001	set_C_clean	GB_GCA_018649525.1	Patescibacteriota	Bacteria	d__Bacteria;p__Patescibacteriota;c__Microgenomatia;o__UBA1400;f__PJMF01;g__JABBGTR01;s__JABBGTR01 sp018646985	test	1014778	626643	626643	RS_GCF_037006225.1;GB_GCA_036452785.1	Campylobacterota;Bacillota	1806466;1571749	test	2	2	2	60.61505	61.751733	64.747498	61.751733	medium	50-200	20000-100000	2000	0.8-1.2	random_per_contaminant_copy	30.0	1.0	5.0	0.3	0.15	0.6	0	2	7	9	1253286	
genome_342	342	34	2	7334002	set_C_clean	GB_GCA_018649525.1	Patescibacteriota	Bacteria	d__Bacteria;p__Patescibacteriota;c__Microgenomatia;o__UBA1400;f__PJMF01;g__JABBGTR01;s__JABBGTR01 sp018646985	test	1014778	1014778	96596	RS_GCF_024705265.1;RS_GCF_020297285.1;RS_GCF_000641495.1;RS_GCF_001446645.1;RS_GCF_018613535.1	Campylobacterota;Bacillota;Bacillota;Pseudomonadota;Bacillota	1506509;2771139;2815251;4678554;3597140	test	5	5	5	72.63197	100.0	9.518945	9.518929	medium	50-200	20000-100000	2000	0.8-1.2	random_per_contaminant_copy	30.0	1.0	5.0	0.3	0.15	0.6	0	1	4	5	1111374	
genome_343	343	34	3	7334003	set_C_clean	GB_GCA_018649525.1	Patescibacteriota	Bacteria	d__Bacteria;p__Patescibacteriota;c__Microgenomatia;o__UBA1400;f__PJMF01;g__JABBGTR01;s__JABBGTR01 sp018646985	test	1014778	605918	605918	RS_GCF_030518715.1;GB_GCA_902167955.1;GB_GCA_948630125.1;RS_GCF_003259505.1	Cyanobacteriota;Bacillota;Bacillota;Bacteroidota	2676782;3143929;1952008;4976181	test	4	4	4	60.170728	59.709414	93.551883	59.709414	low	200-500	5000-20000	1000	0.8-1.2	random_per_contaminant_copy	30.0	1.0	5.0	0.3	0.15	0.6	0	19	4	23	1211836	
genome_344	344	34	4	7334004	set_C_clean	GB_GCA_018649525.1	Patescibacteriota	Bacteria	d__Bacteria;p__Patescibacteriota;c__Microgenomatia;o__UBA1400;f__PJMF01;g__JABBGTR01;s__JABBGTR01 sp018646985	test	1014778	1014778	587937	GB_GCA_948806195.1;RS_GCF_000499665.2	Chrysiogenota;Pseudomonadota	2467279;1353450	test	2	2	2	60.911834	100.0	57.937555	57.9375	medium	50-200	20000-100000	2000	0.8-1.2	random_per_contaminant_copy	30.0	1.0	5.0	0.3	0.15	0.6	0	2	36	38	1602715	
genome_345	345	34	5	7334005	set_C_clean	GB_GCA_018649525.1	Patescibacteriota	Bacteria	d__Bacteria;p__Patescibacteriota;c__Microgenomatia;o__UBA1400;f__PJMF01;g__JABBGTR01;s__JABBGTR01 sp018646985	test	1014778	719987	373077	RS_GCF_003479505.1;RS_GCF_038405715.1;RS_GCF_001260995.1;RS_GCF_036621535.1;RS_GCF_000664125.1	Bacillota;Pseudomonadota;Pseudomonadota;Bacillota;Actinomycetota	3184543;5643795;3996840;4219379;4427961	test	5	5	5	71.237558	70.950198	36.764452	36.764396	highly_fragmented	500-2000	1000-5000	500	0.8-1.2	random_per_contaminant_copy	30.0	1.0	5.0	0.3	0.15	0.6	0	125	2	127	1093064	
genome_346	346	34	6	7334006	set_C_clean	GB_GCA_018649525.1	Patescibacteriota	Bacteria	d__Bacteria;p__Patescibacteriota;c__Microgenomatia;o__UBA1400;f__PJMF01;g__JABBGTR01;s__JABBGTR01 sp018646985	test	1014778	753456	538357	RS_GCF_000559645.1;GB_GCA_903895195.1;RS_GCF_020092755.1;RS_GCF_021547185.1	Bacillota;Bacteroidota_A;Pseudomonadota;Pseudomonadota	2829578;2493512;4635556;4972018	test	4	4	4	74.272481	74.248358	53.051781	53.051702	highly_fragmented	500-2000	1000-5000	500	0.8-1.2	random_per_contaminant_copy	30.0	1.0	5.0	0.3	0.15	0.6	0	49	49	98	1291813	
genome_347	347	34	7	7334007	set_C_clean	GB_GCA_018649525.1	Patescibacteriota	Bacteria	d__Bacteria;p__Patescibacteriota;c__Microgenomatia;o__UBA1400;f__PJMF01;g__JABBGTR01;s__JABBGTR01 sp018646985	test	1014778	1014778	431626	RS_GCF_030316605.1	Bacillota	2231425	test	1	1	1	77.429715	100.0	68.419725	42.534032	medium	50-200	20000-100000	2000	0.8-1.2	random_per_contaminant_copy	30.0	1.0	5.0	0.3	0.15	0.6	0	1	2	3	1446404	
genome_348	348	34	8	7334008	set_C_clean	GB_GCA_018649525.1	Patescibacteriota	Bacteria	d__Bacteria;p__Patescibacteriota;c__Microgenomatia;o__UBA1400;f__PJMF01;g__JABBGTR01;s__JABBGTR01 sp018646985	test	1014778	1014778	711098	RS_GCF_001808955.1;GB_GCA_963589775.1;RS_GCF_001973165.1	Actinomycetota;Thermoplasmatota;Pseudomonadota	2312383;1435190;4745846	test	3	3	3	91.311746	100.0	70.074244	70.074243	medium	50-200	20000-100000	2000	0.8-1.2	random_per_contaminant_copy	30.0	1.0	5.0	0.3	0.15	0.6	0	2	1	3	1725876	
genome_349	349	34	9	7334009	set_C_clean	GB_GCA_018649525.1	Patescibacteriota	Bacteria	d__Bacteria;p__Patescibacteriota;c__Microgenomatia;o__UBA1400;f__PJMF01;g__JABBGTR01;s__JABBGTR01 sp018646985	test	1014778	1014778	722303	RS_GCF_004795105.1;RS_GCF_001846195.1	Actinomycetota;Actinomycetota	8192665;4398969	test	2	2	2	54.249274	100.0	71.1785	71.178425	medium	50-200	20000-100000	2000	0.8-1.2	random_per_contaminant_copy	30.0	1.0	5.0	0.3	0.15	0.6	0	1	13	14	1737081	
genome_350	350	35	0	7335000	set_C_clean	GB_GCA_018657425.1	Patescibacteriota	Bacteria	d__Bacteria;p__Patescibacteriota;c__Patescibacteriia;o__Magasanikbacterales;f__UBA922;g__JABIEQ01;s__JABIEQ01 sp018651085	test	916820	773407	749609	RS_GCF_002935055.1;RS_GCF_030816095.1;RS_GCF_030490165.1	Pseudomonadota;Pseudomonadota;Pseudomonadota	5388594;6705746;6016882	test	3	3	3	86.513012	84.357562	81.761925	81.761851	highly_fragmented	500-2000	1000-5000	500	0.8-1.2	random_per_contaminant_copy	30.0	1.0	5.0	0.3	0.15	0.6	0	17	7	24	1523016	
genome_351	351	35	1	7335001	set_C_clean	GB_GCA_018657425.1	Patescibacteriota	Bacteria	d__Bacteria;p__Patescibacteriota;c__Patescibacteriia;o__Magasanikbacterales;f__UBA922;g__JABIEQ01;s__JABIEQ01 sp018651085	test	916820	801606	278436	RS_GCF_035520975.1;RS_GCF_030546185.1;RS_GCF_000785005.1;GB_GCA_014844835.1	Pseudomonadota;Bacteroidota;Pseudomonadota;Pseudomonadota	2229563;5443876;5473580;2148016	test	4	4	4	88.477139	87.433302	30.369819	30.369756	highly_fragmented	500-2000	1000-5000	500	0.8-1.2	random_per_contaminant_copy	30.0	1.0	5.0	0.3	0.15	0.6	0	94	2	96	1080042	
genome_352	352	35	2	7335002	set_C_clean	GB_GCA_018657425.1	Patescibacteriota	Bacteria	d__Bacteria;p__Patescibacteriota;c__Patescibacteriia;o__Magasanikbacterales;f__UBA922;g__JABIEQ01;s__JABIEQ01 sp018651085	test	916820	482375	482374	RS_GCF_030924155.1;RS_GCF_023718535.1;RS_GCF_023652175.1;GB_GCA_949074435.1	Bacillota;Bacteroidota;Actinomycetota;Elusimicrobiota	820319;4652850;2392691;1611212	test	4	4	4	52.838284	52.613926	90.981571	52.613817	highly_fragmented	500-2000	1000-5000	500	0.8-1.2	random_per_contaminant_copy	30.0	1.0	5.0	0.3	0.15	0.6	0	68	11	79	964749	
genome_353	353	35	3	7335003	set_C_clean	GB_GCA_018657425.1	Patescibacteriota	Bacteria	d__Bacteria;p__Patescibacteriota;c__Patescibacteriia;o__Magasanikbacterales;f__UBA922;g__JABIEQ01;s__JABIEQ01 sp018651085	test	916820	736382	736382	RS_GCF_000987875.1;RS_GCF_030441215.1	Pseudomonadota;Campylobacterota	5153435;2228413	test	2	2	2	81.697167	80.319147	92.742821	80.319147	highly_fragmented	500-2000	1000-5000	500	0.8-1.2	random_per_contaminant_copy	30.0	1.0	5.0	0.3	0.15	0.6	0	32	10	42	1472764	
genome_354	354	35	4	7335004	set_C_clean	GB_GCA_018657425.1	Patescibacteriota	Bacteria	d__Bacteria;p__Patescibacteriota;c__Patescibacteriia;o__Magasanikbacterales;f__UBA922;g__JABIEQ01;s__JABIEQ01 sp018651085	test	916820	916820	11056	GB_GCA_949508355.1	Bacteroidota	2759890	test	1	1	1	52.529277	100.0	1.20594	1.205907	high	10-50	100000-500000	5000	0.8-1.2	random_per_contaminant_copy	30.0	1.0	5.0	0.3	0.15	0.6	0	1	1	2	927876	
genome_355	355	35	5	7335005	set_C_clean	GB_GCA_018657425.1	Patescibacteriota	Bacteria	d__Bacteria;p__Patescibacteriota;c__Patescibacteriia;o__Magasanikbacterales;f__UBA922;g__JABIEQ01;s__JABIEQ01 sp018651085	test	916820	813303	328323	RS_GCF_000576775.1;RS_GCF_039544345.1;RS_GCF_032381215.1	Bacillota;Actinomycetota;Pseudomonadota	2920318;3996703;7771437	test	3	3	3	52.61165	88.709125	35.811168	35.811064	medium	50-200	20000-100000	2000	0.8-1.2	random_per_contaminant_copy	30.0	1.0	5.0	0.3	0.15	0.6	0	1	6	7	1141626	
genome_356	356	35	6	7335006	set_C_clean	GB_GCA_018657425.1	Patescibacteriota	Bacteria	d__Bacteria;p__Patescibacteriota;c__Patescibacteriia;o__Magasanikbacterales;f__UBA922;g__JABIEQ01;s__JABIEQ01 sp018651085	test	916820	473043	659	RS_GCF_011379625.1	Bacillota	2026475	test	1	1	1	51.238875	51.59606	0.071921	0.071879	highly_fragmented	500-2000	1000-5000	500	0.8-1.2	random_per_contaminant_copy	30.0	1.0	5.0	0.3	0.15	0.6	0	13	1	14	473702	
genome_357	357	35	7	7335007	set_C_clean	GB_GCA_018657425.1	Patescibacteriota	Bacteria	d__Bacteria;p__Patescibacteriota;c__Patescibacteriia;o__Magasanikbacterales;f__UBA922;g__JABIEQ01;s__JABIEQ01 sp018651085	test	916820	916820	277585	RS_GCF_041435495.1;RS_GCF_032563055.1	Actinomycetota;Bacillota	8744813;3548320	test	2	2	2	59.194661	100.0	40.091622	30.276935	medium	50-200	20000-100000	2000	0.8-1.2	random_per_contaminant_copy	30.0	1.0	5.0	0.3	0.15	0.6	0	1	6	7	1194405	
genome_358	358	35	8	7335008	set_C_clean	GB_GCA_018657425.1	Patescibacteriota	Bacteria	d__Bacteria;p__Patescibacteriota;c__Patescibacteriia;o__Magasanikbacterales;f__UBA922;g__JABIEQ01;s__JABIEQ01 sp018651085	test	916820	916820	384951	RS_GCF_001844525.1;RS_GCF_016729905.1	Actinomycetota;Pseudomonadota	4382455;4421297	test	2	2	2	60.106084	100.0	41.987642	41.987631	medium	50-200	20000-100000	2000	0.8-1.2	random_per_contaminant_copy	30.0	1.0	5.0	0.3	0.15	0.6	0	1	3	4	1301771	
genome_359	359	35	9	7335009	set_C_clean	GB_GCA_018657425.1	Patescibacteriota	Bacteria	d__Bacteria;p__Patescibacteriota;c__Patescibacteriia;o__Magasanikbacterales;f__UBA922;g__JABIEQ01;s__JABIEQ01 sp018651085	test	916820	916820	262618	RS_GCF_009933595.1;RS_GCF_005217555.1;RS_GCF_034258925.1;RS_GCF_028203455.1;RS_GCF_028203295.1	Bacillota;Bacillota;Pseudomonadota;Actinomycetota;Actinomycetota	1906794;4562157;5469679;2265927;2028233	test	5	5	5	81.016781	100.0	28.644535	28.644445	high	10-50	100000-500000	5000	0.8-1.2	random_per_contaminant_copy	30.0	1.0	5.0	0.3	0.15	0.6	0	1	11	12	1179438	
genome_360	360	36	0	7336000	set_C_clean	GB_GCA_018816885.1	Patescibacteriota	Bacteria	d__Bacteria;p__Patescibacteriota;c__Gracilibacteria;o__UBA1369;f__UBA12470;g__JAHIUS01;s__JAHIUS01 sp018816885	test	1259825	691263	691263	RS_GCF_011292325.1;GB_GCA_016709365.1;GB_GCA_035408625.1;RS_GCF_002063555.1	Bacillota;Nitrospirota;Acidobacteriota;Pseudomonadota	2815102;4447652;3779166;4662361	test	4	4	4	52.666169	54.869764	63.52737	54.869764	low	200-500	5000-20000	1000	0.8-1.2	random_per_contaminant_copy	30.0	1.0	5.0	0.3	0.15	0.6	0	2	2	4	1382526	
genome_361	361	36	1	7336001	set_C_clean	GB_GCA_018816885.1	Patescibacteriota	Bacteria	d__Bacteria;p__Patescibacteriota;c__Gracilibacteria;o__UBA1369;f__UBA12470;g__JAHIUS01;s__JAHIUS01 sp018816885	test	1259825	1003223	1002752	RS_GCF_009827455.1;RS_GCF_020075005.1;GB_GCA_037898875.1;RS_GCF_039615155.1	Pseudomonadota;Bacillota;Fusobacteriota;Pseudomonadota	2868693;2790517;2583102;4177724	test	4	4	4	86.158803	79.631933	95.833753	79.594547	low	200-500	5000-20000	1000	0.8-1.2	random_per_contaminant_copy	30.0	1.0	5.0	0.3	0.15	0.6	0	18	22	40	2005975	
genome_362	362	36	2	7336002	set_C_clean	GB_GCA_018816885.1	Patescibacteriota	Bacteria	d__Bacteria;p__Patescibacteriota;c__Gracilibacteria;o__UBA1369;f__UBA12470;g__JAHIUS01;s__JAHIUS01 sp018816885	test	1259825	1259825	1133591	RS_GCF_004213785.1	Pseudomonadota	3370327	test	1	1	1	82.815801	100.0	89.993817	89.980037	medium	50-200	20000-100000	2000	0.8-1.2	random_per_contaminant_copy	30.0	1.0	5.0	0.3	0.15	0.6	0	2	188	190	2393416	
genome_363	363	36	3	7336003	set_C_clean	GB_GCA_018816885.1	Patescibacteriota	Bacteria	d__Bacteria;p__Patescibacteriota;c__Gracilibacteria;o__UBA1369;f__UBA12470;g__JAHIUS01;s__JAHIUS01 sp018816885	test	1259825	934048	830475	RS_GCF_007858655.1;RS_GCF_000212395.1;RS_GCF_035066045.1	Actinomycetota;Thermodesulfobiota;Campylobacterota	3146993;1898865;2269969	test	3	3	3	84.386188	74.141091	65.919942	65.91987	highly_fragmented	500-2000	1000-5000	500	0.8-1.2	random_per_contaminant_copy	30.0	1.0	5.0	0.3	0.15	0.6	0	35	8	43	1764523	
genome_364	364	36	4	7336004	set_C_clean	GB_GCA_018816885.1	Patescibacteriota	Bacteria	d__Bacteria;p__Patescibacteriota;c__Gracilibacteria;o__UBA1369;f__UBA12470;g__JAHIUS01;s__JAHIUS01 sp018816885	test	1259825	642444	642444	RS_GCF_002490225.1;RS_GCF_030195475.1;RS_GCF_900143155.1;RS_GCF_023668165.1;RS_GCF_001710375.1	Bacillota;Pseudomonadota;Pseudomonadota;Bacteroidota;Bacillota	2933568;5347037;3344933;6555718;2920977	test	5	5	5	51.555709	50.994702	70.567086	50.994702	low	200-500	5000-20000	1000	0.8-1.2	random_per_contaminant_copy	30.0	1.0	5.0	0.3	0.15	0.6	0	27	7	34	1284888	
genome_365	365	36	5	7336005	set_C_clean	GB_GCA_018816885.1	Patescibacteriota	Bacteria	d__Bacteria;p__Patescibacteriota;c__Gracilibacteria;o__UBA1369;f__UBA12470;g__JAHIUS01;s__JAHIUS01 sp018816885	test	1259825	850211	850211	RS_GCF_938049945.1;RS_GCF_000355845.1;RS_GCF_900986105.1;GB_GCA_037145635.1	Bacteroidota;Campylobacterota;Bacillota;Pseudomonadota	2190363;1697084;1790667;4319266	test	4	4	4	87.200653	67.486437	68.476902	67.486437	low	200-500	5000-20000	1000	0.8-1.2	random_per_contaminant_copy	30.0	1.0	5.0	0.3	0.15	0.6	0	14	83	97	1700422	
genome_366	366	36	6	7336006	set_C_clean	GB_GCA_018816885.1	Patescibacteriota	Bacteria	d__Bacteria;p__Patescibacteriota;c__Gracilibacteria;o__UBA1369;f__UBA12470;g__JAHIUS01;s__JAHIUS01 sp018816885	test	1259825	1259825	546407	RS_GCF_022465515.1;GB_GCA_036303205.1	Campylobacterota;Bacillota	1792363;4178766	test	2	2	2	85.58618	100.0	44.508533	43.371659	medium	50-200	20000-100000	2000	0.8-1.2	random_per_contaminant_copy	30.0	1.0	5.0	0.3	0.15	0.6	0	2	39	41	1806232	
genome_367	367	36	7	7336007	set_C_clean	GB_GCA_018816885.1	Patescibacteriota	Bacteria	d__Bacteria;p__Patescibacteriota;c__Gracilibacteria;o__UBA1369;f__UBA12470;g__JAHIUS01;s__JAHIUS01 sp018816885	test	1259825	1117679	1099521	GB_GCA_937992105.1	Bacteroidota	3316526	test	1	1	1	79.048987	88.717004	87.275739	87.275693	low	200-500	5000-20000	1000	0.8-1.2	random_per_contaminant_copy	30.0	1.0	5.0	0.3	0.15	0.6	0	4	1	5	2217200	
genome_368	368	36	8	7336008	set_C_clean	GB_GCA_018816885.1	Patescibacteriota	Bacteria	d__Bacteria;p__Patescibacteriota;c__Gracilibacteria;o__UBA1369;f__UBA12470;g__JAHIUS01;s__JAHIUS01 sp018816885	test	1259825	813431	813431	RS_GCF_040188235.1;RS_GCF_000018905.1;RS_GCF_000458625.1	Campylobacterota;Pseudomonadota;Pseudomonadota	1772565;3324607;5345647	test	3	3	3	64.902313	64.566984	83.751846	64.566984	highly_fragmented	500-2000	1000-5000	500	0.8-1.2	random_per_contaminant_copy	30.0	1.0	5.0	0.3	0.15	0.6	0	21	5	26	1626862	
genome_369	369	36	9	7336009	set_C_clean	GB_GCA_018816885.1	Patescibacteriota	Bacteria	d__Bacteria;p__Patescibacteriota;c__Gracilibacteria;o__UBA1369;f__UBA12470;g__JAHIUS01;s__JAHIUS01 sp018816885	test	1259825	765516	305513	RS_GCF_002482335.1;RS_GCF_002806415.1;GB_GCA_948639235.1;RS_GCF_030180785.1;RS_GCF_030125325.1	Pseudomonadota;Campylobacterota;Desulfobacterota_I;Fusobacteriota;Pseudomonadota	4508508;1701237;2139581;2018695;4778533	test	5	5	5	60.823297	60.763677	24.250472	24.250432	highly_fragmented	500-2000	1000-5000	500	0.8-1.2	random_per_contaminant_copy	30.0	1.0	5.0	0.3	0.15	0.6	0	129	5	134	1071029	
genome_370	370	37	0	7337000	set_C_clean	GB_GCA_019634005.1	Patescibacteriota	Bacteria	d__Bacteria;p__Patescibacteriota;c__Minisyncoccia;o__UBA9973;f__UBA918;g__JAHQWD01;s__JAHQWD01 sp019634005	test	638310	456918	437885	GB_GCA_002848525.1;RS_GCF_038738475.1	Actinomycetota;Actinomycetota	8027164;2501019	test	2	2	2	72.014736	71.58246	68.60069	68.60068	highly_fragmented	500-2000	1000-5000	500	0.8-1.2	random_per_contaminant_copy	30.0	1.0	5.0	0.3	0.15	0.6	0	46	5	51	894803	
genome_371	371	37	1	7337001	set_C_clean	GB_GCA_019634005.1	Patescibacteriota	Bacteria	d__Bacteria;p__Patescibacteriota;c__Minisyncoccia;o__UBA9973;f__UBA918;g__JAHQWD01;s__JAHQWD01 sp019634005	test	638310	638310	37853	GB_GCA_948788805.1;RS_GCF_012395345.1;GB_GCA_031975855.1;RS_GCF_040370605.1;RS_GCF_000525325.1	Verrucomicrobiota;Bacillota;Bacteroidota;Pseudomonadota;Bacillota	2927169;5197675;2361058;4819236;2938627	test	5	5	5	87.591209	100.0	5.930193	5.930191	high	10-50	100000-500000	5000	0.8-1.2	random_per_contaminant_copy	30.0	1.0	5.0	0.3	0.15	0.6	0	1	3	4	676163	
genome_372	372	37	2	7337002	set_C_clean	GB_GCA_019634005.1	Patescibacteriota	Bacteria	d__Bacteria;p__Patescibacteriota;c__Minisyncoccia;o__UBA9973;f__UBA918;g__JAHQWD01;s__JAHQWD01 sp019634005	test	638310	333056	326971	RS_GCF_020828365.1	Campylobacterota	1629958	test	1	1	1	60.182986	52.177782	68.411912	51.224483	low	200-500	5000-20000	1000	0.8-1.2	random_per_contaminant_copy	30.0	1.0	5.0	0.3	0.15	0.6	0	3	4	7	660027	
genome_373	373	37	3	7337003	set_C_clean	GB_GCA_019634005.1	Patescibacteriota	Bacteria	d__Bacteria;p__Patescibacteriota;c__Minisyncoccia;o__UBA9973;f__UBA918;g__JAHQWD01;s__JAHQWD01 sp019634005	test	638310	428776	398139	RS_GCF_001815965.1;RS_GCF_030168365.1;RS_GCF_003956785.1;RS_GCF_014196535.1;RS_GCF_017161155.1	Actinomycetota;Spirochaetota;Bacillota;Pseudomonadota;Pseudomonadota	2305457;2551049;2475304;4816868;5746424	test	5	5	5	60.119431	67.17363	62.373965	62.373925	medium	50-200	20000-100000	2000	0.8-1.2	random_per_contaminant_copy	30.0	1.0	5.0	0.3	0.15	0.6	0	4	6	10	826915	
genome_374	374	37	4	7337004	set_C_clean	GB_GCA_019634005.1	Patescibacteriota	Bacteria	d__Bacteria;p__Patescibacteriota;c__Minisyncoccia;o__UBA9973;f__UBA918;g__JAHQWD01;s__JAHQWD01 sp019634005	test	638310	638310	256950	RS_GCF_900519455.1;RS_GCF_001214045.1;RS_GCF_015277815.1	Bacillota;Actinomycetota;Actinomycetota	1876981;4850857;3712988	test	3	3	3	55.399722	100.0	40.25475	40.254735	low	200-500	5000-20000	1000	0.8-1.2	random_per_contaminant_copy	30.0	1.0	5.0	0.3	0.15	0.6	0	3	2	5	895260	
genome_375	375	37	5	7337005	set_C_clean	GB_GCA_019634005.1	Patescibacteriota	Bacteria	d__Bacteria;p__Patescibacteriota;c__Minisyncoccia;o__UBA9973;f__UBA918;g__JAHQWD01;s__JAHQWD01 sp019634005	test	638310	638310	305656	RS_GCF_016432665.1;GB_GCA_948694335.1	Actinomycetota;Bacteroidota	7435252;2929225	test	2	2	2	62.921463	100.0	47.885244	47.885197	medium	50-200	20000-100000	2000	0.8-1.2	random_per_contaminant_copy	30.0	1.0	5.0	0.3	0.15	0.6	0	1	1	2	943966	
genome_376	376	37	6	7337006	set_C_clean	GB_GCA_019634005.1	Patescibacteriota	Bacteria	d__Bacteria;p__Patescibacteriota;c__Minisyncoccia;o__UBA9973;f__UBA918;g__JAHQWD01;s__JAHQWD01 sp019634005	test	638310	638310	498449	GB_GCA_958452745.1;RS_GCF_037027065.1;RS_GCF_006348695.1;RS_GCF_003960145.1;RS_GCF_040543505.1	Bacteroidota;Bacillota;Campylobacterota;Campylobacterota;Bacillota	3802851;5360014;1574299;1616991;2781053	test	5	5	5	74.306489	100.0	78.08896	78.08886	high	10-50	100000-500000	5000	0.8-1.2	random_per_contaminant_copy	30.0	1.0	5.0	0.3	0.15	0.6	0	1	2	3	1136759	
genome_377	377	37	7	7337007	set_C_clean	GB_GCA_019634005.1	Patescibacteriota	Bacteria	d__Bacteria;p__Patescibacteriota;c__Minisyncoccia;o__UBA9973;f__UBA918;g__JAHQWD01;s__JAHQWD01 sp019634005	test	638310	638310	447347	RS_GCF_032583975.1;RS_GCF_029847685.1	Bacteroidota;Pseudomonadota	3131339;3875969	test	2	2	2	56.723777	100.0	70.083124	70.083032	medium	50-200	20000-100000	2000	0.8-1.2	random_per_contaminant_copy	30.0	1.0	5.0	0.3	0.15	0.6	0	2	1	3	1085657	
genome_378	378	37	8	7337008	set_C_clean	GB_GCA_019634005.1	Patescibacteriota	Bacteria	d__Bacteria;p__Patescibacteriota;c__Minisyncoccia;o__UBA9973;f__UBA918;g__JAHQWD01;s__JAHQWD01 sp019634005	test	638310	638310	218470	RS_GCF_948726505.1;RS_GCF_029767905.1;RS_GCF_039523595.1;GB_GCA_964018355.1	Campylobacterota;Pseudomonadota;Pseudomonadota;Bacteroidota	1988371;4104895;3144671;2918475	test	4	4	4	95.851536	100.0	34.226436	34.226316	high	10-50	100000-500000	5000	0.8-1.2	random_per_contaminant_copy	30.0	1.0	5.0	0.3	0.15	0.6	0	1	7	8	856780	
genome_379	379	37	9	7337009	set_C_clean	GB_GCA_019634005.1	Patescibacteriota	Bacteria	d__Bacteria;p__Patescibacteriota;c__Minisyncoccia;o__UBA9973;f__UBA918;g__JAHQWD01;s__JAHQWD01 sp019634005	test	638310	442302	133320	RS_GCF_000695855.3;GB_GCA_963661605.1;RS_GCF_018419415.1;RS_GCF_001865555.1	Pseudomonadota;Actinomycetota;Bacillota;Campylobacterota	3935134;2294353;2121347;1767110	test	4	4	4	91.835915	69.292663	22.324245	20.886403	highly_fragmented	500-2000	1000-5000	500	0.8-1.2	random_per_contaminant_copy	30.0	1.0	5.0	0.3	0.15	0.6	0	21	22	43	575622	
genome_380	380	38	0	7338000	set_C_clean	GB_GCA_020724865.1	Patescibacteriota	Bacteria	d__Bacteria;p__Patescibacteriota;c__Patescibacteriia;o__S139-126;f__S139-126;g__DYGA01;s__DYGA01 sp020724865	test	800321	461129	461129	RS_GCF_035793855.1;GB_GCA_018141785.1;GB_GCA_029248525.1	Bacillota;Cyanobacteriota;Desulfobacterota_B	2590610;3839796;4277041	test	3	3	3	57.772043	57.618006	78.215593	57.618006	highly_fragmented	500-2000	1000-5000	500	0.8-1.2	random_per_contaminant_copy	30.0	1.0	5.0	0.3	0.15	0.6	0	17	23	40	922258	
genome_381	381	38	1	7338001	set_C_clean	GB_GCA_020724865.1	Patescibacteriota	Bacteria	d__Bacteria;p__Patescibacteriota;c__Patescibacteriia;o__S139-126;f__S139-126;g__DYGA01;s__DYGA01 sp020724865	test	800321	658291	65348	RS_GCF_004012735.1	Campylobacterota	1619935	test	1	1	1	80.568042	82.253371	23.722475	8.165224	highly_fragmented	500-2000	1000-5000	500	0.8-1.2	random_per_contaminant_copy	30.0	1.0	5.0	0.3	0.15	0.6	0	7	1	8	723639	
genome_382	382	38	2	7338002	set_C_clean	GB_GCA_020724865.1	Patescibacteriota	Bacteria	d__Bacteria;p__Patescibacteriota;c__Patescibacteriia;o__S139-126;f__S139-126;g__DYGA01;s__DYGA01 sp020724865	test	800321	535832	510711	GB_GCA_019359625.1;RS_GCF_003467725.1	Cyanobacteriota;Bacillota	8066605;4253056	test	2	2	2	90.748425	66.952135	85.032957	63.81327	low	200-500	5000-20000	1000	0.8-1.2	random_per_contaminant_copy	30.0	1.0	5.0	0.3	0.15	0.6	0	2	13	15	1046543	
genome_383	383	38	3	7338003	set_C_clean	GB_GCA_020724865.1	Patescibacteriota	Bacteria	d__Bacteria;p__Patescibacteriota;c__Patescibacteriia;o__S139-126;f__S139-126;g__DYGA01;s__DYGA01 sp020724865	test	800321	725340	535619	RS_GCF_040151705.1	Actinomycetota	4451137	test	1	1	1	82.375867	90.631134	66.925566	66.925521	highly_fragmented	500-2000	1000-5000	500	0.8-1.2	random_per_contaminant_copy	30.0	1.0	5.0	0.3	0.15	0.6	0	8	47	55	1260959	
genome_384	384	38	4	7338004	set_C_clean	GB_GCA_020724865.1	Patescibacteriota	Bacteria	d__Bacteria;p__Patescibacteriota;c__Patescibacteriia;o__S139-126;f__S139-126;g__DYGA01;s__DYGA01 sp020724865	test	800321	518707	174095	RS_GCF_029383305.1;RS_GCF_001237925.1;RS_GCF_005871205.1;GB_GCA_029249485.1	Pseudomonadota;Campylobacterota;Pseudomonadota;Bacteroidota	5802338;1683037;4337754;2396349	test	4	4	4	71.793158	64.812369	21.753224	21.753147	medium	50-200	20000-100000	2000	0.8-1.2	random_per_contaminant_copy	30.0	1.0	5.0	0.3	0.15	0.6	0	1	1	2	692802	
genome_385	385	38	5	7338005	set_C_clean	GB_GCA_020724865.1	Patescibacteriota	Bacteria	d__Bacteria;p__Patescibacteriota;c__Patescibacteriia;o__S139-126;f__S139-126;g__DYGA01;s__DYGA01 sp020724865	test	800321	602444	269584	GB_GCA_001813985.1	Actinomycetota	2085934	test	1	1	1	75.756211	75.275296	33.684595	33.684484	low	200-500	5000-20000	1000	0.8-1.2	random_per_contaminant_copy	30.0	1.0	5.0	0.3	0.15	0.6	0	10	1	11	872028	
genome_386	386	38	6	7338006	set_C_clean	GB_GCA_020724865.1	Patescibacteriota	Bacteria	d__Bacteria;p__Patescibacteriota;c__Patescibacteriia;o__S139-126;f__S139-126;g__DYGA01;s__DYGA01 sp020724865	test	800321	800321	367077	RS_GCF_035011845.1;GB_GCA_905199185.1	Pseudomonadota;Bacillota	4947006;2472479	test	2	2	2	64.172156	100.0	45.866229	45.866221	high	10-50	100000-500000	5000	0.8-1.2	random_per_contaminant_copy	30.0	1.0	5.0	0.3	0.15	0.6	0	1	6	7	1167398	
genome_387	387	38	7	7338007	set_C_clean	GB_GCA_020724865.1	Patescibacteriota	Bacteria	d__Bacteria;p__Patescibacteriota;c__Patescibacteriia;o__S139-126;f__S139-126;g__DYGA01;s__DYGA01 sp020724865	test	800321	800321	556817	GB_GCA_902465795.1;RS_GCF_027186305.1;RS_GCF_900476675.2;GB_GCA_944319815.1;GB_GCA_946499135.1	Actinomycetota;Pseudomonadota;Pseudomonadota;Bacteroidota;Pseudomonadota	2217348;5255795;3942707;2778471;2379011	test	5	5	5	74.645074	100.0	69.574269	69.574208	high	10-50	100000-500000	5000	0.8-1.2	random_per_contaminant_copy	30.0	1.0	5.0	0.3	0.15	0.6	0	1	13	14	1357138	
genome_388	388	38	8	7338008	set_C_clean	GB_GCA_020724865.1	Patescibacteriota	Bacteria	d__Bacteria;p__Patescibacteriota;c__Patescibacteriia;o__S139-126;f__S139-126;g__DYGA01;s__DYGA01 sp020724865	test	800321	583191	583191	RS_GCF_034642355.1	Bacillota	2979264	test	1	1	1	73.194655	72.869636	84.391897	72.869636	highly_fragmented	500-2000	1000-5000	500	0.8-1.2	random_per_contaminant_copy	30.0	1.0	5.0	0.3	0.15	0.6	0	121	9	130	1166382	
genome_389	389	38	9	7338009	set_C_clean	GB_GCA_020724865.1	Patescibacteriota	Bacteria	d__Bacteria;p__Patescibacteriota;c__Patescibacteriia;o__S139-126;f__S139-126;g__DYGA01;s__DYGA01 sp020724865	test	800321	800321	341934	RS_GCF_943908105.1;RS_GCF_016613495.1	Bacteroidota_A;Pseudomonadota	3809717;3870824	test	2	2	2	71.387955	100.0	42.724714	42.724607	high	10-50	100000-500000	5000	0.8-1.2	random_per_contaminant_copy	30.0	1.0	5.0	0.3	0.15	0.6	0	1	1	2	1142255	
genome_390	390	39	0	7339000	set_C_clean	GB_GCA_020724905.1	Patescibacteriota	Bacteria	d__Bacteria;p__Patescibacteriota;c__Minisyncoccia;o__UBA6257;f__JAGOQP01;g__DYGB01;s__DYGB01 sp020724905	test	575572	353399	353399	RS_GCF_901544215.1;RS_GCF_005381665.1	Bacillota;Pseudomonadota	2193653;4885047	test	2	2	2	50.112505	61.399616	87.701194	61.399616	low	200-500	5000-20000	1000	0.8-1.2	random_per_contaminant_copy	30.0	1.0	5.0	0.3	0.15	0.6	0	2	1	3	706798	
genome_391	391	39	1	7339001	set_C_clean	GB_GCA_020724905.1	Patescibacteriota	Bacteria	d__Bacteria;p__Patescibacteriota;c__Minisyncoccia;o__UBA6257;f__JAGOQP01;g__DYGB01;s__DYGB01 sp020724905	test	575572	478518	307851	RS_GCF_000537295.1;RS_GCF_015554835.1	Bacillota;Actinomycetota	2935924;3459061	test	2	2	2	83.520325	83.137818	53.486257	53.486097	highly_fragmented	500-2000	1000-5000	500	0.8-1.2	random_per_contaminant_copy	30.0	1.0	5.0	0.3	0.15	0.6	0	29	5	34	786369	
genome_392	392	39	2	7339002	set_C_clean	GB_GCA_020724905.1	Patescibacteriota	Bacteria	d__Bacteria;p__Patescibacteriota;c__Minisyncoccia;o__UBA6257;f__JAGOQP01;g__DYGB01;s__DYGB01 sp020724905	test	575572	439684	184359	RS_GCF_029634765.1;GB_GCA_028689675.1;RS_GCF_002804895.1;RS_GCF_004122145.1;RS_GCF_020256345.1	Bacillota;Desulfobacterota_I;Campylobacterota;Bacteroidota;Bacteroidota	2856558;2363387;1706072;3374625;5889076	test	5	5	5	69.138699	76.39079	32.030587	32.030571	highly_fragmented	500-2000	1000-5000	500	0.8-1.2	random_per_contaminant_copy	30.0	1.0	5.0	0.3	0.15	0.6	0	8	2	10	624043	
genome_393	393	39	3	7339003	set_C_clean	GB_GCA_020724905.1	Patescibacteriota	Bacteria	d__Bacteria;p__Patescibacteriota;c__Minisyncoccia;o__UBA6257;f__JAGOQP01;g__DYGB01;s__DYGB01 sp020724905	test	575572	575572	6935	RS_GCF_008807855.1;RS_GCF_030686875.1;RS_GCF_946497865.1	Pseudomonadota;Bacteroidota;Bacteroidota	7296847;3247139;6153813	test	3	3	3	55.850367	100.0	1.205054	1.204888	high	10-50	100000-500000	5000	0.8-1.2	random_per_contaminant_copy	30.0	1.0	5.0	0.3	0.15	0.6	0	1	1	2	582507	
genome_394	394	39	4	7339004	set_C_clean	GB_GCA_020724905.1	Patescibacteriota	Bacteria	d__Bacteria;p__Patescibacteriota;c__Minisyncoccia;o__UBA6257;f__JAGOQP01;g__DYGB01;s__DYGB01 sp020724905	test	575572	351415	351415	RS_GCF_002576955.1	Bacillota	6028976	test	1	1	1	60.628251	61.054916	77.651144	61.054916	low	200-500	5000-20000	1000	0.8-1.2	random_per_contaminant_copy	30.0	1.0	5.0	0.3	0.15	0.6	0	10	9	19	702830	
genome_395	395	39	5	7339005	set_C_clean	GB_GCA_020724905.1	Patescibacteriota	Bacteria	d__Bacteria;p__Patescibacteriota;c__Minisyncoccia;o__UBA6257;f__JAGOQP01;g__DYGB01;s__DYGB01 sp020724905	test	575572	575572	149910	RS_GCF_036864815.1	Bacillota	5886406	test	1	1	1	62.925052	100.0	27.02682	26.045395	medium	50-200	20000-100000	2000	0.8-1.2	random_per_contaminant_copy	30.0	1.0	5.0	0.3	0.15	0.6	0	1	2	3	725482	
genome_396	396	39	6	7339006	set_C_clean	GB_GCA_020724905.1	Patescibacteriota	Bacteria	d__Bacteria;p__Patescibacteriota;c__Minisyncoccia;o__UBA6257;f__JAGOQP01;g__DYGB01;s__DYGB01 sp020724905	test	575572	391787	391787	RS_GCF_902381645.1;GB_GCA_001151985.1;RS_GCF_039524135.1;RS_GCF_032458955.1;RS_GCF_040924245.1	Fusobacteriota;Pseudomonadota;Pseudomonadota;Bacillota;Bacillota	2268272;4680289;3884661;2906707;4460077	test	5	5	5	57.206671	68.069156	73.659005	68.069156	low	200-500	5000-20000	1000	0.8-1.2	random_per_contaminant_copy	30.0	1.0	5.0	0.3	0.15	0.6	0	1	3	4	783574	
genome_397	397	39	7	7339007	set_C_clean	GB_GCA_020724905.1	Patescibacteriota	Bacteria	d__Bacteria;p__Patescibacteriota;c__Minisyncoccia;o__UBA6257;f__JAGOQP01;g__DYGB01;s__DYGB01 sp020724905	test	575572	477318	477318	RS_GCF_023066275.1;RS_GCF_024807575.1	Bacteroidota;Pseudomonadota	2866139;5176401	test	2	2	2	92.045175	82.929329	97.942468	82.929329	low	200-500	5000-20000	1000	0.8-1.2	random_per_contaminant_copy	30.0	1.0	5.0	0.3	0.15	0.6	0	23	1	24	954636	
genome_398	398	39	8	7339008	set_C_clean	GB_GCA_020724905.1	Patescibacteriota	Bacteria	d__Bacteria;p__Patescibacteriota;c__Minisyncoccia;o__UBA6257;f__JAGOQP01;g__DYGB01;s__DYGB01 sp020724905	test	575572	575572	277721	RS_GCF_905113025.1;RS_GCF_002429765.1;RS_GCF_023061955.1;GB_GCA_004153345.1;RS_GCF_947052015.1	Bacillota;Bacteroidota;Bacillota;Bacillota;Bacillota	2064531;5404940;1985394;2866554;2584411	test	5	5	5	87.244052	100.0	48.251362	48.251305	medium	50-200	20000-100000	2000	0.8-1.2	random_per_contaminant_copy	30.0	1.0	5.0	0.3	0.15	0.6	0	1	6	7	853293	
genome_399	399	39	9	7339009	set_C_clean	GB_GCA_020724905.1	Patescibacteriota	Bacteria	d__Bacteria;p__Patescibacteriota;c__Minisyncoccia;o__UBA6257;f__JAGOQP01;g__DYGB01;s__DYGB01 sp020724905	test	575572	575572	219064	RS_GCF_900190035.1;RS_GCF_015668595.1;GB_GCA_015752395.1	Bacillota;Bacillota;Pseudomonadota	2085590;3086265;7143514	test	3	3	3	51.383186	100.0	38.060252	38.060225	medium	50-200	20000-100000	2000	0.8-1.2	random_per_contaminant_copy	30.0	1.0	5.0	0.3	0.15	0.6	0	1	1	2	794636	
genome_400	400	40	0	7340000	set_C_clean	GB_GCA_021786945.1	Patescibacteriota	Bacteria	d__Bacteria;p__Patescibacteriota;c__Minisyncoccia;o__UBA6257;f__02-FULL-45-10c;g__JAHILT01;s__JAHILT01 sp021786945	test	700109	700109	109279	RS_GCF_026792975.1;GB_GCA_902141825.1;RS_GCF_001353735.1;RS_GCF_014493605.1	Bacillota;Pseudomonadota;Bacillota;Actinomycetota	4257518;6085336;2877041;4367485	test	4	4	4	89.898386	100.0	15.608913	15.608855	high	10-50	100000-500000	5000	0.8-1.2	random_per_contaminant_copy	30.0	1.0	5.0	0.3	0.15	0.6	0	1	1	2	809388	
genome_401	401	40	1	7340001	set_C_clean	GB_GCA_021786945.1	Patescibacteriota	Bacteria	d__Bacteria;p__Patescibacteriota;c__Minisyncoccia;o__UBA6257;f__02-FULL-45-10c;g__JAHILT01;s__JAHILT01 sp021786945	test	700109	700109	507946	RS_GCF_000195595.1;RS_GCF_901544215.1;RS_GCF_041447285.1;RS_GCF_024519435.1;RS_GCF_028526805.1	Actinomycetota;Bacillota;Halobacteriota;Actinomycetota;Pseudomonadota	3135144;2193653;2843392;4831409;5895084	test	5	5	5	78.443277	100.0	72.552533	72.552417	medium	50-200	20000-100000	2000	0.8-1.2	random_per_contaminant_copy	30.0	1.0	5.0	0.3	0.15	0.6	0	1	13	14	1208055	
genome_402	402	40	2	7340002	set_C_clean	GB_GCA_021786945.1	Patescibacteriota	Bacteria	d__Bacteria;p__Patescibacteriota;c__Minisyncoccia;o__UBA6257;f__02-FULL-45-10c;g__JAHILT01;s__JAHILT01 sp021786945	test	700109	354613	354613	RS_GCF_001571675.1;RS_GCF_014279635.1	Pseudomonadota;Cyanobacteriota	4840937;2481217	test	2	2	2	50.909783	50.651113	77.680976	50.651113	highly_fragmented	500-2000	1000-5000	500	0.8-1.2	random_per_contaminant_copy	30.0	1.0	5.0	0.3	0.15	0.6	0	19	1	20	709226	
genome_403	403	40	3	7340003	set_C_clean	GB_GCA_021786945.1	Patescibacteriota	Bacteria	d__Bacteria;p__Patescibacteriota;c__Minisyncoccia;o__UBA6257;f__02-FULL-45-10c;g__JAHILT01;s__JAHILT01 sp021786945	test	700109	700109	583682	RS_GCF_000675735.1;RS_GCF_009691005.1;RS_GCF_902810365.1;RS_GCF_032097365.1;GB_GCA_948625555.1	Actinomycetota;Campylobacterota;Pseudomonadota;Pseudomonadota;Pseudomonadota	4426864;1586404;4794586;4371384;1819935	test	5	5	5	75.790674	100.0	83.370166	83.370161	medium	50-200	20000-100000	2000	0.8-1.2	random_per_contaminant_copy	30.0	1.0	5.0	0.3	0.15	0.6	0	2	12	14	1283791	
genome_404	404	40	4	7340004	set_C_clean	GB_GCA_021786945.1	Patescibacteriota	Bacteria	d__Bacteria;p__Patescibacteriota;c__Minisyncoccia;o__UBA6257;f__02-FULL-45-10c;g__JAHILT01;s__JAHILT01 sp021786945	test	700109	473081	243494	GB_GCA_958440405.1;GB_GCA_902385505.1	Bacillota;Actinomycetota	3015188;2254676	test	2	2	2	93.088656	67.572478	39.46502	34.779441	low	200-500	5000-20000	1000	0.8-1.2	random_per_contaminant_copy	30.0	1.0	5.0	0.3	0.15	0.6	0	6	4	10	716575	
genome_405	405	40	5	7340005	set_C_clean	GB_GCA_021786945.1	Patescibacteriota	Bacteria	d__Bacteria;p__Patescibacteriota;c__Minisyncoccia;o__UBA6257;f__02-FULL-45-10c;g__JAHILT01;s__JAHILT01 sp021786945	test	700109	506087	506087	RS_GCF_001929525.1	Pseudomonadota	2281388	test	1	1	1	93.181057	72.286887	86.631964	72.286887	highly_fragmented	500-2000	1000-5000	500	0.8-1.2	random_per_contaminant_copy	30.0	1.0	5.0	0.3	0.15	0.6	0	10	12	22	1012174	
genome_406	406	40	6	7340006	set_C_clean	GB_GCA_021786945.1	Patescibacteriota	Bacteria	d__Bacteria;p__Patescibacteriota;c__Minisyncoccia;o__UBA6257;f__02-FULL-45-10c;g__JAHILT01;s__JAHILT01 sp021786945	test	700109	518317	518317	RS_GCF_900987505.1	Bacillota	1777529	test	1	1	1	87.53408	74.033758	79.766336	74.033758	highly_fragmented	500-2000	1000-5000	500	0.8-1.2	random_per_contaminant_copy	30.0	1.0	5.0	0.3	0.15	0.6	0	12	123	135	1036634	
genome_407	407	40	7	7340007	set_C_clean	GB_GCA_021786945.1	Patescibacteriota	Bacteria	d__Bacteria;p__Patescibacteriota;c__Minisyncoccia;o__UBA6257;f__02-FULL-45-10c;g__JAHILT01;s__JAHILT01 sp021786945	test	700109	700109	678368	RS_GCF_029085045.1;RS_GCF_014899345.1;RS_GCF_003096095.1	Pseudomonadota;Actinomycetota;Actinomycetota	5288265;4408229;3904836	test	3	3	3	88.306933	100.0	96.894765	96.894626	medium	50-200	20000-100000	2000	0.8-1.2	random_per_contaminant_copy	30.0	1.0	5.0	0.3	0.15	0.6	0	1	5	6	1378477	
genome_408	408	40	8	7340008	set_C_clean	GB_GCA_021786945.1	Patescibacteriota	Bacteria	d__Bacteria;p__Patescibacteriota;c__Minisyncoccia;o__UBA6257;f__02-FULL-45-10c;g__JAHILT01;s__JAHILT01 sp021786945	test	700109	551837	324391	RS_GCF_900198195.1;RS_GCF_001027025.1;RS_GCF_036227005.1	Bacteroidota;Thermotogota;Actinomycetota	4614879;2169170;8296325	test	3	3	3	77.692304	78.821583	46.334465	46.334357	low	200-500	5000-20000	1000	0.8-1.2	random_per_contaminant_copy	30.0	1.0	5.0	0.3	0.15	0.6	0	18	4	22	876228	
genome_409	409	40	9	7340009	set_C_clean	GB_GCA_021786945.1	Patescibacteriota	Bacteria	d__Bacteria;p__Patescibacteriota;c__Minisyncoccia;o__UBA6257;f__02-FULL-45-10c;g__JAHILT01;s__JAHILT01 sp021786945	test	700109	637762	576633	RS_GCF_002066015.1;RS_GCF_030839385.1;RS_GCF_000693075.1	Pseudomonadota;Bacillota;Pseudomonadota	4531988;2269606;5245729	test	3	3	3	89.300304	91.094672	82.363358	82.363318	low	200-500	5000-20000	1000	0.8-1.2	random_per_contaminant_copy	30.0	1.0	5.0	0.3	0.15	0.6	0	8	8	16	1214395	
genome_410	410	41	0	7341000	set_C_clean	GB_GCA_021815445.1	Patescibacteriota	Bacteria	d__Bacteria;p__Patescibacteriota;c__Patescibacteriia;o__UBA10025;f__UBA10025;g__JAKAGM01;s__JAKAGM01 sp021815445	test	1260943	1072579	254546	RS_GCF_003638525.1	Campylobacterota	1674734	test	1	1	1	87.672185	85.061656	20.187027	20.186955	low	200-500	5000-20000	1000	0.8-1.2	random_per_contaminant_copy	30.0	1.0	5.0	0.3	0.15	0.6	0	8	1	9	1327125	
genome_411	411	41	1	7341001	set_C_clean	GB_GCA_021815445.1	Patescibacteriota	Bacteria	d__Bacteria;p__Patescibacteriota;c__Patescibacteriia;o__UBA10025;f__UBA10025;g__JAKAGM01;s__JAKAGM01 sp021815445	test	1260943	923297	416789	RS_GCF_023656225.1	Bacillota	2051934	test	1	1	1	75.585522	73.222739	33.053779	33.053754	low	200-500	5000-20000	1000	0.8-1.2	random_per_contaminant_copy	30.0	1.0	5.0	0.3	0.15	0.6	0	3	66	69	1340086	
genome_412	412	41	2	7341002	set_C_clean	GB_GCA_021815445.1	Patescibacteriota	Bacteria	d__Bacteria;p__Patescibacteriota;c__Patescibacteriia;o__UBA10025;f__UBA10025;g__JAKAGM01;s__JAKAGM01 sp021815445	test	1260943	1260943	600677	RS_GCF_020686745.1;RS_GCF_001524965.1	Pseudomonadota;Pseudomonadota	5922599;5042723	test	2	2	2	91.780261	100.0	47.637191	47.637126	medium	50-200	20000-100000	2000	0.8-1.2	random_per_contaminant_copy	30.0	1.0	5.0	0.3	0.15	0.6	0	1	5	6	1861620	
genome_413	413	41	3	7341003	set_C_clean	GB_GCA_021815445.1	Patescibacteriota	Bacteria	d__Bacteria;p__Patescibacteriota;c__Patescibacteriia;o__UBA10025;f__UBA10025;g__JAKAGM01;s__JAKAGM01 sp021815445	test	1260943	1260943	143083	RS_GCF_013416235.1	Pseudomonadota	5321447	test	1	1	1	54.631562	100.0	11.347375	11.347301	high	10-50	100000-500000	5000	0.8-1.2	random_per_contaminant_copy	30.0	1.0	5.0	0.3	0.15	0.6	0	2	5	7	1404026	
genome_414	414	41	4	7341004	set_C_clean	GB_GCA_021815445.1	Patescibacteriota	Bacteria	d__Bacteria;p__Patescibacteriota;c__Patescibacteriia;o__UBA10025;f__UBA10025;g__JAKAGM01;s__JAKAGM01 sp021815445	test	1260943	1260943	800368	RS_GCF_032089715.1;RS_GCF_900097375.1;RS_GCF_003254585.1;RS_GCF_000760895.1	Bacteroidota;Bacillota;Bacteroidota;Actinomycetota	5724600;2800798;5261779;5725936	test	4	4	4	58.217344	100.0	63.473826	63.473765	high	10-50	100000-500000	5000	0.8-1.2	random_per_contaminant_copy	30.0	1.0	5.0	0.3	0.15	0.6	0	1	37	38	2061311	
genome_415	415	41	5	7341005	set_C_clean	GB_GCA_021815445.1	Patescibacteriota	Bacteria	d__Bacteria;p__Patescibacteriota;c__Patescibacteriia;o__UBA10025;f__UBA10025;g__JAKAGM01;s__JAKAGM01 sp021815445	test	1260943	1260943	287312	RS_GCF_026788225.1;RS_GCF_006366365.1;RS_GCF_029435525.1;RS_GCF_001762145.1;RS_GCF_037152975.1	Bacillota;Pseudomonadota;Pseudomonadota;Campylobacterota;Pseudomonadota	4244832;3890209;3792756;1680989;5181788	test	5	5	5	88.135855	100.0	22.785536	22.785487	medium	50-200	20000-100000	2000	0.8-1.2	random_per_contaminant_copy	30.0	1.0	5.0	0.3	0.15	0.6	0	2	4	6	1548255	
genome_416	416	41	6	7341006	set_C_clean	GB_GCA_021815445.1	Patescibacteriota	Bacteria	d__Bacteria;p__Patescibacteriota;c__Patescibacteriia;o__UBA10025;f__UBA10025;g__JAKAGM01;s__JAKAGM01 sp021815445	test	1260943	659539	121552	RS_GCF_014857545.1;RS_GCF_003788915.1	Pseudomonadota;Chlamydiota	5174877;1042547	test	2	2	2	54.090389	52.305219	9.639805	9.63977	highly_fragmented	500-2000	1000-5000	500	0.8-1.2	random_per_contaminant_copy	30.0	1.0	5.0	0.3	0.15	0.6	0	11	9	20	781091	
genome_417	417	41	7	7341007	set_C_clean	GB_GCA_021815445.1	Patescibacteriota	Bacteria	d__Bacteria;p__Patescibacteriota;c__Patescibacteriia;o__UBA10025;f__UBA10025;g__JAKAGM01;s__JAKAGM01 sp021815445	test	1260943	1260943	458657	RS_GCF_033042315.1	Actinomycetota	5207891	test	1	1	1	85.415928	100.0	36.374153	36.374126	medium	50-200	20000-100000	2000	0.8-1.2	random_per_contaminant_copy	30.0	1.0	5.0	0.3	0.15	0.6	0	3	2	5	1719600	
genome_418	418	41	8	7341008	set_C_clean	GB_GCA_021815445.1	Patescibacteriota	Bacteria	d__Bacteria;p__Patescibacteriota;c__Patescibacteriia;o__UBA10025;f__UBA10025;g__JAKAGM01;s__JAKAGM01 sp021815445	test	1260943	807326	696077	RS_GCF_001762835.1;RS_GCF_022922655.1	Campylobacterota;Campylobacterota	1856101;1617045	test	2	2	2	55.513552	64.025575	99.819088	55.202892	medium	50-200	20000-100000	2000	0.8-1.2	random_per_contaminant_copy	30.0	1.0	5.0	0.3	0.15	0.6	0	2	11	13	1503403	
genome_419	419	41	9	7341009	set_C_clean	GB_GCA_021815445.1	Patescibacteriota	Bacteria	d__Bacteria;p__Patescibacteriota;c__Patescibacteriia;o__UBA10025;f__UBA10025;g__JAKAGM01;s__JAKAGM01 sp021815445	test	1260943	876083	421847	RS_GCF_005250905.1	Campylobacterota	1759322	test	1	1	1	67.177916	69.478398	33.454927	33.454883	low	200-500	5000-20000	1000	0.8-1.2	random_per_contaminant_copy	30.0	1.0	5.0	0.3	0.15	0.6	0	6	81	87	1297930	
genome_420	420	42	0	7342000	set_C_clean	GB_GCA_021833765.1	Patescibacteriota	Bacteria	d__Bacteria;p__Patescibacteriota;c__Minisyncoccia;o__Moranbacterales;f__UBA2206;g__UBA9630;s__UBA9630 sp021777675	test	953729	621852	141166	RS_GCF_000607345.1;RS_GCF_009933945.1	Bacillota;Bacillota	2936170;2169084	test	2	2	2	66.600193	65.20217	14.801504	14.801479	low	200-500	5000-20000	1000	0.8-1.2	random_per_contaminant_copy	30.0	1.0	5.0	0.3	0.15	0.6	0	5	1	6	763018	
genome_421	421	42	1	7342001	set_C_clean	GB_GCA_021833765.1	Patescibacteriota	Bacteria	d__Bacteria;p__Patescibacteriota;c__Minisyncoccia;o__Moranbacterales;f__UBA2206;g__UBA9630;s__UBA9630 sp021777675	test	953729	636705	598519	RS_GCF_003666685.1	Pseudomonadota	5511628	test	1	1	1	88.165123	66.75953	62.762386	62.755667	low	200-500	5000-20000	1000	0.8-1.2	random_per_contaminant_copy	30.0	1.0	5.0	0.3	0.15	0.6	0	4	11	15	1235224	
genome_422	422	42	2	7342002	set_C_clean	GB_GCA_021833765.1	Patescibacteriota	Bacteria	d__Bacteria;p__Patescibacteriota;c__Minisyncoccia;o__Moranbacterales;f__UBA2206;g__UBA9630;s__UBA9630 sp021777675	test	953729	832554	784818	RS_GCF_017358165.1;RS_GCF_023497585.1	Thermotogota;Bacillota	1982543;4090713	test	2	2	2	88.823484	87.294609	82.289426	82.289413	low	200-500	5000-20000	1000	0.8-1.2	random_per_contaminant_copy	30.0	1.0	5.0	0.3	0.15	0.6	0	13	20	33	1617372	
genome_423	423	42	3	7342003	set_C_clean	GB_GCA_021833765.1	Patescibacteriota	Bacteria	d__Bacteria;p__Patescibacteriota;c__Minisyncoccia;o__Moranbacterales;f__UBA2206;g__UBA9630;s__UBA9630 sp021777675	test	953729	953729	721493	GB_GCA_029623735.1;RS_GCF_028616615.1;GB_GCA_963509545.1;GB_GCA_947054155.1	Pseudomonadota;Pseudomonadota;Bacteroidota;Desulfobacterota_I	1991359;4849547;3583929;2133957	test	4	4	4	57.855012	100.0	75.649778	75.649687	medium	50-200	20000-100000	2000	0.8-1.2	random_per_contaminant_copy	30.0	1.0	5.0	0.3	0.15	0.6	0	2	18	20	1675222	
genome_424	424	42	4	7342004	set_C_clean	GB_GCA_021833765.1	Patescibacteriota	Bacteria	d__Bacteria;p__Patescibacteriota;c__Minisyncoccia;o__Moranbacterales;f__UBA2206;g__UBA9630;s__UBA9630 sp021777675	test	953729	953729	639458	RS_GCF_946228605.1;RS_GCF_003254645.1;RS_GCF_001870105.1;RS_GCF_001650275.1;RS_GCF_040187805.1	Pseudomonadota;Actinomycetota;Campylobacterota;Pseudomonadota;Pseudomonadota	5265570;3348077;1812854;5750190;5765539	test	5	5	5	59.186253	100.0	67.048251	67.048187	high	10-50	100000-500000	5000	0.8-1.2	random_per_contaminant_copy	30.0	1.0	5.0	0.3	0.15	0.6	0	1	4	5	1593187	
genome_425	425	42	5	7342005	set_C_clean	GB_GCA_021833765.1	Patescibacteriota	Bacteria	d__Bacteria;p__Patescibacteriota;c__Minisyncoccia;o__Moranbacterales;f__UBA2206;g__UBA9630;s__UBA9630 sp021777675	test	953729	953729	311592	GB_GCA_031581225.1;RS_GCF_900995705.1;GB_GCA_958429075.1;RS_GCF_040946365.1;RS_GCF_027854095.1	Actinomycetota;Bacillota;Bacillota;Actinomycetota;Actinomycetota	1159404;1847903;1907524;3510931;7039419	test	5	5	5	64.146106	100.0	32.670962	32.670916	high	10-50	100000-500000	5000	0.8-1.2	random_per_contaminant_copy	30.0	1.0	5.0	0.3	0.15	0.6	0	1	13	14	1265321	
genome_426	426	42	6	7342006	set_C_clean	GB_GCA_021833765.1	Patescibacteriota	Bacteria	d__Bacteria;p__Patescibacteriota;c__Minisyncoccia;o__Moranbacterales;f__UBA2206;g__UBA9630;s__UBA9630 sp021777675	test	953729	953729	658922	GB_GCA_001111405.1;RS_GCF_016803555.1;RS_GCF_024531295.1;RS_GCF_040578225.1;RS_GCF_002121025.1	Pseudomonadota;Bacteroidota;Pseudomonadota;Bacillota;Bacillota	4805182;2860484;5078322;2723882;2830165	test	5	5	5	92.256167	100.0	71.814416	69.089018	low	200-500	5000-20000	1000	0.8-1.2	random_per_contaminant_copy	30.0	1.0	5.0	0.3	0.15	0.6	0	1	16	17	1612651	
genome_427	427	42	7	7342007	set_C_clean	GB_GCA_021833765.1	Patescibacteriota	Bacteria	d__Bacteria;p__Patescibacteriota;c__Minisyncoccia;o__Moranbacterales;f__UBA2206;g__UBA9630;s__UBA9630 sp021777675	test	953729	702960	308748	RS_GCF_000439295.2	Campylobacterota	1594544	test	1	1	1	55.698185	73.706472	32.372757	32.372718	low	200-500	5000-20000	1000	0.8-1.2	random_per_contaminant_copy	30.0	1.0	5.0	0.3	0.15	0.6	0	2	6	8	1011708	
genome_428	428	42	8	7342008	set_C_clean	GB_GCA_021833765.1	Patescibacteriota	Bacteria	d__Bacteria;p__Patescibacteriota;c__Minisyncoccia;o__Moranbacterales;f__UBA2206;g__UBA9630;s__UBA9630 sp021777675	test	953729	953729	405404	RS_GCF_020882115.1;RS_GCF_001500065.1;GB_GCA_947587615.1;RS_GCF_040595715.1	Bacillota;Actinomycetota;Cyanobacteriota;Pseudomonadota	3118894;5168733;2131400;3933243	test	4	4	4	87.793946	100.0	42.507296	42.507253	high	10-50	100000-500000	5000	0.8-1.2	random_per_contaminant_copy	30.0	1.0	5.0	0.3	0.15	0.6	0	1	27	28	1359133	
genome_429	429	42	9	7342009	set_C_clean	GB_GCA_021833765.1	Patescibacteriota	Bacteria	d__Bacteria;p__Patescibacteriota;c__Minisyncoccia;o__Moranbacterales;f__UBA2206;g__UBA9630;s__UBA9630 sp021777675	test	953729	576910	559873	RS_GCF_027854095.1;RS_GCF_036578225.1;RS_GCF_002439125.1;RS_GCF_039524135.1;RS_GCF_020784695.1	Actinomycetota;Campylobacterota;Bacteroidota;Pseudomonadota;Bacillota	7039419;1613609;3068983;3884661;2014409	test	5	5	5	53.518727	60.48993	58.703605	58.703573	low	200-500	5000-20000	1000	0.8-1.2	random_per_contaminant_copy	30.0	1.0	5.0	0.3	0.15	0.6	0	4	6	10	1136783	
genome_430	430	43	0	7343000	set_C_clean	GB_GCA_022763365.1	Patescibacteriota	Bacteria	d__Bacteria;p__Patescibacteriota;c__Minisyncoccia;o__UBA9973;f__UBA1006;g__UBA1006;s__UBA1006 sp022763365	test	762528	588864	333199	RS_GCF_030176555.1;RS_GCF_000676795.1;RS_GCF_002886405.1;RS_GCF_036918375.1;GB_GCA_001496095.1	Actinomycetota;Actinomycetota;Actinomycetota;Cyanobacteriota;Campylobacterota	2490377;4417610;4411413;7089387;1609785	test	5	5	5	90.517171	77.22523	43.696631	43.696625	low	200-500	5000-20000	1000	0.8-1.2	random_per_contaminant_copy	30.0	1.0	5.0	0.3	0.15	0.6	0	7	1	8	922063	
genome_431	431	43	1	7343001	set_C_clean	GB_GCA_022763365.1	Patescibacteriota	Bacteria	d__Bacteria;p__Patescibacteriota;c__Minisyncoccia;o__UBA9973;f__UBA1006;g__UBA1006;s__UBA1006 sp022763365	test	762528	563336	307257	GB_GCA_013538795.1;RS_GCF_031767055.1;RS_GCF_032648885.1	Thermoproteota;Actinomycetota;Campylobacterota	1587672;8364065;1616955	test	3	3	3	96.06606	73.877418	40.294597	40.29452	low	200-500	5000-20000	1000	0.8-1.2	random_per_contaminant_copy	30.0	1.0	5.0	0.3	0.15	0.6	0	9	5	14	870593	
genome_432	432	43	2	7343002	set_C_clean	GB_GCA_022763365.1	Patescibacteriota	Bacteria	d__Bacteria;p__Patescibacteriota;c__Minisyncoccia;o__UBA9973;f__UBA1006;g__UBA1006;s__UBA1006 sp022763365	test	762528	762528	543100	RS_GCF_031845465.1;RS_GCF_000706865.2;RS_GCF_013108165.1;RS_GCF_015560295.1;RS_GCF_028399665.1	Actinomycetota;Pseudomonadota;Pseudomonadota;Bacillota;Bacteroidota	6249249;5090134;4415732;3346752;3936417	test	5	5	5	76.42767	100.0	71.223652	71.223614	high	10-50	100000-500000	5000	0.8-1.2	random_per_contaminant_copy	30.0	1.0	5.0	0.3	0.15	0.6	0	1	16	17	1305628	
genome_433	433	43	3	7343003	set_C_clean	GB_GCA_022763365.1	Patescibacteriota	Bacteria	d__Bacteria;p__Patescibacteriota;c__Minisyncoccia;o__UBA9973;f__UBA1006;g__UBA1006;s__UBA1006 sp022763365	test	762528	762528	1565	RS_GCF_038593175.1;RS_GCF_002912745.1	Bacillota;Campylobacterota	3758626;1887060	test	2	2	2	78.807849	100.0	0.205367	0.205238	high	10-50	100000-500000	5000	0.8-1.2	random_per_contaminant_copy	30.0	1.0	5.0	0.3	0.15	0.6	0	1	1	2	764093	
genome_434	434	43	4	7343004	set_C_clean	GB_GCA_022763365.1	Patescibacteriota	Bacteria	d__Bacteria;p__Patescibacteriota;c__Minisyncoccia;o__UBA9973;f__UBA1006;g__UBA1006;s__UBA1006 sp022763365	test	762528	610919	337291	GB_GCA_948812595.1;RS_GCF_003576265.1;GB_GCA_902364675.1;RS_GCF_003190625.1;RS_GCF_007845725.1	Actinomycetota;Pseudomonadota;Actinomycetota;Bacillota;Pseudomonadota	2207309;6445406;2298820;2952181;5139109	test	5	5	5	99.748129	80.117583	44.233299	44.233261	medium	50-200	20000-100000	2000	0.8-1.2	random_per_contaminant_copy	30.0	1.0	5.0	0.3	0.15	0.6	0	3	13	16	948210	
genome_435	435	43	5	7343005	set_C_clean	GB_GCA_022763365.1	Patescibacteriota	Bacteria	d__Bacteria;p__Patescibacteriota;c__Minisyncoccia;o__UBA9973;f__UBA1006;g__UBA1006;s__UBA1006 sp022763365	test	762528	762528	553780	RS_GCF_903064525.1;RS_GCF_000559405.1;RS_GCF_017614925.1	Verrucomicrobiota;Bacillota;Bacteroidota	2300970;2855335;2323236	test	3	3	3	80.048676	100.0	72.624257	72.624218	high	10-50	100000-500000	5000	0.8-1.2	random_per_contaminant_copy	30.0	1.0	5.0	0.3	0.15	0.6	0	1	84	85	1316308	
genome_436	436	43	6	7343006	set_C_clean	GB_GCA_022763365.1	Patescibacteriota	Bacteria	d__Bacteria;p__Patescibacteriota;c__Minisyncoccia;o__UBA9973;f__UBA1006;g__UBA1006;s__UBA1006 sp022763365	test	762528	631021	188095	RS_GCF_041764985.1;RS_GCF_900113165.1	Bacillota;Pseudomonadota	3079302;5287774	test	2	2	2	86.577608	82.753814	24.667367	24.667291	highly_fragmented	500-2000	1000-5000	500	0.8-1.2	random_per_contaminant_copy	30.0	1.0	5.0	0.3	0.15	0.6	0	13	1	14	819116	
genome_437	437	43	7	7343007	set_C_clean	GB_GCA_022763365.1	Patescibacteriota	Bacteria	d__Bacteria;p__Patescibacteriota;c__Minisyncoccia;o__UBA9973;f__UBA1006;g__UBA1006;s__UBA1006 sp022763365	test	762528	583480	6376	RS_GCF_034107145.1;RS_GCF_036441835.1	Pseudomonadota;Bacillota	4954460;4124095	test	2	2	2	76.753392	76.519157	0.836182	0.836166	highly_fragmented	500-2000	1000-5000	500	0.8-1.2	random_per_contaminant_copy	30.0	1.0	5.0	0.3	0.15	0.6	0	67	2	69	589856	
genome_438	438	43	8	7343008	set_C_clean	GB_GCA_022763365.1	Patescibacteriota	Bacteria	d__Bacteria;p__Patescibacteriota;c__Minisyncoccia;o__UBA9973;f__UBA1006;g__UBA1006;s__UBA1006 sp022763365	test	762528	762528	19112	RS_GCF_039561365.1;RS_GCF_001307155.1;RS_GCF_003751935.1;RS_GCF_948598955.1;RS_GCF_949769285.1	Bacillota;Pseudomonadota;Pseudomonadota;Bacteroidota;Bacillota	2029827;6391871;5153900;2197284;1946085	test	5	5	5	98.143837	100.0	2.506426	2.5064	high	10-50	100000-500000	5000	0.8-1.2	random_per_contaminant_copy	30.0	1.0	5.0	0.3	0.15	0.6	0	1	2	3	781640	
genome_439	439	43	9	7343009	set_C_clean	GB_GCA_022763365.1	Patescibacteriota	Bacteria	d__Bacteria;p__Patescibacteriota;c__Minisyncoccia;o__UBA9973;f__UBA1006;g__UBA1006;s__UBA1006 sp022763365	test	762528	557084	250082	RS_GCF_019904315.1;RS_GCF_034422615.1;RS_GCF_001972185.1;RS_GCF_025916255.1;GB_GCA_016718755.1	Desulfobacterota;Bacillota;Bacillota;Bacteroidota;Bacteroidota	3828539;3297134;4469133;6319080;4066467	test	5	5	5	70.469575	73.057514	32.796485	32.796435	highly_fragmented	500-2000	1000-5000	500	0.8-1.2	random_per_contaminant_copy	30.0	1.0	5.0	0.3	0.15	0.6	0	7	2	9	807166	
genome_440	440	44	0	7344000	set_C_clean	GB_GCA_023245035.1	Patescibacteriota	Bacteria	d__Bacteria;p__Patescibacteriota;c__Minisyncoccia;o__UBA6257;f__1-14-0-10-40-38;g__JAHFLD01;s__JAHFLD01 sp023245035	test	715905	715905	310770	RS_GCF_029081735.1	Pseudomonadota	4799098	test	1	1	1	55.319583	100.0	50.579212	43.409391	high	10-50	100000-500000	5000	0.8-1.2	random_per_contaminant_copy	30.0	1.0	5.0	0.3	0.15	0.6	0	1	1	2	1026675	
genome_441	441	44	1	7344001	set_C_clean	GB_GCA_023245035.1	Patescibacteriota	Bacteria	d__Bacteria;p__Patescibacteriota;c__Minisyncoccia;o__UBA6257;f__1-14-0-10-40-38;g__JAHFLD01;s__JAHFLD01 sp023245035	test	715905	715905	55178	RS_GCF_002312535.1;RS_GCF_001272015.1;RS_GCF_030481345.1	Pseudomonadota;Pseudomonadota;Bacillota	6398629;4697133;3018908	test	3	3	3	94.544725	100.0	7.707546	7.707447	high	10-50	100000-500000	5000	0.8-1.2	random_per_contaminant_copy	30.0	1.0	5.0	0.3	0.15	0.6	0	1	2	3	771083	
genome_442	442	44	2	7344002	set_C_clean	GB_GCA_023245035.1	Patescibacteriota	Bacteria	d__Bacteria;p__Patescibacteriota;c__Minisyncoccia;o__UBA6257;f__1-14-0-10-40-38;g__JAHFLD01;s__JAHFLD01 sp023245035	test	715905	715905	651076	GB_GCA_902469575.1;RS_GCF_030730745.2;GB_GCA_036675345.1;RS_GCF_027688395.1	Bacillota;Bacillota;Myxococcota;Bacillota	1763227;2918887;6620581;2932715	test	4	4	4	89.786836	100.0	93.933124	90.944469	medium	50-200	20000-100000	2000	0.8-1.2	random_per_contaminant_copy	30.0	1.0	5.0	0.3	0.15	0.6	0	1	7	8	1366981	
genome_443	443	44	3	7344003	set_C_clean	GB_GCA_023245035.1	Patescibacteriota	Bacteria	d__Bacteria;p__Patescibacteriota;c__Minisyncoccia;o__UBA6257;f__1-14-0-10-40-38;g__JAHFLD01;s__JAHFLD01 sp023245035	test	715905	638240	502702	GB_GCA_003017655.1;RS_GCF_900014345.1	Bacillota;Bacillota	2778979;5442134	test	2	2	2	95.302898	89.151494	70.219225	70.219093	low	200-500	5000-20000	1000	0.8-1.2	random_per_contaminant_copy	30.0	1.0	5.0	0.3	0.15	0.6	0	14	6	20	1140942	
genome_444	444	44	4	7344004	set_C_clean	GB_GCA_023245035.1	Patescibacteriota	Bacteria	d__Bacteria;p__Patescibacteriota;c__Minisyncoccia;o__UBA6257;f__1-14-0-10-40-38;g__JAHFLD01;s__JAHFLD01 sp023245035	test	715905	441888	441888	RS_GCF_029011415.1;RS_GCF_016904595.1;RS_GCF_025189525.1	Bacillota;Pseudomonadota;Bacillota	2457448;5592964;2830936	test	3	3	3	58.70585	61.724391	62.263659	61.724391	low	200-500	5000-20000	1000	0.8-1.2	random_per_contaminant_copy	30.0	1.0	5.0	0.3	0.15	0.6	0	6	18	24	883776	
genome_445	445	44	5	7344005	set_C_clean	GB_GCA_023245035.1	Patescibacteriota	Bacteria	d__Bacteria;p__Patescibacteriota;c__Minisyncoccia;o__UBA6257;f__1-14-0-10-40-38;g__JAHFLD01;s__JAHFLD01 sp023245035	test	715905	562351	444350	GB_GCA_948681465.1;GB_GCA_949060685.1;RS_GCF_002761035.1	Bacteroidota;Desulfobacterota_I;Pseudomonadota	2695376;2152818;4944010	test	3	3	3	99.475649	78.551065	73.728102	62.068291	medium	50-200	20000-100000	2000	0.8-1.2	random_per_contaminant_copy	30.0	1.0	5.0	0.3	0.15	0.6	0	1	4	5	1006701	
genome_446	446	44	6	7344006	set_C_clean	GB_GCA_023245035.1	Patescibacteriota	Bacteria	d__Bacteria;p__Patescibacteriota;c__Minisyncoccia;o__UBA6257;f__1-14-0-10-40-38;g__JAHFLD01;s__JAHFLD01 sp023245035	test	715905	715905	75115	RS_GCF_037911915.1;RS_GCF_030340325.1	Fusobacteriota;Bacillota	2658899;2878199	test	2	2	2	72.108935	100.0	10.492327	10.492314	medium	50-200	20000-100000	2000	0.8-1.2	random_per_contaminant_copy	30.0	1.0	5.0	0.3	0.15	0.6	0	1	1	2	791020	
genome_447	447	44	7	7344007	set_C_clean	GB_GCA_023245035.1	Patescibacteriota	Bacteria	d__Bacteria;p__Patescibacteriota;c__Minisyncoccia;o__UBA6257;f__1-14-0-10-40-38;g__JAHFLD01;s__JAHFLD01 sp023245035	test	715905	715905	593612	RS_GCF_900993405.1	Bacillota	1782702	test	1	1	1	68.013781	100.0	82.917795	82.917706	high	10-50	100000-500000	5000	0.8-1.2	random_per_contaminant_copy	30.0	1.0	5.0	0.3	0.15	0.6	0	1	81	82	1309517	
genome_448	448	44	8	7344008	set_C_clean	GB_GCA_023245035.1	Patescibacteriota	Bacteria	d__Bacteria;p__Patescibacteriota;c__Minisyncoccia;o__UBA6257;f__1-14-0-10-40-38;g__JAHFLD01;s__JAHFLD01 sp023245035	test	715905	646225	420775	GB_GCA_016872215.1	Bacteroidota	2089674	test	1	1	1	94.841568	90.266865	68.127187	58.775256	highly_fragmented	500-2000	1000-5000	500	0.8-1.2	random_per_contaminant_copy	30.0	1.0	5.0	0.3	0.15	0.6	0	8	3	11	1067000	
genome_449	449	44	9	7344009	set_C_clean	GB_GCA_023245035.1	Patescibacteriota	Bacteria	d__Bacteria;p__Patescibacteriota;c__Minisyncoccia;o__UBA6257;f__1-14-0-10-40-38;g__JAHFLD01;s__JAHFLD01 sp023245035	test	715905	415013	415013	GB_GCA_947347765.1	Bacteroidota	2575244	test	1	1	1	56.387796	57.970401	95.080901	57.970401	low	200-500	5000-20000	1000	0.8-1.2	random_per_contaminant_copy	30.0	1.0	5.0	0.3	0.15	0.6	0	6	27	33	830026	
genome_450	450	45	0	7345000	set_C_clean	GB_GCA_023267755.1	Patescibacteriota	Bacteria	d__Bacteria;p__Patescibacteriota;c__Minisyncoccia;o__UBA9973;f__UBA2103;g__C7867-001;s__C7867-001 sp023267755	test	583495	583495	329666	GB_GCA_027624755.1;RS_GCF_024297165.1	Bacteroidota;Bacillota	1954233;4919367	test	2	2	2	60.518993	100.0	56.498576	56.498513	medium	50-200	20000-100000	2000	0.8-1.2	random_per_contaminant_copy	30.0	1.0	5.0	0.3	0.15	0.6	0	1	2	3	913161	
genome_451	451	45	1	7345001	set_C_clean	GB_GCA_023267755.1	Patescibacteriota	Bacteria	d__Bacteria;p__Patescibacteriota;c__Minisyncoccia;o__UBA9973;f__UBA2103;g__C7867-001;s__C7867-001 sp023267755	test	583495	583495	38928	GB_GCA_001298545.1;RS_GCF_012726115.1;RS_GCF_948933815.1;RS_GCF_024808535.1;RS_GCF_016454325.1	Actinomycetota;Halobacteriota;Campylobacterota;Bacteroidota_A;Pseudomonadota	10138599;4013267;1947473;3864338;4934408	test	5	5	5	95.402363	100.0	6.671565	6.671522	low	200-500	5000-20000	1000	0.8-1.2	random_per_contaminant_copy	30.0	1.0	5.0	0.3	0.15	0.6	0	4	2	6	622423	
genome_452	452	45	2	7345002	set_C_clean	GB_GCA_023267755.1	Patescibacteriota	Bacteria	d__Bacteria;p__Patescibacteriota;c__Minisyncoccia;o__UBA9973;f__UBA2103;g__C7867-001;s__C7867-001 sp023267755	test	583495	334652	334652	RS_GCF_001559965.1;RS_GCF_035797235.1	Thermoproteota;Pseudomonadota	2214215;4940858	test	2	2	2	57.380808	57.353019	98.467605	57.353019	highly_fragmented	500-2000	1000-5000	500	0.8-1.2	random_per_contaminant_copy	30.0	1.0	5.0	0.3	0.15	0.6	0	30	2	32	669304	
genome_453	453	45	3	7345003	set_C_clean	GB_GCA_023267755.1	Patescibacteriota	Bacteria	d__Bacteria;p__Patescibacteriota;c__Minisyncoccia;o__UBA9973;f__UBA2103;g__C7867-001;s__C7867-001 sp023267755	test	583495	327466	327466	RS_GCF_001097485.1;RS_GCF_024621935.1;RS_GCF_016019785.1;RS_GCF_001496075.1	Bacillota;Pseudomonadota;Actinomycetota;Campylobacterota	2047409;4732967;2550121;1648287	test	4	4	4	81.751999	56.121475	81.391335	56.121475	highly_fragmented	500-2000	1000-5000	500	0.8-1.2	random_per_contaminant_copy	30.0	1.0	5.0	0.3	0.15	0.6	0	3	8	11	654932	
genome_454	454	45	4	7345004	set_C_clean	GB_GCA_023267755.1	Patescibacteriota	Bacteria	d__Bacteria;p__Patescibacteriota;c__Minisyncoccia;o__UBA9973;f__UBA2103;g__C7867-001;s__C7867-001 sp023267755	test	583495	525050	474552	RS_GCF_000147835.2;RS_GCF_000239235.1;RS_GCF_949097285.1;RS_GCF_900635745.1	Pseudomonadota;Bacillota;Bacteroidota;Pseudomonadota	4573221;2868863;2923497;4548019	test	4	4	4	87.43245	89.983633	81.383756	81.329232	low	200-500	5000-20000	1000	0.8-1.2	random_per_contaminant_copy	30.0	1.0	5.0	0.3	0.15	0.6	0	7	57	64	999602	
genome_455	455	45	5	7345005	set_C_clean	GB_GCA_023267755.1	Patescibacteriota	Bacteria	d__Bacteria;p__Patescibacteriota;c__Minisyncoccia;o__UBA9973;f__UBA2103;g__C7867-001;s__C7867-001 sp023267755	test	583495	583495	198591	RS_GCF_023587725.1;RS_GCF_030554825.1	Pseudomonadota;Pseudomonadota	2316141;1894964	test	2	2	2	59.160053	100.0	34.034785	34.034739	medium	50-200	20000-100000	2000	0.8-1.2	random_per_contaminant_copy	30.0	1.0	5.0	0.3	0.15	0.6	0	1	1	2	782086	
genome_456	456	45	6	7345006	set_C_clean	GB_GCA_023267755.1	Patescibacteriota	Bacteria	d__Bacteria;p__Patescibacteriota;c__Minisyncoccia;o__UBA9973;f__UBA2103;g__C7867-001;s__C7867-001 sp023267755	test	583495	388697	388697	RS_GCF_028549095.1;RS_GCF_022551885.1;RS_GCF_001224665.1;RS_GCF_900602665.1;RS_GCF_004770815.1	Pseudomonadota;Pseudomonadota;Campylobacterota;Pseudomonadota;Spirochaetota	4019478;6605775;1609171;6063549;4312954	test	5	5	5	76.144234	66.615309	81.324338	66.615309	low	200-500	5000-20000	1000	0.8-1.2	random_per_contaminant_copy	30.0	1.0	5.0	0.3	0.15	0.6	0	3	27	30	777394	
genome_457	457	45	7	7345007	set_C_clean	GB_GCA_023267755.1	Patescibacteriota	Bacteria	d__Bacteria;p__Patescibacteriota;c__Minisyncoccia;o__UBA9973;f__UBA2103;g__C7867-001;s__C7867-001 sp023267755	test	583495	358801	22388	GB_GCA_027624755.1;RS_GCF_001159225.1	Bacteroidota;Pseudomonadota	1954233;2092152	test	2	2	2	69.115174	61.491701	3.837002	3.836879	low	200-500	5000-20000	1000	0.8-1.2	random_per_contaminant_copy	30.0	1.0	5.0	0.3	0.15	0.6	0	3	2	5	381189	
genome_458	458	45	8	7345008	set_C_clean	GB_GCA_023267755.1	Patescibacteriota	Bacteria	d__Bacteria;p__Patescibacteriota;c__Minisyncoccia;o__UBA9973;f__UBA2103;g__C7867-001;s__C7867-001 sp023267755	test	583495	583495	261586	RS_GCF_001885835.1	Bacillota	2490820	test	1	1	1	93.023806	100.0	44.830984	44.83089	high	10-50	100000-500000	5000	0.8-1.2	random_per_contaminant_copy	30.0	1.0	5.0	0.3	0.15	0.6	0	1	41	42	845081	
genome_459	459	45	9	7345009	set_C_clean	GB_GCA_023267755.1	Patescibacteriota	Bacteria	d__Bacteria;p__Patescibacteriota;c__Minisyncoccia;o__UBA9973;f__UBA2103;g__C7867-001;s__C7867-001 sp023267755	test	583495	583495	536486	RS_GCF_020309985.1;RS_GCF_041224425.1;RS_GCF_040581375.1	Actinomycetota;Bacteroidota;Pseudomonadota	1978400;3356142;3438764	test	3	3	3	56.213169	100.0	91.943589	91.943547	low	200-500	5000-20000	1000	0.8-1.2	random_per_contaminant_copy	30.0	1.0	5.0	0.3	0.15	0.6	0	2	3	5	1119981	
genome_460	460	46	0	7346000	set_C_clean	GB_GCA_025999275.1	Patescibacteriota	Bacteria	d__Bacteria;p__Patescibacteriota;c__Microgenomatia;o__GWA2-44-7;f__UBA8517;g__Ch104c;s__Ch104c sp025999275	test	785860	605259	309471	GB_GCA_041327705.1	Bacillota	3851933	test	1	1	1	78.014055	77.01868	39.379943	39.379915	highly_fragmented	500-2000	1000-5000	500	0.8-1.2	random_per_contaminant_copy	30.0	1.0	5.0	0.3	0.15	0.6	0	24	1	25	914730	
genome_461	461	46	1	7346001	set_C_clean	GB_GCA_025999275.1	Patescibacteriota	Bacteria	d__Bacteria;p__Patescibacteriota;c__Microgenomatia;o__GWA2-44-7;f__UBA8517;g__Ch104c;s__Ch104c sp025999275	test	785860	785860	233699	RS_GCF_024917315.1;RS_GCF_002148505.1	Pseudomonadota;Pseudomonadota	4764181;2083574	test	2	2	2	52.942987	100.0	43.948514	29.737994	high	10-50	100000-500000	5000	0.8-1.2	random_per_contaminant_copy	30.0	1.0	5.0	0.3	0.15	0.6	0	1	4	5	1019559	
genome_462	462	46	2	7346002	set_C_clean	GB_GCA_025999275.1	Patescibacteriota	Bacteria	d__Bacteria;p__Patescibacteriota;c__Microgenomatia;o__GWA2-44-7;f__UBA8517;g__Ch104c;s__Ch104c sp025999275	test	785860	576209	304274	RS_GCF_002494055.1;RS_GCF_900172945.1;RS_GCF_037029215.1;RS_GCF_002063385.1	Bacteroidota;Pseudomonadota;Pseudomonadota;Pseudomonadota	5732166;5640935;4636075;4965626	test	4	4	4	73.655077	73.322093	38.71861	38.718601	highly_fragmented	500-2000	1000-5000	500	0.8-1.2	random_per_contaminant_copy	30.0	1.0	5.0	0.3	0.15	0.6	0	27	2	29	880483	
genome_463	463	46	3	7346003	set_C_clean	GB_GCA_025999275.1	Patescibacteriota	Bacteria	d__Bacteria;p__Patescibacteriota;c__Microgenomatia;o__GWA2-44-7;f__UBA8517;g__Ch104c;s__Ch104c sp025999275	test	785860	624875	604928	RS_GCF_037242635.1;RS_GCF_018333255.1;GB_GCA_032102625.1;RS_GCF_013301515.1	Bacillota;Bacillota;Pseudomonadota;Bacillota	2126101;6754354;4430908;3188316	test	4	4	4	84.081194	79.514799	76.976633	76.976561	low	200-500	5000-20000	1000	0.8-1.2	random_per_contaminant_copy	30.0	1.0	5.0	0.3	0.15	0.6	0	4	3	7	1229803	
genome_464	464	46	4	7346004	set_C_clean	GB_GCA_025999275.1	Patescibacteriota	Bacteria	d__Bacteria;p__Patescibacteriota;c__Microgenomatia;o__GWA2-44-7;f__UBA8517;g__Ch104c;s__Ch104c sp025999275	test	785860	785860	126614	RS_GCF_016907075.1;RS_GCF_006507065.1;GB_GCA_002438405.1	Pseudomonadota;Pseudomonadota;Cyanobacteriota	5442015;3287675;2018013	test	3	3	3	88.409958	100.0	16.11158	16.111521	low	200-500	5000-20000	1000	0.8-1.2	random_per_contaminant_copy	30.0	1.0	5.0	0.3	0.15	0.6	0	6	7	13	912474	
genome_465	465	46	5	7346005	set_C_clean	GB_GCA_025999275.1	Patescibacteriota	Bacteria	d__Bacteria;p__Patescibacteriota;c__Microgenomatia;o__GWA2-44-7;f__UBA8517;g__Ch104c;s__Ch104c sp025999275	test	785860	785860	615348	RS_GCF_028749785.1;RS_GCF_036236995.1;RS_GCF_004014675.1;RS_GCF_014211975.1	Pseudomonadota;Pseudomonadota;Campylobacterota;Pseudomonadota	5147549;6278469;1551295;4915572	test	4	4	4	55.99397	100.0	78.302571	78.302497	medium	50-200	20000-100000	2000	0.8-1.2	random_per_contaminant_copy	30.0	1.0	5.0	0.3	0.15	0.6	0	1	18	19	1401208	
genome_466	466	46	6	7346006	set_C_clean	GB_GCA_025999275.1	Patescibacteriota	Bacteria	d__Bacteria;p__Patescibacteriota;c__Microgenomatia;o__GWA2-44-7;f__UBA8517;g__Ch104c;s__Ch104c sp025999275	test	785860	534809	523714	GB_GCA_948672495.1	Bacteroidota	2651195	test	1	1	1	68.173812	68.053979	66.64226	66.64215	highly_fragmented	500-2000	1000-5000	500	0.8-1.2	random_per_contaminant_copy	30.0	1.0	5.0	0.3	0.15	0.6	0	61	4	65	1058523	
genome_467	467	46	7	7346007	set_C_clean	GB_GCA_025999275.1	Patescibacteriota	Bacteria	d__Bacteria;p__Patescibacteriota;c__Microgenomatia;o__GWA2-44-7;f__UBA8517;g__Ch104c;s__Ch104c sp025999275	test	785860	785860	497861	RS_GCF_023555495.1;RS_GCF_022728955.1;RS_GCF_026736615.1;RS_GCF_030400295.1	Bacteroidota;Pseudomonadota;Pseudomonadota;Pseudomonadota	3497066;4343048;3873739;4784174	test	4	4	4	61.870339	100.0	63.352451	63.352378	high	10-50	100000-500000	5000	0.8-1.2	random_per_contaminant_copy	30.0	1.0	5.0	0.3	0.15	0.6	0	1	3	4	1283721	
genome_468	468	46	8	7346008	set_C_clean	GB_GCA_025999275.1	Patescibacteriota	Bacteria	d__Bacteria;p__Patescibacteriota;c__Microgenomatia;o__GWA2-44-7;f__UBA8517;g__Ch104c;s__Ch104c sp025999275	test	785860	665308	362594	RS_GCF_904886915.1;RS_GCF_018363195.1	Pseudomonadota;Bacteroidota	3842824;3917507	test	2	2	2	90.978253	84.659863	46.139815	46.13977	highly_fragmented	500-2000	1000-5000	500	0.8-1.2	random_per_contaminant_copy	30.0	1.0	5.0	0.3	0.15	0.6	0	8	30	38	1027902	
genome_469	469	46	9	7346009	set_C_clean	GB_GCA_025999275.1	Patescibacteriota	Bacteria	d__Bacteria;p__Patescibacteriota;c__Microgenomatia;o__GWA2-44-7;f__UBA8517;g__Ch104c;s__Ch104c sp025999275	test	785860	510639	123806	RS_GCF_015694725.1;RS_GCF_901543465.1;RS_GCF_031203395.1;RS_GCF_900994425.1	Bacteroidota;Bacillota;Bacillota;Bacillota	5192601;2907905;2222638;1776882	test	4	4	4	67.813527	64.978368	15.754221	15.754206	low	200-500	5000-20000	1000	0.8-1.2	random_per_contaminant_copy	30.0	1.0	5.0	0.3	0.15	0.6	0	6	1	7	634445	
genome_470	470	47	0	7347000	set_C_clean	GB_GCA_026396275.1	Patescibacteriota	Bacteria	d__Bacteria;p__Patescibacteriota;c__Minisyncoccia;o__Moranbacterales;f__JAPLXC01;g__JAPLXC01;s__JAPLXC01 sp026396275	test	810038	810038	754064	RS_GCF_001852365.1;RS_GCF_020313275.1;RS_GCF_039542685.1;RS_GCF_036441835.1	Actinomycetota;Bacteroidota;Actinomycetota;Bacillota	4399277;6138893;5548116;4124095	test	4	4	4	99.771334	100.0	93.090077	93.089954	low	200-500	5000-20000	1000	0.8-1.2	random_per_contaminant_copy	30.0	1.0	5.0	0.3	0.15	0.6	0	3	15	18	1564102	
genome_471	471	47	1	7347001	set_C_clean	GB_GCA_026396275.1	Patescibacteriota	Bacteria	d__Bacteria;p__Patescibacteriota;c__Minisyncoccia;o__Moranbacterales;f__JAPLXC01;g__JAPLXC01;s__JAPLXC01 sp026396275	test	810038	561141	319695	RS_GCF_030268485.1;RS_GCF_004194635.3;RS_GCF_036178565.1;RS_GCF_003071925.1;RS_GCF_023060115.1	Actinomycetota;Pseudomonadota;Actinomycetota;Actinomycetota;Pseudomonadota	2487076;4856714;9157283;5195902;5349172	test	5	5	5	72.254682	69.273417	39.466771	39.466667	highly_fragmented	500-2000	1000-5000	500	0.8-1.2	random_per_contaminant_copy	30.0	1.0	5.0	0.3	0.15	0.6	0	11	7	18	880836	
genome_472	472	47	2	7347002	set_C_clean	GB_GCA_026396275.1	Patescibacteriota	Bacteria	d__Bacteria;p__Patescibacteriota;c__Minisyncoccia;o__Moranbacterales;f__JAPLXC01;g__JAPLXC01;s__JAPLXC01 sp026396275	test	810038	810038	394182	RS_GCF_021417185.1;RS_GCF_030059395.1;RS_GCF_026200025.1;RS_GCF_004831095.1	Pseudomonadota;Pseudomonadota;Campylobacterota;Pseudomonadota	5021851;4839199;1732054;5581160	test	4	4	4	90.311834	100.0	48.662267	48.662162	high	10-50	100000-500000	5000	0.8-1.2	random_per_contaminant_copy	30.0	1.0	5.0	0.3	0.15	0.6	0	1	24	25	1204220	
genome_473	473	47	3	7347003	set_C_clean	GB_GCA_026396275.1	Patescibacteriota	Bacteria	d__Bacteria;p__Patescibacteriota;c__Minisyncoccia;o__Moranbacterales;f__JAPLXC01;g__JAPLXC01;s__JAPLXC01 sp026396275	test	810038	686460	121462	RS_GCF_039062075.1;RS_GCF_039571185.1;RS_GCF_036348735.1;GB_GCA_009738575.1	Bacillota;Pseudomonadota;Pseudomonadota;Bacillota	2654962;5301488;2337249;6127422	test	4	4	4	79.281525	84.744172	14.994636	14.994605	low	200-500	5000-20000	1000	0.8-1.2	random_per_contaminant_copy	30.0	1.0	5.0	0.3	0.15	0.6	0	3	2	5	807922	
genome_474	474	47	4	7347004	set_C_clean	GB_GCA_026396275.1	Patescibacteriota	Bacteria	d__Bacteria;p__Patescibacteriota;c__Minisyncoccia;o__Moranbacterales;f__JAPLXC01;g__JAPLXC01;s__JAPLXC01 sp026396275	test	810038	810038	637058	RS_GCF_008726405.1;RS_GCF_008423335.1;RS_GCF_000935025.1;RS_GCF_036898625.1;RS_GCF_030219165.1	Bacillota;Verrucomicrobiota;Pseudomonadota;Actinomycetota;Actinomycetota	1657751;2753636;5228389;10540936;2625503	test	5	5	5	91.632583	100.0	78.645542	78.645446	medium	50-200	20000-100000	2000	0.8-1.2	random_per_contaminant_copy	30.0	1.0	5.0	0.3	0.15	0.6	0	2	12	14	1447096	
genome_475	475	47	5	7347005	set_C_clean	GB_GCA_026396275.1	Patescibacteriota	Bacteria	d__Bacteria;p__Patescibacteriota;c__Minisyncoccia;o__Moranbacterales;f__JAPLXC01;g__JAPLXC01;s__JAPLXC01 sp026396275	test	810038	468444	181470	RS_GCF_009725565.1;RS_GCF_019430715.1	Bacillota;Pseudomonadota	2828763;5520208	test	2	2	2	71.111469	57.82988	35.723034	22.402653	highly_fragmented	500-2000	1000-5000	500	0.8-1.2	random_per_contaminant_copy	30.0	1.0	5.0	0.3	0.15	0.6	0	7	2	9	649914	
genome_476	476	47	6	7347006	set_C_clean	GB_GCA_026396275.1	Patescibacteriota	Bacteria	d__Bacteria;p__Patescibacteriota;c__Minisyncoccia;o__Moranbacterales;f__JAPLXC01;g__JAPLXC01;s__JAPLXC01 sp026396275	test	810038	810038	135467	GB_GCA_032470335.1;RS_GCF_021727385.1;RS_GCF_006716675.1	Bacillota;Pseudomonadota;Actinomycetota	2054994;5498852;5266538	test	3	3	3	90.61145	100.0	16.723588	16.723536	low	200-500	5000-20000	1000	0.8-1.2	random_per_contaminant_copy	30.0	1.0	5.0	0.3	0.15	0.6	0	2	2	4	945505	
genome_477	477	47	7	7347007	set_C_clean	GB_GCA_026396275.1	Patescibacteriota	Bacteria	d__Bacteria;p__Patescibacteriota;c__Minisyncoccia;o__Moranbacterales;f__JAPLXC01;g__JAPLXC01;s__JAPLXC01 sp026396275	test	810038	810038	138888	RS_GCF_900146735.1	Pseudomonadota	6678569	test	1	1	1	63.237843	100.0	17.145886	17.145862	high	10-50	100000-500000	5000	0.8-1.2	random_per_contaminant_copy	30.0	1.0	5.0	0.3	0.15	0.6	0	1	1	2	948926	
genome_478	478	47	8	7347008	set_C_clean	GB_GCA_026396275.1	Patescibacteriota	Bacteria	d__Bacteria;p__Patescibacteriota;c__Minisyncoccia;o__Moranbacterales;f__JAPLXC01;g__JAPLXC01;s__JAPLXC01 sp026396275	test	810038	810038	746523	RS_GCF_000258515.1;RS_GCF_900156635.1;RS_GCF_900018125.1	Methanobacteriota_B;Pseudomonadota;Bacillota	1764559;4569005;2931282	test	3	3	3	66.433423	100.0	92.159084	92.15901	high	10-50	100000-500000	5000	0.8-1.2	random_per_contaminant_copy	30.0	1.0	5.0	0.3	0.15	0.6	0	1	12	13	1556561	
genome_479	479	47	9	7347009	set_C_clean	GB_GCA_026396275.1	Patescibacteriota	Bacteria	d__Bacteria;p__Patescibacteriota;c__Minisyncoccia;o__Moranbacterales;f__JAPLXC01;g__JAPLXC01;s__JAPLXC01 sp026396275	test	810038	706970	138810	RS_GCF_009832525.1	Pseudomonadota	4944154	test	1	1	1	90.076224	87.276152	17.136296	17.136233	highly_fragmented	500-2000	1000-5000	500	0.8-1.2	random_per_contaminant_copy	30.0	1.0	5.0	0.3	0.15	0.6	0	11	1	12	845780	
genome_480	480	48	0	7348000	set_C_clean	GB_GCA_026396515.1	Patescibacteriota	Bacteria	d__Bacteria;p__Patescibacteriota;c__Patescibacteriia;o__Magasanikbacterales;f__GWA2-37-8;g__JAPLWQ01;s__JAPLWQ01 sp026396515	test	966150	966150	892952	RS_GCF_036670055.1;GB_GCA_037265725.1;RS_GCF_001211745.1	Bacillota;Bacillota;Bacillota	2737844;2882468;2878680	test	3	3	3	80.066216	100.0	92.423809	92.423744	high	10-50	100000-500000	5000	0.8-1.2	random_per_contaminant_copy	30.0	1.0	5.0	0.3	0.15	0.6	0	1	10	11	1859102	
genome_481	481	48	1	7348001	set_C_clean	GB_GCA_026396515.1	Patescibacteriota	Bacteria	d__Bacteria;p__Patescibacteriota;c__Patescibacteriia;o__Magasanikbacterales;f__GWA2-37-8;g__JAPLWQ01;s__JAPLWQ01 sp026396515	test	966150	966150	591137	RS_GCF_002854015.1;RS_GCF_000371345.1	Pseudomonadota;Pseudomonadota	5722291;3291421	test	2	2	2	86.444091	100.0	61.184858	61.184806	medium	50-200	20000-100000	2000	0.8-1.2	random_per_contaminant_copy	30.0	1.0	5.0	0.3	0.15	0.6	0	2	238	240	1557287	
genome_482	482	48	2	7348002	set_C_clean	GB_GCA_026396515.1	Patescibacteriota	Bacteria	d__Bacteria;p__Patescibacteriota;c__Patescibacteriia;o__Magasanikbacterales;f__GWA2-37-8;g__JAPLWQ01;s__JAPLWQ01 sp026396515	test	966150	590661	83208	RS_GCF_963529585.1;RS_GCF_025517905.1;RS_GCF_014645275.1;RS_GCF_029012245.1	Bacillota;Bacillota;Actinomycetota;Methanobacteriota	2858107;5153815;2681691;1940404	test	4	4	4	61.233962	61.135538	8.612329	8.612327	highly_fragmented	500-2000	1000-5000	500	0.8-1.2	random_per_contaminant_copy	30.0	1.0	5.0	0.3	0.15	0.6	0	19	2	21	673869	
genome_483	483	48	3	7348003	set_C_clean	GB_GCA_026396515.1	Patescibacteriota	Bacteria	d__Bacteria;p__Patescibacteriota;c__Patescibacteriia;o__Magasanikbacterales;f__GWA2-37-8;g__JAPLWQ01;s__JAPLWQ01 sp026396515	test	966150	855910	852229	GB_GCA_948999665.1;RS_GCF_004136395.1;RS_GCF_023155215.1	Bacillota;Pseudomonadota;Actinomycetota	2854074;4982118;2705392	test	3	3	3	97.318305	88.589763	88.208799	88.208767	low	200-500	5000-20000	1000	0.8-1.2	random_per_contaminant_copy	30.0	1.0	5.0	0.3	0.15	0.6	0	14	15	29	1708139	
genome_484	484	48	4	7348004	set_C_clean	GB_GCA_026396515.1	Patescibacteriota	Bacteria	d__Bacteria;p__Patescibacteriota;c__Patescibacteriia;o__Magasanikbacterales;f__GWA2-37-8;g__JAPLWQ01;s__JAPLWQ01 sp026396515	test	966150	781142	271579	RS_GCF_000329405.1;RS_GCF_032678545.1;RS_GCF_026736615.1;GB_GCA_949553405.1;RS_GCF_900692485.1	Pseudomonadota;Bacteroidota;Pseudomonadota;Verrucomicrobiota;Bacillota	4692672;5046162;3873739;2626265;2085600	test	5	5	5	82.503797	80.851007	28.109449	28.109403	low	200-500	5000-20000	1000	0.8-1.2	random_per_contaminant_copy	30.0	1.0	5.0	0.3	0.15	0.6	0	12	13	25	1052721	
genome_485	485	48	5	7348005	set_C_clean	GB_GCA_026396515.1	Patescibacteriota	Bacteria	d__Bacteria;p__Patescibacteriota;c__Patescibacteriia;o__Magasanikbacterales;f__GWA2-37-8;g__JAPLWQ01;s__JAPLWQ01 sp026396515	test	966150	966150	746029	RS_GCF_000439295.2;RS_GCF_014236835.1;RS_GCF_015694345.1;RS_GCF_902163275.1;RS_GCF_032465495.1	Campylobacterota;Pseudomonadota;Pseudomonadota;Pseudomonadota;Bacillota	1594544;5185085;4080833;5335308;2947400	test	5	5	5	64.789919	100.0	77.216756	77.216685	medium	50-200	20000-100000	2000	0.8-1.2	random_per_contaminant_copy	30.0	1.0	5.0	0.3	0.15	0.6	0	1	6	7	1712179	
genome_486	486	48	6	7348006	set_C_clean	GB_GCA_026396515.1	Patescibacteriota	Bacteria	d__Bacteria;p__Patescibacteriota;c__Patescibacteriia;o__Magasanikbacterales;f__GWA2-37-8;g__JAPLWQ01;s__JAPLWQ01 sp026396515	test	966150	966150	21752	RS_GCF_036630095.1;GB_GCA_948751395.1	Cyanobacteriota;Chrysiogenota	2803161;2264328	test	2	2	2	89.239161	100.0	2.251424	2.25141	high	10-50	100000-500000	5000	0.8-1.2	random_per_contaminant_copy	30.0	1.0	5.0	0.3	0.15	0.6	0	1	1	2	987902	
genome_487	487	48	7	7348007	set_C_clean	GB_GCA_026396515.1	Patescibacteriota	Bacteria	d__Bacteria;p__Patescibacteriota;c__Patescibacteriia;o__Magasanikbacterales;f__GWA2-37-8;g__JAPLWQ01;s__JAPLWQ01 sp026396515	test	966150	966150	594994	GB_GCA_934668415.1	Bacteroidota	2418743	test	1	1	1	91.995723	100.0	66.599256	61.584019	high	10-50	100000-500000	5000	0.8-1.2	random_per_contaminant_copy	30.0	1.0	5.0	0.3	0.15	0.6	0	1	8	9	1561144	
genome_488	488	48	8	7348008	set_C_clean	GB_GCA_026396515.1	Patescibacteriota	Bacteria	d__Bacteria;p__Patescibacteriota;c__Patescibacteriia;o__Magasanikbacterales;f__GWA2-37-8;g__JAPLWQ01;s__JAPLWQ01 sp026396515	test	966150	966150	671827	RS_GCF_001280425.1;RS_GCF_003075015.1;RS_GCF_001290945.1;RS_GCF_002356095.1	Halobacteriota;Pseudomonadota;Bacillota;Pseudomonadota	3970989;5307188;2929232;7467685	test	4	4	4	88.120577	100.0	69.53653	69.536511	medium	50-200	20000-100000	2000	0.8-1.2	random_per_contaminant_copy	30.0	1.0	5.0	0.3	0.15	0.6	0	2	2	4	1637977	
genome_489	489	48	9	7348009	set_C_clean	GB_GCA_026396515.1	Patescibacteriota	Bacteria	d__Bacteria;p__Patescibacteriota;c__Patescibacteriia;o__Magasanikbacterales;f__GWA2-37-8;g__JAPLWQ01;s__JAPLWQ01 sp026396515	test	966150	966150	728979	RS_GCF_003064555.1;RS_GCF_040901285.1;RS_GCF_036959905.1	Pseudomonadota;Pseudomonadota;Actinomycetota	4735473;6839452;2320619	test	3	3	3	51.919725	100.0	75.451998	75.451948	high	10-50	100000-500000	5000	0.8-1.2	random_per_contaminant_copy	30.0	1.0	5.0	0.3	0.15	0.6	0	1	4	5	1695129	
genome_490	490	49	0	7349000	set_C_clean	GB_GCA_026417895.1	Patescibacteriota	Bacteria	d__Bacteria;p__Patescibacteriota;c__Patescibacteriia;o__UBA2591;f__CALHIP01;g__CALHIP01;s__CALHIP01 sp026417895	test	649900	588042	288722	RS_GCF_000017505.1;GB_GCA_003990665.2	Myxococcota;Cyanobacteriota	5277990;2571271	test	2	2	2	50.154602	90.48192	44.425711	44.425604	low	200-500	5000-20000	1000	0.8-1.2	random_per_contaminant_copy	30.0	1.0	5.0	0.3	0.15	0.6	0	1	1	2	876764	
genome_491	491	49	1	7349001	set_C_clean	GB_GCA_026417895.1	Patescibacteriota	Bacteria	d__Bacteria;p__Patescibacteriota;c__Patescibacteriia;o__UBA2591;f__CALHIP01;g__CALHIP01;s__CALHIP01 sp026417895	test	649900	515571	158848	RS_GCF_000046705.1	Pseudomonadota	1931047	test	1	1	1	67.230076	79.33082	24.441946	24.441914	medium	50-200	20000-100000	2000	0.8-1.2	random_per_contaminant_copy	30.0	1.0	5.0	0.3	0.15	0.6	0	4	4	8	674419	
genome_492	492	49	2	7349002	set_C_clean	GB_GCA_026417895.1	Patescibacteriota	Bacteria	d__Bacteria;p__Patescibacteriota;c__Patescibacteriia;o__UBA2591;f__CALHIP01;g__CALHIP01;s__CALHIP01 sp026417895	test	649900	466359	214485	RS_GCF_031576035.1;RS_GCF_001848765.1;GB_GCA_020073665.1;GB_GCA_029984175.1	Pseudomonadota;Actinomycetota;Acidobacteriota;Bacillota	6460249;4389514;5422947;1726157	test	4	4	4	72.435027	71.758578	33.002838	33.00277	highly_fragmented	500-2000	1000-5000	500	0.8-1.2	random_per_contaminant_copy	30.0	1.0	5.0	0.3	0.15	0.6	0	33	6	39	680844	
genome_493	493	49	3	7349003	set_C_clean	GB_GCA_026417895.1	Patescibacteriota	Bacteria	d__Bacteria;p__Patescibacteriota;c__Patescibacteriia;o__UBA2591;f__CALHIP01;g__CALHIP01;s__CALHIP01 sp026417895	test	649900	649900	219233	RS_GCF_001840205.1	Actinomycetota	4408415	test	1	1	1	96.284391	100.0	37.628922	33.733344	medium	50-200	20000-100000	2000	0.8-1.2	random_per_contaminant_copy	30.0	1.0	5.0	0.3	0.15	0.6	0	1	1	2	869133	
genome_494	494	49	4	7349004	set_C_clean	GB_GCA_026417895.1	Patescibacteriota	Bacteria	d__Bacteria;p__Patescibacteriota;c__Patescibacteriia;o__UBA2591;f__CALHIP01;g__CALHIP01;s__CALHIP01 sp026417895	test	649900	548847	85851	GB_GCA_002079245.1;RS_GCF_022214175.1;RS_GCF_900688775.1	Pseudomonadota;Bacillota;Bacillota	5037523;2704653;3876660	test	3	3	3	98.498972	84.450992	13.209994	13.209878	highly_fragmented	500-2000	1000-5000	500	0.8-1.2	random_per_contaminant_copy	30.0	1.0	5.0	0.3	0.15	0.6	0	67	1	68	634698	
genome_495	495	49	5	7349005	set_C_clean	GB_GCA_026417895.1	Patescibacteriota	Bacteria	d__Bacteria;p__Patescibacteriota;c__Patescibacteriia;o__UBA2591;f__CALHIP01;g__CALHIP01;s__CALHIP01 sp026417895	test	649900	649900	181317	GB_GCA_011523385.1;GB_GCA_902480745.1;RS_GCF_000586955.1;RS_GCF_040194215.1;RS_GCF_002001825.1	Nitrospirota;Actinomycetota;Bacillota;Pseudomonadota;Pseudomonadota	2506777;2147475;2832040;5023428;5076999	test	5	5	5	83.831313	100.0	27.899305	27.899215	low	200-500	5000-20000	1000	0.8-1.2	random_per_contaminant_copy	30.0	1.0	5.0	0.3	0.15	0.6	0	2	4	6	831217	
genome_496	496	49	6	7349006	set_C_clean	GB_GCA_026417895.1	Patescibacteriota	Bacteria	d__Bacteria;p__Patescibacteriota;c__Patescibacteriia;o__UBA2591;f__CALHIP01;g__CALHIP01;s__CALHIP01 sp026417895	test	649900	485625	485625	RS_GCF_001614105.1;RS_GCF_029225785.1;RS_GCF_003995735.1	Pseudomonadota;Halobacteriota;Pseudomonadota	4695192;3784795;2183361	test	3	3	3	74.949821	74.723034	77.455284	74.723034	highly_fragmented	500-2000	1000-5000	500	0.8-1.2	random_per_contaminant_copy	30.0	1.0	5.0	0.3	0.15	0.6	0	31	7	38	971250	
genome_497	497	49	7	7349007	set_C_clean	GB_GCA_026417895.1	Patescibacteriota	Bacteria	d__Bacteria;p__Patescibacteriota;c__Patescibacteriia;o__UBA2591;f__CALHIP01;g__CALHIP01;s__CALHIP01 sp026417895	test	649900	649900	402962	RS_GCF_016745755.1;RS_GCF_000740665.1;RS_GCF_000215465.1;RS_GCF_900051035.1;RS_GCF_036783315.1	Pseudomonadota;Pseudomonadota;Bacillota;Bacillota;Bacillota	3883232;5580083;2046557;2786841;2553427	test	5	5	5	94.485487	100.0	62.003815	62.003693	high	10-50	100000-500000	5000	0.8-1.2	random_per_contaminant_copy	30.0	1.0	5.0	0.3	0.15	0.6	0	1	4	5	1052862	
genome_498	498	49	8	7349008	set_C_clean	GB_GCA_026417895.1	Patescibacteriota	Bacteria	d__Bacteria;p__Patescibacteriota;c__Patescibacteriia;o__UBA2591;f__CALHIP01;g__CALHIP01;s__CALHIP01 sp026417895	test	649900	649900	247815	RS_GCF_015550245.1;RS_GCF_040758655.1;RS_GCF_013408525.1;RS_GCF_000085865.1;RS_GCF_030059275.1	Pseudomonadota;Pseudomonadota;Actinomycetota;Bacillota;Pseudomonadota	5132601;5638881;5257158;665445;4656026	test	5	5	5	61.829129	100.0	38.131398	38.131251	high	10-50	100000-500000	5000	0.8-1.2	random_per_contaminant_copy	30.0	1.0	5.0	0.3	0.15	0.6	0	1	1	2	897715	
genome_499	499	49	9	7349009	set_C_clean	GB_GCA_026417895.1	Patescibacteriota	Bacteria	d__Bacteria;p__Patescibacteriota;c__Patescibacteriia;o__UBA2591;f__CALHIP01;g__CALHIP01;s__CALHIP01 sp026417895	test	649900	529396	462338	RS_GCF_000813945.1;RS_GCF_037153025.1;RS_GCF_001388975.1;RS_GCF_900142735.1	Pseudomonadota;Pseudomonadota;Actinomycetota;Bacteroidota	4596525;5181471;4357393;5209309	test	4	4	4	83.042709	81.45807	71.139968	71.139868	low	200-500	5000-20000	1000	0.8-1.2	random_per_contaminant_copy	30.0	1.0	5.0	0.3	0.15	0.6	0	4	23	27	991734	
genome_500	500	50	0	7350000	set_C_clean	GB_GCA_027422835.1	Patescibacteriota	Bacteria	d__Bacteria;p__Patescibacteriota;c__Minisyncoccia;o__UBA9973;f__UBA1550;g__UBA1550;s__UBA1550 sp021812665	test	699231	699231	253589	RS_GCF_034043455.1;GB_GCA_022227015.1	Bacillota;Nitrospirota	2572233;4392397	test	2	2	2	67.795734	100.0	36.266927	36.266842	high	10-50	100000-500000	5000	0.8-1.2	random_per_contaminant_copy	30.0	1.0	5.0	0.3	0.15	0.6	0	2	10	12	952820	
genome_501	501	50	1	7350001	set_C_clean	GB_GCA_027422835.1	Patescibacteriota	Bacteria	d__Bacteria;p__Patescibacteriota;c__Minisyncoccia;o__UBA9973;f__UBA1550;g__UBA1550;s__UBA1550 sp021812665	test	699231	494029	494029	RS_GCF_026659735.1	Bacillota	2528283	test	1	1	1	71.653394	70.653189	79.672331	70.653189	highly_fragmented	500-2000	1000-5000	500	0.8-1.2	random_per_contaminant_copy	30.0	1.0	5.0	0.3	0.15	0.6	0	44	16	60	988058	
genome_502	502	50	2	7350002	set_C_clean	GB_GCA_027422835.1	Patescibacteriota	Bacteria	d__Bacteria;p__Patescibacteriota;c__Minisyncoccia;o__UBA9973;f__UBA1550;g__UBA1550;s__UBA1550 sp021812665	test	699231	658488	291191	RS_GCF_017301855.1;RS_GCF_014171015.1;RS_GCF_003639195.1	Pseudomonadota;Pseudomonadota;Campylobacterota	4680513;5459758;1646314	test	3	3	3	65.292994	94.17317	61.618499	41.644464	low	200-500	5000-20000	1000	0.8-1.2	random_per_contaminant_copy	30.0	1.0	5.0	0.3	0.15	0.6	0	2	4	6	949679	
genome_503	503	50	3	7350003	set_C_clean	GB_GCA_027422835.1	Patescibacteriota	Bacteria	d__Bacteria;p__Patescibacteriota;c__Minisyncoccia;o__UBA9973;f__UBA1550;g__UBA1550;s__UBA1550 sp021812665	test	699231	699231	551056	RS_GCF_021957105.1	Pseudomonadota	2252295	test	1	1	1	69.273447	100.0	78.808982	78.808863	medium	50-200	20000-100000	2000	0.8-1.2	random_per_contaminant_copy	30.0	1.0	5.0	0.3	0.15	0.6	0	2	7	9	1250287	
genome_504	504	50	4	7350004	set_C_clean	GB_GCA_027422835.1	Patescibacteriota	Bacteria	d__Bacteria;p__Patescibacteriota;c__Minisyncoccia;o__UBA9973;f__UBA1550;g__UBA1550;s__UBA1550 sp021812665	test	699231	399694	144914	RS_GCF_027856795.2	Pseudomonadota	7293358	test	1	1	1	97.647036	57.161939	20.724833	20.724768	low	200-500	5000-20000	1000	0.8-1.2	random_per_contaminant_copy	30.0	1.0	5.0	0.3	0.15	0.6	0	1	28	29	544608	
genome_505	505	50	5	7350005	set_C_clean	GB_GCA_027422835.1	Patescibacteriota	Bacteria	d__Bacteria;p__Patescibacteriota;c__Minisyncoccia;o__UBA9973;f__UBA1550;g__UBA1550;s__UBA1550 sp021812665	test	699231	699231	546836	GB_GCA_013306875.1	Pseudomonadota	5684465	test	1	1	1	54.405532	100.0	78.205474	78.205343	high	10-50	100000-500000	5000	0.8-1.2	random_per_contaminant_copy	30.0	1.0	5.0	0.3	0.15	0.6	0	1	3	4	1246067	
genome_506	506	50	6	7350006	set_C_clean	GB_GCA_027422835.1	Patescibacteriota	Bacteria	d__Bacteria;p__Patescibacteriota;c__Minisyncoccia;o__UBA9973;f__UBA1550;g__UBA1550;s__UBA1550 sp021812665	test	699231	381125	381125	RS_GCF_012928085.1;RS_GCF_900324335.1;RS_GCF_900995365.1	Pseudomonadota;Bacillota;Bacillota	4849332;2871094;1797891	test	3	3	3	54.522295	54.506308	93.710117	54.506308	highly_fragmented	500-2000	1000-5000	500	0.8-1.2	random_per_contaminant_copy	30.0	1.0	5.0	0.3	0.15	0.6	0	23	28	51	762250	
genome_507	507	50	7	7350007	set_C_clean	GB_GCA_027422835.1	Patescibacteriota	Bacteria	d__Bacteria;p__Patescibacteriota;c__Minisyncoccia;o__UBA9973;f__UBA1550;g__UBA1550;s__UBA1550 sp021812665	test	699231	456717	456717	GB_GCA_900541015.1;RS_GCF_001330455.1;RS_GCF_027620245.1;RS_GCF_002245935.1	Actinomycetota;Bacillota;Bacillota;Campylobacterota	2180622;2152087;4274168;1735478	test	4	4	4	60.621007	65.317041	80.72925	65.317041	low	200-500	5000-20000	1000	0.8-1.2	random_per_contaminant_copy	30.0	1.0	5.0	0.3	0.15	0.6	0	4	1	5	913434	
genome_508	508	50	8	7350008	set_C_clean	GB_GCA_027422835.1	Patescibacteriota	Bacteria	d__Bacteria;p__Patescibacteriota;c__Minisyncoccia;o__UBA9973;f__UBA1550;g__UBA1550;s__UBA1550 sp021812665	test	699231	377761	178146	RS_GCF_900447665.1;RS_GCF_900127105.1;RS_GCF_024588265.1;GB_GCA_959024995.1	Bacillota;Bacillota;Bacillota;Verrucomicrobiota	3555408;2731654;2848902;2698198	test	4	4	4	51.230241	54.025208	87.960508	25.477417	low	200-500	5000-20000	1000	0.8-1.2	random_per_contaminant_copy	30.0	1.0	5.0	0.3	0.15	0.6	0	5	33	38	555907	
genome_509	509	50	9	7350009	set_C_clean	GB_GCA_027422835.1	Patescibacteriota	Bacteria	d__Bacteria;p__Patescibacteriota;c__Minisyncoccia;o__UBA9973;f__UBA1550;g__UBA1550;s__UBA1550 sp021812665	test	699231	555661	515796	RS_GCF_000673175.1;RS_GCF_011009755.1	Actinomycetota;Bacillota	4412946;3308829	test	2	2	2	83.248352	79.467444	73.766307	73.76618	highly_fragmented	500-2000	1000-5000	500	0.8-1.2	random_per_contaminant_copy	30.0	1.0	5.0	0.3	0.15	0.6	0	14	9	23	1071457	
genome_510	510	51	0	7351000	set_C_clean	GB_GCA_028710985.1	Patescibacteriota	Bacteria	d__Bacteria;p__Patescibacteriota;c__Patescibacteriia;o__JAHJFT01;f__JAHJFT01;g__JAQTTB01;s__JAQTTB01 sp028710985	test	1028589	726726	597708	GB_GCA_002697085.1;GB_GCA_019414045.1;GB_GCA_958425145.1	Bacteroidota;Actinomycetota;Verrucomicrobiota	2742892;2174382;2699624	test	3	3	3	72.680624	70.65271	58.109544	58.109507	highly_fragmented	500-2000	1000-5000	500	0.8-1.2	random_per_contaminant_copy	30.0	1.0	5.0	0.3	0.15	0.6	0	5	3	8	1324434	
genome_511	511	51	1	7351001	set_C_clean	GB_GCA_028710985.1	Patescibacteriota	Bacteria	d__Bacteria;p__Patescibacteriota;c__Patescibacteriia;o__JAHJFT01;f__JAHJFT01;g__JAQTTB01;s__JAQTTB01 sp028710985	test	1028589	574501	574501	RS_GCF_003176915.1;GB_GCA_900468675.1;RS_GCF_026659735.1;RS_GCF_027158665.1;RS_GCF_014851745.1	Bacteroidota;Pseudomonadota;Bacillota;Bacillota;Pseudomonadota	1193042;5956582;2528283;1770640;6624199	test	5	5	5	55.941928	55.85331	73.765634	55.85331	low	200-500	5000-20000	1000	0.8-1.2	random_per_contaminant_copy	30.0	1.0	5.0	0.3	0.15	0.6	0	3	2	5	1149002	
genome_512	512	51	2	7351002	set_C_clean	GB_GCA_028710985.1	Patescibacteriota	Bacteria	d__Bacteria;p__Patescibacteriota;c__Patescibacteriia;o__JAHJFT01;f__JAHJFT01;g__JAQTTB01;s__JAQTTB01 sp028710985	test	1028589	708311	586675	RS_GCF_000714695.1;GB_GCA_027486845.1;GB_GCA_948655515.1;RS_GCF_002979885.1	Bacillota;Bacteroidota;Bacillota;Pseudomonadota	2097115;5360263;4027779;6064613	test	4	4	4	86.197757	68.862393	57.036939	57.036873	low	200-500	5000-20000	1000	0.8-1.2	random_per_contaminant_copy	30.0	1.0	5.0	0.3	0.15	0.6	0	20	11	31	1294986	
genome_513	513	51	3	7351003	set_C_clean	GB_GCA_028710985.1	Patescibacteriota	Bacteria	d__Bacteria;p__Patescibacteriota;c__Patescibacteriia;o__JAHJFT01;f__JAHJFT01;g__JAQTTB01;s__JAQTTB01 sp028710985	test	1028589	963027	318069	RS_GCF_026153095.1;RS_GCF_001946655.1;RS_GCF_001305655.1;RS_GCF_011065385.1;RS_GCF_000146895.1	Actinomycetota;Actinomycetota;Halobacteriota;Pseudomonadota;Actinomycetota	8804882;4409201;2253500;5510203;2533633	test	5	5	5	79.273397	93.626026	30.922934	30.922847	medium	50-200	20000-100000	2000	0.8-1.2	random_per_contaminant_copy	30.0	1.0	5.0	0.3	0.15	0.6	0	3	62	65	1281096	
genome_514	514	51	4	7351004	set_C_clean	GB_GCA_028710985.1	Patescibacteriota	Bacteria	d__Bacteria;p__Patescibacteriota;c__Patescibacteriia;o__JAHJFT01;f__JAHJFT01;g__JAQTTB01;s__JAQTTB01 sp028710985	test	1028589	818668	818668	RS_GCF_039755615.1;RS_GCF_002896755.1	Bacteroidota;Pseudomonadota	6441703;2003604	test	2	2	2	97.250641	79.591363	99.055509	79.591363	low	200-500	5000-20000	1000	0.8-1.2	random_per_contaminant_copy	30.0	1.0	5.0	0.3	0.15	0.6	0	4	8	12	1637336	
genome_515	515	51	5	7351005	set_C_clean	GB_GCA_028710985.1	Patescibacteriota	Bacteria	d__Bacteria;p__Patescibacteriota;c__Patescibacteriia;o__JAHJFT01;f__JAHJFT01;g__JAQTTB01;s__JAQTTB01 sp028710985	test	1028589	1028589	649093	GB_GCA_949012485.1;RS_GCF_039749335.1	Bacillota;Pseudomonadota	1818500;4843763	test	2	2	2	83.459167	100.0	63.105208	63.105186	medium	50-200	20000-100000	2000	0.8-1.2	random_per_contaminant_copy	30.0	1.0	5.0	0.3	0.15	0.6	0	3	2	5	1677682	
genome_516	516	51	6	7351006	set_C_clean	GB_GCA_028710985.1	Patescibacteriota	Bacteria	d__Bacteria;p__Patescibacteriota;c__Patescibacteriia;o__JAHJFT01;f__JAHJFT01;g__JAQTTB01;s__JAQTTB01 sp028710985	test	1028589	740495	150902	RS_GCF_004111185.1;RS_GCF_022238585.1;RS_GCF_023713025.1;RS_GCF_019748655.1;GB_GCA_035328345.1	Actinomycetota;Pseudomonadota;Actinomycetota;Bacillota;Bacteroidota	4388465;4045812;2448390;3941453;3850905	test	5	5	5	66.045197	71.99134	14.670844	14.670777	low	200-500	5000-20000	1000	0.8-1.2	random_per_contaminant_copy	30.0	1.0	5.0	0.3	0.15	0.6	0	4	24	28	891397	
genome_517	517	51	7	7351007	set_C_clean	GB_GCA_028710985.1	Patescibacteriota	Bacteria	d__Bacteria;p__Patescibacteriota;c__Patescibacteriia;o__JAHJFT01;f__JAHJFT01;g__JAQTTB01;s__JAQTTB01 sp028710985	test	1028589	621705	262007	GB_GCA_900466845.1;RS_GCF_026156915.1;RS_GCF_020074845.1;RS_GCF_002912745.1	Pseudomonadota;Bacillota;Bacillota;Campylobacterota	5037761;3321727;2706335;1887060	test	4	4	4	60.821777	60.442509	25.47251	25.472468	highly_fragmented	500-2000	1000-5000	500	0.8-1.2	random_per_contaminant_copy	30.0	1.0	5.0	0.3	0.15	0.6	0	81	4	85	883712	
genome_518	518	51	8	7351008	set_C_clean	GB_GCA_028710985.1	Patescibacteriota	Bacteria	d__Bacteria;p__Patescibacteriota;c__Patescibacteriia;o__JAHJFT01;f__JAHJFT01;g__JAQTTB01;s__JAQTTB01 sp028710985	test	1028589	722082	247092	RS_GCF_002193975.1;RS_GCF_029774195.1;RS_GCF_034044565.1;RS_GCF_009689925.1	Pseudomonadota;Pseudomonadota;Bacillota;Campylobacterota	6727243;4236288;6405466;1554870	test	4	4	4	65.378114	70.201217	24.022449	24.022423	low	200-500	5000-20000	1000	0.8-1.2	random_per_contaminant_copy	30.0	1.0	5.0	0.3	0.15	0.6	0	2	1	3	969174	
genome_519	519	51	9	7351009	set_C_clean	GB_GCA_028710985.1	Patescibacteriota	Bacteria	d__Bacteria;p__Patescibacteriota;c__Patescibacteriia;o__JAHJFT01;f__JAHJFT01;g__JAQTTB01;s__JAQTTB01 sp028710985	test	1028589	676945	392753	RS_GCF_000407645.1;RS_GCF_002215485.1;RS_GCF_003996815.1	Bacillota;Thermoproteota;Campylobacterota	1932107;2286709;1677483	test	3	3	3	62.738603	65.812973	38.183749	38.183667	low	200-500	5000-20000	1000	0.8-1.2	random_per_contaminant_copy	30.0	1.0	5.0	0.3	0.15	0.6	0	4	2	6	1069698	
genome_520	520	52	0	7352000	set_C_clean	GB_GCA_028718865.1	Patescibacteriota	Bacteria	d__Bacteria;p__Patescibacteriota;c__Patescibacteriia;o__UBA1558;f__GWA2-36-10;g__STD1-117;s__STD1-117 sp028718865	test	877111	513409	513409	GB_GCA_949496675.1;GB_GCA_905329655.2;RS_GCF_014224505.1;RS_GCF_015535055.1	Bacteroidota;Pseudomonadota;Bacillota;Pseudomonadota	2633054;5344900;2800073;5099774	test	4	4	4	97.265609	58.534097	94.035099	58.534097	low	200-500	5000-20000	1000	0.8-1.2	random_per_contaminant_copy	30.0	1.0	5.0	0.3	0.15	0.6	0	3	7	10	1026818	
genome_521	521	52	1	7352001	set_C_clean	GB_GCA_028718865.1	Patescibacteriota	Bacteria	d__Bacteria;p__Patescibacteriota;c__Patescibacteriia;o__UBA1558;f__GWA2-36-10;g__STD1-117;s__STD1-117 sp028718865	test	877111	877111	167546	GB_GCA_036452785.1;RS_GCF_033034865.1;RS_GCF_008180475.1;RS_GCF_027298235.1;RS_GCF_003583005.1	Bacillota;Pseudomonadota;Bacillota;Pseudomonadota;Actinomycetota	1571749;4917881;3826387;5832323;4972595	test	5	5	5	84.210125	100.0	19.102135	19.102029	low	200-500	5000-20000	1000	0.8-1.2	random_per_contaminant_copy	30.0	1.0	5.0	0.3	0.15	0.6	0	3	1	4	1044657	
genome_522	522	52	2	7352002	set_C_clean	GB_GCA_028718865.1	Patescibacteriota	Bacteria	d__Bacteria;p__Patescibacteriota;c__Patescibacteriia;o__UBA1558;f__GWA2-36-10;g__STD1-117;s__STD1-117 sp028718865	test	877111	698486	12548	RS_GCF_945864485.1;RS_GCF_900018285.1;RS_GCF_016506855.1;GB_GCA_949533955.1	Bacteroidota;Bacillota;Pseudomonadota;Verrucomicrobiota	4173087;2848046;4036682;2651639	test	4	4	4	73.072718	79.634847	1.430683	1.430606	low	200-500	5000-20000	1000	0.8-1.2	random_per_contaminant_copy	30.0	1.0	5.0	0.3	0.15	0.6	0	6	1	7	711034	
genome_523	523	52	3	7352003	set_C_clean	GB_GCA_028718865.1	Patescibacteriota	Bacteria	d__Bacteria;p__Patescibacteriota;c__Patescibacteriia;o__UBA1558;f__GWA2-36-10;g__STD1-117;s__STD1-117 sp028718865	test	877111	531311	42456	RS_GCF_014696975.1;RS_GCF_005236765.1;RS_GCF_031932385.1	Bacillota;Bacillota;Campylobacterota	2788788;2807821;1799705	test	3	3	3	61.144106	60.575115	4.840542	4.840436	highly_fragmented	500-2000	1000-5000	500	0.8-1.2	random_per_contaminant_copy	30.0	1.0	5.0	0.3	0.15	0.6	0	43	2	45	573767	
genome_524	524	52	4	7352004	set_C_clean	GB_GCA_028718865.1	Patescibacteriota	Bacteria	d__Bacteria;p__Patescibacteriota;c__Patescibacteriia;o__UBA1558;f__GWA2-36-10;g__STD1-117;s__STD1-117 sp028718865	test	877111	734683	494789	RS_GCF_003003285.1;RS_GCF_005250605.1;GB_GCA_016718245.1;RS_GCF_037027065.1;RS_GCF_000609585.1	Pseudomonadota;Pseudomonadota;Pseudomonadota;Bacillota;Bacillota	3677387;5326497;3541950;5360014;2785123	test	5	5	5	57.227857	83.76169	56.411323	56.411218	medium	50-200	20000-100000	2000	0.8-1.2	random_per_contaminant_copy	30.0	1.0	5.0	0.3	0.15	0.6	0	2	1	3	1229472	
genome_525	525	52	5	7352005	set_C_clean	GB_GCA_028718865.1	Patescibacteriota	Bacteria	d__Bacteria;p__Patescibacteriota;c__Patescibacteriia;o__UBA1558;f__GWA2-36-10;g__STD1-117;s__STD1-117 sp028718865	test	877111	578722	303156	RS_GCF_002012225.1;RS_GCF_018862355.1;GB_GCA_037129425.1	Pseudomonadota;Pseudomonadota;Bacteroidota	5597549;5080433;3180437	test	3	3	3	66.893095	65.980475	34.563067	34.563014	highly_fragmented	500-2000	1000-5000	500	0.8-1.2	random_per_contaminant_copy	30.0	1.0	5.0	0.3	0.15	0.6	0	24	2	26	881878	
genome_526	526	52	6	7352006	set_C_clean	GB_GCA_028718865.1	Patescibacteriota	Bacteria	d__Bacteria;p__Patescibacteriota;c__Patescibacteriia;o__UBA1558;f__GWA2-36-10;g__STD1-117;s__STD1-117 sp028718865	test	877111	752283	708922	RS_GCF_900174485.1;RS_GCF_030227215.1;RS_GCF_019130065.1;RS_GCF_008082385.1	Pseudomonadota;Actinomycetota;Bacteroidota;Bacillota	3103217;2368744;6857405;2901200	test	4	4	4	91.089284	85.768278	80.824738	80.824662	low	200-500	5000-20000	1000	0.8-1.2	random_per_contaminant_copy	30.0	1.0	5.0	0.3	0.15	0.6	0	2	3	5	1461205	
genome_527	527	52	7	7352007	set_C_clean	GB_GCA_028718865.1	Patescibacteriota	Bacteria	d__Bacteria;p__Patescibacteriota;c__Patescibacteriia;o__UBA1558;f__GWA2-36-10;g__STD1-117;s__STD1-117 sp028718865	test	877111	772685	261665	RS_GCF_000180555.1	Bacillota	2057037	test	1	1	1	90.238958	88.094323	39.439672	29.832598	low	200-500	5000-20000	1000	0.8-1.2	random_per_contaminant_copy	30.0	1.0	5.0	0.3	0.15	0.6	0	17	1	18	1034350	
genome_528	528	52	8	7352008	set_C_clean	GB_GCA_028718865.1	Patescibacteriota	Bacteria	d__Bacteria;p__Patescibacteriota;c__Patescibacteriia;o__UBA1558;f__GWA2-36-10;g__STD1-117;s__STD1-117 sp028718865	test	877111	877111	828476	RS_GCF_019841715.1;GB_GCA_949461775.1;RS_GCF_900046315.1	Pseudomonadota;Verrucomicrobiota;Bacillota	4861829;2785010;2804087	test	3	3	3	69.973024	100.0	94.455126	94.455092	high	10-50	100000-500000	5000	0.8-1.2	random_per_contaminant_copy	30.0	1.0	5.0	0.3	0.15	0.6	0	1	2	3	1705587	
genome_529	529	52	9	7352009	set_C_clean	GB_GCA_028718865.1	Patescibacteriota	Bacteria	d__Bacteria;p__Patescibacteriota;c__Patescibacteriia;o__UBA1558;f__GWA2-36-10;g__STD1-117;s__STD1-117 sp028718865	test	877111	722665	692892	RS_GCF_024261265.1	Pseudomonadota	4998881	test	1	1	1	80.088696	82.39151	78.997139	78.997071	highly_fragmented	500-2000	1000-5000	500	0.8-1.2	random_per_contaminant_copy	30.0	1.0	5.0	0.3	0.15	0.6	0	13	11	24	1415557	
genome_530	530	53	0	7353000	set_C_clean	GB_GCA_028865035.1	Patescibacteriota	Bacteria	d__Bacteria;p__Patescibacteriota;c__Minisyncoccia;o__UBA9973;f__UBA9973;g__UBA8515;s__UBA8515 sp028865035	test	734988	734988	295937	RS_GCF_025513075.1;RS_GCF_040704625.1;RS_GCF_037053495.1;RS_GCF_002326305.1	Pseudomonadota;Actinomycetota;Pseudomonadota;Pseudomonadota	3874483;7771455;6452968;6472664	test	4	4	4	90.171661	100.0	40.264299	40.264195	medium	50-200	20000-100000	2000	0.8-1.2	random_per_contaminant_copy	30.0	1.0	5.0	0.3	0.15	0.6	0	1	2	3	1030925	
genome_531	531	53	1	7353001	set_C_clean	GB_GCA_028865035.1	Patescibacteriota	Bacteria	d__Bacteria;p__Patescibacteriota;c__Minisyncoccia;o__UBA9973;f__UBA9973;g__UBA8515;s__UBA8515 sp028865035	test	734988	381010	366587	GB_GCA_949531235.1;RS_GCF_036708075.1	Verrucomicrobiota;Pseudomonadota	2677381;4786412	test	2	2	2	55.599005	51.838942	49.876633	49.876597	highly_fragmented	500-2000	1000-5000	500	0.8-1.2	random_per_contaminant_copy	30.0	1.0	5.0	0.3	0.15	0.6	0	4	9	13	747597	
genome_532	532	53	2	7353002	set_C_clean	GB_GCA_028865035.1	Patescibacteriota	Bacteria	d__Bacteria;p__Patescibacteriota;c__Minisyncoccia;o__UBA9973;f__UBA9973;g__UBA8515;s__UBA8515 sp028865035	test	734988	538026	17186	RS_GCF_029011415.1;GB_GCA_029258915.1;RS_GCF_016762085.1	Bacillota;Thermoproteota;Pseudomonadota	2457448;1597638;5437274	test	3	3	3	99.921696	73.202011	2.338379	2.338269	low	200-500	5000-20000	1000	0.8-1.2	random_per_contaminant_copy	30.0	1.0	5.0	0.3	0.15	0.6	0	3	1	4	555212	
genome_533	533	53	3	7353003	set_C_clean	GB_GCA_028865035.1	Patescibacteriota	Bacteria	d__Bacteria;p__Patescibacteriota;c__Minisyncoccia;o__UBA9973;f__UBA9973;g__UBA8515;s__UBA8515 sp028865035	test	734988	427573	427572	RS_GCF_003069785.1;RS_GCF_028446685.1;RS_GCF_039966215.1	Pseudomonadota;Pseudomonadota;Bacteroidota	4942543;5658912;4355028	test	3	3	3	68.453819	58.174147	69.622868	58.174011	highly_fragmented	500-2000	1000-5000	500	0.8-1.2	random_per_contaminant_copy	30.0	1.0	5.0	0.3	0.15	0.6	0	8	13	21	855145	
genome_534	534	53	4	7353004	set_C_clean	GB_GCA_028865035.1	Patescibacteriota	Bacteria	d__Bacteria;p__Patescibacteriota;c__Minisyncoccia;o__UBA9973;f__UBA9973;g__UBA8515;s__UBA8515 sp028865035	test	734988	734988	160068	RS_GCF_013890155.1;RS_GCF_964031045.1;RS_GCF_900584205.1	Pseudomonadota;Bacillota;Pseudomonadota	4991577;1209723;5873737	test	3	3	3	63.867112	100.0	21.778386	21.778315	high	10-50	100000-500000	5000	0.8-1.2	random_per_contaminant_copy	30.0	1.0	5.0	0.3	0.15	0.6	0	1	1	2	895056	
genome_535	535	53	5	7353005	set_C_clean	GB_GCA_028865035.1	Patescibacteriota	Bacteria	d__Bacteria;p__Patescibacteriota;c__Minisyncoccia;o__UBA9973;f__UBA9973;g__UBA8515;s__UBA8515 sp028865035	test	734988	522300	153525	RS_GCF_015278415.1	Pseudomonadota	5646500	test	1	1	1	71.245154	71.062385	22.536762	20.888096	highly_fragmented	500-2000	1000-5000	500	0.8-1.2	random_per_contaminant_copy	30.0	1.0	5.0	0.3	0.15	0.6	0	128	1	129	675825	
genome_536	536	53	6	7353006	set_C_clean	GB_GCA_028865035.1	Patescibacteriota	Bacteria	d__Bacteria;p__Patescibacteriota;c__Minisyncoccia;o__UBA9973;f__UBA9973;g__UBA8515;s__UBA8515 sp028865035	test	734988	538003	10122	RS_GCF_000451805.1;RS_GCF_023735715.1	Bacillota;Pseudomonadota	4027255;5424276	test	2	2	2	68.910993	73.198882	1.377167	1.377165	low	200-500	5000-20000	1000	0.8-1.2	random_per_contaminant_copy	30.0	1.0	5.0	0.3	0.15	0.6	0	5	1	6	548125	
genome_537	537	53	7	7353007	set_C_clean	GB_GCA_028865035.1	Patescibacteriota	Bacteria	d__Bacteria;p__Patescibacteriota;c__Minisyncoccia;o__UBA9973;f__UBA9973;g__UBA8515;s__UBA8515 sp028865035	test	734988	734988	388804	RS_GCF_001206695.1;RS_GCF_019311625.1;RS_GCF_037242635.1;RS_GCF_030232845.1	Bacillota;Campylobacterota;Bacillota;Actinomycetota	2807126;1540863;2126101;2360727	test	4	4	4	60.143439	100.0	52.899483	52.899367	high	10-50	100000-500000	5000	0.8-1.2	random_per_contaminant_copy	30.0	1.0	5.0	0.3	0.15	0.6	0	1	5	6	1123792	
genome_538	538	53	8	7353008	set_C_clean	GB_GCA_028865035.1	Patescibacteriota	Bacteria	d__Bacteria;p__Patescibacteriota;c__Minisyncoccia;o__UBA9973;f__UBA9973;g__UBA8515;s__UBA8515 sp028865035	test	734988	508140	508140	RS_GCF_023656095.1;RS_GCF_036917395.1;RS_GCF_000746255.1;RS_GCF_964026995.1;RS_GCF_040372045.1	Bacillota;Cyanobacteriota;Desulfobacterota;Pseudomonadota;Pseudomonadota	2778924;7123819;1687244;1456049;3498243	test	5	5	5	60.176393	69.135823	69.401509	69.135823	low	200-500	5000-20000	1000	0.8-1.2	random_per_contaminant_copy	30.0	1.0	5.0	0.3	0.15	0.6	0	3	25	28	1016280	
genome_539	539	53	9	7353009	set_C_clean	GB_GCA_028865035.1	Patescibacteriota	Bacteria	d__Bacteria;p__Patescibacteriota;c__Minisyncoccia;o__UBA9973;f__UBA9973;g__UBA8515;s__UBA8515 sp028865035	test	734988	734988	402040	GB_GCA_947472695.1	Bacteroidota	2010235	test	1	1	1	98.38633	100.0	54.709799	54.700213	medium	50-200	20000-100000	2000	0.8-1.2	random_per_contaminant_copy	30.0	1.0	5.0	0.3	0.15	0.6	0	1	10	11	1137028	
genome_540	540	54	0	7354000	set_C_clean	GB_GCA_028870835.1	Patescibacteriota	Bacteria	d__Bacteria;p__Patescibacteriota;c__Minisyncoccia;o__UBA6257;f__2-01-FULL-56-20;g__REEB91;s__REEB91 sp018971305	test	987749	987749	635979	RS_GCF_001650275.1;RS_GCF_937980635.1;RS_GCF_024496285.1;RS_GCF_002523545.1	Pseudomonadota;Campylobacterota;Pseudomonadota;Bacillota	5750190;2198141;6159340;3066681	test	4	4	4	96.702693	100.0	65.575192	64.386701	high	10-50	100000-500000	5000	0.8-1.2	random_per_contaminant_copy	30.0	1.0	5.0	0.3	0.15	0.6	0	1	18	19	1623728	
genome_541	541	54	1	7354001	set_C_clean	GB_GCA_028870835.1	Patescibacteriota	Bacteria	d__Bacteria;p__Patescibacteriota;c__Minisyncoccia;o__UBA6257;f__2-01-FULL-56-20;g__REEB91;s__REEB91 sp018971305	test	987749	499709	290261	RS_GCF_025490575.1	Bacillota	3858817	test	1	1	1	51.714685	50.590687	29.38618	29.386109	medium	50-200	20000-100000	2000	0.8-1.2	random_per_contaminant_copy	30.0	1.0	5.0	0.3	0.15	0.6	0	2	55	57	789970	
genome_542	542	54	2	7354002	set_C_clean	GB_GCA_028870835.1	Patescibacteriota	Bacteria	d__Bacteria;p__Patescibacteriota;c__Minisyncoccia;o__UBA6257;f__2-01-FULL-56-20;g__REEB91;s__REEB91 sp018971305	test	987749	987749	465091	RS_GCF_036322645.1;RS_GCF_900993395.1;RS_GCF_013295905.1	Pseudomonadota;Bacillota;Bacillota	4342308;1811704;6118527	test	3	3	3	94.360715	100.0	47.08605	47.08595	medium	50-200	20000-100000	2000	0.8-1.2	random_per_contaminant_copy	30.0	1.0	5.0	0.3	0.15	0.6	0	3	52	55	1452840	
genome_543	543	54	3	7354003	set_C_clean	GB_GCA_028870835.1	Patescibacteriota	Bacteria	d__Bacteria;p__Patescibacteriota;c__Minisyncoccia;o__UBA6257;f__2-01-FULL-56-20;g__REEB91;s__REEB91 sp018971305	test	987749	987749	629039	GB_GCA_018366195.1;RS_GCF_900156635.1	Bacillota;Pseudomonadota	2431368;4569005	test	2	2	2	64.089202	100.0	63.684181	63.684094	high	10-50	100000-500000	5000	0.8-1.2	random_per_contaminant_copy	30.0	1.0	5.0	0.3	0.15	0.6	0	1	23	24	1616788	
genome_544	544	54	4	7354004	set_C_clean	GB_GCA_028870835.1	Patescibacteriota	Bacteria	d__Bacteria;p__Patescibacteriota;c__Minisyncoccia;o__UBA6257;f__2-01-FULL-56-20;g__REEB91;s__REEB91 sp018971305	test	987749	611042	472384	RS_GCF_000345965.2;RS_GCF_948771675.1;GB_GCA_027421315.1;RS_GCF_003576265.1;RS_GCF_000553045.1	Campylobacterota;Bacteroidota;Bacillota;Pseudomonadota;Bacillota	1631408;2543922;2569327;6445406;2853664	test	5	5	5	83.033191	61.862072	47.824395	47.824295	medium	50-200	20000-100000	2000	0.8-1.2	random_per_contaminant_copy	30.0	1.0	5.0	0.3	0.15	0.6	0	2	12	14	1083426	
genome_545	545	54	5	7354005	set_C_clean	GB_GCA_028870835.1	Patescibacteriota	Bacteria	d__Bacteria;p__Patescibacteriota;c__Minisyncoccia;o__UBA6257;f__2-01-FULL-56-20;g__REEB91;s__REEB91 sp018971305	test	987749	589898	82834	GB_GCA_963928365.1;RS_GCF_021285205.1;RS_GCF_035813735.1;GB_GCA_027324565.1	Cyanobacteriota;Pseudomonadota;Bacillota;Vulcanimicrobiota	1929929;4717071;3739732;2336138	test	4	4	4	97.392089	59.721447	8.386233	8.386139	medium	50-200	20000-100000	2000	0.8-1.2	random_per_contaminant_copy	30.0	1.0	5.0	0.3	0.15	0.6	0	2	4	6	672732	
genome_546	546	54	6	7354006	set_C_clean	GB_GCA_028870835.1	Patescibacteriota	Bacteria	d__Bacteria;p__Patescibacteriota;c__Minisyncoccia;o__UBA6257;f__2-01-FULL-56-20;g__REEB91;s__REEB91 sp018971305	test	987749	987749	443317	RS_GCF_900168345.1;GB_GCA_031581225.1;RS_GCF_022398325.1	Actinomycetota;Actinomycetota;Pseudomonadota	3295723;1159404;4910282	test	3	3	3	53.513413	100.0	52.337304	44.881544	high	10-50	100000-500000	5000	0.8-1.2	random_per_contaminant_copy	30.0	1.0	5.0	0.3	0.15	0.6	0	1	19	20	1431066	
genome_547	547	54	7	7354007	set_C_clean	GB_GCA_028870835.1	Patescibacteriota	Bacteria	d__Bacteria;p__Patescibacteriota;c__Minisyncoccia;o__UBA6257;f__2-01-FULL-56-20;g__REEB91;s__REEB91 sp018971305	test	987749	987749	921044	RS_GCF_000650215.1	Actinomycetota	4390434	test	1	1	1	92.583159	100.0	93.246808	93.246766	low	200-500	5000-20000	1000	0.8-1.2	random_per_contaminant_copy	30.0	1.0	5.0	0.3	0.15	0.6	0	3	121	124	1908793	
genome_548	548	54	8	7354008	set_C_clean	GB_GCA_028870835.1	Patescibacteriota	Bacteria	d__Bacteria;p__Patescibacteriota;c__Minisyncoccia;o__UBA6257;f__2-01-FULL-56-20;g__REEB91;s__REEB91 sp018971305	test	987749	987749	970396	GB_GCA_963525215.1;GB_GCA_949427345.1;GB_GCA_963592225.1;RS_GCF_008083175.1	Pseudomonadota;Bacteroidota;Actinomycetota;Pseudomonadota	5370764;2212508;2310323;4817913	test	4	4	4	65.042488	100.0	98.243222	98.243177	low	200-500	5000-20000	1000	0.8-1.2	random_per_contaminant_copy	30.0	1.0	5.0	0.3	0.15	0.6	0	2	20	22	1958145	
genome_549	549	54	9	7354009	set_C_clean	GB_GCA_028870835.1	Patescibacteriota	Bacteria	d__Bacteria;p__Patescibacteriota;c__Minisyncoccia;o__UBA6257;f__2-01-FULL-56-20;g__REEB91;s__REEB91 sp018971305	test	987749	987749	24543	RS_GCF_030234745.1;RS_GCF_024239095.1;RS_GCF_009193325.2;RS_GCF_005670675.1	Actinomycetota;Thermoproteota;Bacteroidota;Actinomycetota	2546994;2114359;5320612;6446208	test	4	4	4	70.580943	100.0	2.484793	2.484741	high	10-50	100000-500000	5000	0.8-1.2	random_per_contaminant_copy	30.0	1.0	5.0	0.3	0.15	0.6	0	1	1	2	1012292	
genome_550	550	55	0	7355000	set_C_clean	GB_GCA_029288615.1	Patescibacteriota	Bacteria	d__Bacteria;p__Patescibacteriota;c__Minisyncoccia;o__UBA9973;f__CAIRYW01;g__JARIGV01;s__JARIGV01 sp029288615	test	787960	483386	395267	GB_GCA_949095755.1;RS_GCF_022428455.1;RS_GCF_000260615.2	Bacillota;Pseudomonadota;Actinomycetota	3679130;4839654;5488620	test	3	3	3	63.90985	61.346515	50.163443	50.163333	low	200-500	5000-20000	1000	0.8-1.2	random_per_contaminant_copy	30.0	1.0	5.0	0.3	0.15	0.6	0	5	3	8	878653	
genome_551	551	55	1	7355001	set_C_clean	GB_GCA_029288615.1	Patescibacteriota	Bacteria	d__Bacteria;p__Patescibacteriota;c__Minisyncoccia;o__UBA9973;f__CAIRYW01;g__JARIGV01;s__JARIGV01 sp029288615	test	787960	787960	617992	RS_GCF_019748735.1	Bacillota	5354727	test	1	1	1	74.667303	100.0	78.429467	78.429362	high	10-50	100000-500000	5000	0.8-1.2	random_per_contaminant_copy	30.0	1.0	5.0	0.3	0.15	0.6	0	1	174	175	1405952	
genome_552	552	55	2	7355002	set_C_clean	GB_GCA_029288615.1	Patescibacteriota	Bacteria	d__Bacteria;p__Patescibacteriota;c__Minisyncoccia;o__UBA9973;f__CAIRYW01;g__JARIGV01;s__JARIGV01 sp029288615	test	787960	631584	466091	RS_GCF_021379005.1;RS_GCF_000637655.1	Cyanobacteriota;Bacillota	5348817;2737321	test	2	2	2	96.977796	80.154323	59.15164	59.151607	low	200-500	5000-20000	1000	0.8-1.2	random_per_contaminant_copy	30.0	1.0	5.0	0.3	0.15	0.6	0	9	2	11	1097675	
genome_553	553	55	3	7355003	set_C_clean	GB_GCA_029288615.1	Patescibacteriota	Bacteria	d__Bacteria;p__Patescibacteriota;c__Minisyncoccia;o__UBA9973;f__CAIRYW01;g__JARIGV01;s__JARIGV01 sp029288615	test	787960	571769	98528	RS_GCF_009764275.1;RS_GCF_040790655.1	Bacteroidota;Pseudomonadota	3958448;3540653	test	2	2	2	70.237326	72.563201	12.504228	12.504188	highly_fragmented	500-2000	1000-5000	500	0.8-1.2	random_per_contaminant_copy	30.0	1.0	5.0	0.3	0.15	0.6	0	6	1	7	670297	
genome_554	554	55	4	7355004	set_C_clean	GB_GCA_029288615.1	Patescibacteriota	Bacteria	d__Bacteria;p__Patescibacteriota;c__Minisyncoccia;o__UBA9973;f__CAIRYW01;g__JARIGV01;s__JARIGV01 sp029288615	test	787960	555512	525842	GB_GCA_001356875.1	Pseudomonadota	4696408	test	1	1	1	70.525263	70.500025	66.734639	66.734606	highly_fragmented	500-2000	1000-5000	500	0.8-1.2	random_per_contaminant_copy	30.0	1.0	5.0	0.3	0.15	0.6	0	55	25	80	1081354	
genome_555	555	55	5	7355005	set_C_clean	GB_GCA_029288615.1	Patescibacteriota	Bacteria	d__Bacteria;p__Patescibacteriota;c__Minisyncoccia;o__UBA9973;f__CAIRYW01;g__JARIGV01;s__JARIGV01 sp029288615	test	787960	787960	547464	RS_GCF_000986825.1;RS_GCF_022809935.1;RS_GCF_026210475.1	Actinomycetota;Bacillota;Pseudomonadota	3990351;2437425;5803119	test	3	3	3	62.552032	100.0	75.411337	69.478654	medium	50-200	20000-100000	2000	0.8-1.2	random_per_contaminant_copy	30.0	1.0	5.0	0.3	0.15	0.6	0	2	13	15	1335424	
genome_556	556	55	6	7355006	set_C_clean	GB_GCA_029288615.1	Patescibacteriota	Bacteria	d__Bacteria;p__Patescibacteriota;c__Minisyncoccia;o__UBA9973;f__CAIRYW01;g__JARIGV01;s__JARIGV01 sp029288615	test	787960	676440	676440	RS_GCF_003069785.1;RS_GCF_004330635.1;RS_GCF_030316195.1;RS_GCF_900065435.1	Pseudomonadota;Pseudomonadota;Pseudomonadota;Pseudomonadota	4942543;7692690;4705865;3318517	test	4	4	4	54.248763	85.846997	86.467419	85.846997	medium	50-200	20000-100000	2000	0.8-1.2	random_per_contaminant_copy	30.0	1.0	5.0	0.3	0.15	0.6	0	1	16	17	1352880	
genome_557	557	55	7	7355007	set_C_clean	GB_GCA_029288615.1	Patescibacteriota	Bacteria	d__Bacteria;p__Patescibacteriota;c__Minisyncoccia;o__UBA9973;f__CAIRYW01;g__JARIGV01;s__JARIGV01 sp029288615	test	787960	659818	606694	RS_GCF_030549005.1;RS_GCF_900031535.1;GB_GCA_024644705.1;RS_GCF_027854595.1	Bacteroidota;Bacillota;Bacteroidota;Pseudomonadota	2962391;2064116;2041284;4071347	test	4	4	4	66.154783	83.737499	77.197756	76.995533	high	10-50	100000-500000	5000	0.8-1.2	random_per_contaminant_copy	30.0	1.0	5.0	0.3	0.15	0.6	0	1	72	73	1266512	
genome_558	558	55	8	7355008	set_C_clean	GB_GCA_029288615.1	Patescibacteriota	Bacteria	d__Bacteria;p__Patescibacteriota;c__Minisyncoccia;o__UBA9973;f__CAIRYW01;g__JARIGV01;s__JARIGV01 sp029288615	test	787960	787960	686089	RS_GCF_013177915.1	Halobacteriota	1832060	test	1	1	1	76.307381	100.0	87.071591	87.071552	high	10-50	100000-500000	5000	0.8-1.2	random_per_contaminant_copy	30.0	1.0	5.0	0.3	0.15	0.6	0	1	6	7	1474049	
genome_559	559	55	9	7355009	set_C_clean	GB_GCA_029288615.1	Patescibacteriota	Bacteria	d__Bacteria;p__Patescibacteriota;c__Minisyncoccia;o__UBA9973;f__CAIRYW01;g__JARIGV01;s__JARIGV01 sp029288615	test	787960	670429	670429	RS_GCF_001051485.1;RS_GCF_030131105.1;RS_GCF_013315675.1	Campylobacterota;Pseudomonadota;Pseudomonadota	1657840;4115092;5088045	test	3	3	3	87.871167	85.084141	92.421954	85.084141	highly_fragmented	500-2000	1000-5000	500	0.8-1.2	random_per_contaminant_copy	30.0	1.0	5.0	0.3	0.15	0.6	0	52	15	67	1340858	
genome_560	560	56	0	7356000	set_C_clean	GB_GCA_030531645.1	Patescibacteriota	Bacteria	d__Bacteria;p__Patescibacteriota;c__Saccharimonadia;o__Saccharimonadales;f__Nanosyncoccaceae;g__Nanosyncoccus;s__Nanosyncoccus sp030531645	test	771005	715284	624381	RS_GCF_024971975.1	Actinomycetota	2572936	test	1	1	1	64.441703	92.772939	80.982861	80.982743	medium	50-200	20000-100000	2000	0.8-1.2	random_per_contaminant_copy	30.0	1.0	5.0	0.3	0.15	0.6	0	1	108	109	1339665	
genome_561	561	56	1	7356001	set_C_clean	GB_GCA_030531645.1	Patescibacteriota	Bacteria	d__Bacteria;p__Patescibacteriota;c__Saccharimonadia;o__Saccharimonadales;f__Nanosyncoccaceae;g__Nanosyncoccus;s__Nanosyncoccus sp030531645	test	771005	771005	240660	GB_GCA_035451605.1;GB_GCA_948843405.1;GB_GCA_949003645.1;GB_GCA_948997015.1	Planctomycetota;Verrucomicrobiota;Bacteroidota;Bacteroidota	5114815;2863674;2664925;2263092	test	4	4	4	55.086221	100.0	31.21381	31.213805	low	200-500	5000-20000	1000	0.8-1.2	random_per_contaminant_copy	30.0	1.0	5.0	0.3	0.15	0.6	0	3	5	8	1011665	
genome_562	562	56	2	7356002	set_C_clean	GB_GCA_030531645.1	Patescibacteriota	Bacteria	d__Bacteria;p__Patescibacteriota;c__Saccharimonadia;o__Saccharimonadales;f__Nanosyncoccaceae;g__Nanosyncoccus;s__Nanosyncoccus sp030531645	test	771005	771005	696506	RS_GCF_002490225.1	Bacillota	2933568	test	1	1	1	66.249609	100.0	90.33743	90.337417	medium	50-200	20000-100000	2000	0.8-1.2	random_per_contaminant_copy	30.0	1.0	5.0	0.3	0.15	0.6	0	1	26	27	1467511	
genome_563	563	56	3	7356003	set_C_clean	GB_GCA_030531645.1	Patescibacteriota	Bacteria	d__Bacteria;p__Patescibacteriota;c__Saccharimonadia;o__Saccharimonadales;f__Nanosyncoccaceae;g__Nanosyncoccus;s__Nanosyncoccus sp030531645	test	771005	771005	64885	RS_GCF_030262665.1	Pseudomonadota	4941138	test	1	1	1	53.726343	100.0	61.778594	8.415639	high	10-50	100000-500000	5000	0.8-1.2	random_per_contaminant_copy	30.0	1.0	5.0	0.3	0.15	0.6	0	1	1	2	835890	
genome_564	564	56	4	7356004	set_C_clean	GB_GCA_030531645.1	Patescibacteriota	Bacteria	d__Bacteria;p__Patescibacteriota;c__Saccharimonadia;o__Saccharimonadales;f__Nanosyncoccaceae;g__Nanosyncoccus;s__Nanosyncoccus sp030531645	test	771005	771005	479931	GB_GCA_002472785.1;RS_GCF_014495805.1	Pseudomonadota;Pseudomonadota	3874919;2335429	test	2	2	2	94.593258	100.0	62.482791	62.247456	high	10-50	100000-500000	5000	0.8-1.2	random_per_contaminant_copy	30.0	1.0	5.0	0.3	0.15	0.6	0	1	77	78	1250936	
genome_565	565	56	5	7356005	set_C_clean	GB_GCA_030531645.1	Patescibacteriota	Bacteria	d__Bacteria;p__Patescibacteriota;c__Saccharimonadia;o__Saccharimonadales;f__Nanosyncoccaceae;g__Nanosyncoccus;s__Nanosyncoccus sp030531645	test	771005	452369	452368	RS_GCF_900988935.1;RS_GCF_026790975.1;RS_GCF_027691025.1;RS_GCF_014198735.1	Bacillota;Bacillota;Bacillota;Pseudomonadota	1765586;4164040;3326397;7401195	test	4	4	4	65.789514	58.672642	90.573628	58.672512	highly_fragmented	500-2000	1000-5000	500	0.8-1.2	random_per_contaminant_copy	30.0	1.0	5.0	0.3	0.15	0.6	0	5	16	21	904737	
genome_566	566	56	6	7356006	set_C_clean	GB_GCA_030531645.1	Patescibacteriota	Bacteria	d__Bacteria;p__Patescibacteriota;c__Saccharimonadia;o__Saccharimonadales;f__Nanosyncoccaceae;g__Nanosyncoccus;s__Nanosyncoccus sp030531645	test	771005	771005	70767	RS_GCF_031999985.1;RS_GCF_018597345.1	Bacteroidota;Pseudomonadota	5327846;4639953	test	2	2	2	50.500642	100.0	9.178665	9.17854	high	10-50	100000-500000	5000	0.8-1.2	random_per_contaminant_copy	30.0	1.0	5.0	0.3	0.15	0.6	0	1	1	2	841772	
genome_567	567	56	7	7356007	set_C_clean	GB_GCA_030531645.1	Patescibacteriota	Bacteria	d__Bacteria;p__Patescibacteriota;c__Saccharimonadia;o__Saccharimonadales;f__Nanosyncoccaceae;g__Nanosyncoccus;s__Nanosyncoccus sp030531645	test	771005	771005	557452	RS_GCF_040366405.1	Pseudomonadota	4530377	test	1	1	1	74.990382	100.0	72.302037	72.301995	high	10-50	100000-500000	5000	0.8-1.2	random_per_contaminant_copy	30.0	1.0	5.0	0.3	0.15	0.6	0	3	56	59	1328457	
genome_568	568	56	8	7356008	set_C_clean	GB_GCA_030531645.1	Patescibacteriota	Bacteria	d__Bacteria;p__Patescibacteriota;c__Saccharimonadia;o__Saccharimonadales;f__Nanosyncoccaceae;g__Nanosyncoccus;s__Nanosyncoccus sp030531645	test	771005	538837	85217	GB_GCA_040221595.1;GB_GCA_945915075.1;GB_GCA_035798115.1	Bacteroidota;Spirochaetota;Bacteroidota	3557797;2366088;3637598	test	3	3	3	67.802549	69.887614	11.052828	11.052717	highly_fragmented	500-2000	1000-5000	500	0.8-1.2	random_per_contaminant_copy	30.0	1.0	5.0	0.3	0.15	0.6	0	11	3	14	624054	
genome_569	569	56	9	7356009	set_C_clean	GB_GCA_030531645.1	Patescibacteriota	Bacteria	d__Bacteria;p__Patescibacteriota;c__Saccharimonadia;o__Saccharimonadales;f__Nanosyncoccaceae;g__Nanosyncoccus;s__Nanosyncoccus sp030531645	test	771005	670907	637203	RS_GCF_037694895.1;RS_GCF_008329565.1	Campylobacterota;Actinomycetota	1691524;5419524	test	2	2	2	96.506155	87.017205	82.645801	82.645768	highly_fragmented	500-2000	1000-5000	500	0.8-1.2	random_per_contaminant_copy	30.0	1.0	5.0	0.3	0.15	0.6	0	7	23	30	1308110	
genome_570	570	57	0	7357000	set_C_clean	GB_GCA_030616085.1	Patescibacteriota	Bacteria	d__Bacteria;p__Patescibacteriota;c__Minisyncoccia;o__Minisyncoccales;f__GWA2-38-27;g__JAUWYA01;s__JAUWYA01 sp030616085	test	740160	616558	411190	RS_GCF_018881975.1;RS_GCF_028864125.1	Pseudomonadota;Actinomycetota	2628141;2166420	test	2	2	2	75.232556	83.300638	55.554219	55.554204	medium	50-200	20000-100000	2000	0.8-1.2	random_per_contaminant_copy	30.0	1.0	5.0	0.3	0.15	0.6	0	4	2	6	1027748	
genome_571	571	57	1	7357001	set_C_clean	GB_GCA_030616085.1	Patescibacteriota	Bacteria	d__Bacteria;p__Patescibacteriota;c__Minisyncoccia;o__Minisyncoccales;f__GWA2-38-27;g__JAUWYA01;s__JAUWYA01 sp030616085	test	740160	515585	192371	RS_GCF_014773395.1;RS_GCF_011291825.1;GB_GCA_000008885.1;GB_GCA_948767145.1	Pseudomonadota;Bacillota;Pseudomonadota;Desulfobacterota_I	4320414;2757398;703004;2308042	test	4	4	4	69.673992	69.658587	25.990562	25.990462	highly_fragmented	500-2000	1000-5000	500	0.8-1.2	random_per_contaminant_copy	30.0	1.0	5.0	0.3	0.15	0.6	0	34	4	38	707956	
genome_572	572	57	2	7357002	set_C_clean	GB_GCA_030616085.1	Patescibacteriota	Bacteria	d__Bacteria;p__Patescibacteriota;c__Minisyncoccia;o__Minisyncoccales;f__GWA2-38-27;g__JAUWYA01;s__JAUWYA01 sp030616085	test	740160	464054	464054	RS_GCF_000190635.1;RS_GCF_948572755.1;RS_GCF_006507965.1;RS_GCF_015594455.1	Bacillota;Bacteroidota;Pseudomonadota;Bacillota	3406739;2702114;3289402;2644309	test	4	4	4	61.981317	62.696444	87.861356	62.696444	low	200-500	5000-20000	1000	0.8-1.2	random_per_contaminant_copy	30.0	1.0	5.0	0.3	0.15	0.6	0	2	4	6	928108	
genome_573	573	57	3	7357003	set_C_clean	GB_GCA_030616085.1	Patescibacteriota	Bacteria	d__Bacteria;p__Patescibacteriota;c__Minisyncoccia;o__Minisyncoccales;f__GWA2-38-27;g__JAUWYA01;s__JAUWYA01 sp030616085	test	740160	740160	177573	RS_GCF_025674335.1	Pseudomonadota	5937988	test	1	1	1	75.555915	100.0	23.991168	23.991164	high	10-50	100000-500000	5000	0.8-1.2	random_per_contaminant_copy	30.0	1.0	5.0	0.3	0.15	0.6	0	1	1	2	917733	
genome_574	574	57	4	7357004	set_C_clean	GB_GCA_030616085.1	Patescibacteriota	Bacteria	d__Bacteria;p__Patescibacteriota;c__Minisyncoccia;o__Minisyncoccales;f__GWA2-38-27;g__JAUWYA01;s__JAUWYA01 sp030616085	test	740160	740160	667451	RS_GCF_900496825.1;RS_GCF_958438995.1;RS_GCF_022645385.1	Pseudomonadota;Pseudomonadota;Bacillota	5525133;5337704;2502826	test	3	3	3	72.886404	100.0	90.17667	90.176583	high	10-50	100000-500000	5000	0.8-1.2	random_per_contaminant_copy	30.0	1.0	5.0	0.3	0.15	0.6	0	1	5	6	1407611	
genome_575	575	57	5	7357005	set_C_clean	GB_GCA_030616085.1	Patescibacteriota	Bacteria	d__Bacteria;p__Patescibacteriota;c__Minisyncoccia;o__Minisyncoccales;f__GWA2-38-27;g__JAUWYA01;s__JAUWYA01 sp030616085	test	740160	740160	255968	RS_GCF_014775655.1;RS_GCF_900131225.1;RS_GCF_902705555.1	Actinomycetota;Actinomycetota;Bacteroidota	3098336;5025500;3410594	test	3	3	3	59.639359	100.0	34.582885	34.582793	high	10-50	100000-500000	5000	0.8-1.2	random_per_contaminant_copy	30.0	1.0	5.0	0.3	0.15	0.6	0	1	7	8	996128	
genome_576	576	57	6	7357006	set_C_clean	GB_GCA_030616085.1	Patescibacteriota	Bacteria	d__Bacteria;p__Patescibacteriota;c__Minisyncoccia;o__Minisyncoccales;f__GWA2-38-27;g__JAUWYA01;s__JAUWYA01 sp030616085	test	740160	473332	1253	GB_GCA_037232885.1	Pseudomonadota	4541970	test	1	1	1	62.894397	63.949957	0.169394	0.169288	highly_fragmented	500-2000	1000-5000	500	0.8-1.2	random_per_contaminant_copy	30.0	1.0	5.0	0.3	0.15	0.6	0	17	1	18	474585	
genome_577	577	57	7	7357007	set_C_clean	GB_GCA_030616085.1	Patescibacteriota	Bacteria	d__Bacteria;p__Patescibacteriota;c__Minisyncoccia;o__Minisyncoccales;f__GWA2-38-27;g__JAUWYA01;s__JAUWYA01 sp030616085	test	740160	570548	536674	RS_GCF_017570645.1;RS_GCF_900458105.1;RS_GCF_009812035.1	Pseudomonadota;Bacillota;Pseudomonadota	5402822;2830285;3282829	test	3	3	3	79.497824	77.084414	94.322916	72.507836	highly_fragmented	500-2000	1000-5000	500	0.8-1.2	random_per_contaminant_copy	30.0	1.0	5.0	0.3	0.15	0.6	0	22	7	29	1107222	
genome_578	578	57	8	7357008	set_C_clean	GB_GCA_030616085.1	Patescibacteriota	Bacteria	d__Bacteria;p__Patescibacteriota;c__Minisyncoccia;o__Minisyncoccales;f__GWA2-38-27;g__JAUWYA01;s__JAUWYA01 sp030616085	test	740160	740160	70597	RS_GCF_900055135.1;RS_GCF_004339095.1;RS_GCF_001583255.1;RS_GCF_018617855.1	Bacillota;Bacillota;Bacillota;Bacillota	2060222;2984055;2937443;2738116	test	4	4	4	56.262426	100.0	13.219433	9.538073	medium	50-200	20000-100000	2000	0.8-1.2	random_per_contaminant_copy	30.0	1.0	5.0	0.3	0.15	0.6	0	1	13	14	810757	
genome_579	579	57	9	7357009	set_C_clean	GB_GCA_030616085.1	Patescibacteriota	Bacteria	d__Bacteria;p__Patescibacteriota;c__Minisyncoccia;o__Minisyncoccales;f__GWA2-38-27;g__JAUWYA01;s__JAUWYA01 sp030616085	test	740160	383584	98213	RS_GCF_002144535.1;RS_GCF_001951015.1;RS_GCF_000672455.1;RS_GCF_014267505.1;GB_GCA_003174335.1	Pseudomonadota;Pseudomonadota;Actinomycetota;Bacillota;Bacillota	5464342;1268242;4422857;3663484;1799007	test	5	5	5	51.201748	51.82447	13.269291	13.269158	highly_fragmented	500-2000	1000-5000	500	0.8-1.2	random_per_contaminant_copy	30.0	1.0	5.0	0.3	0.15	0.6	0	16	1	17	481797	
genome_580	580	58	0	7358000	set_C_clean	GB_GCA_035390125.1	Patescibacteriota	Bacteria	d__Bacteria;p__Patescibacteriota;c__Minisyncoccia;o__Moranbacterales;f__GWC2-37-73;g__DAOOTD01;s__DAOOTD01 sp022709545	test	832317	677796	675217	RS_GCF_008868025.1;RS_GCF_013320815.1;RS_GCF_004764445.1;RS_GCF_900107035.1	Actinomycetota;Pseudomonadota;Pseudomonadota;Bacillota	3894869;5107151;4952015;2859702	test	4	4	4	87.40316	81.434838	82.026951	81.12498	low	200-500	5000-20000	1000	0.8-1.2	random_per_contaminant_copy	30.0	1.0	5.0	0.3	0.15	0.6	0	4	21	25	1353013	
genome_581	581	58	1	7358001	set_C_clean	GB_GCA_035390125.1	Patescibacteriota	Bacteria	d__Bacteria;p__Patescibacteriota;c__Minisyncoccia;o__Moranbacterales;f__GWC2-37-73;g__DAOOTD01;s__DAOOTD01 sp022709545	test	832317	832317	152899	RS_GCF_022496425.1;RS_GCF_036014155.1;RS_GCF_003724155.1;RS_GCF_016804825.1	Actinomycetota;Actinomycetota;Actinomycetota;Bacillota	2109557;10787473;4144872;2588554	test	4	4	4	93.427483	100.0	18.370402	18.370284	medium	50-200	20000-100000	2000	0.8-1.2	random_per_contaminant_copy	30.0	1.0	5.0	0.3	0.15	0.6	0	4	6	10	985216	
genome_582	582	58	2	7358002	set_C_clean	GB_GCA_035390125.1	Patescibacteriota	Bacteria	d__Bacteria;p__Patescibacteriota;c__Minisyncoccia;o__Moranbacterales;f__GWC2-37-73;g__DAOOTD01;s__DAOOTD01 sp022709545	test	832317	832317	690205	RS_GCF_025189525.1;RS_GCF_948694145.1;RS_GCF_034642355.1;RS_GCF_016807785.1	Bacillota;Bacteroidota;Bacillota;Pseudomonadota	2830936;2458465;2979264;4302351	test	4	4	4	58.319606	100.0	82.925816	82.925736	medium	50-200	20000-100000	2000	0.8-1.2	random_per_contaminant_copy	30.0	1.0	5.0	0.3	0.15	0.6	0	3	7	10	1522522	
genome_583	583	58	3	7358003	set_C_clean	GB_GCA_035390125.1	Patescibacteriota	Bacteria	d__Bacteria;p__Patescibacteriota;c__Minisyncoccia;o__Moranbacterales;f__GWC2-37-73;g__DAOOTD01;s__DAOOTD01 sp022709545	test	832317	832317	471451	RS_GCF_001314975.1;RS_GCF_000466545.1	Bacteroidota;Actinomycetota	6487685;2369717	test	2	2	2	92.04521	100.0	56.643216	56.643202	high	10-50	100000-500000	5000	0.8-1.2	random_per_contaminant_copy	30.0	1.0	5.0	0.3	0.15	0.6	0	1	1	2	1303768	
genome_584	584	58	4	7358004	set_C_clean	GB_GCA_035390125.1	Patescibacteriota	Bacteria	d__Bacteria;p__Patescibacteriota;c__Minisyncoccia;o__Moranbacterales;f__GWC2-37-73;g__DAOOTD01;s__DAOOTD01 sp022709545	test	832317	613012	173663	RS_GCF_001727845.1;GB_GCA_963540805.1;GB_GCA_948681465.1	Pseudomonadota;Bacteroidota;Bacteroidota	5077332;1825144;2695376	test	3	3	3	99.136921	73.651265	20.865057	20.865007	low	200-500	5000-20000	1000	0.8-1.2	random_per_contaminant_copy	30.0	1.0	5.0	0.3	0.15	0.6	0	4	5	9	786675	
genome_585	585	58	5	7358005	set_C_clean	GB_GCA_035390125.1	Patescibacteriota	Bacteria	d__Bacteria;p__Patescibacteriota;c__Minisyncoccia;o__Moranbacterales;f__GWC2-37-73;g__DAOOTD01;s__DAOOTD01 sp022709545	test	832317	774377	774377	RS_GCF_036322645.1;RS_GCF_943908155.1	Pseudomonadota;Bacteroidota_A	4342308;3707935	test	2	2	2	96.898332	93.03871	95.975209	93.03871	low	200-500	5000-20000	1000	0.8-1.2	random_per_contaminant_copy	30.0	1.0	5.0	0.3	0.15	0.6	0	4	2	6	1548754	
genome_586	586	58	6	7358006	set_C_clean	GB_GCA_035390125.1	Patescibacteriota	Bacteria	d__Bacteria;p__Patescibacteriota;c__Minisyncoccia;o__Moranbacterales;f__GWC2-37-73;g__DAOOTD01;s__DAOOTD01 sp022709545	test	832317	561950	545857	GB_GCA_949005145.1;RS_GCF_002269085.1	Verrucomicrobiota;Pseudomonadota	2754782;5016267	test	2	2	2	92.4217	67.516343	97.421882	65.582825	highly_fragmented	500-2000	1000-5000	500	0.8-1.2	random_per_contaminant_copy	30.0	1.0	5.0	0.3	0.15	0.6	0	17	6	23	1107807	
genome_587	587	58	7	7358007	set_C_clean	GB_GCA_035390125.1	Patescibacteriota	Bacteria	d__Bacteria;p__Patescibacteriota;c__Minisyncoccia;o__Moranbacterales;f__GWC2-37-73;g__DAOOTD01;s__DAOOTD01 sp022709545	test	832317	655343	88952	GB_GCA_032102625.1	Pseudomonadota	4430908	test	1	1	1	79.75959	78.737188	31.748015	10.687274	highly_fragmented	500-2000	1000-5000	500	0.8-1.2	random_per_contaminant_copy	30.0	1.0	5.0	0.3	0.15	0.6	0	37	1	38	744295	
genome_588	588	58	8	7358008	set_C_clean	GB_GCA_035390125.1	Patescibacteriota	Bacteria	d__Bacteria;p__Patescibacteriota;c__Minisyncoccia;o__Moranbacterales;f__GWC2-37-73;g__DAOOTD01;s__DAOOTD01 sp022709545	test	832317	743973	276204	RS_GCF_018741605.1	Bacillota	6066244	test	1	1	1	82.6571	89.385775	33.65699	33.184952	medium	50-200	20000-100000	2000	0.8-1.2	random_per_contaminant_copy	30.0	1.0	5.0	0.3	0.15	0.6	0	1	1	2	1020177	
genome_589	589	58	9	7358009	set_C_clean	GB_GCA_035390125.1	Patescibacteriota	Bacteria	d__Bacteria;p__Patescibacteriota;c__Minisyncoccia;o__Moranbacterales;f__GWC2-37-73;g__DAOOTD01;s__DAOOTD01 sp022709545	test	832317	632871	461248	RS_GCF_001999625.1;GB_GCA_001996325.1;RS_GCF_023285465.1	Bacillota;Pseudomonadota;Bacillota	3011263;4085355;2959822	test	3	3	3	61.711264	76.037255	60.718314	55.417347	low	200-500	5000-20000	1000	0.8-1.2	random_per_contaminant_copy	30.0	1.0	5.0	0.3	0.15	0.6	0	1	25	26	1094119	
genome_590	590	59	0	7359000	set_C_clean	GB_GCA_035445505.1	Patescibacteriota	Bacteria	d__Bacteria;p__Patescibacteriota;c__Saccharimonadia;o__Saccharimonadales;f__UBA1547;g__UBA1547;s__UBA1547 sp937863415	test	843323	843323	546330	RS_GCF_902385605.1;GB_GCA_037265725.1	Bacillota;Bacillota	1898011;2882468	test	2	2	2	86.102057	100.0	72.954066	64.783007	high	10-50	100000-500000	5000	0.8-1.2	random_per_contaminant_copy	30.0	1.0	5.0	0.3	0.15	0.6	0	1	37	38	1389653	
genome_591	591	59	1	7359001	set_C_clean	GB_GCA_035445505.1	Patescibacteriota	Bacteria	d__Bacteria;p__Patescibacteriota;c__Saccharimonadia;o__Saccharimonadales;f__UBA1547;g__UBA1547;s__UBA1547 sp937863415	test	843323	843323	57489	RS_GCF_005146105.1;RS_GCF_002987645.1;RS_GCF_002886405.1	Pseudomonadota;Pseudomonadota;Actinomycetota	5503401;1778402;4411413	test	3	3	3	82.372148	100.0	6.817023	6.816961	high	10-50	100000-500000	5000	0.8-1.2	random_per_contaminant_copy	30.0	1.0	5.0	0.3	0.15	0.6	0	1	6	7	900812	
genome_592	592	59	2	7359002	set_C_clean	GB_GCA_035445505.1	Patescibacteriota	Bacteria	d__Bacteria;p__Patescibacteriota;c__Saccharimonadia;o__Saccharimonadales;f__UBA1547;g__UBA1547;s__UBA1547 sp937863415	test	843323	646760	158644	GB_GCA_948518025.1;RS_GCF_001188055.2;RS_GCF_040121725.1;RS_GCF_002777155.1;RS_GCF_016863785.1	Cyanobacteriota;Pseudomonadota;Campylobacterota;Chlamydiota;Bacillota	1876858;4565949;1724465;1048306;2892149	test	5	5	5	77.563186	76.691849	18.811829	18.811772	highly_fragmented	500-2000	1000-5000	500	0.8-1.2	random_per_contaminant_copy	30.0	1.0	5.0	0.3	0.15	0.6	0	11	2	13	805404	
genome_593	593	59	3	7359003	set_C_clean	GB_GCA_035445505.1	Patescibacteriota	Bacteria	d__Bacteria;p__Patescibacteriota;c__Saccharimonadia;o__Saccharimonadales;f__UBA1547;g__UBA1547;s__UBA1547 sp937863415	test	843323	843323	210828	RS_GCF_000315795.1	Pseudomonadota	4952465	test	1	1	1	61.931977	100.0	24.999745	24.999674	high	10-50	100000-500000	5000	0.8-1.2	random_per_contaminant_copy	30.0	1.0	5.0	0.3	0.15	0.6	0	1	1	2	1054151	
genome_594	594	59	4	7359004	set_C_clean	GB_GCA_035445505.1	Patescibacteriota	Bacteria	d__Bacteria;p__Patescibacteriota;c__Saccharimonadia;o__Saccharimonadales;f__UBA1547;g__UBA1547;s__UBA1547 sp937863415	test	843323	800989	75316	RS_GCF_000555785.1;RS_GCF_026967595.1	Bacillota;Bacillota	2914998;4404030	test	2	2	2	75.928102	94.980097	8.930863	8.93086	medium	50-200	20000-100000	2000	0.8-1.2	random_per_contaminant_copy	30.0	1.0	5.0	0.3	0.15	0.6	0	1	2	3	876305	
genome_595	595	59	5	7359005	set_C_clean	GB_GCA_035445505.1	Patescibacteriota	Bacteria	d__Bacteria;p__Patescibacteriota;c__Saccharimonadia;o__Saccharimonadales;f__UBA1547;g__UBA1547;s__UBA1547 sp937863415	test	843323	843323	477762	RS_GCF_036872075.1;RS_GCF_004105165.1	Pseudomonadota;Actinomycetota	5588522;4384680	test	2	2	2	72.156149	100.0	56.652346	56.652315	medium	50-200	20000-100000	2000	0.8-1.2	random_per_contaminant_copy	30.0	1.0	5.0	0.3	0.15	0.6	0	1	56	57	1321085	
genome_596	596	59	6	7359006	set_C_clean	GB_GCA_035445505.1	Patescibacteriota	Bacteria	d__Bacteria;p__Patescibacteriota;c__Saccharimonadia;o__Saccharimonadales;f__UBA1547;g__UBA1547;s__UBA1547 sp937863415	test	843323	477483	477483	RS_GCF_001374515.1;RS_GCF_002329975.1;RS_GCF_017893555.1;RS_GCF_038005965.1	Pseudomonadota;Pseudomonadota;Pseudomonadota;Bacillota	6489356;6296435;4234260;5579023	test	4	4	4	60.952955	56.619231	59.941409	56.619231	medium	50-200	20000-100000	2000	0.8-1.2	random_per_contaminant_copy	30.0	1.0	5.0	0.3	0.15	0.6	0	2	4	6	954966	
genome_597	597	59	7	7359007	set_C_clean	GB_GCA_035445505.1	Patescibacteriota	Bacteria	d__Bacteria;p__Patescibacteriota;c__Saccharimonadia;o__Saccharimonadales;f__UBA1547;g__UBA1547;s__UBA1547 sp937863415	test	843323	843323	552952	GB_GCA_934747155.1;GB_GCA_001761845.1	Bacillota;Campylobacterota	2235837;1681150	test	2	2	2	51.573131	100.0	70.569978	65.568234	high	10-50	100000-500000	5000	0.8-1.2	random_per_contaminant_copy	30.0	1.0	5.0	0.3	0.15	0.6	0	1	2	3	1396275	
genome_598	598	59	8	7359008	set_C_clean	GB_GCA_035445505.1	Patescibacteriota	Bacteria	d__Bacteria;p__Patescibacteriota;c__Saccharimonadia;o__Saccharimonadales;f__UBA1547;g__UBA1547;s__UBA1547 sp937863415	test	843323	843323	64099	RS_GCF_000963675.1	Pseudomonadota	2704219	test	1	1	1	69.49394	100.0	7.600862	7.600765	medium	50-200	20000-100000	2000	0.8-1.2	random_per_contaminant_copy	30.0	1.0	5.0	0.3	0.15	0.6	0	1	1	2	907422	
genome_599	599	59	9	7359009	set_C_clean	GB_GCA_035445505.1	Patescibacteriota	Bacteria	d__Bacteria;p__Patescibacteriota;c__Saccharimonadia;o__Saccharimonadales;f__UBA1547;g__UBA1547;s__UBA1547 sp937863415	test	843323	843323	782836	RS_GCF_003337515.1;RS_GCF_021536745.2	Pseudomonadota;Bacillota	4352541;3234779	test	2	2	2	86.184334	100.0	92.827542	92.827541	high	10-50	100000-500000	5000	0.8-1.2	random_per_contaminant_copy	30.0	1.0	5.0	0.3	0.15	0.6	0	1	47	48	1626159	
genome_600	600	60	0	7360000	set_C_clean	GB_GCA_035489575.1	Patescibacteriota	Bacteria	d__Bacteria;p__Patescibacteriota;c__Saccharimonadia;o__Saccharimonadales;f__JAGQNK01;g__JAGQNK01;s__JAGQNK01 sp035489575	test	1518044	1518044	1000772	RS_GCF_031799095.1;RS_GCF_041204105.1;RS_GCF_002899905.1;RS_GCF_900120275.1;RS_GCF_025215115.1	Pseudomonadota;Pseudomonadota;Pseudomonadota;Campylobacterota;Pseudomonadota	4378492;5591872;6756833;1667936;4450330	test	5	5	5	94.111362	100.0	65.92514	65.925098	high	10-50	100000-500000	5000	0.8-1.2	random_per_contaminant_copy	30.0	1.0	5.0	0.3	0.15	0.6	0	1	34	35	2518816	
genome_601	601	60	1	7360001	set_C_clean	GB_GCA_035489575.1	Patescibacteriota	Bacteria	d__Bacteria;p__Patescibacteriota;c__Saccharimonadia;o__Saccharimonadales;f__JAGQNK01;g__JAGQNK01;s__JAGQNK01 sp035489575	test	1518044	1518044	602621	RS_GCF_022495265.1;RS_GCF_023713025.1;RS_GCF_033803725.1	Campylobacterota;Actinomycetota;Bacillota	1738532;2448390;1959382	test	3	3	3	76.072154	100.0	39.697244	39.697202	high	10-50	100000-500000	5000	0.8-1.2	random_per_contaminant_copy	30.0	1.0	5.0	0.3	0.15	0.6	0	2	3	5	2120665	
genome_602	602	60	2	7360002	set_C_clean	GB_GCA_035489575.1	Patescibacteriota	Bacteria	d__Bacteria;p__Patescibacteriota;c__Saccharimonadia;o__Saccharimonadales;f__JAGQNK01;g__JAGQNK01;s__JAGQNK01 sp035489575	test	1518044	1518044	290315	GB_GCA_034147845.1;RS_GCF_039981795.1;GB_GCA_937876145.1;RS_GCF_000725445.1;RS_GCF_021547415.1	Bacteroidota;Pseudomonadota;Bacteroidota;Pseudomonadota;Pseudomonadota	5134366;3425283;2466913;7067732;5135140	test	5	5	5	68.021349	100.0	19.124302	19.124281	high	10-50	100000-500000	5000	0.8-1.2	random_per_contaminant_copy	30.0	1.0	5.0	0.3	0.15	0.6	0	1	23	24	1808359	
genome_603	603	60	3	7360003	set_C_clean	GB_GCA_035489575.1	Patescibacteriota	Bacteria	d__Bacteria;p__Patescibacteriota;c__Saccharimonadia;o__Saccharimonadales;f__JAGQNK01;g__JAGQNK01;s__JAGQNK01 sp035489575	test	1518044	1135136	173756	RS_GCF_001973035.1;GB_GCA_022179705.1	Pseudomonadota;Actinomycetota	4697325;8322947	test	2	2	2	78.161166	74.776225	12.166444	11.446045	medium	50-200	20000-100000	2000	0.8-1.2	random_per_contaminant_copy	30.0	1.0	5.0	0.3	0.15	0.6	0	3	2	5	1308892	
genome_604	604	60	4	7360004	set_C_clean	GB_GCA_035489575.1	Patescibacteriota	Bacteria	d__Bacteria;p__Patescibacteriota;c__Saccharimonadia;o__Saccharimonadales;f__JAGQNK01;g__JAGQNK01;s__JAGQNK01 sp035489575	test	1518044	1510208	1510208	GB_GCA_022646825.1;RS_GCF_002264105.1;RS_GCF_000670535.1	Pseudomonadota;Pseudomonadota;Actinomycetota	2211319;5499067;4435469	test	3	3	3	95.762425	99.483809	99.657636	99.483809	high	10-50	100000-500000	5000	0.8-1.2	random_per_contaminant_copy	30.0	1.0	5.0	0.3	0.15	0.6	0	2	14	16	3020416	
genome_605	605	60	5	7360005	set_C_clean	GB_GCA_035489575.1	Patescibacteriota	Bacteria	d__Bacteria;p__Patescibacteriota;c__Saccharimonadia;o__Saccharimonadales;f__JAGQNK01;g__JAGQNK01;s__JAGQNK01 sp035489575	test	1518044	1272777	255452	RS_GCF_000956475.1;GB_GCA_902495435.1;RS_GCF_900163625.1;RS_GCF_032578615.1;RS_GCF_900583685.1	Actinomycetota;Bacillota;Pseudomonadota;Pseudomonadota;Pseudomonadota	3953585;1272541;3250103;4649387;6081258	test	5	5	5	97.232091	83.843222	16.827729	16.827707	low	200-500	5000-20000	1000	0.8-1.2	random_per_contaminant_copy	30.0	1.0	5.0	0.3	0.15	0.6	0	11	2	13	1528229	
genome_606	606	60	6	7360006	set_C_clean	GB_GCA_035489575.1	Patescibacteriota	Bacteria	d__Bacteria;p__Patescibacteriota;c__Saccharimonadia;o__Saccharimonadales;f__JAGQNK01;g__JAGQNK01;s__JAGQNK01 sp035489575	test	1518044	1423332	71225	RS_GCF_944388875.1;RS_GCF_041260805.1;RS_GCF_018616775.1;GB_GCA_902472035.1;RS_GCF_003057195.1	Spirochaetota;Pseudomonadota;Bacillota;Bacillota;Pseudomonadota	3111819;9348859;2537630;2564044;5190163	test	5	5	5	99.250954	93.760919	4.691947	4.691893	medium	50-200	20000-100000	2000	0.8-1.2	random_per_contaminant_copy	30.0	1.0	5.0	0.3	0.15	0.6	0	9	1	10	1494557	
genome_607	607	60	7	7360007	set_C_clean	GB_GCA_035489575.1	Patescibacteriota	Bacteria	d__Bacteria;p__Patescibacteriota;c__Saccharimonadia;o__Saccharimonadales;f__JAGQNK01;g__JAGQNK01;s__JAGQNK01 sp035489575	test	1518044	1258702	1258702	RS_GCF_001021695.1;RS_GCF_024723655.1;RS_GCF_001527325.1	Pseudomonadota;Campylobacterota;Pseudomonadota	7275643;1610927;7623645	test	3	3	3	93.603393	82.916042	83.601587	82.916042	low	200-500	5000-20000	1000	0.8-1.2	random_per_contaminant_copy	30.0	1.0	5.0	0.3	0.15	0.6	0	12	21	33	2517404	
genome_608	608	60	8	7360008	set_C_clean	GB_GCA_035489575.1	Patescibacteriota	Bacteria	d__Bacteria;p__Patescibacteriota;c__Saccharimonadia;o__Saccharimonadales;f__JAGQNK01;g__JAGQNK01;s__JAGQNK01 sp035489575	test	1518044	857081	562846	RS_GCF_900057375.2;GB_GCA_019429105.1;RS_GCF_963675585.1	Bacillota;Desulfobacterota;Bacteroidota	2061861;3100310;6037074	test	3	3	3	56.84057	56.459562	37.077107	37.077054	high	10-50	100000-500000	5000	0.8-1.2	random_per_contaminant_copy	30.0	1.0	5.0	0.3	0.15	0.6	0	4	11	15	1419927	
genome_609	609	60	9	7360009	set_C_clean	GB_GCA_035489575.1	Patescibacteriota	Bacteria	d__Bacteria;p__Patescibacteriota;c__Saccharimonadia;o__Saccharimonadales;f__JAGQNK01;g__JAGQNK01;s__JAGQNK01 sp035489575	test	1518044	1123020	612273	RS_GCF_900042355.1;RS_GCF_041320665.1;RS_GCF_003515685.1	Bacillota;Pseudomonadota;Bacillota	2198877;5054837;4787403	test	3	3	3	74.072358	73.978093	40.33305	40.333021	highly_fragmented	500-2000	1000-5000	500	0.8-1.2	random_per_contaminant_copy	30.0	1.0	5.0	0.3	0.15	0.6	0	133	41	174	1735293	
genome_610	610	61	0	7361000	set_C_clean	GB_GCA_035690865.1	Patescibacteriota	Bacteria	d__Bacteria;p__Patescibacteriota;c__Saccharimonadia;o__Saccharimonadales;f__UBA4665;g__CAMLQK01;s__CAMLQK01 sp035690865	test	1191846	737787	737787	GB_GCA_008364705.1;GB_GCA_963971625.1;RS_GCF_947347065.1;RS_GCF_003625555.1	Pseudomonadota;Verrucomicrobiota;Bacteroidota;Pseudomonadota	5455613;3907929;2725388;1909011	test	4	4	4	69.018564	61.90288	89.716374	61.90288	medium	50-200	20000-100000	2000	0.8-1.2	random_per_contaminant_copy	30.0	1.0	5.0	0.3	0.15	0.6	0	4	12	16	1475574	
genome_611	611	61	1	7361001	set_C_clean	GB_GCA_035690865.1	Patescibacteriota	Bacteria	d__Bacteria;p__Patescibacteriota;c__Saccharimonadia;o__Saccharimonadales;f__UBA4665;g__CAMLQK01;s__CAMLQK01 sp035690865	test	1191846	839207	254491	GB_GCA_037442635.1;RS_GCF_003637875.1;RS_GCF_037860615.1;RS_GCF_030549005.1;RS_GCF_000309765.1	Acidobacteriota;Campylobacterota;Actinomycetota;Bacteroidota;Bacillota	4433494;1639698;8612119;2962391;2951397	test	5	5	5	68.886526	70.412369	21.352681	21.352675	highly_fragmented	500-2000	1000-5000	500	0.8-1.2	random_per_contaminant_copy	30.0	1.0	5.0	0.3	0.15	0.6	0	17	4	21	1093698	
genome_612	612	61	2	7361002	set_C_clean	GB_GCA_035690865.1	Patescibacteriota	Bacteria	d__Bacteria;p__Patescibacteriota;c__Saccharimonadia;o__Saccharimonadales;f__UBA4665;g__CAMLQK01;s__CAMLQK01 sp035690865	test	1191846	1061492	177478	RS_GCF_040946305.1;GB_GCA_032069645.1;RS_GCF_000674795.1	Actinomycetota;Pseudomonadota;Actinomycetota	2403485;4212058;4410975	test	3	3	3	95.588483	89.062849	14.891086	14.891018	highly_fragmented	500-2000	1000-5000	500	0.8-1.2	random_per_contaminant_copy	30.0	1.0	5.0	0.3	0.15	0.6	0	36	3	39	1238970	
genome_613	613	61	3	7361003	set_C_clean	GB_GCA_035690865.1	Patescibacteriota	Bacteria	d__Bacteria;p__Patescibacteriota;c__Saccharimonadia;o__Saccharimonadales;f__UBA4665;g__CAMLQK01;s__CAMLQK01 sp035690865	test	1191846	879721	879721	GB_GCA_002918995.1	Pseudomonadota	4937165	test	1	1	1	83.661394	73.811633	81.189157	73.811633	low	200-500	5000-20000	1000	0.8-1.2	random_per_contaminant_copy	30.0	1.0	5.0	0.3	0.15	0.6	0	9	381	390	1759442	
genome_614	614	61	4	7361004	set_C_clean	GB_GCA_035690865.1	Patescibacteriota	Bacteria	d__Bacteria;p__Patescibacteriota;c__Saccharimonadia;o__Saccharimonadales;f__UBA4665;g__CAMLQK01;s__CAMLQK01 sp035690865	test	1191846	966153	206858	RS_GCF_001988995.1	Pseudomonadota	4107419	test	1	1	1	80.277112	81.063577	44.561385	17.356101	highly_fragmented	500-2000	1000-5000	500	0.8-1.2	random_per_contaminant_copy	30.0	1.0	5.0	0.3	0.15	0.6	0	12	1	13	1173011	
genome_615	615	61	5	7361005	set_C_clean	GB_GCA_035690865.1	Patescibacteriota	Bacteria	d__Bacteria;p__Patescibacteriota;c__Saccharimonadia;o__Saccharimonadales;f__UBA4665;g__CAMLQK01;s__CAMLQK01 sp035690865	test	1191846	1067421	562468	RS_GCF_009891215.1;RS_GCF_001986815.1	Bacillota;Pseudomonadota	2841579;4109537	test	2	2	2	53.021016	89.560312	47.193049	47.19301	high	10-50	100000-500000	5000	0.8-1.2	random_per_contaminant_copy	30.0	1.0	5.0	0.3	0.15	0.6	0	2	4	6	1629889	
genome_616	616	61	6	7361006	set_C_clean	GB_GCA_035690865.1	Patescibacteriota	Bacteria	d__Bacteria;p__Patescibacteriota;c__Saccharimonadia;o__Saccharimonadales;f__UBA4665;g__CAMLQK01;s__CAMLQK01 sp035690865	test	1191846	843228	591428	RS_GCF_035790375.1;RS_GCF_948780705.1	Bacillota;Campylobacterota	2869568;1821082	test	2	2	2	89.132477	70.749745	49.622855	49.622854	medium	50-200	20000-100000	2000	0.8-1.2	random_per_contaminant_copy	30.0	1.0	5.0	0.3	0.15	0.6	0	4	7	11	1434656	
genome_617	617	61	7	7361007	set_C_clean	GB_GCA_035690865.1	Patescibacteriota	Bacteria	d__Bacteria;p__Patescibacteriota;c__Saccharimonadia;o__Saccharimonadales;f__UBA4665;g__CAMLQK01;s__CAMLQK01 sp035690865	test	1191846	1191846	1097625	RS_GCF_040652515.1;RS_GCF_024612055.1;RS_GCF_001260995.1;RS_GCF_003494985.1	Actinomycetota;Bacillota;Pseudomonadota;Pseudomonadota	6682491;2741379;3996840;2110910	test	4	4	4	66.920535	100.0	92.094582	92.094532	high	10-50	100000-500000	5000	0.8-1.2	random_per_contaminant_copy	30.0	1.0	5.0	0.3	0.15	0.6	0	2	8	10	2289471	
genome_618	618	61	8	7361008	set_C_clean	GB_GCA_035690865.1	Patescibacteriota	Bacteria	d__Bacteria;p__Patescibacteriota;c__Saccharimonadia;o__Saccharimonadales;f__UBA4665;g__CAMLQK01;s__CAMLQK01 sp035690865	test	1191846	676033	247484	RS_GCF_024663255.1;RS_GCF_024548185.1	Pseudomonadota;Bacillota	6981950;2824835	test	2	2	2	56.934514	56.721506	21.637048	20.764763	highly_fragmented	500-2000	1000-5000	500	0.8-1.2	random_per_contaminant_copy	30.0	1.0	5.0	0.3	0.15	0.6	0	83	2	85	923517	
genome_619	619	61	9	7361009	set_C_clean	GB_GCA_035690865.1	Patescibacteriota	Bacteria	d__Bacteria;p__Patescibacteriota;c__Saccharimonadia;o__Saccharimonadales;f__UBA4665;g__CAMLQK01;s__CAMLQK01 sp035690865	test	1191846	625543	625543	RS_GCF_033901745.1;GB_GCA_945876425.1	Pseudomonadota;Chlamydiota	4959945;1093196	test	2	2	2	54.105681	52.48522	78.204958	52.48522	low	200-500	5000-20000	1000	0.8-1.2	random_per_contaminant_copy	30.0	1.0	5.0	0.3	0.15	0.6	0	6	1	7	1251086	
genome_620	620	62	0	7362000	set_C_clean	GB_GCA_036388555.1	Patescibacteriota	Bacteria	d__Bacteria;p__Patescibacteriota;c__Saccharimonadia;o__Saccharimonadales;f__UBA4665;g__UBA4665;s__UBA4665 sp036388555	test	1412329	1412329	576527	RS_GCF_001232045.1;GB_GCA_948681465.1;RS_GCF_002055395.1	Bacillota;Bacteroidota;Pseudomonadota	2869385;2695376;4704384	test	3	3	3	79.969791	100.0	40.821045	40.821013	high	10-50	100000-500000	5000	0.8-1.2	random_per_contaminant_copy	30.0	1.0	5.0	0.3	0.15	0.6	0	1	1	2	1988856	
genome_621	621	62	1	7362001	set_C_clean	GB_GCA_036388555.1	Patescibacteriota	Bacteria	d__Bacteria;p__Patescibacteriota;c__Saccharimonadia;o__Saccharimonadales;f__UBA4665;g__UBA4665;s__UBA4665 sp036388555	test	1412329	1278089	196482	RS_GCF_017960165.1	Pseudomonadota	6699172	test	1	1	1	90.959405	90.495133	13.911928	13.911914	low	200-500	5000-20000	1000	0.8-1.2	random_per_contaminant_copy	30.0	1.0	5.0	0.3	0.15	0.6	0	8	1	9	1474571	
genome_622	622	62	2	7362002	set_C_clean	GB_GCA_036388555.1	Patescibacteriota	Bacteria	d__Bacteria;p__Patescibacteriota;c__Saccharimonadia;o__Saccharimonadales;f__UBA4665;g__UBA4665;s__UBA4665 sp036388555	test	1412329	1132663	831104	RS_GCF_032461775.1;GB_GCA_001366395.1;RS_GCF_016809755.1;RS_GCF_018617855.1;GB_GCA_948617845.1	Pseudomonadota;Pseudomonadota;Bacillota;Bacillota;Actinomycetota	5616607;4737376;708774;2738116;2173525	test	5	5	5	80.405124	80.19824	58.846392	58.846345	medium	50-200	20000-100000	2000	0.8-1.2	random_per_contaminant_copy	30.0	1.0	5.0	0.3	0.15	0.6	0	4	2	6	1963767	
genome_623	623	62	3	7362003	set_C_clean	GB_GCA_036388555.1	Patescibacteriota	Bacteria	d__Bacteria;p__Patescibacteriota;c__Saccharimonadia;o__Saccharimonadales;f__UBA4665;g__UBA4665;s__UBA4665 sp036388555	test	1412329	1222286	838871	GB_GCA_013394345.1;GB_GCA_913061265.1;RS_GCF_002500745.1;RS_GCF_001497475.1;GB_GCA_945901345.1	Bacillota;Bdellovibrionota;Bacteroidota;Campylobacterota;Fusobacteriota	3685082;3971546;5250672;1750548;2691285	test	5	5	5	96.080655	86.543999	59.396325	59.396288	low	200-500	5000-20000	1000	0.8-1.2	random_per_contaminant_copy	30.0	1.0	5.0	0.3	0.15	0.6	0	8	9	17	2061157	
genome_624	624	62	4	7362004	set_C_clean	GB_GCA_036388555.1	Patescibacteriota	Bacteria	d__Bacteria;p__Patescibacteriota;c__Saccharimonadia;o__Saccharimonadales;f__UBA4665;g__UBA4665;s__UBA4665 sp036388555	test	1412329	1009358	886592	GB_GCA_903826495.1;RS_GCF_948852935.1;RS_GCF_014696685.1	Acidobacteriota;Bacteroidota;Bacillota	3728694;2759315;2842756	test	3	3	3	66.962607	71.467625	74.639921	62.775175	medium	50-200	20000-100000	2000	0.8-1.2	random_per_contaminant_copy	30.0	1.0	5.0	0.3	0.15	0.6	0	3	54	57	1895950	
genome_625	625	62	5	7362005	set_C_clean	GB_GCA_036388555.1	Patescibacteriota	Bacteria	d__Bacteria;p__Patescibacteriota;c__Saccharimonadia;o__Saccharimonadales;f__UBA4665;g__UBA4665;s__UBA4665 sp036388555	test	1412329	1122130	927327	GB_GCA_039914295.1;RS_GCF_002853745.1	Bacteroidota;Pseudomonadota	4648993;5403606	test	2	2	2	79.330572	79.452451	65.659446	65.659418	low	200-500	5000-20000	1000	0.8-1.2	random_per_contaminant_copy	30.0	1.0	5.0	0.3	0.15	0.6	0	6	20	26	2049457	
genome_626	626	62	6	7362006	set_C_clean	GB_GCA_036388555.1	Patescibacteriota	Bacteria	d__Bacteria;p__Patescibacteriota;c__Saccharimonadia;o__Saccharimonadales;f__UBA4665;g__UBA4665;s__UBA4665 sp036388555	test	1412329	935930	55806	GB_GCA_934247825.1;RS_GCF_022453725.1;RS_GCF_027856515.2;RS_GCF_000289995.1	Bacillota;Spirochaetota;Pseudomonadota;Bacillota	1622499;5121101;7074034;2065334	test	4	4	4	66.948385	66.268554	3.951364	3.951346	highly_fragmented	500-2000	1000-5000	500	0.8-1.2	random_per_contaminant_copy	30.0	1.0	5.0	0.3	0.15	0.6	0	44	2	46	991736	
genome_627	627	62	7	7362007	set_C_clean	GB_GCA_036388555.1	Patescibacteriota	Bacteria	d__Bacteria;p__Patescibacteriota;c__Saccharimonadia;o__Saccharimonadales;f__UBA4665;g__UBA4665;s__UBA4665 sp036388555	test	1412329	1211143	193744	RS_GCF_002277995.2;RS_GCF_031326265.1;RS_GCF_027383275.1;RS_GCF_026156915.1	Bacteroidota;Pseudomonadota;Pseudomonadota;Bacillota	4074206;5904377;4709221;3321727	test	4	4	4	77.094963	85.755019	13.718111	13.71805	low	200-500	5000-20000	1000	0.8-1.2	random_per_contaminant_copy	30.0	1.0	5.0	0.3	0.15	0.6	0	11	2	13	1404887	
genome_628	628	62	8	7362008	set_C_clean	GB_GCA_036388555.1	Patescibacteriota	Bacteria	d__Bacteria;p__Patescibacteriota;c__Saccharimonadia;o__Saccharimonadales;f__UBA4665;g__UBA4665;s__UBA4665 sp036388555	test	1412329	1210559	409106	GB_GCA_023229645.1;RS_GCF_038753285.1;RS_GCF_016918665.1;RS_GCF_003176945.1	Pseudomonadota;Bacillota;Bacillota;Bacillota	4255904;4064778;3071700;1766875	test	4	4	4	89.268733	85.713669	28.966818	28.966763	highly_fragmented	500-2000	1000-5000	500	0.8-1.2	random_per_contaminant_copy	30.0	1.0	5.0	0.3	0.15	0.6	0	193	41	234	1619665	
genome_629	629	62	9	7362009	set_C_clean	GB_GCA_036388555.1	Patescibacteriota	Bacteria	d__Bacteria;p__Patescibacteriota;c__Saccharimonadia;o__Saccharimonadales;f__UBA4665;g__UBA4665;s__UBA4665 sp036388555	test	1412329	957492	457658	RS_GCF_004135365.1;RS_GCF_001455685.1	Bacillota;Bacillota	4228822;802909	test	2	2	2	66.468435	67.795252	32.404491	32.404489	medium	50-200	20000-100000	2000	0.8-1.2	random_per_contaminant_copy	30.0	1.0	5.0	0.3	0.15	0.6	0	3	12	15	1415150	
genome_630	630	63	0	7363000	set_C_clean	GB_GCA_036783885.1	Patescibacteriota	Bacteria	d__Bacteria;p__Patescibacteriota;c__Minisyncoccia;o__UBA10092;f__UBA10092;g__UBA10092;s__UBA10092 sp003455995	test	592532	344647	45253	RS_GCF_011327085.1	Bacillota	2100670	test	1	1	1	71.362376	58.165129	25.239806	7.637225	medium	50-200	20000-100000	2000	0.8-1.2	random_per_contaminant_copy	30.0	1.0	5.0	0.3	0.15	0.6	0	2	1	3	389900	
genome_631	631	63	1	7363001	set_C_clean	GB_GCA_036783885.1	Patescibacteriota	Bacteria	d__Bacteria;p__Patescibacteriota;c__Minisyncoccia;o__UBA10092;f__UBA10092;g__UBA10092;s__UBA10092 sp003455995	test	592532	592532	535210	GB_GCA_002073755.2;RS_GCF_000602965.1	Pseudomonadota;Bacillota	5244290;2781029	test	2	2	2	97.067613	100.0	90.326024	90.325923	low	200-500	5000-20000	1000	0.8-1.2	random_per_contaminant_copy	30.0	1.0	5.0	0.3	0.15	0.6	0	3	38	41	1127742	
genome_632	632	63	2	7363002	set_C_clean	GB_GCA_036783885.1	Patescibacteriota	Bacteria	d__Bacteria;p__Patescibacteriota;c__Minisyncoccia;o__UBA10092;f__UBA10092;g__UBA10092;s__UBA10092 sp003455995	test	592532	433169	268258	RS_GCF_039621855.1	Pseudomonadota	4847909	test	1	1	1	98.934868	73.104744	45.273198	45.273167	highly_fragmented	500-2000	1000-5000	500	0.8-1.2	random_per_contaminant_copy	30.0	1.0	5.0	0.3	0.15	0.6	0	12	1	13	701427	
genome_633	633	63	3	7363003	set_C_clean	GB_GCA_036783885.1	Patescibacteriota	Bacteria	d__Bacteria;p__Patescibacteriota;c__Minisyncoccia;o__UBA10092;f__UBA10092;g__UBA10092;s__UBA10092 sp003455995	test	592532	592532	546558	RS_GCF_020131335.1	Bacillota	3575075	test	1	1	1	89.354174	100.0	92.241096	92.241094	high	10-50	100000-500000	5000	0.8-1.2	random_per_contaminant_copy	30.0	1.0	5.0	0.3	0.15	0.6	0	1	9	10	1139090	
genome_634	634	63	4	7363004	set_C_clean	GB_GCA_036783885.1	Patescibacteriota	Bacteria	d__Bacteria;p__Patescibacteriota;c__Minisyncoccia;o__UBA10092;f__UBA10092;g__UBA10092;s__UBA10092 sp003455995	test	592532	592532	485918	RS_GCF_900060645.1;RS_GCF_016887725.1;RS_GCF_021123075.1	Bacillota;Bacillota;Bacillota	2448529;2087502;2779948	test	3	3	3	51.698022	100.0	82.007128	82.007048	high	10-50	100000-500000	5000	0.8-1.2	random_per_contaminant_copy	30.0	1.0	5.0	0.3	0.15	0.6	0	1	32	33	1078450	
genome_635	635	63	5	7363005	set_C_clean	GB_GCA_036783885.1	Patescibacteriota	Bacteria	d__Bacteria;p__Patescibacteriota;c__Minisyncoccia;o__UBA10092;f__UBA10092;g__UBA10092;s__UBA10092 sp003455995	test	592532	592532	560453	RS_GCF_000564465.1;GB_GCA_947496665.1	Bacillota;Bacteroidota	2823433;4157274	test	2	2	2	50.468479	100.0	94.58627	94.586115	medium	50-200	20000-100000	2000	0.8-1.2	random_per_contaminant_copy	30.0	1.0	5.0	0.3	0.15	0.6	0	1	3	4	1152985	
genome_636	636	63	6	7363006	set_C_clean	GB_GCA_036783885.1	Patescibacteriota	Bacteria	d__Bacteria;p__Patescibacteriota;c__Minisyncoccia;o__UBA10092;f__UBA10092;g__UBA10092;s__UBA10092 sp003455995	test	592532	353521	353521	GB_GCA_030525325.1	Bacillota	2149162	test	1	1	1	64.719524	59.662769	92.197886	59.662769	low	200-500	5000-20000	1000	0.8-1.2	random_per_contaminant_copy	30.0	1.0	5.0	0.3	0.15	0.6	0	1	23	24	707042	
genome_637	637	63	7	7363007	set_C_clean	GB_GCA_036783885.1	Patescibacteriota	Bacteria	d__Bacteria;p__Patescibacteriota;c__Minisyncoccia;o__UBA10092;f__UBA10092;g__UBA10092;s__UBA10092 sp003455995	test	592532	591236	219411	RS_GCF_026743145.1;RS_GCF_900108855.1;GB_GCA_000380225.1;RS_GCF_032929295.1	Pseudomonadota;Bacteroidota;Cyanobacteriota;Pseudomonadota	3685144;7340093;5632035;5384305	test	4	4	4	72.806636	99.781278	37.0295	37.029393	low	200-500	5000-20000	1000	0.8-1.2	random_per_contaminant_copy	30.0	1.0	5.0	0.3	0.15	0.6	0	1	3	4	810647	
genome_638	638	63	8	7363008	set_C_clean	GB_GCA_036783885.1	Patescibacteriota	Bacteria	d__Bacteria;p__Patescibacteriota;c__Minisyncoccia;o__UBA10092;f__UBA10092;g__UBA10092;s__UBA10092 sp003455995	test	592532	475534	475534	RS_GCF_004368255.1;GB_GCA_002869065.1;GB_GCA_016201105.1;RS_GCF_028888265.1;RS_GCF_025490575.1	Campylobacterota;Pseudomonadota;Pseudomonadota;Pseudomonadota;Bacillota	1875659;4036153;3851468;7503659;3858817	test	5	5	5	92.477974	80.254569	96.441677	80.254569	highly_fragmented	500-2000	1000-5000	500	0.8-1.2	random_per_contaminant_copy	30.0	1.0	5.0	0.3	0.15	0.6	0	55	28	83	951068	
genome_639	639	63	9	7363009	set_C_clean	GB_GCA_036783885.1	Patescibacteriota	Bacteria	d__Bacteria;p__Patescibacteriota;c__Minisyncoccia;o__UBA10092;f__UBA10092;g__UBA10092;s__UBA10092 sp003455995	test	592532	434127	199954	RS_GCF_035817775.1	Bacillota	6155543	test	1	1	1	81.387646	73.266423	33.745798	33.745688	highly_fragmented	500-2000	1000-5000	500	0.8-1.2	random_per_contaminant_copy	30.0	1.0	5.0	0.3	0.15	0.6	0	6	33	39	634081	
genome_640	640	64	0	7364000	set_C_clean	GB_GCA_037137935.1	Patescibacteriota	Bacteria	d__Bacteria;p__Patescibacteriota;c__Saccharimonadia;o__Saccharimonadales;f__AQU-01;g__CALRGT01;s__CALRGT01 sp037137935	test	808545	559260	136300	RS_GCF_001263855.1;RS_GCF_022394055.1;RS_GCF_004167905.1;GB_GCA_963678145.1;RS_GCF_004108845.1	Actinomycetota;Pseudomonadota;Actinomycetota;Campylobacterota;Actinomycetota	2487280;3232274;1920186;2640462;4393288	test	5	5	5	50.477597	69.168692	16.857449	16.857441	low	200-500	5000-20000	1000	0.8-1.2	random_per_contaminant_copy	30.0	1.0	5.0	0.3	0.15	0.6	0	4	1	5	695560	
genome_641	641	64	1	7364001	set_C_clean	GB_GCA_037137935.1	Patescibacteriota	Bacteria	d__Bacteria;p__Patescibacteriota;c__Saccharimonadia;o__Saccharimonadales;f__AQU-01;g__CALRGT01;s__CALRGT01 sp037137935	test	808545	615628	195403	RS_GCF_001682945.1;GB_GCA_948625555.1;RS_GCF_000772145.1;RS_GCF_035811935.1	Pseudomonadota;Pseudomonadota;Chlamydiota;Bacillota	6980545;1819935;1072951;4323565	test	4	4	4	78.384405	76.140227	25.594811	24.167239	low	200-500	5000-20000	1000	0.8-1.2	random_per_contaminant_copy	30.0	1.0	5.0	0.3	0.15	0.6	0	17	5	22	811031	
genome_642	642	64	2	7364002	set_C_clean	GB_GCA_037137935.1	Patescibacteriota	Bacteria	d__Bacteria;p__Patescibacteriota;c__Saccharimonadia;o__Saccharimonadales;f__AQU-01;g__CALRGT01;s__CALRGT01 sp037137935	test	808545	512169	343173	RS_GCF_948597735.1;RS_GCF_900476675.2;GB_GCA_002472785.1	Bacteroidota;Pseudomonadota;Pseudomonadota	4303142;3942707;3874919	test	3	3	3	66.020301	63.344526	42.443331	42.443278	low	200-500	5000-20000	1000	0.8-1.2	random_per_contaminant_copy	30.0	1.0	5.0	0.3	0.15	0.6	0	16	2	18	855342	
genome_643	643	64	3	7364003	set_C_clean	GB_GCA_037137935.1	Patescibacteriota	Bacteria	d__Bacteria;p__Patescibacteriota;c__Saccharimonadia;o__Saccharimonadales;f__AQU-01;g__CALRGT01;s__CALRGT01 sp037137935	test	808545	808545	307091	RS_GCF_008693785.1;RS_GCF_031823135.1;RS_GCF_014322565.1;RS_GCF_003287355.1;RS_GCF_036993385.1	Pseudomonadota;Pseudomonadota;Bacillota;Halobacteriota;Pseudomonadota	4996294;7043006;3352321;3584929;5581770	test	5	5	5	88.547488	100.0	60.298479	37.980694	high	10-50	100000-500000	5000	0.8-1.2	random_per_contaminant_copy	30.0	1.0	5.0	0.3	0.15	0.6	0	1	11	12	1115636	
genome_644	644	64	4	7364004	set_C_clean	GB_GCA_037137935.1	Patescibacteriota	Bacteria	d__Bacteria;p__Patescibacteriota;c__Saccharimonadia;o__Saccharimonadales;f__AQU-01;g__CALRGT01;s__CALRGT01 sp037137935	test	808545	642502	642502	RS_GCF_011605595.1;GB_GCA_003481895.1	Pseudomonadota;Bacillota	4689824;2744509	test	2	2	2	80.532784	79.463975	80.576865	79.463975	highly_fragmented	500-2000	1000-5000	500	0.8-1.2	random_per_contaminant_copy	30.0	1.0	5.0	0.3	0.15	0.6	0	28	23	51	1285004	
genome_645	645	64	5	7364005	set_C_clean	GB_GCA_037137935.1	Patescibacteriota	Bacteria	d__Bacteria;p__Patescibacteriota;c__Saccharimonadia;o__Saccharimonadales;f__AQU-01;g__CALRGT01;s__CALRGT01 sp037137935	test	808545	808545	797974	RS_GCF_027861275.1;GB_GCA_947447265.1;RS_GCF_023158855.1;RS_GCF_003833715.1;RS_GCF_028330405.1	Campylobacterota;Bacteroidota;Pseudomonadota;Pseudomonadota;Bacteroidota	1614464;5064467;5129818;6508896;4654414	test	5	5	5	52.223946	100.0	98.692684	98.69259	medium	50-200	20000-100000	2000	0.8-1.2	random_per_contaminant_copy	30.0	1.0	5.0	0.3	0.15	0.6	0	1	12	13	1606519	
genome_646	646	64	6	7364006	set_C_clean	GB_GCA_037137935.1	Patescibacteriota	Bacteria	d__Bacteria;p__Patescibacteriota;c__Saccharimonadia;o__Saccharimonadales;f__AQU-01;g__CALRGT01;s__CALRGT01 sp037137935	test	808545	632461	230121	RS_GCF_010728155.1	Actinomycetota	4029398	test	1	1	1	78.93078	78.222115	28.461234	28.461125	highly_fragmented	500-2000	1000-5000	500	0.8-1.2	random_per_contaminant_copy	30.0	1.0	5.0	0.3	0.15	0.6	0	21	4	25	862582	
genome_647	647	64	7	7364007	set_C_clean	GB_GCA_037137935.1	Patescibacteriota	Bacteria	d__Bacteria;p__Patescibacteriota;c__Saccharimonadia;o__Saccharimonadales;f__AQU-01;g__CALRGT01;s__CALRGT01 sp037137935	test	808545	705602	248048	RS_GCF_001326155.1;RS_GCF_014164685.1;RS_GCF_040092535.1;RS_GCF_900100695.1	Pseudomonadota;Actinomycetota;Bacteroidota;Actinomycetota	5040224;3363831;3165073;4451590	test	4	4	4	87.538776	87.268117	38.031616	30.678317	highly_fragmented	500-2000	1000-5000	500	0.8-1.2	random_per_contaminant_copy	30.0	1.0	5.0	0.3	0.15	0.6	0	37	15	52	953650	
genome_648	648	64	8	7364008	set_C_clean	GB_GCA_037137935.1	Patescibacteriota	Bacteria	d__Bacteria;p__Patescibacteriota;c__Saccharimonadia;o__Saccharimonadales;f__AQU-01;g__CALRGT01;s__CALRGT01 sp037137935	test	808545	405789	405789	RS_GCF_027627185.1;RS_GCF_001341435.1;RS_GCF_039063545.1;RS_GCF_018310575.1	Pseudomonadota;Bacillota;Actinomycetota;Actinomycetota	6624226;2137342;2138112;8151966	test	4	4	4	51.740057	50.187559	82.03249	50.187559	highly_fragmented	500-2000	1000-5000	500	0.8-1.2	random_per_contaminant_copy	30.0	1.0	5.0	0.3	0.15	0.6	0	24	5	29	811578	
genome_649	649	64	9	7364009	set_C_clean	GB_GCA_037137935.1	Patescibacteriota	Bacteria	d__Bacteria;p__Patescibacteriota;c__Saccharimonadia;o__Saccharimonadales;f__AQU-01;g__CALRGT01;s__CALRGT01 sp037137935	test	808545	808545	720275	RS_GCF_040679795.1;RS_GCF_040530745.1;GB_GCA_032192395.1;RS_GCF_017874975.1	Actinomycetota;Pseudomonadota;Pseudomonadota;Bacillota	9176623;5049793;5416927;2680100	test	4	4	4	65.156294	100.0	92.034931	89.082859	medium	50-200	20000-100000	2000	0.8-1.2	random_per_contaminant_copy	30.0	1.0	5.0	0.3	0.15	0.6	0	1	25	26	1528820	
genome_650	650	65	0	7365000	set_C_clean	GB_GCA_037142555.1	Patescibacteriota	Bacteria	d__Bacteria;p__Patescibacteriota;c__Microgenomatia;o__UBA12405;f__UBA12405;g__WARW01;s__WARW01 sp037142555	test	776848	776848	759037	RS_GCF_014269645.1;GB_GCA_041650055.1;RS_GCF_000686905.1;RS_GCF_002806415.1;RS_GCF_014889545.1	Bacillota;Nitrospirota;Pseudomonadota;Campylobacterota;Methanobacteriota	2911954;2316373;2920434;1701237;1654216	test	5	5	5	54.666451	100.0	97.707322	97.707273	high	10-50	100000-500000	5000	0.8-1.2	random_per_contaminant_copy	30.0	1.0	5.0	0.3	0.15	0.6	0	1	3	4	1535885	
genome_651	651	65	1	7365001	set_C_clean	GB_GCA_037142555.1	Patescibacteriota	Bacteria	d__Bacteria;p__Patescibacteriota;c__Microgenomatia;o__UBA12405;f__UBA12405;g__WARW01;s__WARW01 sp037142555	test	776848	409425	117002	GB_GCA_037129425.1;GB_GCA_934668855.1	Bacteroidota;Cyanobacteriota	3180437;2064030	test	2	2	2	52.743521	52.70336	15.95264	15.061119	highly_fragmented	500-2000	1000-5000	500	0.8-1.2	random_per_contaminant_copy	30.0	1.0	5.0	0.3	0.15	0.6	0	33	3	36	526427	
genome_652	652	65	2	7365002	set_C_clean	GB_GCA_037142555.1	Patescibacteriota	Bacteria	d__Bacteria;p__Patescibacteriota;c__Microgenomatia;o__UBA12405;f__UBA12405;g__WARW01;s__WARW01 sp037142555	test	776848	776848	365860	GB_GCA_003990665.2;RS_GCF_011038885.2;RS_GCF_002804365.1;RS_GCF_031932385.1;RS_GCF_964239395.1	Cyanobacteriota;Actinomycetota;Campylobacterota;Campylobacterota;Bacteroidota	2571271;2345961;1761119;1799705;6673895	test	5	5	5	50.509574	100.0	47.095477	47.095442	medium	50-200	20000-100000	2000	0.8-1.2	random_per_contaminant_copy	30.0	1.0	5.0	0.3	0.15	0.6	0	2	8	10	1142708	
genome_653	653	65	3	7365003	set_C_clean	GB_GCA_037142555.1	Patescibacteriota	Bacteria	d__Bacteria;p__Patescibacteriota;c__Microgenomatia;o__UBA12405;f__UBA12405;g__WARW01;s__WARW01 sp037142555	test	776848	636073	565248	RS_GCF_000525325.1;RS_GCF_034741995.1;RS_GCF_023756145.1;RS_GCF_002187625.1;RS_GCF_900082195.1	Bacillota;Pseudomonadota;Pseudomonadota;Pseudomonadota;Bacillota	2938627;5486900;5818666;5508405;2811650	test	5	5	5	90.992257	81.878694	72.761768	72.761724	highly_fragmented	500-2000	1000-5000	500	0.8-1.2	random_per_contaminant_copy	30.0	1.0	5.0	0.3	0.15	0.6	0	44	7	51	1201321	
genome_654	654	65	4	7365004	set_C_clean	GB_GCA_037142555.1	Patescibacteriota	Bacteria	d__Bacteria;p__Patescibacteriota;c__Microgenomatia;o__UBA12405;f__UBA12405;g__WARW01;s__WARW01 sp037142555	test	776848	776848	726328	RS_GCF_000556025.1;RS_GCF_040358985.1;RS_GCF_006440435.1;RS_GCF_037465635.1	Bacillota;Acidobacteriota;Campylobacterota;Actinomycetota	2942497;5030291;1595648;2461098	test	4	4	4	77.388574	100.0	94.42103	93.496797	high	10-50	100000-500000	5000	0.8-1.2	random_per_contaminant_copy	30.0	1.0	5.0	0.3	0.15	0.6	0	1	13	14	1503176	
genome_655	655	65	5	7365005	set_C_clean	GB_GCA_037142555.1	Patescibacteriota	Bacteria	d__Bacteria;p__Patescibacteriota;c__Microgenomatia;o__UBA12405;f__UBA12405;g__WARW01;s__WARW01 sp037142555	test	776848	776848	417148	RS_GCF_041734105.1;GB_GCA_015660995.1	Bacillota;Thermoproteota	2939271;1627059	test	2	2	2	57.639445	100.0	53.697526	53.697506	high	10-50	100000-500000	5000	0.8-1.2	random_per_contaminant_copy	30.0	1.0	5.0	0.3	0.15	0.6	0	1	14	15	1193996	
genome_656	656	65	6	7365006	set_C_clean	GB_GCA_037142555.1	Patescibacteriota	Bacteria	d__Bacteria;p__Patescibacteriota;c__Microgenomatia;o__UBA12405;f__UBA12405;g__WARW01;s__WARW01 sp037142555	test	776848	776848	267069	GB_GCA_031994425.1;GB_GCA_007556835.1;RS_GCF_011065385.1;GB_GCA_036792615.1	Bacteroidota;Pseudomonadota;Pseudomonadota;Bacteroidota	5316336;3497628;5510203;3109309	test	4	4	4	71.455961	100.0	34.378631	34.37854	medium	50-200	20000-100000	2000	0.8-1.2	random_per_contaminant_copy	30.0	1.0	5.0	0.3	0.15	0.6	0	1	4	5	1043917	
genome_657	657	65	7	7365007	set_C_clean	GB_GCA_037142555.1	Patescibacteriota	Bacteria	d__Bacteria;p__Patescibacteriota;c__Microgenomatia;o__UBA12405;f__UBA12405;g__WARW01;s__WARW01 sp037142555	test	776848	429993	334223	GB_GCA_902794895.1;RS_GCF_003059845.1;GB_GCA_900468285.1;RS_GCF_041199825.1;GB_GCA_948941045.1	Elusimicrobiota;Campylobacterota;Pseudomonadota;Bacillota;Bacteroidota	1450640;1607365;4482466;2984154;2391575	test	5	5	5	55.557876	55.350982	43.02305	43.022959	highly_fragmented	500-2000	1000-5000	500	0.8-1.2	random_per_contaminant_copy	30.0	1.0	5.0	0.3	0.15	0.6	0	59	2	61	764216	
genome_658	658	65	8	7365008	set_C_clean	GB_GCA_037142555.1	Patescibacteriota	Bacteria	d__Bacteria;p__Patescibacteriota;c__Microgenomatia;o__UBA12405;f__UBA12405;g__WARW01;s__WARW01 sp037142555	test	776848	776848	169230	RS_GCF_016617655.1;RS_GCF_026461745.1;RS_GCF_027860265.1;RS_GCF_016949515.1	Bacillota;Actinomycetota;Campylobacterota;Pseudomonadota	1714240;2460213;1662236;4658289	test	4	4	4	59.582738	100.0	21.784303	21.784184	high	10-50	100000-500000	5000	0.8-1.2	random_per_contaminant_copy	30.0	1.0	5.0	0.3	0.15	0.6	0	1	3	4	946078	
genome_659	659	65	9	7365009	set_C_clean	GB_GCA_037142555.1	Patescibacteriota	Bacteria	d__Bacteria;p__Patescibacteriota;c__Microgenomatia;o__UBA12405;f__UBA12405;g__WARW01;s__WARW01 sp037142555	test	776848	767815	661152	RS_GCF_021538675.1;RS_GCF_018847495.1;RS_GCF_024721495.1;RS_GCF_002243305.1;GB_GCA_937891055.1	Actinomycetota;Verrucomicrobiota;Pseudomonadota;Bacillota;Bacteroidota	4423496;2803677;5088465;2342849;3495688	test	5	5	5	97.945228	98.837224	85.107101	85.106996	low	200-500	5000-20000	1000	0.8-1.2	random_per_contaminant_copy	30.0	1.0	5.0	0.3	0.15	0.6	0	13	11	24	1428967	
genome_660	660	66	0	7366000	set_C_clean	GB_GCA_038064415.1	Patescibacteriota	Bacteria	d__Bacteria;p__Patescibacteriota;c__Minisyncoccia;o__UBA9973;f__PALSA-1337;g__C7867-002;s__C7867-002 sp038064415	test	643359	459091	225226	RS_GCF_002981155.1;RS_GCF_023956175.1	Pseudomonadota;Bacillota	6882554;2841712	test	2	2	2	61.027973	71.358448	36.461553	35.007826	low	200-500	5000-20000	1000	0.8-1.2	random_per_contaminant_copy	30.0	1.0	5.0	0.3	0.15	0.6	0	4	3	7	684317	
genome_661	661	66	1	7366001	set_C_clean	GB_GCA_038064415.1	Patescibacteriota	Bacteria	d__Bacteria;p__Patescibacteriota;c__Minisyncoccia;o__UBA9973;f__PALSA-1337;g__C7867-002;s__C7867-002 sp038064415	test	643359	414862	414862	GB_GCA_947054155.1;GB_GCA_903853445.1;RS_GCF_951336015.1;RS_GCF_039541075.1;RS_GCF_009678325.1	Desulfobacterota_I;Desulfobacterota;Bacillota;Bacteroidota;Bacillota	2133957;2811842;3258888;4489996;1835172	test	5	5	5	73.868263	64.483749	81.316625	64.483749	low	200-500	5000-20000	1000	0.8-1.2	random_per_contaminant_copy	30.0	1.0	5.0	0.3	0.15	0.6	0	5	3	8	829724	
genome_662	662	66	2	7366002	set_C_clean	GB_GCA_038064415.1	Patescibacteriota	Bacteria	d__Bacteria;p__Patescibacteriota;c__Minisyncoccia;o__UBA9973;f__PALSA-1337;g__C7867-002;s__C7867-002 sp038064415	test	643359	643359	215244	RS_GCF_004167465.1	Bacillota	2840353	test	1	1	1	80.923505	100.0	33.456393	33.456282	medium	50-200	20000-100000	2000	0.8-1.2	random_per_contaminant_copy	30.0	1.0	5.0	0.3	0.15	0.6	0	1	1	2	858603	
genome_663	663	66	3	7366003	set_C_clean	GB_GCA_038064415.1	Patescibacteriota	Bacteria	d__Bacteria;p__Patescibacteriota;c__Minisyncoccia;o__UBA9973;f__PALSA-1337;g__C7867-002;s__C7867-002 sp038064415	test	643359	567119	302156	RS_GCF_019252525.1;RS_GCF_007182855.1;RS_GCF_019047325.1;RS_GCF_900133125.1;GB_GCA_948578905.1	Pseudomonadota;Deinococcota;Pseudomonadota;Actinomycetota;Bacteroidota	5738918;2169490;4819779;4851967;2468727	test	5	5	5	96.000339	88.149696	46.965431	46.96538	highly_fragmented	500-2000	1000-5000	500	0.8-1.2	random_per_contaminant_copy	30.0	1.0	5.0	0.3	0.15	0.6	0	8	5	13	869275	
genome_664	664	66	4	7366004	set_C_clean	GB_GCA_038064415.1	Patescibacteriota	Bacteria	d__Bacteria;p__Patescibacteriota;c__Minisyncoccia;o__UBA9973;f__PALSA-1337;g__C7867-002;s__C7867-002 sp038064415	test	643359	566219	84041	GB_GCA_902612605.1;RS_GCF_003367235.1;RS_GCF_900085995.1;RS_GCF_025908925.1;RS_GCF_001446645.1	Pseudomonadota;Pseudomonadota;Pseudomonadota;Bacillota;Pseudomonadota	1358899;3219819;5531999;2030042;4678554	test	5	5	5	93.281327	88.009805	13.062852	13.062847	low	200-500	5000-20000	1000	0.8-1.2	random_per_contaminant_copy	30.0	1.0	5.0	0.3	0.15	0.6	0	5	3	8	650260	
genome_665	665	66	5	7366005	set_C_clean	GB_GCA_038064415.1	Patescibacteriota	Bacteria	d__Bacteria;p__Patescibacteriota;c__Minisyncoccia;o__UBA9973;f__PALSA-1337;g__C7867-002;s__C7867-002 sp038064415	test	643359	643359	219311	RS_GCF_005781195.1	Pseudomonadota	4809458	test	1	1	1	63.724161	100.0	34.088581	34.088433	medium	50-200	20000-100000	2000	0.8-1.2	random_per_contaminant_copy	30.0	1.0	5.0	0.3	0.15	0.6	0	1	5	6	862670	
genome_666	666	66	6	7366006	set_C_clean	GB_GCA_038064415.1	Patescibacteriota	Bacteria	d__Bacteria;p__Patescibacteriota;c__Minisyncoccia;o__UBA9973;f__PALSA-1337;g__C7867-002;s__C7867-002 sp038064415	test	643359	355030	115722	RS_GCF_900109915.1;RS_GCF_034196465.1	Pseudomonadota;Pseudomonadota	4124669;4823858	test	2	2	2	54.995609	55.183809	17.987264	17.987158	low	200-500	5000-20000	1000	0.8-1.2	random_per_contaminant_copy	30.0	1.0	5.0	0.3	0.15	0.6	0	3	4	7	470752	
genome_667	667	66	7	7366007	set_C_clean	GB_GCA_038064415.1	Patescibacteriota	Bacteria	d__Bacteria;p__Patescibacteriota;c__Minisyncoccia;o__UBA9973;f__PALSA-1337;g__C7867-002;s__C7867-002 sp038064415	test	643359	452982	452982	RS_GCF_902833265.1;GB_GCA_900548655.1;RS_GCF_039968815.1;RS_GCF_040217525.1;RS_GCF_001643235.1	Pseudomonadota;Cyanobacteriota;Pseudomonadota;Bacteroidota;Bacillota	7209304;1932230;4505836;6604085;3731130	test	5	5	5	70.631681	70.408901	94.457848	70.408901	highly_fragmented	500-2000	1000-5000	500	0.8-1.2	random_per_contaminant_copy	30.0	1.0	5.0	0.3	0.15	0.6	0	56	6	62	905964	
genome_668	668	66	8	7366008	set_C_clean	GB_GCA_038064415.1	Patescibacteriota	Bacteria	d__Bacteria;p__Patescibacteriota;c__Minisyncoccia;o__UBA9973;f__PALSA-1337;g__C7867-002;s__C7867-002 sp038064415	test	643359	554930	482603	RS_GCF_024621935.1;RS_GCF_025258705.1;GB_GCA_949094105.1	Pseudomonadota;Pseudomonadota;Bacteroidota	4732967;4473711;2654634	test	3	3	3	92.143274	86.255108	75.013028	75.013018	highly_fragmented	500-2000	1000-5000	500	0.8-1.2	random_per_contaminant_copy	30.0	1.0	5.0	0.3	0.15	0.6	0	16	9	25	1037533	
genome_669	669	66	9	7366009	set_C_clean	GB_GCA_038064415.1	Patescibacteriota	Bacteria	d__Bacteria;p__Patescibacteriota;c__Minisyncoccia;o__UBA9973;f__PALSA-1337;g__C7867-002;s__C7867-002 sp038064415	test	643359	608017	503359	RS_GCF_030816315.1;RS_GCF_014305685.1	Actinomycetota;Bacillota	8527308;3659330	test	2	2	2	69.403677	94.506644	78.239353	78.23921	high	10-50	100000-500000	5000	0.8-1.2	random_per_contaminant_copy	30.0	1.0	5.0	0.3	0.15	0.6	0	1	14	15	1111376	
genome_670	670	67	0	7367000	set_C_clean	GB_GCA_038065715.1	Patescibacteriota	Bacteria	d__Bacteria;p__Patescibacteriota;c__Minisyncoccia;o__Minisyncoccales;f__Staskawiczbacteraceae;g__JBBTQL01;s__JBBTQL01 sp038065715	test	754610	754610	580422	RS_GCF_014883105.1;GB_GCA_019359675.1;RS_GCF_003003285.1;RS_GCF_900140015.1	Desulfobacterota;Cyanobacteriota;Pseudomonadota;Actinomycetota	3719315;8663394;3677387;5775810	test	4	4	4	56.532043	100.0	81.97948	76.916818	medium	50-200	20000-100000	2000	0.8-1.2	random_per_contaminant_copy	30.0	1.0	5.0	0.3	0.15	0.6	0	1	10	11	1335032	
genome_671	671	67	1	7367001	set_C_clean	GB_GCA_038065715.1	Patescibacteriota	Bacteria	d__Bacteria;p__Patescibacteriota;c__Minisyncoccia;o__Minisyncoccales;f__Staskawiczbacteraceae;g__JBBTQL01;s__JBBTQL01 sp038065715	test	754610	541083	160873	GB_GCA_948674725.1;RS_GCF_001211745.1;RS_GCF_947501065.1;RS_GCF_009831395.1	Cyanobacteriota;Bacillota;Bacteroidota;Pseudomonadota	1895010;2878680;3618812;5901796	test	4	4	4	69.424184	71.703661	21.318739	21.318694	highly_fragmented	500-2000	1000-5000	500	0.8-1.2	random_per_contaminant_copy	30.0	1.0	5.0	0.3	0.15	0.6	0	35	4	39	701956	
genome_672	672	67	2	7367002	set_C_clean	GB_GCA_038065715.1	Patescibacteriota	Bacteria	d__Bacteria;p__Patescibacteriota;c__Minisyncoccia;o__Minisyncoccales;f__Staskawiczbacteraceae;g__JBBTQL01;s__JBBTQL01 sp038065715	test	754610	440484	310378	RS_GCF_900109205.1;GB_GCA_958451535.1;GB_GCA_022782105.1;RS_GCF_036938455.1	Pseudomonadota;Bacillota;Actinomycetota;Bacteroidota	4440765;3413475;2233546;3677146	test	4	4	4	60.375878	58.372404	41.130943	41.130915	low	200-500	5000-20000	1000	0.8-1.2	random_per_contaminant_copy	30.0	1.0	5.0	0.3	0.15	0.6	0	5	1	6	750862	
genome_673	673	67	3	7367003	set_C_clean	GB_GCA_038065715.1	Patescibacteriota	Bacteria	d__Bacteria;p__Patescibacteriota;c__Minisyncoccia;o__Minisyncoccales;f__Staskawiczbacteraceae;g__JBBTQL01;s__JBBTQL01 sp038065715	test	754610	506580	47557	RS_GCF_946222285.1;RS_GCF_024128315.1;RS_GCF_900588655.1;RS_GCF_037890165.1	Actinomycetota;Pseudomonadota;Pseudomonadota;Bacillota	2361591;5531609;5903051;4257674	test	4	4	4	60.218859	67.131366	6.302286	6.302196	low	200-500	5000-20000	1000	0.8-1.2	random_per_contaminant_copy	30.0	1.0	5.0	0.3	0.15	0.6	0	2	1	3	554137	
genome_674	674	67	4	7367004	set_C_clean	GB_GCA_038065715.1	Patescibacteriota	Bacteria	d__Bacteria;p__Patescibacteriota;c__Minisyncoccia;o__Minisyncoccales;f__Staskawiczbacteraceae;g__JBBTQL01;s__JBBTQL01 sp038065715	test	754610	754610	445571	RS_GCF_025941805.1;RS_GCF_001237965.1;RS_GCF_900108325.1	Bacillota;Campylobacterota;Bacteroidota	2015563;1710186;3248162	test	3	3	3	66.877976	100.0	59.046637	59.046527	medium	50-200	20000-100000	2000	0.8-1.2	random_per_contaminant_copy	30.0	1.0	5.0	0.3	0.15	0.6	0	1	3	4	1200181	
genome_675	675	67	5	7367005	set_C_clean	GB_GCA_038065715.1	Patescibacteriota	Bacteria	d__Bacteria;p__Patescibacteriota;c__Minisyncoccia;o__Minisyncoccales;f__Staskawiczbacteraceae;g__JBBTQL01;s__JBBTQL01 sp038065715	test	754610	754610	14662	RS_GCF_014164775.1;RS_GCF_019771915.1;RS_GCF_001119325.1;RS_GCF_002979595.1	Actinomycetota;Pseudomonadota;Bacillota;Actinomycetota	3572861;5613794;2046295;4244560	test	4	4	4	65.43447	100.0	1.943047	1.94299	medium	50-200	20000-100000	2000	0.8-1.2	random_per_contaminant_copy	30.0	1.0	5.0	0.3	0.15	0.6	0	1	4	5	769272	
genome_676	676	67	6	7367006	set_C_clean	GB_GCA_038065715.1	Patescibacteriota	Bacteria	d__Bacteria;p__Patescibacteriota;c__Minisyncoccia;o__Minisyncoccales;f__Staskawiczbacteraceae;g__JBBTQL01;s__JBBTQL01 sp038065715	test	754610	514370	514366	RS_GCF_001583255.1;RS_GCF_033448165.1;RS_GCF_001843615.1	Bacillota;Pseudomonadota;Actinomycetota	2937443;4728810;4406546	test	3	3	3	63.142651	68.163687	72.577922	68.163157	highly_fragmented	500-2000	1000-5000	500	0.8-1.2	random_per_contaminant_copy	30.0	1.0	5.0	0.3	0.15	0.6	0	7	38	45	1028736	
genome_677	677	67	7	7367007	set_C_clean	GB_GCA_038065715.1	Patescibacteriota	Bacteria	d__Bacteria;p__Patescibacteriota;c__Minisyncoccia;o__Minisyncoccales;f__Staskawiczbacteraceae;g__JBBTQL01;s__JBBTQL01 sp038065715	test	754610	754610	497409	RS_GCF_031318385.1;RS_GCF_019915825.1;GB_GCA_017848795.1	Pseudomonadota;Bacteroidota;Actinomycetota	5344998;5201248;3445006	test	3	3	3	94.333701	100.0	65.916162	65.916036	medium	50-200	20000-100000	2000	0.8-1.2	random_per_contaminant_copy	30.0	1.0	5.0	0.3	0.15	0.6	0	1	72	73	1252019	
genome_678	678	67	8	7367008	set_C_clean	GB_GCA_038065715.1	Patescibacteriota	Bacteria	d__Bacteria;p__Patescibacteriota;c__Minisyncoccia;o__Minisyncoccales;f__Staskawiczbacteraceae;g__JBBTQL01;s__JBBTQL01 sp038065715	test	754610	754610	71769	RS_GCF_037299585.1;GB_GCA_948821055.1;RS_GCF_004013755.1;RS_GCF_025780475.1;RS_GCF_026788225.1	Bacillota;Bacteroidota;Campylobacterota;Pseudomonadota;Bacillota	1869515;2491075;1656532;6323700;4244832	test	5	5	5	74.323864	100.0	9.510753	9.510741	medium	50-200	20000-100000	2000	0.8-1.2	random_per_contaminant_copy	30.0	1.0	5.0	0.3	0.15	0.6	0	1	1	2	826379	
genome_679	679	67	9	7367009	set_C_clean	GB_GCA_038065715.1	Patescibacteriota	Bacteria	d__Bacteria;p__Patescibacteriota;c__Minisyncoccia;o__Minisyncoccales;f__Staskawiczbacteraceae;g__JBBTQL01;s__JBBTQL01 sp038065715	test	754610	525880	177108	RS_GCF_004372235.1;RS_GCF_003149045.1	Pseudomonadota;Fibrobacterota	6818733;3601470	test	2	2	2	93.906753	69.688978	23.470228	23.470137	highly_fragmented	500-2000	1000-5000	500	0.8-1.2	random_per_contaminant_copy	30.0	1.0	5.0	0.3	0.15	0.6	0	15	10	25	702988	
genome_680	680	68	0	7368000	set_C_clean	GB_GCA_038316195.1	Patescibacteriota	Bacteria	d__Bacteria;p__Patescibacteriota;c__Saccharimonadia;o__Saccharimonadales;f__JBBQAJ01;g__JBBQAJ01;s__JBBQAJ01 sp038316195	test	887939	887939	155494	RS_GCF_009912715.1;RS_GCF_022381925.1	Bacillota;Bacteroidota	2896381;2905481	test	2	2	2	95.026052	100.0	17.511816	17.511789	medium	50-200	20000-100000	2000	0.8-1.2	random_per_contaminant_copy	30.0	1.0	5.0	0.3	0.15	0.6	0	2	9	11	1043433	
genome_681	681	68	1	7368001	set_C_clean	GB_GCA_038316195.1	Patescibacteriota	Bacteria	d__Bacteria;p__Patescibacteriota;c__Saccharimonadia;o__Saccharimonadales;f__JBBQAJ01;g__JBBQAJ01;s__JBBQAJ01 sp038316195	test	887939	887939	813725	GB_GCA_949102135.1;RS_GCF_902387285.1;RS_GCF_002220775.1;RS_GCF_002762135.3;RS_GCF_026230655.1	Bacteroidota;Thermoplasmatota;Campylobacterota;Pseudomonadota;Bacillota	2472014;1666795;1681311;5193062;3406010	test	5	5	5	93.696613	100.0	91.642061	91.641993	medium	50-200	20000-100000	2000	0.8-1.2	random_per_contaminant_copy	30.0	1.0	5.0	0.3	0.15	0.6	0	2	4	6	1701664	
genome_682	682	68	2	7368002	set_C_clean	GB_GCA_038316195.1	Patescibacteriota	Bacteria	d__Bacteria;p__Patescibacteriota;c__Saccharimonadia;o__Saccharimonadales;f__JBBQAJ01;g__JBBQAJ01;s__JBBQAJ01 sp038316195	test	887939	547811	448725	RS_GCF_031933965.1	Bacillota	2817969	test	1	1	1	58.226201	61.694666	54.093261	50.535566	low	200-500	5000-20000	1000	0.8-1.2	random_per_contaminant_copy	30.0	1.0	5.0	0.3	0.15	0.6	0	5	2	7	996536	
genome_683	683	68	3	7368003	set_C_clean	GB_GCA_038316195.1	Patescibacteriota	Bacteria	d__Bacteria;p__Patescibacteriota;c__Saccharimonadia;o__Saccharimonadales;f__JBBQAJ01;g__JBBQAJ01;s__JBBQAJ01 sp038316195	test	887939	887939	309134	GB_GCA_959597555.1;RS_GCF_002959955.1;RS_GCF_037113475.1;RS_GCF_014497115.1;RS_GCF_040607335.1	Bacteroidota;Pseudomonadota;Pseudomonadota;Campylobacterota;Actinomycetota	3493186;7472757;4991385;1638029;8768247	test	5	5	5	59.297507	100.0	53.449878	34.814779	high	10-50	100000-500000	5000	0.8-1.2	random_per_contaminant_copy	30.0	1.0	5.0	0.3	0.15	0.6	0	1	9	10	1197073	
genome_684	684	68	4	7368004	set_C_clean	GB_GCA_038316195.1	Patescibacteriota	Bacteria	d__Bacteria;p__Patescibacteriota;c__Saccharimonadia;o__Saccharimonadales;f__JBBQAJ01;g__JBBQAJ01;s__JBBQAJ01 sp038316195	test	887939	887939	618296	RS_GCF_900984715.1;RS_GCF_000706865.2;RS_GCF_016432685.1	Bacillota;Pseudomonadota;Actinomycetota	1812551;5090134;7712674	test	3	3	3	79.540833	100.0	69.632715	69.632711	medium	50-200	20000-100000	2000	0.8-1.2	random_per_contaminant_copy	30.0	1.0	5.0	0.3	0.15	0.6	0	2	12	14	1506235	
genome_685	685	68	5	7368005	set_C_clean	GB_GCA_038316195.1	Patescibacteriota	Bacteria	d__Bacteria;p__Patescibacteriota;c__Saccharimonadia;o__Saccharimonadales;f__JBBQAJ01;g__JBBQAJ01;s__JBBQAJ01 sp038316195	test	887939	701812	578409	RS_GCF_026284155.1;GB_GCA_945876265.1;RS_GCF_041197735.1	Pseudomonadota;Bacillota;Actinomycetota	6595055;2058385;2350043	test	3	3	3	79.172101	79.038312	65.14067	65.140623	highly_fragmented	500-2000	1000-5000	500	0.8-1.2	random_per_contaminant_copy	30.0	1.0	5.0	0.3	0.15	0.6	0	81	29	110	1280221	
genome_686	686	68	6	7368006	set_C_clean	GB_GCA_038316195.1	Patescibacteriota	Bacteria	d__Bacteria;p__Patescibacteriota;c__Saccharimonadia;o__Saccharimonadales;f__JBBQAJ01;g__JBBQAJ01;s__JBBQAJ01 sp038316195	test	887939	887939	121032	RS_GCF_037153025.1;RS_GCF_030028745.1;RS_GCF_028203295.1;RS_GCF_000524625.1;RS_GCF_016432665.1	Pseudomonadota;Pseudomonadota;Actinomycetota;Bacillota;Actinomycetota	5181471;5115337;2028233;2962144;7435252	test	5	5	5	78.988833	100.0	13.691586	13.630666	medium	50-200	20000-100000	2000	0.8-1.2	random_per_contaminant_copy	30.0	1.0	5.0	0.3	0.15	0.6	0	2	17	19	1008971	
genome_687	687	68	7	7368007	set_C_clean	GB_GCA_038316195.1	Patescibacteriota	Bacteria	d__Bacteria;p__Patescibacteriota;c__Saccharimonadia;o__Saccharimonadales;f__JBBQAJ01;g__JBBQAJ01;s__JBBQAJ01 sp038316195	test	887939	568372	568372	RS_GCF_001406735.1;GB_GCA_963612555.1;GB_GCA_958433325.1;RS_GCF_041365255.1	Actinomycetota;Bacteroidota;Bacillota;Pseudomonadota	2259076;2462253;2551911;5258990	test	4	4	4	62.789296	64.010253	67.077943	64.010253	low	200-500	5000-20000	1000	0.8-1.2	random_per_contaminant_copy	30.0	1.0	5.0	0.3	0.15	0.6	0	12	2	14	1136744	
genome_688	688	68	8	7368008	set_C_clean	GB_GCA_038316195.1	Patescibacteriota	Bacteria	d__Bacteria;p__Patescibacteriota;c__Saccharimonadia;o__Saccharimonadales;f__JBBQAJ01;g__JBBQAJ01;s__JBBQAJ01 sp038316195	test	887939	887939	537723	RS_GCF_003470665.1;RS_GCF_018798905.1;RS_GCF_026191515.1;RS_GCF_014769105.1;RS_GCF_034398955.1	Actinomycetota;Pseudomonadota;Bacillota;Pseudomonadota;Bacillota	2323210;2218399;2747315;5720523;5529989	test	5	5	5	58.057951	100.0	60.558611	60.558552	high	10-50	100000-500000	5000	0.8-1.2	random_per_contaminant_copy	30.0	1.0	5.0	0.3	0.15	0.6	0	1	2	3	1425662	
genome_689	689	68	9	7368009	set_C_clean	GB_GCA_038316195.1	Patescibacteriota	Bacteria	d__Bacteria;p__Patescibacteriota;c__Saccharimonadia;o__Saccharimonadales;f__JBBQAJ01;g__JBBQAJ01;s__JBBQAJ01 sp038316195	test	887939	787161	440356	RS_GCF_000766025.1;RS_GCF_030360865.1;RS_GCF_013320815.1	Campylobacterota;Bacillota;Pseudomonadota	1577473;2641554;5107151	test	3	3	3	99.586555	88.650346	97.837975	49.593046	low	200-500	5000-20000	1000	0.8-1.2	random_per_contaminant_copy	30.0	1.0	5.0	0.3	0.15	0.6	0	19	27	46	1227517	
genome_690	690	69	0	7369000	set_C_clean	GB_GCA_040900375.1	Patescibacteriota	Bacteria	d__Bacteria;p__Patescibacteriota;c__Andersenbacteria;o__UBA10190;f__UBA10190;g__JBBDZC01;s__JBBDZC01 sp040900375	test	1026843	808666	649979	RS_GCF_025821705.1;RS_GCF_016772005.1;RS_GCF_001498635.1;RS_GCF_014841225.1;GB_GCA_034129565.1	Actinomycetota;Bacillota;Campylobacterota;Actinomycetota;Bacteroidota	6048932;3957523;1664151;4227001;5896494	test	5	5	5	79.289565	78.752643	63.298832	63.298771	highly_fragmented	500-2000	1000-5000	500	0.8-1.2	random_per_contaminant_copy	30.0	1.0	5.0	0.3	0.15	0.6	0	26	26	52	1458645	
genome_691	691	69	1	7369001	set_C_clean	GB_GCA_040900375.1	Patescibacteriota	Bacteria	d__Bacteria;p__Patescibacteriota;c__Andersenbacteria;o__UBA10190;f__UBA10190;g__JBBDZC01;s__JBBDZC01 sp040900375	test	1026843	1026843	449196	RS_GCF_030052975.1;GB_GCA_903826495.1;RS_GCF_030480505.1;GB_GCA_015660995.1	Pseudomonadota;Acidobacteriota;Bacillota;Thermoproteota	5321704;3728694;3482357;1627059	test	4	4	4	91.642412	100.0	43.745359	43.745344	medium	50-200	20000-100000	2000	0.8-1.2	random_per_contaminant_copy	30.0	1.0	5.0	0.3	0.15	0.6	0	1	2	3	1476039	
genome_692	692	69	2	7369002	set_C_clean	GB_GCA_040900375.1	Patescibacteriota	Bacteria	d__Bacteria;p__Patescibacteriota;c__Andersenbacteria;o__UBA10190;f__UBA10190;g__JBBDZC01;s__JBBDZC01 sp040900375	test	1026843	1023776	517327	RS_GCF_001305635.1;RS_GCF_001150025.1	Pseudomonadota;Bacillota	4651078;2142793	test	2	2	2	98.802633	99.701318	50.380349	50.380341	highly_fragmented	500-2000	1000-5000	500	0.8-1.2	random_per_contaminant_copy	30.0	1.0	5.0	0.3	0.15	0.6	0	17	12	29	1541103	
genome_693	693	69	3	7369003	set_C_clean	GB_GCA_040900375.1	Patescibacteriota	Bacteria	d__Bacteria;p__Patescibacteriota;c__Andersenbacteria;o__UBA10190;f__UBA10190;g__JBBDZC01;s__JBBDZC01 sp040900375	test	1026843	886915	755359	RS_GCF_003122135.1	Campylobacterota	1938135	test	1	1	1	74.699143	86.37299	73.561296	73.561294	low	200-500	5000-20000	1000	0.8-1.2	random_per_contaminant_copy	30.0	1.0	5.0	0.3	0.15	0.6	0	5	32	37	1642274	
genome_694	694	69	4	7369004	set_C_clean	GB_GCA_040900375.1	Patescibacteriota	Bacteria	d__Bacteria;p__Patescibacteriota;c__Andersenbacteria;o__UBA10190;f__UBA10190;g__JBBDZC01;s__JBBDZC01 sp040900375	test	1026843	1026843	604336	RS_GCF_019092725.1	Pseudomonadota	3903944	test	1	1	1	88.951387	100.0	58.853841	58.853788	low	200-500	5000-20000	1000	0.8-1.2	random_per_contaminant_copy	30.0	1.0	5.0	0.3	0.15	0.6	0	1	1	2	1631179	
genome_695	695	69	5	7369005	set_C_clean	GB_GCA_040900375.1	Patescibacteriota	Bacteria	d__Bacteria;p__Patescibacteriota;c__Andersenbacteria;o__UBA10190;f__UBA10190;g__JBBDZC01;s__JBBDZC01 sp040900375	test	1026843	1026843	861414	RS_GCF_900124115.1	Actinomycetota	4370799	test	1	1	1	90.877913	100.0	83.889558	83.889553	high	10-50	100000-500000	5000	0.8-1.2	random_per_contaminant_copy	30.0	1.0	5.0	0.3	0.15	0.6	0	1	156	157	1888257	
genome_696	696	69	6	7369006	set_C_clean	GB_GCA_040900375.1	Patescibacteriota	Bacteria	d__Bacteria;p__Patescibacteriota;c__Andersenbacteria;o__UBA10190;f__UBA10190;g__JBBDZC01;s__JBBDZC01 sp040900375	test	1026843	867637	429317	RS_GCF_900046315.1;RS_GCF_003834805.1;RS_GCF_013295905.1;RS_GCF_024427245.1	Bacillota;Pseudomonadota;Bacillota;Pseudomonadota	2804087;6478237;6118527;5222649	test	4	4	4	61.98356	84.495585	41.809447	41.80941	medium	50-200	20000-100000	2000	0.8-1.2	random_per_contaminant_copy	30.0	1.0	5.0	0.3	0.15	0.6	0	4	6	10	1296954	
genome_697	697	69	7	7369007	set_C_clean	GB_GCA_040900375.1	Patescibacteriota	Bacteria	d__Bacteria;p__Patescibacteriota;c__Andersenbacteria;o__UBA10190;f__UBA10190;g__JBBDZC01;s__JBBDZC01 sp040900375	test	1026843	810134	103041	RS_GCF_004684285.1;RS_GCF_015845695.1;GB_GCA_948822785.1;RS_GCF_013375795.1	Chloroflexota;Bacillota;Bacteroidota;Pseudomonadota	1422358;6349221;2464510;6496201	test	4	4	4	91.109795	78.895605	10.03481	10.034738	low	200-500	5000-20000	1000	0.8-1.2	random_per_contaminant_copy	30.0	1.0	5.0	0.3	0.15	0.6	0	13	1	14	913175	
genome_698	698	69	8	7369008	set_C_clean	GB_GCA_040900375.1	Patescibacteriota	Bacteria	d__Bacteria;p__Patescibacteriota;c__Andersenbacteria;o__UBA10190;f__UBA10190;g__JBBDZC01;s__JBBDZC01 sp040900375	test	1026843	769413	230509	RS_GCF_027270355.1;GB_GCA_038888595.1;RS_GCF_946151045.1;GB_GCA_002499445.1	Pseudomonadota;Halobacteriota;Bacillota;Halobacteriota	4304447;1190296;2640021;3100481	test	4	4	4	74.973112	74.929955	22.448398	22.44832	highly_fragmented	500-2000	1000-5000	500	0.8-1.2	random_per_contaminant_copy	30.0	1.0	5.0	0.3	0.15	0.6	0	104	19	123	999922	
genome_699	699	69	9	7369009	set_C_clean	GB_GCA_040900375.1	Patescibacteriota	Bacteria	d__Bacteria;p__Patescibacteriota;c__Andersenbacteria;o__UBA10190;f__UBA10190;g__JBBDZC01;s__JBBDZC01 sp040900375	test	1026843	962709	468740	RS_GCF_033488415.1	Pseudomonadota	4920906	test	1	1	1	88.645363	93.754255	45.648664	45.648653	low	200-500	5000-20000	1000	0.8-1.2	random_per_contaminant_copy	30.0	1.0	5.0	0.3	0.15	0.6	0	13	25	38	1431449	
genome_700	700	70	0	7370000	set_C_clean	GB_GCA_041649435.1	Patescibacteriota	Bacteria	d__Bacteria;p__Patescibacteriota;c__Minisyncoccia;o__Minisyncoccales;f__Minisyncoccaceae;g__UBA6220;s__UBA6220 sp041649435	test	672826	546673	507540	GB_GCA_963592225.1	Actinomycetota	2310323	test	1	1	1	83.38043	81.250279	75.43412	75.434065	low	200-500	5000-20000	1000	0.8-1.2	random_per_contaminant_copy	30.0	1.0	5.0	0.3	0.15	0.6	0	3	1	4	1054213	
genome_701	701	70	1	7370001	set_C_clean	GB_GCA_041649435.1	Patescibacteriota	Bacteria	d__Bacteria;p__Patescibacteriota;c__Minisyncoccia;o__Minisyncoccales;f__Minisyncoccaceae;g__UBA6220;s__UBA6220 sp041649435	test	672826	591379	489824	GB_GCA_001350455.1;RS_GCF_002077495.1;RS_GCF_001949725.1	Pseudomonadota;Bacillota;Bacillota	4802241;3381894;3580367	test	3	3	3	97.116498	87.89479	72.801018	72.800992	low	200-500	5000-20000	1000	0.8-1.2	random_per_contaminant_copy	30.0	1.0	5.0	0.3	0.15	0.6	0	5	4	9	1081203	
genome_702	702	70	2	7370002	set_C_clean	GB_GCA_041649435.1	Patescibacteriota	Bacteria	d__Bacteria;p__Patescibacteriota;c__Minisyncoccia;o__Minisyncoccales;f__Minisyncoccaceae;g__UBA6220;s__UBA6220 sp041649435	test	672826	502466	4456	GB_GCA_948563135.1	Bacteroidota	2583945	test	1	1	1	54.761671	74.679932	0.662395	0.662281	low	200-500	5000-20000	1000	0.8-1.2	random_per_contaminant_copy	30.0	1.0	5.0	0.3	0.15	0.6	0	1	1	2	506922	
genome_703	703	70	3	7370003	set_C_clean	GB_GCA_041649435.1	Patescibacteriota	Bacteria	d__Bacteria;p__Patescibacteriota;c__Minisyncoccia;o__Minisyncoccales;f__Minisyncoccaceae;g__UBA6220;s__UBA6220 sp041649435	test	672826	532230	532230	RS_GCF_005221965.1;RS_GCF_038448645.1;RS_GCF_041416555.1	Pseudomonadota;Actinomycetota;Pseudomonadota	5555919;3142144;5298197	test	3	3	3	79.474946	79.103661	83.127231	79.103661	highly_fragmented	500-2000	1000-5000	500	0.8-1.2	random_per_contaminant_copy	30.0	1.0	5.0	0.3	0.15	0.6	0	31	5	36	1064460	
genome_704	704	70	4	7370004	set_C_clean	GB_GCA_041649435.1	Patescibacteriota	Bacteria	d__Bacteria;p__Patescibacteriota;c__Minisyncoccia;o__Minisyncoccales;f__Minisyncoccaceae;g__UBA6220;s__UBA6220 sp041649435	test	672826	384851	262227	RS_GCF_000817975.1;RS_GCF_004166635.1;RS_GCF_024702455.1;GB_GCA_016717965.1	Pseudomonadota;Bacillota;Bacillota;Gemmatimonadota	5192286;2725690;3021661;3315092	test	4	4	4	63.593305	57.199187	38.973993	38.973969	medium	50-200	20000-100000	2000	0.8-1.2	random_per_contaminant_copy	30.0	1.0	5.0	0.3	0.15	0.6	0	1	2	3	647078	
genome_705	705	70	5	7370005	set_C_clean	GB_GCA_041649435.1	Patescibacteriota	Bacteria	d__Bacteria;p__Patescibacteriota;c__Minisyncoccia;o__Minisyncoccales;f__Minisyncoccaceae;g__UBA6220;s__UBA6220 sp041649435	test	672826	672826	68089	GB_GCA_021817585.1;GB_GCA_031953825.1;RS_GCF_008329715.1;RS_GCF_001406735.1;GB_GCA_034121275.1	Pseudomonadota;Campylobacterota;Planctomycetota;Actinomycetota;Bacteroidota	4912538;2139524;7647772;2259076;5125090	test	5	5	5	79.709544	100.0	10.119902	10.119853	medium	50-200	20000-100000	2000	0.8-1.2	random_per_contaminant_copy	30.0	1.0	5.0	0.3	0.15	0.6	0	3	9	12	740915	
genome_706	706	70	6	7370006	set_C_clean	GB_GCA_041649435.1	Patescibacteriota	Bacteria	d__Bacteria;p__Patescibacteriota;c__Minisyncoccia;o__Minisyncoccales;f__Minisyncoccaceae;g__UBA6220;s__UBA6220 sp041649435	test	672826	672826	51518	RS_GCF_036898665.1;RS_GCF_000407105.1;RS_GCF_006442175.1;RS_GCF_005844535.1	Actinomycetota;Bacillota;Pseudomonadota;Bacteroidota	10219696;3131004;6014221;4820739	test	4	4	4	86.062939	100.0	7.657032	7.656957	high	10-50	100000-500000	5000	0.8-1.2	random_per_contaminant_copy	30.0	1.0	5.0	0.3	0.15	0.6	0	1	1	2	724344	
genome_707	707	70	7	7370007	set_C_clean	GB_GCA_041649435.1	Patescibacteriota	Bacteria	d__Bacteria;p__Patescibacteriota;c__Minisyncoccia;o__Minisyncoccales;f__Minisyncoccaceae;g__UBA6220;s__UBA6220 sp041649435	test	672826	424572	228757	GB_GCA_032009305.1;RS_GCF_001224465.1;RS_GCF_004309735.1;RS_GCF_900127965.1;GB_GCA_037265725.1	Bacteroidota;Campylobacterota;Desulfobacterota_I;Bacillota;Bacillota	4769976;1720665;2675015;2781043;2882468	test	5	5	5	62.687005	63.102793	33.999494	33.999429	highly_fragmented	500-2000	1000-5000	500	0.8-1.2	random_per_contaminant_copy	30.0	1.0	5.0	0.3	0.15	0.6	0	24	6	30	653329	
genome_708	708	70	8	7370008	set_C_clean	GB_GCA_041649435.1	Patescibacteriota	Bacteria	d__Bacteria;p__Patescibacteriota;c__Minisyncoccia;o__Minisyncoccales;f__Minisyncoccaceae;g__UBA6220;s__UBA6220 sp041649435	test	672826	582214	582214	RS_GCF_040702825.1;RS_GCF_000427365.1	Actinomycetota;Bacteroidota	8529223;2880076	test	2	2	2	94.412992	86.532625	93.313084	86.532625	highly_fragmented	500-2000	1000-5000	500	0.8-1.2	random_per_contaminant_copy	30.0	1.0	5.0	0.3	0.15	0.6	0	64	29	93	1164428	
genome_709	709	70	9	7370009	set_C_clean	GB_GCA_041649435.1	Patescibacteriota	Bacteria	d__Bacteria;p__Patescibacteriota;c__Minisyncoccia;o__Minisyncoccales;f__Minisyncoccaceae;g__UBA6220;s__UBA6220 sp041649435	test	672826	485217	197900	RS_GCF_002804365.1;RS_GCF_013374175.1	Campylobacterota;Campylobacterota	1761119;1715041	test	2	2	2	51.806574	72.116268	29.41329	29.413251	low	200-500	5000-20000	1000	0.8-1.2	random_per_contaminant_copy	30.0	1.0	5.0	0.3	0.15	0.6	0	3	16	19	683117	
genome_710	710	71	0	7371000	set_C_clean	GB_GCA_041650515.1	Patescibacteriota	Bacteria	d__Bacteria;p__Patescibacteriota;c__Patescibacteriia;o__JACRDY01;f__JACRDY01;g__JBAZLA01;s__JBAZLA01 sp041650515	test	1053918	544987	409777	GB_GCA_948806755.1;RS_GCF_015074805.1	Bacillota;Pseudomonadota	2171570;4984172	test	2	2	2	52.773964	51.71057	38.881306	38.881298	medium	50-200	20000-100000	2000	0.8-1.2	random_per_contaminant_copy	30.0	1.0	5.0	0.3	0.15	0.6	0	4	4	8	954764	
genome_711	711	71	1	7371001	set_C_clean	GB_GCA_041650515.1	Patescibacteriota	Bacteria	d__Bacteria;p__Patescibacteriota;c__Patescibacteriia;o__JACRDY01;f__JACRDY01;g__JBAZLA01;s__JBAZLA01 sp041650515	test	1053918	654050	251871	RS_GCF_028400865.1	Bacteroidota	6441934	test	1	1	1	89.220786	62.058908	23.89854	23.898539	low	200-500	5000-20000	1000	0.8-1.2	random_per_contaminant_copy	30.0	1.0	5.0	0.3	0.15	0.6	0	19	4	23	905921	
genome_712	712	71	2	7371002	set_C_clean	GB_GCA_041650515.1	Patescibacteriota	Bacteria	d__Bacteria;p__Patescibacteriota;c__Patescibacteriia;o__JACRDY01;f__JACRDY01;g__JBAZLA01;s__JBAZLA01 sp041650515	test	1053918	916540	167106	GB_GCA_963530845.1;RS_GCF_000015345.1	Actinomycetota;Pseudomonadota	1461489;1389350	test	2	2	2	91.185441	86.96502	15.85572	15.855693	medium	50-200	20000-100000	2000	0.8-1.2	random_per_contaminant_copy	30.0	1.0	5.0	0.3	0.15	0.6	0	1	2	3	1083646	
genome_713	713	71	3	7371003	set_C_clean	GB_GCA_041650515.1	Patescibacteriota	Bacteria	d__Bacteria;p__Patescibacteriota;c__Patescibacteriia;o__JACRDY01;f__JACRDY01;g__JBAZLA01;s__JBAZLA01 sp041650515	test	1053918	910422	910421	RS_GCF_000629585.1;RS_GCF_023735495.1;RS_GCF_001562195.1;RS_GCF_011063045.1	Pseudomonadota;Pseudomonadota;Pseudomonadota;Bacillota	6566821;5314178;4649146;3218705	test	4	4	4	98.534319	86.384519	92.163286	86.384425	highly_fragmented	500-2000	1000-5000	500	0.8-1.2	random_per_contaminant_copy	30.0	1.0	5.0	0.3	0.15	0.6	0	221	23	244	1820843	
genome_714	714	71	4	7371004	set_C_clean	GB_GCA_041650515.1	Patescibacteriota	Bacteria	d__Bacteria;p__Patescibacteriota;c__Patescibacteriia;o__JACRDY01;f__JACRDY01;g__JBAZLA01;s__JBAZLA01 sp041650515	test	1053918	918758	52806	GB_GCA_032102625.1;RS_GCF_028480445.1	Pseudomonadota;Pseudomonadota	4430908;4302438	test	2	2	2	97.593135	87.175473	5.010537	5.010447	highly_fragmented	500-2000	1000-5000	500	0.8-1.2	random_per_contaminant_copy	30.0	1.0	5.0	0.3	0.15	0.6	0	76	3	79	971564	
genome_715	715	71	5	7371005	set_C_clean	GB_GCA_041650515.1	Patescibacteriota	Bacteria	d__Bacteria;p__Patescibacteriota;c__Patescibacteriia;o__JACRDY01;f__JACRDY01;g__JBAZLA01;s__JBAZLA01 sp041650515	test	1053918	916022	219428	RS_GCF_900120275.1;GB_GCA_001033285.1;RS_GCF_000407885.1;RS_GCF_030717765.1;RS_GCF_002885155.1	Campylobacterota;Pseudomonadota;Pseudomonadota;Pseudomonadota;Verrucomicrobiota	1667936;5727499;5180727;5667461;2795610	test	5	5	5	95.969234	86.91587	20.820294	20.820216	highly_fragmented	500-2000	1000-5000	500	0.8-1.2	random_per_contaminant_copy	30.0	1.0	5.0	0.3	0.15	0.6	0	44	2	46	1135450	
genome_716	716	71	6	7371006	set_C_clean	GB_GCA_041650515.1	Patescibacteriota	Bacteria	d__Bacteria;p__Patescibacteriota;c__Patescibacteriia;o__JACRDY01;f__JACRDY01;g__JBAZLA01;s__JBAZLA01 sp041650515	test	1053918	857237	105850	RS_GCF_018370505.1;GB_GCA_947244155.1;RS_GCF_018419415.1	Bacillota;Bacteroidota;Bacillota	2135535;2986052;2121347	test	3	3	3	94.866041	81.338112	10.043496	10.043476	low	200-500	5000-20000	1000	0.8-1.2	random_per_contaminant_copy	30.0	1.0	5.0	0.3	0.15	0.6	0	14	3	17	963087	
genome_717	717	71	7	7371007	set_C_clean	GB_GCA_041650515.1	Patescibacteriota	Bacteria	d__Bacteria;p__Patescibacteriota;c__Patescibacteriia;o__JACRDY01;f__JACRDY01;g__JBAZLA01;s__JBAZLA01 sp041650515	test	1053918	776952	627371	RS_GCF_900196995.1;RS_GCF_005786505.1;RS_GCF_009626015.1;RS_GCF_036016635.1;RS_GCF_000215995.1	Campylobacterota;Pseudomonadota;Pseudomonadota;Pseudomonadota;Methanobacteriota_B	1606504;3907852;4773927;6114527;1716818	test	5	5	5	74.310311	73.720346	75.269881	59.527496	highly_fragmented	500-2000	1000-5000	500	0.8-1.2	random_per_contaminant_copy	30.0	1.0	5.0	0.3	0.15	0.6	0	20	92	112	1404323	
genome_718	718	71	8	7371008	set_C_clean	GB_GCA_041650515.1	Patescibacteriota	Bacteria	d__Bacteria;p__Patescibacteriota;c__Patescibacteriia;o__JACRDY01;f__JACRDY01;g__JBAZLA01;s__JBAZLA01 sp041650515	test	1053918	608558	608558	RS_GCF_020085295.1;RS_GCF_937906905.1;RS_GCF_002838665.1	Pseudomonadota;Campylobacterota;Actinomycetota	5225594;1759777;2289838	test	3	3	3	55.076947	57.742443	84.53646	57.742443	highly_fragmented	500-2000	1000-5000	500	0.8-1.2	random_per_contaminant_copy	30.0	1.0	5.0	0.3	0.15	0.6	0	7	1	8	1217116	
genome_719	719	71	9	7371009	set_C_clean	GB_GCA_041650515.1	Patescibacteriota	Bacteria	d__Bacteria;p__Patescibacteriota;c__Patescibacteriia;o__JACRDY01;f__JACRDY01;g__JBAZLA01;s__JBAZLA01 sp041650515	test	1053918	881992	805426	RS_GCF_004684835.2;RS_GCF_900113245.1;RS_GCF_001713155.1	Bacteroidota;Halobacteriota;Spirochaetota	3691741;3529311;1139138	test	3	3	3	83.820247	83.686966	89.436893	76.422075	highly_fragmented	500-2000	1000-5000	500	0.8-1.2	random_per_contaminant_copy	30.0	1.0	5.0	0.3	0.15	0.6	0	59	4	63	1687418	
genome_720	720	72	0	7372000	set_C_clean	GB_GCA_041650715.1	Patescibacteriota	Bacteria	d__Bacteria;p__Patescibacteriota;c__Patescibacteriia;o__Patescibacteriales;f__UBA12465;g__UBA12465;s__UBA12465 sp041650715	test	957592	944375	876746	RS_GCF_963559245.1;RS_GCF_900445525.1;GB_GCA_963930035.1	Campylobacterota;Bacteroidota;Bacillota	1619600;4888086;3076725	test	3	3	3	80.56601	98.619767	91.557402	91.557365	medium	50-200	20000-100000	2000	0.8-1.2	random_per_contaminant_copy	30.0	1.0	5.0	0.3	0.15	0.6	0	2	7	9	1821121	
genome_721	721	72	1	7372001	set_C_clean	GB_GCA_041650715.1	Patescibacteriota	Bacteria	d__Bacteria;p__Patescibacteriota;c__Patescibacteriia;o__Patescibacteriales;f__UBA12465;g__UBA12465;s__UBA12465 sp041650715	test	957592	957592	806783	GB_GCA_011089965.1	Pseudomonadota	3658807	test	1	1	1	90.354338	100.0	84.251312	84.251226	high	10-50	100000-500000	5000	0.8-1.2	random_per_contaminant_copy	30.0	1.0	5.0	0.3	0.15	0.6	0	1	6	7	1764375	
genome_722	722	72	2	7372002	set_C_clean	GB_GCA_041650715.1	Patescibacteriota	Bacteria	d__Bacteria;p__Patescibacteriota;c__Patescibacteriia;o__Patescibacteriales;f__UBA12465;g__UBA12465;s__UBA12465 sp041650715	test	957592	756168	224229	RS_GCF_003947265.2;RS_GCF_040982145.1;RS_GCF_001720535.1;RS_GCF_005786505.1	Actinomycetota;Pseudomonadota;Bacillota;Pseudomonadota	6963629;5470228;2824076;3907852	test	4	4	4	79.39298	78.965572	23.415956	23.415922	highly_fragmented	500-2000	1000-5000	500	0.8-1.2	random_per_contaminant_copy	30.0	1.0	5.0	0.3	0.15	0.6	0	30	1	31	980397	
genome_723	723	72	3	7372003	set_C_clean	GB_GCA_041650715.1	Patescibacteriota	Bacteria	d__Bacteria;p__Patescibacteriota;c__Patescibacteriia;o__Patescibacteriales;f__UBA12465;g__UBA12465;s__UBA12465 sp041650715	test	957592	736286	731266	RS_GCF_023587725.1;RS_GCF_000674375.1;RS_GCF_032921865.1	Pseudomonadota;Actinomycetota;Pseudomonadota	2316141;4470110;4733519	test	3	3	3	75.22701	76.889322	93.624278	76.365091	highly_fragmented	500-2000	1000-5000	500	0.8-1.2	random_per_contaminant_copy	30.0	1.0	5.0	0.3	0.15	0.6	0	19	11	30	1467552	
genome_724	724	72	4	7372004	set_C_clean	GB_GCA_041650715.1	Patescibacteriota	Bacteria	d__Bacteria;p__Patescibacteriota;c__Patescibacteriia;o__Patescibacteriales;f__UBA12465;g__UBA12465;s__UBA12465 sp041650715	test	957592	507784	507784	RS_GCF_030721705.1;RS_GCF_006506785.1;RS_GCF_002240205.1	Bacillota;Pseudomonadota;Bacteroidota_A	2280129;3289539;2468479	test	3	3	3	53.100225	53.027177	67.706046	53.027177	low	200-500	5000-20000	1000	0.8-1.2	random_per_contaminant_copy	30.0	1.0	5.0	0.3	0.15	0.6	0	6	3	9	1015568	
genome_725	725	72	5	7372005	set_C_clean	GB_GCA_041650715.1	Patescibacteriota	Bacteria	d__Bacteria;p__Patescibacteriota;c__Patescibacteriia;o__Patescibacteriales;f__UBA12465;g__UBA12465;s__UBA12465 sp041650715	test	957592	957592	876975	RS_GCF_001841705.1;RS_GCF_001426965.1	Actinomycetota;Pseudomonadota	4363994;3750538	test	2	2	2	97.20916	100.0	91.581364	91.581279	medium	50-200	20000-100000	2000	0.8-1.2	random_per_contaminant_copy	30.0	1.0	5.0	0.3	0.15	0.6	0	1	15	16	1834567	
genome_726	726	72	6	7372006	set_C_clean	GB_GCA_041650715.1	Patescibacteriota	Bacteria	d__Bacteria;p__Patescibacteriota;c__Patescibacteriia;o__Patescibacteriales;f__UBA12465;g__UBA12465;s__UBA12465 sp041650715	test	957592	957592	893745	RS_GCF_025026595.1;GB_GCA_041676545.1;RS_GCF_000949135.2	Pseudomonadota;Bacteroidota;Pseudomonadota	5476158;2634648;7700664	test	3	3	3	55.374199	100.0	93.332587	93.332547	medium	50-200	20000-100000	2000	0.8-1.2	random_per_contaminant_copy	30.0	1.0	5.0	0.3	0.15	0.6	0	1	22	23	1851337	
genome_727	727	72	7	7372007	set_C_clean	GB_GCA_041650715.1	Patescibacteriota	Bacteria	d__Bacteria;p__Patescibacteriota;c__Patescibacteriia;o__Patescibacteriales;f__UBA12465;g__UBA12465;s__UBA12465 sp041650715	test	957592	761608	410496	GB_GCA_948614035.1;GB_GCA_034129565.1;RS_GCF_000748365.1;RS_GCF_031082765.1	Spirochaetota;Bacteroidota;Pseudomonadota;Bacillota	3029745;5896494;4617795;3220394	test	4	4	4	99.821124	79.533664	42.8676	42.867526	highly_fragmented	500-2000	1000-5000	500	0.8-1.2	random_per_contaminant_copy	30.0	1.0	5.0	0.3	0.15	0.6	0	46	1	47	1172104	
genome_728	728	72	8	7372008	set_C_clean	GB_GCA_041650715.1	Patescibacteriota	Bacteria	d__Bacteria;p__Patescibacteriota;c__Patescibacteriia;o__Patescibacteriales;f__UBA12465;g__UBA12465;s__UBA12465 sp041650715	test	957592	721494	638965	RS_GCF_039677625.1;RS_GCF_004919045.1;RS_GCF_037969915.1	Campylobacterota;Actinomycetota;Bacillota	1898123;3779885;5219956	test	3	3	3	75.680468	75.344614	66.726306	66.726226	highly_fragmented	500-2000	1000-5000	500	0.8-1.2	random_per_contaminant_copy	30.0	1.0	5.0	0.3	0.15	0.6	0	74	3	77	1360459	
genome_729	729	72	9	7372009	set_C_clean	GB_GCA_041650715.1	Patescibacteriota	Bacteria	d__Bacteria;p__Patescibacteriota;c__Patescibacteriia;o__Patescibacteriales;f__UBA12465;g__UBA12465;s__UBA12465 sp041650715	test	957592	640188	505902	RS_GCF_039674345.1;RS_GCF_005217555.1;RS_GCF_000579015.1;RS_GCF_018422465.1	Pseudomonadota;Bacillota;Bacillota;Pseudomonadota	4346556;4562157;2877020;4728908	test	4	4	4	68.260245	66.853942	52.83065	52.830642	low	200-500	5000-20000	1000	0.8-1.2	random_per_contaminant_copy	30.0	1.0	5.0	0.3	0.15	0.6	0	12	2	14	1146090	
genome_730	730	73	0	7373000	set_C_clean	GB_GCA_041650895.1	Patescibacteriota	Bacteria	d__Bacteria;p__Patescibacteriota;c__Patescibacteriia;o__2-01-FULL-39-33;f__2-01-FULL-39-33;g__CAISTG01;s__CAISTG01 sp041650895	test	1248144	695255	695255	GB_GCA_031296755.1	Actinomycetota	2245394	test	1	1	1	55.494523	55.703108	64.259518	55.703108	low	200-500	5000-20000	1000	0.8-1.2	random_per_contaminant_copy	30.0	1.0	5.0	0.3	0.15	0.6	0	4	117	121	1390510	
genome_731	731	73	1	7373001	set_C_clean	GB_GCA_041650895.1	Patescibacteriota	Bacteria	d__Bacteria;p__Patescibacteriota;c__Patescibacteriia;o__2-01-FULL-39-33;f__2-01-FULL-39-33;g__CAISTG01;s__CAISTG01 sp041650895	test	1248144	1069490	588727	RS_GCF_026168935.1;GB_GCA_963557235.1;RS_GCF_003035685.1	Actinomycetota;Bacillota;Bacillota	2024378;1683275;2361275	test	3	3	3	88.959368	85.686427	47.168241	47.168195	highly_fragmented	500-2000	1000-5000	500	0.8-1.2	random_per_contaminant_copy	30.0	1.0	5.0	0.3	0.15	0.6	0	31	16	47	1658217	
genome_732	732	73	2	7373002	set_C_clean	GB_GCA_041650895.1	Patescibacteriota	Bacteria	d__Bacteria;p__Patescibacteriota;c__Patescibacteriia;o__2-01-FULL-39-33;f__2-01-FULL-39-33;g__CAISTG01;s__CAISTG01 sp041650895	test	1248144	1248144	1045667	RS_GCF_000664465.1;RS_GCF_017118535.1	Actinomycetota;Pseudomonadota	4424742;5177094	test	2	2	2	98.357175	100.0	83.777793	83.777753	medium	50-200	20000-100000	2000	0.8-1.2	random_per_contaminant_copy	30.0	1.0	5.0	0.3	0.15	0.6	0	3	2	5	2293811	
genome_733	733	73	3	7373003	set_C_clean	GB_GCA_041650895.1	Patescibacteriota	Bacteria	d__Bacteria;p__Patescibacteriota;c__Patescibacteriia;o__2-01-FULL-39-33;f__2-01-FULL-39-33;g__CAISTG01;s__CAISTG01 sp041650895	test	1248144	1248144	8865	RS_GCF_902204145.1	Pseudomonadota	7049171	test	1	1	1	80.385538	100.0	22.145086	0.710255	medium	50-200	20000-100000	2000	0.8-1.2	random_per_contaminant_copy	30.0	1.0	5.0	0.3	0.15	0.6	0	1	1	2	1257009	
genome_734	734	73	4	7373004	set_C_clean	GB_GCA_041650895.1	Patescibacteriota	Bacteria	d__Bacteria;p__Patescibacteriota;c__Patescibacteriia;o__2-01-FULL-39-33;f__2-01-FULL-39-33;g__CAISTG01;s__CAISTG01 sp041650895	test	1248144	644954	501709	RS_GCF_021328435.1;RS_GCF_900110345.1;RS_GCF_039981795.1;RS_GCF_040652775.1	Bacillota;Bacillota;Pseudomonadota;Actinomycetota	2887912;3468523;3425283;8669519	test	4	4	4	51.918755	51.673044	40.196411	40.196404	highly_fragmented	500-2000	1000-5000	500	0.8-1.2	random_per_contaminant_copy	30.0	1.0	5.0	0.3	0.15	0.6	0	98	7	105	1146663	
genome_735	735	73	5	7373005	set_C_clean	GB_GCA_041650895.1	Patescibacteriota	Bacteria	d__Bacteria;p__Patescibacteriota;c__Patescibacteriia;o__2-01-FULL-39-33;f__2-01-FULL-39-33;g__CAISTG01;s__CAISTG01 sp041650895	test	1248144	1008146	664935	GB_GCA_002842215.1	Pseudomonadota	5264918	test	1	1	1	89.774039	80.77161	53.273945	53.273901	medium	50-200	20000-100000	2000	0.8-1.2	random_per_contaminant_copy	30.0	1.0	5.0	0.3	0.15	0.6	0	2	160	162	1673081	
genome_736	736	73	6	7373006	set_C_clean	GB_GCA_041650895.1	Patescibacteriota	Bacteria	d__Bacteria;p__Patescibacteriota;c__Patescibacteriia;o__2-01-FULL-39-33;f__2-01-FULL-39-33;g__CAISTG01;s__CAISTG01 sp041650895	test	1248144	946520	157158	RS_GCF_029894445.1;RS_GCF_003026545.1;RS_GCF_021727385.1	Bacillota;Pseudomonadota;Pseudomonadota	3741715;4708575;5498852	test	3	3	3	95.863179	75.834199	34.225471	12.591336	low	200-500	5000-20000	1000	0.8-1.2	random_per_contaminant_copy	30.0	1.0	5.0	0.3	0.15	0.6	0	7	7	14	1103678	
genome_737	737	73	7	7373007	set_C_clean	GB_GCA_041650895.1	Patescibacteriota	Bacteria	d__Bacteria;p__Patescibacteriota;c__Patescibacteriia;o__2-01-FULL-39-33;f__2-01-FULL-39-33;g__CAISTG01;s__CAISTG01 sp041650895	test	1248144	1055312	1045871	RS_GCF_018617855.1;RS_GCF_024127895.1;GB_GCA_949348365.1;RS_GCF_018866305.1	Bacillota;Pseudomonadota;Bacillota;Actinomycetota	2738116;5337950;1995113;3914265	test	4	4	4	74.416219	84.550501	84.433132	83.794097	low	200-500	5000-20000	1000	0.8-1.2	random_per_contaminant_copy	30.0	1.0	5.0	0.3	0.15	0.6	0	5	43	48	2101183	
genome_738	738	73	8	7373008	set_C_clean	GB_GCA_041650895.1	Patescibacteriota	Bacteria	d__Bacteria;p__Patescibacteriota;c__Patescibacteriia;o__2-01-FULL-39-33;f__2-01-FULL-39-33;g__CAISTG01;s__CAISTG01 sp041650895	test	1248144	933041	18216	RS_GCF_000243395.2;RS_GCF_001851115.1;RS_GCF_000696095.1	Actinomycetota;Actinomycetota;Pseudomonadota	4564108;4392240;7044473	test	3	3	3	75.854101	74.754275	1.459468	1.459447	highly_fragmented	500-2000	1000-5000	500	0.8-1.2	random_per_contaminant_copy	30.0	1.0	5.0	0.3	0.15	0.6	0	35	1	36	951257	
genome_739	739	73	9	7373009	set_C_clean	GB_GCA_041650895.1	Patescibacteriota	Bacteria	d__Bacteria;p__Patescibacteriota;c__Patescibacteriia;o__2-01-FULL-39-33;f__2-01-FULL-39-33;g__CAISTG01;s__CAISTG01 sp041650895	test	1248144	662818	434637	GB_GCA_021991685.1;RS_GCF_020309925.1;GB_GCA_947057305.1;RS_GCF_004015245.1	Pseudomonadota;Actinomycetota;Bacteroidota;Verrucomicrobiota	4736963;1978382;2608949;2799431	test	4	4	4	52.049804	53.104289	34.822668	34.822665	low	200-500	5000-20000	1000	0.8-1.2	random_per_contaminant_copy	30.0	1.0	5.0	0.3	0.15	0.6	0	13	5	18	1097455	
genome_740	740	74	0	7374000	set_C_clean	GB_GCA_041651535.1	Patescibacteriota	Bacteria	d__Bacteria;p__Patescibacteriota;c__Patescibacteriia;o__Magasanikbacterales;f__UBA922;g__JBAZIZ01;s__JBAZIZ01 sp041651535	test	903143	903143	548625	RS_GCF_013004475.1;RS_GCF_900108035.1;RS_GCF_000348945.1;RS_GCF_026768265.1	Actinomycetota;Bacteroidota;Actinomycetota;Bacillota	8906705;3571001;4319900;6718252	test	4	4	4	95.051592	100.0	60.746272	60.746194	high	10-50	100000-500000	5000	0.8-1.2	random_per_contaminant_copy	30.0	1.0	5.0	0.3	0.15	0.6	0	1	23	24	1451768	
genome_741	741	74	1	7374001	set_C_clean	GB_GCA_041651535.1	Patescibacteriota	Bacteria	d__Bacteria;p__Patescibacteriota;c__Patescibacteriia;o__Magasanikbacterales;f__UBA922;g__JBAZIZ01;s__JBAZIZ01 sp041651535	test	903143	751125	193558	RS_GCF_040578065.1;RS_GCF_030346045.1;GB_GCA_949465275.1	Bacillota;Pseudomonadota;Bacteroidota	2743296;5922250;2661034	test	3	3	3	85.319831	83.167893	21.431612	21.431601	highly_fragmented	500-2000	1000-5000	500	0.8-1.2	random_per_contaminant_copy	30.0	1.0	5.0	0.3	0.15	0.6	0	18	1	19	944683	
genome_742	742	74	2	7374002	set_C_clean	GB_GCA_041651535.1	Patescibacteriota	Bacteria	d__Bacteria;p__Patescibacteriota;c__Patescibacteriia;o__Magasanikbacterales;f__UBA922;g__JBAZIZ01;s__JBAZIZ01 sp041651535	test	903143	605938	143786	GB_GCA_037189525.1;GB_GCA_002438405.1;RS_GCF_024704385.1;GB_GCA_002848525.1;GB_GCA_032582655.1	Gemmatimonadota;Cyanobacteriota;Actinomycetota;Actinomycetota;Actinomycetota	4653185;2018013;4424939;8027164;2778138	test	5	5	5	57.123861	67.092144	15.920629	15.920624	medium	50-200	20000-100000	2000	0.8-1.2	random_per_contaminant_copy	30.0	1.0	5.0	0.3	0.15	0.6	0	2	5	7	749724	
genome_743	743	74	3	7374003	set_C_clean	GB_GCA_041651535.1	Patescibacteriota	Bacteria	d__Bacteria;p__Patescibacteriota;c__Patescibacteriia;o__Magasanikbacterales;f__UBA922;g__JBAZIZ01;s__JBAZIZ01 sp041651535	test	903143	895884	337422	RS_GCF_002959955.1;RS_GCF_030326615.1	Pseudomonadota;Bacteroidota	7472757;3810047	test	2	2	2	99.203222	99.196251	37.360914	37.360861	medium	50-200	20000-100000	2000	0.8-1.2	random_per_contaminant_copy	30.0	1.0	5.0	0.3	0.15	0.6	0	2	2	4	1233306	
genome_744	744	74	4	7374004	set_C_clean	GB_GCA_041651535.1	Patescibacteriota	Bacteria	d__Bacteria;p__Patescibacteriota;c__Patescibacteriia;o__Magasanikbacterales;f__UBA922;g__JBAZIZ01;s__JBAZIZ01 sp041651535	test	903143	903143	378897	GB_GCA_949008365.1;RS_GCF_036288225.1;RS_GCF_002851515.1;RS_GCF_023285365.1;GB_GCA_036310805.1	Verrucomicrobiota;Campylobacterota;Pseudomonadota;Bacillota;Bacteroidota	2686808;1848131;5506585;2958355;2112778	test	5	5	5	78.863675	100.0	41.953199	41.953157	high	10-50	100000-500000	5000	0.8-1.2	random_per_contaminant_copy	30.0	1.0	5.0	0.3	0.15	0.6	0	2	7	9	1282040	
genome_745	745	74	5	7374005	set_C_clean	GB_GCA_041651535.1	Patescibacteriota	Bacteria	d__Bacteria;p__Patescibacteriota;c__Patescibacteriia;o__Magasanikbacterales;f__UBA922;g__JBAZIZ01;s__JBAZIZ01 sp041651535	test	903143	522463	239201	GB_GCA_021991685.1;RS_GCF_022237825.1;RS_GCF_900090055.1;GB_GCA_948761855.1	Pseudomonadota;Pseudomonadota;Thermoplasmatota;Bacteroidota	4736963;3980119;1878916;2184837	test	4	4	4	53.865806	57.849421	26.485501	26.485396	medium	50-200	20000-100000	2000	0.8-1.2	random_per_contaminant_copy	30.0	1.0	5.0	0.3	0.15	0.6	0	1	19	20	761664	
genome_746	746	74	6	7374006	set_C_clean	GB_GCA_041651535.1	Patescibacteriota	Bacteria	d__Bacteria;p__Patescibacteriota;c__Patescibacteriia;o__Magasanikbacterales;f__UBA922;g__JBAZIZ01;s__JBAZIZ01 sp041651535	test	903143	648606	355225	GB_GCA_023229435.1;GB_GCA_963661605.1;RS_GCF_003028695.1;RS_GCF_001605195.1;RS_GCF_030362125.2	Nitrospirota;Actinomycetota;Pseudomonadota;Pseudomonadota;Pseudomonadota	3541743;2294353;4989876;4103349;5121621	test	5	5	5	72.954265	71.816534	39.332193	39.332088	highly_fragmented	500-2000	1000-5000	500	0.8-1.2	random_per_contaminant_copy	30.0	1.0	5.0	0.3	0.15	0.6	0	15	9	24	1003831	
genome_747	747	74	7	7374007	set_C_clean	GB_GCA_041651535.1	Patescibacteriota	Bacteria	d__Bacteria;p__Patescibacteriota;c__Patescibacteriia;o__Magasanikbacterales;f__UBA922;g__JBAZIZ01;s__JBAZIZ01 sp041651535	test	903143	903143	256458	GB_GCA_001368595.1;RS_GCF_040684435.1;RS_GCF_000355695.1	Pseudomonadota;Actinomycetota;Actinomycetota	4931009;8673955;3063596	test	3	3	3	61.548602	100.0	28.396188	28.396168	high	10-50	100000-500000	5000	0.8-1.2	random_per_contaminant_copy	30.0	1.0	5.0	0.3	0.15	0.6	0	1	1	2	1159601	
genome_748	748	74	8	7374008	set_C_clean	GB_GCA_041651535.1	Patescibacteriota	Bacteria	d__Bacteria;p__Patescibacteriota;c__Patescibacteriia;o__Magasanikbacterales;f__UBA922;g__JBAZIZ01;s__JBAZIZ01 sp041651535	test	903143	619756	196475	GB_GCA_902469575.1	Bacillota	1763227	test	1	1	1	69.798627	68.622134	21.754693	21.754584	low	200-500	5000-20000	1000	0.8-1.2	random_per_contaminant_copy	30.0	1.0	5.0	0.3	0.15	0.6	0	12	23	35	816231	
genome_749	749	74	9	7374009	set_C_clean	GB_GCA_041651535.1	Patescibacteriota	Bacteria	d__Bacteria;p__Patescibacteriota;c__Patescibacteriia;o__Magasanikbacterales;f__UBA922;g__JBAZIZ01;s__JBAZIZ01 sp041651535	test	903143	903143	391343	GB_GCA_902490875.1;GB_GCA_945915075.1;RS_GCF_036492715.1;RS_GCF_902374575.1	Thermoplasmatota;Spirochaetota;Bacillota;Campylobacterota	1726701;2366088;2998287;1895632	test	4	4	4	53.066918	100.0	43.331329	43.331233	high	10-50	100000-500000	5000	0.8-1.2	random_per_contaminant_copy	30.0	1.0	5.0	0.3	0.15	0.6	0	1	2	3	1294486	
genome_750	750	75	0	7375000	set_C_clean	GB_GCA_041660785.1	Patescibacteriota	Bacteria	d__Bacteria;p__Patescibacteriota;c__Microgenomatia;o__UBA1406;f__GWC2-37-13;g__GWC2-37-13;s__GWC2-37-13 sp041660785	test	1095699	1095699	788218	GB_GCA_943372655.1;RS_GCF_034093315.1;GB_GCA_943914465.1;GB_GCA_023461235.1;RS_GCF_003675045.1	Pseudomonadota;Cyanobacteriota;Actinomycetota;Spirochaetota;Bacillota	5673665;1704447;2245914;2260295;1988264	test	5	5	5	56.433592	100.0	72.709028	71.937457	high	10-50	100000-500000	5000	0.8-1.2	random_per_contaminant_copy	30.0	1.0	5.0	0.3	0.15	0.6	0	1	47	48	1883917	
genome_751	751	75	1	7375001	set_C_clean	GB_GCA_041660785.1	Patescibacteriota	Bacteria	d__Bacteria;p__Patescibacteriota;c__Microgenomatia;o__UBA1406;f__GWC2-37-13;g__GWC2-37-13;s__GWC2-37-13 sp041660785	test	1095699	597839	597839	RS_GCF_027723425.1;RS_GCF_036864815.1	Bacillota;Bacillota	3269245;5886406	test	2	2	2	57.989233	54.562339	90.947372	54.562339	low	200-500	5000-20000	1000	0.8-1.2	random_per_contaminant_copy	30.0	1.0	5.0	0.3	0.15	0.6	0	5	5	10	1195678	
genome_752	752	75	2	7375002	set_C_clean	GB_GCA_041660785.1	Patescibacteriota	Bacteria	d__Bacteria;p__Patescibacteriota;c__Microgenomatia;o__UBA1406;f__GWC2-37-13;g__GWC2-37-13;s__GWC2-37-13 sp041660785	test	1095699	1095699	707140	GB_GCA_013318725.1;RS_GCF_026967595.1;RS_GCF_000597265.1	Pseudomonadota;Bacillota;Bacillota	5519177;4404030;2895299	test	3	3	3	78.407187	100.0	64.537812	64.537797	high	10-50	100000-500000	5000	0.8-1.2	random_per_contaminant_copy	30.0	1.0	5.0	0.3	0.15	0.6	0	1	6	7	1802839	
genome_753	753	75	3	7375003	set_C_clean	GB_GCA_041660785.1	Patescibacteriota	Bacteria	d__Bacteria;p__Patescibacteriota;c__Microgenomatia;o__UBA1406;f__GWC2-37-13;g__GWC2-37-13;s__GWC2-37-13 sp041660785	test	1095699	1095699	722159	RS_GCF_900024605.1	Bacillota	2028641	test	1	1	1	75.185926	100.0	73.567821	65.90852	high	10-50	100000-500000	5000	0.8-1.2	random_per_contaminant_copy	30.0	1.0	5.0	0.3	0.15	0.6	0	1	1	2	1817858	
genome_754	754	75	4	7375004	set_C_clean	GB_GCA_041660785.1	Patescibacteriota	Bacteria	d__Bacteria;p__Patescibacteriota;c__Microgenomatia;o__UBA1406;f__GWC2-37-13;g__GWC2-37-13;s__GWC2-37-13 sp041660785	test	1095699	805555	352447	RS_GCF_017874455.1;RS_GCF_002041445.1;RS_GCF_026134185.1;RS_GCF_026344075.1	Methanobacteriota;Pseudomonadota;Pseudomonadota;Pseudomonadota	2347771;4692333;5326335;4708215	test	4	4	4	75.43755	73.519735	32.166454	32.166407	highly_fragmented	500-2000	1000-5000	500	0.8-1.2	random_per_contaminant_copy	30.0	1.0	5.0	0.3	0.15	0.6	0	21	16	37	1158002	
genome_755	755	75	5	7375005	set_C_clean	GB_GCA_041660785.1	Patescibacteriota	Bacteria	d__Bacteria;p__Patescibacteriota;c__Microgenomatia;o__UBA1406;f__GWC2-37-13;g__GWC2-37-13;s__GWC2-37-13 sp041660785	test	1095699	664017	53449	RS_GCF_001150025.1;RS_GCF_023509015.1;RS_GCF_900082865.1;RS_GCF_000019785.1	Bacillota;Pseudomonadota;Bacillota;Pseudomonadota	2142793;6715763;2776292;4909403	test	4	4	4	52.075826	60.602136	4.878104	4.878073	high	10-50	100000-500000	5000	0.8-1.2	random_per_contaminant_copy	30.0	1.0	5.0	0.3	0.15	0.6	0	2	1	3	717466	
genome_756	756	75	6	7375006	set_C_clean	GB_GCA_041660785.1	Patescibacteriota	Bacteria	d__Bacteria;p__Patescibacteriota;c__Microgenomatia;o__UBA1406;f__GWC2-37-13;g__GWC2-37-13;s__GWC2-37-13 sp041660785	test	1095699	877710	371153	RS_GCF_003960285.1;RS_GCF_023330725.1;RS_GCF_900453085.1;RS_GCF_000308355.2;RS_GCF_018439305.1	Campylobacterota;Pseudomonadota;Actinomycetota;Actinomycetota;Pseudomonadota	1675408;5297217;5924247;6954782;5974612	test	5	5	5	79.248904	80.105029	33.873676	33.873628	low	200-500	5000-20000	1000	0.8-1.2	random_per_contaminant_copy	30.0	1.0	5.0	0.3	0.15	0.6	0	2	1	3	1248863	
genome_757	757	75	7	7375007	set_C_clean	GB_GCA_041660785.1	Patescibacteriota	Bacteria	d__Bacteria;p__Patescibacteriota;c__Microgenomatia;o__UBA1406;f__GWC2-37-13;g__GWC2-37-13;s__GWC2-37-13 sp041660785	test	1095699	1095699	215756	RS_GCF_037889395.1;RS_GCF_021394375.1;RS_GCF_001623645.2;RS_GCF_945918445.1	Bacillota;Pseudomonadota;Pseudomonadota;Bacillota	4007168;4734546;5016195;2349375	test	4	4	4	53.196649	100.0	19.691216	19.691174	high	10-50	100000-500000	5000	0.8-1.2	random_per_contaminant_copy	30.0	1.0	5.0	0.3	0.15	0.6	0	1	1	2	1311455	
genome_758	758	75	8	7375008	set_C_clean	GB_GCA_041660785.1	Patescibacteriota	Bacteria	d__Bacteria;p__Patescibacteriota;c__Microgenomatia;o__UBA1406;f__GWC2-37-13;g__GWC2-37-13;s__GWC2-37-13 sp041660785	test	1095699	762129	514724	RS_GCF_022493655.1;RS_GCF_013110225.1	Pseudomonadota;Pseudomonadota	4909725;4413672	test	2	2	2	65.792929	69.55642	48.700887	46.97677	highly_fragmented	500-2000	1000-5000	500	0.8-1.2	random_per_contaminant_copy	30.0	1.0	5.0	0.3	0.15	0.6	0	12	7	19	1276853	
genome_759	759	75	9	7375009	set_C_clean	GB_GCA_041660785.1	Patescibacteriota	Bacteria	d__Bacteria;p__Patescibacteriota;c__Microgenomatia;o__UBA1406;f__GWC2-37-13;g__GWC2-37-13;s__GWC2-37-13 sp041660785	test	1095699	1095699	531384	RS_GCF_949281615.1;RS_GCF_025144995.1;GB_GCA_036671815.1	Pseudomonadota;Bacteroidota;Bacillota	5053982;2857445;2470176	test	3	3	3	59.621671	100.0	60.336299	48.497261	high	10-50	100000-500000	5000	0.8-1.2	random_per_contaminant_copy	30.0	1.0	5.0	0.3	0.15	0.6	0	1	5	6	1627083	
genome_760	760	76	0	7376000	set_C_clean	GB_GCA_041661005.1	Patescibacteriota	Bacteria	d__Bacteria;p__Patescibacteriota;c__Minisyncoccia;o__UBA9973;f__UBA9973;g__UBA9973;s__UBA9973 sp041661005	test	932948	932948	260010	RS_GCF_001019495.2;RS_GCF_000609585.1;RS_GCF_002907345.1;RS_GCF_000558685.1	Bacillota;Bacillota;Bacillota;Bacillota	2889330;2785123;1262093;2902166	test	4	4	4	72.218271	100.0	27.869781	27.86972	medium	50-200	20000-100000	2000	0.8-1.2	random_per_contaminant_copy	30.0	1.0	5.0	0.3	0.15	0.6	0	1	4	5	1192958	
genome_761	761	76	1	7376001	set_C_clean	GB_GCA_041661005.1	Patescibacteriota	Bacteria	d__Bacteria;p__Patescibacteriota;c__Minisyncoccia;o__UBA9973;f__UBA9973;g__UBA9973;s__UBA9973 sp041661005	test	932948	932948	802682	GB_GCA_958451535.1	Bacillota	3413475	test	1	1	1	95.021083	100.0	86.0372	86.037164	low	200-500	5000-20000	1000	0.8-1.2	random_per_contaminant_copy	30.0	1.0	5.0	0.3	0.15	0.6	0	8	25	33	1735630	
genome_762	762	76	2	7376002	set_C_clean	GB_GCA_041661005.1	Patescibacteriota	Bacteria	d__Bacteria;p__Patescibacteriota;c__Minisyncoccia;o__UBA9973;f__UBA9973;g__UBA9973;s__UBA9973 sp041661005	test	932948	932948	240710	RS_GCF_018118585.1;RS_GCF_018419415.1;RS_GCF_008368715.1	Bacillota;Bacillota;Pseudomonadota	3450610;2121347;2793747	test	3	3	3	54.932834	100.0	25.801059	25.801009	high	10-50	100000-500000	5000	0.8-1.2	random_per_contaminant_copy	30.0	1.0	5.0	0.3	0.15	0.6	0	1	5	6	1173658	
genome_763	763	76	3	7376003	set_C_clean	GB_GCA_041661005.1	Patescibacteriota	Bacteria	d__Bacteria;p__Patescibacteriota;c__Minisyncoccia;o__UBA9973;f__UBA9973;g__UBA9973;s__UBA9973 sp041661005	test	932948	515278	0	GB_GCA_000232645.2;RS_GCF_002267775.1;RS_GCF_036867355.1	Bacillota;Bacillota;Bacillota	2147028;2842093;1967916	test	3	3	3	91.912209	55.23116	0.008169	0.0	medium	50-200	20000-100000	2000	0.8-1.2	random_per_contaminant_copy	30.0	1.0	5.0	0.3	0.15	0.6	0	3	0	3	515278	
genome_764	764	76	4	7376004	set_C_clean	GB_GCA_041661005.1	Patescibacteriota	Bacteria	d__Bacteria;p__Patescibacteriota;c__Minisyncoccia;o__UBA9973;f__UBA9973;g__UBA9973;s__UBA9973 sp041661005	test	932948	539474	539474	GB_GCA_937935085.1;RS_GCF_000591515.1;RS_GCF_902480545.1	Pseudomonadota;Pseudomonadota;Actinomycetota	2747012;5213752;2017891	test	3	3	3	56.606834	57.824659	76.95719	57.824659	highly_fragmented	500-2000	1000-5000	500	0.8-1.2	random_per_contaminant_copy	30.0	1.0	5.0	0.3	0.15	0.6	0	11	22	33	1078948	
genome_765	765	76	5	7376005	set_C_clean	GB_GCA_041661005.1	Patescibacteriota	Bacteria	d__Bacteria;p__Patescibacteriota;c__Minisyncoccia;o__UBA9973;f__UBA9973;g__UBA9973;s__UBA9973 sp041661005	test	932948	510510	133345	RS_GCF_009847555.1;GB_GCA_041022235.1;RS_GCF_008728435.1;RS_GCF_948275365.1;GB_GCA_900466965.1	Bacillota;Pseudomonadota;Actinomycetota;Bacillota;Pseudomonadota	1757527;4879521;2494216;2587409;5522308	test	5	5	5	54.461992	54.720092	14.292972	14.292865	low	200-500	5000-20000	1000	0.8-1.2	random_per_contaminant_copy	30.0	1.0	5.0	0.3	0.15	0.6	0	1	2	3	643855	
genome_766	766	76	6	7376006	set_C_clean	GB_GCA_041661005.1	Patescibacteriota	Bacteria	d__Bacteria;p__Patescibacteriota;c__Minisyncoccia;o__UBA9973;f__UBA9973;g__UBA9973;s__UBA9973 sp041661005	test	932948	819141	271569	RS_GCF_040320765.1;RS_GCF_001089065.1	Pseudomonadota;Pseudomonadota	6920737;4930154	test	2	2	2	88.79796	87.801357	29.108707	29.108696	highly_fragmented	500-2000	1000-5000	500	0.8-1.2	random_per_contaminant_copy	30.0	1.0	5.0	0.3	0.15	0.6	0	9	6	15	1090710	
genome_767	767	76	7	7376007	set_C_clean	GB_GCA_041661005.1	Patescibacteriota	Bacteria	d__Bacteria;p__Patescibacteriota;c__Minisyncoccia;o__UBA9973;f__UBA9973;g__UBA9973;s__UBA9973 sp041661005	test	932948	932948	680756	RS_GCF_000525325.1;RS_GCF_014200305.1;RS_GCF_023652155.1	Bacillota;Actinomycetota;Actinomycetota	2938627;2703351;2389903	test	3	3	3	86.006599	100.0	72.968364	72.968268	high	10-50	100000-500000	5000	0.8-1.2	random_per_contaminant_copy	30.0	1.0	5.0	0.3	0.15	0.6	0	1	4	5	1613704	
genome_768	768	76	8	7376008	set_C_clean	GB_GCA_041661005.1	Patescibacteriota	Bacteria	d__Bacteria;p__Patescibacteriota;c__Minisyncoccia;o__UBA9973;f__UBA9973;g__UBA9973;s__UBA9973 sp041661005	test	932948	932948	761966	RS_GCF_900083475.1;RS_GCF_018986575.1	Bacillota;Bacillota	2742196;2588690	test	2	2	2	93.366431	100.0	81.673	81.672934	medium	50-200	20000-100000	2000	0.8-1.2	random_per_contaminant_copy	30.0	1.0	5.0	0.3	0.15	0.6	0	7	21	28	1694914	
genome_769	769	76	9	7376009	set_C_clean	GB_GCA_041661005.1	Patescibacteriota	Bacteria	d__Bacteria;p__Patescibacteriota;c__Minisyncoccia;o__UBA9973;f__UBA9973;g__UBA9973;s__UBA9973 sp041661005	test	932948	801558	442229	GB_GCA_025542055.1	Bacillota	2610460	test	1	1	1	86.202305	85.916686	47.401347	47.401249	highly_fragmented	500-2000	1000-5000	500	0.8-1.2	random_per_contaminant_copy	30.0	1.0	5.0	0.3	0.15	0.6	0	15	2	17	1243787	
genome_770	770	77	0	7377000	set_C_clean	GB_GCA_041661105.1	Patescibacteriota	Bacteria	d__Bacteria;p__Patescibacteriota;c__Patescibacteriia;o__2-12-FULL-60-25;f__2-12-FULL-60-25;g__MWCR01;s__MWCR01 sp041661105	test	1368504	1368504	655033	GB_GCA_944380915.1;GB_GCA_949551485.1;RS_GCF_033898645.1;RS_GCF_002942385.1;RS_GCF_016918665.1	Bacillota;Verrucomicrobiota;Pseudomonadota;Pseudomonadota;Bacillota	2405915;2716185;5242516;4552734;3071700	test	5	5	5	52.48521	100.0	47.864937	47.864895	medium	50-200	20000-100000	2000	0.8-1.2	random_per_contaminant_copy	30.0	1.0	5.0	0.3	0.15	0.6	0	3	14	17	2023537	
genome_771	771	77	1	7377001	set_C_clean	GB_GCA_041661105.1	Patescibacteriota	Bacteria	d__Bacteria;p__Patescibacteriota;c__Patescibacteriia;o__2-12-FULL-60-25;f__2-12-FULL-60-25;g__MWCR01;s__MWCR01 sp041661105	test	1368504	1149812	854019	RS_GCF_016804825.1	Bacillota	2588554	test	1	1	1	93.188102	84.01963	62.405299	62.405298	low	200-500	5000-20000	1000	0.8-1.2	random_per_contaminant_copy	30.0	1.0	5.0	0.3	0.15	0.6	0	12	1	13	2003831	
genome_772	772	77	2	7377002	set_C_clean	GB_GCA_041661105.1	Patescibacteriota	Bacteria	d__Bacteria;p__Patescibacteriota;c__Patescibacteriia;o__2-12-FULL-60-25;f__2-12-FULL-60-25;g__MWCR01;s__MWCR01 sp041661105	test	1368504	1194380	1165997	GB_GCA_944325955.1	Campylobacterota	1827308	test	1	1	1	68.299811	87.276325	85.202355	85.202309	high	10-50	100000-500000	5000	0.8-1.2	random_per_contaminant_copy	30.0	1.0	5.0	0.3	0.15	0.6	0	2	311	313	2360377	
genome_773	773	77	3	7377003	set_C_clean	GB_GCA_041661105.1	Patescibacteriota	Bacteria	d__Bacteria;p__Patescibacteriota;c__Patescibacteriia;o__2-12-FULL-60-25;f__2-12-FULL-60-25;g__MWCR01;s__MWCR01 sp041661105	test	1368504	1054110	990367	RS_GCF_001492575.1;GB_GCA_900635495.1;RS_GCF_003130795.1;RS_GCF_001426995.1	Campylobacterota;Pseudomonadota;Pseudomonadota;Actinomycetota	1659947;4553773;6776313;3544260	test	4	4	4	74.70089	77.026446	94.647361	72.368586	medium	50-200	20000-100000	2000	0.8-1.2	random_per_contaminant_copy	30.0	1.0	5.0	0.3	0.15	0.6	0	3	29	32	2044477	
genome_774	774	77	4	7377004	set_C_clean	GB_GCA_041661105.1	Patescibacteriota	Bacteria	d__Bacteria;p__Patescibacteriota;c__Patescibacteriia;o__2-12-FULL-60-25;f__2-12-FULL-60-25;g__MWCR01;s__MWCR01 sp041661105	test	1368504	1368504	420188	RS_GCF_000986825.1;GB_GCA_900457355.1	Actinomycetota;Bacillota	3990351;2954223	test	2	2	2	74.753275	100.0	30.704228	30.704185	high	10-50	100000-500000	5000	0.8-1.2	random_per_contaminant_copy	30.0	1.0	5.0	0.3	0.15	0.6	0	1	1	2	1788692	
genome_775	775	77	5	7377005	set_C_clean	GB_GCA_041661105.1	Patescibacteriota	Bacteria	d__Bacteria;p__Patescibacteriota;c__Patescibacteriia;o__2-12-FULL-60-25;f__2-12-FULL-60-25;g__MWCR01;s__MWCR01 sp041661105	test	1368504	1368504	5595	RS_GCF_949080525.1	Bacteroidota	2604634	test	1	1	1	53.803742	100.0	4.732861	0.408841	medium	50-200	20000-100000	2000	0.8-1.2	random_per_contaminant_copy	30.0	1.0	5.0	0.3	0.15	0.6	0	1	1	2	1374099	
genome_776	776	77	6	7377006	set_C_clean	GB_GCA_041661105.1	Patescibacteriota	Bacteria	d__Bacteria;p__Patescibacteriota;c__Patescibacteriia;o__2-12-FULL-60-25;f__2-12-FULL-60-25;g__MWCR01;s__MWCR01 sp041661105	test	1368504	983663	930820	RS_GCF_017166365.1;RS_GCF_007845945.1;RS_GCF_034188255.1;RS_GCF_036232405.1;RS_GCF_025264665.1	Pseudomonadota;Campylobacterota;Bacillota;Pseudomonadota;Acidobacteriota	3995688;1656478;4207698;6951289;4445627	test	5	5	5	97.351431	71.878708	68.017376	68.017339	highly_fragmented	500-2000	1000-5000	500	0.8-1.2	random_per_contaminant_copy	30.0	1.0	5.0	0.3	0.15	0.6	0	19	3	22	1914483	
genome_777	777	77	7	7377007	set_C_clean	GB_GCA_041661105.1	Patescibacteriota	Bacteria	d__Bacteria;p__Patescibacteriota;c__Patescibacteriia;o__2-12-FULL-60-25;f__2-12-FULL-60-25;g__MWCR01;s__MWCR01 sp041661105	test	1368504	931882	643254	GB_GCA_016758615.1	Bacillota	5355203	test	1	1	1	72.179009	68.094942	94.223212	47.004174	medium	50-200	20000-100000	2000	0.8-1.2	random_per_contaminant_copy	30.0	1.0	5.0	0.3	0.15	0.6	0	1	1	2	1575136	
genome_778	778	77	8	7377008	set_C_clean	GB_GCA_041661105.1	Patescibacteriota	Bacteria	d__Bacteria;p__Patescibacteriota;c__Patescibacteriia;o__2-12-FULL-60-25;f__2-12-FULL-60-25;g__MWCR01;s__MWCR01 sp041661105	test	1368504	1113760	1113760	RS_GCF_006439745.1	Campylobacterota	1588593	test	1	1	1	93.317487	81.385221	85.040823	81.385221	highly_fragmented	500-2000	1000-5000	500	0.8-1.2	random_per_contaminant_copy	30.0	1.0	5.0	0.3	0.15	0.6	0	90	8	98	2227520	
genome_779	779	77	9	7377009	set_C_clean	GB_GCA_041661105.1	Patescibacteriota	Bacteria	d__Bacteria;p__Patescibacteriota;c__Patescibacteriia;o__2-12-FULL-60-25;f__2-12-FULL-60-25;g__MWCR01;s__MWCR01 sp041661105	test	1368504	1255148	1125841	RS_GCF_022024095.1;RS_GCF_028202875.1;GB_GCA_949122655.1	Bacteroidota;Actinomycetota;Bacteroidota	3470215;1917362;2544076	test	3	3	3	88.294855	91.716794	82.268033	82.268009	medium	50-200	20000-100000	2000	0.8-1.2	random_per_contaminant_copy	30.0	1.0	5.0	0.3	0.15	0.6	0	2	117	119	2380989	
genome_780	780	78	0	7378000	set_C_clean	GB_GCA_041674105.1	Patescibacteriota	Bacteria	d__Bacteria;p__Patescibacteriota;c__Minisyncoccia;o__UBA9973;f__DATDWN01;g__JBAYWK01;s__JBAYWK01 sp041674105	test	591453	333868	31341	RS_GCF_002527815.1	Bacillota	2999974	test	1	1	1	79.827526	56.44878	6.808502	5.298984	low	200-500	5000-20000	1000	0.8-1.2	random_per_contaminant_copy	30.0	1.0	5.0	0.3	0.15	0.6	0	2	1	3	365209	
genome_781	781	78	1	7378001	set_C_clean	GB_GCA_041674105.1	Patescibacteriota	Bacteria	d__Bacteria;p__Patescibacteriota;c__Minisyncoccia;o__UBA9973;f__DATDWN01;g__JBAYWK01;s__JBAYWK01 sp041674105	test	591453	372972	216313	RS_GCF_036441115.1;RS_GCF_032067795.1;RS_GCF_962708255.1;RS_GCF_000600225.1	Pseudomonadota;Bacillota;Pseudomonadota;Campylobacterota	4623709;3187268;2017235;1634875	test	4	4	4	75.217921	63.060294	36.573178	36.573151	low	200-500	5000-20000	1000	0.8-1.2	random_per_contaminant_copy	30.0	1.0	5.0	0.3	0.15	0.6	0	3	1	4	589285	
genome_782	782	78	2	7378002	set_C_clean	GB_GCA_041674105.1	Patescibacteriota	Bacteria	d__Bacteria;p__Patescibacteriota;c__Minisyncoccia;o__UBA9973;f__DATDWN01;g__JBAYWK01;s__JBAYWK01 sp041674105	test	591453	423290	335791	RS_GCF_030186985.2;GB_GCA_002305165.1;RS_GCF_001402415.1;RS_GCF_007035805.1	Pseudomonadota;Armatimonadota;Pseudomonadota;Pseudomonadota	6523549;4127996;3888413;4768325	test	4	4	4	79.92894	71.567817	56.773925	56.773911	medium	50-200	20000-100000	2000	0.8-1.2	random_per_contaminant_copy	30.0	1.0	5.0	0.3	0.15	0.6	0	5	2	7	759081	
genome_783	783	78	3	7378003	set_C_clean	GB_GCA_041674105.1	Patescibacteriota	Bacteria	d__Bacteria;p__Patescibacteriota;c__Minisyncoccia;o__UBA9973;f__DATDWN01;g__JBAYWK01;s__JBAYWK01 sp041674105	test	591453	591453	557731	GB_GCA_027659285.1;RS_GCF_025232515.1;RS_GCF_017308795.1;RS_GCF_021328435.1	Bacillota;Campylobacterota;Bacillota;Bacillota	2764498;1673913;3079938;2887912	test	4	4	4	52.726071	100.0	94.29861	94.298448	low	200-500	5000-20000	1000	0.8-1.2	random_per_contaminant_copy	30.0	1.0	5.0	0.3	0.15	0.6	0	1	3	4	1149184	
genome_784	784	78	4	7378004	set_C_clean	GB_GCA_041674105.1	Patescibacteriota	Bacteria	d__Bacteria;p__Patescibacteriota;c__Minisyncoccia;o__UBA9973;f__DATDWN01;g__JBAYWK01;s__JBAYWK01 sp041674105	test	591453	487550	466032	RS_GCF_030323845.1;RS_GCF_001192995.1;GB_GCA_963640285.1;RS_GCF_946848805.1;RS_GCF_900597325.1	Methanobacteriota;Bacillota;Bacillota;Deinococcota;Pseudomonadota	1983764;2141209;2201168;2697398;7047030	test	5	5	5	80.411138	82.432586	90.100511	78.794427	low	200-500	5000-20000	1000	0.8-1.2	random_per_contaminant_copy	30.0	1.0	5.0	0.3	0.15	0.6	0	5	32	37	953582	
genome_785	785	78	5	7378005	set_C_clean	GB_GCA_041674105.1	Patescibacteriota	Bacteria	d__Bacteria;p__Patescibacteriota;c__Minisyncoccia;o__UBA9973;f__DATDWN01;g__JBAYWK01;s__JBAYWK01 sp041674105	test	591453	591453	447191	GB_GCA_027944255.1;RS_GCF_041860165.1;RS_GCF_014904745.1;GB_GCA_902494075.1	Bacillota;Pseudomonadota;Pseudomonadota;Bacillota	2760243;5085062;4933581;2482422	test	4	4	4	90.121393	100.0	75.60904	75.608882	medium	50-200	20000-100000	2000	0.8-1.2	random_per_contaminant_copy	30.0	1.0	5.0	0.3	0.15	0.6	0	3	2	5	1038644	
genome_786	786	78	6	7378006	set_C_clean	GB_GCA_041674105.1	Patescibacteriota	Bacteria	d__Bacteria;p__Patescibacteriota;c__Minisyncoccia;o__UBA9973;f__DATDWN01;g__JBAYWK01;s__JBAYWK01 sp041674105	test	591453	339718	172256	RS_GCF_021367155.1;RS_GCF_000378645.1	Bacillota;Actinomycetota	2495438;5795920	test	2	2	2	59.885833	57.437869	98.048364	29.124208	highly_fragmented	500-2000	1000-5000	500	0.8-1.2	random_per_contaminant_copy	30.0	1.0	5.0	0.3	0.15	0.6	0	19	3	22	511974	
genome_787	787	78	7	7378007	set_C_clean	GB_GCA_041674105.1	Patescibacteriota	Bacteria	d__Bacteria;p__Patescibacteriota;c__Minisyncoccia;o__UBA9973;f__DATDWN01;g__JBAYWK01;s__JBAYWK01 sp041674105	test	591453	302547	302547	GB_GCA_025993285.1;RS_GCF_040245265.1;RS_GCF_001517385.1	Verrucomicrobiota;Bacteroidota;Pseudomonadota	2777738;7085205;4170676	test	3	3	3	51.217591	51.153177	53.000067	51.153177	highly_fragmented	500-2000	1000-5000	500	0.8-1.2	random_per_contaminant_copy	30.0	1.0	5.0	0.3	0.15	0.6	0	19	8	27	605094	
genome_788	788	78	8	7378008	set_C_clean	GB_GCA_041674105.1	Patescibacteriota	Bacteria	d__Bacteria;p__Patescibacteriota;c__Minisyncoccia;o__UBA9973;f__DATDWN01;g__JBAYWK01;s__JBAYWK01 sp041674105	test	591453	552276	354885	GB_GCA_003932755.1;RS_GCF_005384725.1;GB_GCA_946553155.1;RS_GCF_025559125.1	Pseudomonadota;Pseudomonadota;Chrysiogenota;Bacillota	5056496;5066947;2148457;2855157	test	4	4	4	93.664793	93.376143	60.002322	60.002232	highly_fragmented	500-2000	1000-5000	500	0.8-1.2	random_per_contaminant_copy	30.0	1.0	5.0	0.3	0.15	0.6	0	20	4	24	907161	
genome_789	789	78	9	7378009	set_C_clean	GB_GCA_041674105.1	Patescibacteriota	Bacteria	d__Bacteria;p__Patescibacteriota;c__Minisyncoccia;o__UBA9973;f__DATDWN01;g__JBAYWK01;s__JBAYWK01 sp041674105	test	591453	591453	332655	RS_GCF_031576415.1;RS_GCF_003310175.1;RS_GCF_036220265.1;RS_GCF_036621015.1	Pseudomonadota;Bacillota;Bacillota;Bacillota	6431760;2857869;4577321;5444530	test	4	4	4	76.412412	100.0	56.243848	56.243691	high	10-50	100000-500000	5000	0.8-1.2	random_per_contaminant_copy	30.0	1.0	5.0	0.3	0.15	0.6	0	1	1	2	924108	
genome_790	790	79	0	7379000	set_C_clean	GB_GCA_041742395.1	Patescibacteriota	Bacteria	d__Bacteria;p__Patescibacteriota;c__Saccharimonadia;o__Saccharimonadales;f__JACQNP01;g__JAGQNP01;s__JAGQNP01 sp041742395	test	1098858	823812	80297	GB_GCA_948556295.1	Chrysiogenota	2430628	test	1	1	1	75.590856	74.969832	8.745722	7.307314	highly_fragmented	500-2000	1000-5000	500	0.8-1.2	random_per_contaminant_copy	30.0	1.0	5.0	0.3	0.15	0.6	0	19	2	21	904109	
genome_791	791	79	1	7379001	set_C_clean	GB_GCA_041742395.1	Patescibacteriota	Bacteria	d__Bacteria;p__Patescibacteriota;c__Saccharimonadia;o__Saccharimonadales;f__JACQNP01;g__JAGQNP01;s__JAGQNP01 sp041742395	test	1098858	755616	755616	RS_GCF_032144035.1;RS_GCF_024723375.2;RS_GCF_001490315.1;RS_GCF_014103835.1;RS_GCF_019204025.1	Pseudomonadota;Bacillota;Campylobacterota;Pseudomonadota;Pseudomonadota	8260397;2772454;1719828;5460290;3153164	test	5	5	5	84.174862	68.763753	89.267318	68.763753	low	200-500	5000-20000	1000	0.8-1.2	random_per_contaminant_copy	30.0	1.0	5.0	0.3	0.15	0.6	0	13	1	14	1511232	
genome_792	792	79	2	7379002	set_C_clean	GB_GCA_041742395.1	Patescibacteriota	Bacteria	d__Bacteria;p__Patescibacteriota;c__Saccharimonadia;o__Saccharimonadales;f__JACQNP01;g__JAGQNP01;s__JAGQNP01 sp041742395	test	1098858	1098858	293105	GB_GCA_002711125.1;RS_GCF_036670185.1;GB_GCA_037134935.1;RS_GCF_022495955.1;RS_GCF_000476655.1	Bacteroidota;Bacillota;Bacteroidota_A;Campylobacterota;Campylobacterota	1691798;1771010;2225981;1587197;1638342	test	5	5	5	88.801128	100.0	26.673667	26.673601	medium	50-200	20000-100000	2000	0.8-1.2	random_per_contaminant_copy	30.0	1.0	5.0	0.3	0.15	0.6	0	2	3	5	1391963	
genome_793	793	79	3	7379003	set_C_clean	GB_GCA_041742395.1	Patescibacteriota	Bacteria	d__Bacteria;p__Patescibacteriota;c__Saccharimonadia;o__Saccharimonadales;f__JACQNP01;g__JAGQNP01;s__JAGQNP01 sp041742395	test	1098858	1098858	300657	RS_GCF_024124905.1;RS_GCF_000705075.1;RS_GCF_000014605.1	Actinomycetota;Bacillota;Pseudomonadota	4672389;2417500;1895727	test	3	3	3	76.87663	100.0	27.51501	27.36086	medium	50-200	20000-100000	2000	0.8-1.2	random_per_contaminant_copy	30.0	1.0	5.0	0.3	0.15	0.6	0	1	6	7	1399515	
genome_794	794	79	4	7379004	set_C_clean	GB_GCA_041742395.1	Patescibacteriota	Bacteria	d__Bacteria;p__Patescibacteriota;c__Saccharimonadia;o__Saccharimonadales;f__JACQNP01;g__JAGQNP01;s__JAGQNP01 sp041742395	test	1098858	1001480	609477	RS_GCF_900149565.1;GB_GCA_029248525.1	Chlamydiota;Desulfobacterota_B	1107636;4277041	test	2	2	2	91.190198	91.138254	55.464653	55.464582	low	200-500	5000-20000	1000	0.8-1.2	random_per_contaminant_copy	30.0	1.0	5.0	0.3	0.15	0.6	0	9	2	11	1610957	
genome_795	795	79	5	7379005	set_C_clean	GB_GCA_041742395.1	Patescibacteriota	Bacteria	d__Bacteria;p__Patescibacteriota;c__Saccharimonadia;o__Saccharimonadales;f__JACQNP01;g__JAGQNP01;s__JAGQNP01 sp041742395	test	1098858	923401	843223	GB_GCA_958403975.1;RS_GCF_026151605.1;GB_GCA_029007335.1;RS_GCF_030441295.1;RS_GCF_003546185.1	Bacillota;Spirochaetota;Bacillota;Campylobacterota;Pseudomonadota	2450297;4103955;1185370;2175591;4983728	test	5	5	5	78.052021	84.032787	76.775859	76.736303	low	200-500	5000-20000	1000	0.8-1.2	random_per_contaminant_copy	30.0	1.0	5.0	0.3	0.15	0.6	0	4	91	95	1766624	
genome_796	796	79	6	7379006	set_C_clean	GB_GCA_041742395.1	Patescibacteriota	Bacteria	d__Bacteria;p__Patescibacteriota;c__Saccharimonadia;o__Saccharimonadales;f__JACQNP01;g__JAGQNP01;s__JAGQNP01 sp041742395	test	1098858	1098858	266225	RS_GCF_009806695.1	Bacillota	5227450	test	1	1	1	75.233458	100.0	24.227451	24.227425	medium	50-200	20000-100000	2000	0.8-1.2	random_per_contaminant_copy	30.0	1.0	5.0	0.3	0.15	0.6	0	2	1	3	1365083	
genome_797	797	79	7	7379007	set_C_clean	GB_GCA_041742395.1	Patescibacteriota	Bacteria	d__Bacteria;p__Patescibacteriota;c__Saccharimonadia;o__Saccharimonadales;f__JACQNP01;g__JAGQNP01;s__JAGQNP01 sp041742395	test	1098858	907517	843024	RS_GCF_018108925.1;GB_GCA_947086795.1;RS_GCF_016455265.1;RS_GCF_000298475.2	Pseudomonadota;Bacteroidota;Bacillota;Chlamydiota	5528171;2374259;2612059;1148342	test	4	4	4	92.144455	82.587286	76.718271	76.718193	highly_fragmented	500-2000	1000-5000	500	0.8-1.2	random_per_contaminant_copy	30.0	1.0	5.0	0.3	0.15	0.6	0	64	7	71	1750541	
genome_798	798	79	8	7379008	set_C_clean	GB_GCA_041742395.1	Patescibacteriota	Bacteria	d__Bacteria;p__Patescibacteriota;c__Saccharimonadia;o__Saccharimonadales;f__JACQNP01;g__JAGQNP01;s__JAGQNP01 sp041742395	test	1098858	722306	120774	GB_GCA_017303695.1	Bacteroidota	2570918	test	1	1	1	66.558593	65.732424	10.990899	10.990865	highly_fragmented	500-2000	1000-5000	500	0.8-1.2	random_per_contaminant_copy	30.0	1.0	5.0	0.3	0.15	0.6	0	25	3	28	843080	
genome_799	799	79	9	7379009	set_C_clean	GB_GCA_041742395.1	Patescibacteriota	Bacteria	d__Bacteria;p__Patescibacteriota;c__Saccharimonadia;o__Saccharimonadales;f__JACQNP01;g__JAGQNP01;s__JAGQNP01 sp041742395	test	1098858	563651	262945	RS_GCF_015101695.1;RS_GCF_013177915.1;RS_GCF_017280215.1;RS_GCF_014646075.1	Bacillota;Halobacteriota;Bacillota;Actinomycetota	2814465;1832060;2863349;5359807	test	4	4	4	52.070314	51.294253	23.928939	23.928933	medium	50-200	20000-100000	2000	0.8-1.2	random_per_contaminant_copy	30.0	1.0	5.0	0.3	0.15	0.6	0	3	21	24	826596	
genome_800	800	80	0	7380000	set_C_clean	GB_GCA_903829335.1	Patescibacteriota	Bacteria	d__Bacteria;p__Patescibacteriota;c__Saccharimonadia;o__Saccharimonadales;f__UBA4665;g__CAIYEO01;s__CAIYEO01 sp903840315	test	741305	741305	328621	GB_GCA_039940615.1;RS_GCF_001117125.1;RS_GCF_036866155.1	Pseudomonadota;Pseudomonadota;Pseudomonadota	2902131;4931854;4656322	test	3	3	3	81.337994	100.0	44.330148	44.330067	medium	50-200	20000-100000	2000	0.8-1.2	random_per_contaminant_copy	30.0	1.0	5.0	0.3	0.15	0.6	0	1	1	2	1069926	
genome_801	801	80	1	7380001	set_C_clean	GB_GCA_903829335.1	Patescibacteriota	Bacteria	d__Bacteria;p__Patescibacteriota;c__Saccharimonadia;o__Saccharimonadales;f__UBA4665;g__CAIYEO01;s__CAIYEO01 sp903840315	test	741305	608799	175921	GB_GCA_947369685.1;RS_GCF_948852935.1;GB_GCA_016766715.1	Actinomycetota;Bacteroidota;Verrucomicrobiota	1980229;2759315;917845	test	3	3	3	82.533581	82.125306	25.247683	23.731258	highly_fragmented	500-2000	1000-5000	500	0.8-1.2	random_per_contaminant_copy	30.0	1.0	5.0	0.3	0.15	0.6	0	38	6	44	784720	
genome_802	802	80	2	7380002	set_C_clean	GB_GCA_903829335.1	Patescibacteriota	Bacteria	d__Bacteria;p__Patescibacteriota;c__Saccharimonadia;o__Saccharimonadales;f__UBA4665;g__CAIYEO01;s__CAIYEO01 sp903840315	test	741305	702986	183589	RS_GCF_949769285.1;RS_GCF_020139635.1	Bacillota;Bacillota	1946085;2003472	test	2	2	2	95.150843	94.830873	24.76574	24.76565	highly_fragmented	500-2000	1000-5000	500	0.8-1.2	random_per_contaminant_copy	30.0	1.0	5.0	0.3	0.15	0.6	0	6	3	9	886575	
genome_803	803	80	3	7380003	set_C_clean	GB_GCA_903829335.1	Patescibacteriota	Bacteria	d__Bacteria;p__Patescibacteriota;c__Saccharimonadia;o__Saccharimonadales;f__UBA4665;g__CAIYEO01;s__CAIYEO01 sp903840315	test	741305	618711	339414	RS_GCF_001234785.1	Bacillota	2847503	test	1	1	1	87.047775	83.462408	45.786078	45.786013	medium	50-200	20000-100000	2000	0.8-1.2	random_per_contaminant_copy	30.0	1.0	5.0	0.3	0.15	0.6	0	2	74	76	958125	
genome_804	804	80	4	7380004	set_C_clean	GB_GCA_903829335.1	Patescibacteriota	Bacteria	d__Bacteria;p__Patescibacteriota;c__Saccharimonadia;o__Saccharimonadales;f__UBA4665;g__CAIYEO01;s__CAIYEO01 sp903840315	test	741305	700701	16061	GB_GCA_948913975.1;RS_GCF_002914185.1;RS_GCF_039839375.1;GB_GCA_000008885.1	Verrucomicrobiota;Campylobacterota;Pseudomonadota;Pseudomonadota	2806421;1938069;4247235;703004	test	4	4	4	91.285539	94.522632	2.166695	2.166585	medium	50-200	20000-100000	2000	0.8-1.2	random_per_contaminant_copy	30.0	1.0	5.0	0.3	0.15	0.6	0	1	1	2	716762	
genome_805	805	80	5	7380005	set_C_clean	GB_GCA_903829335.1	Patescibacteriota	Bacteria	d__Bacteria;p__Patescibacteriota;c__Saccharimonadia;o__Saccharimonadales;f__UBA4665;g__CAIYEO01;s__CAIYEO01 sp903840315	test	741305	741305	362932	RS_GCF_016862735.1;RS_GCF_034030455.1;RS_GCF_000605445.1;RS_GCF_040763745.1	Actinomycetota;Bacillota;Bacillota;Actinomycetota	4142381;2944074;2906828;2317590	test	4	4	4	81.115256	100.0	48.958612	48.958526	low	200-500	5000-20000	1000	0.8-1.2	random_per_contaminant_copy	30.0	1.0	5.0	0.3	0.15	0.6	0	2	1	3	1104237	
genome_806	806	80	6	7380006	set_C_clean	GB_GCA_903829335.1	Patescibacteriota	Bacteria	d__Bacteria;p__Patescibacteriota;c__Saccharimonadia;o__Saccharimonadales;f__UBA4665;g__CAIYEO01;s__CAIYEO01 sp903840315	test	741305	509485	254507	RS_GCF_000813285.1	Spirochaetota	1137653	test	1	1	1	78.229619	68.728121	34.332341	34.332292	low	200-500	5000-20000	1000	0.8-1.2	random_per_contaminant_copy	30.0	1.0	5.0	0.3	0.15	0.6	0	4	1	5	763992	
genome_807	807	80	7	7380007	set_C_clean	GB_GCA_903829335.1	Patescibacteriota	Bacteria	d__Bacteria;p__Patescibacteriota;c__Saccharimonadia;o__Saccharimonadales;f__UBA4665;g__CAIYEO01;s__CAIYEO01 sp903840315	test	741305	392939	392939	RS_GCF_009755355.1;RS_GCF_010231195.1;RS_GCF_943908105.1	Deinococcota;Verrucomicrobiota;Bacteroidota_A	4730035;2844808;3809717	test	3	3	3	51.793507	53.006387	97.890722	53.006387	low	200-500	5000-20000	1000	0.8-1.2	random_per_contaminant_copy	30.0	1.0	5.0	0.3	0.15	0.6	0	1	41	42	785878	
genome_808	808	80	8	7380008	set_C_clean	GB_GCA_903829335.1	Patescibacteriota	Bacteria	d__Bacteria;p__Patescibacteriota;c__Saccharimonadia;o__Saccharimonadales;f__UBA4665;g__CAIYEO01;s__CAIYEO01 sp903840315	test	741305	491879	491878	GB_GCA_021633475.1;RS_GCF_040915345.1;RS_GCF_023503405.1	Bacteroidota;Actinomycetota;Campylobacterota	2806738;2540783;1657071	test	3	3	3	74.908992	66.353121	87.79359	66.352986	low	200-500	5000-20000	1000	0.8-1.2	random_per_contaminant_copy	30.0	1.0	5.0	0.3	0.15	0.6	0	2	9	11	983757	
genome_809	809	80	9	7380009	set_C_clean	GB_GCA_903829335.1	Patescibacteriota	Bacteria	d__Bacteria;p__Patescibacteriota;c__Saccharimonadia;o__Saccharimonadales;f__UBA4665;g__CAIYEO01;s__CAIYEO01 sp903840315	test	741305	741305	123939	GB_GCA_903832745.1;GB_GCA_948768995.1;GB_GCA_024640985.1;RS_GCF_021409465.1;RS_GCF_037911875.1	Bacteroidota_A;Bacteroidota;Pseudomonadota;Bacteroidota;Fusobacteriota	4192342;2685459;1632272;4281266;2413802	test	5	5	5	82.425709	100.0	16.719126	16.719029	medium	50-200	20000-100000	2000	0.8-1.2	random_per_contaminant_copy	30.0	1.0	5.0	0.3	0.15	0.6	0	1	4	5	865244	
genome_810	810	81	0	7381000	set_C_clean	GB_GCA_903831805.1	Patescibacteriota	Bacteria	d__Bacteria;p__Patescibacteriota;c__Minisyncoccia;o__Moranbacterales;f__UBA2206;g__CAIKZD01;s__CAIKZD01 sp903831805	test	1035243	578633	578633	RS_GCF_002273085.1;RS_GCF_018421225.1;RS_GCF_000699625.1;RS_GCF_900054775.2	Bacillota;Pseudomonadota;Pseudomonadota;Bacillota	2810766;5048741;4751271;2115093	test	4	4	4	56.110683	55.893447	89.494478	55.893447	highly_fragmented	500-2000	1000-5000	500	0.8-1.2	random_per_contaminant_copy	30.0	1.0	5.0	0.3	0.15	0.6	0	80	28	108	1157266	
genome_811	811	81	1	7381001	set_C_clean	GB_GCA_903831805.1	Patescibacteriota	Bacteria	d__Bacteria;p__Patescibacteriota;c__Minisyncoccia;o__Moranbacterales;f__UBA2206;g__CAIKZD01;s__CAIKZD01 sp903831805	test	1035243	829819	436933	GB_GCA_902800965.1;RS_GCF_023274315.1;RS_GCF_040929245.1;GB_GCA_947644075.1	Bacteroidota;Bacteroidota;Bacteroidota;Bacillota	2689609;5222967;5228397;2670746	test	4	4	4	80.161622	80.156929	44.443593	42.20584	highly_fragmented	500-2000	1000-5000	500	0.8-1.2	random_per_contaminant_copy	30.0	1.0	5.0	0.3	0.15	0.6	0	238	14	252	1266752	
genome_812	812	81	2	7381002	set_C_clean	GB_GCA_903831805.1	Patescibacteriota	Bacteria	d__Bacteria;p__Patescibacteriota;c__Minisyncoccia;o__Moranbacterales;f__UBA2206;g__CAIKZD01;s__CAIKZD01 sp903831805	test	1035243	828376	453238	RS_GCF_018148275.1;RS_GCF_022870185.1;RS_GCF_901472495.1	Pseudomonadota;Actinomycetota;Pseudomonadota	7953536;4387551;4558409	test	3	3	3	54.798559	80.017542	47.037416	43.780832	high	10-50	100000-500000	5000	0.8-1.2	random_per_contaminant_copy	30.0	1.0	5.0	0.3	0.15	0.6	0	1	17	18	1281614	
genome_813	813	81	3	7381003	set_C_clean	GB_GCA_903831805.1	Patescibacteriota	Bacteria	d__Bacteria;p__Patescibacteriota;c__Minisyncoccia;o__Moranbacterales;f__UBA2206;g__CAIKZD01;s__CAIKZD01 sp903831805	test	1035243	565433	551729	RS_GCF_947498295.1;RS_GCF_036918035.1	Pseudomonadota;Cyanobacteriota	5361704;8314888	test	2	2	2	56.300387	54.618384	77.820994	53.294637	highly_fragmented	500-2000	1000-5000	500	0.8-1.2	random_per_contaminant_copy	30.0	1.0	5.0	0.3	0.15	0.6	0	17	13	30	1117162	
genome_814	814	81	4	7381004	set_C_clean	GB_GCA_903831805.1	Patescibacteriota	Bacteria	d__Bacteria;p__Patescibacteriota;c__Minisyncoccia;o__Moranbacterales;f__UBA2206;g__CAIKZD01;s__CAIKZD01 sp903831805	test	1035243	885618	161923	RS_GCF_026622575.1;RS_GCF_900165105.1;RS_GCF_003352875.1;RS_GCF_040703085.1	Pseudomonadota;Bacillota;Pseudomonadota;Pseudomonadota	3853731;4210086;6313875;4053060	test	4	4	4	89.562361	85.546872	15.641128	15.641062	highly_fragmented	500-2000	1000-5000	500	0.8-1.2	random_per_contaminant_copy	30.0	1.0	5.0	0.3	0.15	0.6	0	16	1	17	1047541	
genome_815	815	81	5	7381005	set_C_clean	GB_GCA_903831805.1	Patescibacteriota	Bacteria	d__Bacteria;p__Patescibacteriota;c__Minisyncoccia;o__Moranbacterales;f__UBA2206;g__CAIKZD01;s__CAIKZD01 sp903831805	test	1035243	1018672	179446	GB_GCA_948997015.1;RS_GCF_027860875.1	Bacteroidota;Campylobacterota	2263092;1556887	test	2	2	2	85.860397	98.399313	46.059825	17.333708	low	200-500	5000-20000	1000	0.8-1.2	random_per_contaminant_copy	30.0	1.0	5.0	0.3	0.15	0.6	0	10	2	12	1198118	
genome_816	816	81	6	7381006	set_C_clean	GB_GCA_903831805.1	Patescibacteriota	Bacteria	d__Bacteria;p__Patescibacteriota;c__Minisyncoccia;o__Moranbacterales;f__UBA2206;g__CAIKZD01;s__CAIKZD01 sp903831805	test	1035243	1035243	952632	RS_GCF_026343535.1;RS_GCF_035113965.1	Actinomycetota;Chlamydiota	10137601;1115011	test	2	2	2	84.473133	100.0	98.312861	92.020134	medium	50-200	20000-100000	2000	0.8-1.2	random_per_contaminant_copy	30.0	1.0	5.0	0.3	0.15	0.6	0	2	52	54	1987875	
genome_817	817	81	7	7381007	set_C_clean	GB_GCA_903831805.1	Patescibacteriota	Bacteria	d__Bacteria;p__Patescibacteriota;c__Minisyncoccia;o__Moranbacterales;f__UBA2206;g__CAIKZD01;s__CAIKZD01 sp903831805	test	1035243	621805	621752	GB_GCA_000283975.1	Bacillota	2045253	test	1	1	1	58.99189	60.063676	98.845496	60.058556	low	200-500	5000-20000	1000	0.8-1.2	random_per_contaminant_copy	30.0	1.0	5.0	0.3	0.15	0.6	0	5	42	47	1243557	
genome_818	818	81	8	7381008	set_C_clean	GB_GCA_903831805.1	Patescibacteriota	Bacteria	d__Bacteria;p__Patescibacteriota;c__Minisyncoccia;o__Moranbacterales;f__UBA2206;g__CAIKZD01;s__CAIKZD01 sp903831805	test	1035243	950452	176345	RS_GCF_009496655.1;RS_GCF_018127785.1;RS_GCF_036455445.1	Bacillota;Bacteroidota;Pseudomonadota	2053953;3304345;5771372	test	3	3	3	76.266071	91.809556	17.034183	17.034165	high	10-50	100000-500000	5000	0.8-1.2	random_per_contaminant_copy	30.0	1.0	5.0	0.3	0.15	0.6	0	3	3	6	1126797	
genome_819	819	81	9	7381009	set_C_clean	GB_GCA_903831805.1	Patescibacteriota	Bacteria	d__Bacteria;p__Patescibacteriota;c__Minisyncoccia;o__Moranbacterales;f__UBA2206;g__CAIKZD01;s__CAIKZD01 sp903831805	test	1035243	595400	255586	RS_GCF_900024605.1;GB_GCA_009661105.2;RS_GCF_032548285.1;RS_GCF_030405575.1;GB_GCA_948806755.1	Bacillota;Pseudomonadota;Bacillota;Bacillota;Bacillota	2028641;5869350;2088740;2760372;2171570	test	5	5	5	57.623774	57.513067	24.688566	24.688503	highly_fragmented	500-2000	1000-5000	500	0.8-1.2	random_per_contaminant_copy	30.0	1.0	5.0	0.3	0.15	0.6	0	97	6	103	850986	
genome_820	820	82	0	7382000	set_C_clean	GB_GCA_903837185.1	Patescibacteriota	Bacteria	d__Bacteria;p__Patescibacteriota;c__Minisyncoccia;o__UBA9973;f__UBA9973;g__CAITQP01;s__CAITQP01 sp903894565	test	924442	699109	626623	GB_GCA_009177165.1;GB_GCA_014190925.1	Deinococcota;Pseudomonadota	4013039;5342551	test	2	2	2	76.495837	75.624972	98.484351	67.783917	highly_fragmented	500-2000	1000-5000	500	0.8-1.2	random_per_contaminant_copy	30.0	1.0	5.0	0.3	0.15	0.6	0	15	4	19	1325732	
genome_821	821	82	1	7382001	set_C_clean	GB_GCA_903837185.1	Patescibacteriota	Bacteria	d__Bacteria;p__Patescibacteriota;c__Minisyncoccia;o__UBA9973;f__UBA9973;g__CAITQP01;s__CAITQP01 sp903894565	test	924442	924442	46454	RS_GCF_000247065.1;RS_GCF_004564865.1;RS_GCF_948618265.1;RS_GCF_000575725.1;GB_GCA_963646205.1	Bacillota;Bacillota;Bacteroidota;Bacillota;Verrucomicrobiota	2553157;2777242;2730660;2892115;2668271	test	5	5	5	89.922256	100.0	5.025135	5.025085	medium	50-200	20000-100000	2000	0.8-1.2	random_per_contaminant_copy	30.0	1.0	5.0	0.3	0.15	0.6	0	1	3	4	970896	
genome_822	822	82	2	7382002	set_C_clean	GB_GCA_903837185.1	Patescibacteriota	Bacteria	d__Bacteria;p__Patescibacteriota;c__Minisyncoccia;o__UBA9973;f__UBA9973;g__CAITQP01;s__CAITQP01 sp903894565	test	924442	697098	189862	RS_GCF_004310665.1;RS_GCF_900638255.1	Bacteroidota;Actinomycetota	6186183;2878842	test	2	2	2	76.644296	75.407435	20.538072	20.538011	highly_fragmented	500-2000	1000-5000	500	0.8-1.2	random_per_contaminant_copy	30.0	1.0	5.0	0.3	0.15	0.6	0	20	6	26	886960	
genome_823	823	82	3	7382003	set_C_clean	GB_GCA_903837185.1	Patescibacteriota	Bacteria	d__Bacteria;p__Patescibacteriota;c__Minisyncoccia;o__UBA9973;f__UBA9973;g__CAITQP01;s__CAITQP01 sp903894565	test	924442	587343	305917	RS_GCF_019705135.1	Bacillota	2778046	test	1	1	1	64.576601	63.534868	33.092143	33.092071	highly_fragmented	500-2000	1000-5000	500	0.8-1.2	random_per_contaminant_copy	30.0	1.0	5.0	0.3	0.15	0.6	0	8	13	21	893260	
genome_824	824	82	4	7382004	set_C_clean	GB_GCA_903837185.1	Patescibacteriota	Bacteria	d__Bacteria;p__Patescibacteriota;c__Minisyncoccia;o__UBA9973;f__UBA9973;g__CAITQP01;s__CAITQP01 sp903894565	test	924442	833240	464082	RS_GCF_040925255.1;RS_GCF_000010665.1;RS_GCF_003069785.1;RS_GCF_948865755.1;RS_GCF_000536775.1	Bacillota;Desulfobacterota_I;Pseudomonadota;Bacteroidota;Bacillota	1949415;5315620;4942543;2682229;2878963	test	5	5	5	91.852678	90.134373	50.201388	50.201311	low	200-500	5000-20000	1000	0.8-1.2	random_per_contaminant_copy	30.0	1.0	5.0	0.3	0.15	0.6	0	8	4	12	1297322	
genome_825	825	82	5	7382005	set_C_clean	GB_GCA_903837185.1	Patescibacteriota	Bacteria	d__Bacteria;p__Patescibacteriota;c__Minisyncoccia;o__UBA9973;f__UBA9973;g__CAITQP01;s__CAITQP01 sp903894565	test	924442	768231	519330	GB_GCA_948603175.1	Desulfobacterota_I	2225362	test	1	1	1	83.614528	83.102131	56.177691	56.177673	highly_fragmented	500-2000	1000-5000	500	0.8-1.2	random_per_contaminant_copy	30.0	1.0	5.0	0.3	0.15	0.6	0	30	43	73	1287561	
genome_826	826	82	6	7382006	set_C_clean	GB_GCA_903837185.1	Patescibacteriota	Bacteria	d__Bacteria;p__Patescibacteriota;c__Minisyncoccia;o__UBA9973;f__UBA9973;g__CAITQP01;s__CAITQP01 sp903894565	test	924442	924442	484179	GB_GCA_032009305.1;GB_GCA_023250195.1;RS_GCF_001045435.1	Bacteroidota;Cyanobacteriota;Bacteroidota	4769976;2213197;3154203	test	3	3	3	89.437779	100.0	72.941006	52.375271	medium	50-200	20000-100000	2000	0.8-1.2	random_per_contaminant_copy	30.0	1.0	5.0	0.3	0.15	0.6	0	1	8	9	1408621	
genome_827	827	82	7	7382007	set_C_clean	GB_GCA_903837185.1	Patescibacteriota	Bacteria	d__Bacteria;p__Patescibacteriota;c__Minisyncoccia;o__UBA9973;f__UBA9973;g__CAITQP01;s__CAITQP01 sp903894565	test	924442	924442	27159	RS_GCF_024241195.1;RS_GCF_024389925.1	Pseudomonadota;Actinomycetota	5822006;4972875	test	2	2	2	95.073646	100.0	2.937951	2.93788	high	10-50	100000-500000	5000	0.8-1.2	random_per_contaminant_copy	30.0	1.0	5.0	0.3	0.15	0.6	0	1	1	2	951601	
genome_828	828	82	8	7382008	set_C_clean	GB_GCA_903837185.1	Patescibacteriota	Bacteria	d__Bacteria;p__Patescibacteriota;c__Minisyncoccia;o__UBA9973;f__UBA9973;g__CAITQP01;s__CAITQP01 sp903894565	test	924442	924442	384372	RS_GCF_028882095.2	Pseudomonadota	5577022	test	1	1	1	74.419195	100.0	51.378826	41.578812	high	10-50	100000-500000	5000	0.8-1.2	random_per_contaminant_copy	30.0	1.0	5.0	0.3	0.15	0.6	0	1	2	3	1308814	
genome_829	829	82	9	7382009	set_C_clean	GB_GCA_903837185.1	Patescibacteriota	Bacteria	d__Bacteria;p__Patescibacteriota;c__Minisyncoccia;o__UBA9973;f__UBA9973;g__CAITQP01;s__CAITQP01 sp903894565	test	924442	506662	506662	GB_GCA_900470105.1;RS_GCF_008754285.1;RS_GCF_900460295.1;GB_GCA_039984955.1	Pseudomonadota;Bacillota;Pseudomonadota;Bacteroidota	5677885;3017740;3831334;4884486	test	4	4	4	82.382118	54.807332	69.005539	54.807332	low	200-500	5000-20000	1000	0.8-1.2	random_per_contaminant_copy	30.0	1.0	5.0	0.3	0.15	0.6	0	6	12	18	1013324	
genome_830	830	83	0	7383000	set_C_clean	GB_GCA_903852245.1	Patescibacteriota	Bacteria	d__Bacteria;p__Patescibacteriota;c__UBA1384;o__UBA12157;f__UBA12157;g__CAIRFN01;s__CAIRFN01 sp903877885	test	999467	999467	828370	RS_GCF_000763095.1;GB_GCA_946500295.1;RS_GCF_000593825.1;RS_GCF_900114585.1	Actinomycetota;Bacillota;Bacillota;Methanobacteriota	5359899;2175498;2827351;2122444	test	4	4	4	59.937806	100.0	82.881189	82.881176	high	10-50	100000-500000	5000	0.8-1.2	random_per_contaminant_copy	30.0	1.0	5.0	0.3	0.15	0.6	0	1	5	6	1827837	
genome_831	831	83	1	7383001	set_C_clean	GB_GCA_903852245.1	Patescibacteriota	Bacteria	d__Bacteria;p__Patescibacteriota;c__UBA1384;o__UBA12157;f__UBA12157;g__CAIRFN01;s__CAIRFN01 sp903877885	test	999467	810597	641583	RS_GCF_900992505.1	Bacillota	1772837	test	1	1	1	50.98928	81.102928	64.192531	64.192515	medium	50-200	20000-100000	2000	0.8-1.2	random_per_contaminant_copy	30.0	1.0	5.0	0.3	0.15	0.6	0	1	2	3	1452180	
genome_832	832	83	2	7383002	set_C_clean	GB_GCA_903852245.1	Patescibacteriota	Bacteria	d__Bacteria;p__Patescibacteriota;c__UBA1384;o__UBA12157;f__UBA12157;g__CAIRFN01;s__CAIRFN01 sp903877885	test	999467	999467	25983	RS_GCF_001904645.1;GB_GCA_021634245.1;RS_GCF_027688395.1;RS_GCF_024808535.1	Cyanobacteriota;Bacillota;Bacillota;Bacteroidota_A	5639496;2487876;2932715;3864338	test	4	4	4	86.643524	100.0	2.599764	2.599686	high	10-50	100000-500000	5000	0.8-1.2	random_per_contaminant_copy	30.0	1.0	5.0	0.3	0.15	0.6	0	1	1	2	1025450	
genome_833	833	83	3	7383003	set_C_clean	GB_GCA_903852245.1	Patescibacteriota	Bacteria	d__Bacteria;p__Patescibacteriota;c__UBA1384;o__UBA12157;f__UBA12157;g__CAIRFN01;s__CAIRFN01 sp903877885	test	999467	625150	625150	GB_GCA_948648365.1;GB_GCA_948713815.1;RS_GCF_022419185.1;RS_GCF_022769165.1;RS_GCF_032489455.1	Bacteroidota;Bacteroidota;Pseudomonadota;Actinomycetota;Pseudomonadota	2520199;2833150;2518756;2096361;7490194	test	5	5	5	64.957487	62.548338	98.388539	62.548338	low	200-500	5000-20000	1000	0.8-1.2	random_per_contaminant_copy	30.0	1.0	5.0	0.3	0.15	0.6	0	14	2	16	1250300	
genome_834	834	83	4	7383004	set_C_clean	GB_GCA_903852245.1	Patescibacteriota	Bacteria	d__Bacteria;p__Patescibacteriota;c__UBA1384;o__UBA12157;f__UBA12157;g__CAIRFN01;s__CAIRFN01 sp903877885	test	999467	999467	522151	RS_GCF_904842565.1;RS_GCF_030550855.1;GB_GCA_041660285.1;RS_GCF_009735055.1;RS_GCF_033488415.1	Pseudomonadota;Bacillota;Pseudomonadota;Bacillota;Pseudomonadota	5035086;4252682;2897637;2906244;4920906	test	5	5	5	89.30792	100.0	52.243016	52.242945	medium	50-200	20000-100000	2000	0.8-1.2	random_per_contaminant_copy	30.0	1.0	5.0	0.3	0.15	0.6	0	1	12	13	1521618	
genome_835	835	83	5	7383005	set_C_clean	GB_GCA_903852245.1	Patescibacteriota	Bacteria	d__Bacteria;p__Patescibacteriota;c__UBA1384;o__UBA12157;f__UBA12157;g__CAIRFN01;s__CAIRFN01 sp903877885	test	999467	999467	931578	GB_GCA_040768285.1;RS_GCF_900582915.1;RS_GCF_964206945.1;GB_GCA_958348115.1	Atribacterota;Pseudomonadota;Pseudomonadota;Bacillota	2012153;5957079;3977869;2773040	test	4	4	4	70.484236	100.0	93.207481	93.20748	high	10-50	100000-500000	5000	0.8-1.2	random_per_contaminant_copy	30.0	1.0	5.0	0.3	0.15	0.6	0	1	48	49	1931045	
genome_836	836	83	6	7383006	set_C_clean	GB_GCA_903852245.1	Patescibacteriota	Bacteria	d__Bacteria;p__Patescibacteriota;c__UBA1384;o__UBA12157;f__UBA12157;g__CAIRFN01;s__CAIRFN01 sp903877885	test	999467	534349	141427	GB_GCA_946494475.1	Bacillota	2521746	test	1	1	1	53.538282	53.463396	14.150249	14.150242	highly_fragmented	500-2000	1000-5000	500	0.8-1.2	random_per_contaminant_copy	30.0	1.0	5.0	0.3	0.15	0.6	0	35	1	36	675776	
genome_837	837	83	7	7383007	set_C_clean	GB_GCA_903852245.1	Patescibacteriota	Bacteria	d__Bacteria;p__Patescibacteriota;c__UBA1384;o__UBA12157;f__UBA12157;g__CAIRFN01;s__CAIRFN01 sp903877885	test	999467	506705	410116	GB_GCA_039962805.1;RS_GCF_003311525.1;RS_GCF_022495265.1;GB_GCA_948796065.1;RS_GCF_004365305.1	Bacteroidota_A;Bacillota;Campylobacterota;Bacteroidota;Actinomycetota	3060145;2852748;1738532;2160284;4117077	test	5	5	5	50.059466	50.697522	41.033565	41.033471	highly_fragmented	500-2000	1000-5000	500	0.8-1.2	random_per_contaminant_copy	30.0	1.0	5.0	0.3	0.15	0.6	0	10	9	19	916821	
genome_838	838	83	8	7383008	set_C_clean	GB_GCA_903852245.1	Patescibacteriota	Bacteria	d__Bacteria;p__Patescibacteriota;c__UBA1384;o__UBA12157;f__UBA12157;g__CAIRFN01;s__CAIRFN01 sp903877885	test	999467	999467	587796	RS_GCF_002067035.1	Halobacteriota	2904573	test	1	1	1	52.377394	100.0	58.81098	58.810946	high	10-50	100000-500000	5000	0.8-1.2	random_per_contaminant_copy	30.0	1.0	5.0	0.3	0.15	0.6	0	1	1	2	1587263	
genome_839	839	83	9	7383009	set_C_clean	GB_GCA_903852245.1	Patescibacteriota	Bacteria	d__Bacteria;p__Patescibacteriota;c__UBA1384;o__UBA12157;f__UBA12157;g__CAIRFN01;s__CAIRFN01 sp903877885	test	999467	860041	202347	RS_GCF_040226855.1	Pseudomonadota	5157394	test	1	1	1	91.560435	86.049965	20.245544	20.245491	medium	50-200	20000-100000	2000	0.8-1.2	random_per_contaminant_copy	30.0	1.0	5.0	0.3	0.15	0.6	0	3	8	11	1062388	
genome_840	840	84	0	7384000	set_C_clean	GB_GCA_903895745.1	Patescibacteriota	Bacteria	d__Bacteria;p__Patescibacteriota;c__Minisyncoccia;o__UBA9973;f__UBA9973;g__CAITGV01;s__CAITGV01 sp903892035	test	806700	806700	463795	RS_GCF_028310805.1	Actinomycetota	2164046	test	1	1	1	77.624452	100.0	57.492901	57.492872	medium	50-200	20000-100000	2000	0.8-1.2	random_per_contaminant_copy	30.0	1.0	5.0	0.3	0.15	0.6	0	1	53	54	1270495	
genome_841	841	84	1	7384001	set_C_clean	GB_GCA_903895745.1	Patescibacteriota	Bacteria	d__Bacteria;p__Patescibacteriota;c__Minisyncoccia;o__UBA9973;f__UBA9973;g__CAITGV01;s__CAITGV01 sp903892035	test	806700	806700	312128	GB_GCA_018295965.1;RS_GCF_003053245.1;RS_GCF_904866475.1	Cyanobacteriota;Bacillota;Pseudomonadota	6126501;1970718;5602540	test	3	3	3	97.795565	100.0	38.692062	38.691955	medium	50-200	20000-100000	2000	0.8-1.2	random_per_contaminant_copy	30.0	1.0	5.0	0.3	0.15	0.6	0	2	2	4	1118828	
genome_842	842	84	2	7384002	set_C_clean	GB_GCA_903895745.1	Patescibacteriota	Bacteria	d__Bacteria;p__Patescibacteriota;c__Minisyncoccia;o__UBA9973;f__UBA9973;g__CAITGV01;s__CAITGV01 sp903892035	test	806700	709828	476693	RS_GCF_024803565.1;RS_GCF_002554215.1;RS_GCF_009887795.1;RS_GCF_015680205.1;RS_GCF_030077265.1	Actinomycetota;Pseudomonadota;Pseudomonadota;Pseudomonadota;Campylobacterota	2224507;4698075;3965718;4926499;1748355	test	5	5	5	90.901914	87.991571	59.091794	59.091732	highly_fragmented	500-2000	1000-5000	500	0.8-1.2	random_per_contaminant_copy	30.0	1.0	5.0	0.3	0.15	0.6	0	21	8	29	1186521	
genome_843	843	84	3	7384003	set_C_clean	GB_GCA_903895745.1	Patescibacteriota	Bacteria	d__Bacteria;p__Patescibacteriota;c__Minisyncoccia;o__UBA9973;f__UBA9973;g__CAITGV01;s__CAITGV01 sp903892035	test	806700	806700	609240	RS_GCF_015844995.1;RS_GCF_013182485.1	Bacillota;Bacillota	5765702;2956148	test	2	2	2	66.417647	100.0	75.522609	75.522499	medium	50-200	20000-100000	2000	0.8-1.2	random_per_contaminant_copy	30.0	1.0	5.0	0.3	0.15	0.6	0	1	4	5	1415940	
genome_844	844	84	4	7384004	set_C_clean	GB_GCA_903895745.1	Patescibacteriota	Bacteria	d__Bacteria;p__Patescibacteriota;c__Minisyncoccia;o__UBA9973;f__UBA9973;g__CAITGV01;s__CAITGV01 sp903892035	test	806700	427716	427716	RS_GCF_016814635.1;RS_GCF_014105005.1;RS_GCF_034427035.1;GB_GCA_016841765.1;RS_GCF_035161085.1	Pseudomonadota;Pseudomonadota;Bacillota;Bacillota;Chlamydiota	4315772;4550984;2192202;4270005;1142757	test	5	5	5	52.927208	53.020454	54.89696	53.020454	low	200-500	5000-20000	1000	0.8-1.2	random_per_contaminant_copy	30.0	1.0	5.0	0.3	0.15	0.6	0	6	27	33	855432	
genome_845	845	84	5	7384005	set_C_clean	GB_GCA_903895745.1	Patescibacteriota	Bacteria	d__Bacteria;p__Patescibacteriota;c__Minisyncoccia;o__UBA9973;f__UBA9973;g__CAITGV01;s__CAITGV01 sp903892035	test	806700	575644	202764	RS_GCF_001762915.1	Campylobacterota	1812101	test	1	1	1	72.068914	71.357878	28.461445	25.134994	highly_fragmented	500-2000	1000-5000	500	0.8-1.2	random_per_contaminant_copy	30.0	1.0	5.0	0.3	0.15	0.6	0	57	1	58	778408	
genome_846	846	84	6	7384006	set_C_clean	GB_GCA_903895745.1	Patescibacteriota	Bacteria	d__Bacteria;p__Patescibacteriota;c__Minisyncoccia;o__UBA9973;f__UBA9973;g__CAITGV01;s__CAITGV01 sp903892035	test	806700	806700	432730	RS_GCF_014228245.1;RS_GCF_036872435.1;RS_GCF_002800445.1	Bacillota;Pseudomonadota;Actinomycetota	2818069;5503970;5280104	test	3	3	3	81.476676	100.0	53.642082	53.641998	high	10-50	100000-500000	5000	0.8-1.2	random_per_contaminant_copy	30.0	1.0	5.0	0.3	0.15	0.6	0	1	5	6	1239430	
genome_847	847	84	7	7384007	set_C_clean	GB_GCA_903895745.1	Patescibacteriota	Bacteria	d__Bacteria;p__Patescibacteriota;c__Minisyncoccia;o__UBA9973;f__UBA9973;g__CAITGV01;s__CAITGV01 sp903892035	test	806700	806700	313462	RS_GCF_902167655.1;RS_GCF_040612875.1;GB_GCA_002321895.1;RS_GCF_039729015.1	Actinomycetota;Actinomycetota;Bdellovibrionota;Actinomycetota	2172625;6613873;3542931;3701696	test	4	4	4	96.658225	100.0	38.85735	38.85732	medium	50-200	20000-100000	2000	0.8-1.2	random_per_contaminant_copy	30.0	1.0	5.0	0.3	0.15	0.6	0	2	2	4	1120162	
genome_848	848	84	8	7384008	set_C_clean	GB_GCA_903895745.1	Patescibacteriota	Bacteria	d__Bacteria;p__Patescibacteriota;c__Minisyncoccia;o__UBA9973;f__UBA9973;g__CAITGV01;s__CAITGV01 sp903892035	test	806700	405880	277010	RS_GCF_004372805.1;RS_GCF_012569925.1;RS_GCF_040610915.1;GB_GCA_018375685.1;GB_GCA_000250435.2	Pseudomonadota;Pseudomonadota;Actinomycetota;Bacteroidota;Pseudomonadota	6791188;468015;8440200;6573147;5273285	test	5	5	5	51.637543	50.313623	34.338728	34.338664	highly_fragmented	500-2000	1000-5000	500	0.8-1.2	random_per_contaminant_copy	30.0	1.0	5.0	0.3	0.15	0.6	0	5	4	9	682890	
genome_849	849	84	9	7384009	set_C_clean	GB_GCA_903895745.1	Patescibacteriota	Bacteria	d__Bacteria;p__Patescibacteriota;c__Minisyncoccia;o__UBA9973;f__UBA9973;g__CAITGV01;s__CAITGV01 sp903892035	test	806700	499596	454925	GB_GCA_948579245.1;GB_GCA_948614435.1;GB_GCA_948788805.1	Chrysiogenota;Bacteroidota;Verrucomicrobiota	2186150;2615656;2927169	test	3	3	3	59.195623	61.930829	56.393358	56.393331	highly_fragmented	500-2000	1000-5000	500	0.8-1.2	random_per_contaminant_copy	30.0	1.0	5.0	0.3	0.15	0.6	0	11	1	12	954521	
genome_850	850	85	0	7385000	set_C_clean	GB_GCA_905478415.1	Patescibacteriota	Bacteria	d__Bacteria;p__Patescibacteriota;c__Microgenomatia;o__UBA1400;f__PJMF01;g__CG1-02-43-31;s__CG1-02-43-31 sp905478415	test	1252499	775160	638750	RS_GCF_934646395.1;RS_GCF_016807785.1	Actinomycetota;Pseudomonadota	1944257;4302351	test	2	2	2	53.584798	61.889071	78.012257	50.998045	low	200-500	5000-20000	1000	0.8-1.2	random_per_contaminant_copy	30.0	1.0	5.0	0.3	0.15	0.6	0	2	7	9	1413910	
genome_851	851	85	1	7385001	set_C_clean	GB_GCA_905478415.1	Patescibacteriota	Bacteria	d__Bacteria;p__Patescibacteriota;c__Microgenomatia;o__UBA1400;f__PJMF01;g__CG1-02-43-31;s__CG1-02-43-31 sp905478415	test	1252499	705377	586043	RS_GCF_038375585.1;RS_GCF_001555325.1	Pseudomonadota;Pseudomonadota	5571331;6240563	test	2	2	2	58.145234	56.31757	68.710756	46.789898	medium	50-200	20000-100000	2000	0.8-1.2	random_per_contaminant_copy	30.0	1.0	5.0	0.3	0.15	0.6	0	6	28	34	1291420	
genome_852	852	85	2	7385002	set_C_clean	GB_GCA_905478415.1	Patescibacteriota	Bacteria	d__Bacteria;p__Patescibacteriota;c__Microgenomatia;o__UBA1400;f__PJMF01;g__CG1-02-43-31;s__CG1-02-43-31 sp905478415	test	1252499	1204807	328168	RS_GCF_023587725.1;RS_GCF_002208115.1;RS_GCF_027529805.1	Pseudomonadota;Bdellovibrionota;Pseudomonadota	2316141;3769537;6618176	test	3	3	3	90.040079	96.192252	26.201134	26.201059	medium	50-200	20000-100000	2000	0.8-1.2	random_per_contaminant_copy	30.0	1.0	5.0	0.3	0.15	0.6	0	1	18	19	1532975	
genome_853	853	85	3	7385003	set_C_clean	GB_GCA_905478415.1	Patescibacteriota	Bacteria	d__Bacteria;p__Patescibacteriota;c__Microgenomatia;o__UBA1400;f__PJMF01;g__CG1-02-43-31;s__CG1-02-43-31 sp905478415	test	1252499	1252499	268090	RS_GCF_000479085.1	Bacillota	3066807	test	1	1	1	91.511805	100.0	43.309747	21.404408	high	10-50	100000-500000	5000	0.8-1.2	random_per_contaminant_copy	30.0	1.0	5.0	0.3	0.15	0.6	0	1	1	2	1520589	
genome_854	854	85	4	7385004	set_C_clean	GB_GCA_905478415.1	Patescibacteriota	Bacteria	d__Bacteria;p__Patescibacteriota;c__Microgenomatia;o__UBA1400;f__PJMF01;g__CG1-02-43-31;s__CG1-02-43-31 sp905478415	test	1252499	1252499	1041981	GB_GCA_938036565.1;RS_GCF_000970755.1;RS_GCF_903931635.1;RS_GCF_003053245.1	Bacteroidota;Bacillota;Pseudomonadota;Bacillota	1990945;2186983;4823360;1970718	test	4	4	4	65.978089	100.0	83.192217	83.192162	medium	50-200	20000-100000	2000	0.8-1.2	random_per_contaminant_copy	30.0	1.0	5.0	0.3	0.15	0.6	0	1	12	13	2294480	
genome_855	855	85	5	7385005	set_C_clean	GB_GCA_905478415.1	Patescibacteriota	Bacteria	d__Bacteria;p__Patescibacteriota;c__Microgenomatia;o__UBA1400;f__PJMF01;g__CG1-02-43-31;s__CG1-02-43-31 sp905478415	test	1252499	925388	575158	RS_GCF_030028745.1;GB_GCA_948502805.1;RS_GCF_024547685.1	Pseudomonadota;Bacteroidota;Bacillota	5115337;2889248;2886997	test	3	3	3	74.196639	73.883332	45.920911	45.920835	low	200-500	5000-20000	1000	0.8-1.2	random_per_contaminant_copy	30.0	1.0	5.0	0.3	0.15	0.6	0	23	21	44	1500546	
genome_856	856	85	6	7385006	set_C_clean	GB_GCA_905478415.1	Patescibacteriota	Bacteria	d__Bacteria;p__Patescibacteriota;c__Microgenomatia;o__UBA1400;f__PJMF01;g__CG1-02-43-31;s__CG1-02-43-31 sp905478415	test	1252499	902344	825891	RS_GCF_001410995.1;GB_GCA_948529545.1	Pseudomonadota;Bacteroidota	5038836;2491765	test	2	2	2	72.336821	72.043491	65.939464	65.939454	highly_fragmented	500-2000	1000-5000	500	0.8-1.2	random_per_contaminant_copy	30.0	1.0	5.0	0.3	0.15	0.6	0	54	52	106	1728235	
genome_857	857	85	7	7385007	set_C_clean	GB_GCA_905478415.1	Patescibacteriota	Bacteria	d__Bacteria;p__Patescibacteriota;c__Microgenomatia;o__UBA1400;f__PJMF01;g__CG1-02-43-31;s__CG1-02-43-31 sp905478415	test	1252499	781447	744917	RS_GCF_013403385.1	Pseudomonadota	5012643	test	1	1	1	62.454348	62.391028	59.474501	59.474459	highly_fragmented	500-2000	1000-5000	500	0.8-1.2	random_per_contaminant_copy	30.0	1.0	5.0	0.3	0.15	0.6	0	49	9	58	1526364	
genome_858	858	85	8	7385008	set_C_clean	GB_GCA_905478415.1	Patescibacteriota	Bacteria	d__Bacteria;p__Patescibacteriota;c__Microgenomatia;o__UBA1400;f__PJMF01;g__CG1-02-43-31;s__CG1-02-43-31 sp905478415	test	1252499	1252499	434749	RS_GCF_019852205.1	Pseudomonadota	2087183	test	1	1	1	68.058347	100.0	34.71056	34.710527	low	200-500	5000-20000	1000	0.8-1.2	random_per_contaminant_copy	30.0	1.0	5.0	0.3	0.15	0.6	0	1	1	2	1687248	
genome_859	859	85	9	7385009	set_C_clean	GB_GCA_905478415.1	Patescibacteriota	Bacteria	d__Bacteria;p__Patescibacteriota;c__Microgenomatia;o__UBA1400;f__PJMF01;g__CG1-02-43-31;s__CG1-02-43-31 sp905478415	test	1252499	910154	910154	RS_GCF_033796645.1	Pseudomonadota	6394290	test	1	1	1	73.739073	72.667044	94.747264	72.667044	highly_fragmented	500-2000	1000-5000	500	0.8-1.2	random_per_contaminant_copy	30.0	1.0	5.0	0.3	0.15	0.6	0	20	13	33	1820308	
genome_860	860	86	0	7386000	set_C_clean	GB_GCA_937929825.1	Patescibacteriota	Bacteria	d__Bacteria;p__Patescibacteriota;c__Patescibacteriia;o__Veblenbacterales;f__UBA10138;g__UBA10138;s__UBA10138 sp937929825	test	801535	577669	577669	RS_GCF_900113095.1;RS_GCF_014398525.1;RS_GCF_030340205.1;RS_GCF_024760065.1	Actinomycetota;Pseudomonadota;Bacillota;Bacteroidota	3831031;4814846;2980738;6580222	test	4	4	4	73.891411	72.07034	97.936076	72.07034	highly_fragmented	500-2000	1000-5000	500	0.8-1.2	random_per_contaminant_copy	30.0	1.0	5.0	0.3	0.15	0.6	0	17	25	42	1155338	
genome_861	861	86	1	7386001	set_C_clean	GB_GCA_937929825.1	Patescibacteriota	Bacteria	d__Bacteria;p__Patescibacteriota;c__Patescibacteriia;o__Veblenbacterales;f__UBA10138;g__UBA10138;s__UBA10138 sp937929825	test	801535	801535	50387	RS_GCF_943908175.1;RS_GCF_023361855.1;RS_GCF_038627335.1;RS_GCF_001584815.1	Bacteroidota_A;Pseudomonadota;Pseudomonadota;Bacillota	3733331;4194040;4261453;2008324	test	4	4	4	92.396165	100.0	6.28633	6.286313	high	10-50	100000-500000	5000	0.8-1.2	random_per_contaminant_copy	30.0	1.0	5.0	0.3	0.15	0.6	0	1	1	2	851922	
genome_862	862	86	2	7386002	set_C_clean	GB_GCA_937929825.1	Patescibacteriota	Bacteria	d__Bacteria;p__Patescibacteriota;c__Patescibacteriia;o__Veblenbacterales;f__UBA10138;g__UBA10138;s__UBA10138 sp937929825	test	801535	801535	726357	RS_GCF_024390525.1;RS_GCF_003390495.1;RS_GCF_001757105.1;GB_GCA_900456215.1	Actinomycetota;Actinomycetota;Pseudomonadota;Pseudomonadota	5271708;5106636;4864964;4704950	test	4	4	4	69.451171	100.0	90.620866	90.620746	high	10-50	100000-500000	5000	0.8-1.2	random_per_contaminant_copy	30.0	1.0	5.0	0.3	0.15	0.6	0	1	1	2	1527892	
genome_863	863	86	3	7386003	set_C_clean	GB_GCA_937929825.1	Patescibacteriota	Bacteria	d__Bacteria;p__Patescibacteriota;c__Patescibacteriia;o__Veblenbacterales;f__UBA10138;g__UBA10138;s__UBA10138 sp937929825	test	801535	691347	530818	RS_GCF_017118535.1;RS_GCF_001290945.1;GB_GCA_900546115.1	Pseudomonadota;Bacillota;Actinomycetota	5177094;2929232;2236916	test	3	3	3	82.960867	86.252877	66.225295	66.22518	highly_fragmented	500-2000	1000-5000	500	0.8-1.2	random_per_contaminant_copy	30.0	1.0	5.0	0.3	0.15	0.6	0	11	5	16	1222165	
genome_864	864	86	4	7386004	set_C_clean	GB_GCA_937929825.1	Patescibacteriota	Bacteria	d__Bacteria;p__Patescibacteriota;c__Patescibacteriia;o__Veblenbacterales;f__UBA10138;g__UBA10138;s__UBA10138 sp937929825	test	801535	410657	410657	RS_GCF_035813275.1;RS_GCF_001843925.1;RS_GCF_019201305.1;RS_GCF_024712665.1	Bacillota;Actinomycetota;Pseudomonadota;Bacillota	4074196;4399853;5049250;6267055	test	4	4	4	52.276837	51.23382	72.863088	51.23382	highly_fragmented	500-2000	1000-5000	500	0.8-1.2	random_per_contaminant_copy	30.0	1.0	5.0	0.3	0.15	0.6	0	28	20	48	821314	
genome_865	865	86	5	7386005	set_C_clean	GB_GCA_937929825.1	Patescibacteriota	Bacteria	d__Bacteria;p__Patescibacteriota;c__Patescibacteriia;o__Veblenbacterales;f__UBA10138;g__UBA10138;s__UBA10138 sp937929825	test	801535	801535	575845	RS_GCF_036700765.1	Cyanobacteriota	6420405	test	1	1	1	75.011083	100.0	75.884917	71.842777	medium	50-200	20000-100000	2000	0.8-1.2	random_per_contaminant_copy	30.0	1.0	5.0	0.3	0.15	0.6	0	3	7	10	1377380	
genome_866	866	86	6	7386006	set_C_clean	GB_GCA_937929825.1	Patescibacteriota	Bacteria	d__Bacteria;p__Patescibacteriota;c__Patescibacteriia;o__Veblenbacterales;f__UBA10138;g__UBA10138;s__UBA10138 sp937929825	test	801535	801535	177420	RS_GCF_000187505.1;RS_GCF_001015415.1;RS_GCF_004831095.1;GB_GCA_944322345.1;GB_GCA_002367175.1	Bacillota;Bacillota;Pseudomonadota;Bacteroidota;Pseudomonadota	2131530;2080293;5581160;3227373;5396275	test	5	5	5	86.639738	100.0	22.135059	22.135028	high	10-50	100000-500000	5000	0.8-1.2	random_per_contaminant_copy	30.0	1.0	5.0	0.3	0.15	0.6	0	1	2	3	978955	
genome_867	867	86	7	7386007	set_C_clean	GB_GCA_937929825.1	Patescibacteriota	Bacteria	d__Bacteria;p__Patescibacteriota;c__Patescibacteriia;o__Veblenbacterales;f__UBA10138;g__UBA10138;s__UBA10138 sp937929825	test	801535	622457	538365	RS_GCF_002952275.1;RS_GCF_001272015.1;GB_GCA_938044765.1;GB_GCA_009840205.1;RS_GCF_020419885.1	Campylobacterota;Pseudomonadota;Actinomycetota;Acidobacteriota;Pseudomonadota	1674115;4697133;2595597;4414988;7505384	test	5	5	5	75.283029	77.658118	67.16682	67.166749	low	200-500	5000-20000	1000	0.8-1.2	random_per_contaminant_copy	30.0	1.0	5.0	0.3	0.15	0.6	0	3	6	9	1160822	
genome_868	868	86	8	7386008	set_C_clean	GB_GCA_937929825.1	Patescibacteriota	Bacteria	d__Bacteria;p__Patescibacteriota;c__Patescibacteriia;o__Veblenbacterales;f__UBA10138;g__UBA10138;s__UBA10138 sp937929825	test	801535	617417	300101	RS_GCF_959606375.1;RS_GCF_013321275.1;RS_GCF_031453655.1;RS_GCF_020297605.1;RS_GCF_028882815.1	Desulfobacterota_I;Pseudomonadota;Pseudomonadota;Campylobacterota;Pseudomonadota	2751967;6715945;5683197;1761021;5042340	test	5	5	5	66.77411	77.029325	37.440838	37.440785	medium	50-200	20000-100000	2000	0.8-1.2	random_per_contaminant_copy	30.0	1.0	5.0	0.3	0.15	0.6	0	4	7	11	917518	
genome_869	869	86	9	7386009	set_C_clean	GB_GCA_937929825.1	Patescibacteriota	Bacteria	d__Bacteria;p__Patescibacteriota;c__Patescibacteriia;o__Veblenbacterales;f__UBA10138;g__UBA10138;s__UBA10138 sp937929825	test	801535	689353	184539	GB_GCA_948999665.1	Bacillota	2854074	test	1	1	1	89.930354	86.004105	25.30822	23.023199	highly_fragmented	500-2000	1000-5000	500	0.8-1.2	random_per_contaminant_copy	30.0	1.0	5.0	0.3	0.15	0.6	0	10	3	13	873892	
genome_870	870	87	0	7387000	set_C_clean	GB_GCA_938030095.1	Patescibacteriota	Bacteria	d__Bacteria;p__Patescibacteriota;c__Saccharimonadia;o__Saccharimonadales;f__Saccharimonadaceae;g__Saccharimonas;s__Saccharimonas sp938030095	test	1012684	790650	758695	GB_GCA_947447685.1;RS_GCF_900477105.2;RS_GCF_009160765.1;GB_GCA_035574275.1;RS_GCF_009736655.1	Bacteroidota;Pseudomonadota;Actinomycetota;Zixibacteria;Pseudomonadota	3206606;3976269;2019792;2509754;3824471	test	5	5	5	78.496479	78.0747	74.919277	74.919225	highly_fragmented	500-2000	1000-5000	500	0.8-1.2	random_per_contaminant_copy	30.0	1.0	5.0	0.3	0.15	0.6	0	85	13	98	1549345	
genome_871	871	87	1	7387001	set_C_clean	GB_GCA_938030095.1	Patescibacteriota	Bacteria	d__Bacteria;p__Patescibacteriota;c__Saccharimonadia;o__Saccharimonadales;f__Saccharimonadaceae;g__Saccharimonas;s__Saccharimonas sp938030095	test	1012684	802341	312935	GB_GCA_948909505.1;RS_GCF_000736935.1;GB_GCA_951813605.1;RS_GCF_027692675.1;GB_GCA_948637035.1	Bacteroidota;Pseudomonadota;Acidobacteriota;Bacillota;Chrysiogenota	2469347;4074796;6185587;1958907;2266215	test	5	5	5	76.731518	79.229157	30.901622	30.901545	highly_fragmented	500-2000	1000-5000	500	0.8-1.2	random_per_contaminant_copy	30.0	1.0	5.0	0.3	0.15	0.6	0	22	9	31	1115276	
genome_872	872	87	2	7387002	set_C_clean	GB_GCA_938030095.1	Patescibacteriota	Bacteria	d__Bacteria;p__Patescibacteriota;c__Saccharimonadia;o__Saccharimonadales;f__Saccharimonadaceae;g__Saccharimonas;s__Saccharimonas sp938030095	test	1012684	675905	529692	RS_GCF_036904045.1;GB_GCA_949948925.1;RS_GCF_014322475.1;RS_GCF_037053495.1;RS_GCF_000335955.1	Pseudomonadota;Bacteroidota;Bacillota;Pseudomonadota;Pseudomonadota	5136358;2874157;2806881;6452968;4547243	test	5	5	5	73.547822	66.74392	62.695236	52.305754	low	200-500	5000-20000	1000	0.8-1.2	random_per_contaminant_copy	30.0	1.0	5.0	0.3	0.15	0.6	0	2	7	9	1205597	
genome_873	873	87	3	7387003	set_C_clean	GB_GCA_938030095.1	Patescibacteriota	Bacteria	d__Bacteria;p__Patescibacteriota;c__Saccharimonadia;o__Saccharimonadales;f__Saccharimonadaceae;g__Saccharimonas;s__Saccharimonas sp938030095	test	1012684	1012684	923817	RS_GCF_024721495.1;RS_GCF_034530975.1;RS_GCF_003131225.1;GB_GCA_945912285.1	Pseudomonadota;Cyanobacteriota;Bacillota;Bacillota	5088465;7954165;2695752;1532052	test	4	4	4	70.834638	100.0	91.224681	91.224607	high	10-50	100000-500000	5000	0.8-1.2	random_per_contaminant_copy	30.0	1.0	5.0	0.3	0.15	0.6	0	1	9	10	1936501	
genome_874	874	87	4	7387004	set_C_clean	GB_GCA_938030095.1	Patescibacteriota	Bacteria	d__Bacteria;p__Patescibacteriota;c__Saccharimonadia;o__Saccharimonadales;f__Saccharimonadaceae;g__Saccharimonas;s__Saccharimonas sp938030095	test	1012684	1012684	559759	RS_GCF_000626195.1;GB_GCA_948646465.1;RS_GCF_006382695.1	Pseudomonadota;Cyanobacteriota;Pseudomonadota	4711924;1793272;5038170	test	3	3	3	63.580218	100.0	83.440092	55.274795	medium	50-200	20000-100000	2000	0.8-1.2	random_per_contaminant_copy	30.0	1.0	5.0	0.3	0.15	0.6	0	2	63	65	1572443	
genome_875	875	87	5	7387005	set_C_clean	GB_GCA_938030095.1	Patescibacteriota	Bacteria	d__Bacteria;p__Patescibacteriota;c__Saccharimonadia;o__Saccharimonadales;f__Saccharimonadaceae;g__Saccharimonas;s__Saccharimonas sp938030095	test	1012684	567557	567557	GB_GCA_029248525.1;RS_GCF_002117975.1;RS_GCF_021728495.1;RS_GCF_000239235.1	Desulfobacterota_B;Desulfobacterota;Bacillota;Bacillota	4277041;4337996;2740502;2868863	test	4	4	4	67.673567	56.044827	59.41505	56.044827	medium	50-200	20000-100000	2000	0.8-1.2	random_per_contaminant_copy	30.0	1.0	5.0	0.3	0.15	0.6	0	1	13	14	1135114	
genome_876	876	87	6	7387006	set_C_clean	GB_GCA_938030095.1	Patescibacteriota	Bacteria	d__Bacteria;p__Patescibacteriota;c__Saccharimonadia;o__Saccharimonadales;f__Saccharimonadaceae;g__Saccharimonas;s__Saccharimonas sp938030095	test	1012684	1012684	283662	RS_GCF_946222665.1;RS_GCF_026768265.1;RS_GCF_003355455.1;GB_GCA_019670065.1	Actinomycetota;Bacillota;Pseudomonadota;Pseudomonadota	2444399;6718252;3372129;4504054	test	4	4	4	77.138219	100.0	28.906741	28.01091	low	200-500	5000-20000	1000	0.8-1.2	random_per_contaminant_copy	30.0	1.0	5.0	0.3	0.15	0.6	0	3	22	25	1296346	
genome_877	877	87	7	7387007	set_C_clean	GB_GCA_938030095.1	Patescibacteriota	Bacteria	d__Bacteria;p__Patescibacteriota;c__Saccharimonadia;o__Saccharimonadales;f__Saccharimonadaceae;g__Saccharimonas;s__Saccharimonas sp938030095	test	1012684	759776	479683	RS_GCF_040495175.1	Pseudomonadota	3952239	test	1	1	1	64.28964	75.025971	47.367491	47.367491	low	200-500	5000-20000	1000	0.8-1.2	random_per_contaminant_copy	30.0	1.0	5.0	0.3	0.15	0.6	0	4	3	7	1239459	
genome_878	878	87	8	7387008	set_C_clean	GB_GCA_938030095.1	Patescibacteriota	Bacteria	d__Bacteria;p__Patescibacteriota;c__Saccharimonadia;o__Saccharimonadales;f__Saccharimonadaceae;g__Saccharimonas;s__Saccharimonas sp938030095	test	1012684	871303	626892	RS_GCF_036959905.1;RS_GCF_003386035.1;RS_GCF_000335955.1;RS_GCF_037152355.1	Actinomycetota;Pseudomonadota;Pseudomonadota;Pseudomonadota	2320619;4539935;4547243;3305513	test	4	4	4	87.522065	86.038982	61.904048	61.90401	highly_fragmented	500-2000	1000-5000	500	0.8-1.2	random_per_contaminant_copy	30.0	1.0	5.0	0.3	0.15	0.6	0	64	3	67	1498195	
genome_879	879	87	9	7387009	set_C_clean	GB_GCA_938030095.1	Patescibacteriota	Bacteria	d__Bacteria;p__Patescibacteriota;c__Saccharimonadia;o__Saccharimonadales;f__Saccharimonadaceae;g__Saccharimonas;s__Saccharimonas sp938030095	test	1012684	894128	794682	RS_GCF_900109065.1;GB_GCA_039984355.1	Halobacteriota;Pseudomonadota	3284590;3809133	test	2	2	2	88.389134	88.292893	89.525704	78.47285	highly_fragmented	500-2000	1000-5000	500	0.8-1.2	random_per_contaminant_copy	30.0	1.0	5.0	0.3	0.15	0.6	0	26	4	30	1688810	
genome_880	880	88	0	7388000	set_C_clean	GB_GCA_938036615.1	Patescibacteriota	Bacteria	d__Bacteria;p__Patescibacteriota;c__Saccharimonadia;o__Saccharimonadales;f__Nanoperiomorbaceae;g__Nanoperiomorbus;s__Nanoperiomorbus sp938036615	test	856865	856865	785154	RS_GCF_000460635.1;RS_GCF_030239395.1;RS_GCF_001944065.1	Pseudomonadota;Actinomycetota;Actinomycetota	5156358;2397796;4383687	test	3	3	3	95.559958	100.0	92.537287	91.631004	high	10-50	100000-500000	5000	0.8-1.2	random_per_contaminant_copy	30.0	1.0	5.0	0.3	0.15	0.6	0	1	24	25	1642019	
genome_881	881	88	1	7388001	set_C_clean	GB_GCA_938036615.1	Patescibacteriota	Bacteria	d__Bacteria;p__Patescibacteriota;c__Saccharimonadia;o__Saccharimonadales;f__Nanoperiomorbaceae;g__Nanoperiomorbus;s__Nanoperiomorbus sp938036615	test	856865	856865	215323	RS_GCF_009800165.1;RS_GCF_000007265.1	Pseudomonadota;Bacillota	6264350;2160267	test	2	2	2	89.779291	100.0	26.659556	25.129163	high	10-50	100000-500000	5000	0.8-1.2	random_per_contaminant_copy	30.0	1.0	5.0	0.3	0.15	0.6	0	1	4	5	1072188	
genome_882	882	88	2	7388002	set_C_clean	GB_GCA_938036615.1	Patescibacteriota	Bacteria	d__Bacteria;p__Patescibacteriota;c__Saccharimonadia;o__Saccharimonadales;f__Nanoperiomorbaceae;g__Nanoperiomorbus;s__Nanoperiomorbus sp938036615	test	856865	794086	187884	RS_GCF_900454145.1;RS_GCF_900127385.1;RS_GCF_000755225.1;RS_GCF_026614815.1	Pseudomonadota;Actinomycetota;Halobacteriota;Pseudomonadota	2185892;4364414;3451492;6023799	test	4	4	4	97.537263	92.673408	21.926943	21.926908	low	200-500	5000-20000	1000	0.8-1.2	random_per_contaminant_copy	30.0	1.0	5.0	0.3	0.15	0.6	0	17	4	21	981970	
genome_883	883	88	3	7388003	set_C_clean	GB_GCA_938036615.1	Patescibacteriota	Bacteria	d__Bacteria;p__Patescibacteriota;c__Saccharimonadia;o__Saccharimonadales;f__Nanoperiomorbaceae;g__Nanoperiomorbus;s__Nanoperiomorbus sp938036615	test	856865	856865	131762	RS_GCF_040195245.1	Pseudomonadota	4985208	test	1	1	1	68.577238	100.0	15.377278	15.377218	medium	50-200	20000-100000	2000	0.8-1.2	random_per_contaminant_copy	30.0	1.0	5.0	0.3	0.15	0.6	0	1	12	13	988627	
genome_884	884	88	4	7388004	set_C_clean	GB_GCA_938036615.1	Patescibacteriota	Bacteria	d__Bacteria;p__Patescibacteriota;c__Saccharimonadia;o__Saccharimonadales;f__Nanoperiomorbaceae;g__Nanoperiomorbus;s__Nanoperiomorbus sp938036615	test	856865	575450	575450	RS_GCF_002895495.1;GB_GCA_947464745.1;GB_GCA_900548655.1;RS_GCF_003964435.1	Thermotogota;Pseudomonadota;Cyanobacteriota;Pseudomonadota	2138141;2976948;1932230;4659612	test	4	4	4	70.066728	67.157604	81.044346	67.157604	low	200-500	5000-20000	1000	0.8-1.2	random_per_contaminant_copy	30.0	1.0	5.0	0.3	0.15	0.6	0	7	3	10	1150900	
genome_885	885	88	5	7388005	set_C_clean	GB_GCA_938036615.1	Patescibacteriota	Bacteria	d__Bacteria;p__Patescibacteriota;c__Saccharimonadia;o__Saccharimonadales;f__Nanoperiomorbaceae;g__Nanoperiomorbus;s__Nanoperiomorbus sp938036615	test	856865	685250	685250	RS_GCF_000961375.1;RS_GCF_958435475.1;RS_GCF_041365795.1;RS_GCF_002896755.1;GB_GCA_039965075.1	Pseudomonadota;Bacillota;Pseudomonadota;Pseudomonadota;Pseudomonadota	5267339;2194528;4783208;2003604;4756133	test	5	5	5	82.956043	79.971758	89.527313	79.971758	medium	50-200	20000-100000	2000	0.8-1.2	random_per_contaminant_copy	30.0	1.0	5.0	0.3	0.15	0.6	0	1	6	7	1370500	
genome_886	886	88	6	7388006	set_C_clean	GB_GCA_938036615.1	Patescibacteriota	Bacteria	d__Bacteria;p__Patescibacteriota;c__Saccharimonadia;o__Saccharimonadales;f__Nanoperiomorbaceae;g__Nanoperiomorbus;s__Nanoperiomorbus sp938036615	test	856865	768177	627652	RS_GCF_025026595.1;RS_GCF_001750065.2	Pseudomonadota;Actinomycetota	5476158;6330036	test	2	2	2	96.375825	89.649711	73.249879	73.249812	highly_fragmented	500-2000	1000-5000	500	0.8-1.2	random_per_contaminant_copy	30.0	1.0	5.0	0.3	0.15	0.6	0	16	112	128	1395829	
genome_887	887	88	7	7388007	set_C_clean	GB_GCA_938036615.1	Patescibacteriota	Bacteria	d__Bacteria;p__Patescibacteriota;c__Saccharimonadia;o__Saccharimonadales;f__Nanoperiomorbaceae;g__Nanoperiomorbus;s__Nanoperiomorbus sp938036615	test	856865	856865	688708	RS_GCF_900051285.1;RS_GCF_002832055.1;RS_GCF_900149425.1;RS_GCF_003071935.1	Bacillota;Campylobacterota;Chlamydiota;Actinomycetota	2063165;1612177;1072633;5195710	test	4	4	4	89.878112	100.0	80.375355	80.375322	high	10-50	100000-500000	5000	0.8-1.2	random_per_contaminant_copy	30.0	1.0	5.0	0.3	0.15	0.6	0	1	12	13	1545573	
genome_888	888	88	8	7388008	set_C_clean	GB_GCA_938036615.1	Patescibacteriota	Bacteria	d__Bacteria;p__Patescibacteriota;c__Saccharimonadia;o__Saccharimonadales;f__Nanoperiomorbaceae;g__Nanoperiomorbus;s__Nanoperiomorbus sp938036615	test	856865	856865	518084	RS_GCF_036455445.1;RS_GCF_001083145.1;RS_GCF_009870585.1;RS_GCF_000664465.1	Pseudomonadota;Bacillota;Bacillota;Actinomycetota	5771372;2043282;2020662;4424742	test	4	4	4	67.102612	100.0	60.462777	60.462733	medium	50-200	20000-100000	2000	0.8-1.2	random_per_contaminant_copy	30.0	1.0	5.0	0.3	0.15	0.6	0	1	27	28	1374949	
genome_889	889	88	9	7388009	set_C_clean	GB_GCA_938036615.1	Patescibacteriota	Bacteria	d__Bacteria;p__Patescibacteriota;c__Saccharimonadia;o__Saccharimonadales;f__Nanoperiomorbaceae;g__Nanoperiomorbus;s__Nanoperiomorbus sp938036615	test	856865	540336	179884	GB_GCA_016931275.1;RS_GCF_003131225.1	Chlamydiota;Bacillota	1209137;2695752	test	2	2	2	65.122496	63.059642	20.993302	20.993272	highly_fragmented	500-2000	1000-5000	500	0.8-1.2	random_per_contaminant_copy	30.0	1.0	5.0	0.3	0.15	0.6	0	20	1	21	720220	
genome_890	890	89	0	7389000	set_C_clean	GB_GCA_943354835.1	Patescibacteriota	Bacteria	d__Bacteria;p__Patescibacteriota;c__WWE3;o__2-01-FULL-39-13;f__2-01-FULL-39-13;g__GCA-002789015;s__GCA-002789015 sp943354835	test	884255	700301	331517	RS_GCF_000553695.1;RS_GCF_900088975.1;GB_GCA_943113505.1;RS_GCF_001849705.1;GB_GCA_026417925.1	Bacillota;Bacillota;Pseudomonadota;Actinomycetota;Thermotogota	2853306;2074652;4699800;4385318;1890335	test	5	5	5	91.446963	79.196725	39.051487	37.491108	highly_fragmented	500-2000	1000-5000	500	0.8-1.2	random_per_contaminant_copy	30.0	1.0	5.0	0.3	0.15	0.6	0	89	37	126	1031818	
genome_891	891	89	1	7389001	set_C_clean	GB_GCA_943354835.1	Patescibacteriota	Bacteria	d__Bacteria;p__Patescibacteriota;c__WWE3;o__2-01-FULL-39-13;f__2-01-FULL-39-13;g__GCA-002789015;s__GCA-002789015 sp943354835	test	884255	752923	652538	GB_GCA_002927165.1;RS_GCF_009660435.1;RS_GCF_001687335.1;RS_GCF_003999255.1	Pseudomonadota;Bacillota;Desulfobacterota;Bacillota	5851543;2792955;2524199;2905633	test	4	4	4	91.301724	85.147723	87.043757	73.795229	highly_fragmented	500-2000	1000-5000	500	0.8-1.2	random_per_contaminant_copy	30.0	1.0	5.0	0.3	0.15	0.6	0	18	12	30	1405461	
genome_892	892	89	2	7389002	set_C_clean	GB_GCA_943354835.1	Patescibacteriota	Bacteria	d__Bacteria;p__Patescibacteriota;c__WWE3;o__2-01-FULL-39-13;f__2-01-FULL-39-13;g__GCA-002789015;s__GCA-002789015 sp943354835	test	884255	567715	51935	RS_GCF_900582915.1;RS_GCF_033128585.1;GB_GCA_001274575.1	Pseudomonadota;Campylobacterota;Bacillota	5957079;1777664;3676494	test	3	3	3	58.257149	64.202634	5.873356	5.873306	medium	50-200	20000-100000	2000	0.8-1.2	random_per_contaminant_copy	30.0	1.0	5.0	0.3	0.15	0.6	0	1	1	2	619650	
genome_893	893	89	3	7389003	set_C_clean	GB_GCA_943354835.1	Patescibacteriota	Bacteria	d__Bacteria;p__Patescibacteriota;c__WWE3;o__2-01-FULL-39-13;f__2-01-FULL-39-13;g__GCA-002789015;s__GCA-002789015 sp943354835	test	884255	658890	467011	RS_GCF_019748735.1;GB_GCA_040388535.1;RS_GCF_016798345.1	Bacillota;Gemmatimonadota;Bacillota	5354727;3718562;3815652	test	3	3	3	76.743555	74.513574	52.814118	52.814064	highly_fragmented	500-2000	1000-5000	500	0.8-1.2	random_per_contaminant_copy	30.0	1.0	5.0	0.3	0.15	0.6	0	13	6	19	1125901	
genome_894	894	89	4	7389004	set_C_clean	GB_GCA_943354835.1	Patescibacteriota	Bacteria	d__Bacteria;p__Patescibacteriota;c__WWE3;o__2-01-FULL-39-13;f__2-01-FULL-39-13;g__GCA-002789015;s__GCA-002789015 sp943354835	test	884255	694017	685570	RS_GCF_000144105.1;RS_GCF_001218205.1;GB_GCA_022643005.1;RS_GCF_964251655.1	Actinomycetota;Bacillota;Bacillota;Bacteroidota	2486187;2017004;2601818;5190305	test	4	4	4	88.077838	78.48607	77.530854	77.530803	highly_fragmented	500-2000	1000-5000	500	0.8-1.2	random_per_contaminant_copy	30.0	1.0	5.0	0.3	0.15	0.6	0	43	5	48	1379587	
genome_895	895	89	5	7389005	set_C_clean	GB_GCA_943354835.1	Patescibacteriota	Bacteria	d__Bacteria;p__Patescibacteriota;c__WWE3;o__2-01-FULL-39-13;f__2-01-FULL-39-13;g__GCA-002789015;s__GCA-002789015 sp943354835	test	884255	606792	430402	RS_GCF_900508525.1;RS_GCF_003431325.1;RS_GCF_001546915.1;RS_GCF_001609475.1;RS_GCF_014212185.1	Pseudomonadota;Thermoproteota;Pseudomonadota;Pseudomonadota;Bacillota	5576163;1539049;7159541;5065366;2892155	test	5	5	5	81.32929	68.621834	95.398715	48.673968	low	200-500	5000-20000	1000	0.8-1.2	random_per_contaminant_copy	30.0	1.0	5.0	0.3	0.15	0.6	0	3	20	23	1037194	
genome_896	896	89	6	7389006	set_C_clean	GB_GCA_943354835.1	Patescibacteriota	Bacteria	d__Bacteria;p__Patescibacteriota;c__WWE3;o__2-01-FULL-39-13;f__2-01-FULL-39-13;g__GCA-002789015;s__GCA-002789015 sp943354835	test	884255	851162	575375	RS_GCF_031453765.1;RS_GCF_948671245.1;GB_GCA_963662275.1;RS_GCF_008754285.1	Pseudomonadota;Campylobacterota;Cloacimonadota;Bacillota	5684408;1761391;4378784;3017740	test	4	4	4	94.381053	96.257528	65.068952	65.0689	medium	50-200	20000-100000	2000	0.8-1.2	random_per_contaminant_copy	30.0	1.0	5.0	0.3	0.15	0.6	0	6	32	38	1426537	
genome_897	897	89	7	7389007	set_C_clean	GB_GCA_943354835.1	Patescibacteriota	Bacteria	d__Bacteria;p__Patescibacteriota;c__WWE3;o__2-01-FULL-39-13;f__2-01-FULL-39-13;g__GCA-002789015;s__GCA-002789015 sp943354835	test	884255	572163	572163	GB_GCA_948945145.1;RS_GCF_032921865.1;RS_GCF_025818205.1;RS_GCF_020096995.1	Bacteroidota;Pseudomonadota;Pseudomonadota;Actinomycetota	3170714;4733519;3880200;3246778	test	4	4	4	64.001062	64.705656	65.320195	64.705656	low	200-500	5000-20000	1000	0.8-1.2	random_per_contaminant_copy	30.0	1.0	5.0	0.3	0.15	0.6	0	11	26	37	1144326	
genome_898	898	89	8	7389008	set_C_clean	GB_GCA_943354835.1	Patescibacteriota	Bacteria	d__Bacteria;p__Patescibacteriota;c__WWE3;o__2-01-FULL-39-13;f__2-01-FULL-39-13;g__GCA-002789015;s__GCA-002789015 sp943354835	test	884255	884255	229387	RS_GCF_900215565.1;RS_GCF_024808235.1;GB_GCA_028613775.1	Actinomycetota;Bacteroidota_A;Pseudomonadota	10184498;3973604;5455531	test	3	3	3	55.160188	100.0	25.941334	25.941273	medium	50-200	20000-100000	2000	0.8-1.2	random_per_contaminant_copy	30.0	1.0	5.0	0.3	0.15	0.6	0	2	2	4	1113642	
genome_899	899	89	9	7389009	set_C_clean	GB_GCA_943354835.1	Patescibacteriota	Bacteria	d__Bacteria;p__Patescibacteriota;c__WWE3;o__2-01-FULL-39-13;f__2-01-FULL-39-13;g__GCA-002789015;s__GCA-002789015 sp943354835	test	884255	783712	783712	RS_GCF_002121045.1	Bacillota	2742407	test	1	1	1	88.772597	88.629637	96.791876	88.629637	low	200-500	5000-20000	1000	0.8-1.2	random_per_contaminant_copy	30.0	1.0	5.0	0.3	0.15	0.6	0	5	17	22	1567424	
genome_900	900	90	0	7390000	set_C_clean	GB_GCA_943356865.1	Patescibacteriota	Bacteria	d__Bacteria;p__Patescibacteriota;c__Minisyncoccia;o__JACQLN01;f__JACQLN01;g__JACQLN01;s__JACQLN01 sp943359335	test	609297	338388	19932	RS_GCF_036872075.1;RS_GCF_037168505.1;RS_GCF_025994335.1	Pseudomonadota;Pseudomonadota;Pseudomonadota	5588522;5106853;3509930	test	3	3	3	95.320576	55.537447	3.271382	3.271311	medium	50-200	20000-100000	2000	0.8-1.2	random_per_contaminant_copy	30.0	1.0	5.0	0.3	0.15	0.6	0	1	2	3	358320	
genome_901	901	90	1	7390001	set_C_clean	GB_GCA_943356865.1	Patescibacteriota	Bacteria	d__Bacteria;p__Patescibacteriota;c__Minisyncoccia;o__JACQLN01;f__JACQLN01;g__JACQLN01;s__JACQLN01 sp943359335	test	609297	609297	279242	RS_GCF_004105495.1;RS_GCF_018881795.1;RS_GCF_040436415.1	Actinomycetota;Pseudomonadota;Bacillota	4387649;1998283;2945384	test	3	3	3	89.568022	100.0	45.830329	45.830194	medium	50-200	20000-100000	2000	0.8-1.2	random_per_contaminant_copy	30.0	1.0	5.0	0.3	0.15	0.6	0	1	7	8	888539	
genome_902	902	90	2	7390002	set_C_clean	GB_GCA_943356865.1	Patescibacteriota	Bacteria	d__Bacteria;p__Patescibacteriota;c__Minisyncoccia;o__JACQLN01;f__JACQLN01;g__JACQLN01;s__JACQLN01 sp943359335	test	609297	609297	519808	RS_GCF_012563325.1;RS_GCF_964028425.1;GB_GCA_948784385.1;RS_GCF_000476655.1	Pseudomonadota;Pseudomonadota;Bacteroidota;Campylobacterota	517501;1455570;3395256;1638342	test	4	4	4	71.408873	100.0	85.312789	85.312746	high	10-50	100000-500000	5000	0.8-1.2	random_per_contaminant_copy	30.0	1.0	5.0	0.3	0.15	0.6	0	1	12	13	1129105	
genome_903	903	90	3	7390003	set_C_clean	GB_GCA_943356865.1	Patescibacteriota	Bacteria	d__Bacteria;p__Patescibacteriota;c__Minisyncoccia;o__JACQLN01;f__JACQLN01;g__JACQLN01;s__JACQLN01 sp943359335	test	609297	609297	176976	RS_GCF_900114145.1;RS_GCF_001173525.2;RS_GCF_007831375.1;GB_GCA_016234935.1	Pseudomonadota;Pseudomonadota;Bacillota;Desulfobacterota	5215185;4793333;4380877;2152354	test	4	4	4	96.260733	100.0	29.046061	29.045933	high	10-50	100000-500000	5000	0.8-1.2	random_per_contaminant_copy	30.0	1.0	5.0	0.3	0.15	0.6	0	1	3	4	786273	
genome_904	904	90	4	7390004	set_C_clean	GB_GCA_943356865.1	Patescibacteriota	Bacteria	d__Bacteria;p__Patescibacteriota;c__Minisyncoccia;o__JACQLN01;f__JACQLN01;g__JACQLN01;s__JACQLN01 sp943359335	test	609297	560911	4474	GB_GCA_023450085.1;RS_GCF_016604845.1;RS_GCF_040735115.1	Bacteroidota;Pseudomonadota;Actinomycetota	5694487;1876523;4430612	test	3	3	3	90.364533	92.058717	0.734308	0.734289	highly_fragmented	500-2000	1000-5000	500	0.8-1.2	random_per_contaminant_copy	30.0	1.0	5.0	0.3	0.15	0.6	0	12	1	13	565385	
genome_905	905	90	5	7390005	set_C_clean	GB_GCA_943356865.1	Patescibacteriota	Bacteria	d__Bacteria;p__Patescibacteriota;c__Minisyncoccia;o__JACQLN01;f__JACQLN01;g__JACQLN01;s__JACQLN01 sp943359335	test	609297	609297	2395	RS_GCF_030003115.1;RS_GCF_008690005.1;RS_GCF_900638175.1;RS_GCF_024705125.1	Pseudomonadota;Bacillota;Campylobacterota;Campylobacterota	4464587;2002052;1664663;1469229	test	4	4	4	76.307653	100.0	0.393228	0.393076	high	10-50	100000-500000	5000	0.8-1.2	random_per_contaminant_copy	30.0	1.0	5.0	0.3	0.15	0.6	0	1	1	2	611692	
genome_906	906	90	6	7390006	set_C_clean	GB_GCA_943356865.1	Patescibacteriota	Bacteria	d__Bacteria;p__Patescibacteriota;c__Minisyncoccia;o__JACQLN01;f__JACQLN01;g__JACQLN01;s__JACQLN01 sp943359335	test	609297	432123	410205	RS_GCF_003053245.1;RS_GCF_008565285.1	Bacillota;Bacteroidota	1970718;5827752	test	2	2	2	55.021932	70.92157	67.324467	67.32431	low	200-500	5000-20000	1000	0.8-1.2	random_per_contaminant_copy	30.0	1.0	5.0	0.3	0.15	0.6	0	3	27	30	842328	
genome_907	907	90	7	7390007	set_C_clean	GB_GCA_943356865.1	Patescibacteriota	Bacteria	d__Bacteria;p__Patescibacteriota;c__Minisyncoccia;o__JACQLN01;f__JACQLN01;g__JACQLN01;s__JACQLN01 sp943359335	test	609297	436061	200710	RS_GCF_041680365.1;RS_GCF_000730665.1;GB_GCA_015732685.1;RS_GCF_030326615.1	Bacillota;Pseudomonadota;Pseudomonadota;Bacteroidota	755201;5341796;2171633;3810047	test	4	4	4	96.728464	71.567889	32.941406	32.941242	low	200-500	5000-20000	1000	0.8-1.2	random_per_contaminant_copy	30.0	1.0	5.0	0.3	0.15	0.6	0	2	1	3	636771	
genome_908	908	90	8	7390008	set_C_clean	GB_GCA_943356865.1	Patescibacteriota	Bacteria	d__Bacteria;p__Patescibacteriota;c__Minisyncoccia;o__JACQLN01;f__JACQLN01;g__JACQLN01;s__JACQLN01 sp943359335	test	609297	609297	173201	RS_GCF_019458745.1;RS_GCF_001697745.1;RS_GCF_004634685.1;RS_GCF_015273135.1;RS_GCF_039617635.1	Bacillota;Pseudomonadota;Pseudomonadota;Bacillota;Pseudomonadota	3944679;2174042;4106370;2370487;2690253	test	5	5	5	56.982946	100.0	28.426511	28.426367	high	10-50	100000-500000	5000	0.8-1.2	random_per_contaminant_copy	30.0	1.0	5.0	0.3	0.15	0.6	0	1	2	3	782498	
genome_909	909	90	9	7390009	set_C_clean	GB_GCA_943356865.1	Patescibacteriota	Bacteria	d__Bacteria;p__Patescibacteriota;c__Minisyncoccia;o__JACQLN01;f__JACQLN01;g__JACQLN01;s__JACQLN01 sp943359335	test	609297	330794	330644	GB_GCA_948703155.1	Bacillota	1961644	test	1	1	1	55.591674	54.291093	65.679847	54.266474	low	200-500	5000-20000	1000	0.8-1.2	random_per_contaminant_copy	30.0	1.0	5.0	0.3	0.15	0.6	0	6	32	38	661438	
genome_910	910	91	0	7391000	set_C_clean	GB_GCA_946406315.1	Patescibacteriota	Bacteria	d__Bacteria;p__Patescibacteriota;c__Saccharimonadia;o__Saccharimonadales;f__Nanosyncoccaceae;g__UBA2834;s__UBA2834 sp946406315	test	1074688	1074688	823221	RS_GCF_009905215.1;RS_GCF_034365705.1	Verrucomicrobiota;Pseudomonadota	3882676;4196705	test	2	2	2	70.722182	100.0	76.600935	76.60093	medium	50-200	20000-100000	2000	0.8-1.2	random_per_contaminant_copy	30.0	1.0	5.0	0.3	0.15	0.6	0	1	66	67	1897909	
genome_911	911	91	1	7391001	set_C_clean	GB_GCA_946406315.1	Patescibacteriota	Bacteria	d__Bacteria;p__Patescibacteriota;c__Saccharimonadia;o__Saccharimonadales;f__Nanosyncoccaceae;g__UBA2834;s__UBA2834 sp946406315	test	1074688	1074688	262752	RS_GCF_022586395.1	Bacillota	2467621	test	1	1	1	66.912159	100.0	24.449155	24.449142	high	10-50	100000-500000	5000	0.8-1.2	random_per_contaminant_copy	30.0	1.0	5.0	0.3	0.15	0.6	0	1	1	2	1337440	
genome_912	912	91	2	7391002	set_C_clean	GB_GCA_946406315.1	Patescibacteriota	Bacteria	d__Bacteria;p__Patescibacteriota;c__Saccharimonadia;o__Saccharimonadales;f__Nanosyncoccaceae;g__UBA2834;s__UBA2834 sp946406315	test	1074688	1074688	1054640	GB_GCA_019429105.1;RS_GCF_034030455.1;RS_GCF_948852935.1	Desulfobacterota;Bacillota;Bacteroidota	3100310;2944074;2759315	test	3	3	3	98.000197	100.0	98.567993	98.134528	high	10-50	100000-500000	5000	0.8-1.2	random_per_contaminant_copy	30.0	1.0	5.0	0.3	0.15	0.6	0	2	20	22	2129328	
genome_913	913	91	3	7391003	set_C_clean	GB_GCA_946406315.1	Patescibacteriota	Bacteria	d__Bacteria;p__Patescibacteriota;c__Saccharimonadia;o__Saccharimonadales;f__Nanosyncoccaceae;g__UBA2834;s__UBA2834 sp946406315	test	1074688	742202	315489	RS_GCF_040652775.1;RS_GCF_041698735.1;RS_GCF_011761445.1	Actinomycetota;Pseudomonadota;Actinomycetota	8669519;4927431;2907370	test	3	3	3	71.42406	69.062091	29.356398	29.356334	highly_fragmented	500-2000	1000-5000	500	0.8-1.2	random_per_contaminant_copy	30.0	1.0	5.0	0.3	0.15	0.6	0	16	2	18	1057691	
genome_914	914	91	4	7391004	set_C_clean	GB_GCA_946406315.1	Patescibacteriota	Bacteria	d__Bacteria;p__Patescibacteriota;c__Saccharimonadia;o__Saccharimonadales;f__Nanosyncoccaceae;g__UBA2834;s__UBA2834 sp946406315	test	1074688	1074688	610133	RS_GCF_040965435.1;GB_GCA_948885735.1	Bacillota;Chrysiogenota	2048327;2278975	test	2	2	2	92.033978	100.0	56.77306	56.773036	high	10-50	100000-500000	5000	0.8-1.2	random_per_contaminant_copy	30.0	1.0	5.0	0.3	0.15	0.6	0	1	2	3	1684821	
genome_915	915	91	5	7391005	set_C_clean	GB_GCA_946406315.1	Patescibacteriota	Bacteria	d__Bacteria;p__Patescibacteriota;c__Saccharimonadia;o__Saccharimonadales;f__Nanosyncoccaceae;g__UBA2834;s__UBA2834 sp946406315	test	1074688	1074688	292833	RS_GCF_003534545.1;GB_GCA_016716185.1;RS_GCF_024814695.1;RS_GCF_001623645.2;RS_GCF_037465635.1	Bacteroidota;Bacteroidota;Bacillota;Pseudomonadota;Actinomycetota	2093788;3821971;2782358;5016195;2461098	test	5	5	5	83.459698	100.0	27.248246	27.248187	high	10-50	100000-500000	5000	0.8-1.2	random_per_contaminant_copy	30.0	1.0	5.0	0.3	0.15	0.6	0	1	1	2	1367521	
genome_916	916	91	6	7391006	set_C_clean	GB_GCA_946406315.1	Patescibacteriota	Bacteria	d__Bacteria;p__Patescibacteriota;c__Saccharimonadia;o__Saccharimonadales;f__Nanosyncoccaceae;g__UBA2834;s__UBA2834 sp946406315	test	1074688	1074688	641177	RS_GCF_032583975.1;RS_GCF_003608655.1;RS_GCF_003057555.1;RS_GCF_035807455.1;RS_GCF_012274765.1	Bacteroidota;Bacillota;Bacillota;Bacillota;Bacillota	3131339;2965038;2814183;4198118;2776899	test	5	5	5	83.095732	100.0	59.661761	59.661688	high	10-50	100000-500000	5000	0.8-1.2	random_per_contaminant_copy	30.0	1.0	5.0	0.3	0.15	0.6	0	1	7	8	1715865	
genome_917	917	91	7	7391007	set_C_clean	GB_GCA_946406315.1	Patescibacteriota	Bacteria	d__Bacteria;p__Patescibacteriota;c__Saccharimonadia;o__Saccharimonadales;f__Nanosyncoccaceae;g__UBA2834;s__UBA2834 sp946406315	test	1074688	987422	792932	GB_GCA_018066285.1	Spirochaetota	2909601	test	1	1	1	85.268159	91.879876	73.782558	73.78253	low	200-500	5000-20000	1000	0.8-1.2	random_per_contaminant_copy	30.0	1.0	5.0	0.3	0.15	0.6	0	7	4	11	1780354	
genome_918	918	91	8	7391008	set_C_clean	GB_GCA_946406315.1	Patescibacteriota	Bacteria	d__Bacteria;p__Patescibacteriota;c__Saccharimonadia;o__Saccharimonadales;f__Nanosyncoccaceae;g__UBA2834;s__UBA2834 sp946406315	test	1074688	1074688	9272	RS_GCF_029291395.1;GB_GCA_948990435.1;RS_GCF_015594635.1	Pseudomonadota;Bacteroidota;Bacillota	5865632;3402856;1889478	test	3	3	3	87.380037	100.0	0.862767	0.862762	high	10-50	100000-500000	5000	0.8-1.2	random_per_contaminant_copy	30.0	1.0	5.0	0.3	0.15	0.6	0	1	2	3	1083960	
genome_919	919	91	9	7391009	set_C_clean	GB_GCA_946406315.1	Patescibacteriota	Bacteria	d__Bacteria;p__Patescibacteriota;c__Saccharimonadia;o__Saccharimonadales;f__Nanosyncoccaceae;g__UBA2834;s__UBA2834 sp946406315	test	1074688	1074688	451204	RS_GCF_013375895.1;RS_GCF_018881795.1;RS_GCF_000738005.1;RS_GCF_028621075.1;RS_GCF_017162255.1	Pseudomonadota;Pseudomonadota;Actinomycetota;Pseudomonadota;Pseudomonadota	7274920;1998283;2362816;4540350;4779956	test	5	5	5	84.968612	100.0	41.984699	41.98465	high	10-50	100000-500000	5000	0.8-1.2	random_per_contaminant_copy	30.0	1.0	5.0	0.3	0.15	0.6	0	1	11	12	1525892	
genome_920	920	92	0	7392000	set_C_clean	GB_GCA_947084965.1	Patescibacteriota	Bacteria	d__Bacteria;p__Patescibacteriota;c__Patescibacteriia;o__UBA9934;f__UBA9568;g__CAMTUG01;s__CAMTUG01 sp947084965	test	927471	527988	238064	RS_GCF_019705455.1;RS_GCF_041860165.1;RS_GCF_024584055.1;RS_GCF_027270355.1;RS_GCF_902467685.1	Bacillota;Pseudomonadota;Campylobacterota;Pseudomonadota;Bacillota	2780538;5085062;1950359;4304447;2145066	test	5	5	5	56.685446	56.92771	25.668166	25.66808	low	200-500	5000-20000	1000	0.8-1.2	random_per_contaminant_copy	30.0	1.0	5.0	0.3	0.15	0.6	0	3	3	6	766052	
genome_921	921	92	1	7392001	set_C_clean	GB_GCA_947084965.1	Patescibacteriota	Bacteria	d__Bacteria;p__Patescibacteriota;c__Patescibacteriia;o__UBA9934;f__UBA9568;g__CAMTUG01;s__CAMTUG01 sp947084965	test	927471	716807	158565	RS_GCF_025869225.1;RS_GCF_023956175.1	Campylobacterota;Bacillota	1509519;2841712	test	2	2	2	77.361302	77.28619	33.897976	17.096491	highly_fragmented	500-2000	1000-5000	500	0.8-1.2	random_per_contaminant_copy	30.0	1.0	5.0	0.3	0.15	0.6	0	84	6	90	875372	
genome_922	922	92	2	7392002	set_C_clean	GB_GCA_947084965.1	Patescibacteriota	Bacteria	d__Bacteria;p__Patescibacteriota;c__Patescibacteriia;o__UBA9934;f__UBA9568;g__CAMTUG01;s__CAMTUG01 sp947084965	test	927471	541366	428308	RS_GCF_005217555.1;RS_GCF_963866355.1;RS_GCF_900448535.1;RS_GCF_000368945.1	Bacillota;Pseudomonadota;Pseudomonadota;Pseudomonadota	4562157;4690820;5158913;4074938	test	4	4	4	74.807509	58.370127	46.180302	46.180204	low	200-500	5000-20000	1000	0.8-1.2	random_per_contaminant_copy	30.0	1.0	5.0	0.3	0.15	0.6	0	9	4	13	969674	
genome_923	923	92	3	7392003	set_C_clean	GB_GCA_947084965.1	Patescibacteriota	Bacteria	d__Bacteria;p__Patescibacteriota;c__Patescibacteriia;o__UBA9934;f__UBA9568;g__CAMTUG01;s__CAMTUG01 sp947084965	test	927471	927471	710961	RS_GCF_036871515.1;RS_GCF_905187425.1;RS_GCF_005250605.1;RS_GCF_000574045.1	Pseudomonadota;Pseudomonadota;Pseudomonadota;Bacillota	5634150;4900930;5326497;2913450	test	4	4	4	83.910848	100.0	76.655977	76.655874	medium	50-200	20000-100000	2000	0.8-1.2	random_per_contaminant_copy	30.0	1.0	5.0	0.3	0.15	0.6	0	3	7	10	1638432	
genome_924	924	92	4	7392004	set_C_clean	GB_GCA_947084965.1	Patescibacteriota	Bacteria	d__Bacteria;p__Patescibacteriota;c__Patescibacteriia;o__UBA9934;f__UBA9568;g__CAMTUG01;s__CAMTUG01 sp947084965	test	927471	927471	349481	RS_GCF_003067005.1;RS_GCF_005400025.1;GB_GCA_028684065.1;RS_GCF_004012985.1	Pseudomonadota;Pseudomonadota;Campylobacterota;Campylobacterota	4904020;4823815;2670322;1583816	test	4	4	4	51.351934	100.0	37.681074	37.68107	high	10-50	100000-500000	5000	0.8-1.2	random_per_contaminant_copy	30.0	1.0	5.0	0.3	0.15	0.6	0	1	25	26	1276952	
genome_925	925	92	5	7392005	set_C_clean	GB_GCA_947084965.1	Patescibacteriota	Bacteria	d__Bacteria;p__Patescibacteriota;c__Patescibacteriia;o__UBA9934;f__UBA9568;g__CAMTUG01;s__CAMTUG01 sp947084965	test	927471	479961	479961	RS_GCF_003059385.1;RS_GCF_004769375.1;RS_GCF_000574045.1	Campylobacterota;Spirochaetota;Bacillota	1623691;4211649;2913450	test	3	3	3	69.365117	51.749435	86.399183	51.749435	medium	50-200	20000-100000	2000	0.8-1.2	random_per_contaminant_copy	30.0	1.0	5.0	0.3	0.15	0.6	0	2	14	16	959922	
genome_926	926	92	6	7392006	set_C_clean	GB_GCA_947084965.1	Patescibacteriota	Bacteria	d__Bacteria;p__Patescibacteriota;c__Patescibacteriia;o__UBA9934;f__UBA9568;g__CAMTUG01;s__CAMTUG01 sp947084965	test	927471	673711	673711	RS_GCF_039617635.1;RS_GCF_000371345.1;RS_GCF_002209045.1	Pseudomonadota;Pseudomonadota;Campylobacterota	2690253;3291421;1696130	test	3	3	3	74.310145	72.639576	84.461927	72.639576	highly_fragmented	500-2000	1000-5000	500	0.8-1.2	random_per_contaminant_copy	30.0	1.0	5.0	0.3	0.15	0.6	0	4	4	8	1347422	
genome_927	927	92	7	7392007	set_C_clean	GB_GCA_947084965.1	Patescibacteriota	Bacteria	d__Bacteria;p__Patescibacteriota;c__Patescibacteriia;o__UBA9934;f__UBA9568;g__CAMTUG01;s__CAMTUG01 sp947084965	test	927471	927471	589047	GB_GCA_947345715.1;RS_GCF_001209605.1;RS_GCF_964251655.1;GB_GCA_948606105.1	Bacteroidota;Bacillota;Bacteroidota;Verrucomicrobiota	2879761;2880379;5190305;2676426	test	4	4	4	62.681465	100.0	63.51114	63.511096	low	200-500	5000-20000	1000	0.8-1.2	random_per_contaminant_copy	30.0	1.0	5.0	0.3	0.15	0.6	0	2	24	26	1516518	
genome_928	928	92	8	7392008	set_C_clean	GB_GCA_947084965.1	Patescibacteriota	Bacteria	d__Bacteria;p__Patescibacteriota;c__Patescibacteriia;o__UBA9934;f__UBA9568;g__CAMTUG01;s__CAMTUG01 sp947084965	test	927471	742960	742960	RS_GCF_015074805.1;RS_GCF_012102105.2;RS_GCF_036917395.1;RS_GCF_019733695.1;GB_GCA_958453915.1	Pseudomonadota;Pseudomonadota;Cyanobacteriota;Bacteroidota;Pseudomonadota	4984172;5758102;7123819;6232805;4679243	test	5	5	5	59.473214	80.106009	83.818497	80.106009	medium	50-200	20000-100000	2000	0.8-1.2	random_per_contaminant_copy	30.0	1.0	5.0	0.3	0.15	0.6	0	1	6	7	1485920	
genome_929	929	92	9	7392009	set_C_clean	GB_GCA_947084965.1	Patescibacteriota	Bacteria	d__Bacteria;p__Patescibacteriota;c__Patescibacteriia;o__UBA9934;f__UBA9568;g__CAMTUG01;s__CAMTUG01 sp947084965	test	927471	813581	349948	RS_GCF_946576955.1;RS_GCF_009847295.1;RS_GCF_036959945.1	Campylobacterota;Bacillota;Actinomycetota	1571232;1849432;2319586	test	3	3	3	92.185005	87.720371	37.731509	37.731422	low	200-500	5000-20000	1000	0.8-1.2	random_per_contaminant_copy	30.0	1.0	5.0	0.3	0.15	0.6	0	7	11	18	1163529	
genome_930	930	93	0	7393000	set_C_clean	GB_GCA_948772475.1	Patescibacteriota	Bacteria	d__Bacteria;p__Patescibacteriota;c__Saccharimonadia;o__Saccharimonadales;f__Nanosyncoccaceae;g__Nanosyncoccus;s__Nanosyncoccus sp947570505	test	948525	948525	637078	RS_GCF_900038435.1;RS_GCF_025779975.1	Bacillota;Pseudomonadota	2830574;5472048	test	2	2	2	84.190542	100.0	67.165173	67.165125	low	200-500	5000-20000	1000	0.8-1.2	random_per_contaminant_copy	30.0	1.0	5.0	0.3	0.15	0.6	0	5	1	6	1585603	
genome_931	931	93	1	7393001	set_C_clean	GB_GCA_948772475.1	Patescibacteriota	Bacteria	d__Bacteria;p__Patescibacteriota;c__Saccharimonadia;o__Saccharimonadales;f__Nanosyncoccaceae;g__Nanosyncoccus;s__Nanosyncoccus sp947570505	test	948525	948525	444624	RS_GCF_030436115.1;RS_GCF_037555585.1;RS_GCF_033972825.1	Spirochaetota;Pseudomonadota;Pseudomonadota	1186527;5035911;5101176	test	3	3	3	96.992421	100.0	46.875397	46.875306	high	10-50	100000-500000	5000	0.8-1.2	random_per_contaminant_copy	30.0	1.0	5.0	0.3	0.15	0.6	0	1	2	3	1393149	
genome_932	932	93	2	7393002	set_C_clean	GB_GCA_948772475.1	Patescibacteriota	Bacteria	d__Bacteria;p__Patescibacteriota;c__Saccharimonadia;o__Saccharimonadales;f__Nanosyncoccaceae;g__Nanosyncoccus;s__Nanosyncoccus sp947570505	test	948525	948525	329821	RS_GCF_900482475.1;RS_GCF_900136605.1	Pseudomonadota;Actinomycetota	5120044;5009808	test	2	2	2	63.92702	100.0	34.772053	34.771988	high	10-50	100000-500000	5000	0.8-1.2	random_per_contaminant_copy	30.0	1.0	5.0	0.3	0.15	0.6	0	1	17	18	1278346	
genome_933	933	93	3	7393003	set_C_clean	GB_GCA_948772475.1	Patescibacteriota	Bacteria	d__Bacteria;p__Patescibacteriota;c__Saccharimonadia;o__Saccharimonadales;f__Nanosyncoccaceae;g__Nanosyncoccus;s__Nanosyncoccus sp947570505	test	948525	858912	333768	GB_GCA_910577725.1	Bacteroidota	2874986	test	1	1	1	88.846035	90.552384	35.188168	35.188108	highly_fragmented	500-2000	1000-5000	500	0.8-1.2	random_per_contaminant_copy	30.0	1.0	5.0	0.3	0.15	0.6	0	8	1	9	1192680	
genome_934	934	93	4	7393004	set_C_clean	GB_GCA_948772475.1	Patescibacteriota	Bacteria	d__Bacteria;p__Patescibacteriota;c__Saccharimonadia;o__Saccharimonadales;f__Nanosyncoccaceae;g__Nanosyncoccus;s__Nanosyncoccus sp947570505	test	948525	585963	268512	RS_GCF_015275705.1;RS_GCF_947382555.1;RS_GCF_001456295.2	Bacillota;Bacteroidota;Pseudomonadota	2755650;1888830;2705820	test	3	3	3	53.539889	61.776232	35.309783	28.308374	low	200-500	5000-20000	1000	0.8-1.2	random_per_contaminant_copy	30.0	1.0	5.0	0.3	0.15	0.6	0	2	12	14	854475	
genome_935	935	93	5	7393005	set_C_clean	GB_GCA_948772475.1	Patescibacteriota	Bacteria	d__Bacteria;p__Patescibacteriota;c__Saccharimonadia;o__Saccharimonadales;f__Nanosyncoccaceae;g__Nanosyncoccus;s__Nanosyncoccus sp947570505	test	948525	810330	474081	GB_GCA_000495675.1;RS_GCF_037893335.1;GB_GCA_000486225.1;RS_GCF_030930005.1;RS_GCF_030166735.1	Thermoproteota;Fusobacteriota;Pseudomonadota;Pseudomonadota;Actinomycetota	1548506;2504786;4581366;5501239;3963249	test	5	5	5	87.363407	85.430537	49.980868	49.980865	medium	50-200	20000-100000	2000	0.8-1.2	random_per_contaminant_copy	30.0	1.0	5.0	0.3	0.15	0.6	0	5	7	12	1284411	
genome_936	936	93	6	7393006	set_C_clean	GB_GCA_948772475.1	Patescibacteriota	Bacteria	d__Bacteria;p__Patescibacteriota;c__Saccharimonadia;o__Saccharimonadales;f__Nanosyncoccaceae;g__Nanosyncoccus;s__Nanosyncoccus sp947570505	test	948525	948525	341354	GB_GCA_948903665.1	Desulfobacterota_I	2225654	test	1	1	1	63.200053	100.0	35.987964	35.987876	high	10-50	100000-500000	5000	0.8-1.2	random_per_contaminant_copy	30.0	1.0	5.0	0.3	0.15	0.6	0	1	1	2	1289879	
genome_937	937	93	7	7393007	set_C_clean	GB_GCA_948772475.1	Patescibacteriota	Bacteria	d__Bacteria;p__Patescibacteriota;c__Saccharimonadia;o__Saccharimonadales;f__Nanosyncoccaceae;g__Nanosyncoccus;s__Nanosyncoccus sp947570505	test	948525	845164	434428	RS_GCF_949097285.1;GB_GCA_030803795.1	Bacteroidota;Actinomycetota	2923497;5299503	test	2	2	2	94.864962	89.102976	45.800438	45.800374	highly_fragmented	500-2000	1000-5000	500	0.8-1.2	random_per_contaminant_copy	30.0	1.0	5.0	0.3	0.15	0.6	0	8	27	35	1279592	
genome_938	938	93	8	7393008	set_C_clean	GB_GCA_948772475.1	Patescibacteriota	Bacteria	d__Bacteria;p__Patescibacteriota;c__Saccharimonadia;o__Saccharimonadales;f__Nanosyncoccaceae;g__Nanosyncoccus;s__Nanosyncoccus sp947570505	test	948525	546300	410227	RS_GCF_019458925.1;RS_GCF_900039785.1	Pseudomonadota;Bacillota	4732260;2834146	test	2	2	2	93.503675	57.594686	69.956035	43.248939	medium	50-200	20000-100000	2000	0.8-1.2	random_per_contaminant_copy	30.0	1.0	5.0	0.3	0.15	0.6	0	2	11	13	956527	
genome_939	939	93	9	7393009	set_C_clean	GB_GCA_948772475.1	Patescibacteriota	Bacteria	d__Bacteria;p__Patescibacteriota;c__Saccharimonadia;o__Saccharimonadales;f__Nanosyncoccaceae;g__Nanosyncoccus;s__Nanosyncoccus sp947570505	test	948525	774583	201994	RS_GCF_001735655.2;GB_GCA_001356875.1;RS_GCF_012889735.1;RS_GCF_001878205.1	Bacillota;Pseudomonadota;Campylobacterota;Campylobacterota	2929940;4696408;1653603;1636562	test	4	4	4	81.260301	81.661843	21.295637	21.295591	medium	50-200	20000-100000	2000	0.8-1.2	random_per_contaminant_copy	30.0	1.0	5.0	0.3	0.15	0.6	0	7	4	11	976577	
genome_940	940	94	0	7394000	set_C_clean	GB_GCA_948780445.1	Patescibacteriota	Bacteria	d__Bacteria;p__Patescibacteriota;c__Saccharimonadia;o__Saccharimonadales;f__Nanosyncoccaceae;g__Nanosyncoccus;s__Nanosyncoccus sp948851665	test	871446	871446	222729	RS_GCF_031842595.1;RS_GCF_002032315.1;RS_GCF_036211765.1;RS_GCF_030326615.1	Bacillota;Pseudomonadota;Bacillota;Bacteroidota	2745156;4804786;3652597;3810047	test	4	4	4	82.361201	100.0	28.199718	25.558554	high	10-50	100000-500000	5000	0.8-1.2	random_per_contaminant_copy	30.0	1.0	5.0	0.3	0.15	0.6	0	1	8	9	1094175	
genome_941	941	94	1	7394001	set_C_clean	GB_GCA_948780445.1	Patescibacteriota	Bacteria	d__Bacteria;p__Patescibacteriota;c__Saccharimonadia;o__Saccharimonadales;f__Nanosyncoccaceae;g__Nanosyncoccus;s__Nanosyncoccus sp948851665	test	871446	871446	660049	RS_GCF_030717825.1;GB_GCA_040388535.1;RS_GCF_004919385.1;GB_GCA_019856215.1	Pseudomonadota;Gemmatimonadota;Pseudomonadota;Bacillota	4779452;3718562;4987243;2060302	test	4	4	4	81.328352	100.0	75.741845	75.741813	high	10-50	100000-500000	5000	0.8-1.2	random_per_contaminant_copy	30.0	1.0	5.0	0.3	0.15	0.6	0	1	5	6	1531495	
genome_942	942	94	2	7394002	set_C_clean	GB_GCA_948780445.1	Patescibacteriota	Bacteria	d__Bacteria;p__Patescibacteriota;c__Saccharimonadia;o__Saccharimonadales;f__Nanosyncoccaceae;g__Nanosyncoccus;s__Nanosyncoccus sp948851665	test	871446	692787	692786	RS_GCF_002017315.1;RS_GCF_019041835.1	Pseudomonadota;Actinomycetota	4092826;2147933	test	2	2	2	85.200567	79.498558	94.105628	79.498443	low	200-500	5000-20000	1000	0.8-1.2	random_per_contaminant_copy	30.0	1.0	5.0	0.3	0.15	0.6	0	2	9	11	1385573	
genome_943	943	94	3	7394003	set_C_clean	GB_GCA_948780445.1	Patescibacteriota	Bacteria	d__Bacteria;p__Patescibacteriota;c__Saccharimonadia;o__Saccharimonadales;f__Nanosyncoccaceae;g__Nanosyncoccus;s__Nanosyncoccus sp948851665	test	871446	871446	405463	RS_GCF_013177455.1;GB_GCA_947367655.1;GB_GCA_900548375.1;RS_GCF_026158725.1	Actinomycetota;Desulfobacterota_I;Cyanobacteriota;Pseudomonadota	4391338;2787683;1882926;1895870	test	4	4	4	90.222269	100.0	46.527641	46.52761	high	10-50	100000-500000	5000	0.8-1.2	random_per_contaminant_copy	30.0	1.0	5.0	0.3	0.15	0.6	0	1	2	3	1276909	
genome_944	944	94	4	7394004	set_C_clean	GB_GCA_948780445.1	Patescibacteriota	Bacteria	d__Bacteria;p__Patescibacteriota;c__Saccharimonadia;o__Saccharimonadales;f__Nanosyncoccaceae;g__Nanosyncoccus;s__Nanosyncoccus sp948851665	test	871446	709845	139598	RS_GCF_033972825.1;RS_GCF_027688395.1;RS_GCF_021496075.1;RS_GCF_001069835.1;RS_GCF_900140085.1	Pseudomonadota;Bacillota;Bacillota;Bacillota;Actinomycetota	5101176;2932715;2447700;2035965;4904342	test	5	5	5	76.358669	81.455994	16.019144	16.019122	low	200-500	5000-20000	1000	0.8-1.2	random_per_contaminant_copy	30.0	1.0	5.0	0.3	0.15	0.6	0	3	2	5	849443	
genome_945	945	94	5	7394005	set_C_clean	GB_GCA_948780445.1	Patescibacteriota	Bacteria	d__Bacteria;p__Patescibacteriota;c__Saccharimonadia;o__Saccharimonadales;f__Nanosyncoccaceae;g__Nanosyncoccus;s__Nanosyncoccus sp948851665	test	871446	663505	518319	RS_GCF_016425315.1;RS_GCF_022341195.1;RS_GCF_014648775.1	Bacillota;Pseudomonadota;Actinomycetota	2804837;6369649;7000866	test	3	3	3	76.392977	76.138395	59.82444	59.47804	highly_fragmented	500-2000	1000-5000	500	0.8-1.2	random_per_contaminant_copy	30.0	1.0	5.0	0.3	0.15	0.6	0	24	13	37	1181824	
genome_946	946	94	6	7394006	set_C_clean	GB_GCA_948780445.1	Patescibacteriota	Bacteria	d__Bacteria;p__Patescibacteriota;c__Saccharimonadia;o__Saccharimonadales;f__Nanosyncoccaceae;g__Nanosyncoccus;s__Nanosyncoccus sp948851665	test	871446	468975	109015	RS_GCF_008658315.1;RS_GCF_032576375.1;RS_GCF_002201495.1;RS_GCF_025000425.1	Bacillota;Bacillota;Verrucomicrobiota;Actinomycetota	2451186;1800492;2737357;3789435	test	4	4	4	53.408335	53.815727	12.509739	12.509668	highly_fragmented	500-2000	1000-5000	500	0.8-1.2	random_per_contaminant_copy	30.0	1.0	5.0	0.3	0.15	0.6	0	14	4	18	577990	
genome_947	947	94	7	7394007	set_C_clean	GB_GCA_948780445.1	Patescibacteriota	Bacteria	d__Bacteria;p__Patescibacteriota;c__Saccharimonadia;o__Saccharimonadales;f__Nanosyncoccaceae;g__Nanosyncoccus;s__Nanosyncoccus sp948851665	test	871446	871446	83906	RS_GCF_003325135.1;GB_GCA_963540805.1;RS_GCF_025144995.1;RS_GCF_002952535.1	Pseudomonadota;Bacteroidota;Bacteroidota;Campylobacterota	5262637;1825144;2857445;1674019	test	4	4	4	54.128482	100.0	9.628448	9.628365	medium	50-200	20000-100000	2000	0.8-1.2	random_per_contaminant_copy	30.0	1.0	5.0	0.3	0.15	0.6	0	1	3	4	955352	
genome_948	948	94	8	7394008	set_C_clean	GB_GCA_948780445.1	Patescibacteriota	Bacteria	d__Bacteria;p__Patescibacteriota;c__Saccharimonadia;o__Saccharimonadales;f__Nanosyncoccaceae;g__Nanosyncoccus;s__Nanosyncoccus sp948851665	test	871446	871446	450656	RS_GCF_949468545.1;RS_GCF_004306595.1;RS_GCF_900479515.1	Thermotogota;Pseudomonadota;Pseudomonadota	2087802;7595959;5183892	test	3	3	3	76.721275	100.0	51.758922	51.713589	medium	50-200	20000-100000	2000	0.8-1.2	random_per_contaminant_copy	30.0	1.0	5.0	0.3	0.15	0.6	0	1	78	79	1322102	
genome_949	949	94	9	7394009	set_C_clean	GB_GCA_948780445.1	Patescibacteriota	Bacteria	d__Bacteria;p__Patescibacteriota;c__Saccharimonadia;o__Saccharimonadales;f__Nanosyncoccaceae;g__Nanosyncoccus;s__Nanosyncoccus sp948851665	test	871446	871446	615306	RS_GCF_041080845.2;RS_GCF_003790525.1;GB_GCA_038020165.1	Pseudomonadota;Pseudomonadota;Pseudomonadota	2458744;6162737;4744059	test	3	3	3	60.227365	100.0	71.356082	70.607473	high	10-50	100000-500000	5000	0.8-1.2	random_per_contaminant_copy	30.0	1.0	5.0	0.3	0.15	0.6	0	1	8	9	1486752	
genome_950	950	95	0	7395000	set_C_clean	GB_GCA_963521755.1	Patescibacteriota	Bacteria	d__Bacteria;p__Patescibacteriota;c__Saccharimonadia;o__Saccharimonadales;f__Saccharimonadaceae;g__Saccharimonas;s__Saccharimonas sp937981355	test	1131498	1005975	110926	RS_GCF_002951195.1;RS_GCF_002762135.3	Pseudomonadota;Pseudomonadota	5326503;5193062	test	2	2	2	97.846957	88.906476	9.803516	9.803464	highly_fragmented	500-2000	1000-5000	500	0.8-1.2	random_per_contaminant_copy	30.0	1.0	5.0	0.3	0.15	0.6	0	20	1	21	1116901	
genome_951	951	95	1	7395001	set_C_clean	GB_GCA_963521755.1	Patescibacteriota	Bacteria	d__Bacteria;p__Patescibacteriota;c__Saccharimonadia;o__Saccharimonadales;f__Saccharimonadaceae;g__Saccharimonas;s__Saccharimonas sp937981355	test	1131498	729026	729026	GB_GCA_949036665.1;RS_GCF_001429125.1;RS_GCF_000243255.1;RS_GCF_025460045.1	Bacteroidota;Pseudomonadota;Halobacteriota;Campylobacterota	2583917;7480339;3200946;1673713	test	4	4	4	66.331414	64.430162	88.465553	64.430162	low	200-500	5000-20000	1000	0.8-1.2	random_per_contaminant_copy	30.0	1.0	5.0	0.3	0.15	0.6	0	6	22	28	1458052	
genome_952	952	95	2	7395002	set_C_clean	GB_GCA_963521755.1	Patescibacteriota	Bacteria	d__Bacteria;p__Patescibacteriota;c__Saccharimonadia;o__Saccharimonadales;f__Saccharimonadaceae;g__Saccharimonas;s__Saccharimonas sp937981355	test	1131498	565751	435495	RS_GCF_001498635.1;RS_GCF_002443325.1;GB_GCA_948621705.1	Campylobacterota;Bacillota;Bacteroidota	1664151;2868804;2593134	test	3	3	3	85.244321	50.000177	38.488402	38.488358	low	200-500	5000-20000	1000	0.8-1.2	random_per_contaminant_copy	30.0	1.0	5.0	0.3	0.15	0.6	0	4	38	42	1001246	
genome_953	953	95	3	7395003	set_C_clean	GB_GCA_963521755.1	Patescibacteriota	Bacteria	d__Bacteria;p__Patescibacteriota;c__Saccharimonadia;o__Saccharimonadales;f__Saccharimonadaceae;g__Saccharimonas;s__Saccharimonas sp937981355	test	1131498	1004405	1002434	RS_GCF_020254495.1	Pseudomonadota	3952176	test	1	1	1	96.313951	88.767722	88.593555	88.593528	highly_fragmented	500-2000	1000-5000	500	0.8-1.2	random_per_contaminant_copy	30.0	1.0	5.0	0.3	0.15	0.6	0	32	22	54	2006839	
genome_954	954	95	4	7395004	set_C_clean	GB_GCA_963521755.1	Patescibacteriota	Bacteria	d__Bacteria;p__Patescibacteriota;c__Saccharimonadia;o__Saccharimonadales;f__Saccharimonadaceae;g__Saccharimonas;s__Saccharimonas sp937981355	test	1131498	882843	534731	RS_GCF_000280925.3;GB_GCA_029007335.1;RS_GCF_040361335.1	Myxococcota;Bacillota;Pseudomonadota	9490432;1185370;3558089	test	3	3	3	77.969272	78.024265	62.045384	47.258678	highly_fragmented	500-2000	1000-5000	500	0.8-1.2	random_per_contaminant_copy	30.0	1.0	5.0	0.3	0.15	0.6	0	13	7	20	1417574	
genome_955	955	95	5	7395005	set_C_clean	GB_GCA_963521755.1	Patescibacteriota	Bacteria	d__Bacteria;p__Patescibacteriota;c__Saccharimonadia;o__Saccharimonadales;f__Saccharimonadaceae;g__Saccharimonas;s__Saccharimonas sp937981355	test	1131498	900162	23395	RS_GCF_019733695.1;GB_GCA_018779705.1;RS_GCF_019243485.1	Bacteroidota;Verrucomicrobiota;Pseudomonadota	6232805;3242029;4286070	test	3	3	3	82.303441	79.554891	2.067658	2.067613	high	10-50	100000-500000	5000	0.8-1.2	random_per_contaminant_copy	30.0	1.0	5.0	0.3	0.15	0.6	0	1	1	2	923557	
genome_956	956	95	6	7395006	set_C_clean	GB_GCA_963521755.1	Patescibacteriota	Bacteria	d__Bacteria;p__Patescibacteriota;c__Saccharimonadia;o__Saccharimonadales;f__Saccharimonadaceae;g__Saccharimonas;s__Saccharimonas sp937981355	test	1131498	724608	706626	GB_GCA_013450215.1;RS_GCF_900105065.1	Pseudomonadota;Actinomycetota	1605723;4717614	test	2	2	2	58.447919	64.039707	76.862151	62.450486	high	10-50	100000-500000	5000	0.8-1.2	random_per_contaminant_copy	30.0	1.0	5.0	0.3	0.15	0.6	0	2	16	18	1431234	
genome_957	957	95	7	7395007	set_C_clean	GB_GCA_963521755.1	Patescibacteriota	Bacteria	d__Bacteria;p__Patescibacteriota;c__Saccharimonadia;o__Saccharimonadales;f__Saccharimonadaceae;g__Saccharimonas;s__Saccharimonas sp937981355	test	1131498	962564	179537	RS_GCF_007831035.1	Bacillota	4221553	test	1	1	1	85.752759	85.069881	15.867261	15.867196	highly_fragmented	500-2000	1000-5000	500	0.8-1.2	random_per_contaminant_copy	30.0	1.0	5.0	0.3	0.15	0.6	0	23	1	24	1142101	
genome_958	958	95	8	7395008	set_C_clean	GB_GCA_963521755.1	Patescibacteriota	Bacteria	d__Bacteria;p__Patescibacteriota;c__Saccharimonadia;o__Saccharimonadales;f__Saccharimonadaceae;g__Saccharimonas;s__Saccharimonas sp937981355	test	1131498	968282	98434	RS_GCF_948616865.1;GB_GCA_036487465.1;RS_GCF_021013115.1	Bacteroidota;Pseudomonadota;Pseudomonadota	1915788;5641433;6546397	test	3	3	3	90.566784	85.575229	8.69947	8.699441	highly_fragmented	500-2000	1000-5000	500	0.8-1.2	random_per_contaminant_copy	30.0	1.0	5.0	0.3	0.15	0.6	0	166	1	167	1066716	
genome_959	959	95	9	7395009	set_C_clean	GB_GCA_963521755.1	Patescibacteriota	Bacteria	d__Bacteria;p__Patescibacteriota;c__Saccharimonadia;o__Saccharimonadales;f__Saccharimonadaceae;g__Saccharimonas;s__Saccharimonas sp937981355	test	1131498	794341	397101	GB_GCA_958443615.1	Actinomycetota	1998853	test	1	1	1	70.613615	70.202599	35.095199	35.095157	highly_fragmented	500-2000	1000-5000	500	0.8-1.2	random_per_contaminant_copy	30.0	1.0	5.0	0.3	0.15	0.6	0	28	1	29	1191442	
genome_960	960	96	0	7396000	set_C_clean	GB_GCA_963619335.1	Patescibacteriota	Bacteria	d__Bacteria;p__Patescibacteriota;c__Saccharimonadia;o__Saccharimonadales;f__Nanosyncoccaceae;g__Nanosyncoccus;s__Nanosyncoccus sp963619335	test	775697	775697	412183	RS_GCF_900174485.1	Pseudomonadota	3103217	test	1	1	1	92.844371	100.0	53.13716	53.137114	low	200-500	5000-20000	1000	0.8-1.2	random_per_contaminant_copy	30.0	1.0	5.0	0.3	0.15	0.6	0	2	51	53	1187880	
genome_961	961	96	1	7396001	set_C_clean	GB_GCA_963619335.1	Patescibacteriota	Bacteria	d__Bacteria;p__Patescibacteriota;c__Saccharimonadia;o__Saccharimonadales;f__Nanosyncoccaceae;g__Nanosyncoccus;s__Nanosyncoccus sp963619335	test	775697	515921	514811	GB_GCA_944320305.1;RS_GCF_000015345.1;RS_GCF_025000425.1;RS_GCF_016806695.1	Bacteroidota;Pseudomonadota;Actinomycetota;Campylobacterota	2716599;1389350;3789435;1447069	test	4	4	4	82.046789	66.510635	66.367601	66.367538	medium	50-200	20000-100000	2000	0.8-1.2	random_per_contaminant_copy	30.0	1.0	5.0	0.3	0.15	0.6	0	1	11	12	1030732	
genome_962	962	96	2	7396002	set_C_clean	GB_GCA_963619335.1	Patescibacteriota	Bacteria	d__Bacteria;p__Patescibacteriota;c__Saccharimonadia;o__Saccharimonadales;f__Nanosyncoccaceae;g__Nanosyncoccus;s__Nanosyncoccus sp963619335	test	775697	509258	283930	RS_GCF_900474015.1	Cyanobacteriota	2479535	test	1	1	1	62.933183	65.651666	36.603239	36.60321	highly_fragmented	500-2000	1000-5000	500	0.8-1.2	random_per_contaminant_copy	30.0	1.0	5.0	0.3	0.15	0.6	0	9	1	10	793188	
genome_963	963	96	3	7396003	set_C_clean	GB_GCA_963619335.1	Patescibacteriota	Bacteria	d__Bacteria;p__Patescibacteriota;c__Saccharimonadia;o__Saccharimonadales;f__Nanosyncoccaceae;g__Nanosyncoccus;s__Nanosyncoccus sp963619335	test	775697	440683	37349	GB_GCA_000495675.1;RS_GCF_041080335.1;RS_GCF_033796645.1	Thermoproteota;Pseudomonadota;Pseudomonadota	1548506;3927084;6394290	test	3	3	3	68.802439	56.811229	4.815015	4.814896	low	200-500	5000-20000	1000	0.8-1.2	random_per_contaminant_copy	30.0	1.0	5.0	0.3	0.15	0.6	0	3	1	4	478032	
genome_964	964	96	4	7396004	set_C_clean	GB_GCA_963619335.1	Patescibacteriota	Bacteria	d__Bacteria;p__Patescibacteriota;c__Saccharimonadia;o__Saccharimonadales;f__Nanosyncoccaceae;g__Nanosyncoccus;s__Nanosyncoccus sp963619335	test	775697	775697	138446	RS_GCF_900046315.1	Bacillota	2804087	test	1	1	1	64.268055	100.0	17.847976	17.847948	medium	50-200	20000-100000	2000	0.8-1.2	random_per_contaminant_copy	30.0	1.0	5.0	0.3	0.15	0.6	0	1	1	2	914143	
genome_965	965	96	5	7396005	set_C_clean	GB_GCA_963619335.1	Patescibacteriota	Bacteria	d__Bacteria;p__Patescibacteriota;c__Saccharimonadia;o__Saccharimonadales;f__Nanosyncoccaceae;g__Nanosyncoccus;s__Nanosyncoccus sp963619335	test	775697	775697	135176	RS_GCF_900146735.1;RS_GCF_009887795.1	Pseudomonadota;Pseudomonadota	6678569;3965718	test	2	2	2	51.723574	100.0	25.403249	17.426392	medium	50-200	20000-100000	2000	0.8-1.2	random_per_contaminant_copy	30.0	1.0	5.0	0.3	0.15	0.6	0	1	18	19	910873	
genome_966	966	96	6	7396006	set_C_clean	GB_GCA_963619335.1	Patescibacteriota	Bacteria	d__Bacteria;p__Patescibacteriota;c__Saccharimonadia;o__Saccharimonadales;f__Nanosyncoccaceae;g__Nanosyncoccus;s__Nanosyncoccus sp963619335	test	775697	500089	500089	RS_GCF_030757015.1	Campylobacterota	1736361	test	1	1	1	65.603491	64.469632	91.823374	64.469632	low	200-500	5000-20000	1000	0.8-1.2	random_per_contaminant_copy	30.0	1.0	5.0	0.3	0.15	0.6	0	19	6	25	1000178	
genome_967	967	96	7	7396007	set_C_clean	GB_GCA_963619335.1	Patescibacteriota	Bacteria	d__Bacteria;p__Patescibacteriota;c__Saccharimonadia;o__Saccharimonadales;f__Nanosyncoccaceae;g__Nanosyncoccus;s__Nanosyncoccus sp963619335	test	775697	690522	249926	RS_GCF_040687575.1;RS_GCF_013296005.1;RS_GCF_948527705.1;RS_GCF_027670945.1	Actinomycetota;Bacillota;Bacteroidota;Actinomycetota	8971593;6140033;2532410;2235164	test	4	4	4	98.217469	89.019553	32.219584	32.219539	highly_fragmented	500-2000	1000-5000	500	0.8-1.2	random_per_contaminant_copy	30.0	1.0	5.0	0.3	0.15	0.6	0	42	5	47	940448	
genome_968	968	96	8	7396008	set_C_clean	GB_GCA_963619335.1	Patescibacteriota	Bacteria	d__Bacteria;p__Patescibacteriota;c__Saccharimonadia;o__Saccharimonadales;f__Nanosyncoccaceae;g__Nanosyncoccus;s__Nanosyncoccus sp963619335	test	775697	714964	298511	RS_GCF_000956475.1;RS_GCF_001074525.1;RS_GCF_002844755.2	Actinomycetota;Bacillota;Chlamydiota	3953585;1839495;1173638	test	3	3	3	60.48987	92.170525	38.482939	38.482939	medium	50-200	20000-100000	2000	0.8-1.2	random_per_contaminant_copy	30.0	1.0	5.0	0.3	0.15	0.6	0	1	1	2	1013475	
genome_969	969	96	9	7396009	set_C_clean	GB_GCA_963619335.1	Patescibacteriota	Bacteria	d__Bacteria;p__Patescibacteriota;c__Saccharimonadia;o__Saccharimonadales;f__Nanosyncoccaceae;g__Nanosyncoccus;s__Nanosyncoccus sp963619335	test	775697	775697	611103	RS_GCF_003731235.1;GB_GCA_001361155.1;RS_GCF_009767685.1	Pseudomonadota;Pseudomonadota;Pseudomonadota	5163237;4781179;4917520	test	3	3	3	70.381338	100.0	78.781174	78.781148	medium	50-200	20000-100000	2000	0.8-1.2	random_per_contaminant_copy	30.0	1.0	5.0	0.3	0.15	0.6	0	1	1	2	1386800	
genome_970	970	97	0	7397000	set_C_clean	GB_GCA_963623365.1	Patescibacteriota	Bacteria	d__Bacteria;p__Patescibacteriota;c__Saccharimonadia;o__Saccharimonadales;f__Nanosyncoccaceae;g__UBA2834;s__UBA2834 sp963623365	test	811683	580895	6214	RS_GCF_036106915.1	Actinomycetota	9087065	test	1	1	1	63.472368	71.566732	0.765651	0.76557	medium	50-200	20000-100000	2000	0.8-1.2	random_per_contaminant_copy	30.0	1.0	5.0	0.3	0.15	0.6	0	1	1	2	587109	
genome_971	971	97	1	7397001	set_C_clean	GB_GCA_963623365.1	Patescibacteriota	Bacteria	d__Bacteria;p__Patescibacteriota;c__Saccharimonadia;o__Saccharimonadales;f__Nanosyncoccaceae;g__UBA2834;s__UBA2834 sp963623365	test	811683	738776	255040	RS_GCF_011327275.1	Bacillota	2090402	test	1	1	1	70.425109	91.017799	31.421148	31.421134	medium	50-200	20000-100000	2000	0.8-1.2	random_per_contaminant_copy	30.0	1.0	5.0	0.3	0.15	0.6	0	1	1	2	993816	
genome_972	972	97	2	7397002	set_C_clean	GB_GCA_963623365.1	Patescibacteriota	Bacteria	d__Bacteria;p__Patescibacteriota;c__Saccharimonadia;o__Saccharimonadales;f__Nanosyncoccaceae;g__UBA2834;s__UBA2834 sp963623365	test	811683	811683	162772	RS_GCF_023516495.1;RS_GCF_028682195.1	Pseudomonadota;Pseudomonadota	2226119;6134896	test	2	2	2	69.987532	100.0	20.053662	20.053642	high	10-50	100000-500000	5000	0.8-1.2	random_per_contaminant_copy	30.0	1.0	5.0	0.3	0.15	0.6	0	1	1	2	974455	
genome_973	973	97	3	7397003	set_C_clean	GB_GCA_963623365.1	Patescibacteriota	Bacteria	d__Bacteria;p__Patescibacteriota;c__Saccharimonadia;o__Saccharimonadales;f__Nanosyncoccaceae;g__UBA2834;s__UBA2834 sp963623365	test	811683	558289	558289	RS_GCF_022493655.1;RS_GCF_017176615.1;GB_GCA_029952375.1	Pseudomonadota;Actinomycetota;Bacillota	4909725;5066727;3655496	test	3	3	3	67.715581	68.781655	89.808321	68.781655	highly_fragmented	500-2000	1000-5000	500	0.8-1.2	random_per_contaminant_copy	30.0	1.0	5.0	0.3	0.15	0.6	0	18	3	21	1116578	
genome_974	974	97	4	7397004	set_C_clean	GB_GCA_963623365.1	Patescibacteriota	Bacteria	d__Bacteria;p__Patescibacteriota;c__Saccharimonadia;o__Saccharimonadales;f__Nanosyncoccaceae;g__UBA2834;s__UBA2834 sp963623365	test	811683	811683	602653	RS_GCF_003040275.1	Bacillota	2311384	test	1	1	1	86.909019	100.0	74.24744	74.247335	high	10-50	100000-500000	5000	0.8-1.2	random_per_contaminant_copy	30.0	1.0	5.0	0.3	0.15	0.6	0	1	34	35	1414336	
genome_975	975	97	5	7397005	set_C_clean	GB_GCA_963623365.1	Patescibacteriota	Bacteria	d__Bacteria;p__Patescibacteriota;c__Saccharimonadia;o__Saccharimonadales;f__Nanosyncoccaceae;g__UBA2834;s__UBA2834 sp963623365	test	811683	450549	47381	RS_GCF_030412945.1;RS_GCF_040546065.1;GB_GCA_948852585.1	Bacteroidota;Actinomycetota;Bacillota	3785210;2431895;2588804	test	3	3	3	55.984135	55.508	13.466739	5.837377	medium	50-200	20000-100000	2000	0.8-1.2	random_per_contaminant_copy	30.0	1.0	5.0	0.3	0.15	0.6	0	2	4	6	497930	
genome_976	976	97	6	7397006	set_C_clean	GB_GCA_963623365.1	Patescibacteriota	Bacteria	d__Bacteria;p__Patescibacteriota;c__Saccharimonadia;o__Saccharimonadales;f__Nanosyncoccaceae;g__UBA2834;s__UBA2834 sp963623365	test	811683	525219	310098	RS_GCF_036173045.1;RS_GCF_040408465.1;RS_GCF_001900575.1;RS_GCF_900511035.1;RS_GCF_005080865.1	Actinomycetota;Bacillota;Pseudomonadota;Pseudomonadota;Pseudomonadota	9730517;2431652;4677457;5515281;630615	test	5	5	5	50.575242	64.707404	38.204352	38.204324	medium	50-200	20000-100000	2000	0.8-1.2	random_per_contaminant_copy	30.0	1.0	5.0	0.3	0.15	0.6	0	3	6	9	835317	
genome_977	977	97	7	7397007	set_C_clean	GB_GCA_963623365.1	Patescibacteriota	Bacteria	d__Bacteria;p__Patescibacteriota;c__Saccharimonadia;o__Saccharimonadales;f__Nanosyncoccaceae;g__UBA2834;s__UBA2834 sp963623365	test	811683	811683	634147	GB_GCA_028597815.1;GB_GCA_947500845.1;RS_GCF_007096245.1;RS_GCF_000740335.1;GB_GCA_001356875.1	Pseudomonadota;Bacteroidota;Pseudomonadota;Pseudomonadota;Pseudomonadota	5066944;4703881;4591739;3312751;4696408	test	5	5	5	91.272088	100.0	78.127501	78.127422	low	200-500	5000-20000	1000	0.8-1.2	random_per_contaminant_copy	30.0	1.0	5.0	0.3	0.15	0.6	0	5	8	13	1445830	
genome_978	978	97	8	7397008	set_C_clean	GB_GCA_963623365.1	Patescibacteriota	Bacteria	d__Bacteria;p__Patescibacteriota;c__Saccharimonadia;o__Saccharimonadales;f__Nanosyncoccaceae;g__UBA2834;s__UBA2834 sp963623365	test	811683	811683	195847	RS_GCF_002040385.1;RS_GCF_002269085.1;RS_GCF_001761805.1;GB_GCA_949345835.1;RS_GCF_004769285.1	Pseudomonadota;Pseudomonadota;Campylobacterota;Bacteroidota;Spirochaetota	4735914;5016267;1807158;2424501;4235722	test	5	5	5	73.488042	100.0	24.128582	24.128508	medium	50-200	20000-100000	2000	0.8-1.2	random_per_contaminant_copy	30.0	1.0	5.0	0.3	0.15	0.6	0	1	5	6	1007530	
genome_979	979	97	9	7397009	set_C_clean	GB_GCA_963623365.1	Patescibacteriota	Bacteria	d__Bacteria;p__Patescibacteriota;c__Saccharimonadia;o__Saccharimonadales;f__Nanosyncoccaceae;g__UBA2834;s__UBA2834 sp963623365	test	811683	811683	322534	RS_GCF_003075715.1;RS_GCF_001175745.1;GB_GCA_001360715.1;RS_GCF_000056065.1	Bacillota;Bacillota;Pseudomonadota;Bacillota	2872424;2125488;4710251;1864998	test	4	4	4	86.771107	100.0	39.736461	39.736449	medium	50-200	20000-100000	2000	0.8-1.2	random_per_contaminant_copy	30.0	1.0	5.0	0.3	0.15	0.6	0	1	10	11	1134217	
genome_980	980	98	0	7398000	set_C_clean	GB_GCA_963636795.1	Patescibacteriota	Bacteria	d__Bacteria;p__Patescibacteriota;c__Saccharimonadia;o__Saccharimonadales;f__Nanosyncoccaceae;g__UBA2834;s__UBA2834 sp963623365	test	855488	731621	182388	RS_GCF_000825065.1;GB_GCA_948856135.1;RS_GCF_035807135.1;RS_GCF_040616535.1;GB_GCA_035798115.1	Actinomycetota;Bacteroidota;Bacillota;Pseudomonadota;Bacteroidota	2791569;2488114;4113831;4797729;3637598	test	5	5	5	93.409746	85.520896	21.319834	21.319761	low	200-500	5000-20000	1000	0.8-1.2	random_per_contaminant_copy	30.0	1.0	5.0	0.3	0.15	0.6	0	8	2	10	914009	
genome_981	981	98	1	7398001	set_C_clean	GB_GCA_963636795.1	Patescibacteriota	Bacteria	d__Bacteria;p__Patescibacteriota;c__Saccharimonadia;o__Saccharimonadales;f__Nanosyncoccaceae;g__UBA2834;s__UBA2834 sp963623365	test	855488	855488	100820	RS_GCF_039541915.1	Bacteroidota	7547406	test	1	1	1	70.524796	100.0	11.785156	11.785086	medium	50-200	20000-100000	2000	0.8-1.2	random_per_contaminant_copy	30.0	1.0	5.0	0.3	0.15	0.6	0	1	1	2	956308	
genome_982	982	98	2	7398002	set_C_clean	GB_GCA_963636795.1	Patescibacteriota	Bacteria	d__Bacteria;p__Patescibacteriota;c__Saccharimonadia;o__Saccharimonadales;f__Nanosyncoccaceae;g__UBA2834;s__UBA2834 sp963623365	test	855488	855488	741730	RS_GCF_022576935.1;RS_GCF_000013225.1;GB_GCA_943913235.1	Pseudomonadota;Cyanobacteriota;Actinomycetota	3407389;3046682;2815658	test	3	3	3	99.048861	100.0	86.702657	86.70256	high	10-50	100000-500000	5000	0.8-1.2	random_per_contaminant_copy	30.0	1.0	5.0	0.3	0.15	0.6	0	1	46	47	1597218	
genome_983	983	98	3	7398003	set_C_clean	GB_GCA_963636795.1	Patescibacteriota	Bacteria	d__Bacteria;p__Patescibacteriota;c__Saccharimonadia;o__Saccharimonadales;f__Nanosyncoccaceae;g__UBA2834;s__UBA2834 sp963623365	test	855488	698791	236339	RS_GCF_000362965.1;RS_GCF_000800235.1;RS_GCF_000713195.1;RS_GCF_021175145.1;RS_GCF_009847995.1	Bacillota;Pseudomonadota;Pseudomonadota;Pseudomonadota;Bacillota	2940354;2195266;4763495;3935173;1799305	test	5	5	5	73.648341	81.68332	27.626268	27.62622	highly_fragmented	500-2000	1000-5000	500	0.8-1.2	random_per_contaminant_copy	30.0	1.0	5.0	0.3	0.15	0.6	0	8	7	15	935130	
genome_984	984	98	4	7398004	set_C_clean	GB_GCA_963636795.1	Patescibacteriota	Bacteria	d__Bacteria;p__Patescibacteriota;c__Saccharimonadia;o__Saccharimonadales;f__Nanosyncoccaceae;g__UBA2834;s__UBA2834 sp963623365	test	855488	855488	740021	RS_GCF_002979775.1;RS_GCF_900138685.1	Actinomycetota;Actinomycetota	5191664;4826600	test	2	2	2	76.474089	100.0	86.502804	86.502791	high	10-50	100000-500000	5000	0.8-1.2	random_per_contaminant_copy	30.0	1.0	5.0	0.3	0.15	0.6	0	1	3	4	1595509	
genome_985	985	98	5	7398005	set_C_clean	GB_GCA_963636795.1	Patescibacteriota	Bacteria	d__Bacteria;p__Patescibacteriota;c__Saccharimonadia;o__Saccharimonadales;f__Nanosyncoccaceae;g__UBA2834;s__UBA2834 sp963623365	test	855488	855488	115080	RS_GCF_002117975.1;RS_GCF_000159455.2;RS_GCF_013403385.1;RS_GCF_017254985.1	Desulfobacterota;Bacillota;Pseudomonadota;Pseudomonadota	4337996;2316838;5012643;4866323	test	4	4	4	51.637908	100.0	13.452023	13.451971	medium	50-200	20000-100000	2000	0.8-1.2	random_per_contaminant_copy	30.0	1.0	5.0	0.3	0.15	0.6	0	2	3	5	970568	
genome_986	986	98	6	7398006	set_C_clean	GB_GCA_963636795.1	Patescibacteriota	Bacteria	d__Bacteria;p__Patescibacteriota;c__Saccharimonadia;o__Saccharimonadales;f__Nanosyncoccaceae;g__UBA2834;s__UBA2834 sp963623365	test	855488	629120	307471	RS_GCF_003588565.1;GB_GCA_001355715.1;RS_GCF_003607055.1;RS_GCF_002912825.1;RS_GCF_006507675.1	Bacillota;Pseudomonadota;Bacillota;Campylobacterota;Pseudomonadota	2936207;4688591;2932926;1842803;3289429	test	5	5	5	70.579608	73.539313	35.941018	35.941007	low	200-500	5000-20000	1000	0.8-1.2	random_per_contaminant_copy	30.0	1.0	5.0	0.3	0.15	0.6	0	3	3	6	936591	
genome_987	987	98	7	7398007	set_C_clean	GB_GCA_963636795.1	Patescibacteriota	Bacteria	d__Bacteria;p__Patescibacteriota;c__Saccharimonadia;o__Saccharimonadales;f__Nanosyncoccaceae;g__UBA2834;s__UBA2834 sp963623365	test	855488	645310	163942	RS_GCF_904067625.1	Pseudomonadota	6335486	test	1	1	1	57.569911	75.4318	19.163672	19.163565	high	10-50	100000-500000	5000	0.8-1.2	random_per_contaminant_copy	30.0	1.0	5.0	0.3	0.15	0.6	0	1	2	3	809252	
genome_988	988	98	8	7398008	set_C_clean	GB_GCA_963636795.1	Patescibacteriota	Bacteria	d__Bacteria;p__Patescibacteriota;c__Saccharimonadia;o__Saccharimonadales;f__Nanosyncoccaceae;g__UBA2834;s__UBA2834 sp963623365	test	855488	855488	48834	RS_GCF_002953415.1;GB_GCA_934872375.1	Deinococcota;Bacillota	3567228;2439648	test	2	2	2	73.390001	100.0	5.708395	5.708321	medium	50-200	20000-100000	2000	0.8-1.2	random_per_contaminant_copy	30.0	1.0	5.0	0.3	0.15	0.6	0	1	2	3	904322	
genome_989	989	98	9	7398009	set_C_clean	GB_GCA_963636795.1	Patescibacteriota	Bacteria	d__Bacteria;p__Patescibacteriota;c__Saccharimonadia;o__Saccharimonadales;f__Nanosyncoccaceae;g__UBA2834;s__UBA2834 sp963623365	test	855488	450588	450587	RS_GCF_964028285.1;RS_GCF_028396445.1	Pseudomonadota;Bacteroidota	1423723;4490394	test	2	2	2	50.805324	52.670289	74.974032	52.670172	low	200-500	5000-20000	1000	0.8-1.2	random_per_contaminant_copy	30.0	1.0	5.0	0.3	0.15	0.6	0	7	2	9	901175	
genome_990	990	99	0	7399000	set_C_clean	GB_GCA_963978955.1	Patescibacteriota	Bacteria	d__Bacteria;p__Patescibacteriota;c__Microgenomatia;o__UBA1400;f__PJMF01;g__CG2-30-36-39;s__CG2-30-36-39 sp018657765	test	951770	951770	469574	RS_GCF_902158665.1;RS_GCF_004684285.1;RS_GCF_036492715.1;RS_GCF_014302295.1	Pseudomonadota;Chloroflexota;Bacillota;Bacillota	6052172;1422358;2998287;5090475	test	4	4	4	98.078822	100.0	49.336981	49.33692	low	200-500	5000-20000	1000	0.8-1.2	random_per_contaminant_copy	30.0	1.0	5.0	0.3	0.15	0.6	0	4	10	14	1421344	
genome_991	991	99	1	7399001	set_C_clean	GB_GCA_963978955.1	Patescibacteriota	Bacteria	d__Bacteria;p__Patescibacteriota;c__Microgenomatia;o__UBA1400;f__PJMF01;g__CG2-30-36-39;s__CG2-30-36-39 sp018657765	test	951770	570946	570946	RS_GCF_022642445.1;GB_GCA_016788065.1;RS_GCF_016432665.1;RS_GCF_003976375.1;GB_GCA_900468675.1	Bacillota;Bacteroidota;Actinomycetota;Pseudomonadota;Pseudomonadota	2581306;4262431;7435252;7036422;5956582	test	5	5	5	57.311576	59.987812	91.05655	59.987812	low	200-500	5000-20000	1000	0.8-1.2	random_per_contaminant_copy	30.0	1.0	5.0	0.3	0.15	0.6	0	9	2	11	1141892	
genome_992	992	99	2	7399002	set_C_clean	GB_GCA_963978955.1	Patescibacteriota	Bacteria	d__Bacteria;p__Patescibacteriota;c__Microgenomatia;o__UBA1400;f__PJMF01;g__CG2-30-36-39;s__CG2-30-36-39 sp018657765	test	951770	951770	334656	RS_GCF_002129755.1;RS_GCF_039561365.1;GB_GCA_948838905.1	Actinomycetota;Bacillota;Campylobacterota	4406734;2029827;1780496	test	3	3	3	94.396075	100.0	35.161438	35.161436	high	10-50	100000-500000	5000	0.8-1.2	random_per_contaminant_copy	30.0	1.0	5.0	0.3	0.15	0.6	0	1	8	9	1286426	
genome_993	993	99	3	7399003	set_C_clean	GB_GCA_963978955.1	Patescibacteriota	Bacteria	d__Bacteria;p__Patescibacteriota;c__Microgenomatia;o__UBA1400;f__PJMF01;g__CG2-30-36-39;s__CG2-30-36-39 sp018657765	test	951770	951770	538202	GB_GCA_040609035.1;RS_GCF_900004795.1	Actinomycetota;Pseudomonadota	6685897;6360224	test	2	2	2	74.55041	100.0	56.547529	56.547485	high	10-50	100000-500000	5000	0.8-1.2	random_per_contaminant_copy	30.0	1.0	5.0	0.3	0.15	0.6	0	1	31	32	1489972	
genome_994	994	99	4	7399004	set_C_clean	GB_GCA_963978955.1	Patescibacteriota	Bacteria	d__Bacteria;p__Patescibacteriota;c__Microgenomatia;o__UBA1400;f__PJMF01;g__CG2-30-36-39;s__CG2-30-36-39 sp018657765	test	951770	951770	356615	RS_GCF_002942335.1;RS_GCF_034119265.1;RS_GCF_001835345.1;RS_GCF_040543505.1;RS_GCF_018704155.1	Pseudomonadota;Spirochaetota;Pseudomonadota;Bacillota;Spirochaetota	4441391;2407057;4638107;2781053;3036731	test	5	5	5	87.048689	100.0	37.468716	37.468611	high	10-50	100000-500000	5000	0.8-1.2	random_per_contaminant_copy	30.0	1.0	5.0	0.3	0.15	0.6	0	1	1	2	1308385	
genome_995	995	99	5	7399005	set_C_clean	GB_GCA_963978955.1	Patescibacteriota	Bacteria	d__Bacteria;p__Patescibacteriota;c__Microgenomatia;o__UBA1400;f__PJMF01;g__CG2-30-36-39;s__CG2-30-36-39 sp018657765	test	951770	667209	485162	RS_GCF_003061965.1;RS_GCF_024721495.1;GB_GCA_949111045.1;RS_GCF_900088755.1;RS_GCF_900607915.1	Bacillota;Pseudomonadota;Bacteroidota;Bacillota;Pseudomonadota	1964272;5088465;2682706;2039206;6621013	test	5	5	5	65.730864	70.101915	50.974787	50.97471	low	200-500	5000-20000	1000	0.8-1.2	random_per_contaminant_copy	30.0	1.0	5.0	0.3	0.15	0.6	0	3	6	9	1152371	
genome_996	996	99	6	7399006	set_C_clean	GB_GCA_963978955.1	Patescibacteriota	Bacteria	d__Bacteria;p__Patescibacteriota;c__Microgenomatia;o__UBA1400;f__PJMF01;g__CG2-30-36-39;s__CG2-30-36-39 sp018657765	test	951770	951770	670232	RS_GCF_949292065.1;RS_GCF_039993895.1;RS_GCF_022430545.2;RS_GCF_013321275.1	Spirochaetota;Acidobacteriota;Actinomycetota;Pseudomonadota	2654274;4038441;5522624;6715945	test	4	4	4	70.103059	100.0	70.419585	70.419534	high	10-50	100000-500000	5000	0.8-1.2	random_per_contaminant_copy	30.0	1.0	5.0	0.3	0.15	0.6	0	1	3	4	1622002	
genome_997	997	99	7	7399007	set_C_clean	GB_GCA_963978955.1	Patescibacteriota	Bacteria	d__Bacteria;p__Patescibacteriota;c__Microgenomatia;o__UBA1400;f__PJMF01;g__CG2-30-36-39;s__CG2-30-36-39 sp018657765	test	951770	732603	215296	RS_GCF_000944875.1;RS_GCF_030501475.1	Bacillota;Bacillota	2041904;4194676	test	2	2	2	78.31699	76.972693	22.620643	22.620591	highly_fragmented	500-2000	1000-5000	500	0.8-1.2	random_per_contaminant_copy	30.0	1.0	5.0	0.3	0.15	0.6	0	38	1	39	947899	
genome_998	998	99	8	7399008	set_C_clean	GB_GCA_963978955.1	Patescibacteriota	Bacteria	d__Bacteria;p__Patescibacteriota;c__Microgenomatia;o__UBA1400;f__PJMF01;g__CG2-30-36-39;s__CG2-30-36-39 sp018657765	test	951770	641273	64269	RS_GCF_013387305.1;RS_GCF_009695745.1;RS_GCF_028207855.1;RS_GCF_000545225.1;RS_GCF_001548675.1	Pseudomonadota;Synergistota;Bacillota;Bacillota;Methanobacteriota	3989249;2525102;2846752;2902577;2273296	test	5	5	5	53.412745	67.376887	6.752617	6.752577	medium	50-200	20000-100000	2000	0.8-1.2	random_per_contaminant_copy	30.0	1.0	5.0	0.3	0.15	0.6	0	2	2	4	705542	
genome_999	999	99	9	7399009	set_C_clean	GB_GCA_963978955.1	Patescibacteriota	Bacteria	d__Bacteria;p__Patescibacteriota;c__Microgenomatia;o__UBA1400;f__PJMF01;g__CG2-30-36-39;s__CG2-30-36-39 sp018657765	test	951770	951770	484002	RS_GCF_948780705.1;RS_GCF_035013485.1;RS_GCF_030250085.1	Campylobacterota;Pseudomonadota;Campylobacterota	1821082;5012193;1700455	test	3	3	3	93.333077	100.0	50.852859	50.852832	high	10-50	100000-500000	5000	0.8-1.2	random_per_contaminant_copy	30.0	1.0	5.0	0.3	0.15	0.6	0	1	15	16	1435772	
