dominant_accession	arm	pair_id	checkm2_severity	ref_checkm2_completeness	ref_checkm2_contamination	checkm2_completeness_deficit	checkm2_contamination_excess	dominant_phylum	comp_bias	cont_bias	comp_mae	cont_mae	n	tool
GB_GCA_000272795.2	H_fail	pair_0000	moderate	91.89	1.61	6.109999999999999	0.0	Pseudomonadota	1.2213266999999945	-3.17987165	1.8545389	3.17987165	10	magicc_v5
GB_GCA_000389905.1	H_fail	pair_0001	severe	85.98	4.38	12.019999999999996	2.38	Actinomycetota	0.3334013000000013	-4.508694499999997	5.1034451	6.536144699999997	10	magicc_v5
GB_GCA_000389925.1	H_fail	pair_0002	severe	84.94	7.32	13.060000000000002	5.32	Actinomycetota	-1.1296110999999982	-1.8894119099999993	3.569906299999998	4.40345083	10	magicc_v5
GB_GCA_000599545.1	H_pass	pair_0017	pass	100.0	0.98	0.0	0.0	Actinomycetota	10.303078	8.5125595	10.303078	8.5125595	10	magicc_v5
GB_GCA_000599965.1	H_pass	pair_0089	pass	99.99	0.17	0.0	0.0	Bacillota	0.015008799999998957	-4.635431299999999	2.2146443999999996	4.635431299999999	10	magicc_v5
GB_GCA_000774075.2	H_fail	pair_0003	severe	85.08	0.38	12.920000000000002	0.0	Bacillota	3.769448400000001	-2.924597348999999	5.118028400000002	4.122619748999999	10	magicc_v5
GB_GCA_001274575.1	H_pass	pair_0134	pass	100.0	0.28	0.0	0.0	Bacillota	0.8136713999999998	1.4844009999999994	4.2928621999999965	3.9046155999999996	10	magicc_v5
GB_GCA_001554095.1	H_fail	pair_0004	moderate	94.34	3.64	3.6599999999999966	1.6400000000000001	Bacillota	2.551700000000001	-0.7857796099999993	2.744206000000001	2.99803571	10	magicc_v5
GB_GCA_001767375.1	H_pass	pair_0087	pass	99.99	0.0	0.0	0.0	Actinomycetota	-0.0014176000000006184	-3.068797800000002	6.0508120000000005	4.238176	10	magicc_v5
GB_GCA_001816225.4	H_fail	pair_0005	moderate	94.2	3.55	3.799999999999997	1.5499999999999998	Bacteroidota	4.803954899999999	-1.7306418000000001	4.829778899999999	3.1926150000000013	10	magicc_v5
GB_GCA_001886995.1	H_fail	pair_0006	mild	100.0	2.01	0.0	0.009999999999999787	Pseudomonadota	0.9493482000000014	-3.0178872999999995	1.8489096000000003	3.8387301000000003	10	magicc_v5
GB_GCA_002117375.1	H_pass	pair_0199	pass	99.81	0.75	0.0	0.0	Bacillota	8.7919375	-1.1142076399999987	9.7794335	4.086191639999997	10	magicc_v5
GB_GCA_002163795.1	H_fail	pair_0007	severe	72.51	0.03	25.489999999999995	0.0	Pseudomonadota	-10.3733339	-15.0840183	11.162907099999998	15.0840183	10	magicc_v5
GB_GCA_002844335.1	H_pass	pair_0156	pass	99.91	0.45	0.0	0.0	Halobacteriota	-8.2551345	-7.5605501	8.2551345	7.969191099999999	10	magicc_v5
GB_GCA_003019195.1	H_fail	pair_0008	mild	96.7	2.15	1.2999999999999972	0.1499999999999999	Pseudomonadota	1.5992963000000011	0.4323499999999987	2.3783730999999997	3.0623754000000027	10	magicc_v5
GB_GCA_003047085.1	H_pass	pair_0057	pass	100.0	0.02	0.0	0.0	Pseudomonadota	6.205764100000001	-5.853024750000001	6.2215141	6.005747150000001	10	magicc_v5
GB_GCA_003071285.1	H_pass	pair_0179	pass	100.0	1.1	0.0	0.0	Pseudomonadota	1.2946923999999995	-1.5499999599999996	2.459173400000002	2.682334559999999	10	magicc_v5
GB_GCA_003359255.2	H_fail	pair_0009	mild	96.23	1.84	1.769999999999996	0.0	Pseudomonadota	7.121041099999998	-5.392504700000001	7.332629499999998	5.392504700000001	10	magicc_v5
GB_GCA_003970805.2	H_fail	pair_0010	mild	97.39	0.74	0.6099999999999994	0.0	Pseudomonadota	-1.8448050000000003	-10.188436400000002	3.877149599999999	10.809015800000001	10	magicc_v5
GB_GCA_003999465.1	H_fail	pair_0011	severe	82.99	0.68	15.010000000000005	0.0	Pseudomonadota	-5.900301499999999	-8.5308201	6.0704967	8.5738361	10	magicc_v5
GB_GCA_006088835.1	H_pass	pair_0058	pass	100.0	0.38	0.0	0.0	Bacillota	4.023859100000001	-2.841859830000001	4.9597441	3.2374569700000024	10	magicc_v5
GB_GCA_007998065.1	H_fail	pair_0012	moderate	91.38	5.23	6.6200000000000045	3.2300000000000004	Pseudomonadota	9.623919599999999	2.7577817	9.623919599999999	5.864396899999999	10	magicc_v5
GB_GCA_007998105.1	H_fail	pair_0013	severe	83.28	5.83	14.719999999999999	3.83	Pseudomonadota	2.5208710999999973	-1.2375718000000016	3.0336678999999984	2.511467800000001	10	magicc_v5
GB_GCA_009664105.1	H_fail	pair_0014	severe	65.13	1.81	32.870000000000005	0.0	Pseudomonadota	-0.3787635000000023	-0.6956759293300017	2.7632059	3.1782215293300005	10	magicc_v5
GB_GCA_010694505.1	H_fail	pair_0015	moderate	95.75	2.3	2.25	0.2999999999999998	Pseudomonadota	0.7582638999999958	-6.763616800000001	2.7457871000000025	6.763616800000001	10	magicc_v5
GB_GCA_011765405.1	H_fail	pair_0016	moderate	94.99	2.75	3.010000000000005	0.75	Pseudomonadota	5.937761	-2.671766315999998	6.518676200000002	3.442667515999998	10	magicc_v5
GB_GCA_012971805.2	H_fail	pair_0017	moderate	100.0	5.26	0.0	3.26	Actinomycetota	15.328970799999999	14.2971576	15.328970799999999	14.2971576	10	magicc_v5
GB_GCA_013127575.1	H_fail	pair_0018	severe	63.72	1.4	34.28	0.0	Pseudomonadota	4.989879100000001	-6.520599712000001	5.8705259000000005	7.168245312000002	10	magicc_v5
GB_GCA_013315855.1	H_fail	pair_0019	mild	99.45	3.59	0.0	1.5899999999999999	Pseudomonadota	2.991004799999998	-3.0495763499999993	3.208048999999999	3.5339623499999995	10	magicc_v5
GB_GCA_014251975.1	H_fail	pair_0020	moderate	94.35	1.0	3.6500000000000057	0.0	Bacteroidota	-14.3264184	-7.0330105750000005	14.3264184	7.165862175000001	10	magicc_v5
GB_GCA_015172915.1	H_fail	pair_0021	severe	89.01	4.3	8.989999999999995	2.3	Pseudomonadota	2.0792700000000033	-7.12197623	5.067031800000001	7.56912463	10	magicc_v5
GB_GCA_015356075.1	H_fail	pair_0022	moderate	91.6	5.13	6.400000000000006	3.13	Pseudomonadota	4.401362600000003	-4.44080123	5.440402400000001	5.529224629999999	10	magicc_v5
GB_GCA_015356095.1	H_pass	pair_0118	pass	98.38	1.01	0.0	0.0	Bacillota	0.30879249999999914	-3.862834450000002	1.8805580999999996	4.468093850000002	10	magicc_v5
GB_GCA_015832325.1	H_fail	pair_0023	severe	83.04	5.92	14.959999999999994	3.92	Pseudomonadota	4.0395799000000014	4.4594173	6.083166299999997	4.5915463	10	magicc_v5
GB_GCA_017068215.1	H_fail	pair_0024	mild	96.12	2.29	1.8799999999999955	0.29000000000000004	Bacillota	4.813331400000001	-3.40917006	5.839654599999999	4.14754346	10	magicc_v5
GB_GCA_017088185.1	H_fail	pair_0025	moderate	94.08	1.99	3.9200000000000017	0.0	Bacillota	0.7954097999999974	-2.528337567	1.9408991999999998	2.695230767000001	10	magicc_v5
GB_GCA_018388625.1	H_fail	pair_0026	severe	84.39	2.38	13.61	0.3799999999999999	Actinomycetota	2.7092799000000007	0.3712288060000006	8.218359699999999	4.632389205999999	10	magicc_v5
GB_GCA_019222725.1	H_pass	pair_0093	pass	100.0	1.47	0.0	0.0	Pseudomonadota	1.4501186000000046	-2.0592363999999996	2.461448999999999	2.9003927999999997	10	magicc_v5
GB_GCA_019551375.1	H_pass	pair_0059	pass	100.0	0.08	0.0	0.0	Bacillota	-0.5616788000000007	-1.9158594999999985	1.0570659999999996	2.5157708999999984	10	magicc_v5
GB_GCA_021401425.1	H_pass	pair_0084	pass	100.0	0.04	0.0	0.0	Bacillota	5.5962903	-8.41356729	6.1811999	8.41356729	10	magicc_v5
GB_GCA_023158875.1	H_fail	pair_0027	moderate	91.6	2.22	6.400000000000006	0.2200000000000002	Spirochaetota	1.9474458000000012	-4.6705596699999985	3.8998713999999977	6.57867287	10	magicc_v5
GB_GCA_023612635.1	H_fail	pair_0028	mild	99.97	3.45	0.0	1.4500000000000002	Pseudomonadota	1.4904592999999984	0.4168532999999973	3.5721387	6.2676199000000015	10	magicc_v5
GB_GCA_024138735.1	H_fail	pair_0029	severe	83.01	2.15	14.989999999999995	0.1499999999999999	Deinococcota	-0.5641270999999968	-1.5020125000000004	2.7022589000000017	6.103613899999999	10	magicc_v5
GB_GCA_024300745.1	H_pass	pair_0019	pass	100.0	0.17	0.0	0.0	Pseudomonadota	1.1847714000000003	-2.8270772000000006	2.099505399999999	3.2831252000000006	10	magicc_v5
GB_GCA_024759545.1	H_fail	pair_0030	mild	96.7	3.73	1.2999999999999972	1.73	Bacteroidota	10.2759961	-5.197175830000001	10.2759961	5.314435630000001	10	magicc_v5
GB_GCA_025757525.1	H_pass	pair_0030	pass	99.98	1.66	0.0	0.0	Bacteroidota	5.741792199999999	0.7843355000000006	6.3832442	2.3806209000000007	10	magicc_v5
GB_GCA_025792475.2	H_fail	pair_0031	mild	99.76	2.19	0.0	0.18999999999999995	Spirochaetota	-1.151493999999999	-3.79417416	4.0397478	3.79417416	10	magicc_v5
GB_GCA_025792575.1	H_fail	pair_0032	severe	76.37	3.94	21.629999999999995	1.94	Pseudomonadota	0.8724387999999997	-4.196298596000001	1.7046011999999997	4.196298596000001	10	magicc_v5
GB_GCA_026073375.1	H_pass	pair_0034	pass	100.0	1.3	0.0	0.0	Bacillota	5.472126700000001	-1.320743560000002	7.188377900000001	5.0539365599999995	10	magicc_v5
GB_GCA_026073395.1	H_fail	pair_0033	mild	100.0	3.54	0.0	1.54	Bacillota	6.916829700000003	-2.400424699999999	7.5054035	5.2330546999999985	10	magicc_v5
GB_GCA_026073495.1	H_fail	pair_0034	mild	100.0	3.85	0.0	1.85	Bacillota	4.031641400000001	-3.3713270500000014	6.8267596	4.87513635	10	magicc_v5
GB_GCA_026073535.1	H_fail	pair_0035	mild	100.0	3.18	0.0	1.1800000000000002	Bacillota	5.304156300000001	-2.9440222229999997	5.623658700000002	3.663711923	10	magicc_v5
GB_GCA_027625415.1	H_fail	pair_0036	severe	84.26	0.02	13.739999999999995	0.0	Campylobacterota	-12.005769599999999	-5.719901267	12.005769599999999	5.7934851730000005	10	magicc_v5
GB_GCA_027941715.1	H_fail	pair_0037	moderate	99.83	6.72	0.0	4.72	Pseudomonadota	5.303903699999999	-4.288854299999999	7.1513051	5.686788299999999	10	magicc_v5
GB_GCA_028201695.1	H_fail	pair_0038	moderate	93.97	5.26	4.030000000000001	3.26	Pseudomonadota	6.149807500000002	-6.289291670000001	6.306814700000003	6.39668507	10	magicc_v5
GB_GCA_028219255.1	H_fail	pair_0039	severe	79.77	6.06	18.230000000000004	4.06	Pseudomonadota	2.124417000000002	-3.431626200000001	4.389688399999999	4.361923800000001	10	magicc_v5
GB_GCA_028570875.1	H_pass	pair_0163	pass	100.0	0.18	0.0	0.0	Pseudomonadota	4.017251800000001	-5.554581699999999	5.1521218000000015	5.626791499999999	10	magicc_v5
GB_GCA_028621915.1	H_fail	pair_0040	moderate	95.59	0.0	2.4099999999999966	0.0	Pseudomonadota	-0.7374229000000014	-0.6438106999999997	3.0388738999999987	2.7168529000000006	10	magicc_v5
GB_GCA_029011745.1	H_fail	pair_0041	mild	99.89	3.96	0.0	1.96	Bacillota	1.8342502999999986	-3.0131636499999974	2.080043100000001	4.007951049999998	10	magicc_v5
GB_GCA_029168395.1	H_fail	pair_0042	mild	99.91	2.91	0.0	0.9100000000000001	Pseudomonadota	4.326788899999997	-3.3701048000000013	5.156732099999997	4.578305600000002	10	magicc_v5
GB_GCA_029632985.2	H_fail	pair_0043	severe	87.14	3.22	10.86	1.2200000000000002	Bacillota	-6.422835899999998	-6.496107594	6.422835899999998	6.548811205999999	10	magicc_v5
GB_GCA_029633425.2	H_pass	pair_0043	pass	99.57	0.85	0.0	0.0	Bacillota	-3.3624413000000017	-10.090148994	3.3624413000000017	10.104242206	10	magicc_v5
GB_GCA_029690025.2	H_fail	pair_0044	moderate	94.73	2.23	3.269999999999996	0.22999999999999998	Bacillota	2.862794199999999	-3.2310549300000004	3.312810999999999	3.430096069999999	10	magicc_v5
GB_GCA_030014105.1	H_fail	pair_0045	moderate	95.83	2.28	2.1700000000000017	0.2799999999999998	Bacillota	1.7666600999999993	-4.79990877	2.728864099999999	5.05469537	10	magicc_v5
GB_GCA_030020405.1	H_pass	pair_0088	pass	100.0	0.28	0.0	0.0	Bacillota	5.246086800000002	4.017551199999999	6.077549	6.20121	10	magicc_v5
GB_GCA_030569355.1	H_pass	pair_0047	pass	100.0	0.36	0.0	0.0	Actinomycetota	1.3103987000000017	-3.127065873	3.1579849000000024	3.5509981269999997	10	magicc_v5
GB_GCA_030573405.1	H_fail	pair_0046	moderate	90.52	1.13	7.480000000000004	0.0	Actinomycetota	0.8976565999999977	-3.05904025	3.1847484000000024	4.1180822500000005	10	magicc_v5
GB_GCA_030576775.1	H_fail	pair_0047	severe	88.75	2.83	9.25	0.8300000000000001	Actinomycetota	-1.1773092000000005	-0.8956653199999989	3.1735776	3.5891276800000007	10	magicc_v5
GB_GCA_030719765.1	H_fail	pair_0048	moderate	93.81	0.44	4.189999999999998	0.0	Campylobacterota	-0.0343174999999988	-4.777174126000001	2.0088490999999977	4.973148214	10	magicc_v5
GB_GCA_030719905.1	H_fail	pair_0049	moderate	93.7	0.36	4.299999999999997	0.0	Campylobacterota	-0.5274066999999988	-7.1668882499999995	2.1682907	8.18871375	10	magicc_v5
GB_GCA_030720005.1	H_pass	pair_0048	pass	98.43	0.74	0.0	0.0	Campylobacterota	-0.9726278999999998	-4.019065292999999	1.4920239000000002	4.019065292999999	10	magicc_v5
GB_GCA_030720205.1	H_pass	pair_0049	pass	99.29	0.33	0.0	0.0	Campylobacterota	-1.4715322	-3.7385961999999977	1.4715322	3.7385961999999977	10	magicc_v5
GB_GCA_030720305.1	H_fail	pair_0050	moderate	93.19	0.22	4.810000000000002	0.0	Campylobacterota	-1.000131599999999	-3.9597214000000007	1.9941097999999968	4.0025898	10	magicc_v5
GB_GCA_030863565.1	H_fail	pair_0051	mild	96.07	3.84	1.9300000000000068	1.8399999999999999	Pseudomonadota	1.0473689999999976	-3.3748424380000017	1.8315299999999965	3.832727838000001	10	magicc_v5
GB_GCA_030994885.1	H_pass	pair_0021	pass	99.99	0.78	0.0	0.0	Pseudomonadota	3.8902766000000026	-6.8627202	4.954952000000001	6.8627202	10	magicc_v5
GB_GCA_033170915.1	H_fail	pair_0052	moderate	94.46	3.06	3.5400000000000063	1.06	Bacillota	3.8494686000000002	-3.4073912000000006	4.0347926	3.4073912000000006	10	magicc_v5
GB_GCA_033181785.1	H_fail	pair_0053	moderate	95.36	2.92	2.6400000000000006	0.9199999999999999	Bacillota	2.4286896	-3.7302613300000003	2.8400142	3.7302613300000003	10	magicc_v5
GB_GCA_033798825.1	H_fail	pair_0054	moderate	94.39	4.45	3.6099999999999994	2.45	Bacillota	5.090811499999998	-5.9997585199999985	5.090811499999998	5.9997585199999985	10	magicc_v5
GB_GCA_033977085.1	H_fail	pair_0055	severe	83.18	5.33	14.819999999999993	3.33	Pseudomonadota	5.4090755	4.006384399999998	9.458392499999997	9.816259000000002	10	magicc_v5
GB_GCA_034480345.1	H_fail	pair_0056	moderate	100.0	7.64	0.0	5.64	Pseudomonadota	3.0228469000000033	-2.2302387499999994	4.3193983000000005	4.267824449999999	10	magicc_v5
GB_GCA_034480465.1	H_fail	pair_0057	mild	100.0	2.2	0.0	0.20000000000000018	Pseudomonadota	3.3456886000000012	-3.099232399999999	3.7728607999999992	3.513746	10	magicc_v5
GB_GCA_035444265.1	H_fail	pair_0058	severe	83.38	2.02	14.620000000000005	0.020000000000000018	Bacillota	4.690498499999999	-3.9752559090000004	4.9641305	5.266934691	10	magicc_v5
GB_GCA_035461165.1	H_fail	pair_0059	severe	81.87	5.59	16.129999999999995	3.59	Bacillota	2.387562599999999	-2.381283400000001	2.917787400000001	3.2887727999999994	10	magicc_v5
GB_GCA_035469665.1	H_fail	pair_0060	severe	88.93	3.68	9.069999999999993	1.6800000000000002	Bacillota	3.4899014999999993	-4.150053999999999	4.309153699999999	4.873768799999999	10	magicc_v5
GB_GCA_035481575.1	H_fail	pair_0061	severe	89.0	3.88	9.0	1.88	Bacillota	6.036165	-5.0821726	6.099511799999999	5.407656999999999	10	magicc_v5
GB_GCA_035491695.1	H_fail	pair_0062	severe	85.87	3.72	12.129999999999995	1.7200000000000002	Bacillota	1.9491883	-2.8396237000000006	3.0424955	4.134226900000001	10	magicc_v5
GB_GCA_035493755.1	H_fail	pair_0063	severe	85.84	2.63	12.159999999999997	0.6299999999999999	Bacillota	2.2449234999999996	-2.80537566	3.4132555000000004	2.93162746	10	magicc_v5
GB_GCA_035495755.1	H_fail	pair_0064	severe	87.25	4.52	10.75	2.5199999999999996	Bacillota	2.2482528999999993	-3.0481062	2.8605471000000016	3.5503358000000005	10	magicc_v5
GB_GCA_035508035.1	H_fail	pair_0065	severe	85.92	4.75	12.079999999999998	2.75	Bacillota	2.6021570999999994	-2.7225343500000005	3.016468900000001	2.943809449999999	10	magicc_v5
GB_GCA_035521615.1	H_fail	pair_0066	severe	86.9	4.33	11.099999999999994	2.33	Bacillota	1.3328847000000017	-1.0642283000000015	3.956933699999998	3.9347931000000003	10	magicc_v5
GB_GCA_035532875.1	H_fail	pair_0067	severe	60.52	5.09	37.48	3.09	Bacillota	1.1551307000000015	-6.2030946999999985	1.7210519000000013	6.2030946999999985	10	magicc_v5
GB_GCA_035536755.1	H_fail	pair_0068	severe	83.76	6.49	14.239999999999995	4.49	Bacillota	0.8990437000000029	-2.5335978599999995	2.055660899999998	3.489431259999999	10	magicc_v5
GB_GCA_035540595.1	H_fail	pair_0069	severe	76.16	5.7	21.840000000000003	3.7	Bacillota	2.158671499999999	-2.844454100000001	2.8603772999999983	3.549633300000001	10	magicc_v5
GB_GCA_035542055.1	H_fail	pair_0070	severe	60.79	5.85	37.21	3.8499999999999996	Bacillota	0.6890773000000003	-3.2377277300000005	2.244040500000002	3.9609847300000007	10	magicc_v5
GB_GCA_035547075.1	H_fail	pair_0071	severe	74.18	6.06	23.819999999999993	4.06	Bacillota	2.6503348000000004	-4.311061399999998	2.9648376	4.473578599999998	10	magicc_v5
GB_GCA_036351975.1	H_fail	pair_0072	severe	75.78	4.56	22.22	2.5599999999999996	Pseudomonadota	4.0073773	-2.3261627999999996	6.4522819	3.2342130000000013	10	magicc_v5
GB_GCA_036872555.1	H_fail	pair_0073	severe	85.75	5.24	12.25	3.24	Bacillota	2.5633280999999997	-4.176835939999999	3.5653585000000008	5.82751746	10	magicc_v5
GB_GCA_037055285.1	H_fail	pair_0074	moderate	90.42	1.61	7.579999999999998	0.0	Pseudomonadota	2.8717780999999993	-0.195540240000002	8.255618899999998	9.433710360000001	10	magicc_v5
GB_GCA_037100235.1	H_fail	pair_0075	moderate	93.17	0.42	4.829999999999998	0.0	Pseudomonadota	-2.699283400000001	-2.466384500000001	3.2291524000000016	3.913860700000002	10	magicc_v5
GB_GCA_037236975.1	H_fail	pair_0076	severe	84.82	1.53	13.180000000000007	0.0	Actinomycetota	2.3902037999999997	-3.8869215169999998	3.689584800000001	4.710083883	10	magicc_v5
GB_GCA_037246145.1	H_fail	pair_0077	moderate	94.42	6.91	3.5799999999999983	4.91	Bacillota	3.241333900000002	-0.9985592299999997	3.620615100000002	4.187738829999999	10	magicc_v5
GB_GCA_037791055.1	H_fail	pair_0078	moderate	94.17	5.11	3.8299999999999983	3.1100000000000003	Pseudomonadota	2.9818872	-1.7126434600000011	3.5847770000000025	1.7355691400000013	10	magicc_v5
GB_GCA_037794445.1	H_fail	pair_0079	moderate	95.54	4.82	2.4599999999999937	2.8200000000000003	Pseudomonadota	5.2921700000000005	-2.5743119000000005	5.549867999999999	4.3969019000000005	10	magicc_v5
GB_GCA_037888935.1	H_fail	pair_0080	severe	53.21	0.19	44.79	0.0	Actinomycetota	0.6848526999999998	-3.3059780099999982	2.3070692999999998	4.253941489999998	10	magicc_v5
GB_GCA_039513915.1	H_pass	pair_0036	pass	99.97	0.03	0.0	0.0	Campylobacterota	0.03479159999999979	-2.0163024799999993	0.5874705999999975	2.1689345799999993	10	magicc_v5
GB_GCA_039519115.1	H_fail	pair_0081	moderate	93.72	0.51	4.280000000000001	0.0	Campylobacterota	1.106515799999999	-4.64567625	1.587547	5.52512175	10	magicc_v5
GB_GCA_039955015.1	H_fail	pair_0082	severe	85.16	4.17	12.840000000000003	2.17	Bacillota	7.283135500000002	-10.269935799999999	7.5529725	11.28661	10	magicc_v5
GB_GCA_040084615.1	H_fail	pair_0083	severe	84.86	4.75	13.14	2.75	Bacillota	1.8283863000000005	-8.0307536	4.489826900000001	8.0307536	10	magicc_v5
GB_GCA_040084665.1	H_fail	pair_0084	severe	76.35	4.44	21.650000000000006	2.4400000000000004	Bacillota	2.364664499999999	-6.98464165	2.5054478999999987	6.98464165	10	magicc_v5
GB_GCA_040215705.1	H_fail	pair_0085	mild	99.65	2.67	0.0	0.6699999999999999	Pseudomonadota	3.773193900000001	-1.2657197999999994	4.076125900000003	3.623817800000001	10	magicc_v5
GB_GCA_040268345.1	H_fail	pair_0086	moderate	95.09	0.23	2.9099999999999966	0.0	Spirochaetota	-10.818004900000002	-1.266133949999999	10.837612700000001	5.197818149999998	10	magicc_v5
GB_GCA_040556325.1	H_fail	pair_0087	moderate	95.82	0.43	2.180000000000007	0.0	Actinomycetota	0.5731297000000026	0.8443863000000016	3.6501019	2.5375639	10	magicc_v5
GB_GCA_040782855.1	H_fail	pair_0088	severe	66.81	6.83	31.189999999999998	4.83	Bacillota	7.671185899999999	1.8777657999999982	7.7261219	3.836342399999998	10	magicc_v5
GB_GCA_040782895.1	H_fail	pair_0089	severe	83.86	3.8	14.14	1.7999999999999998	Bacillota	0.36482820000000016	-7.3148622	1.0919004000000008	7.3148622	10	magicc_v5
GB_GCA_041026445.1	H_fail	pair_0090	severe	88.39	6.66	9.61	4.66	Pseudomonadota	6.278830200000002	-2.858807788	6.278830200000002	3.993808587999999	10	magicc_v5
GB_GCA_900478345.1	H_fail	pair_0091	mild	96.3	2.27	1.7000000000000028	0.27	Pseudomonadota	3.7329917999999997	-5.271904200000002	3.7329917999999997	5.271904200000002	10	magicc_v5
GB_GCA_900635565.1	H_fail	pair_0092	mild	99.99	2.11	0.0	0.10999999999999988	Pseudomonadota	2.2820755000000013	-2.6353005999999977	2.8996403000000006	3.373567199999999	10	magicc_v5
GB_GCA_900635675.1	H_fail	pair_0093	moderate	93.79	3.57	4.209999999999994	1.5699999999999998	Pseudomonadota	4.389319100000003	-2.0768881000000006	4.525303100000003	2.695561100000002	10	magicc_v5
GB_GCA_947044355.1	H_fail	pair_0094	mild	97.71	0.0	0.29000000000000625	0.0	Pseudomonadota	-6.471887100000001	-8.908054419999997	6.562073500000001	8.908054419999997	10	magicc_v5
GB_GCA_963676115.1	H_fail	pair_0095	severe	76.18	0.03	21.819999999999993	0.0	Pseudomonadota	-12.4673708	-5.678339400000001	16.7004334	12.1266584	10	magicc_v5
RS_GCF_000010805.1	H_pass	pair_0162	pass	100.0	0.76	0.0	0.0	Actinomycetota	13.5991847	12.046231900000002	13.5991847	12.046231900000002	10	magicc_v5
RS_GCF_000011525.1	H_pass	pair_0025	pass	100.0	0.1	0.0	0.0	Bacillota	0.6240656000000016	-1.9807340500000012	1.1360178000000019	2.008285050000002	10	magicc_v5
RS_GCF_000023945.1	H_pass	pair_0133	pass	99.98	0.45	0.0	0.0	Halobacteriota	5.744463800000002	-5.978697399999999	5.9715782	5.978697399999999	10	magicc_v5
RS_GCF_000025985.1	H_pass	pair_0005	pass	99.91	0.63	0.0	0.0	Bacteroidota	8.304875400000004	-7.4181100099999995	8.722155400000004	7.8001766099999985	10	magicc_v5
RS_GCF_000183185.1	H_pass	pair_0187	pass	99.46	0.07	0.0	0.0	Bacillota	1.8359681999999993	-5.791435399999999	2.9266647999999975	6.623249200000001	10	magicc_v5
RS_GCF_000194745.1	H_pass	pair_0113	pass	100.0	1.74	0.0	0.0	Pseudomonadota	5.837823999999998	9.3612372	6.9581526	9.48485	10	magicc_v5
RS_GCF_000223905.1	H_pass	pair_0145	pass	99.98	0.57	0.0	0.0	Halobacteriota	-0.8209834999999999	-7.238651719999998	4.414377699999998	8.74585732	10	magicc_v5
RS_GCF_000239475.1	H_fail	pair_0096	moderate	94.67	0.15	3.3299999999999983	0.0	Spirochaetota	-6.137651199999998	3.6290229	7.5034915999999985	7.819252299999998	10	magicc_v5
RS_GCF_000255195.1	H_fail	pair_0097	mild	100.0	2.05	0.0	0.04999999999999982	Actinomycetota	2.584955700000003	-5.429187213999999	5.141293700000003	5.429187213999999	10	magicc_v5
RS_GCF_000282715.1	H_pass	pair_0180	pass	100.0	0.69	0.0	0.0	Actinomycetota	-4.388467499999999	3.397145260000001	6.0591723	4.602560859999999	10	magicc_v5
RS_GCF_000294515.1	H_pass	pair_0026	pass	99.99	0.11	0.0	0.0	Actinomycetota	2.5028985000000015	-0.12159100000000041	5.088146699999999	2.7417366000000003	10	magicc_v5
RS_GCF_000307105.1	H_pass	pair_0127	pass	100.0	1.56	0.0	0.0	Desulfobacterota	1.4555871000000011	5.6417518000000015	9.1862015	6.258318600000001	10	magicc_v5
RS_GCF_000307165.1	H_pass	pair_0173	pass	99.99	0.07	0.0	0.0	Bacillota	-14.319840599999997	0.36204270000000066	18.5974908	13.1190533	10	magicc_v5
RS_GCF_000350205.1	H_pass	pair_0002	pass	100.0	1.06	0.0	0.0	Actinomycetota	0.21218059999999994	-2.2415125300000014	3.409757599999998	3.5919661900000017	10	magicc_v5
RS_GCF_000422095.1	H_pass	pair_0090	pass	100.0	0.14	0.0	0.0	Pseudomonadota	8.4553929	-6.680839700000002	9.1155005	7.770762500000001	10	magicc_v5
RS_GCF_000512205.2	H_fail	pair_0098	mild	100.0	2.39	0.0	0.3900000000000001	Pseudomonadota	19.637027099999997	16.365307340000005	19.637027099999997	16.365307340000005	10	magicc_v5
RS_GCF_000626615.2	H_pass	pair_0060	pass	100.0	0.13	0.0	0.0	Bacillota	0.1258711000000005	-2.5910941999999992	1.8792058999999965	3.2290553999999987	10	magicc_v5
RS_GCF_000691565.1	H_fail	pair_0099	moderate	100.0	7.83	0.0	5.83	Pseudomonadota	5.6365842000000015	1.8095077799999995	5.655128200000002	2.27342878	10	magicc_v5
RS_GCF_000739085.1	H_pass	pair_0157	pass	99.99	0.35	0.0	0.0	Actinomycetota	-4.244319700000003	-5.567467600000001	6.8058337000000035	7.2127848	10	magicc_v5
RS_GCF_000764615.1	H_fail	pair_0100	mild	100.0	2.19	0.0	0.18999999999999995	Pseudomonadota	3.971272999999999	0.2712460000000007	4.0792303999999975	2.6221484000000004	10	magicc_v5
RS_GCF_000770495.1	H_fail	pair_0101	mild	100.0	2.09	0.0	0.08999999999999986	Pseudomonadota	4.227097799999996	-0.14256128999999876	4.690220599999996	1.6791740900000005	10	magicc_v5
RS_GCF_000786425.1	H_pass	pair_0028	pass	100.0	0.5	0.0	0.0	Pseudomonadota	1.2448864999999991	-3.2646589999999973	4.383943299999998	5.6578824	10	magicc_v5
RS_GCF_000807375.1	H_pass	pair_0044	pass	100.0	0.57	0.0	0.0	Bacillota	4.8296325999999965	-7.792666030000002	4.965000599999999	7.792666030000002	10	magicc_v5
RS_GCF_000831585.1	H_pass	pair_0099	pass	100.0	0.45	0.0	0.0	Pseudomonadota	2.6642564000000006	-0.5375457599999995	2.7921892	2.636500480000001	10	magicc_v5
RS_GCF_000835305.1	H_pass	pair_0050	pass	99.98	0.18	0.0	0.0	Campylobacterota	0.2596815999999983	-1.957836799999999	1.3888962	3.058892599999999	10	magicc_v5
RS_GCF_000941075.1	H_pass	pair_0183	pass	98.5	0.14	0.0	0.0	Bacillota	10.1781453	1.9466675999999985	10.214630099999999	4.944176600000001	10	magicc_v5
RS_GCF_000956315.1	H_pass	pair_0086	pass	98.53	0.11	0.0	0.0	Spirochaetota	-4.186534100000001	-3.7669550000000003	4.561067700000001	6.279360800000001	10	magicc_v5
RS_GCF_000962775.1	H_fail	pair_0102	moderate	95.98	0.29	2.019999999999996	0.0	Spirochaetota	-7.114917499999999	-1.9549706999999998	8.6668285	7.943246300000001	10	magicc_v5
RS_GCF_000970025.1	H_pass	pair_0103	pass	99.88	0.94	0.0	0.0	Halobacteriota	-1.8713783999999989	-1.2808287399999994	3.7971943999999995	4.3267123399999985	10	magicc_v5
RS_GCF_000970225.1	H_fail	pair_0103	mild	99.99	2.17	0.0	0.16999999999999993	Halobacteriota	2.1163374999999993	-2.5598272000000013	4.2913845	4.2788348	10	magicc_v5
RS_GCF_001077475.1	H_pass	pair_0015	pass	100.0	0.11	0.0	0.0	Pseudomonadota	2.908017200000001	-1.9747487299999988	5.5507176	8.25923393	10	magicc_v5
RS_GCF_001281405.1	H_pass	pair_0104	pass	100.0	0.03	0.0	0.0	Pseudomonadota	-3.729716599999999	-6.282659	7.2206453999999995	6.855380400000001	10	magicc_v5
RS_GCF_001433455.1	H_pass	pair_0170	pass	99.92	0.88	0.0	0.0	Methanobacteriota_B	9.020052299999998	5.116406149999999	9.020052299999998	6.4340477499999995	10	magicc_v5
RS_GCF_001441165.1	H_pass	pair_0125	pass	100.0	0.17	0.0	0.0	Actinomycetota	7.352241999999999	2.706022999999999	7.406475999999998	3.0862005999999993	10	magicc_v5
RS_GCF_001518895.1	H_pass	pair_0014	pass	100.0	0.39	0.0	0.0	Pseudomonadota	6.180702099999998	0.29864559200000096	6.180702099999998	1.9898513920000014	10	magicc_v5
RS_GCF_001554055.1	H_pass	pair_0004	pass	98.67	1.14	0.0	0.0	Bacillota	4.1313451000000025	-2.2834210999999995	4.8049849	3.3583817000000002	10	magicc_v5
RS_GCF_001559035.2	H_fail	pair_0104	mild	100.0	2.71	0.0	0.71	Pseudomonadota	1.7951350000000033	-3.538719529999999	2.926896599999999	5.577478729999998	10	magicc_v5
RS_GCF_001580455.1	H_pass	pair_0018	pass	100.0	1.03	0.0	0.0	Pseudomonadota	1.158079099999999	0.7434024999999989	5.086512900000001	3.9577669	10	magicc_v5
RS_GCF_001623645.2	H_pass	pair_0023	pass	100.0	0.25	0.0	0.0	Pseudomonadota	1.4015166999999984	-1.2973926199999997	3.139090699999996	4.35835356	10	magicc_v5
RS_GCF_001635935.1	H_pass	pair_0153	pass	99.99	0.06	0.0	0.0	Bacillota	0.3798269999999988	-7.850200599999999	1.9615533999999983	7.850200599999999	10	magicc_v5
RS_GCF_001639125.1	H_pass	pair_0081	pass	99.38	0.06	0.0	0.0	Campylobacterota	-0.9964850999999981	-3.2917179999999973	2.700280299999997	3.6347948000000003	10	magicc_v5
RS_GCF_001650295.1	H_fail	pair_0105	mild	100.0	2.06	0.0	0.06000000000000005	Pseudomonadota	3.8788349999999987	0.0416004999999986	4.565922999999999	2.7468041	10	magicc_v5
RS_GCF_001677515.1	H_pass	pair_0008	pass	100.0	0.06	0.0	0.0	Pseudomonadota	4.129702600000002	-0.821741269999999	4.219893200000001	2.0040502699999982	10	magicc_v5
RS_GCF_001680025.1	H_pass	pair_0095	pass	100.0	0.51	0.0	0.0	Pseudomonadota	6.3548846	-0.7564035050000018	6.658724800000002	4.981626905000002	10	magicc_v5
RS_GCF_001717955.1	H_pass	pair_0098	pass	100.0	0.58	0.0	0.0	Pseudomonadota	6.7647938	2.6362240249999993	9.039992600000001	6.907133374999999	10	magicc_v5
RS_GCF_001831455.1	H_fail	pair_0106	mild	99.87	3.06	0.0	1.06	Pseudomonadota	6.361385899999999	0.041968900000000885	8.136663899999999	3.3469190999999996	10	magicc_v5
RS_GCF_001941785.1	H_pass	pair_0124	pass	99.87	0.74	0.0	0.0	Bacillota	9.705895699999997	1.137101100000001	9.711929699999997	4.2165293	10	magicc_v5
RS_GCF_001941975.2	H_pass	pair_0116	pass	99.99	1.17	0.0	0.0	Bacillota	5.235003700000001	1.1413468500000001	9.2985287	7.078144449999999	10	magicc_v5
RS_GCF_001975005.1	H_pass	pair_0065	pass	100.0	0.56	0.0	0.0	Bacillota	2.6740439999999994	-2.3182807700000008	3.3331868	2.930034230000001	10	magicc_v5
RS_GCF_002006355.2	H_fail	pair_0107	mild	100.0	3.05	0.0	1.0499999999999998	Bacillota	9.8367483	5.545849799999999	9.9789143	7.305246399999999	10	magicc_v5
RS_GCF_002007625.1	H_fail	pair_0108	mild	100.0	3.93	0.0	1.9300000000000002	Bacillota	1.6769978999999986	0.3641017299999997	1.9966616999999993	2.5175505300000007	10	magicc_v5
RS_GCF_002055515.1	H_fail	pair_0109	mild	100.0	3.45	0.0	1.4500000000000002	Pseudomonadota	5.7434156	-1.190613160000001	5.7434156	2.973508840000001	10	magicc_v5
RS_GCF_002057455.1	H_pass	pair_0148	pass	100.0	1.77	0.0	0.0	Actinomycetota	16.6858945	13.8214384	16.6858945	13.840815600000003	10	magicc_v5
RS_GCF_002073595.2	H_fail	pair_0110	mild	100.0	2.36	0.0	0.3599999999999999	Pseudomonadota	5.480504000000002	-3.6028317299999997	5.569536000000001	3.6988157299999997	10	magicc_v5
RS_GCF_002095995.1	H_fail	pair_0111	mild	97.15	0.11	0.8499999999999943	0.0	Bacillota	-0.29708660000000153	-1.7978205900000006	1.2263898000000026	2.5748241899999997	10	magicc_v5
RS_GCF_002096015.1	H_pass	pair_0111	pass	98.35	0.11	0.0	0.0	Bacillota	2.3542528999999988	-4.88026065	3.7924636999999977	5.664689450000001	10	magicc_v5
RS_GCF_002111265.1	H_pass	pair_0101	pass	100.0	1.53	0.0	0.0	Pseudomonadota	2.3992648999999986	0.4472177299999981	3.827999899999996	3.324866810000002	10	magicc_v5
RS_GCF_002151485.1	H_fail	pair_0112	mild	96.59	0.19	1.4099999999999966	0.0	Spirochaetota	-5.4952435999999985	-7.754834152999999	5.8067038	8.805747553	10	magicc_v5
RS_GCF_002156705.1	H_pass	pair_0159	pass	99.84	0.46	0.0	0.0	Halobacteriota	0.8545405999999993	-2.5064906000000016	3.6445616000000007	4.554659200000001	10	magicc_v5
RS_GCF_002197305.1	H_pass	pair_0077	pass	100.0	0.11	0.0	0.0	Bacillota	5.736640399999996	-3.3284165000000008	5.766460399999997	3.4437413	10	magicc_v5
RS_GCF_002208115.1	H_pass	pair_0161	pass	100.0	0.34	0.0	0.0	Bdellovibrionota	-0.7046599000000022	-4.705761820000001	4.637030900000001	6.209430020000001	10	magicc_v5
RS_GCF_002208175.1	H_fail	pair_0113	mild	100.0	3.54	0.0	1.54	Pseudomonadota	5.843615400000002	6.44919065	6.868217000000001	8.21566225	10	magicc_v5
RS_GCF_002214445.1	H_fail	pair_0114	mild	96.2	0.05	1.7999999999999972	0.0	Bacillota	-1.4678846	-6.6179017	4.125893199999999	7.948148639999999	10	magicc_v5
RS_GCF_002234575.2	H_fail	pair_0115	moderate	99.99	4.39	0.0	2.3899999999999997	Bacillota	22.7357266	19.2653102	22.7357266	19.2653102	10	magicc_v5
RS_GCF_002257695.2	H_fail	pair_0116	moderate	100.0	6.45	0.0	4.45	Bacillota	20.124647799999998	11.6026899	20.124647799999998	11.6026899	10	magicc_v5
RS_GCF_002355275.1	H_pass	pair_0142	pass	100.0	0.54	0.0	0.0	Pseudomonadota	9.996758100000001	7.74271283	10.527597100000001	8.589143830000001	10	magicc_v5
RS_GCF_002507865.2	H_pass	pair_0094	pass	100.0	0.16	0.0	0.0	Pseudomonadota	-2.1458641999999983	-6.221859350000001	2.474962999999998	6.221859350000001	10	magicc_v5
RS_GCF_002576835.1	H_pass	pair_0024	pass	100.0	0.5	0.0	0.0	Bacillota	5.834674500000001	-3.8135459999999988	5.834674500000001	4.458505	10	magicc_v5
RS_GCF_002741805.2	H_pass	pair_0102	pass	98.16	0.29	0.0	0.0	Spirochaetota	-0.5140607000000003	-4.0592695	2.5126885000000003	5.379583500000001	10	magicc_v5
RS_GCF_002741845.3	H_pass	pair_0096	pass	98.0	0.26	0.0	0.0	Spirochaetota	3.5461298999999995	-1.150534499999998	6.854313300000003	7.3750085	10	magicc_v5
RS_GCF_002760995.1	H_pass	pair_0051	pass	100.0	0.12	0.0	0.0	Pseudomonadota	1.7008638999999994	-4.118806071	2.7969245000000007	5.186616470999999	10	magicc_v5
RS_GCF_003030165.1	H_pass	pair_0052	pass	99.99	0.62	0.0	0.0	Bacillota	0.9840073000000004	-4.145235400000001	2.9756163	4.9072248	10	magicc_v5
RS_GCF_003073695.1	H_fail	pair_0117	mild	100.0	2.91	0.0	0.9100000000000001	Pseudomonadota	5.103069499999997	5.3621601	6.791603099999998	5.485205500000001	10	magicc_v5
RS_GCF_003074755.2	H_pass	pair_0039	pass	100.0	0.61	0.0	0.0	Pseudomonadota	2.2153335999999983	0.20285099999999828	4.0006357999999995	4.726251800000003	10	magicc_v5
RS_GCF_003193685.1	H_pass	pair_0062	pass	100.0	0.25	0.0	0.0	Bacillota	3.7631638999999977	-5.472797599999999	3.813113899999999	5.7456	10	magicc_v5
RS_GCF_003194005.1	H_pass	pair_0064	pass	100.0	0.68	0.0	0.0	Bacillota	-0.5543336000000003	-4.6174886000000015	4.3457756	5.439513000000001	10	magicc_v5
RS_GCF_003354265.1	H_pass	pair_0138	pass	99.81	0.94	0.0	0.0	Bacillota	-0.894226399999998	-5.288243779999998	2.925757	5.55152478	10	magicc_v5
RS_GCF_003355435.1	H_pass	pair_0110	pass	100.0	0.02	0.0	0.0	Pseudomonadota	4.436743799999999	-0.7626616499999999	4.603781799999998	1.97670785	10	magicc_v5
RS_GCF_003429525.1	H_pass	pair_0031	pass	99.99	0.17	0.0	0.0	Spirochaetota	0.31422939999999927	-1.5192521699999992	3.5466308000000013	4.620649030000001	10	magicc_v5
RS_GCF_003595585.1	H_pass	pair_0007	pass	100.0	0.14	0.0	0.0	Pseudomonadota	6.953959300000003	-8.1821091	8.720654300000001	8.785889099999999	10	magicc_v5
RS_GCF_003668795.1	H_pass	pair_0143	pass	100.0	0.17	0.0	0.0	Pseudomonadota	6.0801183000000005	1.147212670000001	7.4415683	4.50263873	10	magicc_v5
RS_GCF_003697265.1	H_pass	pair_0130	pass	100.0	0.65	0.0	0.0	Pseudomonadota	14.9444416	9.5228362	16.677453599999996	10.4502238	10	magicc_v5
RS_GCF_003815755.1	H_pass	pair_0193	pass	100.0	0.17	0.0	0.0	Bacteroidota	6.2078310000000005	4.3845986	6.2078310000000005	5.413565999999999	10	magicc_v5
RS_GCF_003939355.2	H_pass	pair_0037	pass	100.0	0.0	0.0	0.0	Pseudomonadota	1.1759710999999995	-1.4200020000000015	3.789248099999999	3.9803638	10	magicc_v5
RS_GCF_003957785.1	H_fail	pair_0118	mild	100.0	2.29	0.0	0.29000000000000004	Bacillota	4.443628100000001	-6.814387600000001	4.797183900000002	7.674965399999998	10	magicc_v5
RS_GCF_003991565.1	H_fail	pair_0119	moderate	99.99	4.9	0.0	2.9000000000000004	Bacteroidota	1.2510170000000003	4.246528300000001	5.203410400000003	12.638099900000002	10	magicc_v5
RS_GCF_004026165.1	H_pass	pair_0067	pass	100.0	0.2	0.0	0.0	Bacillota	4.577330900000001	-8.1001501	4.627636900000001	8.1001501	10	magicc_v5
RS_GCF_004103735.1	H_pass	pair_0128	pass	98.3	0.81	0.0	0.0	Bacillota	-7.921127499999999	-2.1811863999999987	13.1789625	10.370977199999999	10	magicc_v5
RS_GCF_004117095.1	H_fail	pair_0120	mild	98.53	2.03	0.0	0.029999999999999805	Bacillota	3.3524629999999975	0.01748510000000012	6.244229199999998	6.353230700000002	10	magicc_v5
RS_GCF_004136115.1	H_pass	pair_0079	pass	100.0	0.11	0.0	0.0	Pseudomonadota	3.5597778000000004	-1.5407402599999998	3.9308300000000003	3.1984007399999994	10	magicc_v5
RS_GCF_004353465.2	H_pass	pair_0112	pass	98.56	0.37	0.0	0.0	Spirochaetota	8.5959418	-5.316477153999999	9.813754799999998	7.2728501539999995	10	magicc_v5
RS_GCF_004768725.1	H_pass	pair_0186	pass	99.49	0.11	0.0	0.0	Bacillota	2.716589400000001	1.1808244000000017	3.191250600000001	3.373804000000001	10	magicc_v5
RS_GCF_004847745.1	H_pass	pair_0000	pass	100.0	0.15	0.0	0.0	Pseudomonadota	0.9069367999999998	-3.4746384800000003	1.920575599999998	3.93403718	10	magicc_v5
RS_GCF_005221345.1	H_fail	pair_0121	moderate	100.0	4.36	0.0	2.3600000000000003	Pseudomonadota	4.702290199999999	2.996379199999997	5.743448199999998	4.229087	10	magicc_v5
RS_GCF_005706655.1	H_pass	pair_0140	pass	99.89	0.63	0.0	0.0	Bacteroidota	3.2513043999999978	-1.6280020999999987	3.8173784000000013	2.7561575	10	magicc_v5
RS_GCF_005890135.1	H_pass	pair_0194	pass	100.0	1.27	0.0	0.0	Actinomycetota	-0.723146400000001	-8.265376030000002	2.7936746000000006	8.265376030000002	10	magicc_v5
RS_GCF_006337085.1	H_fail	pair_0122	mild	97.66	1.68	0.3400000000000034	0.0	Pseudomonadota	16.100625899999994	1.3462152499999984	17.039609099999996	5.696995149999998	10	magicc_v5
RS_GCF_006874765.1	H_pass	pair_0197	pass	100.0	0.2	0.0	0.0	Spirochaetota	4.623914299999997	2.2017881999999984	9.230330499999999	8.6397656	10	magicc_v5
RS_GCF_006971785.1	H_pass	pair_0117	pass	100.0	1.31	0.0	0.0	Pseudomonadota	0.9506870999999968	-0.8481943000000001	3.7587376999999984	5.2720744999999996	10	magicc_v5
RS_GCF_007855275.1	H_pass	pair_0188	pass	100.0	0.28	0.0	0.0	Actinomycetota	0.5208037999999988	-5.1833979999999995	4.902928600000001	6.45519	10	magicc_v5
RS_GCF_007923785.2	H_pass	pair_0083	pass	100.0	0.08	0.0	0.0	Bacillota	0.42746220000000223	-9.39074612	2.790906999999997	9.573173919999999	10	magicc_v5
RS_GCF_008254045.1	H_fail	pair_0123	moderate	94.31	1.61	3.6899999999999977	0.0	Planctomycetota	8.777053199999997	13.464725099999999	9.851402399999998	14.017774900000001	10	magicc_v5
RS_GCF_008329885.1	H_pass	pair_0066	pass	100.0	0.14	0.0	0.0	Bacillota	3.964776799999999	-6.036923769999999	4.417473999999997	6.116955029999998	10	magicc_v5
RS_GCF_008728455.1	H_pass	pair_0033	pass	100.0	1.92	0.0	0.0	Bacillota	5.741147000000002	-1.2956776999999984	6.139217200000003	2.1787354999999993	10	magicc_v5
RS_GCF_008802915.1	H_fail	pair_0124	moderate	99.99	5.6	0.0	3.5999999999999996	Bacillota	5.420824699999999	-3.367329899999999	5.5805339	6.3883503	10	magicc_v5
RS_GCF_009176665.1	H_pass	pair_0136	pass	100.0	1.39	0.0	0.0	Pseudomonadota	2.5425962000000006	-7.373751800000001	6.8078465999999995	8.0818786	10	magicc_v5
RS_GCF_009497895.1	H_pass	pair_0072	pass	99.98	0.48	0.0	0.0	Pseudomonadota	9.784078099999999	0.5554094999999986	9.784078099999999	3.7905818999999994	10	magicc_v5
RS_GCF_009646095.1	H_fail	pair_0125	mild	100.0	2.32	0.0	0.31999999999999984	Actinomycetota	-4.6990029999999985	0.9263986299999999	6.1503598	4.64229483	10	magicc_v5
RS_GCF_009662475.1	H_fail	pair_0126	mild	100.0	2.32	0.0	0.31999999999999984	Pseudomonadota	6.7561079000000035	-8.2733806	7.324384300000003	8.6078894	10	magicc_v5
RS_GCF_009688985.1	H_fail	pair_0127	moderate	99.69	8.78	0.0	6.779999999999999	Desulfobacterota	20.0244491	30.702062700000006	20.0244491	30.702062700000006	10	magicc_v5
RS_GCF_009873455.1	H_pass	pair_0045	pass	99.99	0.05	0.0	0.0	Bacillota	1.016745299999998	-1.0788074	2.6872606999999973	2.1686206000000015	10	magicc_v5
RS_GCF_009905195.1	H_pass	pair_0032	pass	100.0	0.13	0.0	0.0	Pseudomonadota	0.7307331000000019	-2.3159849130000003	2.8012019000000024	3.8846343130000003	10	magicc_v5
RS_GCF_009912715.1	H_pass	pair_0071	pass	100.0	0.74	0.0	0.0	Bacillota	3.799823800000001	-3.414908679999999	4.0947266	4.205957079999999	10	magicc_v5
RS_GCF_010669305.1	H_fail	pair_0128	moderate	95.16	0.89	2.8400000000000034	0.0	Bacillota	-4.239262599999997	-0.6714658000000003	7.862545800000001	9.187802600000001	10	magicc_v5
RS_GCF_011068365.1	H_pass	pair_0152	pass	100.0	1.93	0.0	0.0	Pseudomonadota	3.165004200000001	-2.8510491700000022	3.1847433999999994	3.0436530300000024	10	magicc_v5
RS_GCF_011801225.1	H_fail	pair_0129	moderate	94.99	0.7	3.010000000000005	0.0	Actinomycetota	4.133349599999997	-2.8777645	5.1066252	3.269179100000001	10	magicc_v5
RS_GCF_012974105.1	H_pass	pair_0040	pass	100.0	0.01	0.0	0.0	Pseudomonadota	3.2926869999999995	-3.907188810000001	3.4043750000000004	4.0358784100000005	10	magicc_v5
RS_GCF_013001025.1	H_fail	pair_0130	mild	100.0	3.16	0.0	1.1600000000000001	Pseudomonadota	19.364621500000002	7.384996200000003	19.364621500000002	10.585111200000004	10	magicc_v5
RS_GCF_013112015.1	H_pass	pair_0115	pass	100.0	1.05	0.0	0.0	Bacillota	10.6899348	22.720067900000004	12.7068928	22.720067900000004	10	magicc_v5
RS_GCF_013285285.1	H_fail	pair_0131	mild	100.0	2.53	0.0	0.5299999999999998	Pseudomonadota	10.4293607	-0.7503306199999994	10.4293607	6.1236185800000005	10	magicc_v5
RS_GCF_013318015.2	H_pass	pair_0121	pass	100.0	0.85	0.0	0.0	Pseudomonadota	4.571288	1.843467600000001	5.430925	3.8326980000000006	10	magicc_v5
RS_GCF_013368775.1	H_fail	pair_0132	moderate	99.99	5.92	0.0	3.92	Bacillota	8.845269900000002	-7.147937149999999	13.449617499999999	9.50972055	10	magicc_v5
RS_GCF_013373555.1	H_pass	pair_0131	pass	100.0	0.49	0.0	0.0	Pseudomonadota	4.197034400000003	2.342268198	4.539505600000004	4.175182601999998	10	magicc_v5
RS_GCF_013391085.1	H_fail	pair_0133	mild	99.88	2.03	0.0	0.029999999999999805	Halobacteriota	7.2859205000000005	-2.7792735999999993	7.4720441	5.899866400000002	10	magicc_v5
RS_GCF_013415885.1	H_pass	pair_0151	pass	100.0	1.08	0.0	0.0	Halobacteriota	9.608905400000001	7.049423299999999	9.608905400000001	7.1110603	10	magicc_v5
RS_GCF_013462805.1	H_pass	pair_0126	pass	99.99	1.86	0.0	0.0	Pseudomonadota	-0.364831599999998	-1.476318999999999	7.485125799999999	9.042003399999999	10	magicc_v5
RS_GCF_013736155.1	H_pass	pair_0100	pass	100.0	1.58	0.0	0.0	Pseudomonadota	6.487562799999997	-0.7584523400000013	6.656104799999997	2.8089363400000016	10	magicc_v5
RS_GCF_014058445.2	H_pass	pair_0012	pass	100.0	0.38	0.0	0.0	Pseudomonadota	4.717555100000003	-0.3517166999999989	4.717555100000003	2.6857868999999996	10	magicc_v5
RS_GCF_014679145.1	H_fail	pair_0134	mild	99.99	3.31	0.0	1.31	Bacillota	9.1716527	2.4002594999999993	9.2448687	4.6254618999999995	10	magicc_v5
RS_GCF_014900835.1	H_pass	pair_0001	pass	100.0	0.5	0.0	0.0	Actinomycetota	1.816357700000001	-2.4188079300000003	4.450954499999998	4.350601929999999	10	magicc_v5
RS_GCF_014905115.1	H_pass	pair_0141	pass	99.99	1.9	0.0	0.0	Campylobacterota	6.929859200000001	-13.966680400000001	6.9586442	14.2710538	10	magicc_v5
RS_GCF_015220695.1	H_fail	pair_0135	mild	100.0	3.54	0.0	1.54	Bacillota	3.520399399999998	-5.59115039	3.6423773999999995	6.10534159	10	magicc_v5
RS_GCF_015241115.1	H_pass	pair_0091	pass	100.0	0.19	0.0	0.0	Pseudomonadota	1.888519200000001	-2.249720200000001	3.2191882000000014	4.068842000000001	10	magicc_v5
RS_GCF_015291685.1	H_fail	pair_0136	moderate	100.0	4.44	0.0	2.4400000000000004	Pseudomonadota	0.3224102000000002	0.48518839999999985	3.8136128	3.1679118	10	magicc_v5
RS_GCF_015910325.1	H_fail	pair_0137	mild	100.0	2.05	0.0	0.04999999999999982	Pseudomonadota	4.0686954	4.551834299999999	4.630692800000001	4.5694471	10	magicc_v5
RS_GCF_016027575.1	H_pass	pair_0003	pass	100.0	0.02	0.0	0.0	Bacillota	1.8785354000000012	-0.37406168000000023	4.038468400000002	2.7911690800000004	10	magicc_v5
RS_GCF_016117655.1	H_pass	pair_0164	pass	99.96	1.74	0.0	0.0	Spirochaetota	6.669090500000001	2.3980368299999997	6.894486500000002	4.211596989999999	10	magicc_v5
RS_GCF_016452265.2	H_fail	pair_0138	moderate	99.37	7.97	0.0	5.97	Bacillota	-1.440202700000001	-6.818941199999999	1.9455327000000018	7.013077999999998	10	magicc_v5
RS_GCF_016638705.1	H_fail	pair_0139	moderate	96.18	5.0	1.8199999999999932	3.0	Bacillota	2.2263680999999975	1.7492784499999998	5.7114810999999985	6.005246950000002	10	magicc_v5
RS_GCF_016767115.1	H_pass	pair_0175	pass	99.9	0.78	0.0	0.0	Bacillota	2.210709100000001	-7.069876729999999	3.894560699999998	7.3840122699999995	10	magicc_v5
RS_GCF_016772315.1	H_pass	pair_0174	pass	100.0	1.57	0.0	0.0	Pseudomonadota	7.8850286999999994	-5.397841586	9.0744267	6.977185186	10	magicc_v5
RS_GCF_016889065.1	H_pass	pair_0177	pass	100.0	1.98	0.0	0.0	Bacteroidota	2.231343299999998	0.5825641999999993	4.352428100000001	3.7138465999999988	10	magicc_v5
RS_GCF_016889925.1	H_fail	pair_0140	mild	99.98	2.99	0.0	0.9900000000000002	Bacteroidota	2.968515900000002	-3.2923860999999994	2.981217300000002	3.5434520999999997	10	magicc_v5
RS_GCF_016903135.1	H_pass	pair_0038	pass	100.0	0.21	0.0	0.0	Pseudomonadota	7.0413673	-7.079551999999998	7.064562099999999	8.3271656	10	magicc_v5
RS_GCF_017357825.1	H_fail	pair_0141	moderate	99.99	4.22	0.0	2.2199999999999998	Campylobacterota	0.741758399999999	-8.0361344	5.6725606	9.3676932	10	magicc_v5
RS_GCF_017607425.1	H_fail	pair_0142	moderate	100.0	4.1	0.0	2.0999999999999996	Pseudomonadota	6.4074928	2.52239313	6.716342600000002	3.297556730000001	10	magicc_v5
RS_GCF_017638925.1	H_fail	pair_0143	mild	99.84	2.15	0.0	0.1499999999999999	Pseudomonadota	0.6534336000000011	1.3506179099999998	6.290029199999999	5.01954109	10	magicc_v5
RS_GCF_017815695.1	H_fail	pair_0144	mild	100.0	2.58	0.0	0.5800000000000001	Bacillota	-0.6004757999999981	-0.5693736600000006	2.117408	1.5943216200000008	10	magicc_v5
RS_GCF_017815775.1	H_pass	pair_0075	pass	100.0	0.4	0.0	0.0	Pseudomonadota	0.010576500000001232	-4.765768699999999	3.2858208999999996	4.812564899999999	10	magicc_v5
RS_GCF_018200015.1	H_fail	pair_0145	mild	99.99	2.15	0.0	0.1499999999999999	Halobacteriota	7.6916873999999975	-0.39472967000000053	7.754453399999997	3.1844426699999993	10	magicc_v5
RS_GCF_018200035.1	H_fail	pair_0146	mild	96.19	0.54	1.8100000000000023	0.0	Pseudomonadota	0.2097580000000015	-3.7736291299999998	6.5617601999999975	5.796596330000001	10	magicc_v5
RS_GCF_018336815.1	H_fail	pair_0147	moderate	95.97	5.03	2.030000000000001	3.0300000000000002	Spirochaetota	4.301688999999998	-2.6980392499999994	4.779869799999998	5.972814650000002	10	magicc_v5
RS_GCF_019669245.1	H_pass	pair_0135	pass	100.0	0.15	0.0	0.0	Bacillota	1.929223899999998	-4.459477740000001	2.045472299999999	4.459477740000001	10	magicc_v5
RS_GCF_019679435.2	H_pass	pair_0178	pass	100.0	0.21	0.0	0.0	Verrucomicrobiota	14.348223999999998	5.9999609	14.348223999999998	8.540881499999998	10	magicc_v5
RS_GCF_020215645.1	H_fail	pair_0148	mild	100.0	2.88	0.0	0.8799999999999999	Actinomycetota	16.442923500000003	13.136071400000002	16.442923500000003	13.136071400000002	10	magicc_v5
RS_GCF_020215665.1	H_fail	pair_0149	mild	100.0	3.89	0.0	1.8900000000000001	Bacillota	18.0481507	28.388216699999997	18.9137299	28.388216699999997	10	magicc_v5
RS_GCF_020388235.1	H_pass	pair_0068	pass	100.0	0.36	0.0	0.0	Bacillota	1.2839621999999984	-2.28954755	1.6270771999999973	2.28954755	10	magicc_v5
RS_GCF_020405385.1	H_pass	pair_0011	pass	100.0	0.29	0.0	0.0	Pseudomonadota	1.563012999999998	-5.9075913	2.2558696000000027	5.9075913	10	magicc_v5
RS_GCF_020524035.2	H_fail	pair_0150	mild	98.87	2.17	0.0	0.16999999999999993	Bacillota	-9.270917600000004	-18.9102856475	9.270917600000004	18.9102856475	10	magicc_v5
RS_GCF_020546685.1	H_pass	pair_0029	pass	99.96	0.0	0.0	0.0	Deinococcota	3.788025499999999	-0.9454731000000006	5.1245696999999995	6.646366499999997	10	magicc_v5
RS_GCF_020700235.1	H_fail	pair_0151	severe	99.99	15.06	0.0	13.06	Halobacteriota	15.017306300000001	22.268058200000002	16.785609700000002	22.268058200000002	10	magicc_v5
RS_GCF_020736585.1	H_pass	pair_0035	pass	100.0	1.8	0.0	0.0	Bacillota	4.220109700000003	0.04141603699999985	4.6262529000000026	2.5069179630000007	10	magicc_v5
RS_GCF_020736625.1	H_pass	pair_0195	pass	100.0	1.85	0.0	0.0	Bacillota	3.8819868999999985	-1.1126642699999993	5.1953069	4.311872729999999	10	magicc_v5
RS_GCF_020906545.1	H_fail	pair_0152	mild	100.0	2.16	0.0	0.16000000000000014	Pseudomonadota	3.5542536000000027	-1.3134999999999994	3.960285399999999	4.332737199999999	10	magicc_v5
RS_GCF_021165815.1	H_pass	pair_0172	pass	100.0	0.4	0.0	0.0	Pseudomonadota	0.4864576000000014	-2.6860699	3.5711781999999985	3.5726845	10	magicc_v5
RS_GCF_021165835.1	H_pass	pair_0109	pass	100.0	0.67	0.0	0.0	Pseudomonadota	3.5752153000000013	-2.8192366000000004	4.5159137000000005	5.5093074	10	magicc_v5
RS_GCF_021497965.1	H_fail	pair_0153	moderate	93.06	0.01	4.939999999999998	0.0	Bacillota	1.6834644999999995	-9.612911259999999	3.550462499999999	9.612911259999999	10	magicc_v5
RS_GCF_021654615.1	H_pass	pair_0150	pass	100.0	0.02	0.0	0.0	Bacillota	4.721353199999999	-8.119244850000003	5.866077000000001	8.958137150000002	10	magicc_v5
RS_GCF_021922985.1	H_pass	pair_0080	pass	100.0	1.1	0.0	0.0	Actinomycetota	0.4101660000000031	-3.7289968400000006	5.066805199999999	4.542248439999999	10	magicc_v5
RS_GCF_021952865.1	H_pass	pair_0129	pass	100.0	0.07	0.0	0.0	Actinomycetota	0.9446833000000027	-10.2840178	2.759987700000002	10.2840178	10	magicc_v5
RS_GCF_022788675.1	H_pass	pair_0146	pass	100.0	0.03	0.0	0.0	Pseudomonadota	9.5879741	-2.2237270999999983	10.188646100000001	4.426737299999999	10	magicc_v5
RS_GCF_022870965.1	H_fail	pair_0154	mild	99.98	3.17	0.0	1.17	Pseudomonadota	8.285429500000001	-0.21103164	9.460133500000001	7.109178439999999	10	magicc_v5
RS_GCF_022919835.1	H_fail	pair_0155	moderate	100.0	4.07	0.0	2.0700000000000003	Bacillota	7.749453900000001	3.261019400000001	8.3911943	4.7430758	10	magicc_v5
RS_GCF_022921115.1	H_pass	pair_0155	pass	99.98	0.66	0.0	0.0	Bacillota	-1.1197106000000026	-6.527361200000001	6.614817000000002	8.562818799999999	10	magicc_v5
RS_GCF_023028345.1	H_fail	pair_0156	moderate	99.99	7.04	0.0	5.04	Halobacteriota	9.958476199999998	11.492004099999999	12.4941602	16.629378100000004	10	magicc_v5
RS_GCF_023347705.1	H_pass	pair_0196	pass	99.81	0.21	0.0	0.0	Bacillota	-1.6938953000000019	2.8058138499999994	4.571163300000001	7.62258785	10	magicc_v5
RS_GCF_023376025.1	H_fail	pair_0157	mild	97.52	0.0	0.480000000000004	0.0	Actinomycetota	-2.3088539000000012	-5.5863257	6.599404900000001	7.625437099999999	10	magicc_v5
RS_GCF_023658035.1	H_fail	pair_0158	mild	100.0	2.92	0.0	0.9199999999999999	Bacillota	2.422259999999998	-3.3377890999999993	3.456157999999997	5.023131300000001	10	magicc_v5
RS_GCF_023973145.1	H_fail	pair_0159	mild	97.82	0.0	0.18000000000000682	0.0	Halobacteriota	-1.3489329999999988	-5.288151900000001	5.5611678000000015	6.8513997	10	magicc_v5
RS_GCF_024181125.1	H_pass	pair_0147	pass	99.56	1.2	0.0	0.0	Spirochaetota	3.6168158999999975	-5.899155299999999	6.256823699999996	6.458271499999998	10	magicc_v5
RS_GCF_024227995.1	H_fail	pair_0160	moderate	99.95	5.04	0.0	3.04	Halobacteriota	0.9858237000000003	-4.443334599999997	3.4471157000000003	5.387453400000001	10	magicc_v5
RS_GCF_024266185.1	H_pass	pair_0006	pass	100.0	0.23	0.0	0.0	Pseudomonadota	1.2959749999999999	-2.6967838000000004	2.110901600000001	3.2140280000000003	10	magicc_v5
RS_GCF_024722295.1	H_pass	pair_0027	pass	99.99	0.25	0.0	0.0	Spirochaetota	3.3832805	-5.684308639999999	4.6570877	7.95697904	10	magicc_v5
RS_GCF_024800505.1	H_pass	pair_0022	pass	99.99	0.12	0.0	0.0	Pseudomonadota	2.2756386999999996	-4.585690560000001	3.067543100000001	4.81194136	10	magicc_v5
RS_GCF_024925305.1	H_pass	pair_0076	pass	100.0	0.06	0.0	0.0	Actinomycetota	3.021013300000001	-2.5326080269999993	3.4520925	4.414374573000001	10	magicc_v5
RS_GCF_025148635.1	H_pass	pair_0119	pass	100.0	2.0	0.0	0.0	Bacteroidota	8.104686200000003	-0.6892734	10.043248200000003	5.1151523999999995	10	magicc_v5
RS_GCF_025200905.1	H_pass	pair_0190	pass	100.0	0.3	0.0	0.0	Pseudomonadota	0.0006458000000016284	-3.6804458999999974	5.921484400000003	7.347759499999995	10	magicc_v5
RS_GCF_025558485.1	H_fail	pair_0161	moderate	90.97	0.29	7.030000000000001	0.0	Bdellovibrionota	0.39817529999999907	-7.385395296000001	7.3102295	12.631302896000003	10	magicc_v5
RS_GCF_025905525.1	H_pass	pair_0165	pass	99.72	0.48	0.0	0.0	Spirochaetota	2.8099793000000006	-4.282332370000001	3.7163555	5.712037570000001	10	magicc_v5
RS_GCF_026062495.1	H_fail	pair_0162	mild	100.0	3.5	0.0	1.5	Actinomycetota	6.471836100000002	8.759391099999998	7.636164100000002	8.759391099999998	10	magicc_v5
RS_GCF_026639235.1	H_fail	pair_0163	mild	100.0	2.22	0.0	0.2200000000000002	Pseudomonadota	5.325316399999999	-1.5151624999999984	6.727936400000002	4.0239018999999985	10	magicc_v5
RS_GCF_027285985.1	H_fail	pair_0164	mild	97.91	0.26	0.09000000000000341	0.0	Spirochaetota	-1.1265255000000032	-6.432238667999999	5.212828700000001	6.851214707999999	10	magicc_v5
RS_GCF_027286205.1	H_fail	pair_0165	mild	97.99	0.12	0.010000000000005116	0.0	Spirochaetota	2.705799900000001	-7.565363780000001	4.602888900000001	7.700131380000002	10	magicc_v5
RS_GCF_027474845.2	H_fail	pair_0166	mild	97.57	0.07	0.4300000000000068	0.0	Bacteroidota	0.49318039999999924	-9.69462292	5.300169199999997	10.661019719999999	10	magicc_v5
RS_GCF_027942255.1	H_pass	pair_0070	pass	100.0	0.21	0.0	0.0	Bacillota	-1.2599796000000005	-3.416513430000001	2.7894308000000003	3.939328630000001	10	magicc_v5
RS_GCF_028743755.1	H_fail	pair_0167	moderate	100.0	4.28	0.0	2.2800000000000002	Pseudomonadota	6.508586500000002	-1.0718154000000015	6.990766500000001	6.290271399999997	10	magicc_v5
RS_GCF_028884855.1	H_pass	pair_0073	pass	100.0	0.36	0.0	0.0	Bacillota	0.03256119999999783	-2.299607085000002	1.9983096000000018	5.570059285000001	10	magicc_v5
RS_GCF_029225785.1	H_pass	pair_0160	pass	99.51	1.36	0.0	0.0	Halobacteriota	-2.111318499999998	-4.990560499999998	4.187761299999999	6.3102462999999975	10	magicc_v5
RS_GCF_029674645.1	H_pass	pair_0105	pass	100.0	0.47	0.0	0.0	Pseudomonadota	7.072514800000002	0.43406060000000046	7.072514800000002	3.2272976	10	magicc_v5
RS_GCF_029714165.1	H_pass	pair_0009	pass	100.0	0.2	0.0	0.0	Pseudomonadota	7.7657106	-3.6612433	7.862035799999998	4.0039137	10	magicc_v5
RS_GCF_029854295.1	H_pass	pair_0184	pass	99.92	0.68	0.0	0.0	Bacillota	6.328527299999999	-1.155860300000002	6.523474099999999	5.371875900000001	10	magicc_v5
RS_GCF_029909475.1	H_fail	pair_0168	moderate	100.0	5.03	0.0	3.0300000000000002	Pseudomonadota	2.5181820999999998	-4.427873399999999	2.7313303000000007	4.427873399999999	10	magicc_v5
RS_GCF_030038915.1	H_pass	pair_0167	pass	100.0	1.06	0.0	0.0	Pseudomonadota	1.5732802999999982	-1.9824846000000005	2.5299332999999984	3.831667999999998	10	magicc_v5
RS_GCF_030064045.1	H_pass	pair_0061	pass	100.0	0.56	0.0	0.0	Bacillota	2.787570000000001	-2.5506349999999993	4.1504628000000015	5.033028200000001	10	magicc_v5
RS_GCF_030123245.1	H_pass	pair_0139	pass	100.0	1.15	0.0	0.0	Bacillota	6.056145899999996	1.4449345999999987	7.055050699999998	5.1449572	10	magicc_v5
RS_GCF_030271855.1	H_pass	pair_0016	pass	100.0	0.65	0.0	0.0	Pseudomonadota	5.670610000000003	0.3678851619999993	5.670610000000003	1.4544331779999997	10	magicc_v5
RS_GCF_030291635.1	H_fail	pair_0169	mild	100.0	2.25	0.0	0.25	Pseudomonadota	8.4649233	-5.490803906999999	8.838838900000002	6.937783306999999	10	magicc_v5
RS_GCF_030295805.1	H_pass	pair_0041	pass	100.0	0.21	0.0	0.0	Bacillota	4.965199800000001	-6.001274200000003	5.1006278	6.184489400000002	10	magicc_v5
RS_GCF_030296715.1	H_fail	pair_0170	moderate	94.02	3.29	3.980000000000004	1.29	Methanobacteriota	5.529618300000001	1.5855536499999998	11.2549495	6.32487525	10	magicc_v5
RS_GCF_030406775.1	H_fail	pair_0171	mild	96.09	0.11	1.9099999999999966	0.0	Bacillota	-2.578044200000002	-6.7179825	7.140480800000001	10.7333339	10	magicc_v5
RS_GCF_030413615.1	H_pass	pair_0132	pass	100.0	0.69	0.0	0.0	Bacillota	2.8579857000000004	-0.24008139999999933	2.9598877000000003	6.2934532	10	magicc_v5
RS_GCF_030518775.1	H_fail	pair_0172	mild	100.0	2.14	0.0	0.14000000000000012	Pseudomonadota	4.611254499999999	-2.037234299999998	6.323772700000002	3.3231268999999974	10	magicc_v5
RS_GCF_030520125.1	H_pass	pair_0122	pass	100.0	0.31	0.0	0.0	Pseudomonadota	-1.9546464999999962	-6.924982449999997	7.929044700000003	7.427891249999997	10	magicc_v5
RS_GCF_030534135.1	H_pass	pair_0192	pass	100.0	0.37	0.0	0.0	Bacillota	1.5424985999999983	-2.8535831000000007	2.458120000000003	3.1840213	10	magicc_v5
RS_GCF_030585505.1	H_pass	pair_0107	pass	100.0	1.34	0.0	0.0	Bacillota	8.185405799999995	-0.16063175999999774	8.413482799999997	5.073227159999998	10	magicc_v5
RS_GCF_030717405.1	H_pass	pair_0137	pass	100.0	0.77	0.0	0.0	Pseudomonadota	5.776508300000001	2.4112577	5.776508300000001	4.102988299999998	10	magicc_v5
RS_GCF_030758655.1	H_pass	pair_0154	pass	100.0	0.45	0.0	0.0	Pseudomonadota	2.3390096999999983	3.178843900000001	4.711214299999999	5.751292100000002	10	magicc_v5
RS_GCF_030762805.1	H_fail	pair_0173	mild	97.29	0.26	0.7099999999999937	0.0	Bacillota	-13.835469999999997	-14.151499920000001	13.835469999999997	15.01098472	10	magicc_v5
RS_GCF_030931015.1	H_fail	pair_0174	moderate	95.93	2.14	2.069999999999993	0.14000000000000012	Pseudomonadota	5.367494300000002	-5.691850090000001	7.3521553000000015	9.405904890000002	10	magicc_v5
RS_GCF_031202285.1	H_fail	pair_0175	moderate	99.99	6.13	0.0	4.13	Bacillota	11.383913699999999	4.301817000000002	11.383913699999999	6.305089600000001	10	magicc_v5
RS_GCF_031326225.1	H_pass	pair_0010	pass	99.96	0.11	0.0	0.0	Pseudomonadota	1.7804430999999994	16.8155643	9.687989100000005	16.8155643	10	magicc_v5
RS_GCF_032084765.1	H_fail	pair_0176	mild	96.56	0.24	1.4399999999999977	0.0	Bacillota	3.5615229999999998	6.289825099999999	4.844182999999996	8.627102299999999	10	magicc_v5
RS_GCF_032278865.1	H_pass	pair_0106	pass	99.92	0.69	0.0	0.0	Pseudomonadota	6.7071878	-0.04662995000000016	7.3616318000000005	3.8213812500000017	10	magicc_v5
RS_GCF_032878895.1	H_fail	pair_0177	mild	99.99	2.02	0.0	0.020000000000000018	Bacteroidota	4.758743400000001	-2.1102934	8.3898326	7.5537706	10	magicc_v5
RS_GCF_033096465.1	H_pass	pair_0149	pass	99.98	0.78	0.0	0.0	Bacillota	1.3887592999999996	-1.5790662880000006	2.980735700000004	2.4451638880000015	10	magicc_v5
RS_GCF_033100135.1	H_fail	pair_0178	mild	97.48	0.21	0.519999999999996	0.0	Verrucomicrobiota	-3.7314939000000003	6.3713342000000015	6.920023499999999	9.313233199999999	10	magicc_v5
RS_GCF_033130085.1	H_pass	pair_0158	pass	100.0	1.41	0.0	0.0	Bacillota	3.1402277999999995	-3.0777002000000016	3.7340206000000022	3.897882	10	magicc_v5
RS_GCF_033189955.1	H_pass	pair_0168	pass	100.0	0.09	0.0	0.0	Pseudomonadota	1.9185163000000016	-4.939960666	2.979962500000002	4.939960666	10	magicc_v5
RS_GCF_033304595.1	H_pass	pair_0171	pass	99.8	0.09	0.0	0.0	Bacillota	-0.8723611999999982	-13.331272199999997	3.399264	13.331272199999997	10	magicc_v5
RS_GCF_034130585.1	H_fail	pair_0179	mild	100.0	2.27	0.0	0.27	Pseudomonadota	0.1647024000000002	-2.19631231	2.0529268000000003	3.19151251	10	magicc_v5
RS_GCF_034491365.1	H_pass	pair_0092	pass	100.0	0.12	0.0	0.0	Pseudomonadota	5.4557573	-5.2919646	5.4557573	5.7035158	10	magicc_v5
RS_GCF_034555395.1	H_pass	pair_0042	pass	100.0	0.27	0.0	0.0	Pseudomonadota	2.1368178999999983	-2.8247708000000014	6.183774699999999	5.373953000000002	10	magicc_v5
RS_GCF_035918055.1	H_pass	pair_0182	pass	99.96	1.69	0.0	0.0	Actinomycetota	7.905604700000003	7.810843400000001	10.039894100000001	7.810843400000001	10	magicc_v5
RS_GCF_035918295.1	H_fail	pair_0180	moderate	100.0	5.46	0.0	3.46	Actinomycetota	-5.290349799999998	5.254986780000001	8.0936252	6.184811379999998	10	magicc_v5
RS_GCF_035991205.1	H_fail	pair_0181	mild	100.0	2.08	0.0	0.08000000000000007	Actinomycetota	9.572460000000001	5.0304259899999995	9.572460000000001	5.40230793	10	magicc_v5
RS_GCF_036035005.1	H_pass	pair_0181	pass	100.0	1.7	0.0	0.0	Actinomycetota	4.7201176999999985	4.558338600000001	5.9940660999999995	5.743221800000001	10	magicc_v5
RS_GCF_036248315.1	H_fail	pair_0182	moderate	100.0	4.32	0.0	2.3200000000000003	Actinomycetota	10.282776299999998	7.213456929999998	10.282776299999998	7.213456929999998	10	magicc_v5
RS_GCF_036250655.1	H_pass	pair_0189	pass	99.68	0.44	0.0	0.0	Spirochaetota	-1.6790020999999975	1.0725466999999993	6.781593500000002	7.170874099999999	10	magicc_v5
RS_GCF_036884255.1	H_pass	pair_0120	pass	100.0	0.0	0.0	0.0	Bacillota	4.908774699999998	-2.3960222000000004	7.6535348999999995	5.399796599999999	10	magicc_v5
RS_GCF_037043395.1	H_pass	pair_0074	pass	99.87	0.19	0.0	0.0	Pseudomonadota	-0.5851220000000013	-0.5106847999999996	6.208207600000003	4.998725400000001	10	magicc_v5
RS_GCF_037099735.1	H_pass	pair_0169	pass	100.0	0.24	0.0	0.0	Pseudomonadota	3.583397199999999	-0.9522358369999984	4.469966799999997	2.546823517	10	magicc_v5
RS_GCF_037746055.1	H_pass	pair_0056	pass	100.0	0.51	0.0	0.0	Pseudomonadota	4.066924800000002	-1.3487735019999998	5.297044800000001	2.1765763020000004	10	magicc_v5
RS_GCF_037780985.1	H_pass	pair_0078	pass	100.0	0.12	0.0	0.0	Pseudomonadota	5.275852200000001	-4.061911299999997	5.275852200000001	4.164621099999996	10	magicc_v5
RS_GCF_038048995.1	H_pass	pair_0069	pass	100.0	0.46	0.0	0.0	Bacillota	1.3685491999999981	-3.4072713499999994	2.7596907999999956	4.116062049999998	10	magicc_v5
RS_GCF_038095645.1	H_fail	pair_0183	moderate	95.61	0.16	2.3900000000000006	0.0	Bacillota	6.832027999999997	1.8386695000000013	7.2970707999999975	4.2611491	10	magicc_v5
RS_GCF_038095715.1	H_fail	pair_0184	mild	96.14	0.16	1.8599999999999994	0.0	Bacillota	10.4600148	0.3839053000000012	10.6466138	5.1289897	10	magicc_v5
RS_GCF_038095875.1	H_fail	pair_0185	mild	96.17	0.65	1.8299999999999983	0.0	Bacillota	6.237970999999997	-4.467869739999999	6.439259399999999	4.57162454	10	magicc_v5
RS_GCF_038095885.1	H_fail	pair_0186	mild	96.49	0.2	1.5100000000000051	0.0	Bacillota	7.355441099999998	-0.6047751500000004	7.488300899999999	5.820485349999999	10	magicc_v5
RS_GCF_038096035.1	H_fail	pair_0187	mild	96.19	0.26	1.8100000000000023	0.0	Bacillota	10.142231099999997	1.5292572000000006	10.333793299999998	6.2604251999999985	10	magicc_v5
RS_GCF_038096075.2	H_pass	pair_0046	pass	100.0	0.34	0.0	0.0	Actinomycetota	2.5479094999999985	-3.9381195000000004	4.074322899999997	3.9381195000000004	10	magicc_v5
RS_GCF_038260915.1	H_pass	pair_0020	pass	99.9	0.08	0.0	0.0	Bacteroidota	-1.7041117000000015	-5.61536248	3.905227099999999	5.88575168	10	magicc_v5
RS_GCF_038420605.1	H_pass	pair_0085	pass	99.98	0.09	0.0	0.0	Pseudomonadota	4.987932700000003	2.4322055000000016	5.239705900000002	3.3457819000000013	10	magicc_v5
RS_GCF_038441155.1	H_pass	pair_0144	pass	100.0	1.89	0.0	0.0	Bacillota	2.589271699999999	-0.6384312919999976	3.702528500000001	2.552378108000002	10	magicc_v5
RS_GCF_038443385.1	H_pass	pair_0123	pass	99.99	1.94	0.0	0.0	Planctomycetota	18.384272099999997	18.886883	18.5038243	18.886883	10	magicc_v5
RS_GCF_039727125.1	H_fail	pair_0188	severe	85.45	3.94	12.549999999999997	1.94	Actinomycetota	-2.2631212000000014	-4.4087729	4.888368800000001	5.052725699999999	10	magicc_v5
RS_GCF_039954945.1	H_pass	pair_0082	pass	99.99	0.33	0.0	0.0	Bacillota	7.419659000000001	-2.4936870000000018	8.756323	4.622541200000001	10	magicc_v5
RS_GCF_040437135.1	H_pass	pair_0055	pass	100.0	0.04	0.0	0.0	Pseudomonadota	0.773703200000002	-6.53654023	2.4745564000000035	6.53654023	10	magicc_v5
RS_GCF_040790775.1	H_fail	pair_0189	mild	97.44	0.36	0.5600000000000023	0.0	Spirochaetota	3.533359800000001	-3.537401799999999	7.3086078	5.651887200000002	10	magicc_v5
RS_GCF_040931755.1	H_pass	pair_0063	pass	100.0	1.53	0.0	0.0	Bacillota	3.5465615	-1.9085638899999986	4.192106499999999	2.8403678899999987	10	magicc_v5
RS_GCF_040939785.1	H_fail	pair_0190	mild	96.81	0.67	1.1899999999999977	0.0	Pseudomonadota	-0.3207946999999997	-7.9803567000000015	3.6548370999999995	8.6125843	10	magicc_v5
RS_GCF_041221345.1	H_pass	pair_0198	pass	100.0	0.15	0.0	0.0	Pseudomonadota	4.951948	-1.218196300000002	5.087805400000002	3.3051306999999985	10	magicc_v5
RS_GCF_041320175.1	H_pass	pair_0013	pass	100.0	0.28	0.0	0.0	Pseudomonadota	3.5082416000000016	-2.6681586000000004	5.460689199999999	5.137571600000001	10	magicc_v5
RS_GCF_041428605.1	H_pass	pair_0191	pass	99.97	1.53	0.0	0.0	Bacillota	10.466983600000002	7.547537200000001	12.903282000000004	9.377802200000001	10	magicc_v5
RS_GCF_041428895.1	H_fail	pair_0191	severe	100.0	12.26	0.0	10.26	Bacillota	18.924356699999997	26.122468199999997	18.924356699999997	26.122468199999997	10	magicc_v5
RS_GCF_041764945.1	H_pass	pair_0053	pass	99.99	0.7	0.0	0.0	Bacillota	3.0745155000000004	-5.463371169999999	3.7486667000000033	6.27143997	10	magicc_v5
RS_GCF_900092475.1	H_pass	pair_0108	pass	100.0	1.77	0.0	0.0	Bacillota	2.2171605000000008	-1.226331600000001	3.8701374999999993	1.7842370000000023	10	magicc_v5
RS_GCF_900324205.1	H_fail	pair_0192	mild	100.0	2.33	0.0	0.33000000000000007	Bacillota	2.5126905000000015	-0.8653541999999999	2.9283926999999985	2.8790717999999957	10	magicc_v5
RS_GCF_900476125.1	H_pass	pair_0114	pass	99.81	0.68	0.0	0.0	Bacillota	1.7176368999999965	-7.735338910000001	3.9496693000000023	7.735338910000001	10	magicc_v5
RS_GCF_900636535.1	H_fail	pair_0193	mild	100.0	2.02	0.0	0.020000000000000018	Bacteroidota	9.6683392	5.846819599999998	9.6900318	5.846819599999998	10	magicc_v5
RS_GCF_900637925.1	H_fail	pair_0194	moderate	100.0	4.7	0.0	2.7	Actinomycetota	-0.2777177000000002	-4.717240170000002	4.480321900000002	5.71237203	10	magicc_v5
RS_GCF_900639395.1	H_fail	pair_0195	mild	100.0	3.4	0.0	1.4	Bacillota	4.166428899999997	-0.6627719700000009	4.446295099999998	2.754750570000001	10	magicc_v5
RS_GCF_900660505.1	H_pass	pair_0176	pass	98.47	0.14	0.0	0.0	Bacillota	7.830124499999999	4.0544132	7.934159500000002	6.129949	10	magicc_v5
RS_GCF_900660565.1	H_pass	pair_0185	pass	99.28	1.15	0.0	0.0	Bacillota	5.448328400000001	-1.66940067	5.806757	4.11528747	10	magicc_v5
RS_GCF_943169635.2	H_fail	pair_0196	moderate	95.54	0.43	2.4599999999999937	0.0	Bacillota	-2.260354499999997	-3.1220398999999994	7.617223099999999	8.116091899999999	10	magicc_v5
RS_GCF_949793775.1	H_pass	pair_0054	pass	100.0	0.27	0.0	0.0	Bacillota	4.5803042000000005	-5.614611200000002	4.639253199999999	6.586550200000003	10	magicc_v5
RS_GCF_963556575.1	H_pass	pair_0097	pass	100.0	0.29	0.0	0.0	Actinomycetota	2.9096227999999997	-4.2174862550000025	3.0349896000000003	4.322421655000001	10	magicc_v5
RS_GCF_963668235.1	H_fail	pair_0197	mild	97.65	3.78	0.3499999999999943	1.7799999999999998	Spirochaetota	-2.060808599999999	-7.3944726	8.024085399999999	13.2331094	10	magicc_v5
RS_GCF_963692985.1	H_pass	pair_0166	pass	100.0	0.07	0.0	0.0	Bacteroidota	9.025879800000002	-6.43137706	9.717378000000002	7.61442094	10	magicc_v5
RS_GCF_963854595.1	H_fail	pair_0198	mild	100.0	2.64	0.0	0.6400000000000001	Pseudomonadota	4.7699601000000005	-3.0919016	4.958636100000001	3.4560838000000005	10	magicc_v5
RS_GCF_964065165.1	H_fail	pair_0199	mild	100.0	2.2	0.0	0.20000000000000018	Bacillota	4.669156399999999	-0.41406582999999964	5.6380568	5.35078073	10	magicc_v5
GB_GCA_000272795.2	H_fail	pair_0000	moderate	91.89	1.61	6.109999999999999	0.0	Pseudomonadota	10.163873399999996	-5.858276399999999	13.004261200000002	11.323496000000002	10	checkm2
GB_GCA_000389905.1	H_fail	pair_0001	severe	85.98	4.38	12.019999999999996	2.38	Actinomycetota	15.389722699999998	-18.8692972	15.409722699999998	23.616279799999997	10	checkm2
GB_GCA_000389925.1	H_fail	pair_0002	severe	84.94	7.32	13.060000000000002	5.32	Actinomycetota	2.2178756	-12.5854714	8.465189600000002	15.8016732	10	checkm2
GB_GCA_000599545.1	H_pass	pair_0017	pass	100.0	0.98	0.0	0.0	Actinomycetota	16.325716899999996	6.8677183	16.325716899999996	11.6895965	10	checkm2
GB_GCA_000599965.1	H_pass	pair_0089	pass	99.99	0.17	0.0	0.0	Bacillota	2.9858496999999993	-33.1879566	3.3461003	33.1879566	10	checkm2
GB_GCA_000774075.2	H_fail	pair_0003	severe	85.08	0.38	12.920000000000002	0.0	Bacillota	9.708602800000005	-16.5908382	11.4473762	16.8118068	10	checkm2
GB_GCA_001274575.1	H_pass	pair_0134	pass	100.0	0.28	0.0	0.0	Bacillota	14.813120700000002	-18.9231749	14.813120700000002	18.9794463	10	checkm2
GB_GCA_001554095.1	H_fail	pair_0004	moderate	94.34	3.64	3.6599999999999966	1.6400000000000001	Bacillota	-8.325176000000003	-36.6874102	8.661962200000001	36.6874102	10	checkm2
GB_GCA_001767375.1	H_pass	pair_0087	pass	99.99	0.0	0.0	0.0	Actinomycetota	21.388439299999998	1.4660505999999978	21.388439299999998	9.051700399999998	10	checkm2
GB_GCA_001816225.4	H_fail	pair_0005	moderate	94.2	3.55	3.799999999999997	1.5499999999999998	Bacteroidota	14.911170899999998	-10.075764499999998	15.798206499999997	13.345910299999996	10	checkm2
GB_GCA_001886995.1	H_fail	pair_0006	mild	100.0	2.01	0.0	0.009999999999999787	Pseudomonadota	16.5719853	-14.6286853	16.5719853	14.6286853	10	checkm2
GB_GCA_002117375.1	H_pass	pair_0199	pass	99.81	0.75	0.0	0.0	Bacillota	7.7907893999999995	-32.8249916	8.9109228	32.8249916	10	checkm2
GB_GCA_002163795.1	H_fail	pair_0007	severe	72.51	0.03	25.489999999999995	0.0	Pseudomonadota	5.4130386	-38.5953375	12.763614400000002	38.5953375	10	checkm2
GB_GCA_002844335.1	H_pass	pair_0156	pass	99.91	0.45	0.0	0.0	Halobacteriota	9.681513800000001	-28.922301700000002	9.7066786	28.922301700000002	10	checkm2
GB_GCA_003019195.1	H_fail	pair_0008	mild	96.7	2.15	1.2999999999999972	0.1499999999999999	Pseudomonadota	21.1847852	-1.9823391999999997	21.252758	12.0189828	10	checkm2
GB_GCA_003047085.1	H_pass	pair_0057	pass	100.0	0.02	0.0	0.0	Pseudomonadota	19.0015888	-1.0728875000000015	19.0015888	12.166042899999999	10	checkm2
GB_GCA_003071285.1	H_pass	pair_0179	pass	100.0	1.1	0.0	0.0	Pseudomonadota	22.065050000000003	-6.437427	22.065050000000003	7.2862962	10	checkm2
GB_GCA_003359255.2	H_fail	pair_0009	mild	96.23	1.84	1.769999999999996	0.0	Pseudomonadota	17.222245799999996	-18.835614900000003	17.4225152	18.835614900000003	10	checkm2
GB_GCA_003970805.2	H_fail	pair_0010	mild	97.39	0.74	0.6099999999999994	0.0	Pseudomonadota	13.2297213	-24.9509977	13.2297213	24.9509977	10	checkm2
GB_GCA_003999465.1	H_fail	pair_0011	severe	82.99	0.68	15.010000000000005	0.0	Pseudomonadota	12.523141899999999	-21.249727	13.6696313	21.249727	10	checkm2
GB_GCA_006088835.1	H_pass	pair_0058	pass	100.0	0.38	0.0	0.0	Bacillota	9.962217	-34.320909799999995	10.024217000000002	34.3661894	10	checkm2
GB_GCA_007998065.1	H_fail	pair_0012	moderate	91.38	5.23	6.6200000000000045	3.2300000000000004	Pseudomonadota	13.436036199999998	-5.9464369	13.436036199999998	12.5246121	10	checkm2
GB_GCA_007998105.1	H_fail	pair_0013	severe	83.28	5.83	14.719999999999999	3.83	Pseudomonadota	16.895106699999996	-10.687995400000002	16.895106699999996	12.405610400000002	10	checkm2
GB_GCA_009664105.1	H_fail	pair_0014	severe	65.13	1.81	32.870000000000005	0.0	Pseudomonadota	3.535538499999999	-21.525881500000004	12.7169245	22.1103621	10	checkm2
GB_GCA_010694505.1	H_fail	pair_0015	moderate	95.75	2.3	2.25	0.2999999999999998	Pseudomonadota	19.743656799999997	-5.098925699999998	19.743656799999997	12.7596217	10	checkm2
GB_GCA_011765405.1	H_fail	pair_0016	moderate	94.99	2.75	3.010000000000005	0.75	Pseudomonadota	13.955894800000001	-9.305415799999999	13.955894800000001	12.561715799999998	10	checkm2
GB_GCA_012971805.2	H_fail	pair_0017	moderate	100.0	5.26	0.0	3.26	Actinomycetota	25.3327077	11.207478900000002	25.3327077	13.0698397	10	checkm2
GB_GCA_013127575.1	H_fail	pair_0018	severe	63.72	1.4	34.28	0.0	Pseudomonadota	2.806425	-15.908634400000002	13.552199400000001	17.032678	10	checkm2
GB_GCA_013315855.1	H_fail	pair_0019	mild	99.45	3.59	0.0	1.5899999999999999	Pseudomonadota	22.6366665	-9.581234	22.6366665	9.581234	10	checkm2
GB_GCA_014251975.1	H_fail	pair_0020	moderate	94.35	1.0	3.6500000000000057	0.0	Bacteroidota	-7.205807199999998	-28.573996200000003	7.205807199999998	28.573996200000003	10	checkm2
GB_GCA_015172915.1	H_fail	pair_0021	severe	89.01	4.3	8.989999999999995	2.3	Pseudomonadota	15.360090100000003	-10.0972159	16.150271300000004	15.0314237	10	checkm2
GB_GCA_015356075.1	H_fail	pair_0022	moderate	91.6	5.13	6.400000000000006	3.13	Pseudomonadota	14.7906407	-20.829718899999996	16.0556011	21.041889299999998	10	checkm2
GB_GCA_015356095.1	H_pass	pair_0118	pass	98.38	1.01	0.0	0.0	Bacillota	10.927051200000003	-32.940781900000005	11.403876400000001	32.940781900000005	10	checkm2
GB_GCA_015832325.1	H_fail	pair_0023	severe	83.04	5.92	14.959999999999994	3.92	Pseudomonadota	1.3976984999999993	-7.1134507	10.7306111	9.504804700000001	10	checkm2
GB_GCA_017068215.1	H_fail	pair_0024	mild	96.12	2.29	1.8799999999999955	0.29000000000000004	Bacillota	11.563592100000001	-24.6540989	11.657055300000001	24.6540989	10	checkm2
GB_GCA_017088185.1	H_fail	pair_0025	moderate	94.08	1.99	3.9200000000000017	0.0	Bacillota	4.675444599999999	-24.578430200000003	7.9308532	24.656973400000002	10	checkm2
GB_GCA_018388625.1	H_fail	pair_0026	severe	84.39	2.38	13.61	0.3799999999999999	Actinomycetota	16.8680764	-13.6859938	20.129127400000005	14.699412	10	checkm2
GB_GCA_019222725.1	H_pass	pair_0093	pass	100.0	1.47	0.0	0.0	Pseudomonadota	18.8545471	-16.6960448	18.8545471	16.6960448	10	checkm2
GB_GCA_019551375.1	H_pass	pair_0059	pass	100.0	0.08	0.0	0.0	Bacillota	8.375164899999998	-24.936595500000003	8.447288899999997	24.936595500000003	10	checkm2
GB_GCA_021401425.1	H_pass	pair_0084	pass	100.0	0.04	0.0	0.0	Bacillota	19.179516899999996	-23.333753899999998	19.179516899999996	23.8898557	10	checkm2
GB_GCA_023158875.1	H_fail	pair_0027	moderate	91.6	2.22	6.400000000000006	0.2200000000000002	Spirochaetota	12.555998800000003	-28.639475499999996	14.983687400000003	29.3349799	10	checkm2
GB_GCA_023612635.1	H_fail	pair_0028	mild	99.97	3.45	0.0	1.4500000000000002	Pseudomonadota	17.3962805	-14.012436500000002	17.3962805	17.6607467	10	checkm2
GB_GCA_024138735.1	H_fail	pair_0029	severe	83.01	2.15	14.989999999999995	0.1499999999999999	Deinococcota	6.049394	-32.9877185	7.823393999999999	32.9877185	10	checkm2
GB_GCA_024300745.1	H_pass	pair_0019	pass	100.0	0.17	0.0	0.0	Pseudomonadota	22.346140400000003	-12.5079699	22.346140400000003	13.770740100000001	10	checkm2
GB_GCA_024759545.1	H_fail	pair_0030	mild	96.7	3.73	1.2999999999999972	1.73	Bacteroidota	23.2886066	-0.6093545999999993	23.2886066	11.3813484	10	checkm2
GB_GCA_025757525.1	H_pass	pair_0030	pass	99.98	1.66	0.0	0.0	Bacteroidota	22.193274199999998	-0.1035985999999987	22.193274199999998	11.396900800000001	10	checkm2
GB_GCA_025792475.2	H_fail	pair_0031	mild	99.76	2.19	0.0	0.18999999999999995	Spirochaetota	14.220148600000002	-28.1631456	14.575849600000002	28.1631456	10	checkm2
GB_GCA_025792575.1	H_fail	pair_0032	severe	76.37	3.94	21.629999999999995	1.94	Pseudomonadota	9.675066399999997	-4.354513900000001	17.0904614	6.9015007	10	checkm2
GB_GCA_026073375.1	H_pass	pair_0034	pass	100.0	1.3	0.0	0.0	Bacillota	11.6411236	-20.656307500000004	11.6411236	20.656307500000004	10	checkm2
GB_GCA_026073395.1	H_fail	pair_0033	mild	100.0	3.54	0.0	1.54	Bacillota	8.843717700000003	-43.150396799999996	8.843717700000003	43.150396799999996	10	checkm2
GB_GCA_026073495.1	H_fail	pair_0034	mild	100.0	3.85	0.0	1.85	Bacillota	11.050062899999997	-20.6718932	11.977692099999999	20.6718932	10	checkm2
GB_GCA_026073535.1	H_fail	pair_0035	mild	100.0	3.18	0.0	1.1800000000000002	Bacillota	10.070247700000001	-20.152048299999997	11.1046423	20.4265155	10	checkm2
GB_GCA_027625415.1	H_fail	pair_0036	severe	84.26	0.02	13.739999999999995	0.0	Campylobacterota	-3.5773770000000034	-24.300063299999998	9.375169800000004	24.300063299999998	10	checkm2
GB_GCA_027941715.1	H_fail	pair_0037	moderate	99.83	6.72	0.0	4.72	Pseudomonadota	14.368348600000001	-16.3005235	14.368348600000001	22.8094315	10	checkm2
GB_GCA_028201695.1	H_fail	pair_0038	moderate	93.97	5.26	4.030000000000001	3.26	Pseudomonadota	12.906301500000001	-23.4140852	13.0445111	23.6372762	10	checkm2
GB_GCA_028219255.1	H_fail	pair_0039	severe	79.77	6.06	18.230000000000004	4.06	Pseudomonadota	6.5143743999999995	-24.2690626	11.222905599999999	24.5124606	10	checkm2
GB_GCA_028570875.1	H_pass	pair_0163	pass	100.0	0.18	0.0	0.0	Pseudomonadota	22.4101728	-15.927988299999999	22.4101728	18.0753991	10	checkm2
GB_GCA_028621915.1	H_fail	pair_0040	moderate	95.59	0.0	2.4099999999999966	0.0	Pseudomonadota	2.322456700000001	-22.946984399999998	5.285922299999998	22.946984399999998	10	checkm2
GB_GCA_029011745.1	H_fail	pair_0041	mild	99.89	3.96	0.0	1.96	Bacillota	7.464816299999998	-31.875380499999995	7.843533299999999	31.875380499999995	10	checkm2
GB_GCA_029168395.1	H_fail	pair_0042	mild	99.91	2.91	0.0	0.9100000000000001	Pseudomonadota	15.549009199999997	-21.971608800000002	15.549009199999997	21.971608800000002	10	checkm2
GB_GCA_029632985.2	H_fail	pair_0043	severe	87.14	3.22	10.86	1.2200000000000002	Bacillota	-2.208484299999997	-29.9090192	5.588150300000001	30.1252786	10	checkm2
GB_GCA_029633425.2	H_pass	pair_0043	pass	99.57	0.85	0.0	0.0	Bacillota	5.091528799999997	-31.097471000000002	6.279712599999996	31.097471000000002	10	checkm2
GB_GCA_029690025.2	H_fail	pair_0044	moderate	94.73	2.23	3.269999999999996	0.22999999999999998	Bacillota	6.5852064000000015	-33.929332699999996	8.071389	33.929332699999996	10	checkm2
GB_GCA_030014105.1	H_fail	pair_0045	moderate	95.83	2.28	2.1700000000000017	0.2799999999999998	Bacillota	5.867030299999999	-29.606793	8.084070500000001	29.606793	10	checkm2
GB_GCA_030020405.1	H_pass	pair_0088	pass	100.0	0.28	0.0	0.0	Bacillota	4.543263900000002	-33.7235255	5.0628399	33.7235255	10	checkm2
GB_GCA_030569355.1	H_pass	pair_0047	pass	100.0	0.36	0.0	0.0	Actinomycetota	12.269367599999999	-15.0366313	12.422192599999999	15.2293627	10	checkm2
GB_GCA_030573405.1	H_fail	pair_0046	moderate	90.52	1.13	7.480000000000004	0.0	Actinomycetota	9.577589399999997	-27.924183399999997	13.146647000000002	27.924183399999997	10	checkm2
GB_GCA_030576775.1	H_fail	pair_0047	severe	88.75	2.83	9.25	0.8300000000000001	Actinomycetota	2.613401200000003	-18.6072012	8.0408254	19.2219302	10	checkm2
GB_GCA_030719765.1	H_fail	pair_0048	moderate	93.81	0.44	4.189999999999998	0.0	Campylobacterota	1.4729064	-25.884700400000003	6.874306199999998	25.884700400000003	10	checkm2
GB_GCA_030719905.1	H_fail	pair_0049	moderate	93.7	0.36	4.299999999999997	0.0	Campylobacterota	-0.8844653999999998	-36.2150043	3.1290877999999998	36.2150043	10	checkm2
GB_GCA_030720005.1	H_pass	pair_0048	pass	98.43	0.74	0.0	0.0	Campylobacterota	0.9082265000000007	-26.5706061	5.292719500000001	26.877655499999996	10	checkm2
GB_GCA_030720205.1	H_pass	pair_0049	pass	99.29	0.33	0.0	0.0	Campylobacterota	0.6355320999999989	-35.833626800000005	3.119664299999998	35.833626800000005	10	checkm2
GB_GCA_030720305.1	H_fail	pair_0050	moderate	93.19	0.22	4.810000000000002	0.0	Campylobacterota	-1.6849938000000009	-31.5445159	3.1986028000000006	31.5445159	10	checkm2
GB_GCA_030863565.1	H_fail	pair_0051	mild	96.07	3.84	1.9300000000000068	1.8399999999999999	Pseudomonadota	17.695031999999998	-13.075471400000001	18.5617492	14.063066000000001	10	checkm2
GB_GCA_030994885.1	H_pass	pair_0021	pass	99.99	0.78	0.0	0.0	Pseudomonadota	15.8114187	-10.820324800000002	15.8114187	13.581436	10	checkm2
GB_GCA_033170915.1	H_fail	pair_0052	moderate	94.46	3.06	3.5400000000000063	1.06	Bacillota	9.249344200000001	-22.554394300000002	9.249344200000001	22.554394300000002	10	checkm2
GB_GCA_033181785.1	H_fail	pair_0053	moderate	95.36	2.92	2.6400000000000006	0.9199999999999999	Bacillota	10.1839926	-25.1677087	10.5212736	25.6881777	10	checkm2
GB_GCA_033798825.1	H_fail	pair_0054	moderate	94.39	4.45	3.6099999999999994	2.45	Bacillota	5.387355700000001	-45.254664	9.670672700000003	45.254664	10	checkm2
GB_GCA_033977085.1	H_fail	pair_0055	severe	83.18	5.33	14.819999999999993	3.33	Pseudomonadota	13.129668399999996	-16.0009149	15.4174732	17.9715279	10	checkm2
GB_GCA_034480345.1	H_fail	pair_0056	moderate	100.0	7.64	0.0	5.64	Pseudomonadota	16.098716000000003	-10.5681221	16.098716000000003	12.830638100000002	10	checkm2
GB_GCA_034480465.1	H_fail	pair_0057	mild	100.0	2.2	0.0	0.20000000000000018	Pseudomonadota	21.408214800000003	-8.1616615	21.408214800000003	19.475629899999998	10	checkm2
GB_GCA_035444265.1	H_fail	pair_0058	severe	83.38	2.02	14.620000000000005	0.020000000000000018	Bacillota	2.0963735	-31.218333	8.254919099999999	31.7296112	10	checkm2
GB_GCA_035461165.1	H_fail	pair_0059	severe	81.87	5.59	16.129999999999995	3.59	Bacillota	0.7863321000000028	-24.8833783	8.385762499999998	24.8833783	10	checkm2
GB_GCA_035469665.1	H_fail	pair_0060	severe	88.93	3.68	9.069999999999993	1.6800000000000002	Bacillota	2.9662373000000004	-26.489865199999997	9.431293100000001	26.489865199999997	10	checkm2
GB_GCA_035481575.1	H_fail	pair_0061	severe	89.0	3.88	9.0	1.88	Bacillota	10.437129600000004	-35.8975056	10.950924800000003	35.8975056	10	checkm2
GB_GCA_035491695.1	H_fail	pair_0062	severe	85.87	3.72	12.129999999999995	1.7200000000000002	Bacillota	11.945210699999999	-34.8479849	15.2125999	34.8479849	10	checkm2
GB_GCA_035493755.1	H_fail	pair_0063	severe	85.84	2.63	12.159999999999997	0.6299999999999999	Bacillota	4.821102299999999	-25.4437256	9.8595787	25.7235366	10	checkm2
GB_GCA_035495755.1	H_fail	pair_0064	severe	87.25	4.52	10.75	2.5199999999999996	Bacillota	5.394811199999999	-35.637843200000006	9.335247599999997	35.637843200000006	10	checkm2
GB_GCA_035508035.1	H_fail	pair_0065	severe	85.92	4.75	12.079999999999998	2.75	Bacillota	5.664104599999998	-24.610596100000002	9.315872199999998	25.244690900000002	10	checkm2
GB_GCA_035521615.1	H_fail	pair_0066	severe	86.9	4.33	11.099999999999994	2.33	Bacillota	7.3616399	-23.9720317	9.4887449	23.9720317	10	checkm2
GB_GCA_035532875.1	H_fail	pair_0067	severe	60.52	5.09	37.48	3.09	Bacillota	2.4068296999999994	-48.380751700000005	11.444347900000002	48.380751700000005	10	checkm2
GB_GCA_035536755.1	H_fail	pair_0068	severe	83.76	6.49	14.239999999999995	4.49	Bacillota	5.444173100000002	-23.272622000000002	9.339281300000001	23.272622000000002	10	checkm2
GB_GCA_035540595.1	H_fail	pair_0069	severe	76.16	5.7	21.840000000000003	3.7	Bacillota	-7.068410499999999	-25.6810454	9.793834499999999	25.810655000000004	10	checkm2
GB_GCA_035542055.1	H_fail	pair_0070	severe	60.79	5.85	37.21	3.8499999999999996	Bacillota	-12.446499399999999	-27.451138399999998	18.481394599999998	27.534854199999995	10	checkm2
GB_GCA_035547075.1	H_fail	pair_0071	severe	74.18	6.06	23.819999999999993	4.06	Bacillota	3.4619552000000007	-28.5955081	7.097978200000003	29.0931225	10	checkm2
GB_GCA_036351975.1	H_fail	pair_0072	severe	75.78	4.56	22.22	2.5599999999999996	Pseudomonadota	5.8057471	-29.0992826	13.966529900000001	29.0992826	10	checkm2
GB_GCA_036872555.1	H_fail	pair_0073	severe	85.75	5.24	12.25	3.24	Bacillota	-0.903276600000001	-28.5937307	7.783045000000001	29.0269391	10	checkm2
GB_GCA_037055285.1	H_fail	pair_0074	moderate	90.42	1.61	7.579999999999998	0.0	Pseudomonadota	11.083710299999998	-23.6988676	12.120220499999999	23.846913800000003	10	checkm2
GB_GCA_037100235.1	H_fail	pair_0075	moderate	93.17	0.42	4.829999999999998	0.0	Pseudomonadota	18.8389079	-4.345468400000001	18.8389079	11.060612599999999	10	checkm2
GB_GCA_037236975.1	H_fail	pair_0076	severe	84.82	1.53	13.180000000000007	0.0	Actinomycetota	15.1348734	-32.435729200000004	16.66977	32.53995	10	checkm2
GB_GCA_037246145.1	H_fail	pair_0077	moderate	94.42	6.91	3.5799999999999983	4.91	Bacillota	-0.21538759999999896	-28.4084811	6.8538422	28.4084811	10	checkm2
GB_GCA_037791055.1	H_fail	pair_0078	moderate	94.17	5.11	3.8299999999999983	3.1100000000000003	Pseudomonadota	19.871481699999997	-9.080385900000001	19.871481699999997	14.8535831	10	checkm2
GB_GCA_037794445.1	H_fail	pair_0079	moderate	95.54	4.82	2.4599999999999937	2.8200000000000003	Pseudomonadota	17.864819	-5.954964099999998	18.234449	8.6844375	10	checkm2
GB_GCA_037888935.1	H_fail	pair_0080	severe	53.21	0.19	44.79	0.0	Actinomycetota	-9.928265200000002	-31.251311199999996	13.597575999999998	32.328734000000004	10	checkm2
GB_GCA_039513915.1	H_pass	pair_0036	pass	99.97	0.03	0.0	0.0	Campylobacterota	1.5240734999999987	-23.284708000000002	1.5360734999999992	23.2980816	10	checkm2
GB_GCA_039519115.1	H_fail	pair_0081	moderate	93.72	0.51	4.280000000000001	0.0	Campylobacterota	2.880849999999999	-30.3239697	8.349009599999999	30.3239697	10	checkm2
GB_GCA_039955015.1	H_fail	pair_0082	severe	85.16	4.17	12.840000000000003	2.17	Bacillota	5.642096100000001	-38.823076900000004	9.4042323	38.823076900000004	10	checkm2
GB_GCA_040084615.1	H_fail	pair_0083	severe	84.86	4.75	13.14	2.75	Bacillota	3.1269378999999993	-28.631135699999998	6.712775499999998	28.631135699999998	10	checkm2
GB_GCA_040084665.1	H_fail	pair_0084	severe	76.35	4.44	21.650000000000006	2.4400000000000004	Bacillota	14.369654599999999	-19.3266485	19.3960994	19.8567493	10	checkm2
GB_GCA_040215705.1	H_fail	pair_0085	mild	99.65	2.67	0.0	0.6699999999999999	Pseudomonadota	5.5055587000000035	-31.4244153	6.475741700000003	31.4244153	10	checkm2
GB_GCA_040268345.1	H_fail	pair_0086	moderate	95.09	0.23	2.9099999999999966	0.0	Spirochaetota	-9.090639500000002	-30.4858564	9.090639500000002	30.4858564	10	checkm2
GB_GCA_040556325.1	H_fail	pair_0087	moderate	95.82	0.43	2.180000000000007	0.0	Actinomycetota	21.7148442	9.0727696	21.7148442	15.734675800000002	10	checkm2
GB_GCA_040782855.1	H_fail	pair_0088	severe	66.81	6.83	31.189999999999998	4.83	Bacillota	-16.1725792	-32.888855899999996	19.2259058	32.888855899999996	10	checkm2
GB_GCA_040782895.1	H_fail	pair_0089	severe	83.86	3.8	14.14	1.7999999999999998	Bacillota	-3.344536800000001	-31.775714200000003	7.393373799999997	31.775714200000003	10	checkm2
GB_GCA_041026445.1	H_fail	pair_0090	severe	88.39	6.66	9.61	4.66	Pseudomonadota	4.263011800000001	-25.4344133	6.664880999999999	26.1845791	10	checkm2
GB_GCA_900478345.1	H_fail	pair_0091	mild	96.3	2.27	1.7000000000000028	0.27	Pseudomonadota	19.8262582	-13.663779000000002	19.8262582	15.197708200000003	10	checkm2
GB_GCA_900635565.1	H_fail	pair_0092	mild	99.99	2.11	0.0	0.10999999999999988	Pseudomonadota	16.6012813	-10.752848199999999	16.6012813	12.915402	10	checkm2
GB_GCA_900635675.1	H_fail	pair_0093	moderate	93.79	3.57	4.209999999999994	1.5699999999999998	Pseudomonadota	20.061208299999997	-10.430902800000002	20.061208299999997	12.478366799999998	10	checkm2
GB_GCA_947044355.1	H_fail	pair_0094	mild	97.71	0.0	0.29000000000000625	0.0	Pseudomonadota	14.582046599999998	-14.970200499999999	15.833041199999997	14.970200499999999	10	checkm2
GB_GCA_963676115.1	H_fail	pair_0095	severe	76.18	0.03	21.819999999999993	0.0	Pseudomonadota	6.937952600000003	-16.5508803	16.081084800000003	16.5587051	10	checkm2
RS_GCF_000010805.1	H_pass	pair_0162	pass	100.0	0.76	0.0	0.0	Actinomycetota	29.5638483	4.873675	29.5638483	11.391038799999999	10	checkm2
RS_GCF_000011525.1	H_pass	pair_0025	pass	100.0	0.1	0.0	0.0	Bacillota	8.896906700000002	-21.651053100000002	9.019221900000002	21.651053100000002	10	checkm2
RS_GCF_000023945.1	H_pass	pair_0133	pass	99.98	0.45	0.0	0.0	Halobacteriota	15.4637504	-40.7513603	15.4637504	40.7513603	10	checkm2
RS_GCF_000025985.1	H_pass	pair_0005	pass	99.91	0.63	0.0	0.0	Bacteroidota	13.989070900000002	-10.821307899999999	14.5982329	15.872619300000002	10	checkm2
RS_GCF_000183185.1	H_pass	pair_0187	pass	99.46	0.07	0.0	0.0	Bacillota	-5.856998200000001	-40.5600735	8.656229	40.5600735	10	checkm2
RS_GCF_000194745.1	H_pass	pair_0113	pass	100.0	1.74	0.0	0.0	Pseudomonadota	25.7919555	3.7866093	25.7919555	10.194008499999999	10	checkm2
RS_GCF_000223905.1	H_pass	pair_0145	pass	99.98	0.57	0.0	0.0	Halobacteriota	10.0253208	-25.3265872	10.333141199999998	25.3265872	10	checkm2
RS_GCF_000239475.1	H_fail	pair_0096	moderate	94.67	0.15	3.3299999999999983	0.0	Spirochaetota	-7.391449199999999	-36.9639692	8.331171399999999	36.9639692	10	checkm2
RS_GCF_000255195.1	H_fail	pair_0097	mild	100.0	2.05	0.0	0.04999999999999982	Actinomycetota	9.473724400000004	-30.801047999999998	10.090158200000001	31.730600199999998	10	checkm2
RS_GCF_000282715.1	H_pass	pair_0180	pass	100.0	0.69	0.0	0.0	Actinomycetota	11.809285100000002	2.1505715000000016	11.809285100000002	6.619054700000001	10	checkm2
RS_GCF_000294515.1	H_pass	pair_0026	pass	99.99	0.11	0.0	0.0	Actinomycetota	20.4769444	-8.784133400000002	20.4769444	11.760816000000002	10	checkm2
RS_GCF_000307105.1	H_pass	pair_0127	pass	100.0	1.56	0.0	0.0	Desulfobacterota	15.6747364	-15.981303299999999	15.7907364	16.2530911	10	checkm2
RS_GCF_000307165.1	H_pass	pair_0173	pass	99.99	0.07	0.0	0.0	Bacillota	7.856102700000001	-35.466224499999996	10.2317931	35.466224499999996	10	checkm2
RS_GCF_000350205.1	H_pass	pair_0002	pass	100.0	1.06	0.0	0.0	Actinomycetota	8.640842699999999	-14.988663800000001	10.4504969	15.3131236	10	checkm2
RS_GCF_000422095.1	H_pass	pair_0090	pass	100.0	0.14	0.0	0.0	Pseudomonadota	13.792696900000001	-24.3873649	14.086811700000002	24.3873649	10	checkm2
RS_GCF_000512205.2	H_fail	pair_0098	mild	100.0	2.39	0.0	0.3900000000000001	Pseudomonadota	23.8182771	0.10706299999999844	23.8182771	5.4672322	10	checkm2
RS_GCF_000626615.2	H_pass	pair_0060	pass	100.0	0.13	0.0	0.0	Bacillota	6.362266400000001	-30.892975999999997	6.6301704	30.892975999999997	10	checkm2
RS_GCF_000691565.1	H_fail	pair_0099	moderate	100.0	7.83	0.0	5.83	Pseudomonadota	15.0415734	-0.09270149999999973	15.0415734	8.584498300000002	10	checkm2
RS_GCF_000739085.1	H_pass	pair_0157	pass	99.99	0.35	0.0	0.0	Actinomycetota	23.622417199999997	3.088809399999998	23.622417199999997	14.893028600000003	10	checkm2
RS_GCF_000764615.1	H_fail	pair_0100	mild	100.0	2.19	0.0	0.18999999999999995	Pseudomonadota	20.226188099999998	2.7203644999999983	20.226188099999998	15.560739100000001	10	checkm2
RS_GCF_000770495.1	H_fail	pair_0101	mild	100.0	2.09	0.0	0.08999999999999986	Pseudomonadota	15.988282099999997	2.451369900000002	15.988282099999997	6.962840700000001	10	checkm2
RS_GCF_000786425.1	H_pass	pair_0028	pass	100.0	0.5	0.0	0.0	Pseudomonadota	13.9431676	-18.4325917	13.9431676	22.010404299999998	10	checkm2
RS_GCF_000807375.1	H_pass	pair_0044	pass	100.0	0.57	0.0	0.0	Bacillota	5.548725	-32.2721775	5.880402199999999	32.2721775	10	checkm2
RS_GCF_000831585.1	H_pass	pair_0099	pass	100.0	0.45	0.0	0.0	Pseudomonadota	17.845436799999998	-4.623707899999999	17.845436799999998	6.4986411	10	checkm2
RS_GCF_000835305.1	H_pass	pair_0050	pass	99.98	0.18	0.0	0.0	Campylobacterota	5.230691900000002	-31.1379709	5.318691900000001	31.1379709	10	checkm2
RS_GCF_000941075.1	H_pass	pair_0183	pass	98.5	0.14	0.0	0.0	Bacillota	-3.9380048000000007	-40.9693844	5.072504800000003	40.9693844	10	checkm2
RS_GCF_000956315.1	H_pass	pair_0086	pass	98.53	0.11	0.0	0.0	Spirochaetota	-6.502978299999998	-29.7989039	6.5537338999999974	29.7989039	10	checkm2
RS_GCF_000962775.1	H_fail	pair_0102	moderate	95.98	0.29	2.019999999999996	0.0	Spirochaetota	-4.544305999999996	-40.5014287	13.261288000000002	40.5014287	10	checkm2
RS_GCF_000970025.1	H_pass	pair_0103	pass	99.88	0.94	0.0	0.0	Halobacteriota	13.173496	-19.4079864	13.689496	19.4079864	10	checkm2
RS_GCF_000970225.1	H_fail	pair_0103	mild	99.99	2.17	0.0	0.16999999999999993	Halobacteriota	17.249506299999997	-26.5584405	17.764037499999997	26.5584405	10	checkm2
RS_GCF_001077475.1	H_pass	pair_0015	pass	100.0	0.11	0.0	0.0	Pseudomonadota	19.254767100000002	-11.491492699999998	19.254767100000002	11.9663329	10	checkm2
RS_GCF_001281405.1	H_pass	pair_0104	pass	100.0	0.03	0.0	0.0	Pseudomonadota	5.044358300000002	-30.344593399999997	5.229206300000001	30.344593399999997	10	checkm2
RS_GCF_001433455.1	H_pass	pair_0170	pass	99.92	0.88	0.0	0.0	Methanobacteriota_B	13.337786099999997	-32.4042739	13.337786099999997	32.4042739	10	checkm2
RS_GCF_001441165.1	H_pass	pair_0125	pass	100.0	0.17	0.0	0.0	Actinomycetota	12.2520299	-18.7089831	12.468255899999999	18.7089831	10	checkm2
RS_GCF_001518895.1	H_pass	pair_0014	pass	100.0	0.39	0.0	0.0	Pseudomonadota	18.2276101	-12.8650805	18.2276101	14.906167299999998	10	checkm2
RS_GCF_001554055.1	H_pass	pair_0004	pass	98.67	1.14	0.0	0.0	Bacillota	0.6386027000000013	-28.7614705	8.2099171	28.7614705	10	checkm2
RS_GCF_001559035.2	H_fail	pair_0104	mild	100.0	2.71	0.0	0.71	Pseudomonadota	2.7505786000000017	-29.2238374	2.7936628000000026	29.2238374	10	checkm2
RS_GCF_001580455.1	H_pass	pair_0018	pass	100.0	1.03	0.0	0.0	Pseudomonadota	18.443011300000002	-17.6057387	18.443011300000002	18.061690900000002	10	checkm2
RS_GCF_001623645.2	H_pass	pair_0023	pass	100.0	0.25	0.0	0.0	Pseudomonadota	10.698237599999999	-0.6017675999999972	10.698237599999999	17.401589400000002	10	checkm2
RS_GCF_001635935.1	H_pass	pair_0153	pass	99.99	0.06	0.0	0.0	Bacillota	2.2321483999999985	-38.844023	4.375343400000001	38.844023	10	checkm2
RS_GCF_001639125.1	H_pass	pair_0081	pass	99.38	0.06	0.0	0.0	Campylobacterota	4.6746226	-37.1405221	7.225880599999999	37.1405221	10	checkm2
RS_GCF_001650295.1	H_fail	pair_0105	mild	100.0	2.06	0.0	0.06000000000000005	Pseudomonadota	21.3880588	-9.213472299999998	21.3880588	13.6711881	10	checkm2
RS_GCF_001677515.1	H_pass	pair_0008	pass	100.0	0.06	0.0	0.0	Pseudomonadota	24.040308000000003	-10.9093602	24.040308000000003	12.2499336	10	checkm2
RS_GCF_001680025.1	H_pass	pair_0095	pass	100.0	0.51	0.0	0.0	Pseudomonadota	18.067204	-8.8864268	18.305375	10.727280400000001	10	checkm2
RS_GCF_001717955.1	H_pass	pair_0098	pass	100.0	0.58	0.0	0.0	Pseudomonadota	13.389242000000001	-6.016315800000002	13.389242000000001	8.335549600000002	10	checkm2
RS_GCF_001831455.1	H_fail	pair_0106	mild	99.87	3.06	0.0	1.06	Pseudomonadota	16.0824424	-17.346704699999997	16.6589864	17.4367929	10	checkm2
RS_GCF_001941785.1	H_pass	pair_0124	pass	99.87	0.74	0.0	0.0	Bacillota	9.6773658	-31.8190466	9.6773658	31.8190466	10	checkm2
RS_GCF_001941975.2	H_pass	pair_0116	pass	99.99	1.17	0.0	0.0	Bacillota	14.5521183	-10.9005786	14.5521183	12.935276400000001	10	checkm2
RS_GCF_001975005.1	H_pass	pair_0065	pass	100.0	0.56	0.0	0.0	Bacillota	12.9002721	-26.4834563	12.9002721	26.6315499	10	checkm2
RS_GCF_002006355.2	H_fail	pair_0107	mild	100.0	3.05	0.0	1.0499999999999998	Bacillota	16.844766200000002	-19.993366700000003	16.844766200000002	19.993366700000003	10	checkm2
RS_GCF_002007625.1	H_fail	pair_0108	mild	100.0	3.93	0.0	1.9300000000000002	Bacillota	10.4033239	-28.9922987	10.4033239	28.9922987	10	checkm2
RS_GCF_002055515.1	H_fail	pair_0109	mild	100.0	3.45	0.0	1.4500000000000002	Pseudomonadota	17.605850800000002	-20.544578100000003	17.605850800000002	20.544578100000003	10	checkm2
RS_GCF_002057455.1	H_pass	pair_0148	pass	100.0	1.77	0.0	0.0	Actinomycetota	26.9918589	20.2323016	26.9918589	20.3959032	10	checkm2
RS_GCF_002073595.2	H_fail	pair_0110	mild	100.0	2.36	0.0	0.3599999999999999	Pseudomonadota	7.921335700000002	-25.9762197	7.921335700000002	25.9762197	10	checkm2
RS_GCF_002095995.1	H_fail	pair_0111	mild	97.15	0.11	0.8499999999999943	0.0	Bacillota	-10.5514184	-37.2261326	10.5567236	37.2261326	10	checkm2
RS_GCF_002096015.1	H_pass	pair_0111	pass	98.35	0.11	0.0	0.0	Bacillota	-9.106566	-40.3681438	9.1472322	40.3681438	10	checkm2
RS_GCF_002111265.1	H_pass	pair_0101	pass	100.0	1.53	0.0	0.0	Pseudomonadota	16.027735900000003	0.9459031999999988	16.027735900000003	6.390959600000001	10	checkm2
RS_GCF_002151485.1	H_fail	pair_0112	mild	96.59	0.19	1.4099999999999966	0.0	Spirochaetota	-6.981225600000002	-41.8223965	7.382363200000003	41.8223965	10	checkm2
RS_GCF_002156705.1	H_pass	pair_0159	pass	99.84	0.46	0.0	0.0	Halobacteriota	15.1041472	-22.2393517	15.1041472	22.2393517	10	checkm2
RS_GCF_002197305.1	H_pass	pair_0077	pass	100.0	0.11	0.0	0.0	Bacillota	10.1730848	-32.6891842	10.1730848	32.6891842	10	checkm2
RS_GCF_002208115.1	H_pass	pair_0161	pass	100.0	0.34	0.0	0.0	Bdellovibrionota	11.7541954	-20.9216981	12.6867376	21.1806893	10	checkm2
RS_GCF_002208175.1	H_fail	pair_0113	mild	100.0	3.54	0.0	1.54	Pseudomonadota	26.2892797	5.3225099999999985	26.2892797	9.538968599999999	10	checkm2
RS_GCF_002214445.1	H_fail	pair_0114	mild	96.2	0.05	1.7999999999999972	0.0	Bacillota	-2.684533399999997	-34.1252612	7.200328799999999	34.1252612	10	checkm2
RS_GCF_002234575.2	H_fail	pair_0115	moderate	99.99	4.39	0.0	2.3899999999999997	Bacillota	22.750700400000003	-9.5667759	22.750700400000003	16.1510751	10	checkm2
RS_GCF_002257695.2	H_fail	pair_0116	moderate	100.0	6.45	0.0	4.45	Bacillota	20.4394536	7.467261400000001	20.4394536	9.130512000000001	10	checkm2
RS_GCF_002355275.1	H_pass	pair_0142	pass	100.0	0.54	0.0	0.0	Pseudomonadota	18.3663912	-2.882640900000001	18.3663912	11.9762279	10	checkm2
RS_GCF_002507865.2	H_pass	pair_0094	pass	100.0	0.16	0.0	0.0	Pseudomonadota	17.1460424	-11.1999591	17.1460424	12.5574259	10	checkm2
RS_GCF_002576835.1	H_pass	pair_0024	pass	100.0	0.5	0.0	0.0	Bacillota	14.490377900000002	-16.987860199999997	14.490377900000002	16.987860199999997	10	checkm2
RS_GCF_002741805.2	H_pass	pair_0102	pass	98.16	0.29	0.0	0.0	Spirochaetota	-5.0776846	-40.8442704	9.0441258	40.8442704	10	checkm2
RS_GCF_002741845.3	H_pass	pair_0096	pass	98.0	0.26	0.0	0.0	Spirochaetota	1.4482871000000017	-31.615921299999997	6.349387300000001	32.0002587	10	checkm2
RS_GCF_002760995.1	H_pass	pair_0051	pass	100.0	0.12	0.0	0.0	Pseudomonadota	15.653343199999998	-18.0364406	15.653343199999998	18.2006032	10	checkm2
RS_GCF_003030165.1	H_pass	pair_0052	pass	99.99	0.62	0.0	0.0	Bacillota	10.108620900000002	-30.4893564	10.108620900000002	30.4893564	10	checkm2
RS_GCF_003073695.1	H_fail	pair_0117	mild	100.0	2.91	0.0	0.9100000000000001	Pseudomonadota	24.675479099999997	-2.0971763	24.675479099999997	13.999805700000001	10	checkm2
RS_GCF_003074755.2	H_pass	pair_0039	pass	100.0	0.61	0.0	0.0	Pseudomonadota	15.465318399999997	-15.472438300000002	15.465318399999997	15.472438300000002	10	checkm2
RS_GCF_003193685.1	H_pass	pair_0062	pass	100.0	0.25	0.0	0.0	Bacillota	12.910611699999999	-34.678646	12.910611699999999	34.678646	10	checkm2
RS_GCF_003194005.1	H_pass	pair_0064	pass	100.0	0.68	0.0	0.0	Bacillota	12.114336999999997	-38.8901168	12.114336999999997	38.8901168	10	checkm2
RS_GCF_003354265.1	H_pass	pair_0138	pass	99.81	0.94	0.0	0.0	Bacillota	-5.6222172	-43.0824687	6.61182	43.0824687	10	checkm2
RS_GCF_003355435.1	H_pass	pair_0110	pass	100.0	0.02	0.0	0.0	Pseudomonadota	9.4064456	-25.3951069	9.4064456	25.3951069	10	checkm2
RS_GCF_003429525.1	H_pass	pair_0031	pass	99.99	0.17	0.0	0.0	Spirochaetota	9.9226899	-22.4189822	9.9729121	22.4189822	10	checkm2
RS_GCF_003595585.1	H_pass	pair_0007	pass	100.0	0.14	0.0	0.0	Pseudomonadota	22.7263697	-23.753668799999996	22.7263697	23.753668799999996	10	checkm2
RS_GCF_003668795.1	H_pass	pair_0143	pass	100.0	0.17	0.0	0.0	Pseudomonadota	14.797210700000003	-16.000404	14.808451700000003	16.8726738	10	checkm2
RS_GCF_003697265.1	H_pass	pair_0130	pass	100.0	0.65	0.0	0.0	Pseudomonadota	20.9683964	-1.859521800000001	20.9683964	9.9548262	10	checkm2
RS_GCF_003815755.1	H_pass	pair_0193	pass	100.0	0.17	0.0	0.0	Bacteroidota	22.5857983	-16.653634099999998	22.5857983	16.653634099999998	10	checkm2
RS_GCF_003939355.2	H_pass	pair_0037	pass	100.0	0.0	0.0	0.0	Pseudomonadota	16.3335037	-23.7519098	16.3335037	23.7519098	10	checkm2
RS_GCF_003957785.1	H_fail	pair_0118	mild	100.0	2.29	0.0	0.29000000000000004	Bacillota	12.980962499999999	-33.28879310000001	13.5790835	33.28879310000001	10	checkm2
RS_GCF_003991565.1	H_fail	pair_0119	moderate	99.99	4.9	0.0	2.9000000000000004	Bacteroidota	16.161813100000003	-16.4626382	16.161813100000003	16.4626382	10	checkm2
RS_GCF_004026165.1	H_pass	pair_0067	pass	100.0	0.2	0.0	0.0	Bacillota	13.255883800000001	-46.1233203	13.255883800000001	46.1233203	10	checkm2
RS_GCF_004103735.1	H_pass	pair_0128	pass	98.3	0.81	0.0	0.0	Bacillota	15.3360546	-28.7993185	15.976054600000001	28.7993185	10	checkm2
RS_GCF_004117095.1	H_fail	pair_0120	mild	98.53	2.03	0.0	0.029999999999999805	Bacillota	17.9464473	-7.7844568999999995	18.1024273	15.6309839	10	checkm2
RS_GCF_004136115.1	H_pass	pair_0079	pass	100.0	0.11	0.0	0.0	Pseudomonadota	15.429596799999999	21.889278000000004	15.429596799999999	32.4520074	10	checkm2
RS_GCF_004353465.2	H_pass	pair_0112	pass	98.56	0.37	0.0	0.0	Spirochaetota	0.0839435999999992	-38.0250852	9.622358400000001	38.0250852	10	checkm2
RS_GCF_004768725.1	H_pass	pair_0186	pass	99.49	0.11	0.0	0.0	Bacillota	-6.378069399999999	-33.8790663	7.689809800000001	33.8790663	10	checkm2
RS_GCF_004847745.1	H_pass	pair_0000	pass	100.0	0.15	0.0	0.0	Pseudomonadota	14.983418799999999	-9.627266600000002	14.983418799999999	9.627266600000002	10	checkm2
RS_GCF_005221345.1	H_fail	pair_0121	moderate	100.0	4.36	0.0	2.3600000000000003	Pseudomonadota	15.317318199999999	1.0028779	15.317318199999999	14.5313839	10	checkm2
RS_GCF_005706655.1	H_pass	pair_0140	pass	99.89	0.63	0.0	0.0	Bacteroidota	16.063136399999998	-6.9612277	16.063136399999998	11.059111699999999	10	checkm2
RS_GCF_005890135.1	H_pass	pair_0194	pass	100.0	1.27	0.0	0.0	Actinomycetota	5.2051927	-23.5476529	8.2773619	23.7952061	10	checkm2
RS_GCF_006337085.1	H_fail	pair_0122	mild	97.66	1.68	0.3400000000000034	0.0	Pseudomonadota	12.141478699999997	-33.6991849	12.141478699999997	33.6991849	10	checkm2
RS_GCF_006874765.1	H_pass	pair_0197	pass	100.0	0.2	0.0	0.0	Spirochaetota	17.288669799999997	-27.6120183	17.414225799999997	27.6120183	10	checkm2
RS_GCF_006971785.1	H_pass	pair_0117	pass	100.0	1.31	0.0	0.0	Pseudomonadota	18.1868057	1.3896095999999996	18.1868057	7.270900600000002	10	checkm2
RS_GCF_007855275.1	H_pass	pair_0188	pass	100.0	0.28	0.0	0.0	Actinomycetota	14.487138300000002	-31.9397966	14.487138300000002	31.9397966	10	checkm2
RS_GCF_007923785.2	H_pass	pair_0083	pass	100.0	0.08	0.0	0.0	Bacillota	7.030361100000002	-31.024942499999998	8.6866717	31.024942499999998	10	checkm2
RS_GCF_008254045.1	H_fail	pair_0123	moderate	94.31	1.61	3.6899999999999977	0.0	Planctomycetota	22.8881522	12.832079799999999	24.4251848	16.530761399999996	10	checkm2
RS_GCF_008329885.1	H_pass	pair_0066	pass	100.0	0.14	0.0	0.0	Bacillota	11.0912842	-37.2128257	11.0912842	37.2128257	10	checkm2
RS_GCF_008728455.1	H_pass	pair_0033	pass	100.0	1.92	0.0	0.0	Bacillota	15.844368500000002	-37.8458393	15.844368500000002	37.8458393	10	checkm2
RS_GCF_008802915.1	H_fail	pair_0124	moderate	99.99	5.6	0.0	3.5999999999999996	Bacillota	10.224894699999998	-30.5869231	10.295554300000001	30.5869231	10	checkm2
RS_GCF_009176665.1	H_pass	pair_0136	pass	100.0	1.39	0.0	0.0	Pseudomonadota	20.8321462	-1.3427199	20.8321462	15.643744099999997	10	checkm2
RS_GCF_009497895.1	H_pass	pair_0072	pass	99.98	0.48	0.0	0.0	Pseudomonadota	18.4375016	-22.741838100000002	18.4375016	22.741838100000002	10	checkm2
RS_GCF_009646095.1	H_fail	pair_0125	mild	100.0	2.32	0.0	0.31999999999999984	Actinomycetota	17.3744938	-21.9803364	17.4304938	22.1566702	10	checkm2
RS_GCF_009662475.1	H_fail	pair_0126	mild	100.0	2.32	0.0	0.31999999999999984	Pseudomonadota	16.2394059	-28.7497967	16.2394059	28.7497967	10	checkm2
RS_GCF_009688985.1	H_fail	pair_0127	moderate	99.69	8.78	0.0	6.779999999999999	Desulfobacterota	20.380848200000003	10.295905000000001	20.380848200000003	14.355169	10	checkm2
RS_GCF_009873455.1	H_pass	pair_0045	pass	99.99	0.05	0.0	0.0	Bacillota	12.7607702	-27.8311744	13.1113514	28.4389498	10	checkm2
RS_GCF_009905195.1	H_pass	pair_0032	pass	100.0	0.13	0.0	0.0	Pseudomonadota	18.573177700000002	-4.6578623	18.573177700000002	7.053115499999999	10	checkm2
RS_GCF_009912715.1	H_pass	pair_0071	pass	100.0	0.74	0.0	0.0	Bacillota	17.468048099999997	-25.927786100000002	17.468048099999997	26.177403100000003	10	checkm2
RS_GCF_010669305.1	H_fail	pair_0128	moderate	95.16	0.89	2.8400000000000034	0.0	Bacillota	13.4769825	-30.074192800000002	13.4769825	30.074192800000002	10	checkm2
RS_GCF_011068365.1	H_pass	pair_0152	pass	100.0	1.93	0.0	0.0	Pseudomonadota	21.5137773	-14.8840846	21.5137773	14.9854164	10	checkm2
RS_GCF_011801225.1	H_fail	pair_0129	moderate	94.99	0.7	3.010000000000005	0.0	Actinomycetota	10.727883099999998	-22.0456919	12.614063099999997	22.0456919	10	checkm2
RS_GCF_012974105.1	H_pass	pair_0040	pass	100.0	0.01	0.0	0.0	Pseudomonadota	6.7364779000000015	-22.614352099999998	6.7364779000000015	22.614352099999998	10	checkm2
RS_GCF_013001025.1	H_fail	pair_0130	mild	100.0	3.16	0.0	1.1600000000000001	Pseudomonadota	25.418775500000002	-4.748100699999998	25.418775500000002	13.263330700000001	10	checkm2
RS_GCF_013112015.1	H_pass	pair_0115	pass	100.0	1.05	0.0	0.0	Bacillota	15.495393299999998	-12.7488223	15.495393299999998	20.7899225	10	checkm2
RS_GCF_013285285.1	H_fail	pair_0131	mild	100.0	2.53	0.0	0.5299999999999998	Pseudomonadota	16.357646799999998	-22.3400484	16.357646799999998	22.829595	10	checkm2
RS_GCF_013318015.2	H_pass	pair_0121	pass	100.0	0.85	0.0	0.0	Pseudomonadota	19.576251799999998	-8.720237000000001	19.576251799999998	10.1767234	10	checkm2
RS_GCF_013368775.1	H_fail	pair_0132	moderate	99.99	5.92	0.0	3.92	Bacillota	17.7837161	-24.987188099999997	17.7837161	25.307277699999997	10	checkm2
RS_GCF_013373555.1	H_pass	pair_0131	pass	100.0	0.49	0.0	0.0	Pseudomonadota	9.900617400000002	-23.614368	10.1563196	23.614368	10	checkm2
RS_GCF_013391085.1	H_fail	pair_0133	mild	99.88	2.03	0.0	0.029999999999999805	Halobacteriota	15.828916399999997	-34.8968208	15.828916399999997	34.8968208	10	checkm2
RS_GCF_013415885.1	H_pass	pair_0151	pass	100.0	1.08	0.0	0.0	Halobacteriota	16.024231399999998	-23.0166162	16.024231399999998	23.347046400000004	10	checkm2
RS_GCF_013462805.1	H_pass	pair_0126	pass	99.99	1.86	0.0	0.0	Pseudomonadota	14.0511079	-33.1736788	14.0511079	33.1736788	10	checkm2
RS_GCF_013736155.1	H_pass	pair_0100	pass	100.0	1.58	0.0	0.0	Pseudomonadota	21.3916118	-2.940092200000001	21.3916118	11.112896600000001	10	checkm2
RS_GCF_014058445.2	H_pass	pair_0012	pass	100.0	0.38	0.0	0.0	Pseudomonadota	18.017951700000005	-6.0755085	18.017951700000005	9.8828683	10	checkm2
RS_GCF_014679145.1	H_fail	pair_0134	mild	99.99	3.31	0.0	1.31	Bacillota	8.593067199999998	-16.4459936	8.593067199999998	16.4459936	10	checkm2
RS_GCF_014900835.1	H_pass	pair_0001	pass	100.0	0.5	0.0	0.0	Actinomycetota	17.3544856	-17.7987434	17.3544856	19.9497202	10	checkm2
RS_GCF_014905115.1	H_pass	pair_0141	pass	99.99	1.9	0.0	0.0	Campylobacterota	14.167864400000003	-32.3381738	14.237080200000003	32.3381738	10	checkm2
RS_GCF_015220695.1	H_fail	pair_0135	mild	100.0	3.54	0.0	1.54	Bacillota	9.963248699999998	-42.5921156	10.156187099999999	42.831500399999996	10	checkm2
RS_GCF_015241115.1	H_pass	pair_0091	pass	100.0	0.19	0.0	0.0	Pseudomonadota	16.2480416	-13.250405500000003	16.2480416	15.476286300000002	10	checkm2
RS_GCF_015291685.1	H_fail	pair_0136	moderate	100.0	4.44	0.0	2.4400000000000004	Pseudomonadota	24.9139254	7.117394399999998	24.9139254	7.930027199999998	10	checkm2
RS_GCF_015910325.1	H_fail	pair_0137	mild	100.0	2.05	0.0	0.04999999999999982	Pseudomonadota	12.861388	5.8048332	12.861388	15.919818000000003	10	checkm2
RS_GCF_016027575.1	H_pass	pair_0003	pass	100.0	0.02	0.0	0.0	Bacillota	18.2594364	-9.4005239	18.2594364	13.5089981	10	checkm2
RS_GCF_016117655.1	H_pass	pair_0164	pass	99.96	1.74	0.0	0.0	Spirochaetota	7.6767989	-16.4243958	8.835258499999998	16.9703182	10	checkm2
RS_GCF_016452265.2	H_fail	pair_0138	moderate	99.37	7.97	0.0	5.97	Bacillota	-7.925829099999999	-39.1632021	7.925829099999999	39.334999499999995	10	checkm2
RS_GCF_016638705.1	H_fail	pair_0139	moderate	96.18	5.0	1.8199999999999932	3.0	Bacillota	10.928301999999999	-24.3982927	10.928301999999999	24.3982927	10	checkm2
RS_GCF_016767115.1	H_pass	pair_0175	pass	99.9	0.78	0.0	0.0	Bacillota	10.5293885	-27.874186099999996	10.9723841	28.1375933	10	checkm2
RS_GCF_016772315.1	H_pass	pair_0174	pass	100.0	1.57	0.0	0.0	Pseudomonadota	17.0750716	-17.464519200000005	17.0750716	17.650789000000003	10	checkm2
RS_GCF_016889065.1	H_pass	pair_0177	pass	100.0	1.98	0.0	0.0	Bacteroidota	12.968908299999999	-12.9777588	13.264908299999998	17.705623199999998	10	checkm2
RS_GCF_016889925.1	H_fail	pair_0140	mild	99.98	2.99	0.0	0.9900000000000002	Bacteroidota	20.5231372	-11.8350247	20.5231372	11.8350247	10	checkm2
RS_GCF_016903135.1	H_pass	pair_0038	pass	100.0	0.21	0.0	0.0	Pseudomonadota	17.445985099999998	-15.992353900000001	17.445985099999998	15.992353900000001	10	checkm2
RS_GCF_017357825.1	H_fail	pair_0141	moderate	99.99	4.22	0.0	2.2199999999999998	Campylobacterota	10.6931817	-32.5483129	11.485503899999998	32.5483129	10	checkm2
RS_GCF_017607425.1	H_fail	pair_0142	moderate	100.0	4.1	0.0	2.0999999999999996	Pseudomonadota	19.459792	-0.40032440000000025	19.459792	12.255378400000001	10	checkm2
RS_GCF_017638925.1	H_fail	pair_0143	mild	99.84	2.15	0.0	0.1499999999999999	Pseudomonadota	12.251766599999998	-20.186784799999998	13.066757999999998	20.533728	10	checkm2
RS_GCF_017815695.1	H_fail	pair_0144	mild	100.0	2.58	0.0	0.5800000000000001	Bacillota	6.332858300000001	-29.75074	7.236572899999999	29.932575200000002	10	checkm2
RS_GCF_017815775.1	H_pass	pair_0075	pass	100.0	0.4	0.0	0.0	Pseudomonadota	15.857518199999998	-4.5078903	15.857518199999998	17.0249867	10	checkm2
RS_GCF_018200015.1	H_fail	pair_0145	mild	99.99	2.15	0.0	0.1499999999999999	Halobacteriota	20.8409589	-18.379198199999998	20.8409589	18.9008528	10	checkm2
RS_GCF_018200035.1	H_fail	pair_0146	mild	96.19	0.54	1.8100000000000023	0.0	Pseudomonadota	14.388359100000002	-22.8235061	14.826872500000002	22.8235061	10	checkm2
RS_GCF_018336815.1	H_fail	pair_0147	moderate	95.97	5.03	2.030000000000001	3.0300000000000002	Spirochaetota	18.449866999999998	-34.271239800000004	19.463866999999997	34.271239800000004	10	checkm2
RS_GCF_019669245.1	H_pass	pair_0135	pass	100.0	0.15	0.0	0.0	Bacillota	9.961575099999996	-45.7298369	9.961575099999996	45.7298369	10	checkm2
RS_GCF_019679435.2	H_pass	pair_0178	pass	100.0	0.21	0.0	0.0	Verrucomicrobiota	18.452482600000003	-13.365367600000003	18.452482600000003	14.2771636	10	checkm2
RS_GCF_020215645.1	H_fail	pair_0148	mild	100.0	2.88	0.0	0.8799999999999999	Actinomycetota	25.1162715	9.142064600000001	25.1162715	10.927338	10	checkm2
RS_GCF_020215665.1	H_fail	pair_0149	mild	100.0	3.89	0.0	1.8900000000000001	Bacillota	14.997985700000001	-8.2026265	14.997985700000001	11.421310499999999	10	checkm2
RS_GCF_020388235.1	H_pass	pair_0068	pass	100.0	0.36	0.0	0.0	Bacillota	10.3229906	-34.008918900000005	10.3229906	34.008918900000005	10	checkm2
RS_GCF_020405385.1	H_pass	pair_0011	pass	100.0	0.29	0.0	0.0	Pseudomonadota	20.952325899999998	-19.849105200000004	20.952325899999998	19.849105200000004	10	checkm2
RS_GCF_020524035.2	H_fail	pair_0150	mild	98.87	2.17	0.0	0.16999999999999993	Bacillota	11.087211299999996	-32.7027573	11.349211299999997	32.7027573	10	checkm2
RS_GCF_020546685.1	H_pass	pair_0029	pass	99.96	0.0	0.0	0.0	Deinococcota	14.0596453	-34.966630499999994	14.0596453	34.966630499999994	10	checkm2
RS_GCF_020700235.1	H_fail	pair_0151	severe	99.99	15.06	0.0	13.06	Halobacteriota	22.2123452	-11.562826999999999	22.2123452	15.8341826	10	checkm2
RS_GCF_020736585.1	H_pass	pair_0035	pass	100.0	1.8	0.0	0.0	Bacillota	12.0529123	-22.0076276	12.0529123	22.0076276	10	checkm2
RS_GCF_020736625.1	H_pass	pair_0195	pass	100.0	1.85	0.0	0.0	Bacillota	14.058225299999998	-22.1532351	14.090225299999997	22.1532351	10	checkm2
RS_GCF_020906545.1	H_fail	pair_0152	mild	100.0	2.16	0.0	0.16000000000000014	Pseudomonadota	21.0763593	-8.6746252	21.0763593	16.981416399999997	10	checkm2
RS_GCF_021165815.1	H_pass	pair_0172	pass	100.0	0.4	0.0	0.0	Pseudomonadota	12.3395164	-14.143165100000001	12.3395164	14.143165100000001	10	checkm2
RS_GCF_021165835.1	H_pass	pair_0109	pass	100.0	0.67	0.0	0.0	Pseudomonadota	14.5708485	-23.8870205	14.5708485	23.8870205	10	checkm2
RS_GCF_021497965.1	H_fail	pair_0153	moderate	93.06	0.01	4.939999999999998	0.0	Bacillota	0.4661951000000009	-37.145192200000004	7.9454977000000016	37.145192200000004	10	checkm2
RS_GCF_021654615.1	H_pass	pair_0150	pass	100.0	0.02	0.0	0.0	Bacillota	15.3399799	-22.230001100000003	15.3399799	22.2334991	10	checkm2
RS_GCF_021922985.1	H_pass	pair_0080	pass	100.0	1.1	0.0	0.0	Actinomycetota	7.273067200000002	-27.6373822	7.3916488000000005	27.6373822	10	checkm2
RS_GCF_021952865.1	H_pass	pair_0129	pass	100.0	0.07	0.0	0.0	Actinomycetota	6.686333300000001	-31.7979468	7.5956402999999995	31.7979468	10	checkm2
RS_GCF_022788675.1	H_pass	pair_0146	pass	100.0	0.03	0.0	0.0	Pseudomonadota	19.426703000000003	-24.9763533	19.426703000000003	24.9763533	10	checkm2
RS_GCF_022870965.1	H_fail	pair_0154	mild	99.98	3.17	0.0	1.17	Pseudomonadota	9.4032961	-29.684726700000006	9.4032961	29.684726700000006	10	checkm2
RS_GCF_022919835.1	H_fail	pair_0155	moderate	100.0	4.07	0.0	2.0700000000000003	Bacillota	19.4332843	-22.804839499999996	19.4332843	23.6061153	10	checkm2
RS_GCF_022921115.1	H_pass	pair_0155	pass	99.98	0.66	0.0	0.0	Bacillota	17.849944699999998	-17.90753	17.849944699999998	18.6993498	10	checkm2
RS_GCF_023028345.1	H_fail	pair_0156	moderate	99.99	7.04	0.0	5.04	Halobacteriota	10.855540299999998	-22.8662858	10.855540299999998	22.8662858	10	checkm2
RS_GCF_023347705.1	H_pass	pair_0196	pass	99.81	0.21	0.0	0.0	Bacillota	3.3839813999999984	-27.9892291	3.6585422000000003	27.9892291	10	checkm2
RS_GCF_023376025.1	H_fail	pair_0157	mild	97.52	0.0	0.480000000000004	0.0	Actinomycetota	24.045642899999997	-4.133184900000001	24.045642899999997	11.299326699999998	10	checkm2
RS_GCF_023658035.1	H_fail	pair_0158	mild	100.0	2.92	0.0	0.9199999999999999	Bacillota	12.5081311	-27.871980100000002	12.5081311	27.871980100000002	10	checkm2
RS_GCF_023973145.1	H_fail	pair_0159	mild	97.82	0.0	0.18000000000000682	0.0	Halobacteriota	15.487749200000001	-20.7931148	15.487749200000001	20.7931148	10	checkm2
RS_GCF_024181125.1	H_pass	pair_0147	pass	99.56	1.2	0.0	0.0	Spirochaetota	12.062323699999999	-36.037941000000004	12.062323699999999	36.037941000000004	10	checkm2
RS_GCF_024227995.1	H_fail	pair_0160	moderate	99.95	5.04	0.0	3.04	Halobacteriota	8.296493300000002	-25.463466599999997	8.824493300000002	25.463466599999997	10	checkm2
RS_GCF_024266185.1	H_pass	pair_0006	pass	100.0	0.23	0.0	0.0	Pseudomonadota	17.254066299999998	-11.5042912	17.254066299999998	12.0041336	10	checkm2
RS_GCF_024722295.1	H_pass	pair_0027	pass	99.99	0.25	0.0	0.0	Spirochaetota	15.321322199999997	-22.1786023	15.689437199999997	22.4161243	10	checkm2
RS_GCF_024800505.1	H_pass	pair_0022	pass	99.99	0.12	0.0	0.0	Pseudomonadota	16.904568599999998	-14.632683500000002	16.904568599999998	14.6418239	10	checkm2
RS_GCF_024925305.1	H_pass	pair_0076	pass	100.0	0.06	0.0	0.0	Actinomycetota	20.534497800000004	-29.250198	20.534497800000004	29.250198	10	checkm2
RS_GCF_025148635.1	H_pass	pair_0119	pass	100.0	2.0	0.0	0.0	Bacteroidota	21.6015202	-21.562883000000003	21.6015202	21.562883000000003	10	checkm2
RS_GCF_025200905.1	H_pass	pair_0190	pass	100.0	0.3	0.0	0.0	Pseudomonadota	25.116567200000002	-5.587874499999998	25.116567200000002	12.440139700000001	10	checkm2
RS_GCF_025558485.1	H_fail	pair_0161	moderate	90.97	0.29	7.030000000000001	0.0	Bdellovibrionota	10.395449500000002	-25.6884138	12.129449500000002	25.8134054	10	checkm2
RS_GCF_025905525.1	H_pass	pair_0165	pass	99.72	0.48	0.0	0.0	Spirochaetota	5.984833400000001	-28.862120500000003	6.496630000000003	28.862120500000003	10	checkm2
RS_GCF_026062495.1	H_fail	pair_0162	mild	100.0	3.5	0.0	1.5	Actinomycetota	25.7203983	10.6146881	25.7203983	11.1244723	10	checkm2
RS_GCF_026639235.1	H_fail	pair_0163	mild	100.0	2.22	0.0	0.2200000000000002	Pseudomonadota	22.1791472	-17.364037699999997	22.1791472	17.364037699999997	10	checkm2
RS_GCF_027285985.1	H_fail	pair_0164	mild	97.91	0.26	0.09000000000000341	0.0	Spirochaetota	-2.4779318000000017	-22.690655399999997	6.8870588	22.690655399999997	10	checkm2
RS_GCF_027286205.1	H_fail	pair_0165	mild	97.99	0.12	0.010000000000005116	0.0	Spirochaetota	0.34986040000000146	-37.802362900000006	10.074067000000001	37.802362900000006	10	checkm2
RS_GCF_027474845.2	H_fail	pair_0166	mild	97.57	0.07	0.4300000000000068	0.0	Bacteroidota	9.867053100000001	-28.9852737	10.029053100000002	28.9852737	10	checkm2
RS_GCF_027942255.1	H_pass	pair_0070	pass	100.0	0.21	0.0	0.0	Bacillota	8.8661461	-25.611117200000002	8.8661461	25.611117200000002	10	checkm2
RS_GCF_028743755.1	H_fail	pair_0167	moderate	100.0	4.28	0.0	2.2800000000000002	Pseudomonadota	20.255591199999998	-8.239408800000003	20.255591199999998	12.873852199999998	10	checkm2
RS_GCF_028884855.1	H_pass	pair_0073	pass	100.0	0.36	0.0	0.0	Bacillota	1.4246678000000004	-28.3727455	2.7177016000000007	28.3727455	10	checkm2
RS_GCF_029225785.1	H_pass	pair_0160	pass	99.51	1.36	0.0	0.0	Halobacteriota	5.357242900000002	-26.5524794	10.204950700000001	26.5524794	10	checkm2
RS_GCF_029674645.1	H_pass	pair_0105	pass	100.0	0.47	0.0	0.0	Pseudomonadota	20.651164	-9.182854299999999	20.651164	12.976935700000002	10	checkm2
RS_GCF_029714165.1	H_pass	pair_0009	pass	100.0	0.2	0.0	0.0	Pseudomonadota	16.4823597	-22.7381184	16.4823597	24.3850348	10	checkm2
RS_GCF_029854295.1	H_pass	pair_0184	pass	99.92	0.68	0.0	0.0	Bacillota	-2.4797583000000025	-49.384011400000006	6.3843334999999986	49.384011400000006	10	checkm2
RS_GCF_029909475.1	H_fail	pair_0168	moderate	100.0	5.03	0.0	3.0300000000000002	Pseudomonadota	7.820779200000001	-10.987152499999999	7.820779200000001	12.5607583	10	checkm2
RS_GCF_030038915.1	H_pass	pair_0167	pass	100.0	1.06	0.0	0.0	Pseudomonadota	19.1549437	-8.4753042	19.1549437	14.582915199999999	10	checkm2
RS_GCF_030064045.1	H_pass	pair_0061	pass	100.0	0.56	0.0	0.0	Bacillota	14.263837800000001	-33.6592147	14.263837800000001	33.6592147	10	checkm2
RS_GCF_030123245.1	H_pass	pair_0139	pass	100.0	1.15	0.0	0.0	Bacillota	7.825942299999997	-13.854870400000001	7.825942299999997	13.854870400000001	10	checkm2
RS_GCF_030271855.1	H_pass	pair_0016	pass	100.0	0.65	0.0	0.0	Pseudomonadota	15.6446815	-2.6519181999999994	15.6446815	5.7010727999999995	10	checkm2
RS_GCF_030291635.1	H_fail	pair_0169	mild	100.0	2.25	0.0	0.25	Pseudomonadota	16.5755453	-4.575544500000001	17.4427097	10.959126699999999	10	checkm2
RS_GCF_030295805.1	H_pass	pair_0041	pass	100.0	0.21	0.0	0.0	Bacillota	9.2070255	-37.5837273	9.2070255	37.5837273	10	checkm2
RS_GCF_030296715.1	H_fail	pair_0170	moderate	94.02	3.29	3.980000000000004	1.29	Methanobacteriota	7.196440400000003	-30.259572600000002	9.139681600000003	30.259572600000002	10	checkm2
RS_GCF_030406775.1	H_fail	pair_0171	mild	96.09	0.11	1.9099999999999966	0.0	Bacillota	15.755593299999997	-33.4128166	15.759593299999997	33.4128166	10	checkm2
RS_GCF_030413615.1	H_pass	pair_0132	pass	100.0	0.69	0.0	0.0	Bacillota	15.882111599999998	-23.495863699999997	15.882111599999998	25.0906443	10	checkm2
RS_GCF_030518775.1	H_fail	pair_0172	mild	100.0	2.14	0.0	0.14000000000000012	Pseudomonadota	18.842694	-13.935444899999998	18.842694	13.9979731	10	checkm2
RS_GCF_030520125.1	H_pass	pair_0122	pass	100.0	0.31	0.0	0.0	Pseudomonadota	14.860259300000001	-32.5085457	14.860259300000001	32.5085457	10	checkm2
RS_GCF_030534135.1	H_pass	pair_0192	pass	100.0	0.37	0.0	0.0	Bacillota	10.6520545	-29.3906634	10.6574805	29.3906634	10	checkm2
RS_GCF_030585505.1	H_pass	pair_0107	pass	100.0	1.34	0.0	0.0	Bacillota	15.621540299999998	-17.144384	15.621540299999998	19.745037599999996	10	checkm2
RS_GCF_030717405.1	H_pass	pair_0137	pass	100.0	0.77	0.0	0.0	Pseudomonadota	15.503575799999998	-14.422253700000002	15.503575799999998	15.9793257	10	checkm2
RS_GCF_030758655.1	H_pass	pair_0154	pass	100.0	0.45	0.0	0.0	Pseudomonadota	8.1637983	-34.781228999999996	8.1637983	34.781228999999996	10	checkm2
RS_GCF_030762805.1	H_fail	pair_0173	mild	97.29	0.26	0.7099999999999937	0.0	Bacillota	12.2538549	-31.374998599999998	13.031987700000002	31.374998599999998	10	checkm2
RS_GCF_030931015.1	H_fail	pair_0174	moderate	95.93	2.14	2.069999999999993	0.14000000000000012	Pseudomonadota	15.8241918	-14.066946699999999	15.8241918	14.903422700000002	10	checkm2
RS_GCF_031202285.1	H_fail	pair_0175	moderate	99.99	6.13	0.0	4.13	Bacillota	13.5620824	-17.5016421	13.5620824	19.850543100000003	10	checkm2
RS_GCF_031326225.1	H_pass	pair_0010	pass	99.96	0.11	0.0	0.0	Pseudomonadota	11.464512800000001	-14.538824499999999	11.9525604	17.350195300000003	10	checkm2
RS_GCF_032084765.1	H_fail	pair_0176	mild	96.56	0.24	1.4399999999999977	0.0	Bacillota	-7.7468379999999994	-38.065435300000004	7.7468379999999994	38.065435300000004	10	checkm2
RS_GCF_032278865.1	H_pass	pair_0106	pass	99.92	0.69	0.0	0.0	Pseudomonadota	15.2147638	-20.4801742	15.2147638	20.4801742	10	checkm2
RS_GCF_032878895.1	H_fail	pair_0177	mild	99.99	2.02	0.0	0.020000000000000018	Bacteroidota	16.682443499999994	-21.3557907	16.682443499999994	21.6014463	10	checkm2
RS_GCF_033096465.1	H_pass	pair_0149	pass	99.98	0.78	0.0	0.0	Bacillota	13.978232100000003	-17.899665000000002	13.978232100000003	17.964049	10	checkm2
RS_GCF_033100135.1	H_fail	pair_0178	mild	97.48	0.21	0.519999999999996	0.0	Verrucomicrobiota	16.5408096	-8.02182	16.5408096	12.461596199999999	10	checkm2
RS_GCF_033130085.1	H_pass	pair_0158	pass	100.0	1.41	0.0	0.0	Bacillota	7.955919799999998	-27.0361423	7.955919799999998	27.0361423	10	checkm2
RS_GCF_033189955.1	H_pass	pair_0168	pass	100.0	0.09	0.0	0.0	Pseudomonadota	11.5434485	-7.389896900000001	11.5434485	8.767016100000001	10	checkm2
RS_GCF_033304595.1	H_pass	pair_0171	pass	99.8	0.09	0.0	0.0	Bacillota	13.241436099999998	-33.0250832	13.241436099999998	33.0250832	10	checkm2
RS_GCF_034130585.1	H_fail	pair_0179	mild	100.0	2.27	0.0	0.27	Pseudomonadota	15.053499100000002	-7.2058199	15.053499100000002	14.289003300000001	10	checkm2
RS_GCF_034491365.1	H_pass	pair_0092	pass	100.0	0.12	0.0	0.0	Pseudomonadota	23.2497376	-21.4640226	23.2497376	21.4640226	10	checkm2
RS_GCF_034555395.1	H_pass	pair_0042	pass	100.0	0.27	0.0	0.0	Pseudomonadota	15.196663299999997	-25.073672100000003	15.196663299999997	25.073672100000003	10	checkm2
RS_GCF_035918055.1	H_pass	pair_0182	pass	99.96	1.69	0.0	0.0	Actinomycetota	21.8361826	10.951131500000002	21.8361826	10.951131500000002	10	checkm2
RS_GCF_035918295.1	H_fail	pair_0180	moderate	100.0	5.46	0.0	3.46	Actinomycetota	11.859278100000001	4.967021099999999	11.859278100000001	5.940329699999998	10	checkm2
RS_GCF_035991205.1	H_fail	pair_0181	mild	100.0	2.08	0.0	0.08000000000000007	Actinomycetota	18.0979187	1.2196374000000016	18.0979187	9.9154434	10	checkm2
RS_GCF_036035005.1	H_pass	pair_0181	pass	100.0	1.7	0.0	0.0	Actinomycetota	22.9786763	12.105406599999998	22.9786763	12.117046399999998	10	checkm2
RS_GCF_036248315.1	H_fail	pair_0182	moderate	100.0	4.32	0.0	2.3200000000000003	Actinomycetota	24.046682699999998	12.562126000000001	24.046682699999998	12.562126000000001	10	checkm2
RS_GCF_036250655.1	H_pass	pair_0189	pass	99.68	0.44	0.0	0.0	Spirochaetota	15.013441100000003	-23.497225	15.013441100000003	23.497225	10	checkm2
RS_GCF_036884255.1	H_pass	pair_0120	pass	100.0	0.0	0.0	0.0	Bacillota	17.4265453	-8.374279699999999	18.194761500000002	16.5767823	10	checkm2
RS_GCF_037043395.1	H_pass	pair_0074	pass	99.87	0.19	0.0	0.0	Pseudomonadota	12.482161400000003	-18.447211900000003	13.495362	20.062006500000003	10	checkm2
RS_GCF_037099735.1	H_pass	pair_0169	pass	100.0	0.24	0.0	0.0	Pseudomonadota	23.552559000000002	-11.391376099999999	24.2164146	12.093338900000001	10	checkm2
RS_GCF_037746055.1	H_pass	pair_0056	pass	100.0	0.51	0.0	0.0	Pseudomonadota	14.481043500000002	-17.7497136	14.481043500000002	17.7497136	10	checkm2
RS_GCF_037780985.1	H_pass	pair_0078	pass	100.0	0.12	0.0	0.0	Pseudomonadota	20.639121199999998	-11.908698099999999	20.639121199999998	12.3571657	10	checkm2
RS_GCF_038048995.1	H_pass	pair_0069	pass	100.0	0.46	0.0	0.0	Bacillota	6.8697776999999975	-24.0811495	6.8697776999999975	24.0811495	10	checkm2
RS_GCF_038095645.1	H_fail	pair_0183	moderate	95.61	0.16	2.3900000000000006	0.0	Bacillota	-10.588246000000002	-41.3440024	10.588246000000002	41.3440024	10	checkm2
RS_GCF_038095715.1	H_fail	pair_0184	mild	96.14	0.16	1.8599999999999994	0.0	Bacillota	-7.895488700000001	-50.3756016	9.277741500000001	50.3756016	10	checkm2
RS_GCF_038095875.1	H_fail	pair_0185	mild	96.17	0.65	1.8299999999999983	0.0	Bacillota	-10.692819200000002	-37.3915182	10.692819200000002	37.3915182	10	checkm2
RS_GCF_038095885.1	H_fail	pair_0186	mild	96.49	0.2	1.5100000000000051	0.0	Bacillota	-0.5687625000000018	-27.2043641	4.077921100000004	27.2043641	10	checkm2
RS_GCF_038096035.1	H_fail	pair_0187	mild	96.19	0.26	1.8100000000000023	0.0	Bacillota	-3.784443300000001	-32.5090307	7.214684700000001	32.5090307	10	checkm2
RS_GCF_038096075.2	H_pass	pair_0046	pass	100.0	0.34	0.0	0.0	Actinomycetota	17.567786399999996	-26.3288102	18.115553999999996	26.3288102	10	checkm2
RS_GCF_038260915.1	H_pass	pair_0020	pass	99.9	0.08	0.0	0.0	Bacteroidota	-3.759464100000001	-28.363980700000003	3.8955578999999987	28.363980700000003	10	checkm2
RS_GCF_038420605.1	H_pass	pair_0085	pass	99.98	0.09	0.0	0.0	Pseudomonadota	9.478521400000002	-20.9827712	9.478521400000002	21.1737234	10	checkm2
RS_GCF_038441155.1	H_pass	pair_0144	pass	100.0	1.89	0.0	0.0	Bacillota	9.414003700000002	-25.121647799999998	9.414003700000002	26.3566668	10	checkm2
RS_GCF_038443385.1	H_pass	pair_0123	pass	99.99	1.94	0.0	0.0	Planctomycetota	22.537017199999998	11.822168600000001	23.172907799999997	14.667122600000003	10	checkm2
RS_GCF_039727125.1	H_fail	pair_0188	severe	85.45	3.94	12.549999999999997	1.94	Actinomycetota	13.8055478	-29.2804483	14.1775478	29.2804483	10	checkm2
RS_GCF_039954945.1	H_pass	pair_0082	pass	99.99	0.33	0.0	0.0	Bacillota	7.972993600000002	-33.588729	8.542871800000002	33.588729	10	checkm2
RS_GCF_040437135.1	H_pass	pair_0055	pass	100.0	0.04	0.0	0.0	Pseudomonadota	19.004024200000003	-16.7694548	19.004024200000003	18.0193004	10	checkm2
RS_GCF_040790775.1	H_fail	pair_0189	mild	97.44	0.36	0.5600000000000023	0.0	Spirochaetota	-2.6048023000000016	-36.1414108	8.7701637	36.1414108	10	checkm2
RS_GCF_040931755.1	H_pass	pair_0063	pass	100.0	1.53	0.0	0.0	Bacillota	14.3226761	-24.537577199999998	14.3226761	24.537577199999998	10	checkm2
RS_GCF_040939785.1	H_fail	pair_0190	mild	96.81	0.67	1.1899999999999977	0.0	Pseudomonadota	23.5900055	-1.0224527999999986	23.5900055	11.730569	10	checkm2
RS_GCF_041221345.1	H_pass	pair_0198	pass	100.0	0.15	0.0	0.0	Pseudomonadota	25.6778228	0.8407586000000009	25.6778228	14.214301600000002	10	checkm2
RS_GCF_041320175.1	H_pass	pair_0013	pass	100.0	0.28	0.0	0.0	Pseudomonadota	17.4555511	-7.232211600000002	17.4555511	14.300507200000002	10	checkm2
RS_GCF_041428605.1	H_pass	pair_0191	pass	99.97	1.53	0.0	0.0	Bacillota	11.805739000000003	-7.7997540999999995	11.805739000000003	9.579634299999999	10	checkm2
RS_GCF_041428895.1	H_fail	pair_0191	severe	100.0	12.26	0.0	10.26	Bacillota	17.157489299999998	3.3529664999999986	17.157489299999998	8.177370300000002	10	checkm2
RS_GCF_041764945.1	H_pass	pair_0053	pass	99.99	0.7	0.0	0.0	Bacillota	6.567817	-29.762195100000003	7.042661199999998	29.762195100000003	10	checkm2
RS_GCF_900092475.1	H_pass	pair_0108	pass	100.0	1.77	0.0	0.0	Bacillota	10.8134167	-27.5683849	10.8134167	27.5683849	10	checkm2
RS_GCF_900324205.1	H_fail	pair_0192	mild	100.0	2.33	0.0	0.33000000000000007	Bacillota	7.059020999999999	-37.6483214	7.078023400000001	37.6483214	10	checkm2
RS_GCF_900476125.1	H_pass	pair_0114	pass	99.81	0.68	0.0	0.0	Bacillota	-6.024313400000002	-36.0029421	7.9437038	36.0029421	10	checkm2
RS_GCF_900636535.1	H_fail	pair_0193	mild	100.0	2.02	0.0	0.020000000000000018	Bacteroidota	22.435340200000002	-14.236350100000001	22.435340200000002	14.7041401	10	checkm2
RS_GCF_900637925.1	H_fail	pair_0194	moderate	100.0	4.7	0.0	2.7	Actinomycetota	9.2142798	-27.6890197	9.2142798	27.6890197	10	checkm2
RS_GCF_900639395.1	H_fail	pair_0195	mild	100.0	3.4	0.0	1.4	Bacillota	11.5761972	-26.561515200000002	11.5761972	27.052091400000002	10	checkm2
RS_GCF_900660505.1	H_pass	pair_0176	pass	98.47	0.14	0.0	0.0	Bacillota	-5.411223999999999	-38.4543855	6.933733600000001	38.4543855	10	checkm2
RS_GCF_900660565.1	H_pass	pair_0185	pass	99.28	1.15	0.0	0.0	Bacillota	-3.7992408999999987	-35.097785900000005	6.3329563	35.097785900000005	10	checkm2
RS_GCF_943169635.2	H_fail	pair_0196	moderate	95.54	0.43	2.4599999999999937	0.0	Bacillota	2.209175100000003	-28.4115981	8.5481783	28.4115981	10	checkm2
RS_GCF_949793775.1	H_pass	pair_0054	pass	100.0	0.27	0.0	0.0	Bacillota	9.6756171	-47.11381970000001	9.8839439	47.11381970000001	10	checkm2
RS_GCF_963556575.1	H_pass	pair_0097	pass	100.0	0.29	0.0	0.0	Actinomycetota	5.7732062000000015	-26.418411600000002	5.7732062000000015	26.418411600000002	10	checkm2
RS_GCF_963668235.1	H_fail	pair_0197	mild	97.65	3.78	0.3499999999999943	1.7799999999999998	Spirochaetota	18.1658501	-32.4550831	18.1658501	32.4550831	10	checkm2
RS_GCF_963692985.1	H_pass	pair_0166	pass	100.0	0.07	0.0	0.0	Bacteroidota	16.1001341	-19.5131302	16.1001341	19.5131302	10	checkm2
RS_GCF_963854595.1	H_fail	pair_0198	mild	100.0	2.64	0.0	0.6400000000000001	Pseudomonadota	23.287315200000002	-13.513568299999998	23.287315200000002	17.393296099999997	10	checkm2
RS_GCF_964065165.1	H_fail	pair_0199	mild	100.0	2.2	0.0	0.20000000000000018	Bacillota	11.9454784	-31.377078	11.9454784	31.5005196	10	checkm2
GB_GCA_000272795.2	H_fail	pair_0000	moderate	91.89	1.61	6.109999999999999	0.0	Pseudomonadota	4.1888400890291475	7.005018077105353	6.57533979125904	12.870549206402469	10	cocopye
GB_GCA_000389905.1	H_fail	pair_0001	severe	85.98	4.38	12.019999999999996	2.38	Actinomycetota	9.437540282278052	13.823718197411745	9.501345170840235	16.427270439670103	10	cocopye
GB_GCA_000389925.1	H_fail	pair_0002	severe	84.94	7.32	13.060000000000002	5.32	Actinomycetota	4.220531172624659	8.495910643257707	6.332000217731048	13.723379118403878	10	cocopye
GB_GCA_000599545.1	H_pass	pair_0017	pass	100.0	0.98	0.0	0.0	Actinomycetota	7.858928485003081	27.600509222065398	10.506893938290325	27.600509222065398	10	cocopye
GB_GCA_000599965.1	H_pass	pair_0089	pass	99.99	0.17	0.0	0.0	Bacillota	1.503837698025297	-17.540411373594893	2.409438667372263	17.540411373594893	10	cocopye
GB_GCA_000774075.2	H_fail	pair_0003	severe	85.08	0.38	12.920000000000002	0.0	Bacillota	-1.308674648648792	-12.039896562029362	5.545314205413617	12.4909774608055	10	cocopye
GB_GCA_001274575.1	H_pass	pair_0134	pass	100.0	0.28	0.0	0.0	Bacillota	4.284916131902106	-13.22638971005411	7.752831712140352	13.22638971005411	10	cocopye
GB_GCA_001554095.1	H_fail	pair_0004	moderate	94.34	3.64	3.6599999999999966	1.6400000000000001	Bacillota	-9.702595070251544	6.252624412100982	11.83726796874305	23.92222706694496	10	cocopye
GB_GCA_001767375.1	H_pass	pair_0087	pass	99.99	0.0	0.0	0.0	Actinomycetota	9.58322421838767	14.125344400025531	10.255195006967426	16.674582515842268	10	cocopye
GB_GCA_001816225.4	H_fail	pair_0005	moderate	94.2	3.55	3.799999999999997	1.5499999999999998	Bacteroidota	10.40007607163489	25.360917787643388	11.244222434362275	28.57525383080132	10	cocopye
GB_GCA_001886995.1	H_fail	pair_0006	mild	100.0	2.01	0.0	0.009999999999999787	Pseudomonadota	4.033966104551805	-12.283328137908047	4.354443445270908	12.497474767175891	10	cocopye
GB_GCA_002117375.1	H_pass	pair_0199	pass	99.81	0.75	0.0	0.0	Bacillota	5.7840730305913075	-11.908024742308134	7.901222965658323	13.815581419160637	10	cocopye
GB_GCA_002163795.1	H_fail	pair_0007	severe	72.51	0.03	25.489999999999995	0.0	Pseudomonadota	-4.97775611175332	-29.22039321390273	5.91065809644397	29.22039321390273	10	cocopye
GB_GCA_002844335.1	H_pass	pair_0156	pass	99.91	0.45	0.0	0.0	Halobacteriota	3.2881551493948877	-5.152094869708046	5.778639909937991	15.728100846004583	10	cocopye
GB_GCA_003019195.1	H_fail	pair_0008	mild	96.7	2.15	1.2999999999999972	0.1499999999999999	Pseudomonadota	7.199719285161197	-4.400839441350321	7.738870706806486	7.751454921534256	10	cocopye
GB_GCA_003047085.1	H_pass	pair_0057	pass	100.0	0.02	0.0	0.0	Pseudomonadota	6.463814392833858	-5.97037981790204	8.165966515769723	10.577712552239436	10	cocopye
GB_GCA_003071285.1	H_pass	pair_0179	pass	100.0	1.1	0.0	0.0	Pseudomonadota	6.297802947164216	-6.86502970817237	7.301705319554418	7.298726423625261	10	cocopye
GB_GCA_003359255.2	H_fail	pair_0009	mild	96.23	1.84	1.769999999999996	0.0	Pseudomonadota	8.094545464414606	16.83029151736999	8.538210666864329	16.83029151736999	10	cocopye
GB_GCA_003970805.2	H_fail	pair_0010	mild	97.39	0.74	0.6099999999999994	0.0	Pseudomonadota	7.757067562511951	-5.723668655688368	7.97415119302165	11.185837186160654	10	cocopye
GB_GCA_003999465.1	H_fail	pair_0011	severe	82.99	0.68	15.010000000000005	0.0	Pseudomonadota	-3.9464890581325336	-21.458562487929903	6.921562877474526	21.878744332053664	10	cocopye
GB_GCA_006088835.1	H_pass	pair_0058	pass	100.0	0.38	0.0	0.0	Bacillota	4.010138417924076	-19.27440997488666	4.017933711509075	19.444306753818623	10	cocopye
GB_GCA_007998065.1	H_fail	pair_0012	moderate	91.38	5.23	6.6200000000000045	3.2300000000000004	Pseudomonadota	6.83300366209873	12.641853847528449	7.84654028815971	15.632892249691935	10	cocopye
GB_GCA_007998105.1	H_fail	pair_0013	severe	83.28	5.83	14.719999999999999	3.83	Pseudomonadota	7.268949923208893	10.166504259835103	7.268949923208893	10.791899104049046	10	cocopye
GB_GCA_009664105.1	H_fail	pair_0014	severe	65.13	1.81	32.870000000000005	0.0	Pseudomonadota	7.345065864659719	42.83332605915875	7.47773696535495	42.83332605915875	10	cocopye
GB_GCA_010694505.1	H_fail	pair_0015	moderate	95.75	2.3	2.25	0.2999999999999998	Pseudomonadota	9.40209791699489	12.158230108941233	9.846816407498407	14.00273707805464	10	cocopye
GB_GCA_011765405.1	H_fail	pair_0016	moderate	94.99	2.75	3.010000000000005	0.75	Pseudomonadota	4.997007055103222	0.2065370307760995	6.019552050962271	9.754062750858903	10	cocopye
GB_GCA_012971805.2	H_fail	pair_0017	moderate	100.0	5.26	0.0	3.26	Actinomycetota	13.943898372689336	30.77319775767284	14.036440538599347	30.77319775767284	10	cocopye
GB_GCA_013127575.1	H_fail	pair_0018	severe	63.72	1.4	34.28	0.0	Pseudomonadota	9.553399296590138	56.53428071409053	10.743874591186387	56.53428071409053	10	cocopye
GB_GCA_013315855.1	H_fail	pair_0019	mild	99.45	3.59	0.0	1.5899999999999999	Pseudomonadota	7.527022478943633	-6.354112961070216	8.117868856817367	8.126888481210553	10	cocopye
GB_GCA_014251975.1	H_fail	pair_0020	moderate	94.35	1.0	3.6500000000000057	0.0	Bacteroidota	-3.5404391797178527	-19.56707462875338	6.270364343069355	19.958691953808987	10	cocopye
GB_GCA_015172915.1	H_fail	pair_0021	severe	89.01	4.3	8.989999999999995	2.3	Pseudomonadota	7.862413446874119	1.569023249932161	8.118174685015493	10.383557201690271	10	cocopye
GB_GCA_015356075.1	H_fail	pair_0022	moderate	91.6	5.13	6.400000000000006	3.13	Pseudomonadota	10.943818590807627	6.4094492813408745	10.943818590807627	9.061950091408795	10	cocopye
GB_GCA_015356095.1	H_pass	pair_0118	pass	98.38	1.01	0.0	0.0	Bacillota	4.831151159709248	-9.390965687968494	5.903430339940689	13.452067922210853	10	cocopye
GB_GCA_015832325.1	H_fail	pair_0023	severe	83.04	5.92	14.959999999999994	3.92	Pseudomonadota	5.430927452142107	37.73876587202337	5.459417480632139	37.73876587202337	10	cocopye
GB_GCA_017068215.1	H_fail	pair_0024	mild	96.12	2.29	1.8799999999999955	0.29000000000000004	Bacillota	5.288875503761924	-6.392889161598089	7.267919497677728	13.898708775332915	10	cocopye
GB_GCA_017088185.1	H_fail	pair_0025	moderate	94.08	1.99	3.9200000000000017	0.0	Bacillota	3.2305724756493497	-3.8785505420854465	4.245685826931742	10.991557468927121	10	cocopye
GB_GCA_018388625.1	H_fail	pair_0026	severe	84.39	2.38	13.61	0.3799999999999999	Actinomycetota	13.612621055124098	16.80804004639608	15.829832316045875	20.364063958606305	10	cocopye
GB_GCA_019222725.1	H_pass	pair_0093	pass	100.0	1.47	0.0	0.0	Pseudomonadota	5.757418746335212	-13.897740434980502	5.818719549104243	15.708943225337759	10	cocopye
GB_GCA_019551375.1	H_pass	pair_0059	pass	100.0	0.08	0.0	0.0	Bacillota	2.5171244121709377	-11.999958924357738	3.1344321046611867	12.936385174413166	10	cocopye
GB_GCA_021401425.1	H_pass	pair_0084	pass	100.0	0.04	0.0	0.0	Bacillota	5.540453114855444	-19.151014825719596	6.296099421262346	20.100722318154666	10	cocopye
GB_GCA_023158875.1	H_fail	pair_0027	moderate	91.6	2.22	6.400000000000006	0.2200000000000002	Spirochaetota	8.865530105510183	-2.8170429363509464	8.9812813898614	7.770475626758683	10	cocopye
GB_GCA_023612635.1	H_fail	pair_0028	mild	99.97	3.45	0.0	1.4500000000000002	Pseudomonadota	6.11541228459691	-9.28953632693063	7.443397985445474	10.871629117311553	10	cocopye
GB_GCA_024138735.1	H_fail	pair_0029	severe	83.01	2.15	14.989999999999995	0.1499999999999999	Deinococcota	6.577324289633475	-2.26005060855281	6.577324289633475	11.95130685950343	10	cocopye
GB_GCA_024300745.1	H_pass	pair_0019	pass	100.0	0.17	0.0	0.0	Pseudomonadota	6.148089776797514	-11.423655205145526	6.148089776797514	11.987475473852276	10	cocopye
GB_GCA_024759545.1	H_fail	pair_0030	mild	96.7	3.73	1.2999999999999972	1.73	Bacteroidota	15.644022882397934	27.922668191348343	15.644022882397934	32.417875329344184	10	cocopye
GB_GCA_025757525.1	H_pass	pair_0030	pass	99.98	1.66	0.0	0.0	Bacteroidota	13.233059316919476	22.645699838118315	13.252822162769277	22.645699838118315	10	cocopye
GB_GCA_025792475.2	H_fail	pair_0031	mild	99.76	2.19	0.0	0.18999999999999995	Spirochaetota	8.267704175533968	-8.608810925887187	9.242190766223251	9.280535489164553	10	cocopye
GB_GCA_025792575.1	H_fail	pair_0032	severe	76.37	3.94	21.629999999999995	1.94	Pseudomonadota	7.761417241364502	29.663922699978464	9.226958623109685	29.663922699978464	10	cocopye
GB_GCA_026073375.1	H_pass	pair_0034	pass	100.0	1.3	0.0	0.0	Bacillota	2.9909652561088267	-3.1779056581089193	6.4839742740764645	11.716349208098066	10	cocopye
GB_GCA_026073395.1	H_fail	pair_0033	mild	100.0	3.54	0.0	1.54	Bacillota	5.894166449995687	-12.357059494435363	6.529652422615152	13.45901434330256	10	cocopye
GB_GCA_026073495.1	H_fail	pair_0034	mild	100.0	3.85	0.0	1.85	Bacillota	6.473284571451671	-4.2375500513104125	7.388209678915601	12.926114595151384	10	cocopye
GB_GCA_026073535.1	H_fail	pair_0035	mild	100.0	3.18	0.0	1.1800000000000002	Bacillota	4.026354827951379	-0.400097286046018	7.064086733824277	10.375881026967836	10	cocopye
GB_GCA_027625415.1	H_fail	pair_0036	severe	84.26	0.02	13.739999999999995	0.0	Campylobacterota	-8.337724837331763	-14.494104454169886	9.041989247283368	14.494104454169886	10	cocopye
GB_GCA_027941715.1	H_fail	pair_0037	moderate	99.83	6.72	0.0	4.72	Pseudomonadota	7.499967908706935	-2.2544815788911903	7.89518434617865	7.913009994685756	10	cocopye
GB_GCA_028201695.1	H_fail	pair_0038	moderate	93.97	5.26	4.030000000000001	3.26	Pseudomonadota	8.895580753839013	-1.3142555433913934	8.9603536740125	9.206733565303555	10	cocopye
GB_GCA_028219255.1	H_fail	pair_0039	severe	79.77	6.06	18.230000000000004	4.06	Pseudomonadota	6.323315352172488	4.326436009059345	6.392902023741285	11.677275935449199	10	cocopye
GB_GCA_028570875.1	H_pass	pair_0163	pass	100.0	0.18	0.0	0.0	Pseudomonadota	5.380427754831871	-10.643147916597536	6.186406936632406	12.428760999279476	10	cocopye
GB_GCA_028621915.1	H_fail	pair_0040	moderate	95.59	0.0	2.4099999999999966	0.0	Pseudomonadota	2.4138922462969816	-8.206353735690227	3.862995839882757	9.7253971049402	10	cocopye
GB_GCA_029011745.1	H_fail	pair_0041	mild	99.89	3.96	0.0	1.96	Bacillota	4.592881276497587	-12.007473454482113	4.812521786412412	15.13183131016315	10	cocopye
GB_GCA_029168395.1	H_fail	pair_0042	mild	99.91	2.91	0.0	0.9100000000000001	Pseudomonadota	8.134358123883455	-4.2734081469487695	8.506521309919359	10.378768166757913	10	cocopye
GB_GCA_029632985.2	H_fail	pair_0043	severe	87.14	3.22	10.86	1.2200000000000002	Bacillota	2.07258555353683	-6.6474311011635105	5.122832004707865	14.593267769562981	10	cocopye
GB_GCA_029633425.2	H_pass	pair_0043	pass	99.57	0.85	0.0	0.0	Bacillota	2.7535444115215633	-17.926056683498558	3.788531056511835	18.700586150130114	10	cocopye
GB_GCA_029690025.2	H_fail	pair_0044	moderate	94.73	2.23	3.269999999999996	0.22999999999999998	Bacillota	3.740272682183565	-9.129925661287867	4.769444334936425	12.154773623058016	10	cocopye
GB_GCA_030014105.1	H_fail	pair_0045	moderate	95.83	2.28	2.1700000000000017	0.2799999999999998	Bacillota	2.980129148563057	-13.75818007322241	6.593223617000786	17.71381863665035	10	cocopye
GB_GCA_030020405.1	H_pass	pair_0088	pass	100.0	0.28	0.0	0.0	Bacillota	2.2470777830435607	-19.60866111307977	2.7187837202530476	20.0171116182131	10	cocopye
GB_GCA_030569355.1	H_pass	pair_0047	pass	100.0	0.36	0.0	0.0	Actinomycetota	4.420354919770463	-4.63315259573611	6.065866419999236	6.9910248823324705	10	cocopye
GB_GCA_030573405.1	H_fail	pair_0046	moderate	90.52	1.13	7.480000000000004	0.0	Actinomycetota	9.008122350632913	-1.2599175648537755	9.524301948986222	13.232243256209273	10	cocopye
GB_GCA_030576775.1	H_fail	pair_0047	severe	88.75	2.83	9.25	0.8300000000000001	Actinomycetota	3.1368939160529465	5.246216837092452	5.0454618358930245	6.904739557689675	10	cocopye
GB_GCA_030719765.1	H_fail	pair_0048	moderate	93.81	0.44	4.189999999999998	0.0	Campylobacterota	1.5333133940050998	-6.371755432472988	3.7200497311209375	13.473239956370941	10	cocopye
GB_GCA_030719905.1	H_fail	pair_0049	moderate	93.7	0.36	4.299999999999997	0.0	Campylobacterota	3.283914184589064	-14.31283559394085	3.427508875227987	19.603366929779153	10	cocopye
GB_GCA_030720005.1	H_pass	pair_0048	pass	98.43	0.74	0.0	0.0	Campylobacterota	1.2403258686925036	-9.415266526337554	2.201774150641254	12.61210264800663	10	cocopye
GB_GCA_030720205.1	H_pass	pair_0049	pass	99.29	0.33	0.0	0.0	Campylobacterota	2.483557458595101	-19.79027626408872	2.603507361811661	20.15076595365307	10	cocopye
GB_GCA_030720305.1	H_fail	pair_0050	moderate	93.19	0.22	4.810000000000002	0.0	Campylobacterota	1.1899202454002782	-11.19069617030216	2.592223202156928	13.4475671300843	10	cocopye
GB_GCA_030863565.1	H_fail	pair_0051	mild	96.07	3.84	1.9300000000000068	1.8399999999999999	Pseudomonadota	4.858583290710221	-9.239904677974879	5.373238428974722	13.548906204374077	10	cocopye
GB_GCA_030994885.1	H_pass	pair_0021	pass	99.99	0.78	0.0	0.0	Pseudomonadota	5.47771986724141	-10.139172077960144	6.1299028233866455	12.819138861269124	10	cocopye
GB_GCA_033170915.1	H_fail	pair_0052	moderate	94.46	3.06	3.5400000000000063	1.06	Bacillota	6.366032497209547	-4.085041597125246	6.880847624275975	9.332705154992224	10	cocopye
GB_GCA_033181785.1	H_fail	pair_0053	moderate	95.36	2.92	2.6400000000000006	0.9199999999999999	Bacillota	8.64660506383932	-3.3629748536296207	10.23828292119972	14.268292231602965	10	cocopye
GB_GCA_033798825.1	H_fail	pair_0054	moderate	94.39	4.45	3.6099999999999994	2.45	Bacillota	7.6302195089721865	-19.9734179152489	8.108818277828922	20.800446911172905	10	cocopye
GB_GCA_033977085.1	H_fail	pair_0055	severe	83.18	5.33	14.819999999999993	3.33	Pseudomonadota	5.930422345325178	10.404208493779656	7.679703530855039	12.999543151152016	10	cocopye
GB_GCA_034480345.1	H_fail	pair_0056	moderate	100.0	7.64	0.0	5.64	Pseudomonadota	3.0972081599226997	-6.764974106893933	5.0002655731837775	9.25657571269154	10	cocopye
GB_GCA_034480465.1	H_fail	pair_0057	mild	100.0	2.2	0.0	0.20000000000000018	Pseudomonadota	9.097708000851068	-10.32278842101922	9.873440308069329	10.32278842101922	10	cocopye
GB_GCA_035444265.1	H_fail	pair_0058	severe	83.38	2.02	14.620000000000005	0.020000000000000018	Bacillota	5.823686651075866	-0.5934519140733876	6.468998135137054	14.236588215789542	10	cocopye
GB_GCA_035461165.1	H_fail	pair_0059	severe	81.87	5.59	16.129999999999995	3.59	Bacillota	4.027146959972475	3.899610349392894	5.432568155653698	8.866446978630167	10	cocopye
GB_GCA_035469665.1	H_fail	pair_0060	severe	88.93	3.68	9.069999999999993	1.6800000000000002	Bacillota	4.663822648013158	-3.960688308390028	6.330464554416853	11.084302017887763	10	cocopye
GB_GCA_035481575.1	H_fail	pair_0061	severe	89.0	3.88	9.0	1.88	Bacillota	9.740426927350068	-8.935801944517248	9.783716970640109	11.535913887005872	10	cocopye
GB_GCA_035491695.1	H_fail	pair_0062	severe	85.87	3.72	12.129999999999995	1.7200000000000002	Bacillota	8.22066014413198	-8.44627701465551	8.676876615204828	11.707786899050582	10	cocopye
GB_GCA_035493755.1	H_fail	pair_0063	severe	85.84	2.63	12.159999999999997	0.6299999999999999	Bacillota	5.558489455624178	-0.5018000073123055	7.029453833816933	10.872036639839212	10	cocopye
GB_GCA_035495755.1	H_fail	pair_0064	severe	87.25	4.52	10.75	2.5199999999999996	Bacillota	6.589932719598875	-5.8414715422306625	7.530572220560569	9.947284135205711	10	cocopye
GB_GCA_035508035.1	H_fail	pair_0065	severe	85.92	4.75	12.079999999999998	2.75	Bacillota	5.645581964865551	0.2892086185599876	7.435390819687666	10.665768134061567	10	cocopye
GB_GCA_035521615.1	H_fail	pair_0066	severe	86.9	4.33	11.099999999999994	2.33	Bacillota	5.446299109422498	-1.701038768514205	6.198045560441532	11.477622325177252	10	cocopye
GB_GCA_035532875.1	H_fail	pair_0067	severe	60.52	5.09	37.48	3.09	Bacillota	7.999826903481136	34.330341093320854	8.120193493018817	34.330341093320854	10	cocopye
GB_GCA_035536755.1	H_fail	pair_0068	severe	83.76	6.49	14.239999999999995	4.49	Bacillota	5.817312654455178	6.808927119041391	5.838189481177514	12.389663479930482	10	cocopye
GB_GCA_035540595.1	H_fail	pair_0069	severe	76.16	5.7	21.840000000000003	3.7	Bacillota	6.301998340953466	14.931399397492513	6.356102382303171	20.45891655063631	10	cocopye
GB_GCA_035542055.1	H_fail	pair_0070	severe	60.79	5.85	37.21	3.8499999999999996	Bacillota	3.368598255773083	46.168611914794084	7.7978052365073385	52.49093418291976	10	cocopye
GB_GCA_035547075.1	H_fail	pair_0071	severe	74.18	6.06	23.819999999999993	4.06	Bacillota	6.236302986579359	15.954973701221144	6.2572527072497515	19.184939061824263	10	cocopye
GB_GCA_036351975.1	H_fail	pair_0072	severe	75.78	4.56	22.22	2.5599999999999996	Pseudomonadota	8.768372285949985	22.703729395255053	10.493726368772553	26.804412567195612	10	cocopye
GB_GCA_036872555.1	H_fail	pair_0073	severe	85.75	5.24	12.25	3.24	Bacillota	3.1799875601451832	-2.656349797702745	7.35737965337252	11.3450984367732	10	cocopye
GB_GCA_037055285.1	H_fail	pair_0074	moderate	90.42	1.61	7.579999999999998	0.0	Pseudomonadota	8.129700382792208	1.0486465254769848	8.14825325848794	10.393623099758559	10	cocopye
GB_GCA_037100235.1	H_fail	pair_0075	moderate	93.17	0.42	4.829999999999998	0.0	Pseudomonadota	0.6493585314089444	-8.914313861489923	6.860271400981318	9.22461144181344	10	cocopye
GB_GCA_037236975.1	H_fail	pair_0076	severe	84.82	1.53	13.180000000000007	0.0	Actinomycetota	9.81677395964616	-7.716515700771818	11.37602299100072	9.693382434928905	10	cocopye
GB_GCA_037246145.1	H_fail	pair_0077	moderate	94.42	6.91	3.5799999999999983	4.91	Bacillota	4.422682702163254	-9.77726203299769	4.423272123473231	13.788917709807498	10	cocopye
GB_GCA_037791055.1	H_fail	pair_0078	moderate	94.17	5.11	3.8299999999999983	3.1100000000000003	Pseudomonadota	7.593212013783943	-4.479950129844051	8.276852601978982	10.626678097760236	10	cocopye
GB_GCA_037794445.1	H_fail	pair_0079	moderate	95.54	4.82	2.4599999999999937	2.8200000000000003	Pseudomonadota	5.679397440503687	-3.8610223166961206	5.951957937167398	9.96020337434236	10	cocopye
GB_GCA_037888935.1	H_fail	pair_0080	severe	53.21	0.19	44.79	0.0	Actinomycetota	7.268094397372645	18.66622581213226	8.342470080031863	23.29150876203979	10	cocopye
GB_GCA_039513915.1	H_pass	pair_0036	pass	99.97	0.03	0.0	0.0	Campylobacterota	0.37021804403013336	-12.469542155954425	1.4072671572595028	12.469542155954425	10	cocopye
GB_GCA_039519115.1	H_fail	pair_0081	moderate	93.72	0.51	4.280000000000001	0.0	Campylobacterota	2.6222386813767455	-15.67466673353962	4.304114071487947	18.914226113461375	10	cocopye
GB_GCA_039955015.1	H_fail	pair_0082	severe	85.16	4.17	12.840000000000003	2.17	Bacillota	9.50418889254522	-14.362012979122392	9.50418889254522	15.055924426336116	10	cocopye
GB_GCA_040084615.1	H_fail	pair_0083	severe	84.86	4.75	13.14	2.75	Bacillota	6.569520583765531	2.6055398315572216	7.853605430216793	11.303359079188974	10	cocopye
GB_GCA_040084665.1	H_fail	pair_0084	severe	76.35	4.44	21.650000000000006	2.4400000000000004	Bacillota	13.199906970764482	19.2124027179612	13.199906970764482	23.941772581389507	10	cocopye
GB_GCA_040215705.1	H_fail	pair_0085	mild	99.65	2.67	0.0	0.6699999999999999	Pseudomonadota	2.6414264097455935	-17.658272488128265	2.6514746692154256	19.09416637197098	10	cocopye
GB_GCA_040268345.1	H_fail	pair_0086	moderate	95.09	0.23	2.9099999999999966	0.0	Spirochaetota	0.9339082030814219	-12.36522468546016	1.5736041056899388	12.36522468546016	10	cocopye
GB_GCA_040556325.1	H_fail	pair_0087	moderate	95.82	0.43	2.180000000000007	0.0	Actinomycetota	10.857113734638457	23.141488651942208	10.857113734638457	24.01715582567919	10	cocopye
GB_GCA_040782855.1	H_fail	pair_0088	severe	66.81	6.83	31.189999999999998	4.83	Bacillota	3.4145954807217977	19.825817193270705	4.426281176794687	26.970579402664544	10	cocopye
GB_GCA_040782895.1	H_fail	pair_0089	severe	83.86	3.8	14.14	1.7999999999999998	Bacillota	2.930226441341935	-5.577466261424922	4.08066202159323	12.122005971911424	10	cocopye
GB_GCA_041026445.1	H_fail	pair_0090	severe	88.39	6.66	9.61	4.66	Pseudomonadota	6.318944324716201	3.600234465455467	7.435782400348056	12.497648565671971	10	cocopye
GB_GCA_900478345.1	H_fail	pair_0091	mild	96.3	2.27	1.7000000000000028	0.27	Pseudomonadota	6.816259267058598	-2.804010893729835	7.646833031257356	10.40621025234056	10	cocopye
GB_GCA_900635565.1	H_fail	pair_0092	mild	99.99	2.11	0.0	0.10999999999999988	Pseudomonadota	5.119928010286742	-8.00714642302481	5.140631944034155	9.526220344166504	10	cocopye
GB_GCA_900635675.1	H_fail	pair_0093	moderate	93.79	3.57	4.209999999999994	1.5699999999999998	Pseudomonadota	12.090027325970125	2.6157285490896114	12.101750655395687	9.72005410640401	10	cocopye
GB_GCA_947044355.1	H_fail	pair_0094	mild	97.71	0.0	0.29000000000000625	0.0	Pseudomonadota	-1.0947115655768271	-17.978830415852133	5.439848221620933	17.978830415852133	10	cocopye
GB_GCA_963676115.1	H_fail	pair_0095	severe	76.18	0.03	21.819999999999993	0.0	Pseudomonadota	-1.5844430593930157	-13.546112232915439	4.101570457766286	14.626744934373178	10	cocopye
RS_GCF_000010805.1	H_pass	pair_0162	pass	100.0	0.76	0.0	0.0	Actinomycetota	17.945561702831846	22.728368269424752	17.945561702831846	22.728368269424752	10	cocopye
RS_GCF_000011525.1	H_pass	pair_0025	pass	100.0	0.1	0.0	0.0	Bacillota	4.052834485706764	-10.581751809449338	4.60697703422852	11.427286928151172	10	cocopye
RS_GCF_000023945.1	H_pass	pair_0133	pass	99.98	0.45	0.0	0.0	Halobacteriota	5.110668842262218	-23.341728886220153	6.601499667705684	24.78360898661078	10	cocopye
RS_GCF_000025985.1	H_pass	pair_0005	pass	99.91	0.63	0.0	0.0	Bacteroidota	8.288197765659463	13.896973084595292	8.288197765659463	20.223263170727083	10	cocopye
RS_GCF_000183185.1	H_pass	pair_0187	pass	99.46	0.07	0.0	0.0	Bacillota	-5.599184475016477	-5.4793108455382935	7.963515359316332	21.95038377339161	10	cocopye
RS_GCF_000194745.1	H_pass	pair_0113	pass	100.0	1.74	0.0	0.0	Pseudomonadota	13.635308431461056	20.56014879114309	13.635308431461056	21.504512539431154	10	cocopye
RS_GCF_000223905.1	H_pass	pair_0145	pass	99.98	0.57	0.0	0.0	Halobacteriota	4.923851561368453	-14.80096307579978	8.48057692289159	14.80096307579978	10	cocopye
RS_GCF_000239475.1	H_fail	pair_0096	moderate	94.67	0.15	3.3299999999999983	0.0	Spirochaetota	2.143022159945172	-20.428519385704977	2.143022159945172	20.577015474194138	10	cocopye
RS_GCF_000255195.1	H_fail	pair_0097	mild	100.0	2.05	0.0	0.04999999999999982	Actinomycetota	5.567122240852614	-14.624599265623733	6.1212864786244365	19.148644653962442	10	cocopye
RS_GCF_000282715.1	H_pass	pair_0180	pass	100.0	0.69	0.0	0.0	Actinomycetota	4.666358683961358	16.719504588811485	5.316920385846115	18.00692385174481	10	cocopye
RS_GCF_000294515.1	H_pass	pair_0026	pass	99.99	0.11	0.0	0.0	Actinomycetota	11.197560827630985	9.865160924991452	11.574677594705221	15.25106847655842	10	cocopye
RS_GCF_000307105.1	H_pass	pair_0127	pass	100.0	1.56	0.0	0.0	Desulfobacterota	10.11958978308732	-0.9728043541880098	11.774690484834574	12.18760512977319	10	cocopye
RS_GCF_000307165.1	H_pass	pair_0173	pass	99.99	0.07	0.0	0.0	Bacillota	5.706546282026498	-27.606051121340602	6.855588688699106	27.606051121340602	10	cocopye
RS_GCF_000350205.1	H_pass	pair_0002	pass	100.0	1.06	0.0	0.0	Actinomycetota	5.762126091028565	-6.838754518307451	7.529874115542052	7.573256010251834	10	cocopye
RS_GCF_000422095.1	H_pass	pair_0090	pass	100.0	0.14	0.0	0.0	Pseudomonadota	3.1097779899532725	-15.815292041593278	4.625297388460012	17.10012125900618	10	cocopye
RS_GCF_000512205.2	H_fail	pair_0098	mild	100.0	2.39	0.0	0.3900000000000001	Pseudomonadota	12.345241644950864	12.59162041516888	13.011859106252151	13.455462487266562	10	cocopye
RS_GCF_000626615.2	H_pass	pair_0060	pass	100.0	0.13	0.0	0.0	Bacillota	2.8701035216031494	-12.798365535560958	3.3215529463471647	13.475249931013092	10	cocopye
RS_GCF_000691565.1	H_fail	pair_0099	moderate	100.0	7.83	0.0	5.83	Pseudomonadota	7.647284280065451	2.382496660195826	8.44658446344155	10.25005858942185	10	cocopye
RS_GCF_000739085.1	H_pass	pair_0157	pass	99.99	0.35	0.0	0.0	Actinomycetota	15.16877276627755	35.975453901396406	15.16877276627755	36.892849095434784	10	cocopye
RS_GCF_000764615.1	H_fail	pair_0100	mild	100.0	2.19	0.0	0.18999999999999995	Pseudomonadota	7.938464083642631	-6.513182461370031	7.938464083642631	12.320703607215657	10	cocopye
RS_GCF_000770495.1	H_fail	pair_0101	mild	100.0	2.09	0.0	0.08999999999999986	Pseudomonadota	8.922550002657605	12.177157872528888	9.025561079079012	12.693035501579894	10	cocopye
RS_GCF_000786425.1	H_pass	pair_0028	pass	100.0	0.5	0.0	0.0	Pseudomonadota	4.348801243664273	-12.928247678329347	5.021302484257772	13.59541522989154	10	cocopye
RS_GCF_000807375.1	H_pass	pair_0044	pass	100.0	0.57	0.0	0.0	Bacillota	1.8265089986412675	-18.888522147503025	2.539436694964516	18.888522147503025	10	cocopye
RS_GCF_000831585.1	H_pass	pair_0099	pass	100.0	0.45	0.0	0.0	Pseudomonadota	8.754435490051407	-2.1580104955652977	9.08045148210546	5.265778108056351	10	cocopye
RS_GCF_000835305.1	H_pass	pair_0050	pass	99.98	0.18	0.0	0.0	Campylobacterota	3.2423885681288716	-16.245542246101728	3.287486898081449	16.245542246101728	10	cocopye
RS_GCF_000941075.1	H_pass	pair_0183	pass	98.5	0.14	0.0	0.0	Bacillota	-13.624176301725683	-9.043381249217589	16.110165725011168	24.859977879668623	10	cocopye
RS_GCF_000956315.1	H_pass	pair_0086	pass	98.53	0.11	0.0	0.0	Spirochaetota	2.9720774708137654	-12.509860536308224	3.043073482157176	12.509860536308224	10	cocopye
RS_GCF_000962775.1	H_fail	pair_0102	moderate	95.98	0.29	2.019999999999996	0.0	Spirochaetota	-1.4503559125959626	-22.68083539449497	2.9458422194777585	23.34748639303642	10	cocopye
RS_GCF_000970025.1	H_pass	pair_0103	pass	99.88	0.94	0.0	0.0	Halobacteriota	3.869348759445709	-13.160382607920534	4.5729349668198065	14.103736230606305	10	cocopye
RS_GCF_000970225.1	H_fail	pair_0103	mild	99.99	2.17	0.0	0.16999999999999993	Halobacteriota	4.339530614228626	-14.961353588074008	5.38628858197343	16.57263993741339	10	cocopye
RS_GCF_001077475.1	H_pass	pair_0015	pass	100.0	0.11	0.0	0.0	Pseudomonadota	11.32366169436141	-4.259106334729838	11.32366169436141	5.77634670245641	10	cocopye
RS_GCF_001281405.1	H_pass	pair_0104	pass	100.0	0.03	0.0	0.0	Pseudomonadota	3.36778154129197	-19.16611577785609	3.6325726123007227	19.16611577785609	10	cocopye
RS_GCF_001433455.1	H_pass	pair_0170	pass	99.92	0.88	0.0	0.0	Methanobacteriota_B	3.0767651880802385	-17.928613384568735	3.906191954714995	18.04344127914147	10	cocopye
RS_GCF_001441165.1	H_pass	pair_0125	pass	100.0	0.17	0.0	0.0	Actinomycetota	6.39196644954969	-6.163572921965953	8.747913695245828	10.323072238833623	10	cocopye
RS_GCF_001518895.1	H_pass	pair_0014	pass	100.0	0.39	0.0	0.0	Pseudomonadota	9.414654238449437	-6.557161470490216	9.414654238449437	7.682292313761219	10	cocopye
RS_GCF_001554055.1	H_pass	pair_0004	pass	98.67	1.14	0.0	0.0	Bacillota	-4.184959580981637	16.30166283850654	11.759217663979843	25.462360542508645	10	cocopye
RS_GCF_001559035.2	H_fail	pair_0104	mild	100.0	2.71	0.0	0.71	Pseudomonadota	1.3992918826089167	-15.04868859295549	2.2469846629172094	15.04868859295549	10	cocopye
RS_GCF_001580455.1	H_pass	pair_0018	pass	100.0	1.03	0.0	0.0	Pseudomonadota	10.909130060194716	-4.131667284633943	10.909130060194716	6.166258039923368	10	cocopye
RS_GCF_001623645.2	H_pass	pair_0023	pass	100.0	0.25	0.0	0.0	Pseudomonadota	1.5608133545680893	-9.161938787950827	2.1342662328894257	9.161938787950827	10	cocopye
RS_GCF_001635935.1	H_pass	pair_0153	pass	99.99	0.06	0.0	0.0	Bacillota	0.7391535143142989	-26.52394395989424	1.586381568605455	26.52394395989424	10	cocopye
RS_GCF_001639125.1	H_pass	pair_0081	pass	99.38	0.06	0.0	0.0	Campylobacterota	2.788168883473807	-21.17432674258753	3.472986626798607	21.17432674258753	10	cocopye
RS_GCF_001650295.1	H_fail	pair_0105	mild	100.0	2.06	0.0	0.06000000000000005	Pseudomonadota	8.494390221826833	-7.36397379538283	8.494390221826833	9.781529650317689	10	cocopye
RS_GCF_001677515.1	H_pass	pair_0008	pass	100.0	0.06	0.0	0.0	Pseudomonadota	9.46301518458345	-16.495342462783533	9.46301518458345	16.495342462783533	10	cocopye
RS_GCF_001680025.1	H_pass	pair_0095	pass	100.0	0.51	0.0	0.0	Pseudomonadota	5.799026821162816	-4.475820150012035	6.689979054352655	8.934598652246587	10	cocopye
RS_GCF_001717955.1	H_pass	pair_0098	pass	100.0	0.58	0.0	0.0	Pseudomonadota	5.246330740903998	6.1877102473885595	5.246330740903998	13.1494152651651	10	cocopye
RS_GCF_001831455.1	H_fail	pair_0106	mild	99.87	3.06	0.0	1.06	Pseudomonadota	8.234411546051993	-6.946744290079025	8.98913484499669	13.892516240998319	10	cocopye
RS_GCF_001941785.1	H_pass	pair_0124	pass	99.87	0.74	0.0	0.0	Bacillota	5.535998642355217	-17.626676690131376	6.384836809602966	18.834272360853475	10	cocopye
RS_GCF_001941975.2	H_pass	pair_0116	pass	99.99	1.17	0.0	0.0	Bacillota	8.56782837136826	30.01135055012447	9.593373588256762	40.73104921831468	10	cocopye
RS_GCF_001975005.1	H_pass	pair_0065	pass	100.0	0.56	0.0	0.0	Bacillota	5.083472483371165	-13.30941520536192	5.9318641721114975	14.847965897665357	10	cocopye
RS_GCF_002006355.2	H_fail	pair_0107	mild	100.0	3.05	0.0	1.0499999999999998	Bacillota	13.491024265301316	14.466752400804259	13.491024265301316	15.686033596033218	10	cocopye
RS_GCF_002007625.1	H_fail	pair_0108	mild	100.0	3.93	0.0	1.9300000000000002	Bacillota	3.351762517159414	-14.597860007755182	4.285258809284164	14.597860007755182	10	cocopye
RS_GCF_002055515.1	H_fail	pair_0109	mild	100.0	3.45	0.0	1.4500000000000002	Pseudomonadota	9.341005268961402	-7.73383849540906	9.344426030076624	8.986734122725977	10	cocopye
RS_GCF_002057455.1	H_pass	pair_0148	pass	100.0	1.77	0.0	0.0	Actinomycetota	16.773524068033833	70.31003415157768	17.399470089619463	70.31003415157768	10	cocopye
RS_GCF_002073595.2	H_fail	pair_0110	mild	100.0	2.36	0.0	0.3599999999999999	Pseudomonadota	2.6395311042985012	-17.15850061970172	2.955628329005613	17.15850061970172	10	cocopye
RS_GCF_002095995.1	H_fail	pair_0111	mild	97.15	0.11	0.8499999999999943	0.0	Bacillota	-11.5782404583119	-4.744123240537329	11.5782404583119	15.709508166146486	10	cocopye
RS_GCF_002096015.1	H_pass	pair_0111	pass	98.35	0.11	0.0	0.0	Bacillota	-3.3387677869547567	-14.765790029234205	6.740162566581796	19.365070295184168	10	cocopye
RS_GCF_002111265.1	H_pass	pair_0101	pass	100.0	1.53	0.0	0.0	Pseudomonadota	7.453585492185416	16.64664507538762	7.453585492185416	16.64664507538762	10	cocopye
RS_GCF_002151485.1	H_fail	pair_0112	mild	96.59	0.19	1.4099999999999966	0.0	Spirochaetota	1.647848982608498	-18.218216835850207	2.3451270000102324	18.57629168507581	10	cocopye
RS_GCF_002156705.1	H_pass	pair_0159	pass	99.84	0.46	0.0	0.0	Halobacteriota	4.079265754527658	-9.729524744535944	5.455454934103103	10.779712291836463	10	cocopye
RS_GCF_002197305.1	H_pass	pair_0077	pass	100.0	0.11	0.0	0.0	Bacillota	6.643713609865	-20.153076904068637	6.950588930204245	20.341727341360095	10	cocopye
RS_GCF_002208115.1	H_pass	pair_0161	pass	100.0	0.34	0.0	0.0	Bdellovibrionota	7.874584444980845	-7.372955193457183	11.617957915644181	14.131094655358552	10	cocopye
RS_GCF_002208175.1	H_fail	pair_0113	mild	100.0	3.54	0.0	1.54	Pseudomonadota	13.157444691213632	21.479603433211754	13.157444691213632	22.3352471766716	10	cocopye
RS_GCF_002214445.1	H_fail	pair_0114	mild	96.2	0.05	1.7999999999999972	0.0	Bacillota	-10.176083804717175	-12.2118393667193	12.858603995709377	25.68527526171469	10	cocopye
RS_GCF_002234575.2	H_fail	pair_0115	moderate	99.99	4.39	0.0	2.3899999999999997	Bacillota	15.410965538780175	9.848720613735441	15.410965538780175	17.03130152547444	10	cocopye
RS_GCF_002257695.2	H_fail	pair_0116	moderate	100.0	6.45	0.0	4.45	Bacillota	10.724608986652456	32.662364425981984	12.452678038082464	33.49228075452673	10	cocopye
RS_GCF_002355275.1	H_pass	pair_0142	pass	100.0	0.54	0.0	0.0	Pseudomonadota	11.159765111493087	12.860151837189267	11.639882322465258	14.578739517132686	10	cocopye
RS_GCF_002507865.2	H_pass	pair_0094	pass	100.0	0.16	0.0	0.0	Pseudomonadota	4.032820744834495	-14.927017618547941	4.225617841168022	14.927017618547941	10	cocopye
RS_GCF_002576835.1	H_pass	pair_0024	pass	100.0	0.5	0.0	0.0	Bacillota	4.732748029662025	-6.020643535683132	5.485385002795039	11.275267629964628	10	cocopye
RS_GCF_002741805.2	H_pass	pair_0102	pass	98.16	0.29	0.0	0.0	Spirochaetota	1.3801394552175226	-18.034830342320152	3.244283969591487	18.394976983158447	10	cocopye
RS_GCF_002741845.3	H_pass	pair_0096	pass	98.0	0.26	0.0	0.0	Spirochaetota	2.6855217929946584	-12.07618237030741	9.580984984195577	15.949104006764808	10	cocopye
RS_GCF_002760995.1	H_pass	pair_0051	pass	100.0	0.12	0.0	0.0	Pseudomonadota	3.6091048645309103	-17.941763358262452	3.7115294830098833	17.941763358262452	10	cocopye
RS_GCF_003030165.1	H_pass	pair_0052	pass	99.99	0.62	0.0	0.0	Bacillota	2.069393157872831	-17.189083607724463	5.574570759946707	19.17402003307972	10	cocopye
RS_GCF_003073695.1	H_fail	pair_0117	mild	100.0	2.91	0.0	0.9100000000000001	Pseudomonadota	10.39037824950231	6.362647206315117	10.502392361476012	14.358975281851267	10	cocopye
RS_GCF_003074755.2	H_pass	pair_0039	pass	100.0	0.61	0.0	0.0	Pseudomonadota	4.64763605909341	-14.249158328293898	5.780443311748021	14.249158328293898	10	cocopye
RS_GCF_003193685.1	H_pass	pair_0062	pass	100.0	0.25	0.0	0.0	Bacillota	6.956507514548775	-20.285250175737396	6.956507514548775	20.35910046494312	10	cocopye
RS_GCF_003194005.1	H_pass	pair_0064	pass	100.0	0.68	0.0	0.0	Bacillota	0.7884358855601519	-24.98953078921502	8.274950116234324	24.98953078921502	10	cocopye
RS_GCF_003354265.1	H_pass	pair_0138	pass	99.81	0.94	0.0	0.0	Bacillota	-15.824064224707161	-11.043148580579881	16.606587158713047	28.922388649092028	10	cocopye
RS_GCF_003355435.1	H_pass	pair_0110	pass	100.0	0.02	0.0	0.0	Pseudomonadota	3.6605896866526173	-16.643684055369835	4.091501122518651	16.643684055369835	10	cocopye
RS_GCF_003429525.1	H_pass	pair_0031	pass	99.99	0.17	0.0	0.0	Spirochaetota	2.1038777477187187	-9.898691999121146	4.579023891712205	11.965144981454864	10	cocopye
RS_GCF_003595585.1	H_pass	pair_0007	pass	100.0	0.14	0.0	0.0	Pseudomonadota	9.904692880814647	-20.819611459774404	9.904692880814647	20.819611459774404	10	cocopye
RS_GCF_003668795.1	H_pass	pair_0143	pass	100.0	0.17	0.0	0.0	Pseudomonadota	4.688664347886578	-7.321085299879918	5.950888391291295	10.811339139003294	10	cocopye
RS_GCF_003697265.1	H_pass	pair_0130	pass	100.0	0.65	0.0	0.0	Pseudomonadota	9.27896566538239	4.80162902765595	9.27896566538239	8.34308899510763	10	cocopye
RS_GCF_003815755.1	H_pass	pair_0193	pass	100.0	0.17	0.0	0.0	Bacteroidota	9.942524744039776	-1.5088377009650806	10.07481599825348	7.986416406877879	10	cocopye
RS_GCF_003939355.2	H_pass	pair_0037	pass	100.0	0.0	0.0	0.0	Pseudomonadota	5.462811112674395	-7.751226813965658	6.656463690462813	10.586491587215624	10	cocopye
RS_GCF_003957785.1	H_fail	pair_0118	mild	100.0	2.29	0.0	0.29000000000000004	Bacillota	9.649730134344377	-16.728623604486806	10.462893664681932	17.90632070290357	10	cocopye
RS_GCF_003991565.1	H_fail	pair_0119	moderate	99.99	4.9	0.0	2.9000000000000004	Bacteroidota	14.201416802592828	12.860813348113826	14.201416802592828	25.278773534703593	10	cocopye
RS_GCF_004026165.1	H_pass	pair_0067	pass	100.0	0.2	0.0	0.0	Bacillota	7.87851999180385	-26.719964990483458	7.885527700283177	26.719964990483458	10	cocopye
RS_GCF_004103735.1	H_pass	pair_0128	pass	98.3	0.81	0.0	0.0	Bacillota	13.684305950308223	-16.928322747157825	13.684305950308223	21.112948740136027	10	cocopye
RS_GCF_004117095.1	H_fail	pair_0120	mild	98.53	2.03	0.0	0.029999999999999805	Bacillota	11.575356160540565	7.060840572867088	12.275618113967294	12.150939971622085	10	cocopye
RS_GCF_004136115.1	H_pass	pair_0079	pass	100.0	0.11	0.0	0.0	Pseudomonadota	4.638452015121078	-9.622825579398427	5.0169284636378935	10.271712305168453	10	cocopye
RS_GCF_004353465.2	H_pass	pair_0112	pass	98.56	0.37	0.0	0.0	Spirochaetota	4.103664643774274	-18.70843502456225	10.174130027390097	18.838453278431324	10	cocopye
RS_GCF_004768725.1	H_pass	pair_0186	pass	99.49	0.11	0.0	0.0	Bacillota	-9.252334488665541	5.417572949470124	9.57296265489931	20.317541703612214	10	cocopye
RS_GCF_004847745.1	H_pass	pair_0000	pass	100.0	0.15	0.0	0.0	Pseudomonadota	2.9426004973037534	-11.458196888282192	3.2672186505727963	11.866569189710102	10	cocopye
RS_GCF_005221345.1	H_fail	pair_0121	moderate	100.0	4.36	0.0	2.3600000000000003	Pseudomonadota	6.884415961396539	2.638459464856988	9.193388514565518	12.206057700429643	10	cocopye
RS_GCF_005706655.1	H_pass	pair_0140	pass	99.89	0.63	0.0	0.0	Bacteroidota	8.157847583478237	1.5667776427397277	9.225325921585151	7.066694412466893	10	cocopye
RS_GCF_005890135.1	H_pass	pair_0194	pass	100.0	1.27	0.0	0.0	Actinomycetota	3.2031181421335817	-10.209646450802616	4.0530276470265845	11.168381206969652	10	cocopye
RS_GCF_006337085.1	H_fail	pair_0122	mild	97.66	1.68	0.3400000000000034	0.0	Pseudomonadota	9.930898758284165	-11.028206581433757	10.30404792462721	22.350226181098936	10	cocopye
RS_GCF_006874765.1	H_pass	pair_0197	pass	100.0	0.2	0.0	0.0	Spirochaetota	10.347901429161997	-8.094888500034145	10.846643309796086	13.255982390397753	10	cocopye
RS_GCF_006971785.1	H_pass	pair_0117	pass	100.0	1.31	0.0	0.0	Pseudomonadota	9.628712893260095	8.238675613043416	9.628712893260095	10.224964794148397	10	cocopye
RS_GCF_007855275.1	H_pass	pair_0188	pass	100.0	0.28	0.0	0.0	Actinomycetota	7.0352905081104895	-18.77114839526506	7.0352905081104895	18.77114839526506	10	cocopye
RS_GCF_007923785.2	H_pass	pair_0083	pass	100.0	0.08	0.0	0.0	Bacillota	0.903408733019544	-17.432920346517335	2.982433366639561	17.432920346517335	10	cocopye
RS_GCF_008254045.1	H_fail	pair_0123	moderate	94.31	1.61	3.6899999999999977	0.0	Planctomycetota	12.155421012500003	59.1139581125801	16.925503532372723	59.72250353561888	10	cocopye
RS_GCF_008329885.1	H_pass	pair_0066	pass	100.0	0.14	0.0	0.0	Bacillota	4.084649304579829	-21.005799219760807	5.254138316388352	21.167631557710713	10	cocopye
RS_GCF_008728455.1	H_pass	pair_0033	pass	100.0	1.92	0.0	0.0	Bacillota	6.594031414768034	-17.21700521335066	8.476526357469774	17.427788818220225	10	cocopye
RS_GCF_008802915.1	H_fail	pair_0124	moderate	99.99	5.6	0.0	3.5999999999999996	Bacillota	4.3955099679576515	-17.627225272610204	5.070402073788231	17.984134242770338	10	cocopye
RS_GCF_009176665.1	H_pass	pair_0136	pass	100.0	1.39	0.0	0.0	Pseudomonadota	7.429464151538741	8.925412691609049	8.371160675336565	19.163956763202684	10	cocopye
RS_GCF_009497895.1	H_pass	pair_0072	pass	99.98	0.48	0.0	0.0	Pseudomonadota	11.700467725270538	-10.149376145021492	12.32086307366273	14.35379634734791	10	cocopye
RS_GCF_009646095.1	H_fail	pair_0125	mild	100.0	2.32	0.0	0.31999999999999984	Actinomycetota	10.781331752144373	-10.19261871758522	10.878071459968007	13.323172389295001	10	cocopye
RS_GCF_009662475.1	H_fail	pair_0126	mild	100.0	2.32	0.0	0.31999999999999984	Pseudomonadota	12.420999930195908	-9.942773781906062	12.420999930195908	11.406897519801763	10	cocopye
RS_GCF_009688985.1	H_fail	pair_0127	moderate	99.69	8.78	0.0	6.779999999999999	Desulfobacterota	15.462705615170254	38.78709328177704	16.64783857265658	39.14934788177704	10	cocopye
RS_GCF_009873455.1	H_pass	pair_0045	pass	99.99	0.05	0.0	0.0	Bacillota	6.826303890129364	-15.683733857532683	7.329446849301311	15.683733857532683	10	cocopye
RS_GCF_009905195.1	H_pass	pair_0032	pass	100.0	0.13	0.0	0.0	Pseudomonadota	5.991049004114821	1.6149263712956337	7.283462637699567	8.173269831548385	10	cocopye
RS_GCF_009912715.1	H_pass	pair_0071	pass	100.0	0.74	0.0	0.0	Bacillota	5.935579372705417	-14.89561926457173	6.083892303412993	15.05581196264375	10	cocopye
RS_GCF_010669305.1	H_fail	pair_0128	moderate	95.16	0.89	2.8400000000000034	0.0	Bacillota	11.805718331175411	-18.417040260562935	11.913353983186788	18.417040260562935	10	cocopye
RS_GCF_011068365.1	H_pass	pair_0152	pass	100.0	1.93	0.0	0.0	Pseudomonadota	7.366533741785526	-12.375259191217742	7.824786393306238	12.674276839540687	10	cocopye
RS_GCF_011801225.1	H_fail	pair_0129	moderate	94.99	0.7	3.010000000000005	0.0	Actinomycetota	8.185766819809492	-3.357096619200997	10.12928066044642	7.811288789617292	10	cocopye
RS_GCF_012974105.1	H_pass	pair_0040	pass	100.0	0.01	0.0	0.0	Pseudomonadota	3.539995315566094	-13.733276893160218	4.268912978164565	13.746806020044474	10	cocopye
RS_GCF_013001025.1	H_fail	pair_0130	mild	100.0	3.16	0.0	1.1600000000000001	Pseudomonadota	12.108193278917161	4.074893210144002	12.158463828907477	10.629990008229543	10	cocopye
RS_GCF_013112015.1	H_pass	pair_0115	pass	100.0	1.05	0.0	0.0	Bacillota	6.133126475461273	3.2896714514145193	6.341794289701866	15.447862419050503	10	cocopye
RS_GCF_013285285.1	H_fail	pair_0131	mild	100.0	2.53	0.0	0.5299999999999998	Pseudomonadota	7.939684037996604	-12.340234626196274	8.395922869435164	13.458213358420693	10	cocopye
RS_GCF_013318015.2	H_pass	pair_0121	pass	100.0	0.85	0.0	0.0	Pseudomonadota	10.207663599412342	0.0832218534346815	10.207663599412342	8.844557780477615	10	cocopye
RS_GCF_013368775.1	H_fail	pair_0132	moderate	99.99	5.92	0.0	3.92	Bacillota	10.32526815749548	-17.296567863944034	10.979272719057361	17.68019014192423	10	cocopye
RS_GCF_013373555.1	H_pass	pair_0131	pass	100.0	0.49	0.0	0.0	Pseudomonadota	1.5551140805552124	-16.668837786469	3.802552485687589	17.545822368443954	10	cocopye
RS_GCF_013391085.1	H_fail	pair_0133	mild	99.88	2.03	0.0	0.029999999999999805	Halobacteriota	13.755524543792992	-11.136584628231248	13.755524543792992	14.747793836911805	10	cocopye
RS_GCF_013415885.1	H_pass	pair_0151	pass	100.0	1.08	0.0	0.0	Halobacteriota	7.324020538487915	-4.756298131782603	7.971185901373542	11.057324724977704	10	cocopye
RS_GCF_013462805.1	H_pass	pair_0126	pass	99.99	1.86	0.0	0.0	Pseudomonadota	3.9218737494333737	-16.207795563208265	5.471152040739398	19.161632278573947	10	cocopye
RS_GCF_013736155.1	H_pass	pair_0100	pass	100.0	1.58	0.0	0.0	Pseudomonadota	7.964480884897741	-15.095189509862497	7.969845691764694	15.095189509862497	10	cocopye
RS_GCF_014058445.2	H_pass	pair_0012	pass	100.0	0.38	0.0	0.0	Pseudomonadota	5.32160605574139	-9.98545802438464	6.285640038757477	10.47804602503072	10	cocopye
RS_GCF_014679145.1	H_fail	pair_0134	mild	99.99	3.31	0.0	1.31	Bacillota	4.574040647729405	-11.526778943968289	4.979216778893585	11.526778943968289	10	cocopye
RS_GCF_014900835.1	H_pass	pair_0001	pass	100.0	0.5	0.0	0.0	Actinomycetota	7.790579033596595	-10.773338751060297	9.453610931333426	14.168452211400975	10	cocopye
RS_GCF_014905115.1	H_pass	pair_0141	pass	99.99	1.9	0.0	0.0	Campylobacterota	7.457505697205025	-21.215688612105424	8.117393871398622	21.215688612105424	10	cocopye
RS_GCF_015220695.1	H_fail	pair_0135	mild	100.0	3.54	0.0	1.54	Bacillota	4.581189583701092	-19.7475350276147	5.59325174852695	20.041938882749154	10	cocopye
RS_GCF_015241115.1	H_pass	pair_0091	pass	100.0	0.19	0.0	0.0	Pseudomonadota	5.333293028605772	-15.639989640759046	5.333293028605772	15.639989640759046	10	cocopye
RS_GCF_015291685.1	H_fail	pair_0136	moderate	100.0	4.44	0.0	2.4400000000000004	Pseudomonadota	10.251395096465663	15.204635737376037	10.312281754011789	15.565309644251082	10	cocopye
RS_GCF_015910325.1	H_fail	pair_0137	mild	100.0	2.05	0.0	0.04999999999999982	Pseudomonadota	5.541445319702954	-8.650422359135941	5.541445319702954	11.34410177663255	10	cocopye
RS_GCF_016027575.1	H_pass	pair_0003	pass	100.0	0.02	0.0	0.0	Bacillota	4.0686480176578685	-3.9658771306416787	5.044737620481219	10.20770374132736	10	cocopye
RS_GCF_016117655.1	H_pass	pair_0164	pass	99.96	1.74	0.0	0.0	Spirochaetota	6.690988549203252	-6.27612418009314	8.151107778144455	6.899268363837365	10	cocopye
RS_GCF_016452265.2	H_fail	pair_0138	moderate	99.37	7.97	0.0	5.97	Bacillota	-13.86680045279287	0.4221707972021605	13.86680045279287	28.999474364722097	10	cocopye
RS_GCF_016638705.1	H_fail	pair_0139	moderate	96.18	5.0	1.8199999999999932	3.0	Bacillota	3.1845690306143943	-13.534818668229033	5.667630313085736	14.210655123038833	10	cocopye
RS_GCF_016767115.1	H_pass	pair_0175	pass	99.9	0.78	0.0	0.0	Bacillota	7.790224049901755	-8.056174742943856	9.387653662619428	13.75278597826301	10	cocopye
RS_GCF_016772315.1	H_pass	pair_0174	pass	100.0	1.57	0.0	0.0	Pseudomonadota	10.232951571356958	-2.6228144098030386	10.232951571356958	9.769353411672068	10	cocopye
RS_GCF_016889065.1	H_pass	pair_0177	pass	100.0	1.98	0.0	0.0	Bacteroidota	11.150645459596142	16.930542475012864	11.150645459596142	20.424602259875762	10	cocopye
RS_GCF_016889925.1	H_fail	pair_0140	mild	99.98	2.99	0.0	0.9900000000000002	Bacteroidota	7.81936034987641	4.002491458234694	9.906076726318556	7.884227340010435	10	cocopye
RS_GCF_016903135.1	H_pass	pair_0038	pass	100.0	0.21	0.0	0.0	Pseudomonadota	6.55062408096871	-7.909166130256213	7.1930897196387935	12.213295348047312	10	cocopye
RS_GCF_017357825.1	H_fail	pair_0141	moderate	99.99	4.22	0.0	2.2199999999999998	Campylobacterota	9.046441422097256	-14.857098026031588	9.069876151543152	14.954388435397977	10	cocopye
RS_GCF_017607425.1	H_fail	pair_0142	moderate	100.0	4.1	0.0	2.0999999999999996	Pseudomonadota	11.663277633239195	13.483380728727742	11.663277633239195	15.562159112677628	10	cocopye
RS_GCF_017638925.1	H_fail	pair_0143	mild	99.84	2.15	0.0	0.1499999999999999	Pseudomonadota	6.501925475415225	-13.696838502485951	7.081865714912533	13.926248438254039	10	cocopye
RS_GCF_017815695.1	H_fail	pair_0144	mild	100.0	2.58	0.0	0.5800000000000001	Bacillota	2.9421690729680536	-13.238095628030726	5.248518572202963	13.58103152207435	10	cocopye
RS_GCF_017815775.1	H_pass	pair_0075	pass	100.0	0.4	0.0	0.0	Pseudomonadota	3.096956298903671	-13.517554426084155	3.550866107536728	13.517554426084155	10	cocopye
RS_GCF_018200015.1	H_fail	pair_0145	mild	99.99	2.15	0.0	0.1499999999999999	Halobacteriota	11.984488059727779	-6.808801064421215	11.984488059727779	9.7286929758673	10	cocopye
RS_GCF_018200035.1	H_fail	pair_0146	mild	96.19	0.54	1.8100000000000023	0.0	Pseudomonadota	4.767307684986859	-7.555486150846758	7.248376343221935	11.325713331685078	10	cocopye
RS_GCF_018336815.1	H_fail	pair_0147	moderate	95.97	5.03	2.030000000000001	3.0300000000000002	Spirochaetota	12.489805315668278	-16.337749140003535	12.89463752401195	16.88424758040366	10	cocopye
RS_GCF_019669245.1	H_pass	pair_0135	pass	100.0	0.15	0.0	0.0	Bacillota	5.874263380357332	-24.279261989608187	5.881662221608699	24.279261989608187	10	cocopye
RS_GCF_019679435.2	H_pass	pair_0178	pass	100.0	0.21	0.0	0.0	Verrucomicrobiota	1.7732904964956127	-3.25627456925985	8.73339872344853	12.641238116702166	10	cocopye
RS_GCF_020215645.1	H_fail	pair_0148	mild	100.0	2.88	0.0	0.8799999999999999	Actinomycetota	13.022366653973876	48.53196941980208	14.984342695508904	49.00603116371108	10	cocopye
RS_GCF_020215665.1	H_fail	pair_0149	mild	100.0	3.89	0.0	1.8900000000000001	Bacillota	5.48955189959044	-1.3908101109845403	6.1305686250971085	9.20585250587543	10	cocopye
RS_GCF_020388235.1	H_pass	pair_0068	pass	100.0	0.36	0.0	0.0	Bacillota	4.012539309837452	-15.402416291458412	4.638852008731208	15.79338066341694	10	cocopye
RS_GCF_020405385.1	H_pass	pair_0011	pass	100.0	0.29	0.0	0.0	Pseudomonadota	7.440572277402287	-17.073849436807464	7.519563934609684	17.073849436807464	10	cocopye
RS_GCF_020524035.2	H_fail	pair_0150	mild	98.87	2.17	0.0	0.16999999999999993	Bacillota	1.9446959476203332	-17.570937192401708	6.869321357520772	22.013134243980474	10	cocopye
RS_GCF_020546685.1	H_pass	pair_0029	pass	99.96	0.0	0.0	0.0	Deinococcota	7.519679368080472	-19.905209638000425	7.779804951052304	19.905209638000425	10	cocopye
RS_GCF_020700235.1	H_fail	pair_0151	severe	99.99	15.06	0.0	13.06	Halobacteriota	9.004683560604764	-0.8120491905404508	13.13659646293335	15.590199391509714	10	cocopye
RS_GCF_020736585.1	H_pass	pair_0035	pass	100.0	1.8	0.0	0.0	Bacillota	4.611248463889017	-11.131703710710715	6.302982456843725	11.23134319932222	10	cocopye
RS_GCF_020736625.1	H_pass	pair_0195	pass	100.0	1.85	0.0	0.0	Bacillota	4.504978187483879	-10.419166428307731	5.245528172308194	11.14831684226074	10	cocopye
RS_GCF_020906545.1	H_fail	pair_0152	mild	100.0	2.16	0.0	0.16000000000000014	Pseudomonadota	6.823406818283627	-12.434454338695705	6.844349226660586	16.40580693973683	10	cocopye
RS_GCF_021165815.1	H_pass	pair_0172	pass	100.0	0.4	0.0	0.0	Pseudomonadota	4.66616499193661	-4.928819390157457	4.816774730440525	8.703575928503117	10	cocopye
RS_GCF_021165835.1	H_pass	pair_0109	pass	100.0	0.67	0.0	0.0	Pseudomonadota	6.18171495928719	-5.713804440118019	6.499754345122052	8.559506918751293	10	cocopye
RS_GCF_021497965.1	H_fail	pair_0153	moderate	93.06	0.01	4.939999999999998	0.0	Bacillota	3.722247383044504	-21.788318806028123	3.871694740552775	21.788318806028123	10	cocopye
RS_GCF_021654615.1	H_pass	pair_0150	pass	100.0	0.02	0.0	0.0	Bacillota	7.739690797084765	-18.809832781018507	7.849119158360966	19.271358135139675	10	cocopye
RS_GCF_021922985.1	H_pass	pair_0080	pass	100.0	1.1	0.0	0.0	Actinomycetota	2.115388651118767	-10.473945923464884	6.4791984210753615	16.988503596757592	10	cocopye
RS_GCF_021952865.1	H_pass	pair_0129	pass	100.0	0.07	0.0	0.0	Actinomycetota	5.862533761811278	-14.48718015248726	5.862533761811278	14.500525472070589	10	cocopye
RS_GCF_022788675.1	H_pass	pair_0146	pass	100.0	0.03	0.0	0.0	Pseudomonadota	9.496113401224935	-11.525499515171548	10.225365965154893	13.407612382931053	10	cocopye
RS_GCF_022870965.1	H_fail	pair_0154	mild	99.98	3.17	0.0	1.17	Pseudomonadota	6.319826789671432	-15.778112319103206	6.319826789671432	17.315804746128144	10	cocopye
RS_GCF_022919835.1	H_fail	pair_0155	moderate	100.0	4.07	0.0	2.0700000000000003	Bacillota	12.440335059977263	-10.56442957554712	12.440335059977263	11.207448090871734	10	cocopye
RS_GCF_022921115.1	H_pass	pair_0155	pass	99.98	0.66	0.0	0.0	Bacillota	9.106408144879811	-8.448618644490965	11.452421337049977	10.061413171787082	10	cocopye
RS_GCF_023028345.1	H_fail	pair_0156	moderate	99.99	7.04	0.0	5.04	Halobacteriota	6.449593430877323	-8.601098153228154	6.584187087499771	14.717453117379517	10	cocopye
RS_GCF_023347705.1	H_pass	pair_0196	pass	99.81	0.21	0.0	0.0	Bacillota	2.2687557713572146	-16.68966498634614	3.513660153641068	18.574165559732524	10	cocopye
RS_GCF_023376025.1	H_fail	pair_0157	mild	97.52	0.0	0.480000000000004	0.0	Actinomycetota	14.43948930008138	22.302514514346566	15.081469537361608	22.302514514346566	10	cocopye
RS_GCF_023658035.1	H_fail	pair_0158	mild	100.0	2.92	0.0	0.9199999999999999	Bacillota	5.730029381530849	-14.958162871595453	6.060266512932736	14.982558134517863	10	cocopye
RS_GCF_023973145.1	H_fail	pair_0159	mild	97.82	0.0	0.18000000000000682	0.0	Halobacteriota	7.179381064242676	-6.251719639726064	7.878048700161469	8.558509890089116	10	cocopye
RS_GCF_024181125.1	H_pass	pair_0147	pass	99.56	1.2	0.0	0.0	Spirochaetota	6.396986106734205	-18.830871733988516	8.134953287328099	20.470624793485705	10	cocopye
RS_GCF_024227995.1	H_fail	pair_0160	moderate	99.95	5.04	0.0	3.04	Halobacteriota	3.018361692664386	-5.520382633997034	6.321049587140032	16.888099573517373	10	cocopye
RS_GCF_024266185.1	H_pass	pair_0006	pass	100.0	0.23	0.0	0.0	Pseudomonadota	4.863089781342469	-11.417948814627977	5.001837750996762	11.417948814627977	10	cocopye
RS_GCF_024722295.1	H_pass	pair_0027	pass	99.99	0.25	0.0	0.0	Spirochaetota	8.340038016569215	-7.048897364793662	8.559802006893445	10.046075463209643	10	cocopye
RS_GCF_024800505.1	H_pass	pair_0022	pass	99.99	0.12	0.0	0.0	Pseudomonadota	4.241370978698813	-7.588635455663064	4.994800144459205	7.588635455663064	10	cocopye
RS_GCF_024925305.1	H_pass	pair_0076	pass	100.0	0.06	0.0	0.0	Actinomycetota	10.726592138530076	-9.785656469591283	10.845526736494152	12.367570144579428	10	cocopye
RS_GCF_025148635.1	H_pass	pair_0119	pass	100.0	2.0	0.0	0.0	Bacteroidota	21.068889678321998	9.717581702658757	21.068889678321998	21.058478171653906	10	cocopye
RS_GCF_025200905.1	H_pass	pair_0190	pass	100.0	0.3	0.0	0.0	Pseudomonadota	12.445717067683299	13.203128438830618	12.445717067683299	20.086677712444953	10	cocopye
RS_GCF_025558485.1	H_fail	pair_0161	moderate	90.97	0.29	7.030000000000001	0.0	Bdellovibrionota	9.359390124348874	-5.502698271434245	10.939457423828141	7.8669793283481795	10	cocopye
RS_GCF_025905525.1	H_pass	pair_0165	pass	99.72	0.48	0.0	0.0	Spirochaetota	5.6536998426056515	-11.913542305665796	6.319671855522161	14.242264731441669	10	cocopye
RS_GCF_026062495.1	H_fail	pair_0162	mild	100.0	3.5	0.0	1.5	Actinomycetota	13.046635000641384	28.00073968498479	13.046635000641384	28.00073968498479	10	cocopye
RS_GCF_026639235.1	H_fail	pair_0163	mild	100.0	2.22	0.0	0.2200000000000002	Pseudomonadota	5.831848626849473	-13.683415374393485	6.811512766939993	13.683415374393485	10	cocopye
RS_GCF_027285985.1	H_fail	pair_0164	mild	97.91	0.26	0.09000000000000341	0.0	Spirochaetota	-2.8661078668931474	-10.894583512286237	5.990344848245561	13.568429214080524	10	cocopye
RS_GCF_027286205.1	H_fail	pair_0165	mild	97.99	0.12	0.010000000000005116	0.0	Spirochaetota	4.277374862730215	-16.262059153610302	5.953712244954315	20.824002683512813	10	cocopye
RS_GCF_027474845.2	H_fail	pair_0166	mild	97.57	0.07	0.4300000000000068	0.0	Bacteroidota	5.52622796751506	-20.25058241369651	6.828347513408747	20.25058241369651	10	cocopye
RS_GCF_027942255.1	H_pass	pair_0070	pass	100.0	0.21	0.0	0.0	Bacillota	3.4295485869616966	-12.29658360771833	3.8716453294855797	12.447278394138262	10	cocopye
RS_GCF_028743755.1	H_fail	pair_0167	moderate	100.0	4.28	0.0	2.2800000000000002	Pseudomonadota	6.461117020951735	-7.045603712091003	6.908058343169122	11.871367838438506	10	cocopye
RS_GCF_028884855.1	H_pass	pair_0073	pass	100.0	0.36	0.0	0.0	Bacillota	-0.511888652730795	-14.558537020442731	3.9173136652239946	15.319294182983011	10	cocopye
RS_GCF_029225785.1	H_pass	pair_0160	pass	99.51	1.36	0.0	0.0	Halobacteriota	3.897418510048749	-7.292364712179895	6.358362674988856	12.501452233103908	10	cocopye
RS_GCF_029674645.1	H_pass	pair_0105	pass	100.0	0.47	0.0	0.0	Pseudomonadota	6.91916070699199	-13.124951242280948	6.982503116767158	13.124951242280948	10	cocopye
RS_GCF_029714165.1	H_pass	pair_0009	pass	100.0	0.2	0.0	0.0	Pseudomonadota	8.204370426464589	-6.305418608593751	8.318189280155062	9.223816696168797	10	cocopye
RS_GCF_029854295.1	H_pass	pair_0184	pass	99.92	0.68	0.0	0.0	Bacillota	-14.175184664496323	-19.072819722796677	17.692767986194003	26.941736626893277	10	cocopye
RS_GCF_029909475.1	H_fail	pair_0168	moderate	100.0	5.03	0.0	3.0300000000000002	Pseudomonadota	2.7496068092639154	-0.5097330818671253	3.0802395745344264	4.879898981215324	10	cocopye
RS_GCF_030038915.1	H_pass	pair_0167	pass	100.0	1.06	0.0	0.0	Pseudomonadota	5.272389677167599	-16.24029304024398	5.312236371067028	16.24029304024398	10	cocopye
RS_GCF_030064045.1	H_pass	pair_0061	pass	100.0	0.56	0.0	0.0	Bacillota	6.288658551092967	-24.26817745372747	6.530676394314424	24.26817745372747	10	cocopye
RS_GCF_030123245.1	H_pass	pair_0139	pass	100.0	1.15	0.0	0.0	Bacillota	2.7821591041301708	-2.666907167760635	2.7821591041301708	4.974436073255341	10	cocopye
RS_GCF_030271855.1	H_pass	pair_0016	pass	100.0	0.65	0.0	0.0	Pseudomonadota	6.484323418191781	-4.516481248471793	6.484323418191781	6.241103012575911	10	cocopye
RS_GCF_030291635.1	H_fail	pair_0169	mild	100.0	2.25	0.0	0.25	Pseudomonadota	8.61138612169988	-4.7715847309934265	10.03295485897936	7.135883507023327	10	cocopye
RS_GCF_030295805.1	H_pass	pair_0041	pass	100.0	0.21	0.0	0.0	Bacillota	4.806288023584168	-22.60602915846919	4.839017306960872	22.60602915846919	10	cocopye
RS_GCF_030296715.1	H_fail	pair_0170	moderate	94.02	3.29	3.980000000000004	1.29	Methanobacteriota	2.7385356712137123	-18.47390285516555	6.192955454529472	18.47390285516555	10	cocopye
RS_GCF_030406775.1	H_fail	pair_0171	mild	96.09	0.11	1.9099999999999966	0.0	Bacillota	6.5057882794410435	-25.463423739201538	6.509445617406516	25.463423739201538	10	cocopye
RS_GCF_030413615.1	H_pass	pair_0132	pass	100.0	0.69	0.0	0.0	Bacillota	8.289822024185344	-9.016099295221903	8.780754888483152	17.59382774361212	10	cocopye
RS_GCF_030518775.1	H_fail	pair_0172	mild	100.0	2.14	0.0	0.14000000000000012	Pseudomonadota	7.761464319950417	-2.9642815346330447	8.844330646933624	6.982236714374376	10	cocopye
RS_GCF_030520125.1	H_pass	pair_0122	pass	100.0	0.31	0.0	0.0	Pseudomonadota	9.751354933391994	-12.534787157733295	9.751354933391994	16.87610739317561	10	cocopye
RS_GCF_030534135.1	H_pass	pair_0192	pass	100.0	0.37	0.0	0.0	Bacillota	5.563839977551305	-14.414782321125225	6.050514402794494	14.613307517892466	10	cocopye
RS_GCF_030585505.1	H_pass	pair_0107	pass	100.0	1.34	0.0	0.0	Bacillota	7.8518910762340015	-5.386500209952218	9.999840357962473	11.487684693640087	10	cocopye
RS_GCF_030717405.1	H_pass	pair_0137	pass	100.0	0.77	0.0	0.0	Pseudomonadota	4.807227466261546	-10.309071985469362	5.598636769516821	15.401386599834755	10	cocopye
RS_GCF_030758655.1	H_pass	pair_0154	pass	100.0	0.45	0.0	0.0	Pseudomonadota	3.4524789676889514	-17.682001387206338	3.960810312235618	17.682001387206338	10	cocopye
RS_GCF_030762805.1	H_fail	pair_0173	mild	97.29	0.26	0.7099999999999937	0.0	Bacillota	5.310684437297256	-18.874181368268097	9.667479330902173	18.874181368268097	10	cocopye
RS_GCF_030931015.1	H_fail	pair_0174	moderate	95.93	2.14	2.069999999999993	0.14000000000000012	Pseudomonadota	9.697117376227805	10.476520262694686	9.725272105062142	13.217738216308728	10	cocopye
RS_GCF_031202285.1	H_fail	pair_0175	moderate	99.99	6.13	0.0	4.13	Bacillota	8.03515750502529	-8.557911804289073	9.87199459732208	17.34630672328226	10	cocopye
RS_GCF_031326225.1	H_pass	pair_0010	pass	99.96	0.11	0.0	0.0	Pseudomonadota	6.0027048884933905	4.895199094798434	7.7860901865223315	10.94483292409866	10	cocopye
RS_GCF_032084765.1	H_fail	pair_0176	mild	96.56	0.24	1.4399999999999977	0.0	Bacillota	-17.568796568561396	-5.73357554476641	17.568796568561396	24.087316737122826	10	cocopye
RS_GCF_032278865.1	H_pass	pair_0106	pass	99.92	0.69	0.0	0.0	Pseudomonadota	11.298660677646364	-3.5322749441658106	11.298660677646364	11.81142746328355	10	cocopye
RS_GCF_032878895.1	H_fail	pair_0177	mild	99.99	2.02	0.0	0.020000000000000018	Bacteroidota	10.735083451751308	-3.0179832244014775	11.490745991196857	12.020223093529378	10	cocopye
RS_GCF_033096465.1	H_pass	pair_0149	pass	99.98	0.78	0.0	0.0	Bacillota	7.4661543220443916	-6.00365240538184	8.274852643312709	7.521329757952063	10	cocopye
RS_GCF_033100135.1	H_fail	pair_0178	mild	97.48	0.21	0.519999999999996	0.0	Verrucomicrobiota	6.224808228741674	11.48148463599683	7.8633895437595935	22.16952562382248	10	cocopye
RS_GCF_033130085.1	H_pass	pair_0158	pass	100.0	1.41	0.0	0.0	Bacillota	4.249184683819969	-11.753114372503024	4.30655107903293	12.032297518060812	10	cocopye
RS_GCF_033189955.1	H_pass	pair_0168	pass	100.0	0.09	0.0	0.0	Pseudomonadota	0.09208095424536893	-0.955228948715088	2.8650948361722093	3.378508224215486	10	cocopye
RS_GCF_033304595.1	H_pass	pair_0171	pass	99.8	0.09	0.0	0.0	Bacillota	5.23447458910247	-22.245225980262255	5.348597270985494	22.245225980262255	10	cocopye
RS_GCF_034130585.1	H_fail	pair_0179	mild	100.0	2.27	0.0	0.27	Pseudomonadota	3.327547107520504	-8.903506498140997	4.072020878903472	11.149602168857076	10	cocopye
RS_GCF_034491365.1	H_pass	pair_0092	pass	100.0	0.12	0.0	0.0	Pseudomonadota	5.667492761856019	-16.758178696880968	5.667492761856019	17.083184847068665	10	cocopye
RS_GCF_034555395.1	H_pass	pair_0042	pass	100.0	0.27	0.0	0.0	Pseudomonadota	6.74962178132391	-14.130098057499549	8.087602054198836	14.688083496505863	10	cocopye
RS_GCF_035918055.1	H_pass	pair_0182	pass	99.96	1.69	0.0	0.0	Actinomycetota	12.08083770563515	29.59462807211461	13.325466951499033	29.59462807211461	10	cocopye
RS_GCF_035918295.1	H_fail	pair_0180	moderate	100.0	5.46	0.0	3.46	Actinomycetota	2.0430463418674862	30.879157534613682	5.627580199822122	30.879157534613682	10	cocopye
RS_GCF_035991205.1	H_fail	pair_0181	mild	100.0	2.08	0.0	0.08000000000000007	Actinomycetota	9.245538933622212	26.584927096517628	9.285256181356429	26.85545658758901	10	cocopye
RS_GCF_036035005.1	H_pass	pair_0181	pass	100.0	1.7	0.0	0.0	Actinomycetota	12.352317531853135	29.830665662549983	12.421768247618388	30.471386278483408	10	cocopye
RS_GCF_036248315.1	H_fail	pair_0182	moderate	100.0	4.32	0.0	2.3200000000000003	Actinomycetota	14.76924823783176	48.07014192417409	14.76924823783176	48.07014192417409	10	cocopye
RS_GCF_036250655.1	H_pass	pair_0189	pass	99.68	0.44	0.0	0.0	Spirochaetota	11.161924547800805	-1.2736362317562953	14.891250682267525	11.222015306990166	10	cocopye
RS_GCF_036884255.1	H_pass	pair_0120	pass	100.0	0.0	0.0	0.0	Bacillota	10.939994972546238	5.901276863259452	10.939994972546238	18.83681801607886	10	cocopye
RS_GCF_037043395.1	H_pass	pair_0074	pass	99.87	0.19	0.0	0.0	Pseudomonadota	9.140129331014087	-4.813167592317552	9.429445553409192	10.25559720582161	10	cocopye
RS_GCF_037099735.1	H_pass	pair_0169	pass	100.0	0.24	0.0	0.0	Pseudomonadota	9.994453750270008	-10.076769944546779	11.927923013623946	10.12653184870961	10	cocopye
RS_GCF_037746055.1	H_pass	pair_0056	pass	100.0	0.51	0.0	0.0	Pseudomonadota	3.31317844215297	-13.225277357459666	6.3231580225004915	14.297292743537039	10	cocopye
RS_GCF_037780985.1	H_pass	pair_0078	pass	100.0	0.12	0.0	0.0	Pseudomonadota	7.410075045946232	-16.883504703251866	7.4124071280283035	17.116825185668084	10	cocopye
RS_GCF_038048995.1	H_pass	pair_0069	pass	100.0	0.46	0.0	0.0	Bacillota	3.2767489163577608	-8.885171587116336	3.915034016837913	9.993065852907126	10	cocopye
RS_GCF_038095645.1	H_fail	pair_0183	moderate	95.61	0.16	2.3900000000000006	0.0	Bacillota	-16.546162142624944	-13.127295112139526	16.546162142624944	24.359346538562725	10	cocopye
RS_GCF_038095715.1	H_fail	pair_0184	mild	96.14	0.16	1.8599999999999994	0.0	Bacillota	-9.9748457338754	-13.94456651493642	14.93288953116747	24.72395893195737	10	cocopye
RS_GCF_038095875.1	H_fail	pair_0185	mild	96.17	0.65	1.8299999999999983	0.0	Bacillota	-12.723457840739027	-4.769240012763392	15.162889675306928	30.39089040437159	10	cocopye
RS_GCF_038095885.1	H_fail	pair_0186	mild	96.49	0.2	1.5100000000000051	0.0	Bacillota	-2.30235645873616	10.706253396754377	10.350171335112838	20.365644614403045	10	cocopye
RS_GCF_038096035.1	H_fail	pair_0187	mild	96.19	0.26	1.8100000000000023	0.0	Bacillota	-9.557188757817087	-1.5532292201746902	11.690361031891161	26.449840561081288	10	cocopye
RS_GCF_038096075.2	H_pass	pair_0046	pass	100.0	0.34	0.0	0.0	Actinomycetota	6.521939927158803	-9.169559160126726	8.468349404777124	14.135870314018538	10	cocopye
RS_GCF_038260915.1	H_pass	pair_0020	pass	99.9	0.08	0.0	0.0	Bacteroidota	-3.341753289051603	-19.463555549251847	5.2618899048038985	19.463555549251847	10	cocopye
RS_GCF_038420605.1	H_pass	pair_0085	pass	99.98	0.09	0.0	0.0	Pseudomonadota	5.19441973459567	-13.044659392355152	5.19441973459567	13.250657551752914	10	cocopye
RS_GCF_038441155.1	H_pass	pair_0144	pass	100.0	1.89	0.0	0.0	Bacillota	6.3047882250609195	-10.868485370083336	6.591718791015087	10.868485370083336	10	cocopye
RS_GCF_038443385.1	H_pass	pair_0123	pass	99.99	1.94	0.0	0.0	Planctomycetota	14.229568785582776	37.116657579190914	15.94333794748467	38.47216621699722	10	cocopye
RS_GCF_039727125.1	H_fail	pair_0188	severe	85.45	3.94	12.549999999999997	1.94	Actinomycetota	13.043486515806311	-0.8255848927763448	13.089675892249726	6.926468892951121	10	cocopye
RS_GCF_039954945.1	H_pass	pair_0082	pass	99.99	0.33	0.0	0.0	Bacillota	6.154650808128577	-18.269290892338965	6.8623760031320105	18.269290892338965	10	cocopye
RS_GCF_040437135.1	H_pass	pair_0055	pass	100.0	0.04	0.0	0.0	Pseudomonadota	8.980945287235349	-18.494026371540127	8.980945287235349	18.494026371540127	10	cocopye
RS_GCF_040790775.1	H_fail	pair_0189	mild	97.44	0.36	0.5600000000000023	0.0	Spirochaetota	1.580829350146042	-15.260545870658614	4.51774853514455	16.82614883913735	10	cocopye
RS_GCF_040931755.1	H_pass	pair_0063	pass	100.0	1.53	0.0	0.0	Bacillota	6.602543750789986	-14.680602469909894	6.72986890153332	14.838352443731074	10	cocopye
RS_GCF_040939785.1	H_fail	pair_0190	mild	96.81	0.67	1.1899999999999977	0.0	Pseudomonadota	13.142441134710262	27.03126739540919	13.142441134710262	30.24059519861104	10	cocopye
RS_GCF_041221345.1	H_pass	pair_0198	pass	100.0	0.15	0.0	0.0	Pseudomonadota	10.50980512492898	-13.19185199917194	10.50980512492898	14.16658550334817	10	cocopye
RS_GCF_041320175.1	H_pass	pair_0013	pass	100.0	0.28	0.0	0.0	Pseudomonadota	4.742240490691869	-9.101591011415906	4.85583193801672	10.656047917147905	10	cocopye
RS_GCF_041428605.1	H_pass	pair_0191	pass	99.97	1.53	0.0	0.0	Bacillota	3.369886764127518	-6.344757299965358	13.000661948961138	6.67254819038544	10	cocopye
RS_GCF_041428895.1	H_fail	pair_0191	severe	100.0	12.26	0.0	10.26	Bacillota	2.792746484896424	2.264160994345068	9.70033181971134	8.758281213307374	10	cocopye
RS_GCF_041764945.1	H_pass	pair_0053	pass	99.99	0.7	0.0	0.0	Bacillota	2.162850080822215	-14.209246907031405	3.205922843223663	15.360947808808564	10	cocopye
RS_GCF_900092475.1	H_pass	pair_0108	pass	100.0	1.77	0.0	0.0	Bacillota	0.7911000951149483	-12.423057225263005	3.5887074118989895	13.651773421994942	10	cocopye
RS_GCF_900324205.1	H_fail	pair_0192	mild	100.0	2.33	0.0	0.33000000000000007	Bacillota	1.626208425104671	-16.624762339220393	3.1150586449230766	16.624762339220393	10	cocopye
RS_GCF_900476125.1	H_pass	pair_0114	pass	99.81	0.68	0.0	0.0	Bacillota	-8.55893181176642	-2.275275725243856	9.784491306895136	22.74181897684933	10	cocopye
RS_GCF_900636535.1	H_fail	pair_0193	mild	100.0	2.02	0.0	0.020000000000000018	Bacteroidota	11.533545194213824	2.9328719239600813	12.714327032039412	7.70507351785915	10	cocopye
RS_GCF_900637925.1	H_fail	pair_0194	moderate	100.0	4.7	0.0	2.7	Actinomycetota	2.2176965317974355	-14.283535959019877	6.488051327768753	15.564944947221068	10	cocopye
RS_GCF_900639395.1	H_fail	pair_0195	mild	100.0	3.4	0.0	1.4	Bacillota	3.035757130235072	-11.399058057443312	4.490836810116804	12.424714041305213	10	cocopye
RS_GCF_900660505.1	H_pass	pair_0176	pass	98.47	0.14	0.0	0.0	Bacillota	-10.501542484518017	-6.302311659981363	10.501542484518017	27.77619189169615	10	cocopye
RS_GCF_900660565.1	H_pass	pair_0185	pass	99.28	1.15	0.0	0.0	Bacillota	-11.229124263648572	-8.783366225456543	14.770597516813131	27.44957324827135	10	cocopye
RS_GCF_943169635.2	H_fail	pair_0196	moderate	95.54	0.43	2.4599999999999937	0.0	Bacillota	2.922047255985138	-15.002410446133277	4.790457762570549	17.835919600405504	10	cocopye
RS_GCF_949793775.1	H_pass	pair_0054	pass	100.0	0.27	0.0	0.0	Bacillota	4.566600114209091	-28.84558647279179	5.480770642470704	28.84558647279179	10	cocopye
RS_GCF_963556575.1	H_pass	pair_0097	pass	100.0	0.29	0.0	0.0	Actinomycetota	1.9524622499894329	-16.709576848352782	2.3030178085961133	17.542419051144662	10	cocopye
RS_GCF_963668235.1	H_fail	pair_0197	mild	97.65	3.78	0.3499999999999943	1.7799999999999998	Spirochaetota	5.109891353494801	-19.674096583193613	11.64790733512668	22.023360028718407	10	cocopye
RS_GCF_963692985.1	H_pass	pair_0166	pass	100.0	0.07	0.0	0.0	Bacteroidota	11.99608643331287	-0.07658708786591557	11.99608643331287	9.352672442484929	10	cocopye
RS_GCF_963854595.1	H_fail	pair_0198	mild	100.0	2.64	0.0	0.6400000000000001	Pseudomonadota	9.574843162067456	-17.61027927702774	9.639782130385072	17.61027927702774	10	cocopye
RS_GCF_964065165.1	H_fail	pair_0199	mild	100.0	2.2	0.0	0.20000000000000018	Bacillota	3.771074312652144	-18.211064517225104	9.15466578424535	20.727557454257436	10	cocopye
GB_GCA_000272795.2	H_fail	pair_0000	moderate	91.89	1.61	6.109999999999999	0.0	Pseudomonadota	10.695202226904295	-11.542121469885254	13.854416687060546	19.338202108850098	10	deepcheck
GB_GCA_000389905.1	H_fail	pair_0001	severe	85.98	4.38	12.019999999999996	2.38	Actinomycetota	14.682253492236324	-14.411768730914309	15.695916436767575	39.748860535797114	10	deepcheck
GB_GCA_000389925.1	H_fail	pair_0002	severe	84.94	7.32	13.060000000000002	5.32	Actinomycetota	2.578399449487306	-17.467031355596923	8.29754711135254	19.03342776950073	10	deepcheck
GB_GCA_000599545.1	H_pass	pair_0017	pass	100.0	0.98	0.0	0.0	Actinomycetota	29.18351768125	1.0372274762542726	29.224116100097653	23.469150745132445	10	deepcheck
GB_GCA_000599965.1	H_pass	pair_0089	pass	99.99	0.17	0.0	0.0	Bacillota	2.808998656298826	-35.74605211072121	4.602495264013674	35.74605211072121	10	deepcheck
GB_GCA_000774075.2	H_fail	pair_0003	severe	85.08	0.38	12.920000000000002	0.0	Bacillota	6.257566972363284	-25.125303121951294	10.848012796679686	25.41553170119934	10	deepcheck
GB_GCA_001274575.1	H_pass	pair_0134	pass	100.0	0.28	0.0	0.0	Bacillota	14.994075060961913	-25.148662288134005	17.534989364965817	25.148662288134005	10	deepcheck
GB_GCA_001554095.1	H_fail	pair_0004	moderate	94.34	3.64	3.6599999999999966	1.6400000000000001	Bacillota	2.854020929931638	-38.84717233359832	11.180293363134766	38.84717233359832	10	deepcheck
GB_GCA_001767375.1	H_pass	pair_0087	pass	99.99	0.0	0.0	0.0	Actinomycetota	32.37551437324218	12.000675579019163	32.37551437324218	32.036498655160514	10	deepcheck
GB_GCA_001816225.4	H_fail	pair_0005	moderate	94.2	3.55	3.799999999999997	1.5499999999999998	Bacteroidota	19.29667202915039	5.648453439376832	19.864476916259765	34.35686099692077	10	deepcheck
GB_GCA_001886995.1	H_fail	pair_0006	mild	100.0	2.01	0.0	0.009999999999999787	Pseudomonadota	16.022159967358398	-28.340946113713073	16.022159967358398	28.340946113713073	10	deepcheck
GB_GCA_002117375.1	H_pass	pair_0199	pass	99.81	0.75	0.0	0.0	Bacillota	5.982177492041016	-37.20850057884369	10.612266519482422	37.20850057884369	10	deepcheck
GB_GCA_002163795.1	H_fail	pair_0007	severe	72.51	0.03	25.489999999999995	0.0	Pseudomonadota	10.261061274560547	-42.32441521110535	10.94097918227539	42.32441521110535	10	deepcheck
GB_GCA_002844335.1	H_pass	pair_0156	pass	99.91	0.45	0.0	0.0	Halobacteriota	12.620300878857423	-31.46103026616974	12.620300878857423	38.9353000397049	10	deepcheck
GB_GCA_003019195.1	H_fail	pair_0008	mild	96.7	2.15	1.2999999999999972	0.1499999999999999	Pseudomonadota	24.612657880664067	-7.192385191897583	25.321081791503907	29.200542276614378	10	deepcheck
GB_GCA_003047085.1	H_pass	pair_0057	pass	100.0	0.02	0.0	0.0	Pseudomonadota	23.530074838208	-4.547262750339509	23.530074838208	24.875189289304352	10	deepcheck
GB_GCA_003071285.1	H_pass	pair_0179	pass	100.0	1.1	0.0	0.0	Pseudomonadota	20.401330151367183	-12.946377543880462	20.401330151367183	17.467813831087494	10	deepcheck
GB_GCA_003359255.2	H_fail	pair_0009	mild	96.23	1.84	1.769999999999996	0.0	Pseudomonadota	13.055071819287107	-8.489322232611084	15.323646334033203	31.947782127337643	10	deepcheck
GB_GCA_003970805.2	H_fail	pair_0010	mild	97.39	0.74	0.6099999999999994	0.0	Pseudomonadota	18.17938444697266	-29.72514749577065	18.17938444697266	29.72514749577065	10	deepcheck
GB_GCA_003999465.1	H_fail	pair_0011	severe	82.99	0.68	15.010000000000005	0.0	Pseudomonadota	12.980579293188475	-30.628813065292356	13.936002347973636	30.628813065292356	10	deepcheck
GB_GCA_006088835.1	H_pass	pair_0058	pass	100.0	0.38	0.0	0.0	Bacillota	7.620823445312499	-41.67432405788402	9.422013045703128	41.67432405788402	10	deepcheck
GB_GCA_007998065.1	H_fail	pair_0012	moderate	91.38	5.23	6.6200000000000045	3.2300000000000004	Pseudomonadota	9.023774267626953	8.18457161726532	13.608474632763674	38.96193152028657	10	deepcheck
GB_GCA_007998105.1	H_fail	pair_0013	severe	83.28	5.83	14.719999999999999	3.83	Pseudomonadota	12.87976697832031	-24.261658588934328	14.464299278222654	24.261658588934328	10	deepcheck
GB_GCA_009664105.1	H_fail	pair_0014	severe	65.13	1.81	32.870000000000005	0.0	Pseudomonadota	3.6937040273437454	-12.187290983909609	15.027499939453119	40.78388559855499	10	deepcheck
GB_GCA_010694505.1	H_fail	pair_0015	moderate	95.75	2.3	2.25	0.2999999999999998	Pseudomonadota	23.907713806835936	-6.752258978656006	24.377197258300782	30.95214611322632	10	deepcheck
GB_GCA_011765405.1	H_fail	pair_0016	moderate	94.99	2.75	3.010000000000005	0.75	Pseudomonadota	14.237612970166017	-21.81836325206833	14.271622519677738	22.082644823825838	10	deepcheck
GB_GCA_012971805.2	H_fail	pair_0017	moderate	100.0	5.26	0.0	3.26	Actinomycetota	33.40901748393556	12.1799918737854	33.40901748393556	30.401607763031006	10	deepcheck
GB_GCA_013127575.1	H_fail	pair_0018	severe	63.72	1.4	34.28	0.0	Pseudomonadota	5.090206143188473	-18.167017293562317	18.523350324682614	22.976661833210756	10	deepcheck
GB_GCA_013315855.1	H_fail	pair_0019	mild	99.45	3.59	0.0	1.5899999999999999	Pseudomonadota	19.422813228515626	-21.030198010238646	19.422813228515626	21.030198010238646	10	deepcheck
GB_GCA_014251975.1	H_fail	pair_0020	moderate	94.35	1.0	3.6500000000000057	0.0	Bacteroidota	-8.222062830493165	-29.049003145133213	9.484586206860353	29.049003145133213	10	deepcheck
GB_GCA_015172915.1	H_fail	pair_0021	severe	89.01	4.3	8.989999999999995	2.3	Pseudomonadota	13.688741802880866	-18.130134463842772	15.444448393505866	21.03057160526123	10	deepcheck
GB_GCA_015356075.1	H_fail	pair_0022	moderate	91.6	5.13	6.400000000000006	3.13	Pseudomonadota	10.068657362597659	-24.68123901299133	14.142783353027346	24.895536366116332	10	deepcheck
GB_GCA_015356095.1	H_pass	pair_0118	pass	98.38	1.01	0.0	0.0	Bacillota	7.113012320605469	-39.824299478125	10.729153252929686	39.824299478125	10	deepcheck
GB_GCA_015832325.1	H_fail	pair_0023	severe	83.04	5.92	14.959999999999994	3.92	Pseudomonadota	2.06657267602539	-15.842882384494018	12.344918015283204	16.010640174917604	10	deepcheck
GB_GCA_017068215.1	H_fail	pair_0024	mild	96.12	2.29	1.8799999999999955	0.29000000000000004	Bacillota	10.110119474267577	-28.387163740316772	10.231172707958985	28.387163740316772	10	deepcheck
GB_GCA_017088185.1	H_fail	pair_0025	moderate	94.08	1.99	3.9200000000000017	0.0	Bacillota	3.7380183609863273	-27.653229249377443	6.756377974755859	27.653229249377443	10	deepcheck
GB_GCA_018388625.1	H_fail	pair_0026	severe	84.39	2.38	13.61	0.3799999999999999	Actinomycetota	21.338991851049805	-19.736390649155425	24.799559666235353	24.650995047389983	10	deepcheck
GB_GCA_019222725.1	H_pass	pair_0093	pass	100.0	1.47	0.0	0.0	Pseudomonadota	18.240260295800788	-29.188434562878417	18.28583677285157	29.188434562878417	10	deepcheck
GB_GCA_019551375.1	H_pass	pair_0059	pass	100.0	0.08	0.0	0.0	Bacillota	8.785283216650392	-30.52657545650768	9.554585859814454	30.52657545650768	10	deepcheck
GB_GCA_021401425.1	H_pass	pair_0084	pass	100.0	0.04	0.0	0.0	Bacillota	17.858109917578123	-33.570079344340705	18.0347011665039	33.570079344340705	10	deepcheck
GB_GCA_023158875.1	H_fail	pair_0027	moderate	91.6	2.22	6.400000000000006	0.2200000000000002	Spirochaetota	11.612727285107425	-32.79218355168152	13.737498863232426	32.927446420309444	10	deepcheck
GB_GCA_023612635.1	H_fail	pair_0028	mild	99.97	3.45	0.0	1.4500000000000002	Pseudomonadota	18.87846204907226	-24.09210025231743	20.086368345849607	27.510593422629928	10	deepcheck
GB_GCA_024138735.1	H_fail	pair_0029	severe	83.01	2.15	14.989999999999995	0.1499999999999999	Deinococcota	7.823890932983403	-37.3592708147583	8.887787112182618	37.3592708147583	10	deepcheck
GB_GCA_024300745.1	H_pass	pair_0019	pass	100.0	0.17	0.0	0.0	Pseudomonadota	20.795035785742183	-23.17474260126343	20.795035785742183	23.17474260126343	10	deepcheck
GB_GCA_024759545.1	H_fail	pair_0030	mild	96.7	3.73	1.2999999999999972	1.73	Bacteroidota	30.780593202783205	9.244864622068786	30.780593202783205	26.50072907412262	10	deepcheck
GB_GCA_025757525.1	H_pass	pair_0030	pass	99.98	1.66	0.0	0.0	Bacteroidota	25.234566222705073	11.459906248480225	25.234566222705073	41.58597203394165	10	deepcheck
GB_GCA_025792475.2	H_fail	pair_0031	mild	99.76	2.19	0.0	0.18999999999999995	Spirochaetota	14.492481867211916	-32.52307325569687	15.179212560815433	32.52307325569687	10	deepcheck
GB_GCA_025792575.1	H_fail	pair_0032	severe	76.37	3.94	21.629999999999995	1.94	Pseudomonadota	7.305681664892575	-4.265793014723206	18.04526432348632	20.634806618589785	10	deepcheck
GB_GCA_026073375.1	H_pass	pair_0034	pass	100.0	1.3	0.0	0.0	Bacillota	14.443515018457031	-28.29907609474182	14.612324527734376	28.29907609474182	10	deepcheck
GB_GCA_026073395.1	H_fail	pair_0033	mild	100.0	3.54	0.0	1.54	Bacillota	8.944778735156248	-49.74501666351013	9.008372790332029	49.74501666351013	10	deepcheck
GB_GCA_026073495.1	H_fail	pair_0034	mild	100.0	3.85	0.0	1.85	Bacillota	11.2113657717041	-31.130460711081696	12.173583167504882	31.130460711081696	10	deepcheck
GB_GCA_026073535.1	H_fail	pair_0035	mild	100.0	3.18	0.0	1.1800000000000002	Bacillota	8.854110233569338	-25.658945156307983	11.730533245434572	25.658945156307983	10	deepcheck
GB_GCA_027625415.1	H_fail	pair_0036	severe	84.26	0.02	13.739999999999995	0.0	Campylobacterota	-4.0946730052490246	-25.238848539100456	8.10902397175293	25.238848539100456	10	deepcheck
GB_GCA_027941715.1	H_fail	pair_0037	moderate	99.83	6.72	0.0	4.72	Pseudomonadota	14.231259549707033	-26.5618899226532	14.51220247216797	26.5618899226532	10	deepcheck
GB_GCA_028201695.1	H_fail	pair_0038	moderate	93.97	5.26	4.030000000000001	3.26	Pseudomonadota	10.876924714721683	-30.25457651011963	12.303442052172851	30.26528285283203	10	deepcheck
GB_GCA_028219255.1	H_fail	pair_0039	severe	79.77	6.06	18.230000000000004	4.06	Pseudomonadota	4.546662546972658	-30.378776358468627	12.9847268890625	30.378776358468627	10	deepcheck
GB_GCA_028570875.1	H_pass	pair_0163	pass	100.0	0.18	0.0	0.0	Pseudomonadota	23.072175668652346	-21.784996963177488	23.072175668652346	32.751725390130616	10	deepcheck
GB_GCA_028621915.1	H_fail	pair_0040	moderate	95.59	0.0	2.4099999999999966	0.0	Pseudomonadota	2.6457785078613254	-26.502869222487835	5.852280846337888	26.502869222487835	10	deepcheck
GB_GCA_029011745.1	H_fail	pair_0041	mild	99.89	3.96	0.0	1.96	Bacillota	8.366268326367187	-36.16242629353333	8.450579239453123	36.16242629353333	10	deepcheck
GB_GCA_029168395.1	H_fail	pair_0042	mild	99.91	2.91	0.0	0.9100000000000001	Pseudomonadota	15.269752608203117	-26.734464413708498	15.8953339680664	34.26947257034912	10	deepcheck
GB_GCA_029632985.2	H_fail	pair_0043	severe	87.14	3.22	10.86	1.2200000000000002	Bacillota	-2.3880492566650373	-35.81313039842529	5.020596909497071	35.81313039842529	10	deepcheck
GB_GCA_029633425.2	H_pass	pair_0043	pass	99.57	0.85	0.0	0.0	Bacillota	3.9779646215331987	-36.160631457372666	7.0089073632324155	36.160631457372666	10	deepcheck
GB_GCA_029690025.2	H_fail	pair_0044	moderate	94.73	2.23	3.269999999999996	0.22999999999999998	Bacillota	0.8572187748779314	-37.21642657135506	7.763732578833007	37.21642657135506	10	deepcheck
GB_GCA_030014105.1	H_fail	pair_0045	moderate	95.83	2.28	2.1700000000000017	0.2799999999999998	Bacillota	6.636061458447261	-32.25859070183564	8.96893376850586	32.25859070183564	10	deepcheck
GB_GCA_030020405.1	H_pass	pair_0088	pass	100.0	0.28	0.0	0.0	Bacillota	4.29399439926758	-40.78930502671051	5.850413966162108	40.78930502671051	10	deepcheck
GB_GCA_030569355.1	H_pass	pair_0047	pass	100.0	0.36	0.0	0.0	Actinomycetota	14.671360306298828	-23.845445396450806	14.671360306298828	24.0902648320343	10	deepcheck
GB_GCA_030573405.1	H_fail	pair_0046	moderate	90.52	1.13	7.480000000000004	0.0	Actinomycetota	10.672425612158202	-22.68359150775757	12.861188046142578	40.28289413529663	10	deepcheck
GB_GCA_030576775.1	H_fail	pair_0047	severe	88.75	2.83	9.25	0.8300000000000001	Actinomycetota	4.013273117724613	-24.689345085612487	8.697142715673833	25.407277994532773	10	deepcheck
GB_GCA_030719765.1	H_fail	pair_0048	moderate	93.81	0.44	4.189999999999998	0.0	Campylobacterota	-1.0247071711669917	-27.339658218984987	7.060606252807615	27.58471921552429	10	deepcheck
GB_GCA_030719905.1	H_fail	pair_0049	moderate	93.7	0.36	4.299999999999997	0.0	Campylobacterota	-1.2942718575195336	-38.03035350215607	3.6681859879882817	38.03035350215607	10	deepcheck
GB_GCA_030720005.1	H_pass	pair_0048	pass	98.43	0.74	0.0	0.0	Campylobacterota	-1.2463444075927739	-30.110999316311933	4.4587578351806645	30.110999316311933	10	deepcheck
GB_GCA_030720205.1	H_pass	pair_0049	pass	99.29	0.33	0.0	0.0	Campylobacterota	-1.372006901464846	-38.21000199443035	3.2907708673828124	38.21000199443035	10	deepcheck
GB_GCA_030720305.1	H_fail	pair_0050	moderate	93.19	0.22	4.810000000000002	0.0	Campylobacterota	-3.232184962109373	-34.69334848885145	4.152665501562499	34.69334848885145	10	deepcheck
GB_GCA_030863565.1	H_fail	pair_0051	mild	96.07	3.84	1.9300000000000068	1.8399999999999999	Pseudomonadota	14.13528554003906	-28.39940905640259	15.387002129687499	28.783264295593263	10	deepcheck
GB_GCA_030994885.1	H_pass	pair_0021	pass	99.99	0.78	0.0	0.0	Pseudomonadota	19.422743193408202	-12.832430263027955	19.422743193408202	28.818629811270142	10	deepcheck
GB_GCA_033170915.1	H_fail	pair_0052	moderate	94.46	3.06	3.5400000000000063	1.06	Bacillota	8.971553550585941	-28.817252427593996	9.152600953027346	28.817252427593996	10	deepcheck
GB_GCA_033181785.1	H_fail	pair_0053	moderate	95.36	2.92	2.6400000000000006	0.9199999999999999	Bacillota	10.786703415429685	-28.855750801860047	12.193387424121093	28.996810791926578	10	deepcheck
GB_GCA_033798825.1	H_fail	pair_0054	moderate	94.39	4.45	3.6099999999999994	2.45	Bacillota	2.364593172534179	-49.7989876618042	9.22989066369629	49.7989876618042	10	deepcheck
GB_GCA_033977085.1	H_fail	pair_0055	severe	83.18	5.33	14.819999999999993	3.33	Pseudomonadota	12.538087436865235	-16.998728639776612	16.14992478706055	24.180980898468018	10	deepcheck
GB_GCA_034480345.1	H_fail	pair_0056	moderate	100.0	7.64	0.0	5.64	Pseudomonadota	16.422616772094727	-15.702769055490112	16.422616772094727	17.441498188858034	10	deepcheck
GB_GCA_034480465.1	H_fail	pair_0057	mild	100.0	2.2	0.0	0.20000000000000018	Pseudomonadota	24.524554491162114	-13.335087038063051	24.524554491162114	26.411397601148984	10	deepcheck
GB_GCA_035444265.1	H_fail	pair_0058	severe	83.38	2.02	14.620000000000005	0.020000000000000018	Bacillota	2.6300035964355444	-36.90736776142883	9.029099672509766	37.644767318392944	10	deepcheck
GB_GCA_035461165.1	H_fail	pair_0059	severe	81.87	5.59	16.129999999999995	3.59	Bacillota	-0.27952857199707	-28.82757522897797	7.0297034872314414	28.82757522897797	10	deepcheck
GB_GCA_035469665.1	H_fail	pair_0060	severe	88.93	3.68	9.069999999999993	1.6800000000000002	Bacillota	2.184779872021484	-30.5991108240654	9.630279824853515	30.5991108240654	10	deepcheck
GB_GCA_035481575.1	H_fail	pair_0061	severe	89.0	3.88	9.0	1.88	Bacillota	7.663142203759769	-43.994218210244746	11.07187368305664	43.994218210244746	10	deepcheck
GB_GCA_035491695.1	H_fail	pair_0062	severe	85.87	3.72	12.129999999999995	1.7200000000000002	Bacillota	9.525128165209956	-37.01189704179993	12.618222016186524	37.01189704179993	10	deepcheck
GB_GCA_035493755.1	H_fail	pair_0063	severe	85.84	2.63	12.159999999999997	0.6299999999999999	Bacillota	4.47253246052246	-30.339892450090026	11.273280131274415	30.339892450090026	10	deepcheck
GB_GCA_035495755.1	H_fail	pair_0064	severe	87.25	4.52	10.75	2.5199999999999996	Bacillota	4.681629315234376	-41.4820278280098	9.156835978906253	41.4820278280098	10	deepcheck
GB_GCA_035508035.1	H_fail	pair_0065	severe	85.92	4.75	12.079999999999998	2.75	Bacillota	-0.2319564961914075	-27.904572971013643	7.773478656347658	28.226210954340367	10	deepcheck
GB_GCA_035521615.1	H_fail	pair_0066	severe	86.9	4.33	11.099999999999994	2.33	Bacillota	4.259283607275392	-29.139885015353393	6.891327956591797	29.139885015353393	10	deepcheck
GB_GCA_035532875.1	H_fail	pair_0067	severe	60.52	5.09	37.48	3.09	Bacillota	-4.4622335019042945	-54.05848198469086	11.488624862939455	54.05848198469086	10	deepcheck
GB_GCA_035536755.1	H_fail	pair_0068	severe	83.76	6.49	14.239999999999995	4.49	Bacillota	0.09633679628906507	-28.507742274543762	7.359506674951172	28.507742274543762	10	deepcheck
GB_GCA_035540595.1	H_fail	pair_0069	severe	76.16	5.7	21.840000000000003	3.7	Bacillota	-11.677091576049804	-29.86936904273071	11.677091576049804	29.86936904273071	10	deepcheck
GB_GCA_035542055.1	H_fail	pair_0070	severe	60.79	5.85	37.21	3.8499999999999996	Bacillota	-20.548939432958985	-29.239795733374024	23.814601366064455	29.559238752001953	10	deepcheck
GB_GCA_035547075.1	H_fail	pair_0071	severe	74.18	6.06	23.819999999999993	4.06	Bacillota	-6.764420334057616	-34.444586249795535	10.613087551245115	34.5484426007843	10	deepcheck
GB_GCA_036351975.1	H_fail	pair_0072	severe	75.78	4.56	22.22	2.5599999999999996	Pseudomonadota	6.763271041040039	-35.88679612596283	14.43199704782715	35.88679612596283	10	deepcheck
GB_GCA_036872555.1	H_fail	pair_0073	severe	85.75	5.24	12.25	3.24	Bacillota	-1.3598027840820328	-32.54208907268829	8.661897319921877	32.653317883226016	10	deepcheck
GB_GCA_037055285.1	H_fail	pair_0074	moderate	90.42	1.61	7.579999999999998	0.0	Pseudomonadota	8.162817050488279	-27.22646371797333	11.452467814453126	27.372318555586247	10	deepcheck
GB_GCA_037100235.1	H_fail	pair_0075	moderate	93.17	0.42	4.829999999999998	0.0	Pseudomonadota	21.671288515234373	-21.867144442556764	21.86084063564453	21.867144442556764	10	deepcheck
GB_GCA_037236975.1	H_fail	pair_0076	severe	84.82	1.53	13.180000000000007	0.0	Actinomycetota	13.558442064550778	-35.79072481834335	14.112375677343744	35.86141046304702	10	deepcheck
GB_GCA_037246145.1	H_fail	pair_0077	moderate	94.42	6.91	3.5799999999999983	4.91	Bacillota	-0.08607888417968823	-33.11702311507568	4.522035241406249	33.11702311507568	10	deepcheck
GB_GCA_037791055.1	H_fail	pair_0078	moderate	94.17	5.11	3.8299999999999983	3.1100000000000003	Pseudomonadota	20.15719880205078	-27.140654582479858	20.15719880205078	27.140654582479858	10	deepcheck
GB_GCA_037794445.1	H_fail	pair_0079	moderate	95.54	4.82	2.4599999999999937	2.8200000000000003	Pseudomonadota	16.07427796911621	-18.15273312961731	16.969545145629883	18.15273312961731	10	deepcheck
GB_GCA_037888935.1	H_fail	pair_0080	severe	53.21	0.19	44.79	0.0	Actinomycetota	-8.373305071215821	-23.239117593623355	13.986617946411133	37.9309315069046	10	deepcheck
GB_GCA_039513915.1	H_pass	pair_0036	pass	99.97	0.03	0.0	0.0	Campylobacterota	0.8661979506835905	-24.45784004431534	2.129422743164065	24.45784004431534	10	deepcheck
GB_GCA_039519115.1	H_fail	pair_0081	moderate	93.72	0.51	4.280000000000001	0.0	Campylobacterota	1.7613506713867217	-34.710731019637294	7.747897417382811	34.710731019637294	10	deepcheck
GB_GCA_039955015.1	H_fail	pair_0082	severe	85.16	4.17	12.840000000000003	2.17	Bacillota	3.9285039979492167	-43.399208219046024	7.974946784765625	43.399208219046024	10	deepcheck
GB_GCA_040084615.1	H_fail	pair_0083	severe	84.86	4.75	13.14	2.75	Bacillota	0.793421222143553	-31.660078964007567	7.405639533178712	31.660078964007567	10	deepcheck
GB_GCA_040084665.1	H_fail	pair_0084	severe	76.35	4.44	21.650000000000006	2.4400000000000004	Bacillota	10.637154157495115	-20.808914802108767	17.752322315649412	26.674247508633425	10	deepcheck
GB_GCA_040215705.1	H_fail	pair_0085	mild	99.65	2.67	0.0	0.6699999999999999	Pseudomonadota	5.081265151416019	-35.02573832188873	7.332888092041015	35.02573832188873	10	deepcheck
GB_GCA_040268345.1	H_fail	pair_0086	moderate	95.09	0.23	2.9099999999999966	0.0	Spirochaetota	-4.2870396617431625	-32.462836778627775	5.679212109448241	32.462836778627775	10	deepcheck
GB_GCA_040556325.1	H_fail	pair_0087	moderate	95.82	0.43	2.180000000000007	0.0	Actinomycetota	31.995790428027345	19.02462618693314	31.995790428027345	42.397297255303194	10	deepcheck
GB_GCA_040782855.1	H_fail	pair_0088	severe	66.81	6.83	31.189999999999998	4.83	Bacillota	-16.52795275041504	-34.68034022350159	18.860143516674803	34.68034022350159	10	deepcheck
GB_GCA_040782895.1	H_fail	pair_0089	severe	83.86	3.8	14.14	1.7999999999999998	Bacillota	-6.474005748364258	-33.976696275691225	11.322679662426756	33.976696275691225	10	deepcheck
GB_GCA_041026445.1	H_fail	pair_0090	severe	88.39	6.66	9.61	4.66	Pseudomonadota	4.19996036262207	-29.615650110684204	7.3378107943115225	30.124538637142944	10	deepcheck
GB_GCA_900478345.1	H_fail	pair_0091	mild	96.3	2.27	1.7000000000000028	0.27	Pseudomonadota	20.949491628955077	-25.159037052825926	21.49011243188476	25.159037052825926	10	deepcheck
GB_GCA_900635565.1	H_fail	pair_0092	mild	99.99	2.11	0.0	0.10999999999999988	Pseudomonadota	17.44984843867187	-20.527701065219116	17.595955661914065	20.527701065219116	10	deepcheck
GB_GCA_900635675.1	H_fail	pair_0093	moderate	93.79	3.57	4.209999999999994	1.5699999999999998	Pseudomonadota	19.20227049482422	-24.902950472271733	20.218620568164063	30.16827235449829	10	deepcheck
GB_GCA_947044355.1	H_fail	pair_0094	mild	97.71	0.0	0.29000000000000625	0.0	Pseudomonadota	15.387312957421873	-29.754143008220673	15.748947449999998	29.754143008220673	10	deepcheck
GB_GCA_963676115.1	H_fail	pair_0095	severe	76.18	0.03	21.819999999999993	0.0	Pseudomonadota	11.55716503286133	-22.85494850845604	12.29647591772461	22.85494850845604	10	deepcheck
RS_GCF_000010805.1	H_pass	pair_0162	pass	100.0	0.76	0.0	0.0	Actinomycetota	36.17926681806641	-9.58560772485733	36.17926681806641	25.387359256107327	10	deepcheck
RS_GCF_000011525.1	H_pass	pair_0025	pass	100.0	0.1	0.0	0.0	Bacillota	9.090413276538083	-26.179969962607004	9.534869376196287	26.179969962607004	10	deepcheck
RS_GCF_000023945.1	H_pass	pair_0133	pass	99.98	0.45	0.0	0.0	Halobacteriota	15.787804583959964	-46.55960362952499	15.787804583959964	46.55960362952499	10	deepcheck
RS_GCF_000025985.1	H_pass	pair_0005	pass	99.91	0.63	0.0	0.0	Bacteroidota	18.204238624609378	4.850978041004754	18.721539419824218	41.25897358073597	10	deepcheck
RS_GCF_000183185.1	H_pass	pair_0187	pass	99.46	0.07	0.0	0.0	Bacillota	11.23086985725097	-42.774893059216495	17.26627556882324	42.774893059216495	10	deepcheck
RS_GCF_000194745.1	H_pass	pair_0113	pass	100.0	1.74	0.0	0.0	Pseudomonadota	36.800320185058595	9.455973164898683	36.800320185058595	28.082131353656006	10	deepcheck
RS_GCF_000223905.1	H_pass	pair_0145	pass	99.98	0.57	0.0	0.0	Halobacteriota	11.741391188793944	-33.47141294510574	14.058607676440431	33.47141294510574	10	deepcheck
RS_GCF_000239475.1	H_fail	pair_0096	moderate	94.67	0.15	3.3299999999999983	0.0	Spirochaetota	-2.9041518672363282	-39.54366582809372	5.4481997716308594	39.54366582809372	10	deepcheck
RS_GCF_000255195.1	H_fail	pair_0097	mild	100.0	2.05	0.0	0.04999999999999982	Actinomycetota	6.947301472143556	-37.38831306900787	8.450331983569336	37.599151567759705	10	deepcheck
RS_GCF_000282715.1	H_pass	pair_0180	pass	100.0	0.69	0.0	0.0	Actinomycetota	20.077936345117187	-3.6884320676956173	20.081084440625006	12.026850212812807	10	deepcheck
RS_GCF_000294515.1	H_pass	pair_0026	pass	99.99	0.11	0.0	0.0	Actinomycetota	24.902897738623047	-11.941845407641793	25.048699494677734	17.749938599536325	10	deepcheck
RS_GCF_000307105.1	H_pass	pair_0127	pass	100.0	1.56	0.0	0.0	Desulfobacterota	17.104827418676756	-24.27415213403778	17.104827418676756	24.375432496272275	10	deepcheck
RS_GCF_000307165.1	H_pass	pair_0173	pass	99.99	0.07	0.0	0.0	Bacillota	6.927502907519532	-39.55499358159256	9.56060675966797	39.55499358159256	10	deepcheck
RS_GCF_000350205.1	H_pass	pair_0002	pass	100.0	1.06	0.0	0.0	Actinomycetota	10.093172274584962	-21.779043740867426	11.947901084399414	21.78091629893017	10	deepcheck
RS_GCF_000422095.1	H_pass	pair_0090	pass	100.0	0.14	0.0	0.0	Pseudomonadota	12.020033814062497	-31.22800031221619	12.476590588964845	31.22800031221619	10	deepcheck
RS_GCF_000512205.2	H_fail	pair_0098	mild	100.0	2.39	0.0	0.3900000000000001	Pseudomonadota	25.271903137597654	-4.682297872745514	25.632239629199216	17.37935614735489	10	deepcheck
RS_GCF_000626615.2	H_pass	pair_0060	pass	100.0	0.13	0.0	0.0	Bacillota	5.2409650999511745	-33.221754686046594	5.862881247314454	33.221754686046594	10	deepcheck
RS_GCF_000691565.1	H_fail	pair_0099	moderate	100.0	7.83	0.0	5.83	Pseudomonadota	19.30842758701172	-11.02988965612793	19.46880508945313	16.016333993359375	10	deepcheck
RS_GCF_000739085.1	H_pass	pair_0157	pass	99.99	0.35	0.0	0.0	Actinomycetota	35.08566109648437	15.144238694586173	35.08566109648437	42.98026464379272	10	deepcheck
RS_GCF_000764615.1	H_fail	pair_0100	mild	100.0	2.19	0.0	0.18999999999999995	Pseudomonadota	30.855614125390623	-5.956015128181459	30.855614125390623	27.66626865074005	10	deepcheck
RS_GCF_000770495.1	H_fail	pair_0101	mild	100.0	2.09	0.0	0.08999999999999986	Pseudomonadota	30.842799556054683	6.527793399107361	30.908334801074215	21.113188806654357	10	deepcheck
RS_GCF_000786425.1	H_pass	pair_0028	pass	100.0	0.5	0.0	0.0	Pseudomonadota	18.72795647939453	-25.442403646868893	18.72795647939453	30.610431634173587	10	deepcheck
RS_GCF_000807375.1	H_pass	pair_0044	pass	100.0	0.57	0.0	0.0	Bacillota	4.141737268066405	-38.54116898368836	6.237440446875001	38.54116898368836	10	deepcheck
RS_GCF_000831585.1	H_pass	pair_0099	pass	100.0	0.45	0.0	0.0	Pseudomonadota	20.10236950874023	-6.5653073868278495	20.37244243374023	12.648836022960662	10	deepcheck
RS_GCF_000835305.1	H_pass	pair_0050	pass	99.98	0.18	0.0	0.0	Campylobacterota	5.277711278662107	-32.62533436888542	5.8769834344238285	32.62533436888542	10	deepcheck
RS_GCF_000941075.1	H_pass	pair_0183	pass	98.5	0.14	0.0	0.0	Bacillota	8.808074744067378	-43.30896049117031	12.072010036596675	43.30896049117031	10	deepcheck
RS_GCF_000956315.1	H_pass	pair_0086	pass	98.53	0.11	0.0	0.0	Spirochaetota	-4.394038404370116	-32.15758879432335	5.232809309545898	32.15758879432335	10	deepcheck
RS_GCF_000962775.1	H_fail	pair_0102	moderate	95.98	0.29	2.019999999999996	0.0	Spirochaetota	-3.8967831270751914	-44.12755498173828	9.066653982055662	44.12755498173828	10	deepcheck
RS_GCF_000970025.1	H_pass	pair_0103	pass	99.88	0.94	0.0	0.0	Halobacteriota	16.748164655395506	-28.657669405332946	17.62325668205566	28.657669405332946	10	deepcheck
RS_GCF_000970225.1	H_fail	pair_0103	mild	99.99	2.17	0.0	0.16999999999999993	Halobacteriota	16.220974958447265	-34.356705245712284	16.220974958447265	34.356705245712284	10	deepcheck
RS_GCF_001077475.1	H_pass	pair_0015	pass	100.0	0.11	0.0	0.0	Pseudomonadota	25.83274347939453	-22.846653075118255	25.83274347939453	26.691280689669036	10	deepcheck
RS_GCF_001281405.1	H_pass	pair_0104	pass	100.0	0.03	0.0	0.0	Pseudomonadota	5.363957054882809	-33.54591409039345	5.851998741894531	33.54591409039345	10	deepcheck
RS_GCF_001433455.1	H_pass	pair_0170	pass	99.92	0.88	0.0	0.0	Methanobacteriota_B	10.269166623681638	-37.4642783875145	10.497612808251953	37.4642783875145	10	deepcheck
RS_GCF_001441165.1	H_pass	pair_0125	pass	100.0	0.17	0.0	0.0	Actinomycetota	12.009785835668945	-26.424696307125664	13.218667342651367	26.424696307125664	10	deepcheck
RS_GCF_001518895.1	H_pass	pair_0014	pass	100.0	0.39	0.0	0.0	Pseudomonadota	25.14541585561523	-22.480062620990754	25.14541585561523	23.77201137075729	10	deepcheck
RS_GCF_001554055.1	H_pass	pair_0004	pass	98.67	1.14	0.0	0.0	Bacillota	7.566319725756837	-30.754535846240998	11.580061084692385	30.754535846240998	10	deepcheck
RS_GCF_001559035.2	H_fail	pair_0104	mild	100.0	2.71	0.0	0.71	Pseudomonadota	3.713364030908204	-30.967083088676834	4.79237569682617	30.967083088676834	10	deepcheck
RS_GCF_001580455.1	H_pass	pair_0018	pass	100.0	1.03	0.0	0.0	Pseudomonadota	22.47292975703125	-24.88496168574448	22.47292975703125	24.88496168574448	10	deepcheck
RS_GCF_001623645.2	H_pass	pair_0023	pass	100.0	0.25	0.0	0.0	Pseudomonadota	12.115815145166014	-22.362790489614106	12.115815145166014	22.362790489614106	10	deepcheck
RS_GCF_001635935.1	H_pass	pair_0153	pass	99.99	0.06	0.0	0.0	Bacillota	2.0503583609375013	-41.67872481179047	3.5536443575195293	41.67872481179047	10	deepcheck
RS_GCF_001639125.1	H_pass	pair_0081	pass	99.38	0.06	0.0	0.0	Campylobacterota	3.1053903001953116	-39.268462394742585	6.162565220800782	39.268462394742585	10	deepcheck
RS_GCF_001650295.1	H_fail	pair_0105	mild	100.0	2.06	0.0	0.06000000000000005	Pseudomonadota	22.75844796015625	-18.533637771076965	22.75844796015625	24.20170686443634	10	deepcheck
RS_GCF_001677515.1	H_pass	pair_0008	pass	100.0	0.06	0.0	0.0	Pseudomonadota	26.515306138427736	-31.46206514878292	26.515306138427736	31.46206514878292	10	deepcheck
RS_GCF_001680025.1	H_pass	pair_0095	pass	100.0	0.51	0.0	0.0	Pseudomonadota	19.468601903442384	-1.5360311522357946	20.307836380004883	23.93332323827095	10	deepcheck
RS_GCF_001717955.1	H_pass	pair_0098	pass	100.0	0.58	0.0	0.0	Pseudomonadota	17.78753773059082	-13.833873574901393	17.78753773059082	26.483531487010765	10	deepcheck
RS_GCF_001831455.1	H_fail	pair_0106	mild	99.87	3.06	0.0	1.06	Pseudomonadota	21.275412355444335	-22.056015849597166	21.275412355444335	25.46823452528076	10	deepcheck
RS_GCF_001941785.1	H_pass	pair_0124	pass	99.87	0.74	0.0	0.0	Bacillota	9.857199692822265	-38.12644435776863	10.150329743115234	38.12644435776863	10	deepcheck
RS_GCF_001941975.2	H_pass	pair_0116	pass	99.99	1.17	0.0	0.0	Bacillota	13.325525221386721	24.48824113075867	13.85767854169922	51.877520958773815	10	deepcheck
RS_GCF_001975005.1	H_pass	pair_0065	pass	100.0	0.56	0.0	0.0	Bacillota	11.256126790551757	-29.62505352530842	13.057411169702146	29.62505352530842	10	deepcheck
RS_GCF_002006355.2	H_fail	pair_0107	mild	100.0	3.05	0.0	1.0499999999999998	Bacillota	21.724593104296876	-18.252405560321044	21.724593104296876	27.325788841656493	10	deepcheck
RS_GCF_002007625.1	H_fail	pair_0108	mild	100.0	3.93	0.0	1.9300000000000002	Bacillota	5.969477739111328	-35.28698420443649	7.379861226708984	35.28698420443649	10	deepcheck
RS_GCF_002055515.1	H_fail	pair_0109	mild	100.0	3.45	0.0	1.4500000000000002	Pseudomonadota	17.75804657026367	-26.619585427079773	17.75804657026367	26.619585427079773	10	deepcheck
RS_GCF_002057455.1	H_pass	pair_0148	pass	100.0	1.77	0.0	0.0	Actinomycetota	43.62375071518555	59.51273116161499	43.62375071518555	63.81705373952027	10	deepcheck
RS_GCF_002073595.2	H_fail	pair_0110	mild	100.0	2.36	0.0	0.3599999999999999	Pseudomonadota	6.414974753344728	-29.077854499003603	6.563711325610353	29.077854499003603	10	deepcheck
RS_GCF_002095995.1	H_fail	pair_0111	mild	97.15	0.11	0.8499999999999943	0.0	Bacillota	0.1070981100097633	-38.50810690598736	2.5182460580566364	38.50810690598736	10	deepcheck
RS_GCF_002096015.1	H_pass	pair_0111	pass	98.35	0.11	0.0	0.0	Bacillota	2.8986204166259726	-42.5898300500906	9.669634204760738	42.5898300500906	10	deepcheck
RS_GCF_002111265.1	H_pass	pair_0101	pass	100.0	1.53	0.0	0.0	Pseudomonadota	23.533457793310546	32.84779077419585	23.533457793310546	42.74203971261138	10	deepcheck
RS_GCF_002151485.1	H_fail	pair_0112	mild	96.59	0.19	1.4099999999999966	0.0	Spirochaetota	-7.391236143823238	-45.08413885570431	8.00617685632324	45.08413885570431	10	deepcheck
RS_GCF_002156705.1	H_pass	pair_0159	pass	99.84	0.46	0.0	0.0	Halobacteriota	12.205109693896484	-30.051047206095888	12.76765462807617	30.051047206095888	10	deepcheck
RS_GCF_002197305.1	H_pass	pair_0077	pass	100.0	0.11	0.0	0.0	Bacillota	9.47862810444336	-32.86874149746818	10.37960927006836	32.86874149746818	10	deepcheck
RS_GCF_002208115.1	H_pass	pair_0161	pass	100.0	0.34	0.0	0.0	Bdellovibrionota	15.84552320456543	-26.3964820217186	16.120472850561526	26.4740588435524	10	deepcheck
RS_GCF_002208175.1	H_fail	pair_0113	mild	100.0	3.54	0.0	1.54	Pseudomonadota	31.773995123583983	30.446621836910243	31.773995123583983	49.88392590859756	10	deepcheck
RS_GCF_002214445.1	H_fail	pair_0114	mild	96.2	0.05	1.7999999999999972	0.0	Bacillota	3.085743577539062	-35.38466029362793	8.827146059179686	35.38466029362793	10	deepcheck
RS_GCF_002234575.2	H_fail	pair_0115	moderate	99.99	4.39	0.0	2.3899999999999997	Bacillota	25.957811545019535	-23.629338619106676	25.957811545019535	28.88421064576683	10	deepcheck
RS_GCF_002257695.2	H_fail	pair_0116	moderate	100.0	6.45	0.0	4.45	Bacillota	20.52343330581055	37.61606787468567	20.52343330581055	40.48932921969299	10	deepcheck
RS_GCF_002355275.1	H_pass	pair_0142	pass	100.0	0.54	0.0	0.0	Pseudomonadota	21.39832760136719	-3.4310325444778433	21.620931971484374	17.745543846549985	10	deepcheck
RS_GCF_002507865.2	H_pass	pair_0094	pass	100.0	0.16	0.0	0.0	Pseudomonadota	17.06362815439453	-25.64585553859863	17.06362815439453	25.64585553859863	10	deepcheck
RS_GCF_002576835.1	H_pass	pair_0024	pass	100.0	0.5	0.0	0.0	Bacillota	16.73594412314453	-19.870048798632812	16.73594412314453	23.16079018271484	10	deepcheck
RS_GCF_002741805.2	H_pass	pair_0102	pass	98.16	0.29	0.0	0.0	Spirochaetota	-6.749469390039062	-43.391071239781766	9.876549750195313	43.391071239781766	10	deepcheck
RS_GCF_002741845.3	H_pass	pair_0096	pass	98.0	0.26	0.0	0.0	Spirochaetota	0.7654575711914042	-34.886176535910415	10.983954347119141	34.886176535910415	10	deepcheck
RS_GCF_002760995.1	H_pass	pair_0051	pass	100.0	0.12	0.0	0.0	Pseudomonadota	14.828627608569334	-31.61630417116699	15.072945628637694	31.644291655131532	10	deepcheck
RS_GCF_003030165.1	H_pass	pair_0052	pass	99.99	0.62	0.0	0.0	Bacillota	9.559986256445317	-36.551151569830324	9.645122670019536	36.551151569830324	10	deepcheck
RS_GCF_003073695.1	H_fail	pair_0117	mild	100.0	2.91	0.0	0.9100000000000001	Pseudomonadota	30.41938095546875	1.3343058777343746	30.41938095546875	39.2353593953125	10	deepcheck
RS_GCF_003074755.2	H_pass	pair_0039	pass	100.0	0.61	0.0	0.0	Pseudomonadota	16.251314524267578	-25.310611712323002	16.357271555517578	25.310611712323002	10	deepcheck
RS_GCF_003193685.1	H_pass	pair_0062	pass	100.0	0.25	0.0	0.0	Bacillota	13.417677953662107	-41.54657875642395	13.417677953662107	41.54657875642395	10	deepcheck
RS_GCF_003194005.1	H_pass	pair_0064	pass	100.0	0.68	0.0	0.0	Bacillota	9.136739709960935	-45.426611024548336	9.30543935595703	45.426611024548336	10	deepcheck
RS_GCF_003354265.1	H_pass	pair_0138	pass	99.81	0.94	0.0	0.0	Bacillota	1.6348319333007795	-46.053616175004194	14.472381711035151	46.053616175004194	10	deepcheck
RS_GCF_003355435.1	H_pass	pair_0110	pass	100.0	0.02	0.0	0.0	Pseudomonadota	8.448960019555667	-29.497521417760275	8.448960019555667	29.497521417760275	10	deepcheck
RS_GCF_003429525.1	H_pass	pair_0031	pass	99.99	0.17	0.0	0.0	Spirochaetota	15.384558689672854	-24.408160611006927	15.384558689672854	24.408160611006927	10	deepcheck
RS_GCF_003595585.1	H_pass	pair_0007	pass	100.0	0.14	0.0	0.0	Pseudomonadota	24.148180216357424	-35.87588002360229	24.148180216357424	35.87588002360229	10	deepcheck
RS_GCF_003668795.1	H_pass	pair_0143	pass	100.0	0.17	0.0	0.0	Pseudomonadota	18.58831378837891	-17.05854679305935	18.58831378837891	25.82325922001247	10	deepcheck
RS_GCF_003697265.1	H_pass	pair_0130	pass	100.0	0.65	0.0	0.0	Pseudomonadota	26.16129636337891	-7.991519904095459	26.16129636337891	19.17877893822632	10	deepcheck
RS_GCF_003815755.1	H_pass	pair_0193	pass	100.0	0.17	0.0	0.0	Bacteroidota	20.91130022260742	-24.812740037957763	20.91130022260742	24.979889057049558	10	deepcheck
RS_GCF_003939355.2	H_pass	pair_0037	pass	100.0	0.0	0.0	0.0	Pseudomonadota	15.10786743901367	-18.675197313732912	15.616933379052734	26.441286002990722	10	deepcheck
RS_GCF_003957785.1	H_fail	pair_0118	mild	100.0	2.29	0.0	0.29000000000000004	Bacillota	10.541470220947264	-41.36164252340851	11.41807922602539	41.36164252340851	10	deepcheck
RS_GCF_003991565.1	H_fail	pair_0119	moderate	99.99	4.9	0.0	2.9000000000000004	Bacteroidota	21.403284352441407	-28.40042412300415	21.551326649804686	28.40042412300415	10	deepcheck
RS_GCF_004026165.1	H_pass	pair_0067	pass	100.0	0.2	0.0	0.0	Bacillota	13.865842265576173	-52.0904398486784	14.064671916455078	52.0904398486784	10	deepcheck
RS_GCF_004103735.1	H_pass	pair_0128	pass	98.3	0.81	0.0	0.0	Bacillota	14.285993686914065	-35.75907144113159	14.71864444375	35.75907144113159	10	deepcheck
RS_GCF_004117095.1	H_fail	pair_0120	mild	98.53	2.03	0.0	0.029999999999999805	Bacillota	25.22442532734375	-25.718348743557357	26.060506157421873	25.718348743557357	10	deepcheck
RS_GCF_004136115.1	H_pass	pair_0079	pass	100.0	0.11	0.0	0.0	Pseudomonadota	21.916016996533205	-26.758657304641723	21.916016996533205	26.758657304641723	10	deepcheck
RS_GCF_004353465.2	H_pass	pair_0112	pass	98.56	0.37	0.0	0.0	Spirochaetota	-2.9805420109619147	-42.163914432573506	12.399039220434572	42.163914432573506	10	deepcheck
RS_GCF_004768725.1	H_pass	pair_0186	pass	99.49	0.11	0.0	0.0	Bacillota	2.909763851953124	-36.253613304699705	8.37325083349609	36.253613304699705	10	deepcheck
RS_GCF_004847745.1	H_pass	pair_0000	pass	100.0	0.15	0.0	0.0	Pseudomonadota	15.967410407666012	-22.061925176250078	15.967410407666012	22.061925176250078	10	deepcheck
RS_GCF_005221345.1	H_fail	pair_0121	moderate	100.0	4.36	0.0	2.3600000000000003	Pseudomonadota	26.765106423266598	7.956011820490741	28.061557751245118	33.42931788112058	10	deepcheck
RS_GCF_005706655.1	H_pass	pair_0140	pass	99.89	0.63	0.0	0.0	Bacteroidota	16.155492997900392	-13.403755121236037	16.641869595849606	13.734471980635451	10	deepcheck
RS_GCF_005890135.1	H_pass	pair_0194	pass	100.0	1.27	0.0	0.0	Actinomycetota	9.876622265429685	-27.90007106616058	10.87047449931641	27.90007106616058	10	deepcheck
RS_GCF_006337085.1	H_fail	pair_0122	mild	97.66	1.68	0.3400000000000034	0.0	Pseudomonadota	13.551740449267575	-34.455417405321505	13.5922686418457	44.44571616235275	10	deepcheck
RS_GCF_006874765.1	H_pass	pair_0197	pass	100.0	0.2	0.0	0.0	Spirochaetota	22.13884274311523	-31.272886635723875	22.13884274311523	31.272886635723875	10	deepcheck
RS_GCF_006971785.1	H_pass	pair_0117	pass	100.0	1.31	0.0	0.0	Pseudomonadota	30.904943883593752	0.4459122008605945	30.904943883593752	32.092999262030034	10	deepcheck
RS_GCF_007855275.1	H_pass	pair_0188	pass	100.0	0.28	0.0	0.0	Actinomycetota	15.924309045849611	-44.68809271968994	15.924309045849611	44.68809271968994	10	deepcheck
RS_GCF_007923785.2	H_pass	pair_0083	pass	100.0	0.08	0.0	0.0	Bacillota	7.651116898339843	-34.25224831516027	8.050055311035155	34.25224831516027	10	deepcheck
RS_GCF_008254045.1	H_fail	pair_0123	moderate	94.31	1.61	3.6899999999999977	0.0	Planctomycetota	35.016371255175784	42.83580173527222	35.016371255175784	53.54680708914185	10	deepcheck
RS_GCF_008329885.1	H_pass	pair_0066	pass	100.0	0.14	0.0	0.0	Bacillota	6.650028905200196	-41.76678988905258	8.624712018041993	41.76678988905258	10	deepcheck
RS_GCF_008728455.1	H_pass	pair_0033	pass	100.0	1.92	0.0	0.0	Bacillota	14.216464966064455	-43.962543187462614	14.346185093798832	43.962543187462614	10	deepcheck
RS_GCF_008802915.1	H_fail	pair_0124	moderate	99.99	5.6	0.0	3.5999999999999996	Bacillota	8.474353226611328	-35.410671912675475	9.288464611083985	35.410671912675475	10	deepcheck
RS_GCF_009176665.1	H_pass	pair_0136	pass	100.0	1.39	0.0	0.0	Pseudomonadota	34.125402913867184	2.1285027867675774	34.125402913867184	32.31142682895508	10	deepcheck
RS_GCF_009497895.1	H_pass	pair_0072	pass	99.98	0.48	0.0	0.0	Pseudomonadota	24.27148463222656	-30.516262271447754	24.27148463222656	30.516262271447754	10	deepcheck
RS_GCF_009646095.1	H_fail	pair_0125	mild	100.0	2.32	0.0	0.31999999999999984	Actinomycetota	16.023449915722658	-28.337711048332597	16.357292383984376	28.337711048332597	10	deepcheck
RS_GCF_009662475.1	H_fail	pair_0126	mild	100.0	2.32	0.0	0.31999999999999984	Pseudomonadota	20.81918327426758	-35.63056349611206	20.81918327426758	35.63056349611206	10	deepcheck
RS_GCF_009688985.1	H_fail	pair_0127	moderate	99.69	8.78	0.0	6.779999999999999	Desulfobacterota	28.598433374560546	17.55463509586334	28.598433374560546	36.80233616360931	10	deepcheck
RS_GCF_009873455.1	H_pass	pair_0045	pass	99.99	0.05	0.0	0.0	Bacillota	10.481150632128905	-30.113545899300004	12.199542012792968	31.384510172591018	10	deepcheck
RS_GCF_009905195.1	H_pass	pair_0032	pass	100.0	0.13	0.0	0.0	Pseudomonadota	19.745106807666012	-15.075700291237641	20.353274035888667	18.986800280202484	10	deepcheck
RS_GCF_009912715.1	H_pass	pair_0071	pass	100.0	0.74	0.0	0.0	Bacillota	14.834953983789063	-30.71805269440994	15.037766178613282	30.71805269440994	10	deepcheck
RS_GCF_010669305.1	H_fail	pair_0128	moderate	95.16	0.89	2.8400000000000034	0.0	Bacillota	12.94120666687012	-35.68609692521362	12.94120666687012	35.68609692521362	10	deepcheck
RS_GCF_011068365.1	H_pass	pair_0152	pass	100.0	1.93	0.0	0.0	Pseudomonadota	21.98032899677734	-25.796088429956058	21.98032899677734	25.796088429956058	10	deepcheck
RS_GCF_011801225.1	H_fail	pair_0129	moderate	94.99	0.7	3.010000000000005	0.0	Actinomycetota	13.095628156152344	-28.15659680436554	14.893514421777343	28.15659680436554	10	deepcheck
RS_GCF_012974105.1	H_pass	pair_0040	pass	100.0	0.01	0.0	0.0	Pseudomonadota	6.035378672094727	-25.022420682057952	6.035378672094727	25.022420682057952	10	deepcheck
RS_GCF_013001025.1	H_fail	pair_0130	mild	100.0	3.16	0.0	1.1600000000000001	Pseudomonadota	31.228698168457033	-13.715380025485228	31.228698168457033	23.011352956930544	10	deepcheck
RS_GCF_013112015.1	H_pass	pair_0115	pass	100.0	1.05	0.0	0.0	Bacillota	18.010585804882812	-22.570935224575805	18.19669572919922	32.971725346255496	10	deepcheck
RS_GCF_013285285.1	H_fail	pair_0131	mild	100.0	2.53	0.0	0.5299999999999998	Pseudomonadota	15.421497965771485	-28.47997996814575	15.421497965771485	28.618678759307862	10	deepcheck
RS_GCF_013318015.2	H_pass	pair_0121	pass	100.0	0.85	0.0	0.0	Pseudomonadota	30.338177154003905	-8.39713072253418	30.338177154003905	21.44161054440918	10	deepcheck
RS_GCF_013368775.1	H_fail	pair_0132	moderate	99.99	5.92	0.0	3.92	Bacillota	17.90714755751953	-38.02219853510437	17.90714755751953	38.02219853510437	10	deepcheck
RS_GCF_013373555.1	H_pass	pair_0131	pass	100.0	0.49	0.0	0.0	Pseudomonadota	8.81577624399414	-28.216573930948254	10.339202137841799	28.216573930948254	10	deepcheck
RS_GCF_013391085.1	H_fail	pair_0133	mild	99.88	2.03	0.0	0.029999999999999805	Halobacteriota	17.713731921240235	-40.91580127733307	17.713731921240235	40.91580127733307	10	deepcheck
RS_GCF_013415885.1	H_pass	pair_0151	pass	100.0	1.08	0.0	0.0	Halobacteriota	12.802093460546876	-30.473602446824266	12.832635685156252	30.473602446824266	10	deepcheck
RS_GCF_013462805.1	H_pass	pair_0126	pass	99.99	1.86	0.0	0.0	Pseudomonadota	15.652973347998051	-39.20715040720825	15.652973347998051	39.20715040720825	10	deepcheck
RS_GCF_013736155.1	H_pass	pair_0100	pass	100.0	1.58	0.0	0.0	Pseudomonadota	25.283035200878903	-28.036974856097412	25.283035200878903	28.036974856097412	10	deepcheck
RS_GCF_014058445.2	H_pass	pair_0012	pass	100.0	0.38	0.0	0.0	Pseudomonadota	19.921084481982426	-16.591468926867005	20.04172092485352	22.58898690206232	10	deepcheck
RS_GCF_014679145.1	H_fail	pair_0134	mild	99.99	3.31	0.0	1.31	Bacillota	13.37111291533203	-21.063124381650546	13.401215234277345	21.063124381650546	10	deepcheck
RS_GCF_014900835.1	H_pass	pair_0001	pass	100.0	0.5	0.0	0.0	Actinomycetota	21.57800546694336	-26.66877226581421	21.96637855180664	26.66877226581421	10	deepcheck
RS_GCF_014905115.1	H_pass	pair_0141	pass	99.99	1.9	0.0	0.0	Campylobacterota	13.869255452246097	-36.99991110361462	13.869255452246097	36.99991110361462	10	deepcheck
RS_GCF_015220695.1	H_fail	pair_0135	mild	100.0	3.54	0.0	1.54	Bacillota	5.754518017626951	-47.882210041890716	6.223792943603514	48.00812341874161	10	deepcheck
RS_GCF_015241115.1	H_pass	pair_0091	pass	100.0	0.19	0.0	0.0	Pseudomonadota	21.644730839501957	-22.519077037399292	21.644730839501957	27.29037063544617	10	deepcheck
RS_GCF_015291685.1	H_fail	pair_0136	moderate	100.0	4.44	0.0	2.4400000000000004	Pseudomonadota	33.716166763525386	10.568810018896482	33.716166763525386	31.847344384423828	10	deepcheck
RS_GCF_015910325.1	H_fail	pair_0137	mild	100.0	2.05	0.0	0.04999999999999982	Pseudomonadota	21.81976641796875	-19.739898600079346	21.81976641796875	23.78506827420044	10	deepcheck
RS_GCF_016027575.1	H_pass	pair_0003	pass	100.0	0.02	0.0	0.0	Bacillota	17.7151216722168	-5.057630347696688	17.7151216722168	31.980064491548916	10	deepcheck
RS_GCF_016117655.1	H_pass	pair_0164	pass	99.96	1.74	0.0	0.0	Spirochaetota	8.866087962500002	-19.492433357005883	9.426093338867187	19.699449642904472	10	deepcheck
RS_GCF_016452265.2	H_fail	pair_0138	moderate	99.37	7.97	0.0	5.97	Bacillota	0.9198491531738284	-42.721895163735965	8.458959239794922	42.721895163735965	10	deepcheck
RS_GCF_016638705.1	H_fail	pair_0139	moderate	96.18	5.0	1.8199999999999932	3.0	Bacillota	7.9270821971435526	-33.05690704268952	8.315162344750975	33.05690704268952	10	deepcheck
RS_GCF_016767115.1	H_pass	pair_0175	pass	99.9	0.78	0.0	0.0	Bacillota	13.444487804199218	-37.293079513066864	13.447196800976561	37.293079513066864	10	deepcheck
RS_GCF_016772315.1	H_pass	pair_0174	pass	100.0	1.57	0.0	0.0	Pseudomonadota	19.78546722988281	-25.06345544305725	19.78546722988281	25.117166136825563	10	deepcheck
RS_GCF_016889065.1	H_pass	pair_0177	pass	100.0	1.98	0.0	0.0	Bacteroidota	19.494591313916015	-11.141845061749269	19.571939641552735	31.30705758635864	10	deepcheck
RS_GCF_016889925.1	H_fail	pair_0140	mild	99.98	2.99	0.0	0.9900000000000002	Bacteroidota	16.287364037158206	-15.006275258853147	17.08308134584961	16.30476031041565	10	deepcheck
RS_GCF_016903135.1	H_pass	pair_0038	pass	100.0	0.21	0.0	0.0	Pseudomonadota	22.189609214990234	-19.70255705313339	22.189609214990234	23.59595843653183	10	deepcheck
RS_GCF_017357825.1	H_fail	pair_0141	moderate	99.99	4.22	0.0	2.2199999999999998	Campylobacterota	10.849393491992188	-37.56428432934799	11.496167901464844	37.56428432934799	10	deepcheck
RS_GCF_017607425.1	H_fail	pair_0142	moderate	100.0	4.1	0.0	2.0999999999999996	Pseudomonadota	19.568405250732425	4.66062587208328	19.568405250732425	31.360694908385465	10	deepcheck
RS_GCF_017638925.1	H_fail	pair_0143	mild	99.84	2.15	0.0	0.1499999999999999	Pseudomonadota	15.776713255273439	-23.390409800953677	15.776713255273439	23.4091987403183	10	deepcheck
RS_GCF_017815695.1	H_fail	pair_0144	mild	100.0	2.58	0.0	0.5800000000000001	Bacillota	4.361740654736325	-37.53285133140325	7.591950649951171	37.648572638371185	10	deepcheck
RS_GCF_017815775.1	H_pass	pair_0075	pass	100.0	0.4	0.0	0.0	Pseudomonadota	17.047972301562503	-27.585199240887455	17.047972301562503	27.585199240887455	10	deepcheck
RS_GCF_018200015.1	H_fail	pair_0145	mild	99.99	2.15	0.0	0.1499999999999999	Halobacteriota	19.80706568100586	-25.00336095215149	19.869585517431638	25.00336095215149	10	deepcheck
RS_GCF_018200035.1	H_fail	pair_0146	mild	96.19	0.54	1.8100000000000023	0.0	Pseudomonadota	16.351358916894533	-23.152133387685872	18.68536651855469	27.39477268065462	10	deepcheck
RS_GCF_018336815.1	H_fail	pair_0147	moderate	95.97	5.03	2.030000000000001	3.0300000000000002	Spirochaetota	16.979653437988283	-39.38697631981354	18.54792431201172	39.38697631981354	10	deepcheck
RS_GCF_019669245.1	H_pass	pair_0135	pass	100.0	0.15	0.0	0.0	Bacillota	9.334738338525387	-50.20029359293404	9.482147396142578	50.20029359293404	10	deepcheck
RS_GCF_019679435.2	H_pass	pair_0178	pass	100.0	0.21	0.0	0.0	Verrucomicrobiota	19.168222773339842	-22.76802951864014	19.168222773339842	22.76802951864014	10	deepcheck
RS_GCF_020215645.1	H_fail	pair_0148	mild	100.0	2.88	0.0	0.8799999999999999	Actinomycetota	36.067914291748046	33.922813605317685	36.067914291748046	48.95207903882293	10	deepcheck
RS_GCF_020215665.1	H_fail	pair_0149	mild	100.0	3.89	0.0	1.8900000000000001	Bacillota	14.932169629443356	-20.42478362928772	14.932169629443356	20.512469609988404	10	deepcheck
RS_GCF_020388235.1	H_pass	pair_0068	pass	100.0	0.36	0.0	0.0	Bacillota	9.196805571923829	-37.09881071852341	9.528536515966795	37.09881071852341	10	deepcheck
RS_GCF_020405385.1	H_pass	pair_0011	pass	100.0	0.29	0.0	0.0	Pseudomonadota	21.66258706943359	-32.96588330907364	21.66258706943359	32.96588330907364	10	deepcheck
RS_GCF_020524035.2	H_fail	pair_0150	mild	98.87	2.17	0.0	0.16999999999999993	Bacillota	8.289875240429684	-40.410105577568814	9.865888580859373	40.410105577568814	10	deepcheck
RS_GCF_020546685.1	H_pass	pair_0029	pass	99.96	0.0	0.0	0.0	Deinococcota	15.82759248933105	-39.165575064819336	15.82759248933105	39.165575064819336	10	deepcheck
RS_GCF_020700235.1	H_fail	pair_0151	severe	99.99	15.06	0.0	13.06	Halobacteriota	21.177275955615237	-26.261528722621915	21.177275955615237	27.047441657259366	10	deepcheck
RS_GCF_020736585.1	H_pass	pair_0035	pass	100.0	1.8	0.0	0.0	Bacillota	9.359433036694337	-26.532613224909404	11.002787533911135	26.532613224909404	10	deepcheck
RS_GCF_020736625.1	H_pass	pair_0195	pass	100.0	1.85	0.0	0.0	Bacillota	13.598170887158204	-27.088811895101166	13.745001636669922	27.088811895101166	10	deepcheck
RS_GCF_020906545.1	H_fail	pair_0152	mild	100.0	2.16	0.0	0.16000000000000014	Pseudomonadota	21.946769334179685	-22.49328209563751	21.946769334179685	24.720993223908994	10	deepcheck
RS_GCF_021165815.1	H_pass	pair_0172	pass	100.0	0.4	0.0	0.0	Pseudomonadota	16.79877117600098	-16.68072946419487	16.79877117600098	27.33331683548393	10	deepcheck
RS_GCF_021165835.1	H_pass	pair_0109	pass	100.0	0.67	0.0	0.0	Pseudomonadota	15.862127339111325	-28.55416076641846	15.862127339111325	28.55416076641846	10	deepcheck
RS_GCF_021497965.1	H_fail	pair_0153	moderate	93.06	0.01	4.939999999999998	0.0	Bacillota	1.999166260888672	-39.03068570500106	6.895330036425781	39.03068570500106	10	deepcheck
RS_GCF_021654615.1	H_pass	pair_0150	pass	100.0	0.02	0.0	0.0	Bacillota	20.0525661121582	-22.78185341614113	20.0525661121582	35.182738588504414	10	deepcheck
RS_GCF_021922985.1	H_pass	pair_0080	pass	100.0	1.1	0.0	0.0	Actinomycetota	8.435294342333984	-34.06200749945374	8.489764613330077	34.06200749945374	10	deepcheck
RS_GCF_021952865.1	H_pass	pair_0129	pass	100.0	0.07	0.0	0.0	Actinomycetota	8.7453857597168	-36.46267960906677	8.8625244315918	36.46267960906677	10	deepcheck
RS_GCF_022788675.1	H_pass	pair_0146	pass	100.0	0.03	0.0	0.0	Pseudomonadota	22.96501372998047	-29.806976528549956	23.11251415283203	29.806976528549956	10	deepcheck
RS_GCF_022870965.1	H_fail	pair_0154	mild	99.98	3.17	0.0	1.17	Pseudomonadota	11.155929766992188	-32.70825423448487	11.155929766992188	32.70825423448487	10	deepcheck
RS_GCF_022919835.1	H_fail	pair_0155	moderate	100.0	4.07	0.0	2.0700000000000003	Bacillota	21.709700803906248	-34.416247680236815	21.709700803906248	34.416247680236815	10	deepcheck
RS_GCF_022921115.1	H_pass	pair_0155	pass	99.98	0.66	0.0	0.0	Bacillota	21.476995481249993	-31.432303188591003	21.476995481249993	31.432303188591003	10	deepcheck
RS_GCF_023028345.1	H_fail	pair_0156	moderate	99.99	7.04	0.0	5.04	Halobacteriota	15.1624455734375	-37.375981394787594	15.1624455734375	37.375981394787594	10	deepcheck
RS_GCF_023347705.1	H_pass	pair_0196	pass	99.81	0.21	0.0	0.0	Bacillota	2.4332550511230444	-29.179712878119084	3.8272705540527348	29.179712878119084	10	deepcheck
RS_GCF_023376025.1	H_fail	pair_0157	mild	97.52	0.0	0.480000000000004	0.0	Actinomycetota	34.8242688765625	2.1375662291503916	34.8242688765625	38.987673662646486	10	deepcheck
RS_GCF_023658035.1	H_fail	pair_0158	mild	100.0	2.92	0.0	0.9199999999999999	Bacillota	11.332199734033205	-34.25684583439836	11.723606491943361	34.25684583439836	10	deepcheck
RS_GCF_023973145.1	H_fail	pair_0159	mild	97.82	0.0	0.18000000000000682	0.0	Halobacteriota	14.13484346879883	-27.363783971690943	14.13484346879883	27.363783971690943	10	deepcheck
RS_GCF_024181125.1	H_pass	pair_0147	pass	99.56	1.2	0.0	0.0	Spirochaetota	10.99124394230957	-42.23394336988068	10.99124394230957	42.23394336988068	10	deepcheck
RS_GCF_024227995.1	H_fail	pair_0160	moderate	99.95	5.04	0.0	3.04	Halobacteriota	9.303481504956054	-34.22040252214585	11.86030299855957	34.22040252214585	10	deepcheck
RS_GCF_024266185.1	H_pass	pair_0006	pass	100.0	0.23	0.0	0.0	Pseudomonadota	16.905345444287114	-25.435207036334226	16.905345444287114	25.435207036334226	10	deepcheck
RS_GCF_024722295.1	H_pass	pair_0027	pass	99.99	0.25	0.0	0.0	Spirochaetota	15.247106288134768	-25.246227730107115	15.248291896044924	25.246227730107115	10	deepcheck
RS_GCF_024800505.1	H_pass	pair_0022	pass	99.99	0.12	0.0	0.0	Pseudomonadota	17.351060924829103	-14.238191840358734	17.397249448706056	24.945150102468112	10	deepcheck
RS_GCF_024925305.1	H_pass	pair_0076	pass	100.0	0.06	0.0	0.0	Actinomycetota	18.950344281323243	-31.874577847526552	18.950344281323243	31.874577847526552	10	deepcheck
RS_GCF_025148635.1	H_pass	pair_0119	pass	100.0	2.0	0.0	0.0	Bacteroidota	23.711749051318357	-24.769349342926027	23.711749051318357	26.966648500250244	10	deepcheck
RS_GCF_025200905.1	H_pass	pair_0190	pass	100.0	0.3	0.0	0.0	Pseudomonadota	45.264601593310545	7.845139385498048	45.264601593310545	36.93538774916992	10	deepcheck
RS_GCF_025558485.1	H_fail	pair_0161	moderate	90.97	0.29	7.030000000000001	0.0	Bdellovibrionota	13.317323050415041	-29.9916320803154	15.062419795581059	30.13551441498795	10	deepcheck
RS_GCF_025905525.1	H_pass	pair_0165	pass	99.72	0.48	0.0	0.0	Spirochaetota	7.847862391699221	-33.57915751400757	8.971172003808595	33.57915751400757	10	deepcheck
RS_GCF_026062495.1	H_fail	pair_0162	mild	100.0	3.5	0.0	1.5	Actinomycetota	35.601695052929685	26.3586633998352	35.601695052929685	43.77130802047729	10	deepcheck
RS_GCF_026639235.1	H_fail	pair_0163	mild	100.0	2.22	0.0	0.2200000000000002	Pseudomonadota	22.052419233691403	-29.425579285922243	22.052419233691403	29.425579285922243	10	deepcheck
RS_GCF_027285985.1	H_fail	pair_0164	mild	97.91	0.26	0.09000000000000341	0.0	Spirochaetota	-8.219008505932617	-24.931060517452146	9.670229484155273	24.931060517452146	10	deepcheck
RS_GCF_027286205.1	H_fail	pair_0165	mild	97.99	0.12	0.010000000000005116	0.0	Spirochaetota	-0.8191475193115231	-41.044591847758674	8.71398722536621	41.044591847758674	10	deepcheck
RS_GCF_027474845.2	H_fail	pair_0166	mild	97.57	0.07	0.4300000000000068	0.0	Bacteroidota	9.881133254418947	-33.411969117404176	10.391027264624023	33.411969117404176	10	deepcheck
RS_GCF_027942255.1	H_pass	pair_0070	pass	100.0	0.21	0.0	0.0	Bacillota	4.960922726586916	-30.738872207624627	6.3492009470459	30.738872207624627	10	deepcheck
RS_GCF_028743755.1	H_fail	pair_0167	moderate	100.0	4.28	0.0	2.2800000000000002	Pseudomonadota	24.395203809863283	-12.43515345942383	24.395203809863283	31.1519094015625	10	deepcheck
RS_GCF_028884855.1	H_pass	pair_0073	pass	100.0	0.36	0.0	0.0	Bacillota	-0.44510676665039456	-34.0129817395525	4.9658539891113325	34.0129817395525	10	deepcheck
RS_GCF_029225785.1	H_pass	pair_0160	pass	99.51	1.36	0.0	0.0	Halobacteriota	4.1166797896484395	-32.60402651866379	11.649169463769532	32.60402651866379	10	deepcheck
RS_GCF_029674645.1	H_pass	pair_0105	pass	100.0	0.47	0.0	0.0	Pseudomonadota	23.566095793212888	-27.36866717956238	23.566095793212888	27.36866717956238	10	deepcheck
RS_GCF_029714165.1	H_pass	pair_0009	pass	100.0	0.2	0.0	0.0	Pseudomonadota	17.937371235644527	-27.017307665251156	18.131748371874995	27.737522945133968	10	deepcheck
RS_GCF_029854295.1	H_pass	pair_0184	pass	99.92	0.68	0.0	0.0	Bacillota	8.855251190966797	-52.42749141432419	10.03076496567383	52.42749141432419	10	deepcheck
RS_GCF_029909475.1	H_fail	pair_0168	moderate	100.0	5.03	0.0	3.0300000000000002	Pseudomonadota	7.735028742236326	-13.040696888771055	7.953702448291014	13.719181713276672	10	deepcheck
RS_GCF_030038915.1	H_pass	pair_0167	pass	100.0	1.06	0.0	0.0	Pseudomonadota	22.54888556401367	-26.43539944202347	22.54888556401367	26.682659401007847	10	deepcheck
RS_GCF_030064045.1	H_pass	pair_0061	pass	100.0	0.56	0.0	0.0	Bacillota	15.877751923535158	-42.72476612402649	15.877751923535158	42.72476612402649	10	deepcheck
RS_GCF_030123245.1	H_pass	pair_0139	pass	100.0	1.15	0.0	0.0	Bacillota	11.560351479687498	-22.651596566725157	12.170129950097655	22.651596566725157	10	deepcheck
RS_GCF_030271855.1	H_pass	pair_0016	pass	100.0	0.65	0.0	0.0	Pseudomonadota	19.53208894018555	-15.472176813109588	19.53208894018555	15.647683773943328	10	deepcheck
RS_GCF_030291635.1	H_fail	pair_0169	mild	100.0	2.25	0.0	0.25	Pseudomonadota	26.551222301953125	-7.26034305823517	27.839143110644535	20.659666253868103	10	deepcheck
RS_GCF_030295805.1	H_pass	pair_0041	pass	100.0	0.21	0.0	0.0	Bacillota	11.54755205029297	-46.92563687707167	12.413050402343751	46.92563687707167	10	deepcheck
RS_GCF_030296715.1	H_fail	pair_0170	moderate	94.02	3.29	3.980000000000004	1.29	Methanobacteriota	4.175385224218753	-38.389149986379245	8.157154609960942	38.39679223921127	10	deepcheck
RS_GCF_030406775.1	H_fail	pair_0171	mild	96.09	0.11	1.9099999999999966	0.0	Bacillota	14.59514295209961	-40.66673672596131	14.938659492626954	40.66673672596131	10	deepcheck
RS_GCF_030413615.1	H_pass	pair_0132	pass	100.0	0.69	0.0	0.0	Bacillota	19.388028500634764	-19.23791970595474	19.388028500634764	40.30067437611466	10	deepcheck
RS_GCF_030518775.1	H_fail	pair_0172	mild	100.0	2.14	0.0	0.14000000000000012	Pseudomonadota	22.572230209106444	-22.847543511831663	22.572230209106444	22.847543511831663	10	deepcheck
RS_GCF_030520125.1	H_pass	pair_0122	pass	100.0	0.31	0.0	0.0	Pseudomonadota	19.876640708691408	-41.84409317760296	19.876640708691408	41.84409317760296	10	deepcheck
RS_GCF_030534135.1	H_pass	pair_0192	pass	100.0	0.37	0.0	0.0	Bacillota	12.069034602539062	-32.80890179235306	12.684608979003906	34.126170096356965	10	deepcheck
RS_GCF_030585505.1	H_pass	pair_0107	pass	100.0	1.34	0.0	0.0	Bacillota	16.084525834667964	-29.454205334838868	16.731157371679682	31.961977461297607	10	deepcheck
RS_GCF_030717405.1	H_pass	pair_0137	pass	100.0	0.77	0.0	0.0	Pseudomonadota	16.982185388623044	-15.960425317507935	16.982185388623044	40.814682029031374	10	deepcheck
RS_GCF_030758655.1	H_pass	pair_0154	pass	100.0	0.45	0.0	0.0	Pseudomonadota	7.913612356396484	-37.6387858151474	7.913612356396484	37.6387858151474	10	deepcheck
RS_GCF_030762805.1	H_fail	pair_0173	mild	97.29	0.26	0.7099999999999937	0.0	Bacillota	10.778028895971682	-35.942098409646604	12.103772291674806	35.942098409646604	10	deepcheck
RS_GCF_030931015.1	H_fail	pair_0174	moderate	95.93	2.14	2.069999999999993	0.14000000000000012	Pseudomonadota	18.06371355903321	-13.763143866442874	18.128708256689457	23.630185541564945	10	deepcheck
RS_GCF_031202285.1	H_fail	pair_0175	moderate	99.99	6.13	0.0	4.13	Bacillota	17.03685452524414	-30.112503127359965	17.03685452524414	30.112503127359965	10	deepcheck
RS_GCF_031326225.1	H_pass	pair_0010	pass	99.96	0.11	0.0	0.0	Pseudomonadota	20.09475626923828	-18.485625947868346	20.09475626923828	21.685602231266785	10	deepcheck
RS_GCF_032084765.1	H_fail	pair_0176	mild	96.56	0.24	1.4399999999999977	0.0	Bacillota	-0.4533964716796902	-41.664420236475756	9.489947799218749	41.664420236475756	10	deepcheck
RS_GCF_032278865.1	H_pass	pair_0106	pass	99.92	0.69	0.0	0.0	Pseudomonadota	20.309836386059565	-31.40319290584488	20.309836386059565	31.40319290584488	10	deepcheck
RS_GCF_032878895.1	H_fail	pair_0177	mild	99.99	2.02	0.0	0.020000000000000018	Bacteroidota	19.829493030029294	-35.50736798767395	19.829493030029294	35.50736798767395	10	deepcheck
RS_GCF_033096465.1	H_pass	pair_0149	pass	99.98	0.78	0.0	0.0	Bacillota	15.219589674462886	-22.636445237913133	15.295683437744136	22.636445237913133	10	deepcheck
RS_GCF_033100135.1	H_fail	pair_0178	mild	97.48	0.21	0.519999999999996	0.0	Verrucomicrobiota	18.424530547265626	-10.23772510559082	18.424530547265626	19.345590989868164	10	deepcheck
RS_GCF_033130085.1	H_pass	pair_0158	pass	100.0	1.41	0.0	0.0	Bacillota	9.387631042675782	-31.71828112541657	9.840470412695314	31.71828112541657	10	deepcheck
RS_GCF_033189955.1	H_pass	pair_0168	pass	100.0	0.09	0.0	0.0	Pseudomonadota	10.261383497558594	-11.288544957341577	10.261383497558594	11.458573657463646	10	deepcheck
RS_GCF_033304595.1	H_pass	pair_0171	pass	99.8	0.09	0.0	0.0	Bacillota	12.377501148217775	-37.097992891810605	12.568602735522465	37.097992891810605	10	deepcheck
RS_GCF_034130585.1	H_fail	pair_0179	mild	100.0	2.27	0.0	0.27	Pseudomonadota	14.222652405053713	-19.463491985762026	14.222652405053713	19.463491985762026	10	deepcheck
RS_GCF_034491365.1	H_pass	pair_0092	pass	100.0	0.12	0.0	0.0	Pseudomonadota	20.41331615224609	-31.72222913152466	20.41331615224609	31.72222913152466	10	deepcheck
RS_GCF_034555395.1	H_pass	pair_0042	pass	100.0	0.27	0.0	0.0	Pseudomonadota	17.898412140332034	-31.001534030847164	17.898412140332034	31.001534030847164	10	deepcheck
RS_GCF_035918055.1	H_pass	pair_0182	pass	99.96	1.69	0.0	0.0	Actinomycetota	38.24949293325195	21.866785559410093	38.740594775146484	26.733326755937195	10	deepcheck
RS_GCF_035918295.1	H_fail	pair_0180	moderate	100.0	5.46	0.0	3.46	Actinomycetota	18.953788628564453	32.76825325866089	18.953788628564453	42.18816430452271	10	deepcheck
RS_GCF_035991205.1	H_fail	pair_0181	mild	100.0	2.08	0.0	0.08000000000000007	Actinomycetota	28.317196806689452	17.54575026735535	28.317196806689452	30.00082839475403	10	deepcheck
RS_GCF_036035005.1	H_pass	pair_0181	pass	100.0	1.7	0.0	0.0	Actinomycetota	28.870886383007814	31.48498689937744	29.41066210839844	41.68840691907959	10	deepcheck
RS_GCF_036248315.1	H_fail	pair_0182	moderate	100.0	4.32	0.0	2.3200000000000003	Actinomycetota	32.176919180712886	38.115869330240244	32.176919180712886	46.19467167310447	10	deepcheck
RS_GCF_036250655.1	H_pass	pair_0189	pass	99.68	0.44	0.0	0.0	Spirochaetota	16.9786552571045	-27.168508775806423	16.9786552571045	27.168508775806423	10	deepcheck
RS_GCF_036884255.1	H_pass	pair_0120	pass	100.0	0.0	0.0	0.0	Bacillota	23.689963848583982	-7.468363011557767	23.689963848583982	28.37122723011246	10	deepcheck
RS_GCF_037043395.1	H_pass	pair_0074	pass	99.87	0.19	0.0	0.0	Pseudomonadota	17.13840590683594	-23.8437677423996	17.13840590683594	26.90921920275116	10	deepcheck
RS_GCF_037099735.1	H_pass	pair_0169	pass	100.0	0.24	0.0	0.0	Pseudomonadota	25.545514017089847	-25.34941035216675	27.14979130898438	25.452735561584472	10	deepcheck
RS_GCF_037746055.1	H_pass	pair_0056	pass	100.0	0.51	0.0	0.0	Pseudomonadota	15.212014615112306	-23.62777849276886	17.052492384399415	23.67268215172577	10	deepcheck
RS_GCF_037780985.1	H_pass	pair_0078	pass	100.0	0.12	0.0	0.0	Pseudomonadota	21.756070174609377	-34.68336496439514	21.756070174609377	34.68336496439514	10	deepcheck
RS_GCF_038048995.1	H_pass	pair_0069	pass	100.0	0.46	0.0	0.0	Bacillota	7.722976918749995	-27.962149509536744	8.311759062402345	27.962149509536744	10	deepcheck
RS_GCF_038095645.1	H_fail	pair_0183	moderate	95.61	0.16	2.3900000000000006	0.0	Bacillota	-3.0688238808593766	-44.204424747068785	12.204689982421876	44.204424747068785	10	deepcheck
RS_GCF_038095715.1	H_fail	pair_0184	mild	96.14	0.16	1.8599999999999994	0.0	Bacillota	0.6102561425292954	-52.607371748396496	9.843211909570314	52.607371748396496	10	deepcheck
RS_GCF_038095875.1	H_fail	pair_0185	mild	96.17	0.65	1.8299999999999983	0.0	Bacillota	-1.7158399672119125	-40.17302299888916	10.563623020727539	40.17302299888916	10	deepcheck
RS_GCF_038095885.1	H_fail	pair_0186	mild	96.49	0.2	1.5100000000000051	0.0	Bacillota	12.327445996093752	-28.96914328469906	12.327445996093752	28.96914328469906	10	deepcheck
RS_GCF_038096035.1	H_fail	pair_0187	mild	96.19	0.26	1.8100000000000023	0.0	Bacillota	5.290858213671873	-36.148744452388954	9.937644783007812	36.148744452388954	10	deepcheck
RS_GCF_038096075.2	H_pass	pair_0046	pass	100.0	0.34	0.0	0.0	Actinomycetota	21.185718559423826	-31.19716031768341	22.17935804663086	31.19716031768341	10	deepcheck
RS_GCF_038260915.1	H_pass	pair_0020	pass	99.9	0.08	0.0	0.0	Bacteroidota	-1.3152837105957047	-28.539848958178236	3.830280598779299	28.539848958178236	10	deepcheck
RS_GCF_038420605.1	H_pass	pair_0085	pass	99.98	0.09	0.0	0.0	Pseudomonadota	10.109968421484378	-28.711281010447692	10.335348365332035	28.794768267515565	10	deepcheck
RS_GCF_038441155.1	H_pass	pair_0144	pass	100.0	1.89	0.0	0.0	Bacillota	10.573835517626955	-32.93568936911373	11.183379561669923	33.01718059615917	10	deepcheck
RS_GCF_038443385.1	H_pass	pair_0123	pass	99.99	1.94	0.0	0.0	Planctomycetota	34.36185325957031	16.777335534967044	34.36185325957031	32.09145202933961	10	deepcheck
RS_GCF_039727125.1	H_fail	pair_0188	severe	85.45	3.94	12.549999999999997	1.94	Actinomycetota	13.560983102734374	-32.30482440244751	15.995332013671876	32.30482440244751	10	deepcheck
RS_GCF_039954945.1	H_pass	pair_0082	pass	99.99	0.33	0.0	0.0	Bacillota	9.708272988427737	-38.403444285658836	9.708272988427737	38.403444285658836	10	deepcheck
RS_GCF_040437135.1	H_pass	pair_0055	pass	100.0	0.04	0.0	0.0	Pseudomonadota	24.794864623583987	-30.914443382611086	24.794864623583987	32.60440739081421	10	deepcheck
RS_GCF_040790775.1	H_fail	pair_0189	mild	97.44	0.36	0.5600000000000023	0.0	Spirochaetota	-3.8239380116699224	-39.57532771660881	6.885263924072264	39.57532771660881	10	deepcheck
RS_GCF_040931755.1	H_pass	pair_0063	pass	100.0	1.53	0.0	0.0	Bacillota	12.639485212548829	-26.720216752593227	12.945050092919923	26.720216752593227	10	deepcheck
RS_GCF_040939785.1	H_fail	pair_0190	mild	96.81	0.67	1.1899999999999977	0.0	Pseudomonadota	38.208379431884765	44.823667218005376	39.58297940991211	57.38528372340088	10	deepcheck
RS_GCF_041221345.1	H_pass	pair_0198	pass	100.0	0.15	0.0	0.0	Pseudomonadota	32.40446214326172	-21.865685278173828	32.40446214326172	23.922515924169925	10	deepcheck
RS_GCF_041320175.1	H_pass	pair_0013	pass	100.0	0.28	0.0	0.0	Pseudomonadota	20.139695875390622	-24.18427355640564	20.139695875390622	26.57106536182556	10	deepcheck
RS_GCF_041428605.1	H_pass	pair_0191	pass	99.97	1.53	0.0	0.0	Bacillota	9.044076814331058	-15.205146927033997	12.369329785864261	15.205146927033997	10	deepcheck
RS_GCF_041428895.1	H_fail	pair_0191	severe	100.0	12.26	0.0	10.26	Bacillota	12.20041691230469	-8.749565547271729	14.437578992480471	10.963957909179689	10	deepcheck
RS_GCF_041764945.1	H_pass	pair_0053	pass	99.99	0.7	0.0	0.0	Bacillota	8.583412153808592	-36.80029388897667	9.62343054814453	36.80029388897667	10	deepcheck
RS_GCF_900092475.1	H_pass	pair_0108	pass	100.0	1.77	0.0	0.0	Bacillota	6.317087155932617	-26.23333342542877	6.87111392980957	34.2546488086319	10	deepcheck
RS_GCF_900324205.1	H_fail	pair_0192	mild	100.0	2.33	0.0	0.33000000000000007	Bacillota	4.667387241455077	-42.743505712939644	7.704779701220701	42.743505712939644	10	deepcheck
RS_GCF_900476125.1	H_pass	pair_0114	pass	99.81	0.68	0.0	0.0	Bacillota	4.459296829492192	-38.24980183751545	10.766254522070318	38.24980183751545	10	deepcheck
RS_GCF_900636535.1	H_fail	pair_0193	mild	100.0	2.02	0.0	0.020000000000000018	Bacteroidota	22.077060048632813	-18.619823446710207	22.077060048632813	23.418884259698487	10	deepcheck
RS_GCF_900637925.1	H_fail	pair_0194	moderate	100.0	4.7	0.0	2.7	Actinomycetota	8.73309161335449	-35.07458236880036	9.645218213354493	35.07458236880036	10	deepcheck
RS_GCF_900639395.1	H_fail	pair_0195	mild	100.0	3.4	0.0	1.4	Bacillota	9.300965480029294	-31.739581085543826	9.72707283823242	31.785543329092405	10	deepcheck
RS_GCF_900660505.1	H_pass	pair_0176	pass	98.47	0.14	0.0	0.0	Bacillota	-0.425376130126952	-40.51282624112177	6.878396279443362	40.51282624112177	10	deepcheck
RS_GCF_900660565.1	H_pass	pair_0185	pass	99.28	1.15	0.0	0.0	Bacillota	8.128817663232422	-36.53433988750305	11.241304226806642	36.53433988750305	10	deepcheck
RS_GCF_943169635.2	H_fail	pair_0196	moderate	95.54	0.43	2.4599999999999937	0.0	Bacillota	-0.8622008460449215	-30.672229621344183	8.86948772216797	30.672229621344183	10	deepcheck
RS_GCF_949793775.1	H_pass	pair_0054	pass	100.0	0.27	0.0	0.0	Bacillota	7.676621814965822	-49.25502155947419	7.823574072729494	49.25502155947419	10	deepcheck
RS_GCF_963556575.1	H_pass	pair_0097	pass	100.0	0.29	0.0	0.0	Actinomycetota	5.380644157763673	-34.908270583993534	5.831211438623045	34.908270583993534	10	deepcheck
RS_GCF_963668235.1	H_fail	pair_0197	mild	97.65	3.78	0.3499999999999943	1.7799999999999998	Spirochaetota	19.491611666162107	-36.94138249079285	19.491611666162107	36.94138249079285	10	deepcheck
RS_GCF_963692985.1	H_pass	pair_0166	pass	100.0	0.07	0.0	0.0	Bacteroidota	16.952366247216794	-23.94380952897806	16.952366247216794	23.94380952897806	10	deepcheck
RS_GCF_963854595.1	H_fail	pair_0198	mild	100.0	2.64	0.0	0.6400000000000001	Pseudomonadota	26.844496657519535	-34.618122483959965	26.844496657519535	34.618122483959965	10	deepcheck
RS_GCF_964065165.1	H_fail	pair_0199	mild	100.0	2.2	0.0	0.20000000000000018	Bacillota	9.413659949072265	-38.110025585105895	9.833815648876953	38.110025585105895	10	deepcheck
