dataset	bin_id	sample	dominant	contaminant	dominant_taxid	contaminant_taxid	distance_rank	target_completeness	target_contamination	ref_len	dominant_bp	contaminant_bp	completeness_pct	contamination_pct	n_contigs_dominant	n_contigs_contaminant	cont_shortfall_rel	scoreable_by_magicc	in_domain
strain_madness	s0__spades_ESBL8075_S12_L001__X__spades_And8454_S5_L001__c60__k2__species	0	spades_ESBL8075_S12_L001	spades_And8454_S5_L001	573	573	species	60.0	2.0	5404977	3460754	108404	64.02902362026703	2.0056329564399626	34	396	-0.002816478219981322	True	True
strain_madness	s0__spades_ESBL8855_S12_L001__X__spades_And6241_S2_L001__c60__k2__species	0	spades_ESBL8855_S12_L001	spades_And6241_S2_L001	573	573	species	60.0	2.0	5625519	3375527	112754	60.00383253527363	2.0043306226501056	5595	438	-0.002165311325052821	True	True
strain_madness	s0__SP72_S55__X__SP125_S84__c60__k2__species	0	SP72_S55	SP125_S84	1313	1313	species	60.0	2.0	2008808	1205431	40197	60.00727794791737	2.0010374311532013	1951	167	-0.000518715576600659	True	True
strain_madness	s0__SP97_S78__X__SP134_S15__c60__k2__species	0	SP97_S78	SP134_S15	1313	1313	species	60.0	2.0	2008538	1205479	40395	60.017734292306145	2.011164339434952	894	174	-0.005582169717476049	True	True
strain_madness	s0__SP154_S35__X__SP114_S92__c60__k2__species	0	SP154_S35	SP114_S92	1313	1313	species	60.0	2.0	2162035	1298195	43484	60.045050149511916	2.011253286833932	3119	181	-0.0056266434169660595	True	True
strain_madness	s0__SP160_S41__X__SP11_S8__c60__k10__species	0	SP160_S41	SP11_S8	1313	1313	species	60.0	10.0	2045367	1227405	204687	60.00903505336695	10.00734831450786	1450	520	-0.000734831450786011	True	True
strain_madness	s0__spades_MRSA8758_S5_L001__X__spades_MRSA8595_S7_L001__c60__k10__species	0	spades_MRSA8758_S5_L001	spades_MRSA8595_S7_L001	1280	1280	species	60.0	10.0	2816182	1698643	281632	60.31723091760405	10.000490025147522	240	922	-4.900251475223882e-05	True	True
strain_madness	s0__SP131_S12__X__SP102_S82__c60__k10__species	0	SP131_S12	SP102_S82	1313	1313	species	60.0	10.0	2155215	1294168	215738	60.048208647397125	10.010045401502866	462	726	-0.0010045401502866368	True	True
strain_madness	s0__SP137_S18__X__SP171_S52__c60__k10__species	0	SP137_S18	SP171_S52	1313	1313	species	60.0	10.0	2035362	1225265	203694	60.19887371386515	10.007752920610683	942	777	-0.0007752920610682778	True	True
strain_madness	s0__spades_VRE3056_S20_L001__X__spades_VRE3783_S7_L001__c60__k15__species	0	spades_VRE3056_S20_L001	spades_VRE3783_S7_L001	1352	1352	species	60.0	15.0	3010057	1806791	451993	60.02514238102468	15.016094379608093	2825	297	-0.0010729586405395489	True	True
strain_madness	s0__SP160_S41__X__SP7_S4__c60__k15__species	0	SP160_S41	SP7_S4	1313	1313	species	60.0	15.0	2045367	1231113	307148	60.19032281248304	15.016767162078981	1439	957	-0.0011178108052654068	True	True
strain_madness	s0__spades_ESBL5660_S7_L001__X__spades_ESBL5402_S6_L001__c60__k15__species	0	spades_ESBL5660_S7_L001	spades_ESBL5402_S6_L001	562	562	species	60.0	15.0	5257730	3155511	789475	60.016604123832906	15.015510495974498	4738	252	-0.001034033064966522	True	True
strain_madness	s0__SP25_S14__X__SP87_S70__c60__k20__species	0	SP25_S14	SP87_S70	1313	1313	species	60.0	20.0	2028415	1217351	405820	60.01488847203358	20.00675404194901	1409	1243	-0.0003377020974504319	True	True
strain_madness	s0__spades_ESBL9654_S5_L001__X__spades_ESBL5734_S3_L001__c60__k20__species	0	spades_ESBL9654_S5_L001	spades_ESBL5734_S3_L001	562	562	species	60.0	20.0	5153457	3156818	1031149	61.25631784644754	20.008879476436885	62	3537	-0.0004439738218442457	True	True
strain_madness	s0__SP27_S15__X__SP158_S39__c60__k20__species	0	SP27_S15	SP158_S39	1313	1313	species	60.0	20.0	1980747	1188456	404443	60.0003937908274	20.41871071873389	2455	141	-0.02093553593669455	True	True
strain_madness	s0__SP155_S36__X__SP21_S92__c60__k2__genus	0	SP155_S36	SP21_S92	1313	68892	genus	60.0	2.0	2075312	1245567	45813	60.01830086271365	2.207523495262399	2854	19	-0.10376174763119961	True	True
strain_madness	s0__spades_ESBL9250_S3_L001__X__spades_ESBL6643_S3_L001__c60__k2__genus	0	spades_ESBL9250_S3_L001	spades_ESBL6643_S3_L001	573	548	genus	60.0	2.0	5557990	3335002	111379	60.0037423600978	2.0039438717953795	7657	350	-0.001971935897689736	True	True
strain_madness	s0__SP188_S67__X__SP20_S77__c60__k2__genus	0	SP188_S67	SP20_S77	1313	1301	genus	60.0	2.0	2040293	1225530	40852	60.06637281998223	2.0022614399010337	249	135	-0.0011307199505168342	True	True
strain_madness	s0__SP138_S19__X__SP68_S51__c60__k2__genus	0	SP138_S19	SP68_S51	1313	257758	genus	60.0	2.0	2139728	1284422	42839	60.027349270561494	2.002076899493767	637	138	-0.0010384497468836074	True	True
strain_madness	s0__spades_VRE2857_S10_L001__X__MIKI-NS02__c60__k10__genus	0	spades_VRE2857_S10_L001	MIKI-NS02	1352	1351	genus	60.0	10.0	3094615	1856965	309577	60.00633358269123	10.003732289800185	3860	860	-0.0003732289800185029	True	True
strain_madness	s0__SP160_S41__X__SP117_S95__c60__k10__genus	0	SP160_S41	SP117_S95	1313	257758	genus	60.0	10.0	2045367	1229044	204660	60.089167371919075	10.006028258009442	1439	777	-0.0006028258009441956	True	True
strain_madness	s0__spades_VRE2770_S9_L001__X__MIKI-NS02__c60__k10__genus	0	spades_VRE2770_S9_L001	MIKI-NS02	1352	1351	genus	60.0	10.0	3245517	1947475	324565	60.00507777343332	10.000409796035578	5016	903	-4.097960355782248e-05	True	True
strain_madness	s0__SP1_S85__X__SP20_S77__c60__k15__genus	0	SP1_S85	SP20_S77	1313	1301	genus	60.0	15.0	2164447	1317620	324677	60.87559547542629	15.000459701715958	118	1075	-3.064678106383667e-05	True	True
strain_madness	s0__SP45_S32__X__SP21_S92__c60__k15__genus	0	SP45_S32	SP21_S92	1313	68892	genus	60.0	15.0	2070043	1242108	313009	60.0039709320048	15.120893623948875	1957	143	-0.008059574929925024	True	True
strain_madness	s0__SP72_S55__X__SP68_S51__c60__k20__genus	0	SP72_S55	SP68_S51	1313	257758	genus	60.0	20.0	2008808	1206092	402277	60.04018303391862	20.025657006543184	1915	1403	-0.001282850327159224	True	True
strain_madness	s0__SP9_S6__X__SP20_S77__c60__k20__genus	0	SP9_S6	SP20_S77	1313	1301	genus	60.0	20.0	1996138	1197733	399247	60.0025148561873	20.000971876693896	2808	1327	-4.859383469479894e-05	True	True
strain_madness	s0__SP101_S82__X__MIKI-NS12__c60__k2__family	0	SP101_S82	MIKI-NS12	1313	1363	family	60.0	2.0	2132333	1280665	42653	60.05933407211725	2.0002973269184503	936	152	-0.00014866345922515123	True	True
strain_madness	s0__spades_ESBL10030_S2_L001__X__spades_AND8281_S12_L001__c60__k2__family	0	spades_ESBL10030_S2_L001	spades_AND8281_S12_L001	562	573	family	60.0	2.0	4855730	2913635	97319	60.00405706248082	2.004209459751675	5657	374	-0.00210472987583743	True	True
strain_madness	s0__spades_And5315_S3_L001__X__spades_ESBL7532_S2_L001__c60__k2__family	0	spades_And5315_S3_L001	spades_ESBL7532_S2_L001	573	562	family	60.0	2.0	5485511	3291410	110388	60.00188496568506	2.01235582245665	6815	114	-0.006177911228324895	True	True
strain_madness	s0__spades_And7556_S8_L001__X__spades_And6100_S3_L001__c60__k2__family	0	spades_And7556_S8_L001	spades_And6100_S3_L001	562	573	family	60.0	2.0	5192378	3202000	103933	61.667313127048914	2.0016454888299733	31	422	-0.0008227444149866425	True	True
strain_madness	s0__SP18_S91__X__MIKI-NS12__c60__k5__family	0	SP18_S91	MIKI-NS12	1313	1363	family	60.0	5.0	2072566	1247654	103900	60.198517200417264	5.013109353333018	165	381	-0.0026218706666035984	True	True
strain_madness	s0__spades_ESBL5660_S7_L001__X__spades_And5315_S3_L001__c60__k5__family	0	spades_ESBL5660_S7_L001	spades_And5315_S3_L001	562	573	family	60.0	5.0	5257730	3154735	263623	60.0018449026481	5.014007946395117	4715	551	-0.002801589279023453	True	True
strain_madness	s0__spades_AND8064_S11_L001__X__spades_ESBL10030_S2_L001__c60__k10__family	0	spades_AND8064_S11_L001	spades_ESBL10030_S2_L001	573	562	family	60.0	10.0	5497841	3312151	550209	60.24457600719992	10.007728488328418	175	1056	-0.0007728488328417882	True	True
strain_madness	s0__SP1_S85__X__MIKI-NS12__c60__k10__family	0	SP1_S85	MIKI-NS12	1313	1363	family	60.0	10.0	2164447	1318113	216685	60.898372655925506	10.011102142949214	120	787	-0.001110214294921441	True	True
strain_madness	s0__spades_ESBL5660_S7_L001__X__spades_ESBL6792_S10_L001__c60__k10__family	0	spades_ESBL5660_S7_L001	spades_ESBL6792_S10_L001	562	573	family	60.0	10.0	5257730	3154873	525850	60.004469609508284	10.001464510349523	4716	1580	-0.0001464510349522996	True	True
strain_madness	s0__spades_ESBL7347_S10_L001__X__spades_And4500_S1_L001__c60__k15__family	0	spades_ESBL7347_S10_L001	spades_And4500_S1_L001	562	573	family	60.0	15.0	5120214	3073407	768164	60.02497161251463	15.002576064203566	937	2314	-0.00017173761357109168	True	True
strain_madness	s0__SP182_S62__X__MIKI-NS12__c60__k15__family	0	SP182_S62	MIKI-NS12	1313	1363	family	60.0	15.0	2047295	1228858	307376	60.02349441580232	15.013762061647197	1697	1129	-0.0009174707764798266	True	True
strain_madness	s0__spades_And5232_S2_L001__X__spades_And9353_S7_L001__c60__k15__family	0	spades_And5232_S2_L001	spades_And9353_S7_L001	562	573	family	60.0	15.0	4894280	2937591	734638	60.020901950848746	15.010134279199391	4845	2003	-0.0006756186132927648	True	True
strain_madness	s0__SP45_S32__X__MIKI-NS12__c60__k15__family	0	SP45_S32	MIKI-NS12	1313	1363	family	60.0	15.0	2070043	1243004	310721	60.04725505702056	15.010364518997914	1937	1142	-0.0006909679331942679	True	True
strain_madness	s0__spades_ESBL5402_S6_L001__X__spades_And10925_S5_L001__c60__k15__family	0	spades_ESBL5402_S6_L001	spades_And10925_S5_L001	562	1639133	family	60.0	15.0	4938055	2966123	747322	60.06662542235759	15.133934312193768	956	174	-0.008928954146251182	True	True
strain_madness	s0__SP195_S74__X__MIKI-NS12__c60__k20__family	0	SP195_S74	MIKI-NS12	1313	1363	family	60.0	20.0	1985003	1191079	397221	60.003889162887916	20.01110325777845	1541	1464	-0.0005551628889225668	True	True
strain_madness	s0__SP92_S73__X__MIKI-NS12__c60__k20__family	0	SP92_S73	MIKI-NS12	1313	1363	family	60.0	20.0	2071399	1243001	414473	60.00780149068335	20.009327029703115	2591	1529	-0.0004663514851557693	True	True
strain_madness	s0__spades_VRE3783_S7_L001__X__SP160_S41__c60__k2__order	0	spades_VRE3783_S7_L001	SP160_S41	1352	1313	order	60.0	2.0	3086681	1852380	62675	60.012032341534486	2.0304981305162406	1194	69	-0.015249065258120309	True	True
strain_madness	s0__SP148_S29__X__MIKI-NS02__c60__k2__order	0	SP148_S29	MIKI-NS02	1313	1351	order	60.0	2.0	2086142	1251874	41784	60.00905019888387	2.00293172756217	1849	109	-0.0014658637810849307	True	True
strain_madness	s0__SP25_S14__X__spades_VRE3342_S6_L001__c60__k2__order	0	SP25_S14	spades_VRE3342_S6_L001	1313	1352	order	60.0	2.0	2028415	1217300	40570	60.01237419364381	2.0000838092796593	1398	169	-4.190463982967074e-05	True	True
strain_madness	s0__SP22_S78__X__spades_VRE3342_S6_L001__c60__k5__order	0	SP22_S78	spades_VRE3342_S6_L001	1313	1352	order	60.0	5.0	2120430	1272816	106129	60.026315417155956	5.0050697264234145	2410	446	-0.0010139452846829045	True	True
strain_madness	s0__SP97_S78__X__spades_VRE2857_S10_L001__c60__k10__order	0	SP97_S78	spades_VRE2857_S10_L001	1313	1352	order	60.0	10.0	2008538	1205149	201436	60.00130443138243	10.028986257666023	916	431	-0.0028986257666023365	True	True
strain_madness	s0__SP11_S8__X__spades_VRE3783_S7_L001__c60__k10__order	0	SP11_S8	spades_VRE3783_S7_L001	1313	1352	order	60.0	10.0	2065838	1239974	209377	60.02280914573166	10.13520905317842	3046	138	-0.013520905317841957	True	True
strain_madness	s0__spades_MRSA7133_S3_L001__X__MIKI-NS13__c60__k15__order	0	spades_MRSA7133_S3_L001	MIKI-NS13	1280	481743	order	60.0	15.0	2821986	1694773	423299	60.05603854873837	15.00003897964058	2220	1685	-2.598642705346303e-06	True	True
strain_madness	s0__SP196_S75__X__spades_VRE3277_S16_L001__c60__k15__order	0	SP196_S75	spades_VRE3277_S16_L001	1313	1352	order	60.0	15.0	1970420	1182503	295708	60.01273840095005	15.00735883720222	1657	1063	-0.0004905891468146942	True	True
strain_madness	s0__SP72_S55__X__spades_VRE3783_S7_L001__c60__k15__order	0	SP72_S55	spades_VRE3783_S7_L001	1313	1352	order	60.0	15.0	2008808	1206036	307598	60.03739531105013	15.312463908945006	1934	201	-0.020830927263000378	True	True
strain_madness	s0__SP53_S39__X__spades_VRE3277_S16_L001__c60__k20__order	0	SP53_S39	spades_VRE3277_S16_L001	1313	1352	order	60.0	20.0	2156089	1350258	431415	62.62533689472002	20.00914619016191	37	1577	-0.00045730950809552695	True	True
strain_madness	s0__SP45_S32__X__spades_VRE2857_S10_L001__c60__k20__order	0	SP45_S32	spades_VRE2857_S10_L001	1313	1352	order	60.0	20.0	2070043	1242791	415238	60.03696541569426	20.059390070641044	1957	882	-0.0029695035320521867	True	True
strain_madness	s0__SP92_S73__X__spades_VRE3277_S16_L001__c60__k20__order	0	SP92_S73	spades_VRE3277_S16_L001	1313	1352	order	60.0	20.0	2071399	1243081	414331	60.01166361478402	20.002471759424427	2579	1483	-0.00012358797122136167	True	True
strain_madness	s0__SP121_S3__X__spades_VRE3056_S20_L001__c60__k20__order	0	SP121_S3	spades_VRE3056_S20_L001	1313	1352	order	60.0	20.0	2078750	1247464	416352	60.0102946482261	20.028959711365005	2885	634	-0.0014479855682502317	True	True
strain_madness	s0__SP21_S92__X__spades_VRE3387_S5_L001__c60__k20__order	0	SP21_S92	spades_VRE3387_S5_L001	68892	1352	order	60.0	20.0	1689727	1014581	349300	60.044078126229856	20.671978372837742	427	9	-0.03359891864188711	True	True
strain_madness	s0__SP195_S74__X__spades_MRSA7796_S10_L001__c60__k2__class	0	SP195_S74	spades_MRSA7796_S10_L001	1313	1280	class	60.0	2.0	1985003	1191659	40052	60.03310826230489	2.017729948015192	1579	88	-0.008864974007595894	True	True
strain_madness	s0__SP25_S14__X__spades_MRSA7113_S2_L001__c60__k5__class	0	SP25_S14	spades_MRSA7113_S2_L001	1313	1280	class	60.0	5.0	2028415	1218368	104793	60.06502614110032	5.166250496076986	1414	70	-0.033250099215397275	True	True
strain_madness	s0__SP21_S92__X__spades_MRSA7172_S1_L001__c60__k5__class	0	SP21_S92	spades_MRSA7172_S1_L001	68892	1280	class	60.0	5.0	1689727	1014773	84665	60.05544090850179	5.010572713817084	428	319	-0.002114542763416871	True	True
strain_madness	s0__SP39_S26__X__spades_MRSA7295_S3_L001__c60__k5__class	0	SP39_S26	spades_MRSA7295_S3_L001	1313	1280	class	60.0	5.0	2010726	1213581	100767	60.35536418189251	5.01147346779223	305	418	-0.00229469355844607	True	True
strain_madness	s0__spades_MRSA7286_S4_L001__X__SP8_S5__c60__k5__class	0	spades_MRSA7286_S4_L001	SP8_S5	1280	1313	class	60.0	5.0	2817370	1692772	140950	60.08341112455943	5.002892768787913	323	554	-0.0005785537575825117	True	True
strain_madness	s0__SP155_S36__X__spades_MRSA8007_S12_L001__c60__k10__class	0	SP155_S36	spades_MRSA8007_S12_L001	1313	1280	class	60.0	10.0	2075312	1245576	207679	60.0187345324462	10.007121820719005	2846	738	-0.0007121820719005357	True	True
strain_madness	s0__SP137_S18__X__spades_MRSA7113_S2_L001__c60__k10__class	0	SP137_S18	spades_MRSA7113_S2_L001	1313	1280	class	60.0	10.0	2035362	1222169	204963	60.0467631802107	10.070100552137655	964	132	-0.007010055213765476	True	True
strain_madness	s0__SP76_S59__X__spades_MRSA7129_S8_L001__c60__k10__class	0	SP76_S59	spades_MRSA7129_S8_L001	1313	1280	class	60.0	10.0	2094080	1256590	209473	60.0067810207824	10.003103988386307	3229	538	-0.00031039883863073217	True	True
strain_madness	s0__SP138_S19__X__spades_MRSA8013_S11_L001__c60__k10__class	0	SP138_S19	spades_MRSA8013_S11_L001	1313	1280	class	60.0	10.0	2139728	1285600	214596	60.082402997016445	10.02912519722133	646	185	-0.0029125197221329556	True	True
strain_madness	s0__MIKI-NS09__X__spades_MRSA7129_S8_L001__c60__k20__class	0	MIKI-NS09	spades_MRSA7129_S8_L001	97137	1280	class	60.0	20.0	2039692	1226755	407997	60.14412960388137	20.002872982783675	747	1076	-0.00014364913918374356	True	True
strain_madness	s0__SP188_S67__X__MIKI-NS20__c60__k2__phylum	0	SP188_S67	MIKI-NS20	1313	186802	phylum	60.0	2.0	2040293	1227064	40846	60.14155809974352	2.0019673644912763	243	172	-0.0009836822456381622	True	True
strain_madness	s0__SP45_S32__X__MIKI-NS20__c60__k2__phylum	0	SP45_S32	MIKI-NS20	1313	186802	phylum	60.0	2.0	2070043	1242598	41411	60.02764193787279	2.0004898448969417	1942	158	-0.0002449224484708523	True	True
strain_madness	s0__SP22_S78__X__MIKI-NS20__c60__k5__phylum	0	SP22_S78	MIKI-NS20	1313	186802	phylum	60.0	5.0	2120430	1272383	106156	60.0058950307249	5.006343053059992	2381	423	-0.0012686106119984331	True	True
strain_madness	s0__SP25_S14__X__MIKI-NS20__c60__k5__phylum	0	SP25_S14	MIKI-NS20	1313	186802	phylum	60.0	5.0	2028415	1217684	101560	60.03130523093154	5.006864965995617	1393	405	-0.0013729931991234069	True	True
strain_madness	s0__SP21_S92__X__MIKI-NS20__c60__k5__phylum	0	SP21_S92	MIKI-NS20	68892	186802	phylum	60.0	5.0	1689727	1015459	84819	60.09603918266087	5.0196866120976935	420	341	-0.0039373224195387024	True	True
strain_madness	s0__SP45_S32__X__MIKI-NS20__c60__k10__phylum	0	SP45_S32	MIKI-NS20	1313	186802	phylum	60.0	10.0	2070043	1242556	207137	60.02561299451268	10.006410494854455	1936	817	-0.0006410494854454995	True	True
strain_madness	s0__SP27_S15__X__MIKI-NS20__c60__k10__phylum	0	SP27_S15	MIKI-NS20	1313	186802	phylum	60.0	10.0	1980747	1189242	198134	60.04007578958847	10.00299382000831	2464	787	-0.0002993820008310166	True	True
strain_madness	s0__SP121_S3__X__MIKI-NS20__c60__k20__phylum	0	SP121_S3	MIKI-NS20	1313	186802	phylum	60.0	20.0	2078750	1247905	416091	60.03150932050511	20.01640408899579	2860	1653	-0.0008202044497895855	True	True
strain_madness	s0__SP195_S74__X__MIKI-NS20__c60__k20__phylum	0	SP195_S74	MIKI-NS20	1313	186802	phylum	60.0	20.0	1985003	1191463	397089	60.02323422181226	20.004453393773208	1555	1572	-0.00022266968866038183	True	True
strain_madness	s0__SP25_S14__X__MIKI-NS20__c60__k20__phylum	0	SP25_S14	MIKI-NS20	1313	186802	phylum	60.0	20.0	2028415	1217701	405960	60.032143323728135	20.01365598262683	1412	1626	-0.0006827991313414827	True	True
strain_madness	s0__spades_VRE3783_S7_L001__X__MIKI-NS20__c60__k20__phylum	0	spades_VRE3783_S7_L001	MIKI-NS20	1352	186802	phylum	60.0	20.0	3086681	1853571	617348	60.0506174755344	20.000382287641646	1202	2469	-1.9114382082285885e-05	True	True
strain_madness	s0__SP137_S18__X__MIKI-NS20__c60__k20__phylum	0	SP137_S18	MIKI-NS20	1313	186802	phylum	60.0	20.0	2035362	1221356	407107	60.0068194257336	20.00169994330247	960	1624	-8.499716512346822e-05	True	True
strain_madness	s0__spades_ESBL5402_S6_L001__X__spades_And8344_S10_L001__c75__k2__species	0	spades_ESBL5402_S6_L001	spades_And8344_S10_L001	562	562	species	75.0	2.0	4938055	3704462	99039	75.01864600536041	2.0056277218459493	1177	284	-0.0028138609229746425	True	True
strain_madness	s0__spades_ESBL5660_S7_L001__X__spades_ESBL9861_S4_L001__c75__k2__species	0	spades_ESBL5660_S7_L001	spades_ESBL9861_S4_L001	562	562	species	75.0	2.0	5257730	3944153	177486	75.01627128057166	3.3757153752665126	5877	1	-0.6878576876332563	True	True
strain_madness	s0__MIKI-NS23__X__MIKI-NS25__c75__k5__species	0	MIKI-NS23	MIKI-NS25	671267	671267	species	75.0	5.0	5370360	4038711	268952	75.20372935892566	5.008081394915797	476	1063	-0.0016162789831593472	True	True
strain_madness	s0__SP142_S23__X__SP114_S92__c75__k5__species	0	SP142_S23	SP114_S92	1313	1313	species	75.0	5.0	2060851	1579683	103179	76.65197532475662	5.006621051206516	55	425	-0.0013242102413032696	True	True
strain_madness	s0__spades_VRE3766_S8_L001__X__spades_VRE3387_S5_L001__c75__k5__species	0	spades_VRE3766_S8_L001	spades_VRE3387_S5_L001	1352	1352	species	75.0	5.0	3083042	2361381	171453	76.59256669224746	5.561163292618135	124	10	-0.11223265852362693	True	True
strain_madness	s0__spades_VRE3056_S20_L001__X__spades_VRE2943_S1_L001__c75__k10__species	0	spades_VRE3056_S20_L001	spades_VRE2943_S1_L001	1352	1352	species	75.0	10.0	3010057	2257911	301145	75.01223398759558	10.004627819340298	3534	1168	-0.0004627819340297989	True	True
strain_madness	s0__SP25_S14__X__SP39_S26__c75__k10__species	0	SP25_S14	SP39_S26	1313	1313	species	75.0	10.0	2028415	1521522	204184	75.01038988569893	10.066184681142666	1765	51	-0.006618468114266562	True	True
strain_madness	s0__spades_ESBL6515_S2_L001__X__spades_ESBL9250_S3_L001__c75__k15__species	0	spades_ESBL6515_S2_L001	spades_ESBL9250_S3_L001	573	573	species	75.0	15.0	5206284	3912783	780998	75.15500499012347	15.00106409869304	393	1793	-7.093991286938698e-05	True	True
strain_madness	s0__SP18_S91__X__SP92_S73__c75__k20__species	0	SP18_S91	SP92_S73	1313	1313	species	75.0	20.0	2072566	1570779	414826	75.78909429181024	20.015092402364992	209	864	-0.0007546201182496049	True	True
strain_madness	s0__SP45_S32__X__SP20_S77__c75__k2__genus	0	SP45_S32	SP20_S77	1313	1301	genus	75.0	2.0	2070043	1552609	41590	75.00370765244973	2.0091370082650455	2461	146	-0.004568504132522744	True	True
strain_madness	s0__SP131_S12__X__SP119_S1__c75__k5__genus	0	SP131_S12	SP119_S1	1313	257758	genus	75.0	5.0	2155215	1618609	107990	75.10197358500196	5.010636989813081	589	434	-0.0021273979626162285	True	True
strain_madness	s0__SP53_S39__X__SP20_S77__c75__k15__genus	0	SP53_S39	SP20_S77	1313	1301	genus	75.0	15.0	2156089	1630807	323603	75.63727656882439	15.008796019088265	40	1093	-0.0005864012725510292	True	True
strain_madness	s0__SP21_S92__X__SP174_S55__c75__k15__genus	0	SP21_S92	SP174_S55	68892	1313	genus	75.0	15.0	1689727	1267871	253640	75.03407355152638	15.010708830479716	565	956	-0.0007139220319810846	True	True
strain_madness	s0__spades_ESBL8075_S12_L001__X__spades_ESBL6643_S3_L001__c75__k15__genus	0	spades_ESBL8075_S12_L001	spades_ESBL6643_S3_L001	573	548	genus	75.0	15.0	5404977	4062379	810999	75.15996830328788	15.004670695175946	48	2456	-0.00031137967839640625	True	True
strain_madness	s0__spades_VRE3387_S5_L001__X__MIKI-NS02__c75__k15__genus	0	spades_VRE3387_S5_L001	MIKI-NS02	1352	1351	genus	75.0	15.0	3006421	2271761	451219	75.56363529924785	15.008510118842304	111	1265	-0.0005673412561536159	True	True
strain_madness	s0__SP189_S68__X__MIKI-NS12__c75__k2__family	0	SP189_S68	MIKI-NS12	1313	1363	family	75.0	2.0	2062647	1548871	41482	75.09142378700767	2.011105147899762	2250	148	-0.005552573949880957	True	True
strain_madness	s0__spades_ESBL7347_S10_L001__X__spades_ESBL6620_S4_L001__c75__k2__family	0	spades_ESBL7347_S10_L001	spades_ESBL6620_S4_L001	562	573	family	75.0	2.0	5120214	3843262	102514	75.06057364008613	2.0021428791843467	1145	385	-0.0010714395921733733	True	True
strain_madness	s0__SP18_S91__X__MIKI-NS12__c75__k5__family	0	SP18_S91	MIKI-NS12	1313	1363	family	75.0	5.0	2072566	1570830	103808	75.79155500958714	5.008670411460962	213	385	-0.0017340822921923405	True	True
strain_madness	s0__spades_ESBL5909_S5_L001__X__spades_ESBL7553_S11_L001__c75__k5__family	0	spades_ESBL5909_S5_L001	spades_ESBL7553_S11_L001	562	573	family	75.0	5.0	4903928	3692414	245420	75.29502880140166	5.004559610173722	144	965	-0.0009119220347443502	True	True
strain_madness	s0__spades_And5232_S2_L001__X__spades_And8423_S6_L001__c75__k5__family	0	spades_And5232_S2_L001	spades_And8423_S6_L001	562	573	family	75.0	5.0	4894280	3671270	244727	75.01144192812835	5.000265616188694	6098	393	-5.3123237738716964e-05	True	True
strain_madness	s0__SP148_S29__X__MIKI-NS12__c75__k10__family	0	SP148_S29	MIKI-NS12	1313	1363	family	75.0	10.0	2086142	1565002	208830	75.0189584409882	10.010344454020867	2299	778	-0.0010344454020867033	True	True
strain_madness	s0__SP101_S82__X__MIKI-NS12__c75__k10__family	0	SP101_S82	MIKI-NS12	1313	1363	family	75.0	10.0	2132333	1599259	213390	75.0004337971602	10.007348758378734	1195	791	-0.0007348758378734388	True	True
strain_madness	s0__SP142_S23__X__MIKI-NS12__c75__k10__family	0	SP142_S23	MIKI-NS12	1313	1363	family	75.0	10.0	2060851	1580319	206310	76.68283636226006	10.010912967507112	57	760	-0.0010912967507112014	True	True
strain_madness	s0__spades_ESBL6984_S1_L001__X__spades_And5527_S8_L001__c75__k15__family	0	spades_ESBL6984_S1_L001	spades_And5527_S8_L001	543	573	family	75.0	15.0	5169466	3878620	775448	75.02941309605286	15.000543576454511	3087	2344	-3.623843030074643e-05	True	True
strain_madness	s0__spades_And10925_S5_L001__X__spades_And8655_S10_L001__c75__k15__family	0	spades_And10925_S5_L001	spades_And8655_S10_L001	1639133	573	family	75.0	15.0	5618570	4225116	842881	75.1991342992968	15.00169972074745	1010	2613	-0.00011331471649664119	True	True
strain_madness	s0__SP25_S14__X__MIKI-NS12__c75__k15__family	0	SP25_S14	MIKI-NS12	1313	1363	family	75.0	15.0	2028415	1524432	304826	75.15385165264505	15.027792636122292	1756	1118	-0.001852842408152829	True	True
strain_madness	s0__spades_ESBL9654_S5_L001__X__spades_ESBL9656_S7_L001__c75__k20__family	0	spades_ESBL9654_S5_L001	spades_ESBL9656_S7_L001	562	543	family	75.0	20.0	5153457	3879212	1033612	75.27397628426898	20.05667263741601	66	92	-0.002833631870800524	True	True
strain_madness	s0__MIKI-NS09__X__SP132_S13__c75__k2__order	0	MIKI-NS09	SP132_S13	97137	1313	order	75.0	2.0	2039692	1532158	40885	75.11712552679522	2.0044693022279834	965	128	-0.0022346511139916814	True	True
strain_madness	s0__SP137_S18__X__spades_VRE3786_S19_L001__c75__k5__order	0	SP137_S18	spades_VRE3786_S19_L001	1313	1352	order	75.0	5.0	2035362	1526664	102093	75.00700121157809	5.01596276239804	1188	239	-0.0031925524796079683	True	True
strain_madness	s0__spades_VRE3387_S5_L001__X__SP182_S62__c75__k10__order	0	spades_VRE3387_S5_L001	SP182_S62	1352	1313	order	75.0	10.0	3006421	2273352	302219	75.61655536599831	10.052451070558648	105	426	-0.005245107055864828	True	True
strain_madness	s0__SP142_S23__X__MIKI-NS02__c75__k10__order	0	SP142_S23	MIKI-NS02	1313	1351	order	75.0	10.0	2060851	1548280	206279	75.12818733620237	10.009408734547039	58	592	-0.0009408734547038833	True	True
strain_madness	s0__spades_MRSA7286_S4_L001__X__MIKI-NS13__c75__k15__order	0	spades_MRSA7286_S4_L001	MIKI-NS13	1280	481743	order	75.0	15.0	2817370	2118251	422721	75.18540340814306	15.004099568036857	385	1685	-0.0002733045357904492	True	True
strain_madness	s0__SP158_S39__X__spades_VRE3056_S20_L001__c75__k15__order	0	SP158_S39	spades_VRE3056_S20_L001	1313	1352	order	75.0	15.0	1975569	1482525	296641	75.04293699688546	15.015471492010656	539	494	-0.0010314328007104004	True	True
strain_madness	s0__spades_MRSA7133_S3_L001__X__MIKI-NS13__c75__k20__order	0	spades_MRSA7133_S3_L001	MIKI-NS13	1280	481743	order	75.0	20.0	2821986	2116636	564489	75.00519137940444	20.00325302818653	2788	2257	-0.00016265140932656408	True	True
strain_madness	s0__spades_MRSA8758_S5_L001__X__MIKI-NS13__c75__k20__order	0	spades_MRSA8758_S5_L001	MIKI-NS13	1280	481743	order	75.0	20.0	2816182	2112974	563399	75.02973884500362	20.005773774564286	306	2251	-0.0002886887282143036	True	True
strain_madness	s0__spades_MRSA8602_S6_L001__X__MIKI-NS13__c75__k20__order	0	spades_MRSA8602_S6_L001	MIKI-NS13	1280	481743	order	75.0	20.0	2816259	2112882	563456	75.02442069426144	20.007250753570606	3178	2253	-0.00036253767853029474	True	True
strain_madness	s0__spades_MRSA8758_S5_L001__X__spades_VRE3056_S20_L001__c75__k2__class	0	spades_MRSA8758_S5_L001	spades_VRE3056_S20_L001	1280	1352	class	75.0	2.0	2816182	2113266	56397	75.04010749305264	2.0026049452769743	319	96	-0.001302472638487151	True	True
strain_madness	s0__SP148_S29__X__spades_MRSA7113_S2_L001__c75__k2__class	0	SP148_S29	spades_MRSA7113_S2_L001	1313	1280	class	75.0	2.0	2086142	1565253	45040	75.03099022022471	2.159009310008619	2295	22	-0.07950465500430948	True	True
strain_madness	s0__SP97_S78__X__spades_MRSA8602_S6_L001__c75__k5__class	0	SP97_S78	spades_MRSA8602_S6_L001	1313	1280	class	75.0	5.0	2008538	1509051	100642	75.13181229331981	5.0107092820748225	1143	151	-0.0021418564149644935	True	True
strain_madness	s0__SP45_S32__X__spades_MRSA7113_S2_L001__c75__k10__class	0	SP45_S32	spades_MRSA7113_S2_L001	1313	1280	class	75.0	10.0	2070043	1552964	207151	75.02085705466021	10.007086809307825	2457	134	-0.0007086809307825348	True	True
strain_madness	s0__spades_MRSA8602_S6_L001__X__SP13_S10__c75__k10__class	0	spades_MRSA8602_S6_L001	SP13_S10	1280	1313	class	75.0	10.0	2816259	2112579	281805	75.01366174062827	10.006359500315844	3170	1121	-0.0006359500315843647	True	True
strain_madness	s0__spades_VRE3387_S5_L001__X__spades_MRSA8007_S12_L001__c75__k15__class	0	spades_VRE3387_S5_L001	spades_MRSA8007_S12_L001	1352	1280	class	75.0	15.0	3006421	2294767	451391	76.32886412115934	15.014231207139652	120	1603	-0.0009487471426434505	True	True
strain_madness	s0__SP160_S41__X__spades_MRSA7830_S9_L001__c75__k15__class	0	SP160_S41	spades_MRSA7830_S9_L001	1313	1280	class	75.0	15.0	2045367	1534371	306901	75.01690405682696	15.004691089667526	1788	919	-0.00031273931116840477	True	True
strain_madness	s0__SP148_S29__X__spades_MRSA7124_S4_L001__c75__k20__class	0	SP148_S29	spades_MRSA7124_S4_L001	1313	1280	class	75.0	20.0	2086142	1565300	417296	75.03324318287058	20.003240431380032	2318	1584	-0.00016202156900160247	True	True
strain_madness	s0__SP196_S75__X__spades_MRSA8602_S6_L001__c75__k20__class	0	SP196_S75	spades_MRSA8602_S6_L001	1313	1280	class	75.0	20.0	1970420	1477847	394268	75.00162401924463	20.00933811065661	2100	606	-0.0004669055328305305	True	True
strain_madness	s0__SP182_S62__X__MIKI-NS20__c75__k2__phylum	0	SP182_S62	MIKI-NS20	1313	186802	phylum	75.0	2.0	2047295	1535895	41103	75.02069804302751	2.007673539963708	2106	166	-0.0038367699818540046	True	True
strain_madness	s0__SP138_S19__X__MIKI-NS20__c75__k5__phylum	0	SP138_S19	MIKI-NS20	1313	186802	phylum	75.0	5.0	2139728	1605458	107030	75.03093851181085	5.002037642167602	776	424	-0.00040752843352045434	True	True
strain_madness	s0__SP53_S39__X__MIKI-NS20__c75__k10__phylum	0	SP53_S39	MIKI-NS20	1313	186802	phylum	75.0	10.0	2156089	1621547	215656	75.20779522552176	10.002184510936237	48	860	-0.00021845109362370608	True	True
strain_madness	s0__SP45_S32__X__MIKI-NS20__c75__k10__phylum	0	SP45_S32	MIKI-NS20	1313	186802	phylum	75.0	10.0	2070043	1552618	207039	75.0041424260269	10.001676293680855	2462	826	-0.0001676293680855423	True	True
strain_madness	s0__SP142_S23__X__MIKI-NS20__c75__k15__phylum	0	SP142_S23	MIKI-NS20	1313	186802	phylum	75.0	15.0	2060851	1546339	309213	75.03400294344424	15.004141493004589	53	1232	-0.00027609953363925873	True	True
strain_madness	s0__SP138_S19__X__MIKI-NS20__c75__k15__phylum	0	SP138_S19	MIKI-NS20	1313	186802	phylum	75.0	15.0	2139728	1605137	321189	75.01593660502644	15.010739682800805	794	1288	-0.0007159788533870189	True	True
strain_madness	s0__SP131_S12__X__MIKI-NS20__c75__k15__phylum	0	SP131_S12	MIKI-NS20	1313	186802	phylum	75.0	15.0	2155215	1619527	323361	75.14456794333744	15.003653927798387	567	1298	-0.00024359518655915716	True	True
strain_madness	s0__SP1_S85__X__MIKI-NS20__c75__k15__phylum	0	SP1_S85	MIKI-NS20	1313	186802	phylum	75.0	15.0	2164447	1660059	324700	76.69668049159901	15.001522328798071	146	1290	-0.0001014885865380677	True	True
strain_madness	s0__spades_VRE3766_S8_L001__X__MIKI-NS20__c75__k15__phylum	0	spades_VRE3766_S8_L001	MIKI-NS20	1352	186802	phylum	75.0	15.0	3083042	2319185	462574	75.22391845456532	15.00381765801439	126	1851	-0.00025451053429262533	True	True
strain_madness	s0__SP195_S74__X__MIKI-NS20__c75__k15__phylum	0	SP195_S74	MIKI-NS20	1313	186802	phylum	75.0	15.0	1985003	1489054	297759	75.01520148836047	15.000430729827613	1939	1178	-2.871532184087755e-05	True	True
strain_madness	s0__SP21_S92__X__MIKI-NS20__c75__k20__phylum	0	SP21_S92	MIKI-NS20	68892	186802	phylum	75.0	20.0	1689727	1267329	338195	75.00199736407124	20.014771616953507	541	1353	-0.0007385808476753297	True	True
strain_madness	s0__SP101_S82__X__MIKI-NS20__c75__k20__phylum	0	SP101_S82	MIKI-NS20	1313	186802	phylum	75.0	20.0	2132333	1599441	426729	75.00896904939331	20.01230577025258	1177	1696	-0.0006152885126290642	True	True
strain_madness	s0__SP131_S12__X__MIKI-NS20__c75__k20__phylum	0	SP131_S12	MIKI-NS20	1313	186802	phylum	75.0	20.0	2155215	1617336	431162	75.04290755214677	20.00552149089534	591	1716	-0.0002760745447670132	True	True
strain_madness	s0__spades_VRE3766_S8_L001__X__MIKI-NS20__c75__k20__phylum	0	spades_VRE3766_S8_L001	MIKI-NS20	1352	186802	phylum	75.0	20.0	3083042	2322986	616631	75.34720577922714	20.00073304223556	136	2457	-3.6652111777968345e-05	True	True
strain_madness	s0__SP1_S85__X__SP18_S91__c90__k2__species	0	SP1_S85	SP18_S91	1313	1313	species	90.0	2.0	2164447	1950213	51315	90.10213694306213	2.3708134225508872	183	5	-0.18540671127544361	True	True
strain_madness	s0__spades_ESBL7532_S2_L001__X__spades_And4955_S10_L001__c90__k5__species	0	spades_ESBL7532_S2_L001	spades_And4955_S10_L001	562	562	species	90.0	5.0	5351688	4816939	267646	90.00784425399986	5.001151038700313	4676	1028	-0.0002302077400626601	True	True
strain_madness	s0__spades_ESBL7586_S7_L001__X__spades_ESBL6210_S10_L001__c90__k5__species	0	spades_ESBL7586_S7_L001	spades_ESBL6210_S10_L001	562	562	species	90.0	5.0	4948638	4456490	249053	90.0548797467101	5.032758508502743	2237	128	-0.0065517017005486625	True	True
strain_madness	s0__spades_MRSA7286_S4_L001__X__spades_MRSA8758_S5_L001__c90__k5__species	0	spades_MRSA7286_S4_L001	spades_MRSA8758_S5_L001	1280	1280	species	90.0	5.0	2817370	2541858	144429	90.22095074484359	5.126376727231425	460	26	-0.02527534544628498	True	True
strain_madness	s0__spades_MRSA8013_S11_L001__X__spades_MRSA7124_S4_L001__c90__k5__species	0	spades_MRSA8013_S11_L001	spades_MRSA7124_S4_L001	1280	1280	species	90.0	5.0	2739001	2466853	136955	90.06396857832472	5.000180722825585	2113	514	-3.614456511691344e-05	True	True
strain_madness	s0__spades_VRE3387_S5_L001__X__spades_VRE3021_S4_L001__c90__k5__species	0	spades_VRE3387_S5_L001	spades_VRE3021_S4_L001	1352	1352	species	90.0	5.0	3006421	2713342	150460	90.2515649005911	5.004621774528584	126	613	-0.00092435490571674	True	True
strain_madness	s0__SP158_S39__X__SP178_S58__c90__k5__species	0	SP158_S39	SP178_S58	1313	1313	species	90.0	5.0	1975569	1780400	98868	90.12087150588007	5.004532871289234	629	367	-0.0009065742578467706	True	True
strain_madness	s0__spades_And10925_S5_L001__X__spades_And11624_S6_L001__c90__k10__species	0	spades_And10925_S5_L001	spades_And11624_S6_L001	1639133	1639133	species	90.0	10.0	5618570	5057648	563035	90.0166412450143	10.020966188905717	1239	1176	-0.0020966188905717333	True	True
strain_madness	s0__spades_ESBL9044_S9_L001__X__spades_ESBL6418_S2_L001__c90__k10__species	0	spades_ESBL9044_S9_L001	spades_ESBL6418_S2_L001	562	562	species	90.0	10.0	5039987	4573063	504092	90.73561102439352	10.0018511952511	92	2012	-0.00018511952510991136	True	True
strain_madness	s0__SP39_S26__X__SP169_S50__c90__k10__species	0	SP39_S26	SP169_S50	1313	1313	species	90.0	10.0	2010726	1824990	201301	90.76273942844524	10.01135908124727	473	711	-0.0011359081247270808	True	True
strain_madness	s0__spades_ESBL8075_S12_L001__X__spades_ESBL6759Q_S12_L001__c90__k15__species	0	spades_ESBL8075_S12_L001	spades_ESBL6759Q_S12_L001	573	573	species	90.0	15.0	5404977	4914947	810919	90.93372645248999	15.00319057786925	49	2627	-0.00021270519128329112	True	True
strain_madness	s0__spades_ESBL7532_S2_L001__X__spades_AND9183_S11_L001__c90__k15__species	0	spades_ESBL7532_S2_L001	spades_AND9183_S11_L001	562	562	species	90.0	15.0	5351688	4818345	802988	90.03411633862063	15.004387400760283	4686	3048	-0.00029249338401887335	True	True
strain_madness	s0__SP53_S39__X__SP44_S31__c90__k15__species	0	SP53_S39	SP44_S31	1313	1313	species	90.0	15.0	2156089	1961196	323501	90.96080913171951	15.004065231073485	53	1242	-0.0002710154048989703	True	True
strain_madness	s0__SP1_S85__X__SP13_S10__c90__k15__species	0	SP1_S85	SP13_S10	1313	1313	species	90.0	15.0	2164447	1949030	324812	90.0474809500995	15.006696860676191	177	1289	-0.0004464573784127642	True	True
strain_madness	s0__SP39_S26__X__SP47_S34__c90__k20__species	0	SP39_S26	SP47_S34	1313	1313	species	90.0	20.0	2010726	1814200	402164	90.2261173327445	20.00093498567184	486	1508	-4.6749283592006916e-05	True	True
strain_madness	s0__spades_ESBL9044_S9_L001__X__spades_And7187_S3_L001__c90__k20__species	0	spades_ESBL9044_S9_L001	spades_And7187_S3_L001	562	562	species	90.0	20.0	5039987	4561648	1008157	90.50912234495843	20.003166674834677	92	2269	-0.00015833374173386262	True	True
strain_madness	s0__spades_ESBL7347_S10_L001__X__spades_ESBL6200_S12_L001__c90__k20__species	0	spades_ESBL7347_S10_L001	spades_ESBL6200_S12_L001	562	562	species	90.0	20.0	5120214	4615859	1025029	90.14972811683262	20.019260913704	1403	378	-0.000963045685199937	True	True
strain_madness	s0__SP97_S78__X__SP20_S77__c90__k2__genus	0	SP97_S78	SP20_S77	1313	1301	genus	90.0	2.0	2008538	1808166	40388	90.02398759694863	2.01081582723354	1353	132	-0.005407913616769955	True	True
strain_madness	s0__MIKI-NS09__X__MIKI-NS06__c90__k5__genus	0	MIKI-NS09	MIKI-NS06	97137	508451	genus	90.0	5.0	2039692	1835841	102163	90.00579499257731	5.008746418576923	1120	417	-0.0017492837153845642	True	True
strain_madness	s0__SP18_S91__X__SP119_S1__c90__k5__genus	0	SP18_S91	SP119_S1	1313	257758	genus	90.0	5.0	2072566	1865924	103806	90.02965406168006	5.0085739127246125	247	424	-0.0017147825449224997	True	True
strain_madness	s0__spades_ESBL8075_S12_L001__X__spades_ESBL6643_S3_L001__c90__k5__genus	0	spades_ESBL8075_S12_L001	spades_ESBL6643_S3_L001	573	548	genus	90.0	5.0	5404977	5053937	270252	93.50524525821294	5.000058279618951	54	822	-1.1655923790243606e-05	True	True
strain_madness	s0__SP18_S91__X__SP181_S61__c90__k10__genus	0	SP18_S91	SP181_S61	1313	28037	genus	90.0	10.0	2072566	1868487	207259	90.15331719231136	10.000115798483618	243	698	-1.1579848361797928e-05	True	True
strain_madness	s0__SP39_S26__X__SP20_S77__c90__k10__genus	0	SP39_S26	SP20_S77	1313	1301	genus	90.0	10.0	2010726	1812502	201187	90.14167022259622	10.005689487279719	474	668	-0.0005689487279719075	True	True
strain_madness	s0__SP53_S39__X__SP181_S61__c90__k10__genus	0	SP53_S39	SP181_S61	1313	28037	genus	90.0	10.0	2156089	1957428	215610	90.78604825682056	10.00005101830212	56	713	-5.1018302119842925e-06	True	True
strain_madness	s0__spades_VRE3766_S8_L001__X__MIKI-NS02__c90__k10__genus	0	spades_VRE3766_S8_L001	MIKI-NS02	1352	1351	genus	90.0	10.0	3083042	2777390	308409	90.0860254255375	10.003399240101173	155	857	-0.0003399240101172651	True	True
strain_madness	s0__SP188_S67__X__SP21_S92__c90__k20__genus	0	SP188_S67	SP21_S92	1313	68892	genus	90.0	20.0	2040293	1839376	408092	90.15254181629795	20.001637019780983	364	178	-8.185098904913701e-05	True	True
strain_madness	s0__spades_ESBL6984_S1_L001__X__spades_ESBL7532_S2_L001__c90__k2__family	0	spades_ESBL6984_S1_L001	spades_ESBL7532_S2_L001	543	562	family	90.0	2.0	5169466	4652713	105321	90.00374506767237	2.0373671090979224	3676	87	-0.0186835545489612	True	True
strain_madness	s0__SP188_S67__X__MIKI-NS12__c90__k5__family	0	SP188_S67	MIKI-NS12	1313	1363	family	90.0	5.0	2040293	1836551	102271	90.01408131087055	5.012564371881882	357	363	-0.002512874376376395	True	True
strain_madness	s0__spades_ESBL7532_S2_L001__X__spades_ESBL8956_S2_L001__c90__k5__family	0	spades_ESBL7532_S2_L001	spades_ESBL8956_S2_L001	562	573	family	90.0	5.0	5351688	4818670	267638	90.04018918890638	5.0010015531548175	4689	963	-0.0002003106309635072	True	True
strain_madness	s0__spades_ESBL6515_S2_L001__X__spades_ESBL6418_S2_L001__c90__k5__family	0	spades_ESBL6515_S2_L001	spades_ESBL6418_S2_L001	573	562	family	90.0	5.0	5206284	4698522	260420	90.24713211956936	5.002032159597901	484	1038	-0.0004064319195801858	True	True
strain_madness	s0__SP53_S39__X__MIKI-NS12__c90__k5__family	0	SP53_S39	MIKI-NS12	1313	1363	family	90.0	5.0	2156089	2013952	107886	93.40764690140342	5.0037823113980915	53	381	-0.0007564622796182973	True	True
strain_madness	s0__SP101_S82__X__MIKI-NS12__c90__k5__family	0	SP101_S82	MIKI-NS12	1313	1363	family	90.0	5.0	2132333	1921919	106683	90.13221668472983	5.003111615305865	1434	398	-0.0006223230611729136	True	True
strain_madness	s0__SP21_S92__X__MIKI-NS12__c90__k5__family	0	SP21_S92	MIKI-NS12	68892	1363	family	90.0	5.0	1689727	1522708	84863	90.11562222773264	5.022290583035011	651	308	-0.004458116607002261	True	True
strain_madness	s0__SP188_S67__X__MIKI-NS12__c90__k10__family	0	SP188_S67	MIKI-NS12	1313	1363	family	90.0	10.0	2040293	1840799	204176	90.22228670097873	10.007190143768566	364	762	-0.0007190143768566415	True	True
strain_madness	s0__spades_ESBL5909_S5_L001__X__spades_ESBL8075_S12_L001__c90__k10__family	0	spades_ESBL5909_S5_L001	spades_ESBL8075_S12_L001	562	573	family	90.0	10.0	4903928	4490935	514871	91.57832252023276	10.49915496312344	171	9	-0.04991549631234395	True	True
strain_madness	s0__spades_AND8064_S11_L001__X__spades_ESBL5872_S5_L001__c90__k15__family	0	spades_AND8064_S11_L001	spades_ESBL5872_S5_L001	573	562	family	90.0	15.0	5497841	4983151	824727	90.63832511707777	15.000924908523182	250	2655	-6.166056821210001e-05	True	True
strain_madness	s0__SP188_S67__X__MIKI-NS12__c90__k15__family	0	SP188_S67	MIKI-NS12	1313	1363	family	90.0	15.0	2040293	1837362	306218	90.05383050375607	15.008530637511377	361	1110	-0.0005687091674251595	True	True
strain_madness	s0__spades_ESBL9861_S4_L001__X__spades_ESBL8075_S12_L001__c90__k15__family	0	spades_ESBL9861_S4_L001	spades_ESBL8075_S12_L001	562	573	family	90.0	15.0	5188009	4736999	783675	91.30668431762551	15.105505792299127	75	16	-0.007033719486608447	True	True
strain_madness	s0__SP1_S85__X__MIKI-NS12__c90__k20__family	0	SP1_S85	MIKI-NS12	1313	1363	family	90.0	20.0	2164447	1951146	433052	90.14524264165397	20.00751231145877	189	1596	-0.00037561557293841474	True	True
strain_madness	s0__spades_ESBL5481_S10_L001__X__spades_AND8064_S11_L001__c90__k20__family	0	spades_ESBL5481_S10_L001	spades_AND8064_S11_L001	562	573	family	90.0	20.0	4901360	4414090	996590	90.05847356652032	20.33292800365613	1965	60	-0.016646400182806432	True	True
strain_madness	s0__SP21_S92__X__MIKI-NS12__c90__k20__family	0	SP21_S92	MIKI-NS12	68892	1363	family	90.0	20.0	1689727	1523237	338090	90.14692906013812	20.008557595398546	647	1246	-0.0004278797699273085	True	True
strain_madness	s0__spades_ESBL9861_S4_L001__X__spades_And5527_S8_L001__c90__k20__family	0	spades_ESBL9861_S4_L001	spades_And5527_S8_L001	562	573	family	90.0	20.0	5188009	4734531	1037722	91.25911308172364	20.002316881100246	80	3170	-0.0001158440550122819	True	True
strain_madness	s0__SP53_S39__X__spades_VRE3766_S8_L001__c90__k2__order	0	SP53_S39	spades_VRE3766_S8_L001	1313	1352	order	90.0	2.0	2156089	2018150	64222	93.60235129440389	2.9786339988748147	56	4	-0.48931699943740736	True	True
strain_madness	s0__SP101_S82__X__MIKI-NS10__c90__k2__order	0	SP101_S82	MIKI-NS10	1313	1598	order	90.0	2.0	2132333	1919271	42680	90.008033454437	2.0015635456563303	1427	171	-0.0007817728281651615	True	True
strain_madness	s0__SP138_S19__X__spades_VRE2906_S11_L001__c90__k2__order	0	SP138_S19	spades_VRE2906_S11_L001	1313	1352	order	90.0	2.0	2139728	1928199	42949	90.11421077819237	2.007217739824875	950	175	-0.0036088699124374735	True	True
strain_madness	s0__spades_MRSA7286_S4_L001__X__MIKI-NS13__c90__k5__order	0	spades_MRSA7286_S4_L001	MIKI-NS13	1280	481743	order	90.0	5.0	2817370	2540556	140893	90.17473743242812	5.000869605341151	478	550	-0.00017392106823024278	True	True
strain_madness	s0__SP18_S91__X__MIKI-NS10__c90__k5__order	0	SP18_S91	MIKI-NS10	1313	1598	order	90.0	5.0	2072566	1865616	103715	90.0147932562823	5.004183220220731	246	425	-0.000836644044146162	True	True
strain_madness	s0__SP137_S18__X__MIKI-NS11__c90__k5__order	0	SP137_S18	MIKI-NS11	1313	97137	order	90.0	5.0	2035362	1832403	101811	90.02835859173946	5.002107733169824	1419	417	-0.00042154663396480884	True	True
strain_madness	s0__SP1_S85__X__spades_VRE2224_S14_L001__c90__k5__order	0	SP1_S85	spades_VRE2224_S14_L001	1313	1352	order	90.0	5.0	2164447	1976066	108285	91.29657598453554	5.002894503769323	178	437	-0.0005789007538645307	True	True
strain_madness	s0__SP158_S39__X__spades_VRE2943_S1_L001__c90__k10__order	0	SP158_S39	spades_VRE2943_S1_L001	1313	1352	order	90.0	10.0	1975569	1783474	197809	90.27647224672992	10.01276088053619	626	762	-0.0012760880536189846	True	True
strain_madness	s0__SP137_S18__X__spades_VRE2941_S2_L001__c90__k10__order	0	SP137_S18	spades_VRE2941_S2_L001	1313	1352	order	90.0	10.0	2035362	1835350	203856	90.17314856030524	10.015712192720509	1435	418	-0.001571219272050861	True	True
strain_madness	s0__spades_VRE3387_S5_L001__X__SP22_S78__c90__k15__order	0	spades_VRE3387_S5_L001	SP22_S78	1352	1313	order	90.0	15.0	3006421	2729288	451262	90.78196300518124	15.009940390916642	130	868	-0.0006626927277761041	True	True
strain_madness	s0__SP53_S39__X__spades_VRE3387_S5_L001__c90__k20__order	0	SP53_S39	spades_VRE3387_S5_L001	1313	1352	order	90.0	20.0	2156089	1989579	443567	92.27722046724416	20.57275928776595	53	18	-0.028637964388297556	True	True
strain_madness	s0__SP1_S85__X__spades_VRE3783_S7_L001__c90__k20__order	0	SP1_S85	spades_VRE3783_S7_L001	1313	1352	order	90.0	20.0	2164447	1957681	435175	90.44716733650674	20.105597411255623	178	263	-0.005279870562781142	True	True
strain_madness	s0__SP158_S39__X__spades_VRE3056_S20_L001__c90__k20__order	0	SP158_S39	spades_VRE3056_S20_L001	1313	1352	order	90.0	20.0	1975569	1779416	396081	90.07106307094311	20.048958047023415	637	658	-0.002447902351170761	True	True
strain_madness	s0__SP158_S39__X__spades_MRSA8602_S6_L001__c90__k2__class	0	SP158_S39	spades_MRSA8602_S6_L001	1313	1280	class	90.0	2.0	1975569	1778601	40165	90.0298091334699	2.0330851516702277	627	64	-0.01654257583511387	True	True
strain_madness	s0__spades_VRE3387_S5_L001__X__spades_MRSA7124_S4_L001__c90__k5__class	0	spades_VRE3387_S5_L001	spades_MRSA7124_S4_L001	1352	1280	class	90.0	5.0	3006421	2790177	150375	92.80726152458355	5.0017944925211735	128	569	-0.0003588985042346948	True	True
strain_madness	s0__SP53_S39__X__spades_MRSA7129_S1_L001__c90__k5__class	0	SP53_S39	spades_MRSA7129_S1_L001	1313	1280	class	90.0	5.0	2156089	1977356	107947	91.71031437013964	5.006611508152029	51	322	-0.0013223016304058533	True	True
strain_madness	s0__spades_MRSA8758_S5_L001__X__SP154_S35__c90__k5__class	0	spades_MRSA8758_S5_L001	SP154_S35	1280	1313	class	90.0	5.0	2816182	2535574	141125	90.03587126116139	5.0112173147900245	370	330	-0.002243462958004905	True	True
strain_madness	s0__SP101_S82__X__spades_MRSA8339_S5_L001__c90__k10__class	0	SP101_S82	spades_MRSA8339_S5_L001	1313	1280	class	90.0	10.0	2132333	1920533	213281	90.06721745618532	10.002236986436921	1431	757	-0.00022369864369213842	True	True
strain_madness	s0__spades_MRSA8758_S5_L001__X__SP39_S26__c90__k10__class	0	spades_MRSA8758_S5_L001	SP39_S26	1280	1313	class	90.0	10.0	2816182	2543275	289334	90.3093265989201	10.273980871974894	368	83	-0.027398087197489394	True	True
strain_madness	s0__spades_MRSA8758_S5_L001__X__SP161_S42__c90__k15__class	0	spades_MRSA8758_S5_L001	SP161_S42	1280	1313	class	90.0	15.0	2816182	2534820	422541	90.00909742339095	15.00403738110676	373	1544	-0.0002691587404507108	True	True
strain_madness	s0__SP137_S18__X__spades_MRSA7133_S3_L001__c90__k15__class	0	SP137_S18	spades_MRSA7133_S3_L001	1313	1280	class	90.0	15.0	2035362	1833058	305328	90.060539599344	15.001164412030882	1432	396	-7.762746872543857e-05	True	True
strain_madness	s0__SP138_S19__X__spades_MRSA8186_S9_L001__c90__k15__class	0	SP138_S19	spades_MRSA8186_S9_L001	1313	1280	class	90.0	15.0	2139728	1927067	321333	90.06130685769406	15.017469510143345	957	980	-0.001164634009556309	True	True
strain_madness	s0__spades_MRSA7113_S2_L001__X__MIKI-NS20__c90__k2__phylum	0	spades_MRSA7113_S2_L001	MIKI-NS20	1280	186802	phylum	90.0	2.0	2825247	2543062	56732	90.01202372748294	2.00803681943561	1537	229	-0.004018409717805094	True	True
strain_madness	s0__spades_VRE3387_S5_L001__X__MIKI-NS20__c90__k2__phylum	0	spades_VRE3387_S5_L001	MIKI-NS20	1352	186802	phylum	90.0	2.0	3006421	2714371	60194	90.2857916439514	2.00218133122407	130	234	-0.00109066561203508	True	True
strain_madness	s0__SP142_S23__X__MIKI-NS20__c90__k5__phylum	0	SP142_S23	MIKI-NS20	1313	186802	phylum	90.0	5.0	2060851	1898807	103239	92.1370346521898	5.009532469838916	70	419	-0.0019064939677832626	True	True
strain_madness	s0__spades_MRSA7286_S4_L001__X__MIKI-NS20__c90__k5__phylum	0	spades_MRSA7286_S4_L001	MIKI-NS20	1280	186802	phylum	90.0	5.0	2817370	2539937	141054	90.15276658727821	5.006584154725862	461	555	-0.0013168309451723204	True	True
strain_madness	s0__SP137_S18__X__MIKI-NS20__c90__k5__phylum	0	SP137_S18	MIKI-NS20	1313	186802	phylum	90.0	5.0	2035362	1835013	101854	90.15659130906444	5.00422037947058	1435	407	-0.0008440758941160809	True	True
strain_madness	s0__SP39_S26__X__MIKI-NS20__c90__k10__phylum	0	SP39_S26	MIKI-NS20	1313	186802	phylum	90.0	10.0	2010726	1812202	201305	90.12675023847108	10.011558014368939	481	805	-0.0011558014368938884	True	True
strain_madness	s0__SP188_S67__X__MIKI-NS20__c90__k10__phylum	0	SP188_S67	MIKI-NS20	1313	186802	phylum	90.0	10.0	2040293	1841264	204102	90.24507754523492	10.003563213714893	369	813	-0.00035632137148926545	True	True
strain_madness	s0__spades_VRE3766_S8_L001__X__MIKI-NS20__c90__k15__phylum	0	spades_VRE3766_S8_L001	MIKI-NS20	1352	186802	phylum	90.0	15.0	3083042	2803034	462499	90.91780131441608	15.001384995728245	142	1837	-9.233304854963839e-05	True	True
strain_madness	s0__SP18_S91__X__MIKI-NS20__c90__k15__phylum	0	SP18_S91	MIKI-NS20	1313	186802	phylum	90.0	15.0	2072566	1866199	310909	90.04292263792806	15.001162809773007	258	1242	-7.752065153378377e-05	True	True
strain_madness	s0__SP188_S67__X__MIKI-NS20__c90__k15__phylum	0	SP188_S67	MIKI-NS20	1313	186802	phylum	90.0	15.0	2040293	1843252	306065	90.34251453100119	15.001031714562565	371	1218	-6.878097083766004e-05	True	True
strain_madness	s0__SP1_S85__X__MIKI-NS20__c90__k15__phylum	0	SP1_S85	MIKI-NS20	1313	186802	phylum	90.0	15.0	2164447	1952279	324757	90.19758857574244	15.004155795914615	184	1308	-0.0002770530609743342	True	True
strain_madness	s0__spades_MRSA7286_S4_L001__X__MIKI-NS20__c90__k15__phylum	0	spades_MRSA7286_S4_L001	MIKI-NS20	1280	186802	phylum	90.0	15.0	2817370	2536465	422822	90.0295310875036	15.007684471688135	464	1683	-0.0005122981125423346	True	True
strain_madness	s0__SP138_S19__X__MIKI-NS20__c90__k20__phylum	0	SP138_S19	MIKI-NS20	1313	186802	phylum	90.0	20.0	2139728	1926315	428078	90.02616220379413	20.00618770236217	961	1717	-0.0003093851181084517	True	True
strain_madness	s0__spades_MRSA7286_S4_L001__X__MIKI-NS20__c90__k20__phylum	0	spades_MRSA7286_S4_L001	MIKI-NS20	1280	186802	phylum	90.0	20.0	2817370	2549177	563654	90.48073203022678	20.006388937200295	461	2247	-0.0003194468600147715	True	True
strain_madness	s0__SP53_S39__X__MIKI-NS20__c90__k20__phylum	0	SP53_S39	MIKI-NS20	1313	186802	phylum	90.0	20.0	2156089	1956857	431218	90.75956511999273	20.000009276054932	52	1734	-4.638027466086214e-07	True	True
strain_madness	s0__SP158_S39__X__MIKI-NS20__c90__k20__phylum	0	SP158_S39	MIKI-NS20	1313	186802	phylum	90.0	20.0	1975569	1779108	395247	90.05547262586121	20.00674236131464	618	1580	-0.0003371180657319783	True	True
strain_madness	s0__SP131_S12__X__MIKI-NS20__c90__k20__phylum	0	SP131_S12	MIKI-NS20	1313	186802	phylum	90.0	20.0	2155215	1941767	431435	90.09620849892006	20.018188440596415	692	1719	-0.000909422029820739	True	True
strain_madness	s1__SP110_S88__X__SP87_S70__c60__k2__species	1	SP110_S88	SP87_S70	1313	1313	species	60.0	2.0	2140902	1285043	43013	60.02343871882039	2.0091064420510607	2069	181	-0.004553221025530352	True	True
strain_madness	s1__SP177_S57__X__SP159_S40__c60__k2__species	1	SP177_S57	SP159_S40	1313	1313	species	60.0	2.0	1977200	1186846	39787	60.02660327736193	2.0122901072223347	2225	138	-0.00614505361116735	True	True
strain_madness	s1__SP118_S96__X__SP1_S85__c60__k2__species	1	SP118_S96	SP1_S85	1313	1313	species	60.0	2.0	1983599	1190274	39802	60.00577737738323	2.006554752245792	2182	165	-0.003277376122895914	True	True
strain_madness	s1__spades_ESBL6515_S2_L001__X__spades_And6241_S2_L001__c60__k2__species	1	spades_ESBL6515_S2_L001	spades_And6241_S2_L001	573	573	species	60.0	2.0	5206284	3180508	104285	61.08979072213502	2.0030601480825863	8	305	-0.001530074041293128	True	True
strain_madness	s1__spades_And9387_S6_L001__X__spades_AND8281_S12_L001__c60__k5__species	1	spades_And9387_S6_L001	spades_AND8281_S12_L001	573	573	species	60.0	5.0	5536369	3322335	277027	60.00927683830323	5.003766909322699	2541	1127	-0.0007533818645397261	True	True
strain_madness	s1__spades_And6400_S11_L001__X__spades_ESBL6200_S12_L001__c60__k10__species	1	spades_And6400_S11_L001	spades_ESBL6200_S12_L001	562	562	species	60.0	10.0	4808757	2888574	481080	60.069036551441464	10.004248499144374	128	937	-0.0004248499144374307	True	True
strain_madness	s1__SP136_S17__X__SP25_S14__c60__k10__species	1	SP136_S17	SP25_S14	1313	1313	species	60.0	10.0	2038096	1223817	204020	60.04707334688847	10.010323360626781	969	742	-0.001032336062678141	True	True
strain_madness	s1__spades_AND8302_S10_L001__X__spades_And5527_S8_L001__c60__k15__species	1	spades_AND8302_S10_L001	spades_And5527_S8_L001	573	573	species	60.0	15.0	5495418	3386975	824753	61.63270928617259	15.008012129377601	23	2370	-0.0005341419585067323	True	True
strain_madness	s1__SP130_S11__X__SP113_S91__c60__k15__species	1	SP130_S11	SP113_S91	1313	1313	species	60.0	15.0	2077144	1254846	311989	60.41208505524894	15.020094899535131	31	1182	-0.0013396599690087404	True	True
strain_madness	s1__SP39_S26__X__SP155_S36__c60__k15__species	1	SP39_S26	SP155_S36	1313	1313	species	60.0	15.0	2010726	1208366	302846	60.09600512451721	15.061525041204023	1647	61	-0.004101669413601528	True	True
strain_madness	s1__spades_ESBL5734_S3_L001__X__spades_And7051_S7_L001__c60__k20__species	1	spades_ESBL5734_S3_L001	spades_And7051_S7_L001	562	562	species	60.0	20.0	5598134	3360267	1120220	60.02476896765958	20.01059638801072	7508	2140	-0.0005298194005359136	True	True
strain_madness	s1__SP126_S7__X__SP68_S51__c60__k2__genus	1	SP126_S7	SP68_S51	1313	257758	genus	60.0	2.0	2003842	1202451	52481	60.00727602276028	2.6190188647607946	2277	1	-0.3095094323803973	True	True
strain_madness	s1__spades_ESBL7553_S11_L001__X__spades_ESBL6643_S3_L001__c60__k5__genus	1	spades_ESBL7553_S11_L001	spades_ESBL6643_S3_L001	573	548	genus	60.0	5.0	5395788	3342922	270359	61.95428730706247	5.0105563821262065	43	742	-0.002111276425241293	True	True
strain_madness	s1__SP57_S43__X__SP21_S92__c60__k5__genus	1	SP57_S43	SP21_S92	1313	68892	genus	60.0	5.0	1969838	1182528	99358	60.03173865058954	5.043968082654513	1875	221	-0.008793616530902604	True	True
strain_madness	s1__SP53_S39__X__SP181_S61__c60__k5__genus	1	SP53_S39	SP181_S61	1313	28037	genus	60.0	5.0	2156089	1294106	107808	60.02099171230872	5.000164649975024	2548	392	-3.2929995004771226e-05	True	True
strain_madness	s1__spades_ESBL6515_S2_L001__X__spades_ESBL6643_S3_L001__c60__k5__genus	1	spades_ESBL6515_S2_L001	spades_ESBL6643_S3_L001	573	548	genus	60.0	5.0	5206284	3531047	260532	67.82278876834226	5.004183406053147	19	704	-0.0008366812106293864	True	True
strain_madness	s1__SP127_S8__X__SP21_S92__c60__k10__genus	1	SP127_S8	SP21_S92	1313	68892	genus	60.0	10.0	2054557	1239475	206275	60.32809019170556	10.039877209539574	273	454	-0.0039877209539573855	True	True
strain_madness	s1__SP130_S11__X__SP68_S51__c60__k15__genus	1	SP130_S11	SP68_S51	1313	257758	genus	60.0	15.0	2077144	1268602	318303	61.07434053681401	15.324069973001391	25	14	-0.021604664866759413	True	True
strain_madness	s1__SP163_S44__X__SP181_S61__c60__k15__genus	1	SP163_S44	SP181_S61	1313	28037	genus	60.0	15.0	1948475	1169184	292396	60.00508089659862	15.006402442936142	1621	1085	-0.0004268295290761633	True	True
strain_madness	s1__SP56_S42__X__SP68_S51__c60__k15__genus	1	SP56_S42	SP68_S51	1313	257758	genus	60.0	15.0	2048034	1229775	350727	60.04661055431697	17.125057494162693	754	14	-0.14167049961084618	True	True
strain_madness	s1__SP45_S32__X__SP181_S61__c60__k15__genus	1	SP45_S32	SP181_S61	1313	28037	genus	60.0	15.0	2070043	1243867	310584	60.08894501225337	15.003746298989924	617	1140	-0.0002497532659949305	True	True
strain_madness	s1__SP6_S88__X__SP68_S51__c60__k20__genus	1	SP6_S88	SP68_S51	1313	257758	genus	60.0	20.0	2087122	1302452	438300	62.404210199499595	21.00020985835998	18	12	-0.050010492917999014	True	True
strain_madness	s1__SP57_S43__X__SP21_S92__c60__k20__genus	1	SP57_S43	SP21_S92	1313	68892	genus	60.0	20.0	1969838	1182478	394353	60.02920037079191	20.019565060680115	1884	857	-0.0009782530340057606	True	True
strain_madness	s1__SP103_S83__X__SP68_S51__c60__k20__genus	1	SP103_S83	SP68_S51	1313	257758	genus	60.0	20.0	2047626	1228598	436118	60.00109394977403	21.29871372994873	1139	11	-0.0649356864974365	True	True
strain_madness	s1__MIKI-NS09__X__MIKI-NS06__c60__k20__genus	1	MIKI-NS09	MIKI-NS06	97137	508451	genus	60.0	20.0	2039692	1225516	412762	60.08338513854053	20.236486685244635	694	39	-0.011824334262231773	True	True
strain_madness	s1__SP62_S46__X__SP181_S61__c60__k20__genus	1	SP62_S46	SP181_S61	1313	28037	genus	60.0	20.0	2086023	1251635	417402	60.00101628793163	20.00946298291054	2744	1537	-0.0004731491455270742	True	True
strain_madness	s1__spades_ESBL6200_S12_L001__X__spades_And8861_S3_L001__c60__k2__family	1	spades_ESBL6200_S12_L001	spades_And8861_S3_L001	562	543	family	60.0	2.0	4853372	2912038	97134	60.000304942625455	2.001371417645299	5866	388	-0.0006857088226495112	True	True
strain_madness	s1__MIKI-NS10__X__MIKI-NS06__c60__k2__family	1	MIKI-NS10	MIKI-NS06	1598	508451	family	60.0	2.0	2092650	1283527	44196	61.33500585382171	2.111963300121855	85	4	-0.05598165006092759	True	True
strain_madness	s1__SP53_S39__X__MIKI-NS12__c60__k5__family	1	SP53_S39	MIKI-NS12	1313	1363	family	60.0	5.0	2156089	1293760	108063	60.004944137278194	5.011991620011975	2574	366	-0.002398324002395036	True	True
strain_madness	s1__spades_ESBL8341_S10_L001__X__spades_ESBL7634_S2_L001__c60__k5__family	1	spades_ESBL8341_S10_L001	spades_ESBL7634_S2_L001	543	562	family	60.0	5.0	4862937	3011995	243242	61.93777546367555	5.001956636493543	55	949	-0.00039132729870861027	True	True
strain_madness	s1__SP18_S91__X__MIKI-NS12__c60__k5__family	1	SP18_S91	MIKI-NS12	1313	1363	family	60.0	5.0	2072566	1244337	103653	60.038474046182365	5.001191759393911	327	353	-0.00023835187878216147	True	True
strain_madness	s1__SP124_S6__X__MIKI-NS12__c60__k5__family	1	SP124_S6	MIKI-NS12	1313	1363	family	60.0	5.0	2070014	1243096	103599	60.05254070745415	5.004748760153313	685	359	-0.0009497520306625873	True	True
strain_madness	s1__spades_And10026_S11_L001__X__spades_And6166_S1_L001__c60__k10__family	1	spades_And10026_S11_L001	spades_And6166_S1_L001	562	573	family	60.0	10.0	5077379	3046649	507764	60.00436445654343	10.000514044746314	4289	1774	-5.140447463141129e-05	True	True
strain_madness	s1__SP163_S44__X__MIKI-NS12__c60__k15__family	1	SP163_S44	MIKI-NS12	1313	1363	family	60.0	15.0	1948475	1169442	292990	60.01832202106776	15.036887822527873	1685	989	-0.0024591881685248986	True	True
strain_madness	s1__spades_And8926_S4_L001__X__spades_AND8302_S10_L001__c60__k15__family	1	spades_And8926_S4_L001	spades_AND8302_S10_L001	550	573	family	60.0	15.0	4595731	2760231	876415	60.06076073643126	19.070197972857855	1648	1	-0.271346531523857	True	True
strain_madness	s1__SP50_S37__X__MIKI-NS12__c60__k20__family	1	SP50_S37	MIKI-NS12	1313	1363	family	60.0	20.0	1958348	1194456	391796	60.993041073394515	20.006454419745623	67	1301	-0.0003227209872811443	True	True
strain_madness	s1__SP163_S44__X__MIKI-NS12__c60__k20__family	1	SP163_S44	MIKI-NS12	1313	1363	family	60.0	20.0	1948475	1169236	389774	60.00774965036759	20.004054452841324	1651	1312	-0.00020272264206617764	True	True
strain_madness	s1__spades_ESBL6724_S11_L001__X__spades_ESBL8159_S1_L001__c60__k20__family	1	spades_ESBL6724_S11_L001	spades_ESBL8159_S1_L001	562	543	family	60.0	20.0	5278084	3167482	1055760	60.011966463587925	20.002713105740643	5825	2801	-0.0001356552870321437	True	True
strain_madness	s1__SP57_S43__X__MIKI-NS12__c60__k20__family	1	SP57_S43	MIKI-NS12	1313	1363	family	60.0	20.0	1969838	1182047	394219	60.00732039893636	20.012762470822473	1842	1313	-0.0006381235411236474	True	True
strain_madness	s1__spades_ESBL7410_S11_L001__X__spades_And5237_S4_L001__c60__k20__family	1	spades_ESBL7410_S11_L001	spades_And5237_S4_L001	543	573	family	60.0	20.0	5124963	3074984	1025050	60.000120976483146	20.001120008085913	7879	3032	-5.60004042956308e-05	True	True
strain_madness	s1__SP158_S39__X__MIKI-NS12__c60__k20__family	1	SP158_S39	MIKI-NS12	1313	1363	family	60.0	20.0	1975569	1185746	395267	60.02048017558486	20.0077547278784	2489	1307	-0.0003877363939199796	True	True
strain_madness	s1__spades_ESBL7531_S9_L001__X__spades_And6166_S1_L001__c60__k20__family	1	spades_ESBL7531_S9_L001	spades_And6166_S1_L001	562	573	family	60.0	20.0	5208486	3127116	1041733	60.03886734072051	20.000687339852693	96	3650	-3.436699263463794e-05	True	True
strain_madness	s1__SP150_S31__X__spades_VRE2770_S9_L001__c60__k2__order	1	SP150_S31	spades_VRE2770_S9_L001	1313	1352	order	60.0	2.0	1987853	1195562	39774	60.14338082343111	2.0008521756890474	1398	162	-0.00042608784452369264	True	True
strain_madness	s1__SP103_S83__X__MIKI-NS10__c60__k2__order	1	SP103_S83	MIKI-NS10	1313	1598	order	60.0	2.0	2047626	1228918	68473	60.01672180368876	3.344018878447529	1128	3	-0.6720094392237645	True	True
strain_madness	s1__SP155_S36__X__MIKI-NS10__c60__k2__order	1	SP155_S36	MIKI-NS10	1313	1598	order	60.0	2.0	2075312	1246447	48456	60.06070412545198	2.334877840054893	293	5	-0.16743892002744643	True	True
strain_madness	s1__SP150_S31__X__MIKI-NS11__c60__k5__order	1	SP150_S31	MIKI-NS11	1313	97137	order	60.0	5.0	1987853	1193153	99401	60.02219480011852	5.000420051180847	1421	364	-8.401023616944059e-05	True	True
strain_madness	s1__SP103_S83__X__spades_VRE3277_S16_L001__c60__k5__order	1	SP103_S83	spades_VRE3277_S16_L001	1313	1352	order	60.0	5.0	2047626	1229412	102855	60.04084730316962	5.023134107498147	1140	262	-0.004626821499629408	True	True
strain_madness	s1__SP72_S55__X__spades_VRE2770_S9_L001__c60__k10__order	1	SP72_S55	spades_VRE2770_S9_L001	1313	1352	order	60.0	10.0	2008808	1214726	200967	60.46999016332074	10.00429110198685	737	809	-0.00042911019868494547	True	True
strain_madness	s1__SP169_S50__X__spades_VRE3277_S16_L001__c60__k10__order	1	SP169_S50	spades_VRE3277_S16_L001	1313	1352	order	60.0	10.0	1902740	1142038	190695	60.02070698045976	10.022125986734919	2314	477	-0.0022125986734918613	True	True
strain_madness	s1__SP189_S68__X__spades_VRE3786_S19_L001__c60__k15__order	1	SP189_S68	spades_VRE3786_S19_L001	1313	1352	order	60.0	15.0	2062647	1237929	309415	60.01652245876294	15.000870241005853	1394	1115	-5.801606705683563e-05	True	True
strain_madness	s1__SP72_S55__X__MIKI-NS02__c60__k15__order	1	SP72_S55	MIKI-NS02	1313	1351	order	60.0	15.0	2008808	1205903	301474	60.03077446923748	15.007606500969729	724	1184	-0.0005071000646485875	True	True
strain_madness	s1__SP110_S88__X__MIKI-NS11__c60__k20__order	1	SP110_S88	MIKI-NS11	1313	97137	order	60.0	20.0	2140902	1284771	428422	60.010733793513204	20.01128496306697	2074	1568	-0.000564248153348501	True	True
strain_madness	s1__SP189_S68__X__MIKI-NS11__c60__k20__order	1	SP189_S68	MIKI-NS11	1313	97137	order	60.0	20.0	2062647	1238167	412602	60.02806103031687	20.00351974913788	1385	1512	-0.00017598745689397787	True	True
strain_madness	s1__SP6_S88__X__spades_VRE3342_S6_L001__c60__k20__order	1	SP6_S88	spades_VRE3342_S6_L001	1313	1352	order	60.0	20.0	2087122	1297858	417505	62.18409848585756	20.003861777126588	25	1629	-0.000193088856329382	True	True
strain_madness	s1__SP53_S39__X__spades_MRSA8595_S7_L001__c60__k2__class	1	SP53_S39	spades_MRSA8595_S7_L001	1313	1280	class	60.0	2.0	2156089	1295192	43363	60.07136069058374	2.011187849852209	2552	144	-0.005593924926104554	True	True
strain_madness	s1__SP50_S37__X__spades_MRSA8186_S9_L001__c60__k2__class	1	SP50_S37	spades_MRSA8186_S9_L001	1313	1280	class	60.0	2.0	1958348	1206218	39377	61.5936493411794	2.0107253664823617	80	159	-0.005362683241180832	True	True
strain_madness	s1__SP56_S42__X__spades_MRSA7113_S2_L001__c60__k5__class	1	SP56_S42	spades_MRSA7113_S2_L001	1313	1280	class	60.0	5.0	2048034	1229029	102666	60.010185377781816	5.012905059193353	746	243	-0.002581011838670655	True	True
strain_madness	s1__SP168_S49__X__spades_MRSA8758_S5_L001__c60__k15__class	1	SP168_S49	spades_MRSA8758_S5_L001	1313	1280	class	60.0	15.0	1749640	1050703	263277	60.05252509087584	15.047495484785442	594	59	-0.0031663656523627753	True	True
strain_madness	s1__SP158_S39__X__MIKI-NS20__c60__k2__phylum	1	SP158_S39	MIKI-NS20	1313	186802	phylum	60.0	2.0	1975569	1185563	39799	60.011217021526456	2.0145588435534267	2462	59	-0.007279421776713368	True	True
strain_madness	s1__SP74_S57__X__MIKI-NS20__c60__k2__phylum	1	SP74_S57	MIKI-NS20	1313	186802	phylum	60.0	2.0	1980502	1188409	40889	60.00544306443518	2.064577566697736	2918	65	-0.03228878334886809	True	True
strain_madness	s1__SP118_S96__X__MIKI-NS20__c60__k2__phylum	1	SP118_S96	MIKI-NS20	1313	186802	phylum	60.0	2.0	1983599	1190175	40220	60.0007864492773	2.027627559804174	2185	71	-0.013813779902086987	True	True
strain_madness	s1__spades_MRSA7124_S4_L001__X__MIKI-NS20__c60__k5__phylum	1	spades_MRSA7124_S4_L001	MIKI-NS20	1280	186802	phylum	60.0	5.0	2778919	1667420	139069	60.002468585806206	5.004427980808365	3971	219	-0.0008855961616729858	True	True
strain_madness	s1__SP182_S62__X__MIKI-NS20__c60__k5__phylum	1	SP182_S62	MIKI-NS20	1313	186802	phylum	60.0	5.0	2047295	1228607	102443	60.01123433603853	5.003822116500065	2246	182	-0.0007644233000130285	True	True
strain_madness	s1__SP177_S57__X__MIKI-NS20__c60__k10__phylum	1	SP177_S57	MIKI-NS20	1313	186802	phylum	60.0	10.0	1977200	1186973	198641	60.033026502124216	10.046581023669836	2232	334	-0.004658102366983563	True	True
strain_madness	s1__SP136_S17__X__MIKI-NS20__c60__k10__phylum	1	SP136_S17	MIKI-NS20	1313	186802	phylum	60.0	10.0	2038096	1224192	204163	60.06547287272042	10.017339713144032	945	359	-0.0017339713144032486	True	True
strain_madness	s1__spades_MRSA8758_S5_L001__X__MIKI-NS20__c60__k15__phylum	1	spades_MRSA8758_S5_L001	MIKI-NS20	1280	186802	phylum	60.0	15.0	2816182	1693374	422994	60.130133634829	15.020122989210215	424	720	-0.0013415326140143217	True	True
strain_madness	s1__spades_MRSA7124_S4_L001__X__MIKI-NS20__c60__k15__phylum	1	spades_MRSA7124_S4_L001	MIKI-NS20	1280	186802	phylum	60.0	15.0	2778919	1668137	416858	60.028269985559135	15.000725102099054	3976	702	-4.8340139936916175e-05	True	True
strain_madness	s1__SP155_S36__X__MIKI-NS20__c60__k15__phylum	1	SP155_S36	MIKI-NS20	1313	186802	phylum	60.0	15.0	2075312	1250105	311794	60.236966778971066	15.023957843447153	294	524	-0.001597189563143549	True	True
strain_madness	s1__spades_VRE3277_S16_L001__X__MIKI-NS20__c60__k15__phylum	1	spades_VRE3277_S16_L001	MIKI-NS20	1352	186802	phylum	60.0	15.0	3060574	1836433	459441	60.00289488180975	15.011595864043803	4601	755	-0.0007730576029202278	True	True
strain_madness	s1__SP56_S42__X__MIKI-NS20__c60__k15__phylum	1	SP56_S42	MIKI-NS20	1313	186802	phylum	60.0	15.0	2048034	1229439	307911	60.03020457668183	15.034467201228104	772	524	-0.0022978134152069176	True	True
strain_madness	s1__SP72_S55__X__MIKI-NS20__c60__k20__phylum	1	SP72_S55	MIKI-NS20	1313	186802	phylum	60.0	20.0	2008808	1207821	401848	60.12625397748317	20.00430105813995	731	675	-0.0002150529069975704	True	True
strain_madness	s1__SP158_S39__X__MIKI-NS20__c60__k20__phylum	1	SP158_S39	MIKI-NS20	1313	186802	phylum	60.0	20.0	1975569	1185383	395197	60.00210572245262	20.00421144490524	2464	700	-0.00021057224526206398	True	True
strain_madness	s1__SP74_S57__X__MIKI-NS20__c60__k20__phylum	1	SP74_S57	MIKI-NS20	1313	186802	phylum	60.0	20.0	1980502	1188880	396577	60.0292249136835	20.02406460584236	2914	642	-0.0012032302921179295	True	True
strain_madness	s1__SP56_S42__X__MIKI-NS20__c60__k20__phylum	1	SP56_S42	MIKI-NS20	1313	186802	phylum	60.0	20.0	2048034	1229499	409955	60.03313421554525	20.017001670870698	784	694	-0.0008500835435349075	True	True
strain_madness	s1__SP163_S44__X__MIKI-NS20__c60__k20__phylum	1	SP163_S44	MIKI-NS20	1313	186802	phylum	60.0	20.0	1948475	1169549	390420	60.0238134951693	20.03720858620203	1624	654	-0.0018604293101015302	True	True
strain_madness	s1__SP53_S39__X__MIKI-NS20__c60__k20__phylum	1	SP53_S39	MIKI-NS20	1313	186802	phylum	60.0	20.0	2156089	1294226	431343	60.026557345267285	20.00580681038677	2557	698	-0.00029034051933845005	True	True
strain_madness	s1__SP102_S82__X__SP124_S6__c75__k2__species	1	SP102_S82	SP124_S6	1313	1313	species	75.0	2.0	2014786	1511846	40352	75.03754741198321	2.0027933487725247	1978	17	-0.001396674386262342	True	True
strain_madness	s1__spades_ESBL7382_S4_L001__X__spades_ESBL10030_S2_L001__c75__k2__species	1	spades_ESBL7382_S4_L001	spades_ESBL10030_S2_L001	562	562	species	75.0	2.0	4857278	3671327	97402	75.58404110285638	2.0052795001644954	228	408	-0.002639750082247705	True	True
strain_madness	s1__SP110_S88__X__SP55_S41__c75__k5__species	1	SP110_S88	SP55_S41	1313	1313	species	75.0	5.0	2140902	1605710	107167	75.00156476102129	5.005693861746124	2569	222	-0.001138772349224837	True	True
strain_madness	s1__spades_ESBL6409_S4_L001__X__spades_And5237_S4_L001__c75__k10__species	1	spades_ESBL6409_S4_L001	spades_And5237_S4_L001	573	573	species	75.0	10.0	5206730	3905365	520864	75.0060978771705	10.00366832925848	5854	1520	-0.0003668329258479375	True	True
strain_madness	s1__spades_And10026_S11_L001__X__spades_ESBL6364_S9_L001__c75__k10__species	1	spades_And10026_S11_L001	spades_ESBL6364_S9_L001	562	562	species	75.0	10.0	5077379	3808627	531604	75.01167433039764	10.47004763678268	5421	34	-0.04700476367826791	True	True
strain_madness	s1__spades_AND8302_S10_L001__X__spades_ESBL8075_S12_L001__c75__k20__species	1	spades_AND8302_S10_L001	spades_ESBL8075_S12_L001	573	573	species	75.0	20.0	5495418	4539645	1099216	82.60781982371496	20.002409279876435	34	3954	-0.0001204639938217511	True	True
strain_madness	s1__SP127_S8__X__SP109_S83__c75__k20__species	1	SP127_S8	SP109_S83	1313	1313	species	75.0	20.0	2054557	1543461	411022	75.12378580881426	20.00538315559023	333	460	-0.00026915777951153075	True	True
strain_madness	s1__SP138_S19__X__SP20_S77__c75__k2__genus	1	SP138_S19	SP20_S77	1313	1301	genus	75.0	2.0	2139728	1604891	43031	75.0044398166496	2.011050002617155	2489	171	-0.005525001308577471	True	True
strain_madness	s1__SP45_S32__X__SP21_S92__c75__k2__genus	1	SP45_S32	SP21_S92	1313	68892	genus	75.0	2.0	2070043	1552753	41777	75.0106640296844	2.0181706370350763	792	83	-0.009085318517538132	True	True
strain_madness	s1__spades_AND8302_S10_L001__X__spades_ESBL6643_S3_L001__c75__k2__genus	1	spades_AND8302_S10_L001	spades_ESBL6643_S3_L001	573	548	genus	75.0	2.0	5495418	4187655	109948	76.20266556611344	2.000721328204697	30	292	-0.0003606641023485846	True	True
strain_madness	s1__SP150_S31__X__SP68_S51__c75__k2__genus	1	SP150_S31	SP68_S51	1313	257758	genus	75.0	2.0	1987853	1491560	74091	75.03371728191169	3.727187070673737	1773	2	-0.8635935353368684	True	True
strain_madness	s1__SP168_S49__X__SP119_S1__c75__k2__genus	1	SP168_S49	SP119_S1	1313	257758	genus	75.0	2.0	1749640	1314797	35051	75.14671589584142	2.003326398573421	752	135	-0.0016631992867104373	True	True
strain_madness	s1__SP68_S51__X__SP107_S86__c75__k2__genus	1	SP68_S51	SP107_S86	257758	1313	genus	75.0	2.0	2287165	1762371	45815	77.05482551543068	2.003134885327469	62	189	-0.0015674426637344308	True	True
strain_madness	s1__SP50_S37__X__SP21_S92__c75__k5__genus	1	SP50_S37	SP21_S92	1313	68892	genus	75.0	5.0	1958348	1486803	98166	75.92128671717182	5.012694373012355	81	233	-0.0025388746024709976	True	True
strain_madness	s1__SP68_S51__X__SP81_S64__c75__k5__genus	1	SP68_S51	SP81_S64	257758	1313	genus	75.0	5.0	2287165	1748286	114750	76.43899762369571	5.017128191450989	66	70	-0.0034256382901977746	True	True
strain_madness	s1__SP136_S17__X__SP21_S92__c75__k5__genus	1	SP136_S17	SP21_S92	1313	68892	genus	75.0	5.0	2038096	1530314	102055	75.0854719306647	5.007369623413225	1169	224	-0.001473924682644956	True	True
strain_madness	s1__SP124_S6__X__SP181_S61__c75__k10__genus	1	SP124_S6	SP181_S61	1313	28037	genus	75.0	10.0	2070014	1552942	207364	75.02084526964552	10.017516789741519	847	760	-0.0017516789741518935	True	True
strain_madness	s1__spades_VRE3043_S21_L001__X__MIKI-NS02__c75__k10__genus	1	spades_VRE3043_S21_L001	MIKI-NS02	1352	1351	genus	75.0	10.0	3001125	2251218	300156	75.01247032362863	10.00144945645383	3303	1170	-0.00014494564538303223	True	True
strain_madness	s1__SP150_S31__X__SP181_S61__c75__k15__genus	1	SP150_S31	SP181_S61	1313	28037	genus	75.0	15.0	1987853	1491618	298361	75.03663500268883	15.009208427383715	1776	1103	-0.000613895158914346	True	True
strain_madness	s1__spades_And5284_S5_L001__X__spades_ESBL6643_S3_L001__c75__k15__genus	1	spades_And5284_S5_L001	spades_ESBL6643_S3_L001	573	548	genus	75.0	15.0	5633195	4225511	845116	75.0109129898752	15.002427574404933	5698	2338	-0.0001618382936622235	True	True
strain_madness	s1__SP110_S88__X__SP181_S61__c75__k15__genus	1	SP110_S88	SP181_S61	1313	28037	genus	75.0	15.0	2140902	1606267	321367	75.02758183233048	15.010822541153216	2577	1185	-0.0007215027435477121	True	True
strain_madness	s1__SP57_S43__X__SP21_S92__c75__k15__genus	1	SP57_S43	SP21_S92	1313	68892	genus	75.0	15.0	1969838	1478490	295733	75.05642595990128	15.013061987838594	2339	637	-0.000870799189239572	True	True
strain_madness	s1__spades_ESBL7553_S11_L001__X__spades_ESBL6643_S3_L001__c75__k20__genus	1	spades_ESBL7553_S11_L001	spades_ESBL6643_S3_L001	573	548	genus	75.0	20.0	5395788	4103803	1079353	76.05567527856914	20.003621343166188	46	2909	-0.00018106715830938923	True	True
strain_madness	s1__SP120_S2__X__SP119_S1__c75__k20__genus	1	SP120_S2	SP119_S1	1313	257758	genus	75.0	20.0	2076062	1559786	415259	75.1319565600642	20.00224463431246	1110	1561	-0.00011223171562306789	True	True
strain_madness	s1__SP150_S31__X__SP68_S51__c75__k20__genus	1	SP150_S31	SP68_S51	1313	257758	genus	75.0	20.0	1987853	1491033	484154	75.00720626726422	24.355623881645172	1788	15	-0.21778119408225863	True	True
strain_madness	s1__spades_And9387_S6_L001__X__spades_ESBL6643_S3_L001__c75__k20__genus	1	spades_And9387_S6_L001	spades_ESBL6643_S3_L001	573	548	genus	75.0	20.0	5536369	4153990	1107428	75.03094537231894	20.002785218976552	3150	2991	-0.00013926094882759087	True	True
strain_madness	s1__SP136_S17__X__MIKI-NS12__c75__k2__family	1	SP136_S17	MIKI-NS12	1313	1363	family	75.0	2.0	2038096	1528702	41262	75.00637850228841	2.024536626341448	1187	133	-0.012268313170723966	True	True
strain_madness	s1__MIKI-NS10__X__MIKI-NS11__c75__k2__family	1	MIKI-NS10	MIKI-NS11	1598	97137	family	75.0	2.0	2092650	1600345	41986	76.47456574200177	2.0063555778558286	121	156	-0.0031777889279143157	True	True
strain_madness	s1__SP103_S83__X__MIKI-NS12__c75__k2__family	1	SP103_S83	MIKI-NS12	1313	1363	family	75.0	2.0	2047626	1536188	41134	75.02288015487203	2.0088629466513903	1425	144	-0.004431473325695157	True	True
strain_madness	s1__SP130_S11__X__MIKI-NS12__c75__k2__family	1	SP130_S11	MIKI-NS12	1313	1363	family	75.0	2.0	2077144	1715550	41749	82.59177023836575	2.0099232407575016	33	139	-0.004961620378750808	True	True
strain_madness	s1__SP155_S36__X__MIKI-NS12__c75__k2__family	1	SP155_S36	MIKI-NS12	1313	1363	family	75.0	2.0	2075312	1562325	41530	75.28145165642563	2.001144888093935	376	138	-0.0005724440469674352	True	True
strain_madness	s1__SP81_S64__X__MIKI-NS12__c75__k5__family	1	SP81_S64	MIKI-NS12	1313	1363	family	75.0	5.0	1964360	1473663	98384	75.0200065161172	5.008450589504979	1076	319	-0.00169011790099578	True	True
strain_madness	s1__SP150_S31__X__MIKI-NS12__c75__k5__family	1	SP150_S31	MIKI-NS12	1313	1363	family	75.0	5.0	1987853	1491165	99514	75.01384659730876	5.006104576143206	1775	321	-0.0012209152286411396	True	True
strain_madness	s1__SP118_S96__X__MIKI-NS12__c75__k5__family	1	SP118_S96	MIKI-NS12	1313	1363	family	75.0	5.0	1983599	1488576	99204	75.04419996178663	5.001212442635835	2768	321	-0.0002424885271670618	True	True
strain_madness	s1__MIKI-NS10__X__MIKI-NS11__c75__k5__family	1	MIKI-NS10	MIKI-NS11	1598	97137	family	75.0	5.0	2092650	1603767	104865	76.63809045946527	5.011110314672783	103	389	-0.0022220629345566676	True	True
strain_madness	s1__spades_ESBL8341_S10_L001__X__spades_And8454_S5_L001__c75__k5__family	1	spades_ESBL8341_S10_L001	spades_And8454_S5_L001	543	573	family	75.0	5.0	4862937	3779547	243234	77.72148806369484	5.001792126856671	71	920	-0.0003584253713341923	True	True
strain_madness	s1__SP127_S8__X__MIKI-NS12__c75__k10__family	1	SP127_S8	MIKI-NS12	1313	1363	family	75.0	10.0	2054557	1545164	205983	75.20667472355355	10.025664900024676	333	681	-0.0025664900024676028	True	True
strain_madness	s1__spades_ESBL8341_S10_L001__X__spades_And6100_S3_L001__c75__k10__family	1	spades_ESBL8341_S10_L001	spades_And6100_S3_L001	543	573	family	75.0	10.0	4862937	3660655	486421	75.27662809532593	10.00261775959672	71	1909	-0.0002617759596720504	True	True
strain_madness	s1__SP56_S42__X__MIKI-NS12__c75__k10__family	1	SP56_S42	MIKI-NS12	1313	1363	family	75.0	10.0	2048034	1539925	204965	75.19040211246492	10.007890494005471	941	674	-0.0007890494005470927	True	True
strain_madness	s1__SP182_S62__X__MIKI-NS12__c75__k10__family	1	SP182_S62	MIKI-NS12	1313	1363	family	75.0	10.0	2047295	1535489	205130	75.00086699767255	10.01956239818883	2822	686	-0.001956239818882999	True	True
strain_madness	s1__SP103_S83__X__MIKI-NS12__c75__k10__family	1	SP103_S83	MIKI-NS12	1313	1363	family	75.0	10.0	2047626	1536775	204890	75.05154749939686	10.006221839339801	1427	671	-0.0006221839339801249	True	True
strain_madness	s1__spades_ESBL6724_S11_L001__X__spades_ESBL6760_S6_L001__c75__k10__family	1	spades_ESBL6724_S11_L001	spades_ESBL6760_S6_L001	562	543	family	75.0	10.0	5278084	3958635	527924	75.00136413137798	10.002190188712419	7207	2090	-0.0002190188712418717	True	True
strain_madness	s1__spades_And6400_S11_L001__X__spades_ESBL6628_S5_L001__c75__k10__family	1	spades_And6400_S11_L001	spades_ESBL6628_S5_L001	562	573	family	75.0	10.0	4808757	3636161	481147	75.61540331524341	10.005641790591623	178	1919	-0.0005641790591623064	True	True
strain_madness	s1__spades_And7556_S8_L001__X__spades_ESBL8909_S7_L001__c75__k10__family	1	spades_And7556_S8_L001	spades_ESBL8909_S7_L001	562	573	family	75.0	10.0	5192378	3894325	532334	75.00079924843685	10.2522196958696	5493	12	-0.025221969586960036	True	True
strain_madness	s1__spades_ESBL9440_S6_L001__X__spades_And9387_S6_L001__c75__k15__family	1	spades_ESBL9440_S6_L001	spades_And9387_S6_L001	543	573	family	75.0	15.0	5102994	3827333	765558	75.00171467965669	15.002134041309866	6445	579	-0.00014226942065770725	True	True
strain_madness	s1__SP110_S88__X__MIKI-NS12__c75__k15__family	1	SP110_S88	MIKI-NS12	1313	1363	family	75.0	15.0	2140902	1606114	321214	75.02043531184519	15.003676020667925	2579	1076	-0.0002450680445283145	True	True
strain_madness	s1__spades_ESBL9656_S7_L001__X__spades_ESBL5621_S1_L001__c75__k20__family	1	spades_ESBL9656_S7_L001	spades_ESBL5621_S1_L001	543	562	family	75.0	20.0	5100274	3843114	1020056	75.35112819428917	20.000023528147704	345	2633	-1.1764073851949775e-06	True	True
strain_madness	s1__spades_And7556_S8_L001__X__spades_And6098_S1_L001__c75__k20__family	1	spades_And7556_S8_L001	spades_And6098_S1_L001	562	573	family	75.0	20.0	5192378	3894340	1038640	75.00108813341402	20.003166179349808	5480	2612	-0.0001583089674904059	True	True
strain_madness	s1__MIKI-NS10__X__MIKI-NS09__c75__k20__family	1	MIKI-NS10	MIKI-NS09	1598	97137	family	75.0	20.0	2092650	1582358	419555	75.61503356987552	20.048980957159582	106	238	-0.002449047857979103	True	True
strain_madness	s1__SP127_S8__X__MIKI-NS12__c75__k20__family	1	SP127_S8	MIKI-NS12	1313	1363	family	75.0	20.0	2054557	1541063	411059	75.0070696505378	20.007184030426025	329	1387	-0.0003592015213012445	True	True
strain_madness	s1__spades_And7051_S7_L001__X__spades_And8381_S10_L001__c75__k20__family	1	spades_And7051_S7_L001	spades_And8381_S10_L001	562	573	family	75.0	20.0	5163258	3873614	1032775	75.02266979492406	20.002389963856153	7342	3294	-0.00011949819280765439	True	True
strain_madness	s1__MIKI-NS06__X__SP130_S11__c75__k5__order	1	MIKI-NS06	SP130_S11	508451	1313	order	75.0	5.0	1964761	1508656	174159	76.78572610103723	8.864131566129418	169	3	-0.7728263132258835	True	True
strain_madness	s1__spades_VRE3043_S21_L001__X__SP70_S53__c75__k5__order	1	spades_VRE3043_S21_L001	SP70_S53	1352	1313	order	75.0	5.0	3001125	2250969	150081	75.00417343496188	5.000824690740973	3289	488	-0.00016493814819451558	True	True
strain_madness	s1__SP127_S8__X__spades_VRE3253_S17_L001__c75__k5__order	1	SP127_S8	spades_VRE3253_S17_L001	1313	1352	order	75.0	5.0	2054557	1542258	102735	75.0652330405046	5.000348006893944	338	390	-6.960137878877503e-05	True	True
strain_madness	s1__SP120_S2__X__MIKI-NS11__c75__k10__order	1	SP120_S2	MIKI-NS11	1313	97137	order	75.0	10.0	2076062	1559132	207631	75.10045461070045	10.001194569333672	1095	768	-0.00011945693336716801	True	True
strain_madness	s1__SP124_S6__X__spades_VRE2392_S22_L001__c75__k10__order	1	SP124_S6	spades_VRE2392_S22_L001	1313	1352	order	75.0	10.0	2070014	1552918	207103	75.0196858571971	10.004908179364971	861	621	-0.0004908179364971233	True	True
strain_madness	s1__SP130_S11__X__MIKI-NS10__c75__k10__order	1	SP130_S11	MIKI-NS10	1313	1598	order	75.0	10.0	2077144	1616450	239634	77.82079624715475	11.536706169625216	29	14	-0.15367061696252157	True	True
strain_madness	s1__SP189_S68__X__spades_VRE2770_S9_L001__c75__k15__order	1	SP189_S68	spades_VRE2770_S9_L001	1313	1352	order	75.0	15.0	2062647	1547209	309412	75.01084771170248	15.000724796826601	1742	1256	-4.831978844007286e-05	True	True
strain_madness	s1__SP182_S62__X__spades_VRE3277_S16_L001__c75__k15__order	1	SP182_S62	spades_VRE3277_S16_L001	1313	1352	order	75.0	15.0	2047295	1535549	307143	75.00379769403041	15.002381190790775	2819	795	-0.0001587460527183282	True	True
strain_madness	s1__SP39_S26__X__MIKI-NS09__c75__k15__order	1	SP39_S26	MIKI-NS09	1313	97137	order	75.0	15.0	2010726	1508938	302092	75.0444366860527	15.024026147769511	2064	158	-0.001601743184634093	True	True
strain_madness	s1__SP120_S2__X__MIKI-NS09__c75__k20__order	1	SP120_S2	MIKI-NS09	1313	97137	order	75.0	20.0	2076062	1557530	416329	75.02328928519476	20.05378452088618	1089	236	-0.0026892260443089457	True	True
strain_madness	s1__MIKI-NS06__X__SP85_S68__c75__k20__order	1	MIKI-NS06	SP85_S68	508451	1313	order	75.0	20.0	1964761	1498067	393873	76.24678014272475	20.046865751101535	153	1063	-0.002343287555076756	True	True
strain_madness	s1__SP130_S11__X__spades_VRE3277_S16_L001__c75__k20__order	1	SP130_S11	spades_VRE3277_S16_L001	1313	1352	order	75.0	20.0	2077144	1567724	415847	75.47497910592621	20.020133413956856	32	1010	-0.001006670697842793	True	True
strain_madness	s1__MIKI-NS06__X__spades_MRSA8186_S9_L001__c75__k2__class	1	MIKI-NS06	spades_MRSA8186_S9_L001	508451	1280	class	75.0	2.0	1964761	1478361	39323	75.24380827998927	2.0014139124300616	165	159	-0.0007069562150308073	True	True
strain_madness	s1__SP50_S37__X__spades_MRSA7830_S9_L001__c75__k2__class	1	SP50_S37	spades_MRSA7830_S9_L001	1313	1280	class	75.0	2.0	1958348	1474484	39202	75.29223610921042	2.0017892631953056	82	158	-0.0008946315976527952	True	True
strain_madness	s1__SP182_S62__X__spades_MRSA8007_S12_L001__c75__k5__class	1	SP182_S62	spades_MRSA8007_S12_L001	1313	1280	class	75.0	5.0	2047295	1536091	102647	75.03027165112991	5.013786484116847	2813	374	-0.0027572968233693373	True	True
strain_madness	s1__SP189_S68__X__spades_MRSA7124_S4_L001__c75__k5__class	1	SP189_S68	spades_MRSA7124_S4_L001	1313	1280	class	75.0	5.0	2062647	1547599	103212	75.02975545500514	5.00386154295912	1738	252	-0.0007723085918240003	True	True
strain_madness	s1__MIKI-NS06__X__spades_MRSA8013_S11_L001__c75__k10__class	1	MIKI-NS06	spades_MRSA8013_S11_L001	508451	1280	class	75.0	10.0	1964761	1474077	196532	75.02576649271845	10.002845129763875	153	724	-0.0002845129763874965	True	True
strain_madness	s1__spades_VRE3043_S21_L001__X__spades_MRSA7129_S1_L001__c75__k10__class	1	spades_VRE3043_S21_L001	spades_MRSA7129_S1_L001	1352	1280	class	75.0	10.0	3001125	2251315	300116	75.01570244491649	10.000116622933067	3277	1095	-1.1662293306713423e-05	True	True
strain_madness	s1__SP124_S6__X__spades_MRSA8595_S7_L001__c75__k10__class	1	SP124_S6	spades_MRSA8595_S7_L001	1313	1280	class	75.0	10.0	2070014	1555642	207190	75.15127917009256	10.009111049490487	858	713	-0.0009111049490487134	True	True
strain_madness	s1__SP120_S2__X__spades_MRSA8595_S7_L001__c75__k15__class	1	SP120_S2	spades_MRSA8595_S7_L001	1313	1280	class	75.0	15.0	2076062	1557456	311637	75.01972484444106	15.01096788053536	1081	1046	-0.0007311920356906161	True	True
strain_madness	s1__SP168_S49__X__spades_MRSA7172_S1_L001__c75__k15__class	1	SP168_S49	spades_MRSA7172_S1_L001	1313	1280	class	75.0	15.0	1749640	1313250	264113	75.05829770695686	15.0952767426442	733	89	-0.0063517828429467	True	True
strain_madness	s1__spades_MRSA7172_S1_L001__X__SP184_S64__c75__k15__class	1	spades_MRSA7172_S1_L001	SP184_S64	1280	1313	class	75.0	15.0	2747769	2061085	412361	75.00939853386511	15.007120321977576	742	1529	-0.00047468813183838187	True	True
strain_madness	s1__SP81_S64__X__spades_MRSA7113_S2_L001__c75__k20__class	1	SP81_S64	spades_MRSA7113_S2_L001	1313	1280	class	75.0	20.0	1964360	1476055	393136	75.14177645645401	20.013439491742858	1092	947	-0.0006719745871428984	True	True
strain_madness	s1__SP143_S24__X__spades_MRSA8758_S5_L001__c75__k20__class	1	SP143_S24	spades_MRSA8758_S5_L001	1313	1280	class	75.0	20.0	2012493	1509571	408356	75.01000003478273	20.291051944031608	2091	94	-0.014552597201580397	True	True
strain_madness	s1__SP18_S91__X__MIKI-NS20__c75__k2__phylum	1	SP18_S91	MIKI-NS20	1313	186802	phylum	75.0	2.0	2072566	1557102	41706	75.12918768328728	2.0122881490866877	396	64	-0.006144074543343869	True	True
strain_madness	s1__MIKI-NS20__X__spades_MRSA8187_S8_L001__c75__k2__phylum	1	MIKI-NS20	spades_MRSA8187_S8_L001	186802	1280	phylum	75.0	2.0	5363855	4023688	107306	75.01485405552536	2.0005387915967154	6728	426	-0.0002693957983577189	True	True
strain_madness	s1__SP72_S55__X__MIKI-NS20__c75__k5__phylum	1	SP72_S55	MIKI-NS20	1313	186802	phylum	75.0	5.0	2008808	1507575	100496	75.04823756177792	5.0027678105622835	924	185	-0.0005535621124566958	True	True
strain_madness	s1__SP6_S88__X__MIKI-NS20__c75__k5__phylum	1	SP6_S88	MIKI-NS20	1313	186802	phylum	75.0	5.0	2087122	1616845	104495	77.46768037517691	5.0066550973062425	32	164	-0.0013310194612484948	True	True
strain_madness	s1__SP171_S52__X__MIKI-NS20__c75__k5__phylum	1	SP171_S52	MIKI-NS20	1313	186802	phylum	75.0	5.0	1993908	1496918	99946	75.07457716203557	5.012568282989988	448	157	-0.00251365659799756	True	True
strain_madness	s1__SP138_S19__X__MIKI-NS20__c75__k5__phylum	1	SP138_S19	MIKI-NS20	1313	186802	phylum	75.0	5.0	2139728	1605709	107320	75.0426689747482	5.015590766676886	2476	183	-0.003118153335377194	True	True
strain_madness	s1__SP118_S96__X__MIKI-NS20__c75__k5__phylum	1	SP118_S96	MIKI-NS20	1313	186802	phylum	75.0	5.0	1983599	1488304	99199	75.03048751284912	5.000960375559778	2739	164	-0.000192075111955603	True	True
strain_madness	s1__SP18_S91__X__MIKI-NS20__c75__k10__phylum	1	SP18_S91	MIKI-NS20	1313	186802	phylum	75.0	10.0	2072566	1557463	207872	75.1466057051983	10.029692661174602	414	364	-0.0029692661174602008	True	True
strain_madness	s1__SP127_S8__X__MIKI-NS20__c75__k10__phylum	1	SP127_S8	MIKI-NS20	1313	186802	phylum	75.0	10.0	2054557	1546094	206013	75.25193995591263	10.027125068810454	323	334	-0.0027125068810454067	True	True
strain_madness	s1__SP120_S2__X__MIKI-NS20__c75__k10__phylum	1	SP120_S2	MIKI-NS20	1313	186802	phylum	75.0	10.0	2076062	1558186	208586	75.05488757079509	10.04719512230367	1087	373	-0.004719512230366973	True	True
strain_madness	s1__SP56_S42__X__MIKI-NS20__c75__k10__phylum	1	SP56_S42	MIKI-NS20	1313	186802	phylum	75.0	10.0	2048034	1539944	205545	75.19132983143834	10.036210336351838	947	362	-0.003621033635183757	True	True
strain_madness	s1__SP81_S64__X__MIKI-NS20__c75__k10__phylum	1	SP81_S64	MIKI-NS20	1313	186802	phylum	75.0	10.0	1964360	1473339	196445	75.00351259443279	10.000458164491233	1067	313	-4.581644912331484e-05	True	True
strain_madness	s1__SP182_S62__X__MIKI-NS20__c75__k10__phylum	1	SP182_S62	MIKI-NS20	1313	186802	phylum	75.0	10.0	2047295	1535636	205861	75.00804720374934	10.055268048815632	2811	348	-0.00552680488156323	True	True
strain_madness	s1__MIKI-NS06__X__MIKI-NS20__c75__k15__phylum	1	MIKI-NS06	MIKI-NS20	508451	186802	phylum	75.0	15.0	1964761	1475472	295170	75.09676749487596	15.023201295221149	157	464	-0.001546753014743274	True	True
strain_madness	s1__SP109_S83__X__MIKI-NS20__c75__k15__phylum	1	SP109_S83	MIKI-NS20	1313	186802	phylum	75.0	15.0	2012505	1509684	302150	75.01516766417971	15.013627295335912	1709	514	-0.0009084863557274522	True	True
strain_madness	s1__SP45_S32__X__MIKI-NS20__c75__k15__phylum	1	SP45_S32	MIKI-NS20	1313	186802	phylum	75.0	15.0	2070043	1553204	310729	75.03245101671801	15.010750984399841	779	502	-0.0007167322933227637	True	True
strain_madness	s1__SP150_S31__X__MIKI-NS20__c75__k15__phylum	1	SP150_S31	MIKI-NS20	1313	186802	phylum	75.0	15.0	1987853	1492027	298346	75.05720996472073	15.00845384442411	1795	501	-0.0005635896282740304	True	True
strain_madness	s1__SP56_S42__X__MIKI-NS20__c75__k15__phylum	1	SP56_S42	MIKI-NS20	1313	186802	phylum	75.0	15.0	2048034	1537829	307469	75.08806006150289	15.012885528267597	944	516	-0.000859035217839832	True	True
strain_madness	s1__MIKI-NS09__X__MIKI-NS20__c75__k15__phylum	1	MIKI-NS09	MIKI-NS20	97137	186802	phylum	75.0	15.0	2039692	1530872	306581	75.05407679198625	15.030749740647117	878	529	-0.0020499827098078073	True	True
strain_madness	s1__SP110_S88__X__MIKI-NS20__c75__k20__phylum	1	SP110_S88	MIKI-NS20	1313	186802	phylum	75.0	20.0	2140902	1605745	430827	75.0031995859689	20.123620791610264	2575	693	-0.006181039580513215	True	True
strain_madness	s1__SP50_S37__X__MIKI-NS20__c75__k20__phylum	1	SP50_S37	MIKI-NS20	1313	186802	phylum	75.0	20.0	1958348	1520134	391751	77.62328248094823	20.004156564614664	90	654	-0.0002078282307332202	True	True
strain_madness	s1__SP136_S17__X__MIKI-NS20__c75__k20__phylum	1	SP136_S17	MIKI-NS20	1313	186802	phylum	75.0	20.0	2038096	1529074	407860	75.02463083191371	20.011814948854223	1180	693	-0.0005907474427111481	True	True
strain_madness	s1__SP124_S6__X__MIKI-NS20__c75__k20__phylum	1	SP124_S6	MIKI-NS20	1313	186802	phylum	75.0	20.0	2070014	1552727	414422	75.01045886646178	20.020251070765706	838	684	-0.0010125535382853102	True	True
strain_madness	s1__SP45_S32__X__SP147_S28__c90__k2__species	1	SP45_S32	SP147_S28	1313	1313	species	90.0	2.0	2070043	1864233	41574	90.05769445369009	2.008364077461193	964	162	-0.004182038730596416	True	True
strain_madness	s1__SP155_S36__X__SP127_S8__c90__k2__species	1	SP155_S36	SP127_S8	1313	1313	species	90.0	2.0	2075312	1868747	43725	90.04655685506565	2.1069121173105536	444	11	-0.053456058655276806	True	True
strain_madness	s1__SP171_S52__X__SP198_S01__c90__k2__species	1	SP171_S52	SP198_S01	1313	1313	species	90.0	2.0	1993908	1796379	40072	90.09337441847869	2.009721612030244	557	170	-0.0048608060151220656	True	True
strain_madness	s1__spades_ESBL7553_S11_L001__X__spades_ESBL9046_S6_L001__c90__k2__species	1	spades_ESBL7553_S11_L001	spades_ESBL9046_S6_L001	573	573	species	90.0	2.0	5395788	4856564	107918	90.0065754992598	2.000041513862294	60	448	-2.07569311470035e-05	True	True
strain_madness	s1__spades_ESBL6364_S9_L001__X__spades_ESBL9318_S2_L001__c90__k5__species	1	spades_ESBL6364_S9_L001	spades_ESBL9318_S2_L001	562	562	species	90.0	5.0	5323526	4872422	266376	91.52621777370862	5.003751273122363	336	960	-0.000750254624472646	True	True
strain_madness	s1__SP45_S32__X__SP113_S91__c90__k5__species	1	SP45_S32	SP113_S91	1313	1313	species	90.0	5.0	2070043	1863593	103722	90.02677722153598	5.0106205523266905	946	393	-0.0021241104653380916	True	True
strain_madness	s1__spades_ESBL8411_S7_L001__X__spades_And6342_S10_L001__c90__k5__species	1	spades_ESBL8411_S7_L001	spades_And6342_S10_L001	562	562	species	90.0	5.0	6071184	5474678	303789	90.17479951192387	5.003785093648949	704	1027	-0.0007570187297897491	True	True
strain_madness	s1__SP6_S88__X__SP142_S23__c90__k10__species	1	SP6_S88	SP142_S23	1313	1313	species	90.0	10.0	2087122	1965684	208914	94.18155718736135	10.009668816676744	37	759	-0.0009668816676743575	True	True
strain_madness	s1__SP50_S37__X__SP133_S14__c90__k10__species	1	SP50_S37	SP133_S14	1313	1313	species	90.0	10.0	1958348	1787269	195995	91.26411649002118	10.008180364266208	103	697	-0.0008180364266207718	True	True
strain_madness	s1__SP45_S32__X__SP73_S56__c90__k15__species	1	SP45_S32	SP73_S56	1313	1313	species	90.0	15.0	2070043	1863467	310548	90.02069039145563	15.002007204681256	937	915	-0.0001338136454170543	True	True
strain_madness	s1__SP18_S91__X__SP41_S28__c90__k20__species	1	SP18_S91	SP41_S28	1313	1313	species	90.0	20.0	2072566	1871388	414583	90.29328860938566	20.00336780589858	482	1064	-0.00016839029492903278	True	True
strain_madness	s1__MIKI-NS09__X__MIKI-NS11__c90__k20__species	1	MIKI-NS09	MIKI-NS11	97137	97137	species	90.0	20.0	2039692	1838123	407943	90.11767462930678	20.000225524245817	1049	1499	-1.1276212290844966e-05	True	True
strain_madness	s1__SP130_S11__X__SP25_S14__c90__k20__species	1	SP130_S11	SP25_S14	1313	1313	species	90.0	20.0	2077144	1938747	415576	93.33714947061927	20.00708665359744	40	1509	-0.0003543326798720159	True	True
strain_madness	s1__MIKI-NS06__X__MIKI-NS09__c90__k2__genus	1	MIKI-NS06	MIKI-NS09	508451	97137	genus	90.0	2.0	1964761	1779282	39689	90.55971693249204	2.020042132350958	197	25	-0.010021066175478932	True	True
strain_madness	s1__SP136_S17__X__SP181_S61__c90__k2__genus	1	SP136_S17	SP181_S61	1313	28037	genus	90.0	2.0	2038096	1834643	41013	90.01749672243113	2.0123193411890314	1414	150	-0.00615967059451572	True	True
strain_madness	s1__SP6_S88__X__SP181_S61__c90__k2__genus	1	SP6_S88	SP181_S61	1313	28037	genus	90.0	2.0	2087122	1958076	42108	93.81703609084663	2.017515027870915	36	153	-0.008757513935457428	True	True
strain_madness	s1__SP136_S17__X__SP119_S1__c90__k5__genus	1	SP136_S17	SP119_S1	1313	257758	genus	90.0	5.0	2038096	1834312	102090	90.00125607429679	5.009086912490874	1417	383	-0.0018173824981747798	True	True
strain_madness	s1__SP103_S83__X__SP21_S92__c90__k10__genus	1	SP103_S83	SP21_S92	1313	68892	genus	90.0	10.0	2047626	1842977	205002	90.00554788813973	10.011691588209956	1708	464	-0.0011691588209956194	True	True
strain_madness	s1__SP68_S51__X__SP81_S64__c90__k15__genus	1	SP68_S51	SP81_S64	257758	1313	genus	90.0	15.0	2287165	2069151	344192	90.4679373809935	15.048848683850968	76	258	-0.003256578923397887	True	True
strain_madness	s1__MIKI-NS09__X__MIKI-NS06__c90__k15__genus	1	MIKI-NS09	MIKI-NS06	97137	508451	genus	90.0	15.0	2039692	1835747	307113	90.00118645364104	15.056832109946011	1062	35	-0.0037888073297340933	True	True
strain_madness	s1__SP120_S2__X__SP68_S51__c90__k20__genus	1	SP120_S2	SP68_S51	1313	257758	genus	90.0	20.0	2076062	1868949	420279	90.0237565159422	20.244048588144285	1330	12	-0.012202429407214232	True	True
strain_madness	s1__SP168_S49__X__SP68_S51__c90__k20__genus	1	SP168_S49	SP68_S51	1313	257758	genus	90.0	20.0	1749640	1574927	370994	90.01434580828057	21.204019112503143	901	12	-0.06020095562515717	True	True
strain_madness	s1__SP127_S8__X__SP21_S92__c90__k20__genus	1	SP127_S8	SP21_S92	1313	68892	genus	90.0	20.0	2054557	1856460	411089	90.35816480146329	20.0086441992118	393	889	-0.00043220996059005755	True	True
strain_madness	s1__spades_AND8302_S10_L001__X__spades_ESBL7586_S7_L001__c90__k2__family	1	spades_AND8302_S10_L001	spades_ESBL7586_S7_L001	573	562	family	90.0	2.0	5495418	5273170	110145	95.95575805152583	2.00430613285468	36	462	-0.0021530664273399225	True	True
strain_madness	s1__SP168_S49__X__MIKI-NS12__c90__k2__family	1	SP168_S49	MIKI-NS12	1313	1363	family	90.0	2.0	1749640	1576166	35213	90.08516037584874	2.012585446148922	888	117	-0.0062927230744609375	True	True
strain_madness	s1__spades_ESBL6515_S2_L001__X__spades_ESBL9336_S1_L001__c90__k5__family	1	spades_ESBL6515_S2_L001	spades_ESBL9336_S1_L001	573	562	family	90.0	5.0	5206284	4839098	260374	92.9472537418243	5.00114861194664	22	989	-0.00022972238932794653	True	True
strain_madness	s1__MIKI-NS09__X__MIKI-NS10__c90__k5__family	1	MIKI-NS09	MIKI-NS10	97137	1598	family	90.0	5.0	2039692	1836427	105825	90.03452482041406	5.188283329051641	1066	6	-0.03765666581032825	True	True
strain_madness	s1__MIKI-NS10__X__MIKI-NS06__c90__k5__family	1	MIKI-NS10	MIKI-NS06	1598	508451	family	90.0	5.0	2092650	1910256	123464	91.28406565837574	5.89988770219578	135	16	-0.17997754043915606	True	True
strain_madness	s1__SP72_S55__X__MIKI-NS12__c90__k5__family	1	SP72_S55	MIKI-NS12	1313	1363	family	90.0	5.0	2008808	1809454	100636	90.07600527277869	5.0097371177335015	1105	326	-0.0019474235467002998	True	True
strain_madness	s1__SP81_S64__X__MIKI-NS12__c90__k5__family	1	SP81_S64	MIKI-NS12	1313	1363	family	90.0	5.0	1964360	1768605	98241	90.0346677798367	5.0011708648109305	1301	326	-0.00023417296218610772	True	True
strain_madness	s1__spades_ESBL7382_S4_L001__X__spades_ESBL8341_S10_L001__c90__k5__family	1	spades_ESBL7382_S4_L001	spades_ESBL8341_S10_L001	562	543	family	90.0	5.0	4857278	4375677	316880	90.08496116549227	6.523818484344524	266	5	-0.3047636968689048	True	True
strain_madness	s1__spades_ESBL8909_S7_L001__X__spades_ESBL5533_S4_L001__c90__k10__family	1	spades_ESBL8909_S7_L001	spades_ESBL5533_S4_L001	573	562	family	90.0	10.0	5264884	4819148	526590	91.53379257738632	10.001929767113577	158	2081	-0.00019297671135767302	True	True
strain_madness	s1__SP120_S2__X__MIKI-NS12__c90__k10__family	1	SP120_S2	MIKI-NS12	1313	1363	family	90.0	10.0	2076062	1869346	207722	90.0428792589046	10.005577868098351	1323	685	-0.0005577868098351147	True	True
strain_madness	s1__SP45_S32__X__MIKI-NS12__c90__k10__family	1	SP45_S32	MIKI-NS12	1313	1363	family	90.0	10.0	2070043	1863823	207244	90.03788810184136	10.011579469605222	952	706	-0.0011579469605221605	True	True
strain_madness	s1__spades_ESBL7382_S4_L001__X__spades_And8423_S6_L001__c90__k15__family	1	spades_ESBL7382_S4_L001	spades_And8423_S6_L001	562	573	family	90.0	15.0	4857278	4373348	728902	90.03701249959339	15.006388351665274	253	2053	-0.0004258901110182715	True	True
strain_madness	s1__SP171_S52__X__MIKI-NS12__c90__k15__family	1	SP171_S52	MIKI-NS12	1313	1363	family	90.0	15.0	1993908	1794638	299326	90.00605845405104	15.012026633124497	554	988	-0.0008017755416331577	True	True
strain_madness	s1__spades_ESBL8411_S7_L001__X__spades_ESBL6515_S2_L001__c90__k15__family	1	spades_ESBL8411_S7_L001	spades_ESBL6515_S2_L001	562	573	family	90.0	15.0	6071184	5467452	1034277	90.05577824687903	17.0358368318272	690	4	-0.13572245545514672	True	True
strain_madness	s1__SP103_S83__X__MIKI-NS12__c90__k20__family	1	SP103_S83	MIKI-NS12	1313	1363	family	90.0	20.0	2047626	1842975	410110	90.00545021405276	20.028559903029166	1711	1369	-0.0014279951514582835	True	True
strain_madness	s1__SP81_S64__X__MIKI-NS12__c90__k20__family	1	SP81_S64	MIKI-NS12	1313	1363	family	90.0	20.0	1964360	1768064	393732	90.00712700319697	20.043780162495672	1283	1317	-0.002189008124783598	True	True
strain_madness	s1__SP72_S55__X__MIKI-NS11__c90__k2__order	1	SP72_S55	MIKI-NS11	1313	97137	order	90.0	2.0	2008808	1809934	40370	90.09990004022286	2.0096495035862065	1103	145	-0.004824751793103266	True	True
strain_madness	s1__MIKI-NS09__X__SP53_S39__c90__k2__order	1	MIKI-NS09	SP53_S39	97137	1313	order	90.0	2.0	2039692	1836549	41159	90.04050611562923	2.0179027029571133	1057	81	-0.008951351478556635	True	True
strain_madness	s1__SP81_S64__X__spades_VRE3056_S20_L001__c90__k2__order	1	SP81_S64	spades_VRE3056_S20_L001	1313	1352	order	90.0	2.0	1964360	1768392	39505	90.02382455354416	2.0110875806878576	1300	160	-0.005543790343928823	True	True
strain_madness	s1__SP171_S52__X__spades_VRE3021_S4_L001__c90__k5__order	1	SP171_S52	spades_VRE3021_S4_L001	1313	1352	order	90.0	5.0	1993908	1797246	100778	90.13685686601387	5.054295383738869	565	311	-0.010859076747773777	True	True
strain_madness	s1__SP18_S91__X__spades_VRE3387_S5_L001__c90__k10__order	1	SP18_S91	spades_VRE3387_S5_L001	1313	1352	order	90.0	10.0	2072566	1870663	207676	90.25830781745913	10.020235785012396	479	758	-0.002023578501239598	True	True
strain_madness	s1__SP72_S55__X__MIKI-NS02__c90__k15__order	1	SP72_S55	MIKI-NS02	1313	1351	order	90.0	15.0	2008808	1808502	301390	90.0286139840144	15.003424916666999	1102	1178	-0.0002283277777999378	True	True
strain_madness	s1__SP127_S8__X__spades_VRE3342_S6_L001__c90__k20__order	1	SP127_S8	spades_VRE3342_S6_L001	1313	1352	order	90.0	20.0	2054557	1856326	411118	90.35164271422015	20.010055695704718	401	1606	-0.0005027847852359102	True	True
strain_madness	s1__SP136_S17__X__spades_VRE3277_S16_L001__c90__k20__order	1	SP136_S17	spades_VRE3277_S16_L001	1313	1352	order	90.0	20.0	2038096	1835101	408268	90.03996867664722	20.03183363295939	1411	1014	-0.0015916816479695228	True	True
strain_madness	s1__SP155_S36__X__spades_MRSA7295_S3_L001__c90__k2__class	1	SP155_S36	spades_MRSA7295_S3_L001	1313	1280	class	90.0	2.0	2075312	1869160	41726	90.06645747723715	2.01058925115838	436	171	-0.0052946255791899155	True	True
strain_madness	s1__SP130_S11__X__spades_MRSA8595_S7_L001__c90__k10__class	1	SP130_S11	spades_MRSA8595_S7_L001	1313	1280	class	90.0	10.0	2077144	1900992	207778	91.51950948032491	10.003061896527155	36	716	-0.0003061896527155383	True	True
strain_madness	s1__SP136_S17__X__spades_MRSA7286_S4_L001__c90__k10__class	1	SP136_S17	spades_MRSA7286_S4_L001	1313	1280	class	90.0	10.0	2038096	1834326	203813	90.00194298992785	10.000166822367543	1418	812	-1.6682236754306244e-05	True	True
strain_madness	s1__SP45_S32__X__spades_MRSA7129_S8_L001__c90__k10__class	1	SP45_S32	spades_MRSA7129_S8_L001	1313	1280	class	90.0	10.0	2070043	1863041	207270	90.00011110880305	10.012835482161481	953	770	-0.0012835482161481337	True	True
strain_madness	s1__SP124_S6__X__spades_MRSA7129_S8_L001__c90__k15__class	1	SP124_S6	spades_MRSA7129_S8_L001	1313	1280	class	90.0	15.0	2070014	1863526	310551	90.02480176462575	15.002362302863652	1026	1133	-0.00015748685757680883	True	True
strain_madness	s1__SP6_S88__X__spades_MRSA8013_S11_L001__c90__k15__class	1	SP6_S88	spades_MRSA8013_S11_L001	1313	1280	class	90.0	15.0	2087122	1912374	313196	91.62732221690922	15.006118473189396	35	1158	-0.0004078982126263971	True	True
strain_madness	s1__SP56_S42__X__spades_MRSA8013_S11_L001__c90__k15__class	1	SP56_S42	spades_MRSA8013_S11_L001	1313	1280	class	90.0	15.0	2048034	1845300	307310	90.10104324439926	15.00512198527954	1155	1131	-0.0003414656853027035	True	True
strain_madness	s1__SP18_S91__X__spades_MRSA7129_S1_L001__c90__k20__class	1	SP18_S91	spades_MRSA7129_S1_L001	1313	1280	class	90.0	20.0	2072566	1870013	414647	90.2269457281457	20.00645576546175	479	1488	-0.00032278827308758197	True	True
strain_madness	s1__SP171_S52__X__MIKI-NS20__c90__k2__phylum	1	SP171_S52	MIKI-NS20	1313	186802	phylum	90.0	2.0	1993908	1796214	41367	90.08509921220036	2.074669443123755	559	65	-0.03733472156187756	True	True
strain_madness	s1__SP56_S42__X__MIKI-NS20__c90__k2__phylum	1	SP56_S42	MIKI-NS20	1313	186802	phylum	90.0	2.0	2048034	1845565	41185	90.11398248271269	2.0109529431640296	1136	67	-0.005476471582014808	True	True
strain_madness	s1__MIKI-NS09__X__MIKI-NS20__c90__k5__phylum	1	MIKI-NS09	MIKI-NS20	97137	186802	phylum	90.0	5.0	2039692	1835784	102000	90.00300045300958	5.000755015953389	1054	155	-0.00015100319067773427	True	True
strain_madness	s1__SP18_S91__X__MIKI-NS20__c90__k5__phylum	1	SP18_S91	MIKI-NS20	1313	186802	phylum	90.0	5.0	2072566	1865862	104098	90.02666260085324	5.022662728231574	477	164	-0.004532545646314823	True	True
strain_madness	s1__SP155_S36__X__MIKI-NS20__c90__k10__phylum	1	SP155_S36	MIKI-NS20	1313	186802	phylum	90.0	10.0	2075312	1871632	208239	90.18557209711118	10.034105715188849	433	332	-0.0034105715188848863	True	True
strain_madness	s1__SP120_S2__X__MIKI-NS20__c90__k10__phylum	1	SP120_S2	MIKI-NS20	1313	186802	phylum	90.0	10.0	2076062	1868690	208323	90.01128097330427	10.034526907192559	1323	366	-0.003452690719255891	True	True
strain_madness	s1__SP127_S8__X__MIKI-NS20__c90__k15__phylum	1	SP127_S8	MIKI-NS20	1313	186802	phylum	90.0	15.0	2054557	1849518	308441	90.02028174443444	15.012530681796612	392	512	-0.0008353787864407991	True	True
strain_madness	s1__SP81_S64__X__MIKI-NS20__c90__k15__phylum	1	SP81_S64	MIKI-NS20	1313	186802	phylum	90.0	15.0	1964360	1767979	295351	90.0027998941131	15.035482294487773	1286	490	-0.0023654862991848566	True	True
strain_madness	s1__SP136_S17__X__MIKI-NS20__c90__k15__phylum	1	SP136_S17	MIKI-NS20	1313	186802	phylum	90.0	15.0	2038096	1835031	306486	90.03653409849193	15.037858864351826	1414	498	-0.0025239242901217078	True	True
strain_madness	s1__SP103_S83__X__MIKI-NS20__c90__k15__phylum	1	SP103_S83	MIKI-NS20	1313	186802	phylum	90.0	15.0	2047626	1843966	307474	90.05384772414493	15.016121108053913	1710	517	-0.0010747405369275025	True	True
strain_madness	s1__SP124_S6__X__MIKI-NS20__c90__k15__phylum	1	SP124_S6	MIKI-NS20	1313	186802	phylum	90.0	15.0	2070014	1868719	310982	90.27566963315223	15.023183418083162	1016	525	-0.0015455612055441511	True	True
strain_madness	s1__SP124_S6__X__MIKI-NS20__c90__k20__phylum	1	SP124_S6	MIKI-NS20	1313	186802	phylum	90.0	20.0	2070014	1865601	415279	90.1250426325619	20.061651756944638	1024	706	-0.003082587847231899	True	True
strain_madness	s1__SP6_S88__X__MIKI-NS20__c90__k20__phylum	1	SP6_S88	MIKI-NS20	1313	186802	phylum	90.0	20.0	2087122	1890189	418058	90.56437524974582	20.030357592895864	33	676	-0.0015178796447932186	True	True
strain_madness	s1__SP127_S8__X__MIKI-NS20__c90__k20__phylum	1	SP127_S8	MIKI-NS20	1313	186802	phylum	90.0	20.0	2054557	1851079	411258	90.09625919358771	20.01686981670501	400	732	-0.0008434908352505488	True	True
strain_madness	s1__SP50_S37__X__MIKI-NS20__c90__k20__phylum	1	SP50_S37	MIKI-NS20	1313	186802	phylum	90.0	20.0	1958348	1815422	391680	92.70170572339543	20.000531059852488	109	645	-2.65529926243957e-05	True	True
strain_madness	s2__SP74_S57__X__SP158_S39__c60__k5__species	2	SP74_S57	SP158_S39	1313	1313	species	60.0	5.0	1980502	1222373	99197	61.72036180725897	5.008679617591904	69	365	-0.0017359235183807443	True	True
strain_madness	s2__spades_And10925_S5_L001__X__spades_And12875_S7_L001__c60__k5__species	2	spades_And10925_S5_L001	spades_And12875_S7_L001	1639133	1639133	species	60.0	5.0	5618570	3374539	280999	60.060460223864794	5.001254767672202	219	1153	-0.00025095353444033465	True	True
strain_madness	s2__SP27_S15__X__SP11_S8__c60__k5__species	2	SP27_S15	SP11_S8	1313	1313	species	60.0	5.0	1980747	1190691	99038	60.11323000867854	5.0000328159022835	1053	403	-6.563180456709006e-06	True	True
strain_madness	s2__SP142_S23__X__SP74_S57__c60__k15__species	2	SP142_S23	SP74_S57	1313	1313	species	60.0	15.0	2060851	1237346	310305	60.04053665209178	15.057129312114267	2328	15	-0.003808620807617776	True	True
strain_madness	s2__SP32_S19__X__SP189_S68__c60__k15__species	2	SP32_S19	SP189_S68	1313	1313	species	60.0	15.0	2103320	1278953	316100	60.80639179963106	15.028621417568417	27	825	-0.0019080945045611012	True	True
strain_madness	s2__SP4_S3__X__SP191_S70__c60__k20__species	2	SP4_S3	SP191_S70	1313	1313	species	60.0	20.0	2195551	1317978	439199	60.029486903287605	20.004044542804973	2486	1562	-0.0002022271402486453	True	True
strain_madness	s2__spades_ESBL6364_S9_L001__X__spades_And4366_S2_L001__c60__k20__species	2	spades_ESBL6364_S9_L001	spades_And4366_S2_L001	562	562	species	60.0	20.0	5323526	3234801	1065431	60.76425662239651	20.013633820892395	182	2615	-0.0006816910446197256	True	True
strain_madness	s2__spades_And8909_S4_L001__X__spades_ESBL9336_S1_L001__c60__k20__species	2	spades_And8909_S4_L001	spades_ESBL9336_S1_L001	562	562	species	60.0	20.0	5467567	3280743	1093619	60.00370914521944	20.001931389226687	3601	3731	-9.65694613343615e-05	True	True
strain_madness	s2__SP78_S61__X__SP117_S95__c60__k5__genus	2	SP78_S61	SP117_S95	1313	257758	genus	60.0	5.0	2014664	1210846	100874	60.10163481354707	5.00698875842324	1830	310	-0.0013977516846480852	True	True
strain_madness	s2__SP142_S23__X__SP117_S95__c60__k15__genus	2	SP142_S23	SP117_S95	1313	257758	genus	60.0	15.0	2060851	1236936	309464	60.02064195810372	15.016320927616794	2327	949	-0.0010880618411196253	True	True
strain_madness	s2__SP6_S88__X__SP117_S95__c60__k15__genus	2	SP6_S88	SP117_S95	1313	257758	genus	60.0	15.0	2087122	1315747	313107	63.04121177391642	15.001854227975173	31	963	-0.00012361519834485079	True	True
strain_madness	s2__SP77_S60__X__SP181_S61__c60__k15__genus	2	SP77_S60	SP181_S61	1313	28037	genus	60.0	15.0	2013262	1210026	302141	60.10275860767252	15.00753503518171	1086	1177	-0.000502335678780715	True	True
strain_madness	s2__SP131_S12__X__SP117_S95__c60__k15__genus	2	SP131_S12	SP117_S95	1313	257758	genus	60.0	15.0	2155215	1293294	323657	60.00765584872043	15.017388056412006	2870	980	-0.0011592037608004091	True	True
strain_madness	s2__spades_And10925_S5_L001__X__spades_ESBL7382_S4_L001__c60__k2__family	2	spades_And10925_S5_L001	spades_ESBL7382_S4_L001	1639133	562	family	60.0	2.0	5618570	3377110	112638	60.10621919812336	2.004744979594452	209	410	-0.0023724897972259296	True	True
strain_madness	s2__SP166_S47__X__MIKI-NS12__c60__k2__family	2	SP166_S47	MIKI-NS12	1313	1363	family	60.0	2.0	2090273	1259442	42067	60.25251247085907	2.0125122412239933	121	176	-0.006256120611996652	True	True
strain_madness	s2__spades_And5141_S4_L001__X__spades_ESBL5911_S4_L001__c60__k5__family	2	spades_And5141_S4_L001	spades_ESBL5911_S4_L001	562	543	family	60.0	5.0	5286562	3206974	264457	60.662752087273354	5.002438257604848	53	878	-0.0004876515209696564	True	True
strain_madness	s2__spades_ESBL5817_S7_L001__X__spades_And6442_S8_L001__c60__k15__family	2	spades_ESBL5817_S7_L001	spades_And6442_S8_L001	562	573	family	60.0	15.0	4850179	3004693	727611	61.95014658221893	15.001734987512831	48	2831	-0.00011566583418876064	True	True
strain_madness	s2__spades_ESBL6984_S1_L001__X__spades_And7225_S6_L001__c60__k15__family	2	spades_ESBL6984_S1_L001	spades_And7225_S6_L001	543	562	family	60.0	15.0	5169466	3133492	775643	60.61539044845251	15.004315726227816	41	2882	-0.000287715081854382	True	True
strain_madness	s2__spades_ESBL7532_S2_L001__X__spades_ESBL8855_S12_L001__c60__k15__family	2	spades_ESBL7532_S2_L001	spades_ESBL8855_S12_L001	562	573	family	60.0	15.0	5351688	3422172	803270	63.94565602479068	15.009656766238988	50	2478	-0.0006437844159325578	True	True
strain_madness	s2__spades_MRSA8013_S11_L001__X__MIKI-NS13__c60__k2__order	2	spades_MRSA8013_S11_L001	MIKI-NS13	1280	481743	order	60.0	2.0	2739001	1643486	55008	60.003117925112115	2.0083234726821932	1808	224	-0.004161736341096622	True	True
strain_madness	s2__SP58_S44__X__MIKI-NS02__c60__k2__order	2	SP58_S44	MIKI-NS02	1313	1351	order	60.0	2.0	1973824	1185003	39733	60.03589985733277	2.0129960928633963	189	93	-0.006498046431698157	True	True
strain_madness	s2__SP32_S19__X__MIKI-NS06__c60__k5__order	2	SP32_S19	MIKI-NS06	1313	508451	order	60.0	5.0	2103320	1328648	105254	63.16908506551547	5.0041838617043535	22	409	-0.0008367723408706951	True	True
strain_madness	s2__SP130_S11__X__MIKI-NS09__c60__k5__order	2	SP130_S11	MIKI-NS09	1313	97137	order	60.0	5.0	2077144	1246337	103913	60.00243603717412	5.002686380915334	3103	382	-0.0005372761830667372	True	True
strain_madness	s2__MIKI-NS11__X__SP147_S28__c60__k10__order	2	MIKI-NS11	SP147_S28	97137	1313	order	60.0	10.0	2039212	1225389	204230	60.09129997273457	10.01514310429715	2689	527	-0.00151431042971506	True	True
strain_madness	s2__SP58_S44__X__spades_VRE3043_S21_L001__c60__k10__order	2	SP58_S44	spades_VRE3043_S21_L001	1313	1352	order	60.0	10.0	1973824	1186390	197516	60.10616954703155	10.006768587270193	189	593	-0.0006768587270192583	True	True
strain_madness	s2__SP59_S47__X__spades_VRE3342_S6_L001__c60__k10__order	2	SP59_S47	spades_VRE3342_S6_L001	1313	1352	order	60.0	10.0	2090807	1254509	209084	60.00118614487133	10.000157833793363	1393	821	-1.5783379336298255e-05	True	True
strain_madness	s2__SP53_S39__X__spades_VRE2237_S15_L001__c60__k15__order	2	SP53_S39	spades_VRE2237_S15_L001	1313	1352	order	60.0	15.0	2156089	1294629	323580	60.04524859595313	15.007729272771208	489	1065	-0.0005152848514138479	True	True
strain_madness	s2__spades_MRSA8013_S11_L001__X__SP36_S23__c60__k2__class	2	spades_MRSA8013_S11_L001	SP36_S23	1280	1313	class	60.0	2.0	2739001	1643899	54933	60.01819641540839	2.0055852480521184	1883	172	-0.002792624026059176	True	True
strain_madness	s2__SP47_S34__X__spades_MRSA8013_S11_L001__c60__k10__class	2	SP47_S34	spades_MRSA8013_S11_L001	1313	1280	class	60.0	10.0	2027743	1216837	203320	60.00942920281318	10.026911694430705	2148	220	-0.0026911694430705067	True	True
strain_madness	s2__SP2_S86__X__spades_MRSA7129_S1_L001__c60__k10__class	2	SP2_S86	spades_MRSA7129_S1_L001	1313	1280	class	60.0	10.0	2105629	1268494	212721	60.2429962733226	10.10249193946322	231	289	-0.010249193946322066	True	True
strain_madness	s2__spades_MRSA7295_S3_L001__X__SP45_S32__c60__k20__class	2	spades_MRSA7295_S3_L001	SP45_S32	1280	1313	class	60.0	20.0	2832162	1818092	572654	64.19449169927427	20.219676699284857	22	45	-0.010983834964242867	True	True
strain_madness	s2__SP32_S19__X__spades_MRSA7113_S2_L001__c60__k20__class	2	SP32_S19	spades_MRSA7113_S2_L001	1313	1280	class	60.0	20.0	2103320	1321557	420850	62.83195139113402	20.008843162238747	35	1578	-0.0004421581119373741	True	True
strain_madness	s2__SP27_S15__X__MIKI-NS20__c60__k2__phylum	2	SP27_S15	MIKI-NS20	1313	186802	phylum	60.0	2.0	1980747	1189804	39659	60.06844892356268	2.002224413314775	1068	166	-0.0011122066573874267	True	True
strain_madness	s2__SP106_S85__X__MIKI-NS20__c60__k2__phylum	2	SP106_S85	MIKI-NS20	1313	186802	phylum	60.0	2.0	2015226	1209508	40570	60.01847931695998	2.0131737085567574	2549	171	-0.006586854278378684	True	True
strain_madness	s2__SP142_S23__X__MIKI-NS20__c60__k2__phylum	2	SP142_S23	MIKI-NS20	1313	186802	phylum	60.0	2.0	2060851	1236821	41453	60.01506173905828	2.011450609481229	2315	174	-0.005725304740614501	True	True
strain_madness	s2__spades_And10925_S5_L001__X__spades_And11624_S6_L001__c75__k2__species	2	spades_And10925_S5_L001	spades_And11624_S6_L001	1639133	1639133	species	75.0	2.0	5618570	4214811	112481	75.01572464167928	2.00195067428189	249	459	-0.0009753371409451095	True	True
strain_madness	s2__spades_ESBL5734_S3_L001__X__spades_ESBL5784_S3_L001__c75__k2__species	2	spades_ESBL5734_S3_L001	spades_ESBL5784_S3_L001	562	562	species	75.0	2.0	5598134	4211047	111977	75.22233301310759	2.0002557995217694	738	382	-0.00012789976088467547	True	True
strain_madness	s2__spades_MRSA8602_S6_L001__X__spades_MRSA7119_S2_L001__c75__k5__species	2	spades_MRSA8602_S6_L001	spades_MRSA7119_S2_L001	1280	1280	species	75.0	5.0	2816259	2112686	141003	75.01746110709277	5.006748313986746	1365	468	-0.0013496627973491825	True	True
strain_madness	s2__SP47_S34__X__SP1_S85__c75__k5__species	2	SP47_S34	SP1_S85	1313	1313	species	75.0	5.0	2027743	1521143	101975	75.0165578182245	5.028990360218232	2646	358	-0.005798072043646485	True	True
strain_madness	s2__spades_ESBL5817_S7_L001__X__spades_ESBL6351_S5_L001__c75__k10__species	2	spades_ESBL5817_S7_L001	spades_ESBL6351_S5_L001	562	562	species	75.0	10.0	4850179	3657713	485171	75.41397956652735	10.00315658453018	52	1405	-0.0003156584530179529	True	True
strain_madness	s2__spades_And5533_S9_L001__X__spades_And6098_S1_L001__c75__k10__species	2	spades_And5533_S9_L001	spades_And6098_S1_L001	573	573	species	75.0	10.0	5486696	4116550	548785	75.02784918282332	10.002103269435741	1988	1977	-0.00021032694357412396	True	True
strain_madness	s2__SP16_S12__X__SP81_S64__c75__k10__species	2	SP16_S12	SP81_S64	1313	1313	species	75.0	10.0	2043829	1535550	204484	75.1310408062514	10.004946597782887	715	781	-0.0004946597782886641	True	True
strain_madness	s2__spades_And5141_S4_L001__X__spades_ESBL5784_S3_L001__c75__k15__species	2	spades_And5141_S4_L001	spades_ESBL5784_S3_L001	562	562	species	75.0	15.0	5286562	4069083	793112	76.97030697833488	15.002415558542584	48	2655	-0.00016103723617225303	True	True
strain_madness	s2__spades_And10026_S11_L001__X__spades_ESBL6983_S3_L001__c75__k20__species	2	spades_And10026_S11_L001	spades_ESBL6983_S3_L001	562	562	species	75.0	20.0	5077379	3808114	1015850	75.00157069228041	20.00736994421728	7086	3291	-0.0003684972108640494	True	True
strain_madness	s2__spades_And5141_S4_L001__X__spades_And4191_S5_L001__c75__k20__species	2	spades_And5141_S4_L001	spades_And4191_S5_L001	562	562	species	75.0	20.0	5286562	4063485	1057365	76.86441585287376	20.000994975562566	67	3386	-4.974877812831124e-05	True	True
strain_madness	s2__spades_ESBL7532_S2_L001__X__spades_ESBL7534_S10_L001__c75__k20__species	2	spades_ESBL7532_S2_L001	spades_ESBL7534_S10_L001	562	562	species	75.0	20.0	5351688	4121846	1070390	77.01954971963985	20.000979130322992	80	3249	-4.895651614962304e-05	True	True
strain_madness	s2__SP59_S47__X__SP20_S77__c75__k2__genus	2	SP59_S47	SP20_S77	1313	1301	genus	75.0	2.0	2090807	1569892	41948	75.08545743342164	2.0063066557554095	1771	174	-0.0031533278777047258	True	True
strain_madness	s2__SP156_S37__X__SP181_S61__c75__k2__genus	2	SP156_S37	SP181_S61	1313	28037	genus	75.0	2.0	2079530	1564505	41783	75.23358643539646	2.00925209061663	93	157	-0.004626045308314897	True	True
strain_madness	s2__SP2_S86__X__SP181_S61__c75__k5__genus	2	SP2_S86	SP181_S61	1313	28037	genus	75.0	5.0	2105629	1579562	105347	75.01615906695814	5.003113084023823	302	409	-0.0006226168047646751	True	True
strain_madness	s2__SP74_S57__X__SP117_S95__c75__k10__genus	2	SP74_S57	SP117_S95	1313	257758	genus	75.0	10.0	1980502	1491217	198407	75.29489997990409	10.01801563441996	91	607	-0.0018015634419960235	True	True
strain_madness	s2__SP156_S37__X__SP117_S95__c75__k15__genus	2	SP156_S37	SP117_S95	1313	257758	genus	75.0	15.0	2079530	1564994	311979	75.25710136425057	15.002380345558851	87	946	-0.000158689703923424	True	True
strain_madness	s2__SP74_S57__X__MIKI-NS12__c75__k2__family	2	SP74_S57	MIKI-NS12	1313	1363	family	75.0	2.0	1980502	1521726	39815	76.83536800265792	2.0103488913416903	88	171	-0.005174445670845129	True	True
strain_madness	s2__SP59_S47__X__MIKI-NS12__c75__k2__family	2	SP59_S47	MIKI-NS12	1313	1363	family	75.0	2.0	2090807	1568359	41980	75.01213646214117	2.0078371652668086	1779	177	-0.003918582633404277	True	True
strain_madness	s2__spades_ESBL5817_S7_L001__X__spades_ESBL7431_S12_L001__c75__k2__family	2	spades_ESBL5817_S7_L001	spades_ESBL7431_S12_L001	562	543	family	75.0	2.0	4850179	3661226	97219	75.48640988301669	2.004441485561667	53	193	-0.0022207427808333957	True	True
strain_madness	s2__SP121_S3__X__MIKI-NS12__c75__k2__family	2	SP121_S3	MIKI-NS12	1313	1363	family	75.0	2.0	2078750	1559654	41715	75.02845460012027	2.0067348165965124	1665	177	-0.0033674082982562137	True	True
strain_madness	s2__SP166_S47__X__MIKI-NS12__c75__k2__family	2	SP166_S47	MIKI-NS12	1313	1363	family	75.0	2.0	2090273	1585981	41816	75.87434751345877	2.000504240355207	162	176	-0.0002521201776035653	True	True
strain_madness	s2__spades_And10925_S5_L001__X__spades_ESBL8514_S7_L001__c75__k5__family	2	spades_And10925_S5_L001	spades_ESBL8514_S7_L001	1639133	562	family	75.0	5.0	5618570	4235201	281074	75.37862836985211	5.002589626897947	254	1133	-0.0005179253795894567	True	True
strain_madness	s2__spades_ESBL5817_S7_L001__X__spades_ESBL7862_S8_L001__c75__k5__family	2	spades_ESBL5817_S7_L001	spades_ESBL7862_S8_L001	562	573	family	75.0	5.0	4850179	3652765	242709	75.31196271312874	5.004124590040903	62	979	-0.0008249180081806529	True	True
strain_madness	s2__spades_And4902_S2_L001__X__spades_ESBL6760_S6_L001__c75__k10__family	2	spades_And4902_S2_L001	spades_ESBL6760_S6_L001	562	543	family	75.0	10.0	5066396	3800147	506783	75.00690826378357	10.00283041436161	2834	2001	-0.0002830414361609357	True	True
strain_madness	s2__spades_ESBL5734_S3_L001__X__spades_ESBL6515_S2_L001__c75__k10__family	2	spades_ESBL5734_S3_L001	spades_ESBL6515_S2_L001	562	573	family	75.0	10.0	5598134	4210855	560192	75.21890329884923	10.0067629678032	726	1837	-0.0006762967803199515	True	True
strain_madness	s2__spades_ESBL8075_S12_L001__X__spades_And5042_S4_L001__c75__k15__family	2	spades_ESBL8075_S12_L001	spades_And5042_S4_L001	573	562	family	75.0	15.0	5404977	4054353	810750	75.01147553449348	15.000063830058851	7718	2564	-4.255337256727406e-06	True	True
strain_madness	s2__spades_ESBL6364_S9_L001__X__spades_And9353_S7_L001__c75__k15__family	2	spades_ESBL6364_S9_L001	spades_And9353_S7_L001	562	573	family	75.0	15.0	5323526	3994803	798671	75.04054643482534	15.002669283478657	231	2406	-0.00017795223191043874	True	True
strain_madness	s2__spades_ESBL6364_S9_L001__X__spades_And8381_S10_L001__c75__k20__family	2	spades_ESBL6364_S9_L001	spades_And8381_S10_L001	562	573	family	75.0	20.0	5323526	4049695	1065073	76.07166753764328	20.00690895470408	239	2275	-0.0003454477352040186	True	True
strain_madness	s2__spades_And5533_S9_L001__X__spades_And8909_S4_L001__c75__k20__family	2	spades_And5533_S9_L001	spades_And8909_S4_L001	573	562	family	75.0	20.0	5486696	4118425	1097822	75.06202275467786	20.008799466928732	1995	1134	-0.00043997334643659515	True	True
strain_madness	s2__spades_And9183_S10_L001__X__spades_ESBL5911_S4_L001__c75__k20__family	2	spades_And9183_S10_L001	spades_ESBL5911_S4_L001	562	543	family	75.0	20.0	5150416	3863133	1030116	75.00623250626745	20.000636841761906	7336	3394	-3.184208809532407e-05	True	True
strain_madness	s2__spades_ESBL5792_S6_L001__X__spades_And8381_S10_L001__c75__k20__family	2	spades_ESBL5792_S6_L001	spades_And8381_S10_L001	562	573	family	75.0	20.0	5286705	3965456	1057398	75.00808159335541	20.001078176293174	5989	2307	-5.390881465867636e-05	True	True
strain_madness	s2__spades_ESBL8075_S12_L001__X__spades_And8909_S4_L001__c75__k20__family	2	spades_ESBL8075_S12_L001	spades_And8909_S4_L001	573	562	family	75.0	20.0	5404977	4054534	1081185	75.01482429989989	20.003507878016872	7709	1161	-0.0001753939008436234	True	True
strain_madness	s2__SP55_S41__X__spades_VRE3021_S4_L001__c75__k2__order	2	SP55_S41	spades_VRE3021_S4_L001	1313	1352	order	75.0	2.0	1980370	1530317	40104	77.27429722728581	2.0250761221387923	9	134	-0.012538061069396145	True	True
strain_madness	s2__SP77_S60__X__spades_VRE3253_S17_L001__c75__k2__order	2	SP77_S60	spades_VRE3253_S17_L001	1313	1352	order	75.0	2.0	2013262	1510531	40399	75.02903248558806	2.006643944007288	1380	168	-0.003321972003643925	True	True
strain_madness	s2__SP142_S23__X__spades_VRE2941_S2_L001__c75__k5__order	2	SP142_S23	spades_VRE2941_S2_L001	1313	1352	order	75.0	5.0	2060851	1545680	103141	75.00202586213172	5.004777152739329	2883	400	-0.0009554305478658876	True	True
strain_madness	s2__spades_MRSA8602_S6_L001__X__MIKI-NS13__c75__k5__order	2	spades_MRSA8602_S6_L001	MIKI-NS13	1280	481743	order	75.0	5.0	2816259	2114463	141046	75.08055899688203	5.008275162192113	1382	575	-0.0016550324384226657	True	True
strain_madness	s2__spades_MRSA7830_S9_L001__X__MIKI-NS13__c75__k10__order	2	spades_MRSA7830_S9_L001	MIKI-NS13	1280	481743	order	75.0	10.0	2786125	2090049	278838	75.0163398986047	10.008093678496119	3266	1124	-0.0008093678496118528	True	True
strain_madness	s2__SP16_S12__X__spades_VRE3387_S5_L001__c75__k15__order	2	SP16_S12	spades_VRE3387_S5_L001	1313	1352	order	75.0	15.0	2043829	1533226	306663	75.01733266334904	15.004337447017338	711	1101	-0.00028916313448921945	True	True
strain_madness	s2__spades_VRE2392_S22_L001__X__SP53_S39__c75__k20__order	2	spades_VRE2392_S22_L001	SP53_S39	1352	1313	order	75.0	20.0	3000431	2251529	601672	75.04018589329333	20.05285240687088	2820	224	-0.002642620343543989	True	True
strain_madness	s2__SP53_S39__X__spades_MRSA8186_S9_L001__c75__k2__class	2	SP53_S39	spades_MRSA8186_S9_L001	1313	1280	class	75.0	2.0	2156089	1617466	43318	75.01851732465589	2.0091007374927474	610	138	-0.004550368746373712	True	True
strain_madness	s2__SP53_S39__X__spades_MRSA8339_S5_L001__c75__k10__class	2	SP53_S39	spades_MRSA8339_S5_L001	1313	1280	class	75.0	10.0	2156089	1620206	215866	75.1455992772098	10.011924368613727	613	856	-0.0011924368613726699	True	True
strain_madness	s2__SP77_S60__X__spades_MRSA8013_S11_L001__c75__k10__class	2	SP77_S60	spades_MRSA8013_S11_L001	1313	1280	class	75.0	10.0	2013262	1510611	201611	75.03300613631012	10.014146196570541	1392	224	-0.0014146196570541392	True	True
strain_madness	s2__SP2_S86__X__spades_MRSA7133_S3_L001__c75__k10__class	2	SP2_S86	spades_MRSA7133_S3_L001	1313	1280	class	75.0	10.0	2105629	1580087	210720	75.04109223419701	10.00746095347281	310	787	-0.0007460953472810061	True	True
strain_madness	s2__spades_MRSA8602_S6_L001__X__SP71_S54__c75__k20__class	2	spades_MRSA8602_S6_L001	SP71_S54	1280	1313	class	75.0	20.0	2816259	2114543	563410	75.08339964470598	20.00561738107184	1375	1496	-0.0002808690535919922	True	True
strain_madness	s2__SP45_S32__X__MIKI-NS20__c75__k2__phylum	2	SP45_S32	MIKI-NS20	1313	186802	phylum	75.0	2.0	2070043	1610015	41652	77.77688676032334	2.0121321151299756	139	174	-0.006066057564987792	True	True
strain_madness	s2__spades_MRSA7830_S9_L001__X__MIKI-NS20__c75__k2__phylum	2	spades_MRSA7830_S9_L001	MIKI-NS20	1280	186802	phylum	75.0	2.0	2786125	2089678	55779	75.003023913141	2.002027906142043	3275	235	-0.0010139530710215894	True	True
strain_madness	s2__spades_And10925_S5_L001__X__spades_And11624_S6_L001__c90__k2__species	2	spades_And10925_S5_L001	spades_And11624_S6_L001	1639133	1639133	species	90.0	2.0	5618570	5075880	112492	90.34113662373166	2.0021464536349995	316	461	-0.0010732268174997728	True	True
strain_madness	s2__spades_ESBL5817_S7_L001__X__spades_And5141_S4_L001__c90__k2__species	2	spades_ESBL5817_S7_L001	spades_And5141_S4_L001	562	562	species	90.0	2.0	4850179	4484245	130961	92.45524752797783	2.7001271499464248	74	5	-0.3500635749732124	True	True
strain_madness	s2__SP53_S39__X__SP11_S8__c90__k10__species	2	SP53_S39	SP11_S8	1313	1313	species	90.0	10.0	2156089	1947897	215719	90.34399785908653	10.005106468239484	746	874	-0.000510646823948413	True	True
strain_madness	s2__spades_AND9183_S11_L001__X__spades_And8382_S4_L001__c90__k10__species	2	spades_AND9183_S11_L001	spades_And8382_S4_L001	562	562	species	90.0	10.0	5148435	4647703	515061	90.27409300107702	10.004224584752453	88	2002	-0.0004224584752453353	True	True
strain_madness	s2__SP2_S86__X__SP174_S55__c90__k10__species	2	SP2_S86	SP174_S55	1313	1313	species	90.0	10.0	2105629	1898592	210779	90.16745115117621	10.010262966552988	363	751	-0.0010262966552987863	True	True
strain_madness	s2__spades_ESBL5734_S3_L001__X__spades_ESBL7531_S9_L001__c90__k15__species	2	spades_ESBL5734_S3_L001	spades_ESBL7531_S9_L001	562	562	species	90.0	15.0	5598134	5042302	839783	90.07112012681368	15.001123588681514	871	2782	-7.4905912100931e-05	True	True
strain_madness	s2__SP77_S60__X__SP21_S92__c90__k5__genus	2	SP77_S60	SP21_S92	1313	68892	genus	90.0	5.0	2013262	1812001	100665	90.00323852533847	5.000094374204649	1640	399	-1.8874840929861135e-05	True	True
strain_madness	s2__SP53_S39__X__SP181_S61__c90__k5__genus	2	SP53_S39	SP181_S61	1313	28037	genus	90.0	5.0	2156089	1941313	107816	90.03863013075991	5.000535692172262	747	419	-0.00010713843445238069	True	True
strain_madness	s2__SP6_S88__X__SP181_S61__c90__k10__genus	2	SP6_S88	SP181_S61	1313	28037	genus	90.0	10.0	2087122	1949582	208872	93.41006419365998	10.007656476238571	39	817	-0.000765647623857113	True	True
strain_madness	s2__SP53_S39__X__SP117_S95__c90__k20__genus	2	SP53_S39	SP117_S95	1313	257758	genus	90.0	20.0	2156089	1941045	431518	90.02620021715245	20.013923358451343	745	1341	-0.0006961679225671702	True	True
strain_madness	s2__SP74_S57__X__SP117_S95__c90__k20__genus	2	SP74_S57	SP117_S95	1313	257758	genus	90.0	20.0	1980502	1798999	396312	90.83550534157501	20.010684159874618	111	1194	-0.0005342079937308952	True	True
strain_madness	s2__SP16_S12__X__SP117_S95__c90__k20__genus	2	SP16_S12	SP117_S95	1313	257758	genus	90.0	20.0	2043829	1844929	409042	90.26826608292572	20.013513850718432	862	1229	-0.0006756925359216126	True	True
strain_madness	s2__spades_And10925_S5_L001__X__spades_ESBL6792_S10_L001__c90__k2__family	2	spades_And10925_S5_L001	spades_ESBL6792_S10_L001	1639133	573	family	90.0	2.0	5618570	5070376	112460	90.24317575468491	2.001576913698681	313	466	-0.0007884568493405908	True	True
strain_madness	s2__spades_And9053_S12_L001__X__spades_ESBL9656_S7_L001__c90__k2__family	2	spades_And9053_S12_L001	spades_ESBL9656_S7_L001	573	543	family	90.0	2.0	5579929	5022054	111775	90.00211293011075	2.0031616889748958	3678	459	-0.0015808444874478855	True	True
strain_madness	s2__spades_AND9183_S11_L001__X__spades_ESBL8960_S8_L001__c90__k5__family	2	spades_AND9183_S11_L001	spades_ESBL8960_S8_L001	562	573	family	90.0	5.0	5148435	4745423	257698	92.17214551606459	5.00536570822007	92	1010	-0.001073141644014086	True	True
strain_madness	s2__spades_And10925_S5_L001__X__spades_And4892_S4_L001__c90__k10__family	2	spades_And10925_S5_L001	spades_And4892_S4_L001	1639133	543	family	90.0	10.0	5618570	5076543	561914	90.35293677928726	10.001014493011567	321	2186	-0.00010144930115671969	True	True
strain_madness	s2__spades_ESBL5734_S3_L001__X__spades_ESBL6270_S10_L001__c90__k15__family	2	spades_ESBL5734_S3_L001	spades_ESBL6270_S10_L001	562	543	family	90.0	15.0	5598134	5051859	1023370	90.24183772664249	18.28055562800033	856	25	-0.21870370853335525	True	True
strain_madness	s2__SP58_S44__X__spades_VRE2224_S14_L001__c90__k10__order	2	SP58_S44	spades_VRE2224_S14_L001	1313	1352	order	90.0	10.0	1973824	1792705	197538	90.82395390875783	10.007883174994326	288	783	-0.0007883174994326225	True	True
strain_madness	s2__SP77_S60__X__spades_VRE2906_S11_L001__c90__k10__order	2	SP77_S60	spades_VRE2906_S11_L001	1313	1352	order	90.0	10.0	2013262	1812700	201405	90.0379582985225	10.003914045961231	1653	827	-0.00039140459612312383	True	True
strain_madness	s2__SP166_S47__X__spades_VRE3786_S19_L001__c90__k10__order	2	SP166_S47	spades_VRE3786_S19_L001	1313	1352	order	90.0	10.0	2090273	1896198	209200	90.71532761510099	10.008262078685416	191	853	-0.000826207868541573	True	True
strain_madness	s2__SP2_S86__X__spades_VRE2392_S22_L001__c90__k20__order	2	SP2_S86	spades_VRE2392_S22_L001	1313	1352	order	90.0	20.0	2105629	1906850	421519	90.55963799890674	20.01867375496823	365	532	-0.0009336877484114936	True	True
strain_madness	s2__spades_MRSA8602_S6_L001__X__SP45_S32__c90__k2__class	2	spades_MRSA8602_S6_L001	SP45_S32	1280	1313	class	90.0	2.0	2816259	2537399	90054	90.09821184770293	3.1976462392130838	1674	9	-0.5988231196065419	True	True
strain_madness	s2__spades_MRSA7295_S3_L001__X__SP70_S53__c90__k2__class	2	spades_MRSA7295_S3_L001	SP70_S53	1280	1313	class	90.0	2.0	2832162	2574055	56704	90.88657357877128	2.002145357504267	34	181	-0.0010726787521335712	True	True
strain_madness	s2__SP45_S32__X__spades_MRSA7830_S9_L001__c90__k2__class	2	SP45_S32	spades_MRSA7830_S9_L001	1313	1280	class	90.0	2.0	2070043	1870668	41783	90.36855756136467	2.018460486086521	156	76	-0.009230243043260478	True	True
strain_madness	s2__SP77_S60__X__spades_MRSA7119_S2_L001__c90__k5__class	2	SP77_S60	spades_MRSA7119_S2_L001	1313	1280	class	90.0	5.0	2013262	1812302	101098	90.01818938618024	5.02160175873781	1640	330	-0.004320351747561979	True	True
strain_madness	s2__SP74_S57__X__spades_MRSA8186_S9_L001__c90__k10__class	2	SP74_S57	spades_MRSA8186_S9_L001	1313	1280	class	90.0	10.0	1980502	1787683	198723	90.26413505262808	10.033971185083377	106	628	-0.0033971185083377263	True	True
strain_madness	s2__SP77_S60__X__spades_MRSA7133_S3_L001__c90__k15__class	2	SP77_S60	spades_MRSA7133_S3_L001	1313	1280	class	90.0	15.0	2013262	1813532	302071	90.07928426603195	15.004058090799905	1651	1126	-0.0002705393866603364	True	True
strain_madness	s2__SP156_S37__X__spades_MRSA8013_S11_L001__c90__k15__class	2	SP156_S37	spades_MRSA8013_S11_L001	1313	1280	class	90.0	15.0	2079530	1891656	311935	90.96555471669079	15.000264482839873	108	345	-1.7632189324838047e-05	True	True
strain_madness	s2__SP58_S44__X__spades_MRSA9344_S6_L001__c90__k15__class	2	SP58_S44	spades_MRSA9344_S6_L001	1313	1280	class	90.0	15.0	1973824	1780890	296152	90.22536963781978	15.003971985344185	283	811	-0.0002647990229456572	True	True
strain_madness	s2__SP166_S47__X__spades_MRSA7295_S3_L001__c90__k20__class	2	SP166_S47	spades_MRSA7295_S3_L001	1313	1280	class	90.0	20.0	2090273	1890595	457756	90.44727650407387	21.899340421083753	190	8	-0.09496702105418767	True	True
strain_madness	s2__SP57_S43__X__spades_MRSA8186_S9_L001__c90__k20__class	2	SP57_S43	spades_MRSA8186_S9_L001	1313	1280	class	90.0	20.0	1969838	1773266	394386	90.02090527241326	20.02124032534655	1498	1228	-0.0010620162673275146	True	True
strain_madness	s2__SP16_S12__X__MIKI-NS20__c90__k2__phylum	2	SP16_S12	MIKI-NS20	1313	186802	phylum	90.0	2.0	2043829	1839592	40891	90.00713856198341	2.0007055384770447	860	173	-0.00035276923852234354	True	True
strain_madness	s2__SP156_S37__X__MIKI-NS20__c90__k2__phylum	2	SP156_S37	MIKI-NS20	1313	186802	phylum	90.0	2.0	2079530	1888997	41638	90.83768928555972	2.00227936120181	105	175	-0.0011396806009049687	True	True
strain_madness	s2__SP166_S47__X__MIKI-NS20__c90__k2__phylum	2	SP166_S47	MIKI-NS20	1313	186802	phylum	90.0	2.0	2090273	1883298	42068	90.09818334734267	2.0125600818649048	192	178	-0.00628004093245238	True	True
strain_madness	s2__SP32_S19__X__MIKI-NS20__c90__k2__phylum	2	SP32_S19	MIKI-NS20	1313	186802	phylum	90.0	2.0	2103320	1923235	42070	91.43805982922237	2.0001711579788144	43	174	-8.557898940719788e-05	True	True
strain_madness	s3__spades_MRSA8758_S5_L001__X__spades_MRSA7830_S9_L001__c60__k2__species	3	spades_MRSA8758_S5_L001	spades_MRSA7830_S9_L001	1280	1280	species	60.0	2.0	2816182	1689989	56805	60.00993543741136	2.0170926452906808	3546	161	-0.008546322645340387	True	True
strain_madness	s3__SP6_S88__X__SP180_S96__c60__k2__species	3	SP6_S88	SP180_S96	1313	1313	species	60.0	2.0	2087122	1252910	41839	60.0305109140721	2.0046264664930944	2412	165	-0.002313233246547197	True	True
strain_madness	s3__spades_VRE3766_S8_L001__X__spades_VRE2237_S15_L001__c60__k5__species	3	spades_VRE3766_S8_L001	spades_VRE2237_S15_L001	1352	1352	species	60.0	5.0	3083042	1885780	154401	61.166211812878316	5.008073195240286	96	349	-0.0016146390480571426	True	True
strain_madness	s3__SP87_S70__X__SP127_S8__c60__k5__species	3	SP87_S70	SP127_S8	1313	1313	species	60.0	5.0	2006213	1216199	103374	60.62162890979173	5.1526931587024905	108	83	-0.03053863174049809	True	True
strain_madness	s3__spades_ESBL5872_S5_L001__X__spades_ESBL1009_S1_L001__c60__k10__species	3	spades_ESBL5872_S5_L001	spades_ESBL1009_S1_L001	562	562	species	60.0	10.0	5649121	3390760	571588	60.02278938617176	10.118175907366828	777	28	-0.011817590736682782	True	True
strain_madness	s3__spades_ESBL7634_S2_L001__X__spades_And8909_S4_L001__c60__k10__species	3	spades_ESBL7634_S2_L001	spades_And8909_S4_L001	562	562	species	60.0	10.0	5550584	3335537	555120	60.09344241975259	10.001109793131677	355	1548	-0.00011097931316772502	True	True
strain_madness	s3__SP187_S66__X__SP88_S94__c60__k10__species	3	SP187_S66	SP88_S94	1313	1313	species	60.0	10.0	1958898	1175417	195959	60.00399204042273	10.003532598430342	128	773	-0.0003532598430341594	True	True
strain_madness	s3__spades_And4246_S5_L001__X__spades_And9387_S6_L001__c60__k10__species	3	spades_And4246_S5_L001	spades_And9387_S6_L001	573	573	species	60.0	10.0	5640614	3384718	565461	60.006197906823616	10.02481290157419	6952	560	-0.002481290157419025	True	True
strain_madness	s3__spades_And5213_S1_L001__X__spades_ESBL6724_S11_L001__c60__k15__species	3	spades_And5213_S1_L001	spades_ESBL6724_S11_L001	562	562	species	60.0	15.0	4911642	3007290	736871	61.227793067980116	15.002538865821247	42	2875	-0.00016925772141647145	True	True
strain_madness	s3__SP166_S47__X__SP164_S45__c60__k15__species	3	SP166_S47	SP164_S45	1313	1313	species	60.0	15.0	2090273	1256914	313701	60.1315713306348	15.007656894577885	738	826	-0.0005104596385256362	True	True
strain_madness	s3__spades_ESBL7424_S8_L001__X__spades_ESBL5613_S5_L001__c60__k20__species	3	spades_ESBL7424_S8_L001	spades_ESBL5613_S5_L001	562	562	species	60.0	20.0	5210944	3129397	1042593	60.05432029206224	20.007756751943603	795	3357	-0.00038783759718015177	True	True
strain_madness	s3__SP48_S35__X__SP24_S13__c60__k20__species	3	SP48_S35	SP24_S13	1313	1313	species	60.0	20.0	2032240	1220427	406493	60.05329094988781	20.002214305397	824	1443	-0.00011071526985002577	True	True
strain_madness	s3__SP63_S49__X__SP68_S51__c60__k2__genus	3	SP63_S49	SP68_S51	1313	257758	genus	60.0	2.0	2084429	1250689	41897	60.00151600270386	2.0099989013777875	2956	179	-0.004999450688893736	True	True
strain_madness	s3__SP124_S6__X__SP20_S77__c60__k2__genus	3	SP124_S6	SP20_S77	1313	1301	genus	60.0	2.0	2070014	1243330	41451	60.06384497882623	2.0024502249743237	202	169	-0.001225112487161839	True	True
strain_madness	s3__SP149_S30__X__SP21_S92__c60__k5__genus	3	SP149_S30	SP21_S92	1313	68892	genus	60.0	5.0	2113372	1278955	218821	60.517268138311664	10.354116549287111	16	2	-1.0708233098574222	True	True
strain_madness	s3__SP108_S87__X__SP20_S77__c60__k5__genus	3	SP108_S87	SP20_S77	1313	1301	genus	60.0	5.0	1937122	1163383	96944	60.05729117732388	5.0045376594762745	1161	400	-0.0009075318952548983	True	True
strain_madness	s3__spades_ESBL7553_S11_L001__X__spades_ESBL6643_S3_L001__c60__k10__genus	3	spades_ESBL7553_S11_L001	spades_ESBL6643_S3_L001	573	548	genus	60.0	10.0	5395788	3237571	540108	60.00181993807021	10.009807649966975	4613	1999	-0.0009807649966974807	True	True
strain_madness	s3__SP31_S18__X__SP21_S92__c60__k15__genus	3	SP31_S18	SP21_S92	1313	68892	genus	60.0	15.0	2096146	1258998	462556	60.06251472941293	22.066974342436072	114	6	-0.4711316228290715	True	True
strain_madness	s3__SP48_S35__X__SP21_S92__c60__k15__genus	3	SP48_S35	SP21_S92	1313	68892	genus	60.0	15.0	2032240	1221312	549934	60.09683895602882	27.06048498208873	809	5	-0.8040323321392487	True	True
strain_madness	s3__SP166_S47__X__SP21_S92__c60__k20__genus	3	SP166_S47	SP21_S92	1313	68892	genus	60.0	20.0	2090273	1254730	441703	60.02708737088409	21.131354612531474	749	6	-0.05656773062657372	True	True
strain_madness	s3__SP76_S59__X__MIKI-NS12__c60__k2__family	3	SP76_S59	MIKI-NS12	1313	1363	family	60.0	2.0	2094080	1258175	41985	60.08247058374083	2.004937729217604	502	178	-0.002468864608802024	True	True
strain_madness	s3__spades_ESBL7531_S9_L001__X__spades_AND8064_S11_L001__c60__k2__family	3	spades_ESBL7531_S9_L001	spades_AND8064_S11_L001	562	573	family	60.0	2.0	5208486	3125269	104437	60.00340598016391	2.005131625581791	7135	418	-0.0025658127908954054	True	True
strain_madness	s3__spades_ESBL7525_S1_L001__X__spades_And5331_S1_L001__c60__k5__family	3	spades_ESBL7525_S1_L001	spades_And5331_S1_L001	562	543	family	60.0	5.0	5217626	3131050	261063	60.00909225766661	5.003482426682173	6164	1022	-0.0006964853364346268	True	True
strain_madness	s3__spades_ESBL5481_S10_L001__X__spades_ESBL6270_S10_L001__c60__k5__family	3	spades_ESBL5481_S10_L001	spades_ESBL6270_S10_L001	562	543	family	60.0	5.0	4901360	2971957	245159	60.63535426901921	5.001856627548272	174	613	-0.0003713255096544188	True	True
strain_madness	s3__spades_And4246_S5_L001__X__spades_And5213_S1_L001__c60__k10__family	3	spades_And4246_S5_L001	spades_And5213_S1_L001	573	562	family	60.0	10.0	5640614	3384570	820849	60.00357407899211	14.55247602477319	7032	13	-0.455247602477319	True	True
strain_madness	s3__spades_ESBL5852_S11_L001__X__spades_ESBL9224_S2_L001__c60__k10__family	3	spades_ESBL5852_S11_L001	spades_ESBL9224_S2_L001	562	573	family	60.0	10.0	5631598	3379088	563353	60.0022941978458	10.003430642599135	7077	1588	-0.00034306425991346143	True	True
strain_madness	s3__spades_ESBL1009_S1_L001__X__spades_ESBL6270_S10_L001__c60__k10__family	3	spades_ESBL1009_S1_L001	spades_ESBL6270_S10_L001	562	543	family	60.0	10.0	4889917	2978425	489135	60.90952055014431	10.002930520088583	168	1204	-0.0002930520088582966	True	True
strain_madness	s3__spades_ESBL8411_S7_L001__X__spades_And8861_S3_L001__c60__k10__family	3	spades_ESBL8411_S7_L001	spades_And8861_S3_L001	562	543	family	60.0	10.0	6071184	3643409	607364	60.01150681646282	10.004045339426378	3086	2323	-0.00040453394263781914	True	True
strain_madness	s3__spades_ESBL5497_S3_L001__X__spades_ESBL6984_S1_L001__c60__k10__family	3	spades_ESBL5497_S3_L001	spades_ESBL6984_S1_L001	562	543	family	60.0	10.0	5188881	3113458	518916	60.00249379394131	10.000537688183638	245	1739	-5.376881836376413e-05	True	True
strain_madness	s3__spades_ESBL8953_S1_L001__X__spades_ESBL7388_S7_L001__c60__k15__family	3	spades_ESBL8953_S1_L001	spades_ESBL7388_S7_L001	573	543	family	60.0	15.0	5559832	3336109	834019	60.00377349531425	15.000794988049998	717	2864	-5.299920333321495e-05	True	True
strain_madness	s3__spades_ESBL5533_S4_L001__X__spades_And9076_S11_L001__c60__k15__family	3	spades_ESBL5533_S4_L001	spades_And9076_S11_L001	562	573	family	60.0	15.0	5179780	3108797	777031	60.017935124657804	15.001235573711625	5402	2839	-8.237158077501287e-05	True	True
strain_madness	s3__spades_And4246_S5_L001__X__spades_ESBL5772_S6_L001__c60__k15__family	3	spades_And4246_S5_L001	spades_ESBL5772_S6_L001	573	562	family	60.0	15.0	5640614	3384812	846203	60.00786439206796	15.00196609801699	6990	3051	-0.00013107320113263653	True	True
strain_madness	s3__spades_ESBL7531_S9_L001__X__spades_And4246_S5_L001__c60__k20__family	3	spades_ESBL7531_S9_L001	spades_And4246_S5_L001	562	573	family	60.0	20.0	5208486	3125127	1041955	60.0006796600778	20.00494961491689	7117	2130	-0.00024748074584444166	True	True
strain_madness	s3__spades_ESBL1009_S1_L001__X__spades_And6100_S3_L001__c60__k20__family	3	spades_ESBL1009_S1_L001	spades_And6100_S3_L001	562	573	family	60.0	20.0	4889917	2933972	978035	60.00044581533797	20.00105523263483	182	3678	-5.2761631741482516e-05	True	True
strain_madness	s3__SP122_S4__X__spades_VRE3967_S23_L001__c60__k2__order	3	SP122_S4	spades_VRE3967_S23_L001	1313	1352	order	60.0	2.0	2049787	1229903	41022	60.00150259514769	2.0012811087200766	2808	174	-0.0006405543600382924	True	True
strain_madness	s3__SP179_S59__X__spades_VRE3056_S20_L001__c60__k2__order	3	SP179_S59	spades_VRE3056_S20_L001	1313	1352	order	60.0	2.0	2098228	1273344	42043	60.68663653330334	2.003738392586506	225	176	-0.0018691962932531059	True	True
strain_madness	s3__SP124_S6__X__MIKI-NS02__c60__k2__order	3	SP124_S6	MIKI-NS02	1313	1351	order	60.0	2.0	2070014	1263923	41541	61.05866916842108	2.006798021655892	213	149	-0.003399010827946025	True	True
strain_madness	s3__SP87_S70__X__spades_VRE3786_S19_L001__c60__k2__order	3	SP87_S70	spades_VRE3786_S19_L001	1313	1352	order	60.0	2.0	2006213	1206270	40140	60.1267163556412	2.000784562755799	122	164	-0.00039228137789959483	True	True
strain_madness	s3__SP176_S56__X__MIKI-NS09__c60__k2__order	3	SP176_S56	MIKI-NS09	1313	97137	order	60.0	2.0	2044611	1226958	42488	60.009361193889696	2.078048098146787	1423	36	-0.03902404907339352	True	True
strain_madness	s3__SP31_S18__X__spades_VRE2237_S15_L001__c60__k2__order	3	SP31_S18	spades_VRE2237_S15_L001	1313	1352	order	60.0	2.0	2096146	1259383	42271	60.08088177064002	2.016605713533313	114	96	-0.008302856766656541	True	True
strain_madness	s3__SP95_S76__X__spades_VRE2906_S11_L001__c60__k5__order	3	SP95_S76	spades_VRE2906_S11_L001	1313	1352	order	60.0	5.0	2053291	1232124	102713	60.00727612403697	5.0023596265702235	2768	365	-0.0004719253140446966	True	True
strain_madness	s3__SP64_S79__X__spades_VRE3786_S19_L001__c60__k5__order	3	SP64_S79	spades_VRE3786_S19_L001	1313	1352	order	60.0	5.0	2013820	1209201	100931	60.04513809575831	5.011917649045098	1975	392	-0.002383529809019613	True	True
strain_madness	s3__SP149_S30__X__spades_VRE3253_S17_L001__c60__k5__order	3	SP149_S30	spades_VRE3253_S17_L001	1313	1352	order	60.0	5.0	2113372	1404967	105761	66.47987197710579	5.004372159752283	23	426	-0.0008744319504565112	True	True
strain_madness	s3__SP31_S18__X__MIKI-NS10__c60__k5__order	3	SP31_S18	MIKI-NS10	1313	1598	order	60.0	5.0	2096146	1268740	104975	60.5272724323592	5.008000396918917	110	426	-0.0016000793837834594	True	True
strain_madness	s3__SP76_S59__X__spades_VRE3253_S17_L001__c60__k5__order	3	SP76_S59	spades_VRE3253_S17_L001	1313	1352	order	60.0	5.0	2094080	1257879	104833	60.068335498166256	5.006160223105135	482	433	-0.0012320446210269508	True	True
strain_madness	s3__SP108_S87__X__MIKI-NS09__c60__k5__order	3	SP108_S87	MIKI-NS09	1313	97137	order	60.0	5.0	1937122	1163147	98356	60.0451081552943	5.077429299754997	1175	95	-0.015485859950999447	True	True
strain_madness	s3__SP12_S9__X__spades_VRE3786_S19_L001__c60__k10__order	3	SP12_S9	spades_VRE3786_S19_L001	1313	1352	order	60.0	10.0	1985084	1191063	198735	60.00063473384502	10.011415134069892	3064	791	-0.0011415134069892475	True	True
strain_madness	s3__SP160_S41__X__spades_VRE2237_S15_L001__c60__k10__order	3	SP160_S41	spades_VRE2237_S15_L001	1313	1352	order	60.0	10.0	2045367	1227440	204630	60.01074623771675	10.004561528566756	2980	466	-0.0004561528566755513	True	True
strain_madness	s3__spades_MRSA8186_S9_L001__X__MIKI-NS13__c60__k15__order	3	spades_MRSA8186_S9_L001	MIKI-NS13	1280	481743	order	60.0	15.0	2844448	1753589	426928	61.649536219329725	15.009168738539076	18	1723	-0.0006112492359383973	True	True
strain_madness	s3__MIKI-NS24__X__MIKI-NS15__c60__k15__order	3	MIKI-NS24	MIKI-NS15	671267	1235803	order	60.0	15.0	5364208	3219024	806365	60.009306126831774	15.03232164002589	7561	484	-0.0021547760017259776	True	True
strain_madness	s3__SP109_S83__X__MIKI-NS02__c60__k20__order	3	SP109_S83	MIKI-NS02	1313	1351	order	60.0	20.0	2012505	1257682	402744	62.49336026494344	20.012074504162722	22	1449	-0.0006037252081361189	True	True
strain_madness	s3__SP157_S38__X__spades_VRE3021_S4_L001__c60__k20__order	3	SP157_S38	spades_VRE3021_S4_L001	1313	1352	order	60.0	20.0	2048216	1235814	409789	60.33611689392134	20.007118389857318	108	1462	-0.0003559194928659082	True	True
strain_madness	s3__SP96_S77__X__spades_MRSA7796_S10_L001__c60__k2__class	3	SP96_S77	spades_MRSA7796_S10_L001	1313	1280	class	60.0	2.0	2166888	1301047	43612	60.04218953633044	2.012655937916496	2942	184	-0.006327968958248054	True	True
strain_madness	s3__SP57_S43__X__spades_MRSA8186_S9_L001__c60__k2__class	3	SP57_S43	spades_MRSA8186_S9_L001	1313	1280	class	60.0	2.0	1969838	1202033	183549	61.02192159964424	9.31797437149654	54	2	-3.65898718574827	True	True
strain_madness	s3__SP160_S41__X__spades_MRSA7796_S10_L001__c60__k2__class	3	SP160_S41	spades_MRSA7796_S10_L001	1313	1280	class	60.0	2.0	2045367	1227306	40979	60.00419484620608	2.0035035277287645	2990	174	-0.0017517638643822497	True	True
strain_madness	s3__SP179_S59__X__spades_MRSA7231_S7_L001__c60__k2__class	3	SP179_S59	spades_MRSA7231_S7_L001	1313	1280	class	60.0	2.0	2098228	1260264	42081	60.06325337379923	2.0055494445789495	223	97	-0.002774722289474729	True	True
strain_madness	s3__SP103_S83__X__spades_MRSA8013_S11_L001__c60__k2__class	3	SP103_S83	spades_MRSA8013_S11_L001	1313	1280	class	60.0	2.0	2047626	1230452	41072	60.09163782839249	2.0058350499554116	1296	165	-0.00291752497770581	True	True
strain_madness	s3__SP76_S59__X__spades_MRSA7286_S4_L001__c60__k5__class	3	SP76_S59	spades_MRSA7286_S4_L001	1313	1280	class	60.0	5.0	2094080	1256814	104737	60.01747784229829	5.001575871026895	509	366	-0.00031517420537898746	True	True
strain_madness	s3__SP152_S33__X__spades_MRSA7129_S1_L001__c60__k5__class	3	SP152_S33	spades_MRSA7129_S1_L001	1313	1280	class	60.0	5.0	2010753	1206642	100783	60.009459142918104	5.012201896503449	3052	421	-0.0024403793006898765	True	True
strain_madness	s3__SP176_S56__X__spades_MRSA7172_S1_L001__c60__k10__class	3	SP176_S56	spades_MRSA7172_S1_L001	1313	1280	class	60.0	10.0	2044611	1227140	204479	60.01826264262493	10.000875472155828	1371	603	-8.754721558279499e-05	True	True
strain_madness	s3__spades_VRE2941_S2_L001__X__spades_MRSA8187_S8_L001__c60__k15__class	3	spades_VRE2941_S2_L001	spades_MRSA8187_S8_L001	1352	1280	class	60.0	15.0	3166882	1900263	475034	60.004224975859536	15.000053680560248	3415	1282	-3.5787040165047303e-06	True	True
strain_madness	s3__SP110_S88__X__spades_MRSA8595_S7_L001__c60__k15__class	3	SP110_S88	spades_MRSA8595_S7_L001	1313	1280	class	60.0	15.0	2140902	1284819	321371	60.012975839155644	15.011009378290085	2186	835	-0.0007339585526723387	True	True
strain_madness	s3__SP96_S77__X__MIKI-NS13__c60__k15__class	3	SP96_S77	MIKI-NS13	1313	481743	class	60.0	15.0	2166888	1300495	325103	60.01671521555337	15.003221209402609	2934	1291	-0.00021474729350726325	True	True
strain_madness	s3__SP166_S47__X__spades_MRSA8007_S12_L001__c60__k15__class	3	SP166_S47	spades_MRSA8007_S12_L001	1313	1280	class	60.0	15.0	2090273	1255629	313914	60.07009610706353	15.017846951092034	714	1093	-0.0011897967394689365	True	True
strain_madness	s3__SP144_S25__X__spades_MRSA8602_S6_L001__c60__k20__class	3	SP144_S25	spades_MRSA8602_S6_L001	1313	1280	class	60.0	20.0	2073909	1244483	414846	60.006634813774376	20.00309560351973	1556	1564	-0.00015478017598642425	True	True
strain_madness	s3__SP176_S56__X__spades_MRSA8186_S9_L001__c60__k20__class	3	SP176_S56	spades_MRSA8186_S9_L001	1313	1280	class	60.0	20.0	2044611	1227183	425250	60.020365732161274	20.79857733329225	1386	6	-0.039928866664612525	True	True
strain_madness	s3__SP158_S39__X__spades_MRSA7286_S4_L001__c60__k20__class	3	SP158_S39	spades_MRSA7286_S4_L001	1313	1280	class	60.0	20.0	1975569	1186891	395180	60.0784381613601	20.003350933326043	385	1406	-0.0001675466663021652	True	True
strain_madness	s3__SP56_S42__X__spades_MRSA7830_S9_L001__c60__k20__class	3	SP56_S42	spades_MRSA7830_S9_L001	1313	1280	class	60.0	20.0	2048034	1229486	409733	60.032499460458176	20.006162007076053	358	1101	-0.00030810035380266496	True	True
strain_madness	s3__SP23_S93__X__SP106_S85__c75__k5__species	3	SP23_S93	SP106_S85	1313	1313	species	75.0	5.0	2030322	1525066	102043	75.11448922880213	5.025951548572098	2005	149	-0.005190309714419606	True	True
strain_madness	s3__spades_And9387_S6_L001__X__spades_ESBL7553_S11_L001__c75__k5__species	3	spades_And9387_S6_L001	spades_ESBL7553_S11_L001	573	573	species	75.0	5.0	5536369	4153182	277497	75.01635096938084	5.012256227863425	3879	393	-0.002451245572684968	True	True
strain_madness	s3__spades_And7556_S8_L001__X__spades_ESBL5660_S7_L001__c75__k10__species	3	spades_And7556_S8_L001	spades_ESBL5660_S7_L001	562	562	species	75.0	10.0	5192378	3894486	519289	75.00389994719183	10.00098606072208	1876	1683	-9.860607220808504e-05	True	True
strain_madness	s3__spades_And6166_S1_L001__X__spades_ESBL7862_S8_L001__c75__k10__species	3	spades_And6166_S1_L001	spades_ESBL7862_S8_L001	573	573	species	75.0	10.0	5491273	4237282	549338	77.16392901973732	10.003836997359265	43	1729	-0.00038369973592651264	True	True
strain_madness	s3__SP179_S59__X__SP38_S25__c75__k10__species	3	SP179_S59	SP38_S25	1313	1313	species	75.0	10.0	2098228	1577155	209987	75.16604487214926	10.007825650977873	282	668	-0.0007825650977872911	True	True
strain_madness	s3__SP173_S54__X__SP101_S82__c75__k10__species	3	SP173_S54	SP101_S82	1313	1313	species	75.0	10.0	1973592	1481240	197610	75.05299980948443	10.012707793708122	1797	768	-0.001270779370812214	True	True
strain_madness	s3__spades_ESBL7634_S2_L001__X__spades_And9205_S9_L001__c75__k10__species	3	spades_ESBL7634_S2_L001	spades_And9205_S9_L001	562	562	species	75.0	10.0	5550584	4170340	555215	75.133355337024	10.00282132474709	471	1420	-0.00028213247470905146	True	True
strain_madness	s3__SP166_S47__X__SP132_S13__c75__k15__species	3	SP166_S47	SP132_S13	1313	1313	species	75.0	15.0	2090273	1568502	322352	75.03814095096669	15.421526279103256	917	26	-0.028101751940217076	True	True
strain_madness	s3__SP64_S79__X__SP100_S81__c75__k15__species	3	SP64_S79	SP100_S81	1313	1313	species	75.0	15.0	2013820	1510559	302136	75.00963343297812	15.003128382874339	2437	1125	-0.00020855885828924652	True	True
strain_madness	s3__spades_ESBL7021_S2_L001__X__spades_And10073_S10_L001__c75__k15__species	3	spades_ESBL7021_S2_L001	spades_And10073_S10_L001	562	562	species	75.0	15.0	5166821	3957126	775075	76.58724774866403	15.00100351841103	259	2824	-6.690122740202754e-05	True	True
strain_madness	s3__spades_And10026_S11_L001__X__spades_ESBL5402_S6_L001__c75__k15__species	3	spades_And10026_S11_L001	spades_ESBL5402_S6_L001	562	562	species	75.0	15.0	5077379	3808379	772597	75.00678992054759	15.216453213360673	2981	38	-0.014430214224044845	True	True
strain_madness	s3__SP166_S47__X__SP170_S51__c75__k20__species	3	SP166_S47	SP170_S51	1313	1313	species	75.0	20.0	2090273	1567824	418107	75.00570499642869	20.002506849583764	926	1518	-0.00012534247918818408	True	True
strain_madness	s3__spades_ESBL6210_S10_L001__X__spades_And5192_S3_L001__c75__k20__species	3	spades_ESBL6210_S10_L001	spades_And5192_S3_L001	562	562	species	75.0	20.0	4795054	3597200	959276	75.01896746105466	20.00553069892435	4009	3464	-0.0002765349462174882	True	True
strain_madness	s3__SP110_S88__X__SP152_S33__c75__k20__species	3	SP110_S88	SP152_S33	1313	1313	species	75.0	20.0	2140902	1605840	428521	75.00763696796957	20.01590918220451	2775	1087	-0.0007954591102254938	True	True
strain_madness	s3__SP158_S39__X__SP21_S92__c75__k2__genus	3	SP158_S39	SP21_S92	1313	68892	genus	75.0	2.0	1975569	1483263	109625	75.08029332308818	5.549034227607337	469	5	-1.7745171138036686	True	True
strain_madness	s3__SP103_S83__X__SP181_S61__c75__k2__genus	3	SP103_S83	SP181_S61	1313	28037	genus	75.0	2.0	2047626	1535896	41169	75.00861973817484	2.0105722431733137	1624	169	-0.005286121586656867	True	True
strain_madness	s3__SP178_S58__X__SP117_S95__c75__k2__genus	3	SP178_S58	SP117_S95	1313	257758	genus	75.0	2.0	1925491	1444792	38558	75.03499107500373	2.002502218914552	124	156	-0.0012511094572760229	True	True
strain_madness	s3__SP127_S8__X__SP181_S61__c75__k5__genus	3	SP127_S8	SP181_S61	1313	28037	genus	75.0	5.0	2054557	1541465	102769	75.02663591226722	5.002002864851158	1076	425	-0.0004005729702315719	True	True
strain_madness	s3__spades_ESBL9251_S1_L001__X__spades_ESBL6643_S3_L001__c75__k5__genus	3	spades_ESBL9251_S1_L001	spades_ESBL6643_S3_L001	573	548	genus	75.0	5.0	5704673	4278835	285442	75.00578911359162	5.003652268938114	8153	1048	-0.0007304537876228423	True	True
strain_madness	s3__SP113_S91__X__SP181_S61__c75__k5__genus	3	SP113_S91	SP181_S61	1313	28037	genus	75.0	5.0	2058653	1544902	103025	75.04431295609314	5.0044859429928215	1918	424	-0.0008971885985642914	True	True
strain_madness	s3__SP173_S54__X__SP21_S92__c75__k10__genus	3	SP173_S54	SP21_S92	1313	68892	genus	75.0	10.0	1973592	1480408	211513	75.01084317325972	10.717159372352542	1784	2	-0.07171593723525423	True	True
strain_madness	s3__SP87_S70__X__SP21_S92__c75__k10__genus	3	SP87_S70	SP21_S92	1313	68892	genus	75.0	10.0	2006213	1513333	213886	75.43231949947489	10.661181041095835	147	1	-0.06611810410958352	True	True
strain_madness	s3__SP64_S79__X__SP21_S92__c75__k10__genus	3	SP64_S79	SP21_S92	1313	68892	genus	75.0	10.0	2013820	1511441	205660	75.05343079321885	10.212432094228879	2425	2	-0.021243209422887866	True	True
strain_madness	s3__SP178_S58__X__SP21_S92__c75__k10__genus	3	SP178_S58	SP21_S92	1313	68892	genus	75.0	10.0	1925491	1445178	343194	75.05503790981106	17.823713535924085	118	2	-0.7823713535924085	True	True
strain_madness	s3__spades_VRE3766_S8_L001__X__MIKI-NS02__c75__k15__genus	3	spades_VRE3766_S8_L001	MIKI-NS02	1352	1351	genus	75.0	15.0	3083042	2315156	462519	75.09323583655363	15.002033705671217	110	1668	-0.00013558037808110158	True	True
strain_madness	s3__SP6_S88__X__SP21_S92__c75__k15__genus	3	SP6_S88	SP21_S92	1313	68892	genus	75.0	15.0	2087122	1565452	555862	75.0052943718671	26.63294239627583	3003	1	-0.7755294930850554	True	True
strain_madness	s3__SP149_S30__X__SP21_S92__c75__k15__genus	3	SP149_S30	SP21_S92	1313	68892	genus	75.0	15.0	2113372	1636996	467224	77.45896131868881	22.10798666775182	22	8	-0.47386577785012135	True	True
strain_madness	s3__SP178_S58__X__SP21_S92__c75__k20__genus	3	SP178_S58	SP21_S92	1313	68892	genus	75.0	20.0	1925491	1485409	468234	77.14442705782577	24.317641578174086	127	6	-0.2158820789087043	True	True
strain_madness	s3__SP176_S56__X__SP21_S92__c75__k20__genus	3	SP176_S56	SP21_S92	1313	68892	genus	75.0	20.0	2044611	1534010	882759	75.02698557329487	43.17491200037562	1767	4	-1.158745600018781	True	True
strain_madness	s3__SP179_S59__X__SP21_S92__c75__k20__genus	3	SP179_S59	SP21_S92	1313	68892	genus	75.0	20.0	2098228	1575232	523979	75.07439610947904	24.972452946009682	279	5	-0.24862264730048408	True	True
strain_madness	s3__SP144_S25__X__SP21_S92__c75__k20__genus	3	SP144_S25	SP21_S92	1313	68892	genus	75.0	20.0	2073909	1557352	732132	75.09259085138258	35.3020310920103	1968	3	-0.7651015546005151	True	True
strain_madness	s3__SP56_S42__X__MIKI-NS12__c75__k2__family	3	SP56_S42	MIKI-NS12	1313	1363	family	75.0	2.0	2048034	1542472	41060	75.314765282217	2.0048495288652433	460	175	-0.002424764432621629	True	True
strain_madness	s3__spades_ESBL5497_S3_L001__X__spades_And8926_S4_L001__c75__k2__family	3	spades_ESBL5497_S3_L001	spades_And8926_S4_L001	562	550	family	75.0	2.0	5188881	3902170	103799	75.20253403383118	2.000412034887676	296	413	-0.00020601744383808018	True	True
strain_madness	s3__spades_ESBL6210_S10_L001__X__spades_ESBL6759Q_S12_L001__c75__k5__family	3	spades_ESBL6210_S10_L001	spades_ESBL6759Q_S12_L001	562	573	family	75.0	5.0	4795054	3596901	239847	75.01273186913015	5.0019666097608075	4052	833	-0.0003933219521615072	True	True
strain_madness	s3__spades_ESBL6792_S10_L001__X__spades_ESBL5772_S6_L001__c75__k15__family	3	spades_ESBL6792_S10_L001	spades_ESBL5772_S6_L001	573	562	family	75.0	15.0	5212350	3909907	782024	75.01236486421672	15.003290262549521	2644	2787	-0.0002193508366347648	True	True
strain_madness	s3__spades_And9387_S6_L001__X__spades_ESBL5872_S5_L001__c75__k15__family	3	spades_And9387_S6_L001	spades_ESBL5872_S5_L001	573	562	family	75.0	15.0	5536369	4152998	830687	75.01302749148404	15.004184150297785	3864	192	-0.0002789433531856863	True	True
strain_madness	s3__spades_ESBL5717_S8_L001__X__spades_ESBL5808_S8_L001__c75__k15__family	3	spades_ESBL5717_S8_L001	spades_ESBL5808_S8_L001	543	543	family	75.0	15.0	5220419	3915523	783098	75.00399872117545	15.000673317601517	2094	2770	-4.4887840101163574e-05	True	True
strain_madness	s3__spades_And10026_S11_L001__X__spades_And4892_S4_L001__c75__k20__family	3	spades_And10026_S11_L001	spades_And4892_S4_L001	562	543	family	75.0	20.0	5077379	3811861	1015531	75.07536861045827	20.001087175095655	2963	2111	-5.4358754782768415e-05	True	True
strain_madness	s3__spades_ESBL7634_S2_L001__X__spades_ESBL5717_S8_L001__c75__k20__family	3	spades_ESBL7634_S2_L001	spades_ESBL5717_S8_L001	562	543	family	75.0	20.0	5550584	4175310	1110726	75.22289546469345	20.01097542168536	456	583	-0.0005487710842679405	True	True
strain_madness	s3__SP173_S54__X__spades_VRE3021_S4_L001__c75__k2__order	3	SP173_S54	spades_VRE3021_S4_L001	1313	1352	order	75.0	2.0	1973592	1480207	39558	75.00065869744101	2.004365643962886	1788	139	-0.0021828219814430394	True	True
strain_madness	s3__SP124_S6__X__MIKI-NS06__c75__k2__order	3	SP124_S6	MIKI-NS06	1313	508451	order	75.0	2.0	2070014	1560868	41569	75.40374123073563	2.0081506695123803	257	170	-0.004075334756190152	True	True
strain_madness	s3__SP31_S18__X__MIKI-NS02__c75__k2__order	3	SP31_S18	MIKI-NS02	1313	1351	order	75.0	2.0	2096146	1582962	42183	75.51773588290129	2.0124075326814066	135	155	-0.006203766340703298	True	True
strain_madness	s3__SP149_S30__X__spades_VRE3021_S4_L001__c75__k2__order	3	SP149_S30	spades_VRE3021_S4_L001	1313	1352	order	75.0	2.0	2113372	1654457	42484	78.28517648572992	2.0102471311250456	26	155	-0.005123565562522803	True	True
strain_madness	s3__SP109_S83__X__spades_VRE3342_S6_L001__c75__k2__order	3	SP109_S83	spades_VRE3342_S6_L001	1313	1352	order	75.0	2.0	2012505	1516451	40487	75.3514152759869	2.011771399325716	23	164	-0.005885699662858013	True	True
strain_madness	s3__SP156_S37__X__spades_VRE2237_S15_L001__c75__k5__order	3	SP156_S37	spades_VRE2237_S15_L001	1313	1352	order	75.0	5.0	2079530	1559824	104608	75.00848749477045	5.030367438796266	1981	240	-0.006073487759253204	True	True
strain_madness	s3__MIKI-NS09__X__SP171_S52__c75__k5__order	3	MIKI-NS09	SP171_S52	97137	1313	order	75.0	5.0	2039692	1531128	103531	75.06662770653608	5.07581536820265	1655	51	-0.015163073640530022	True	True
strain_madness	s3__SP149_S30__X__spades_VRE2857_S10_L001__c75__k10__order	3	SP149_S30	spades_VRE2857_S10_L001	1313	1352	order	75.0	10.0	2113372	1728912	211560	81.80821928179232	10.010542393861563	29	846	-0.001054239386156297	True	True
strain_madness	s3__SP187_S66__X__spades_VRE2943_S1_L001__c75__k10__order	3	SP187_S66	spades_VRE2943_S1_L001	1313	1352	order	75.0	10.0	1958898	1480844	195963	75.59576864134834	10.003736794871402	162	720	-0.0003736794871402438	True	True
strain_madness	s3__SP179_S59__X__spades_VRE3766_S8_L001__c75__k10__order	3	SP179_S59	spades_VRE3766_S8_L001	1313	1352	order	75.0	10.0	2098228	1579934	277058	75.2984899639124	13.204380076902988	287	8	-0.32043800769029873	True	True
strain_madness	s3__SP156_S37__X__spades_VRE2961_S3_L001__c75__k15__order	3	SP156_S37	spades_VRE2961_S3_L001	1313	1352	order	75.0	15.0	2079530	1560666	312129	75.04897741316547	15.009593513919011	1967	1133	-0.0006395675946007392	True	True
strain_madness	s3__SP179_S59__X__MIKI-NS02__c75__k15__order	3	SP179_S59	MIKI-NS02	1313	1351	order	75.0	15.0	2098228	1580431	314937	75.32217661760305	15.009665298528091	276	1144	-0.0006443532352060781	True	True
strain_madness	s3__SP173_S54__X__spades_VRE2941_S2_L001__c75__k20__order	3	SP173_S54	spades_VRE2941_S2_L001	1313	1352	order	75.0	20.0	1973592	1481596	395056	75.07103798556135	20.01710586585272	1789	725	-0.0008552932926360057	True	True
strain_madness	s3__SP57_S43__X__spades_MRSA8007_S12_L001__c75__k2__class	3	SP57_S43	spades_MRSA8007_S12_L001	1313	1280	class	75.0	2.0	1969838	1490168	39438	75.64926658943527	2.0020935731770835	54	131	-0.0010467865885417371	True	True
strain_madness	s3__SP144_S25__X__spades_MRSA7172_S1_L001__c75__k2__class	3	SP144_S25	spades_MRSA7172_S1_L001	1313	1280	class	75.0	2.0	2073909	1556507	41543	75.05184653714315	2.0031254987562135	1943	126	-0.0015627493781067425	True	True
strain_madness	s3__SP187_S66__X__spades_MRSA7286_S4_L001__c75__k2__class	3	SP187_S66	spades_MRSA7286_S4_L001	1313	1280	class	75.0	2.0	1958898	1486222	39215	75.87031075635383	2.001890859044218	166	138	-0.0009454295221089648	True	True
strain_madness	s3__SP157_S38__X__spades_MRSA8595_S7_L001__c75__k2__class	3	SP157_S38	spades_MRSA8595_S7_L001	1313	1280	class	75.0	2.0	2048216	1555735	41365	75.95561210341097	2.01956238990419	120	102	-0.009781194952094951	True	True
strain_madness	s3__SP87_S70__X__spades_MRSA7796_S10_L001__c75__k2__class	3	SP87_S70	spades_MRSA7796_S10_L001	1313	1280	class	75.0	2.0	2006213	1515923	40148	75.56141845357398	2.0011833240039816	140	166	-0.0005916620019907892	True	True
strain_madness	s3__SP87_S70__X__spades_MRSA7119_S2_L001__c75__k5__class	3	SP87_S70	spades_MRSA7119_S2_L001	1313	1280	class	75.0	5.0	2006213	1524379	100519	75.9829090929029	5.010385238257354	134	337	-0.0020770476514707426	True	True
strain_madness	s3__SP109_S83__X__spades_MRSA7295_S3_L001__c75__k5__class	3	SP109_S83	spades_MRSA7295_S3_L001	1313	1280	class	75.0	5.0	2012505	1670528	100902	83.00739625491613	5.013751518629768	23	403	-0.002750303725953529	True	True
strain_madness	s3__SP87_S70__X__spades_MRSA8186_S9_L001__c75__k10__class	3	SP87_S70	spades_MRSA8186_S9_L001	1313	1280	class	75.0	10.0	2006213	1518689	381889	75.69929015513308	19.035316788396845	129	2	-0.9035316788396844	True	True
strain_madness	s3__SP108_S87__X__spades_MRSA7231_S7_L001__c75__k15__class	3	SP108_S87	spades_MRSA7231_S7_L001	1313	1280	class	75.0	15.0	1937122	1453489	290713	75.03342587611931	15.007469844439328	1490	775	-0.0004979896292885163	True	True
strain_madness	s3__SP178_S58__X__spades_MRSA8602_S6_L001__c75__k15__class	3	SP178_S58	spades_MRSA8602_S6_L001	1313	1280	class	75.0	15.0	1925491	1470323	288938	76.3609385865735	15.005938744974658	136	1085	-0.00039591633164389367	True	True
strain_madness	s3__SP21_S92__X__spades_MRSA8007_S12_L001__c75__k15__class	3	SP21_S92	spades_MRSA8007_S12_L001	68892	1280	class	75.0	15.0	1689727	1354512	253604	80.16158823289206	15.00857830880373	10	872	-0.0005718872535819486	True	True
strain_madness	s3__spades_And4621_S3_L001__X__spades_And8382_S4_L001__c90__k2__species	3	spades_And4621_S3_L001	spades_And8382_S4_L001	562	562	species	90.0	2.0	5216022	4695826	104447	90.02695924211976	2.002426370134175	3959	432	-0.0012131850670875632	True	True
strain_madness	s3__MIKI-NS25__X__MIKI-NS23__c90__k5__species	3	MIKI-NS25	MIKI-NS23	671267	671267	species	90.0	5.0	5371711	4847964	268787	90.24990361544022	5.00375020175136	575	959	-0.0007500403502719522	True	True
strain_madness	s3__SP31_S18__X__SP135_S16__c90__k15__species	3	SP31_S18	SP135_S16	1313	1313	species	90.0	15.0	2096146	1890960	314642	90.21127345137218	15.010500222789824	180	988	-0.0007000148526549547	True	True
strain_madness	s3__SP47_S34__X__SP32_S19__c90__k15__species	3	SP47_S34	SP32_S19	1313	1313	species	90.0	15.0	2027743	1826341	304472	90.06767622918683	15.015315057184269	121	928	-0.0010210038122846043	True	True
strain_madness	s3__spades_ESBL5481_S10_L001__X__spades_ESBL10055_S8_L001__c90__k15__species	3	spades_ESBL5481_S10_L001	spades_ESBL10055_S8_L001	562	562	species	90.0	15.0	4901360	4416495	735273	90.10754158029609	15.001407772536602	282	2442	-9.385150244014539e-05	True	True
strain_madness	s3__SP124_S6__X__SP100_S81__c90__k15__species	3	SP124_S6	SP100_S81	1313	1313	species	90.0	15.0	2070014	1866667	310520	90.17653986881248	15.000864728451113	311	1148	-5.764856340751597e-05	True	True
strain_madness	s3__spades_And7187_S3_L001__X__spades_And4858_S9_L001__c90__k15__species	3	spades_And7187_S3_L001	spades_And4858_S9_L001	562	562	species	90.0	15.0	4886278	4408734	733162	90.22683523123327	15.004508544131136	89	2742	-0.000300569608742407	True	True
strain_madness	s3__spades_And7556_S8_L001__X__spades_And9205_S9_L001__c90__k15__species	3	spades_And7556_S8_L001	spades_And9205_S9_L001	562	562	species	90.0	15.0	5192378	4673404	778947	90.00508052379854	15.001739087562576	2250	2000	-0.00011593917083843052	True	True
strain_madness	s3__SP48_S35__X__SP122_S4__c90__k20__species	3	SP48_S35	SP122_S4	1313	1313	species	90.0	20.0	2032240	1829534	406946	90.02548911545881	20.024504979726803	1216	945	-0.001225248986340155	True	True
strain_madness	s3__SP166_S47__X__SP106_S85__c90__k20__species	3	SP166_S47	SP106_S85	1313	1313	species	90.0	20.0	2090273	1881359	419562	90.00542034461527	20.07211498210999	1094	623	-0.0036057491054995337	True	True
strain_madness	s3__SP127_S8__X__SP147_S28__c90__k20__species	3	SP127_S8	SP147_S28	1313	1313	species	90.0	20.0	2054557	1849579	411089	90.02325075429886	20.0086441992118	1319	1404	-0.00043220996059005755	True	True
strain_madness	s3__SP124_S6__X__SP68_S51__c90__k2__genus	3	SP124_S6	SP68_S51	1313	257758	genus	90.0	2.0	2070014	1867927	41701	90.23740902235444	2.01452743797868	321	174	-0.007263718989340084	True	True
strain_madness	s3__SP179_S59__X__SP181_S61__c90__k2__genus	3	SP179_S59	SP181_S61	1313	28037	genus	90.0	2.0	2098228	1888522	42138	90.00556660191361	2.0082660225676143	350	175	-0.004133011283807164	True	True
strain_madness	s3__SP178_S58__X__SP181_S61__c90__k5__genus	3	SP178_S58	SP181_S61	1313	28037	genus	90.0	5.0	1925491	1750570	96436	90.91551193955205	5.008384874299594	153	400	-0.0016769748599188006	True	True
strain_madness	s3__spades_And6166_S1_L001__X__spades_ESBL6643_S3_L001__c90__k5__genus	3	spades_And6166_S1_L001	spades_ESBL6643_S3_L001	573	548	genus	90.0	5.0	5491273	5106426	274946	92.99166149634156	5.0069628663517545	54	1027	-0.0013925732703508943	True	True
strain_madness	s3__SP154_S35__X__SP21_S92__c90__k5__genus	3	SP154_S35	SP21_S92	1313	68892	genus	90.0	5.0	2162035	1958250	326732	90.57438940627695	15.112243788837832	477	2	-2.0224487577675663	True	True
strain_madness	s3__SP87_S70__X__SP21_S92__c90__k10__genus	3	SP87_S70	SP21_S92	1313	68892	genus	90.0	10.0	2006213	1813138	213886	90.37614650089498	10.661181041095835	177	1	-0.06611810410958352	True	True
strain_madness	s3__spades_And6166_S1_L001__X__spades_ESBL6643_S3_L001__c90__k10__genus	3	spades_And6166_S1_L001	spades_ESBL6643_S3_L001	573	548	genus	90.0	10.0	5491273	5142872	549436	93.65536916485485	10.005621647293806	45	2042	-0.0005621647293805765	True	True
strain_madness	s3__spades_ESBL6792_S10_L001__X__spades_ESBL6643_S3_L001__c90__k10__genus	3	spades_ESBL6792_S10_L001	spades_ESBL6643_S3_L001	573	548	genus	90.0	10.0	5212350	4692196	521369	90.02073920592439	10.002570817385632	3157	1925	-0.00025708173856315853	True	True
strain_madness	s3__SP109_S83__X__SP21_S92__c90__k10__genus	3	SP109_S83	SP21_S92	1313	68892	genus	90.0	10.0	2012505	1901229	555862	94.47077150118882	27.620403427569123	30	1	-1.7620403427569122	True	True
strain_madness	s3__SP171_S52__X__SP21_S92__c90__k10__genus	3	SP171_S52	SP21_S92	1313	68892	genus	90.0	10.0	1993908	1796512	260513	90.10004473626667	13.065447352636129	1173	4	-0.3065447352636129	True	True
strain_madness	s3__spades_And8381_S10_L001__X__spades_ESBL6643_S3_L001__c90__k10__genus	3	spades_And8381_S10_L001	spades_ESBL6643_S3_L001	573	548	genus	90.0	10.0	5498306	4949669	549874	90.02170850440118	10.00078933402397	3877	1999	-7.893340239704117e-05	True	True
strain_madness	s3__SP57_S43__X__SP21_S92__c90__k15__genus	3	SP57_S43	SP21_S92	1313	68892	genus	90.0	15.0	1969838	1803321	311743	91.54666525876748	15.825819179039089	75	5	-0.05505461193593923	True	True
strain_madness	s3__SP157_S38__X__SP21_S92__c90__k15__genus	3	SP157_S38	SP21_S92	1313	68892	genus	90.0	15.0	2048216	1843516	345370	90.00593687384534	16.861991118124262	135	5	-0.12413274120828414	True	True
strain_madness	s3__SP127_S8__X__SP21_S92__c90__k20__genus	3	SP127_S8	SP21_S92	1313	68892	genus	90.0	20.0	2054557	1850174	489034	90.05221076855011	23.802406066125204	1319	6	-0.19012030330626023	True	True
strain_madness	s3__spades_ESBL8953_S1_L001__X__spades_ESBL6643_S3_L001__c90__k20__genus	3	spades_ESBL8953_S1_L001	spades_ESBL6643_S3_L001	573	548	genus	90.0	20.0	5559832	5005134	1112234	90.02311580637688	20.00481309507194	1092	4093	-0.0002406547535969139	True	True
strain_madness	s3__SP124_S6__X__MIKI-NS12__c90__k2__family	3	SP124_S6	MIKI-NS12	1313	1363	family	90.0	2.0	2070014	1870522	41489	90.36277049333965	2.0042859613509862	321	176	-0.0021429806754931224	True	True
strain_madness	s3__SP157_S38__X__MIKI-NS12__c90__k2__family	3	SP157_S38	MIKI-NS12	1313	1363	family	90.0	2.0	2048216	1870046	40970	91.3012104192136	2.0002773145019863	141	174	-0.00013865725099315718	True	True
strain_madness	s3__SP21_S92__X__MIKI-NS12__c90__k2__family	3	SP21_S92	MIKI-NS12	68892	1363	family	90.0	2.0	1689727	1662571	33955	98.39287648241402	2.009496208559134	11	145	-0.004748104279566956	True	True
strain_madness	s3__spades_ESBL5872_S5_L001__X__spades_ESBL7431_S12_L001__c90__k5__family	3	spades_ESBL5872_S5_L001	spades_ESBL7431_S12_L001	562	543	family	90.0	5.0	5649121	5087933	282568	90.0659235304041	5.00198172423639	1198	1084	-0.0003963448472779518	True	True
strain_madness	s3__spades_ESBL8411_S7_L001__X__spades_ESBL9656_S7_L001__c90__k10__family	3	spades_ESBL8411_S7_L001	spades_ESBL9656_S7_L001	562	543	family	90.0	10.0	6071184	5464899	607145	90.01372714119684	10.000438135296179	4628	2327	-4.381352961786433e-05	True	True
strain_madness	s3__spades_And9387_S6_L001__X__spades_And10073_S10_L001__c90__k15__family	3	spades_And9387_S6_L001	spades_And10073_S10_L001	573	562	family	90.0	15.0	5536369	4982983	830560	90.00453185111036	15.001890228053803	4650	3032	-0.00012601520358686004	True	True
strain_madness	s3__spades_ESBL1009_S1_L001__X__spades_ESBL8909_S7_L001__c90__k15__family	3	spades_ESBL1009_S1_L001	spades_ESBL8909_S7_L001	562	573	family	90.0	15.0	4889917	4433964	733617	90.67564950488935	15.002647284197257	269	2786	-0.00017648561315048995	True	True
strain_madness	s3__spades_ESBL7348_S6_L001__X__spades_And8861_S3_L001__c90__k15__family	3	spades_ESBL7348_S6_L001	spades_And8861_S3_L001	562	543	family	90.0	15.0	5205004	4773735	780772	91.71433874018156	15.000411142815643	71	2982	-2.7409521042898177e-05	True	True
strain_madness	s3__spades_ESBL7021_S2_L001__X__spades_ESBL5717_S8_L001__c90__k20__family	3	spades_ESBL7021_S2_L001	spades_ESBL5717_S8_L001	562	543	family	90.0	20.0	5166821	4667918	1033456	90.34410133426337	20.001776721121168	320	566	-8.88360560583834e-05	True	True
strain_madness	s3__SP166_S47__X__spades_VRE2857_S10_L001__c90__k2__order	3	SP166_S47	spades_VRE2857_S10_L001	1313	1352	order	90.0	2.0	2090273	1881559	42086	90.01498847279757	2.013421213401312	1094	166	-0.00671060670065593	True	True
strain_madness	s3__MIKI-NS25__X__MIKI-NS15__c90__k2__order	3	MIKI-NS25	MIKI-NS15	671267	1235803	order	90.0	2.0	5371711	4844157	108534	90.1790323418367	2.0204735511646104	570	66	-0.01023677558230518	True	True
strain_madness	s3__SP178_S58__X__spades_VRE3056_S20_L001__c90__k2__order	3	SP178_S58	spades_VRE3056_S20_L001	1313	1352	order	90.0	2.0	1925491	1738329	38658	90.27977798909473	2.007695699434586	152	166	-0.003847849717292906	True	True
strain_madness	s3__SP21_S92__X__MIKI-NS10__c90__k5__order	3	SP21_S92	MIKI-NS10	68892	1598	order	90.0	5.0	1689727	1637680	84531	96.91979828694221	5.0026424386898	11	346	-0.0005284877379599706	True	True
strain_madness	s3__SP158_S39__X__spades_VRE3786_S19_L001__c90__k5__order	3	SP158_S39	spades_VRE3786_S19_L001	1313	1352	order	90.0	5.0	1975569	1778225	98856	90.01077664207122	5.003925451350978	587	405	-0.000785090270195532	True	True
strain_madness	s3__SP47_S34__X__spades_VRE2961_S3_L001__c90__k10__order	3	SP47_S34	spades_VRE2961_S3_L001	1313	1352	order	90.0	10.0	2027743	1855686	203110	91.51485173416947	10.016555352428783	122	727	-0.0016555352428783364	True	True
strain_madness	s3__SP187_S66__X__spades_VRE3021_S4_L001__c90__k10__order	3	SP187_S66	spades_VRE3021_S4_L001	1313	1352	order	90.0	10.0	1958898	1763608	195982	90.03061925633698	10.004706727966438	190	710	-0.00047067279664378956	True	True
strain_madness	s3__SP47_S34__X__spades_VRE3043_S21_L001__c90__k15__order	3	SP47_S34	spades_VRE3043_S21_L001	1313	1352	order	90.0	15.0	2027743	1829540	304408	90.2254378390161	15.012158838669398	124	1038	-0.0008105892446265509	True	True
strain_madness	s3__SP157_S38__X__spades_VRE3783_S7_L001__c90__k15__order	3	SP157_S38	spades_VRE3783_S7_L001	1313	1352	order	90.0	15.0	2048216	1847082	307343	90.18003960519789	15.005399821112617	133	1226	-0.00035998807417444805	True	True
strain_madness	s3__SP187_S66__X__spades_VRE2906_S11_L001__c90__k15__order	3	SP187_S66	spades_VRE2906_S11_L001	1313	1352	order	90.0	15.0	1958898	1766664	293943	90.18662533730699	15.005528618641705	189	1083	-0.0003685745761136635	True	True
strain_madness	s3__SP154_S35__X__spades_VRE2906_S11_L001__c90__k15__order	3	SP154_S35	spades_VRE2906_S11_L001	1313	1352	order	90.0	15.0	2162035	1949036	324525	90.14821684200302	15.010164035272325	476	1206	-0.0006776023514883415	True	True
strain_madness	s3__spades_MRSA8186_S9_L001__X__MIKI-NS13__c90__k15__order	3	spades_MRSA8186_S9_L001	MIKI-NS13	1280	481743	order	90.0	15.0	2844448	2562295	426711	90.08057099303626	15.001539841825197	31	1710	-0.00010265612167981904	True	True
strain_madness	s3__MIKI-NS15__X__MIKI-NS23__c90__k15__order	3	MIKI-NS15	MIKI-NS23	1235803	671267	order	90.0	15.0	6804612	6124405	1020752	90.00373570160944	15.000884694086892	3849	3647	-5.897960579280455e-05	True	True
strain_madness	s3__SP158_S39__X__MIKI-NS09__c90__k20__order	3	SP158_S39	MIKI-NS09	1313	97137	order	90.0	20.0	1975569	1779084	397937	90.0542577859847	20.142905664140304	576	419	-0.007145283207015218	True	True
strain_madness	s3__SP21_S92__X__MIKI-NS09__c90__k20__order	3	SP21_S92	MIKI-NS09	68892	97137	order	90.0	20.0	1689727	1544059	338066	91.37919912506577	20.007137247614555	12	366	-0.00035686238072774046	True	True
strain_madness	s3__SP166_S47__X__spades_VRE2941_S2_L001__c90__k20__order	3	SP166_S47	spades_VRE2941_S2_L001	1313	1352	order	90.0	20.0	2090273	1884490	418291	90.15520939130917	20.01130952751148	1103	737	-0.0005654763755739367	True	True
strain_madness	s3__spades_VRE3766_S8_L001__X__SP109_S83__c90__k20__order	3	spades_VRE3766_S8_L001	SP109_S83	1352	1313	order	90.0	20.0	3083042	2793515	747663	90.60904781705861	24.250821104610317	137	12	-0.21254105523051586	True	True
strain_madness	s3__SP154_S35__X__spades_MRSA8602_S6_L001__c90__k2__class	3	SP154_S35	spades_MRSA8602_S6_L001	1313	1280	class	90.0	2.0	2162035	1947112	43343	90.0592266082649	2.0047316532803587	478	166	-0.0023658266401793693	True	True
strain_madness	s3__SP87_S70__X__spades_MRSA7129_S1_L001__c90__k2__class	3	SP87_S70	spades_MRSA7129_S1_L001	1313	1280	class	90.0	2.0	2006213	1812194	40226	90.32909267360944	2.0050712461737614	159	169	-0.0025356230868807117	True	True
strain_madness	s3__SP47_S34__X__MIKI-NS13__c90__k2__class	3	SP47_S34	MIKI-NS13	1313	481743	class	90.0	2.0	2027743	1842097	40658	90.84469777481664	2.005086443400372	118	163	-0.002543221700185949	True	True
strain_madness	s3__SP31_S18__X__spades_MRSA8602_S6_L001__c90__k5__class	3	SP31_S18	spades_MRSA8602_S6_L001	1313	1280	class	90.0	5.0	2096146	1909343	104915	91.0882638900153	5.005138000883527	177	405	-0.0010276001767053344	True	True
strain_madness	s3__SP48_S35__X__spades_MRSA7119_S2_L001__c90__k5__class	3	SP48_S35	spades_MRSA7119_S2_L001	1313	1280	class	90.0	5.0	2032240	1833403	101738	90.21587017281423	5.006200055111601	1235	350	-0.0012400110223202531	True	True
strain_madness	s3__SP124_S6__X__spades_MRSA9344_S6_L001__c90__k10__class	3	SP124_S6	spades_MRSA9344_S6_L001	1313	1280	class	90.0	10.0	2070014	1884612	207418	91.04344221826518	10.020125467750459	318	604	-0.002012546775045898	True	True
strain_madness	s3__SP21_S92__X__spades_MRSA7119_S2_L001__c90__k15__class	3	SP21_S92	spades_MRSA7119_S2_L001	68892	1280	class	90.0	15.0	1689727	1558769	253733	92.249753954337	15.016212678142683	11	863	-0.001080845209512186	True	True
strain_madness	s3__spades_VRE3766_S8_L001__X__spades_MRSA8186_S9_L001__c90__k15__class	3	spades_VRE3766_S8_L001	spades_MRSA8186_S9_L001	1352	1280	class	90.0	15.0	3083042	2809591	684171	91.13048086921943	22.191426519651696	140	12	-0.47942843464344637	True	True
strain_madness	s3__spades_MRSA8186_S9_L001__X__spades_VRE2237_S15_L001__c90__k20__class	3	spades_MRSA8186_S9_L001	spades_VRE2237_S15_L001	1280	1352	class	90.0	20.0	2844448	2669152	569082	93.83725770342787	20.006764054044933	38	1249	-0.0003382027022466261	True	True
strain_madness	s3__SP124_S6__X__spades_MRSA7172_S1_L001__c90__k20__class	3	SP124_S6	spades_MRSA7172_S1_L001	1313	1280	class	90.0	20.0	2070014	1881510	414500	90.89358815930713	20.024019161223062	322	1243	-0.0012009580611531234	True	True
strain_madness	s3__SP132_S13__X__spades_MRSA8187_S8_L001__c90__k20__class	3	SP132_S13	spades_MRSA8187_S8_L001	1313	1280	class	90.0	20.0	2000885	1804183	400362	90.16925010682773	20.009245908685408	123	1063	-0.00046229543427038776	True	True
strain_madness	s4__spades_And9053_S12_L001__X__spades_And6100_S3_L001__c60__k2__species	4	spades_And9053_S12_L001	spades_And6100_S3_L001	573	573	species	60.0	2.0	5579929	3492394	111681	62.58850247019272	2.0014770797262833	38	407	-0.0007385398631416518	True	True
strain_madness	s4__spades_And4858_S9_L001__X__spades_And8344_S10_L001__c60__k5__species	4	spades_And4858_S9_L001	spades_And8344_S10_L001	562	562	species	60.0	5.0	5288817	3173595	264863	60.00576310354471	5.0079819362250575	2223	625	-0.001596387245011499	True	True
strain_madness	s4__SP122_S4__X__SP130_S11__c60__k5__species	4	SP122_S4	SP130_S11	1313	1313	species	60.0	5.0	2049787	1239704	102546	60.47964983678792	5.002763701789503	255	374	-0.0005527403579005608	True	True
strain_madness	s4__SP78_S61__X__SP192_S71__c60__k5__species	4	SP78_S61	SP192_S71	1313	1313	species	60.0	5.0	2014664	1209153	100758	60.0176009498358	5.0012309744950025	2740	324	-0.00024619489900050694	True	True
strain_madness	s4__MIKI-NS24__X__MIKI-NS23__c60__k10__species	4	MIKI-NS24	MIKI-NS23	671267	671267	species	60.0	10.0	5364208	3219643	536583	60.02084557496652	10.003023745537085	1941	2106	-0.0003023745537085176	True	True
strain_madness	s4__SP25_S14__X__SP102_S82__c60__k10__species	4	SP25_S14	SP102_S82	1313	1313	species	60.0	10.0	2028415	1217434	203008	60.018980336864004	10.008208379448979	1882	790	-0.0008208379448978676	True	True
strain_madness	s4__spades_VRE3783_S7_L001__X__spades_VRE3342_S6_L001__c60__k10__species	4	spades_VRE3783_S7_L001	spades_VRE3342_S6_L001	1352	1352	species	60.0	10.0	3086681	1852388	308872	60.012291519596616	10.006605800858592	2291	1180	-0.0006605800858592303	True	True
strain_madness	s4__spades_ESBL9046_S6_L001__X__spades_And6442_S8_L001__c60__k10__species	4	spades_ESBL9046_S6_L001	spades_And6442_S8_L001	573	573	species	60.0	10.0	5646310	3387840	564753	60.00095637681955	10.002160703184911	7132	1331	-0.0002160703184911128	True	True
strain_madness	s4__SP111_S89__X__SP96_S77__c60__k15__species	4	SP111_S89	SP96_S77	1313	1313	species	60.0	15.0	2099202	1259980	315238	60.021855924298855	15.017039808460549	2436	989	-0.0011359872307032503	True	True
strain_madness	s4__SP18_S91__X__SP177_S57__c60__k15__species	4	SP18_S91	SP177_S57	1313	1313	species	60.0	15.0	2072566	1243864	311007	60.01565209503582	15.005891247854109	1948	1010	-0.0003927498569405922	True	True
strain_madness	s4__spades_MRSA7286_S4_L001__X__spades_MRSA8758_S5_L001__c60__k15__species	4	spades_MRSA7286_S4_L001	spades_MRSA8758_S5_L001	1280	1280	species	60.0	15.0	2817370	1692364	423182	60.06892953357209	15.020462346088728	1250	609	-0.0013641564059151772	True	True
strain_madness	s4__SP99_S80__X__SP18_S91__c60__k20__species	4	SP99_S80	SP18_S91	1313	1313	species	60.0	20.0	1980535	1206442	397211	60.914954797567326	20.055742514017677	38	622	-0.002787125700883841	True	True
strain_madness	s4__SP72_S55__X__SP112_S90__c60__k20__species	4	SP72_S55	SP112_S90	1313	1313	species	60.0	20.0	2008808	1205692	402151	60.02027072771514	20.01938463008909	1129	1316	-0.0009692315044544486	True	True
strain_madness	s4__SP25_S14__X__SP135_S16__c60__k20__species	4	SP25_S14	SP135_S16	1313	1313	species	60.0	20.0	2028415	1217628	406158	60.02854445466041	20.02341729872832	1915	1198	-0.0011708649364159385	True	True
strain_madness	s4__spades_ESBL7810_S9_L001__X__spades_And6241_S2_L001__c60__k20__species	4	spades_ESBL7810_S9_L001	spades_And6241_S2_L001	573	573	species	60.0	20.0	5926039	3556061	1185338	60.007384359097195	20.002197083076908	7011	3818	-0.0001098541538453901	True	True
strain_madness	s4__spades_ESBL8909_S7_L001__X__spades_ESBL6643_S3_L001__c60__k5__genus	4	spades_ESBL8909_S7_L001	spades_ESBL6643_S3_L001	573	548	genus	60.0	5.0	5264884	3161266	263524	60.04436185108732	5.005314457070659	469	1020	-0.0010628914141317836	True	True
strain_madness	s4__SP18_S91__X__SP68_S51__c60__k5__genus	4	SP18_S91	SP68_S51	1313	257758	genus	60.0	5.0	2072566	1243796	103930	60.01237113799995	5.014556834378253	1925	361	-0.002911366875650678	True	True
strain_madness	s4__SP171_S52__X__SP21_S92__c60__k5__genus	4	SP171_S52	SP21_S92	1313	68892	genus	60.0	5.0	1993908	1206488	99761	60.508709529226024	5.0032900214052	36	169	-0.0006580042810400144	True	True
strain_madness	s4__SP133_S14__X__SP21_S92__c60__k10__genus	4	SP133_S14	SP21_S92	1313	68892	genus	60.0	10.0	1991005	1195147	199203	60.02732288467382	10.005148153821814	1118	339	-0.0005148153821814105	True	True
strain_madness	s4__SP53_S39__X__SP68_S51__c60__k10__genus	4	SP53_S39	SP68_S51	1313	257758	genus	60.0	10.0	2156089	1294348	215682	60.032215738775164	10.00339039807726	1895	745	-0.0003390398077259604	True	True
strain_madness	s4__SP73_S56__X__SP20_S77__c60__k10__genus	4	SP73_S56	SP20_S77	1313	1301	genus	60.0	10.0	2050203	1231235	205069	60.05429706229091	10.002375374536083	882	287	-0.00023753745360828306	True	True
strain_madness	s4__SP13_S10__X__SP20_S77__c60__k10__genus	4	SP13_S10	SP20_S77	1313	1301	genus	60.0	10.0	2040289	1226901	205083	60.1336869433693	10.051664249525436	386	282	-0.005166424952543558	True	True
strain_madness	s4__SP27_S15__X__SP20_S77__c60__k15__genus	4	SP27_S15	SP20_S77	1313	1301	genus	60.0	15.0	1980747	1188478	299761	60.00150448290468	15.133734899005274	2448	427	-0.00891565993368495	True	True
strain_madness	s4__SP164_S45__X__SP21_S92__c60__k20__genus	4	SP164_S45	SP21_S92	1313	68892	genus	60.0	20.0	1984518	1192679	397136	60.09917773484544	20.011710652158357	1223	688	-0.0005855326079178269	True	True
strain_madness	s4__spades_VRE2224_S14_L001__X__MIKI-NS02__c60__k20__genus	4	spades_VRE2224_S14_L001	MIKI-NS02	1352	1351	genus	60.0	20.0	3012379	1807513	602672	60.00284160791188	20.006513124676545	2255	2197	-0.00032565623382723173	True	True
strain_madness	s4__spades_ESBL6270_S10_L001__X__spades_And9855_S12_L001__c60__k2__family	4	spades_ESBL6270_S10_L001	spades_And9855_S12_L001	543	562	family	60.0	2.0	5129972	3082019	102693	60.078670994695486	2.0018237916308315	789	412	-0.0009118958154157308	True	True
strain_madness	s4__spades_ESBL8075_S12_L001__X__spades_ESBL6418_S2_L001__c60__k2__family	4	spades_ESBL8075_S12_L001	spades_ESBL6418_S2_L001	573	562	family	60.0	2.0	5404977	3244389	108115	60.02595385697293	2.000286032669519	2810	453	-0.00014301633475954922	True	True
strain_madness	s4__spades_ESBL7525_S1_L001__X__spades_And6166_S1_L001__c60__k5__family	4	spades_ESBL7525_S1_L001	spades_And6166_S1_L001	562	573	family	60.0	5.0	5217626	3130781	260894	60.003936656249415	5.000243405717466	4237	998	-4.8681143493212176e-05	True	True
strain_madness	s4__spades_ESBL5660_S7_L001__X__spades_And6166_S1_L001__c60__k5__family	4	spades_ESBL5660_S7_L001	spades_And6166_S1_L001	562	573	family	60.0	5.0	5257730	3154886	262923	60.00471686450236	5.000694215944904	5329	987	-0.0001388431889807862	True	True
strain_madness	s4__spades_ESBL6515_S2_L001__X__spades_And10026_S11_L001__c60__k5__family	4	spades_ESBL6515_S2_L001	spades_And10026_S11_L001	573	562	family	60.0	5.0	5206284	3205465	260425	61.56915373805962	5.002128197386082	15	1020	-0.0004256394772163219	True	True
strain_madness	s4__spades_And6442_S8_L001__X__spades_ESBL5497_S3_L001__c60__k10__family	4	spades_And6442_S8_L001	spades_ESBL5497_S3_L001	573	562	family	60.0	10.0	5472709	3284204	547288	60.01057246054925	10.000312459515023	7713	2168	-3.124595150225673e-05	True	True
strain_madness	s4__spades_ESBL5613_S5_L001__X__spades_ESBL6620_S4_L001__c60__k10__family	4	spades_ESBL5613_S5_L001	spades_ESBL6620_S4_L001	562	573	family	60.0	10.0	5273131	3163936	527971	60.001088537341474	10.012476458483585	3335	1108	-0.0012476458483584806	True	True
strain_madness	s4__spades_And8381_S10_L001__X__spades_ESBL5609_S2_L001__c60__k15__family	4	spades_And8381_S10_L001	spades_ESBL5609_S2_L001	573	562	family	60.0	15.0	5498306	3376631	825236	61.412205868498404	15.008913654496494	42	2999	-0.000594243633099604	True	True
strain_madness	s4__spades_ESBL8411_S7_L001__X__spades_And9053_S12_L001__c60__k15__family	4	spades_ESBL8411_S7_L001	spades_And9053_S12_L001	562	573	family	60.0	15.0	6071184	3642742	1498062	60.00052049155486	24.674956318240397	6501	17	-0.6449970878826932	True	True
strain_madness	s4__spades_ESBL6515_S2_L001__X__spades_And8926_S4_L001__c60__k15__family	4	spades_ESBL6515_S2_L001	spades_And8926_S4_L001	573	550	family	60.0	15.0	5206284	3312745	781266	63.629740521262384	15.00621172413952	20	2742	-0.0004141149426346876	True	True
strain_madness	s4__spades_And8909_S4_L001__X__spades_And9387_S6_L001__c60__k20__family	4	spades_And8909_S4_L001	spades_And9387_S6_L001	562	573	family	60.0	20.0	5467567	3280605	1093754	60.001185170661834	20.00440049477217	8436	3761	-0.00022002473860851523	True	True
strain_madness	s4__spades_And4613_S9_L001__X__spades_ESBL6792_S10_L001__c60__k20__family	4	spades_And4613_S9_L001	spades_ESBL6792_S10_L001	562	573	family	60.0	20.0	5211989	3127196	1042586	60.000049884986325	20.003610905548726	6658	2105	-0.00018054527743629478	True	True
strain_madness	s4__spades_And4858_S9_L001__X__spades_And5315_S3_L001__c60__k20__family	4	spades_And4858_S9_L001	spades_And5315_S3_L001	562	573	family	60.0	20.0	5288817	3173791	1058155	60.0094690362703	20.007404302323184	2262	3747	-0.00037021511615922267	True	True
strain_madness	s4__SP144_S25__X__spades_VRE2237_S15_L001__c60__k2__order	4	SP144_S25	spades_VRE2237_S15_L001	1313	1352	order	60.0	2.0	2073909	1255604	41576	60.54286856366408	2.004716696827103	53	147	-0.0023583484135514254	True	True
strain_madness	s4__MIKI-NS10__X__SP115_S93__c60__k2__order	4	MIKI-NS10	SP115_S93	1598	1313	order	60.0	2.0	2092650	1256676	42366	60.051895921439325	2.0245143717296252	1402	109	-0.012257185864812614	True	True
strain_madness	s4__SP171_S52__X__MIKI-NS09__c60__k5__order	4	SP171_S52	MIKI-NS09	1313	97137	order	60.0	5.0	1993908	1213502	99889	60.860481025202766	5.009709575366567	33	351	-0.0019419150733133606	True	True
strain_madness	s4__SP63_S49__X__spades_VRE3056_S20_L001__c60__k5__order	4	SP63_S49	spades_VRE3056_S20_L001	1313	1352	order	60.0	5.0	2084429	1251245	104227	60.028189974328704	5.000266259968558	287	378	-5.3251993711533885e-05	True	True
strain_madness	s4__spades_MRSA7286_S4_L001__X__MIKI-NS13__c60__k5__order	4	spades_MRSA7286_S4_L001	MIKI-NS13	1280	481743	order	60.0	5.0	2817370	1690624	147818	60.00716980730255	5.2466662170747895	1245	6	-0.04933324341495791	True	True
strain_madness	s4__SP178_S58__X__spades_VRE3766_S8_L001__c60__k10__order	4	SP178_S58	spades_VRE3766_S8_L001	1313	1352	order	60.0	10.0	1925491	1155328	192608	60.00173462249369	10.0030589600263	2604	422	-0.0003058960026299573	True	True
strain_madness	s4__SP122_S4__X__spades_VRE3786_S19_L001__c60__k15__order	4	SP122_S4	spades_VRE3786_S19_L001	1313	1352	order	60.0	15.0	2049787	1235055	346808	60.25284578348872	16.919221363000155	254	28	-0.12794809086667697	True	True
strain_madness	s4__SP114_S92__X__MIKI-NS10__c60__k20__order	4	SP114_S92	MIKI-NS10	1313	1598	order	60.0	20.0	1987692	1193004	397728	60.01956037454495	20.00953870116698	2757	446	-0.0004769350583490706	True	True
strain_madness	s4__SP139_S20__X__MIKI-NS02__c60__k20__order	4	SP139_S20	MIKI-NS02	1313	1351	order	60.0	20.0	2017343	1210473	403633	60.00333111424284	20.008149333058384	134	1458	-0.00040746665291919727	True	True
strain_madness	s4__spades_MRSA8758_S5_L001__X__SP191_S70__c60__k2__class	4	spades_MRSA8758_S5_L001	SP191_S70	1280	1313	class	60.0	2.0	2816182	1690087	56382	60.01341532614014	2.0020723092470587	2449	212	-0.0010361546235293506	True	True
strain_madness	s4__SP33_S20__X__spades_MRSA8013_S11_L001__c60__k2__class	4	SP33_S20	spades_MRSA8013_S11_L001	1313	1280	class	60.0	2.0	2079363	1248149	41792	60.02554628508827	2.009846284655445	1294	155	-0.004923142327722507	True	True
strain_madness	s4__SP18_S91__X__spades_MRSA7124_S4_L001__c60__k2__class	4	SP18_S91	spades_MRSA7124_S4_L001	1313	1280	class	60.0	2.0	2072566	1243931	41622	60.01888480270351	2.008235202160028	1912	165	-0.004117601080013911	True	True
strain_madness	s4__SP63_S49__X__spades_MRSA7172_S1_L001__c60__k5__class	4	SP63_S49	spades_MRSA7172_S1_L001	1313	1280	class	60.0	5.0	2084429	1264230	104299	60.65114235121465	5.003720443344436	278	305	-0.0007440886688872439	True	True
strain_madness	s4__SP99_S80__X__spades_MRSA9344_S6_L001__c60__k5__class	4	SP99_S80	spades_MRSA9344_S6_L001	1313	1280	class	60.0	5.0	1980535	1220572	99609	61.62839838730444	5.029398622089486	42	257	-0.005879724417897236	True	True
strain_madness	s4__spades_MRSA8186_S9_L001__X__SP99_S80__c60__k5__class	4	spades_MRSA8186_S9_L001	SP99_S80	1280	1313	class	60.0	5.0	2844448	1706917	182824	60.008725770342785	6.4273982157522305	1812	6	-0.2854796431504461	True	True
strain_madness	s4__spades_VRE3786_S19_L001__X__spades_MRSA8187_S8_L001__c60__k10__class	4	spades_VRE3786_S19_L001	spades_MRSA8187_S8_L001	1352	1280	class	60.0	10.0	3118152	1887914	312006	60.54592592022454	10.006119008951456	169	867	-0.0006119008951456451	True	True
strain_madness	s4__spades_VRE3783_S7_L001__X__spades_MRSA7133_S3_L001__c60__k10__class	4	spades_VRE3783_S7_L001	spades_MRSA7133_S3_L001	1352	1280	class	60.0	10.0	3086681	1852959	308675	60.03079035378129	10.000223541078588	2308	1223	-2.235410785882408e-05	True	True
strain_madness	s4__spades_VRE2941_S2_L001__X__spades_MRSA8013_S11_L001__c60__k10__class	4	spades_VRE2941_S2_L001	spades_MRSA8013_S11_L001	1352	1280	class	60.0	10.0	3166882	1900261	316790	60.00416182225924	10.003214518254865	3968	1166	-0.00032145182548646287	True	True
strain_madness	s4__SP162_S43__X__spades_MRSA8007_S12_L001__c60__k10__class	4	SP162_S43	spades_MRSA8007_S12_L001	1313	1280	class	60.0	10.0	1982417	1190115	198301	60.03353482138218	10.002991297996335	594	730	-0.00029912979963349074	True	True
strain_madness	s4__MIKI-NS10__X__spades_MRSA7286_S4_L001__c60__k15__class	4	MIKI-NS10	spades_MRSA7286_S4_L001	1598	1280	class	60.0	15.0	2092650	1256677	315549	60.05194370773899	15.078919073901513	1377	227	-0.005261271593434221	True	True
strain_madness	s4__SP108_S87__X__spades_MRSA8187_S8_L001__c60__k15__class	4	SP108_S87	spades_MRSA8187_S8_L001	1313	1280	class	60.0	15.0	1937122	1162779	290592	60.026110900604095	15.001223464500429	884	804	-8.15643000285841e-05	True	True
strain_madness	s4__SP13_S10__X__spades_MRSA7172_S1_L001__c60__k20__class	4	SP13_S10	spades_MRSA7172_S1_L001	1313	1280	class	60.0	20.0	2040289	1229472	408444	60.25969850349632	20.018928690984463	388	1136	-0.000946434549223163	True	True
strain_madness	s4__SP164_S45__X__spades_MRSA7129_S1_L001__c60__k20__class	4	SP164_S45	spades_MRSA7129_S1_L001	1313	1280	class	60.0	20.0	1984518	1190997	396919	60.01442163789898	20.000776007070733	1251	514	-3.880035353667211e-05	True	True
strain_madness	s4__SP49_S36__X__spades_MRSA8187_S8_L001__c60__k20__class	4	SP49_S36	spades_MRSA8187_S8_L001	1313	1280	class	60.0	20.0	2058421	1237748	411688	60.13094503019548	20.00018460752198	302	1121	-9.230376099012005e-06	True	True
strain_madness	s4__SP108_S87__X__MIKI-NS20__c60__k2__phylum	4	SP108_S87	MIKI-NS20	1313	186802	phylum	60.0	2.0	1937122	1164350	38815	60.10721059386038	2.003745763044351	900	97	-0.0018728815221755735	True	True
strain_madness	s4__SP62_S46__X__MIKI-NS20__c60__k5__phylum	4	SP62_S46	MIKI-NS20	1313	186802	phylum	60.0	5.0	2086023	1251812	104598	60.00950133339853	5.014230427948301	1156	249	-0.002846085589660241	True	True
strain_madness	s4__SP63_S49__X__MIKI-NS20__c60__k5__phylum	4	SP63_S49	MIKI-NS20	1313	186802	phylum	60.0	5.0	2084429	1250981	104255	60.01552463528381	5.001609553503622	277	251	-0.00032191070072435936	True	True
strain_madness	s4__SP133_S14__X__MIKI-NS20__c60__k5__phylum	4	SP133_S14	MIKI-NS20	1313	186802	phylum	60.0	5.0	1991005	1198192	100037	60.18026072259989	5.024447452417246	1127	226	-0.004889490483449244	True	True
strain_madness	s4__SP155_S36__X__MIKI-NS20__c60__k10__phylum	4	SP155_S36	MIKI-NS20	1313	186802	phylum	60.0	10.0	2075312	1293926	208148	62.348504706762164	10.0297208323375	37	515	-0.002972083233749956	True	True
strain_madness	s4__SP17_S90__X__MIKI-NS20__c60__k10__phylum	4	SP17_S90	MIKI-NS20	1313	186802	phylum	60.0	10.0	2082160	1249487	208283	60.00917316632727	10.003217812271872	2281	497	-0.00032178122718722334	True	True
strain_madness	s4__MIKI-NS10__X__MIKI-NS20__c60__k15__phylum	4	MIKI-NS10	MIKI-NS20	1598	186802	phylum	60.0	15.0	2092650	1257424	314109	60.087640073590904	15.010106802379758	1409	779	-0.0006737868253171797	True	True
strain_madness	s4__SP49_S36__X__MIKI-NS20__c60__k15__phylum	4	SP49_S36	MIKI-NS20	1313	186802	phylum	60.0	15.0	2058421	1239714	309214	60.22645513235631	15.021902710864298	308	730	-0.0014601807242865306	True	True
strain_madness	s4__SP62_S46__X__MIKI-NS20__c60__k15__phylum	4	SP62_S46	MIKI-NS20	1313	186802	phylum	60.0	15.0	2086023	1251848	312946	60.0112271053579	15.002039766579754	1161	719	-0.00013598443865028286	True	True
strain_madness	s4__SP164_S45__X__MIKI-NS20__c60__k15__phylum	4	SP164_S45	MIKI-NS20	1313	186802	phylum	60.0	15.0	1984518	1191454	297712	60.03744989967337	15.001728379384819	1200	703	-0.00011522529232124156	True	True
strain_madness	s4__SP88_S94__X__MIKI-NS20__c60__k15__phylum	4	SP88_S94	MIKI-NS20	1313	186802	phylum	60.0	15.0	2082503	1249573	312557	60.00341896266176	15.0087178745961	1321	740	-0.0005811916397399604	True	True
strain_madness	s4__SP84_S67__X__MIKI-NS20__c60__k20__phylum	4	SP84_S67	MIKI-NS20	1313	186802	phylum	60.0	20.0	2069912	1289677	414150	62.305885467594756	20.008096962576186	43	957	-0.00040484812880929865	True	True
strain_madness	s4__SP95_S76__X__MIKI-NS20__c60__k20__phylum	4	SP95_S76	MIKI-NS20	1313	186802	phylum	60.0	20.0	2053291	1247554	410680	60.75875265610184	20.001061710200844	62	989	-5.3085510042194525e-05	True	True
strain_madness	s4__SP108_S87__X__MIKI-NS20__c60__k20__phylum	4	SP108_S87	MIKI-NS20	1313	186802	phylum	60.0	20.0	1937122	1163739	387459	60.07566895631767	20.001786154924677	885	888	-8.930774623383542e-05	True	True
strain_madness	s4__SP59_S47__X__MIKI-NS20__c60__k20__phylum	4	SP59_S47	MIKI-NS20	1313	186802	phylum	60.0	20.0	2090807	1255501	418403	60.04863193972471	20.011555346811065	1291	981	-0.0005777673405532368	True	True
strain_madness	s4__SP73_S56__X__MIKI-NS20__c60__k20__phylum	4	SP73_S56	MIKI-NS20	1313	186802	phylum	60.0	20.0	2050203	1232692	410076	60.12536319574208	20.00172665828701	906	974	-8.633291435042879e-05	True	True
strain_madness	s4__spades_ESBL7534_S10_L001__X__spades_ESBL5734_S3_L001__c75__k2__species	4	spades_ESBL7534_S10_L001	spades_ESBL5734_S3_L001	562	562	species	75.0	2.0	4881029	3661710	97723	75.01922238118233	2.0020983280369773	4798	374	-0.0010491640184886464	True	True
strain_madness	s4__SP162_S43__X__SP184_S64__c75__k2__species	4	SP162_S43	SP184_S64	1313	1313	species	75.0	2.0	1982417	1488480	39734	75.0841018816929	2.0043209879657002	757	171	-0.00216049398285012	True	True
strain_madness	s4__spades_MRSA7129_S1_L001__X__spades_MRSA7113_S2_L001__c75__k2__species	4	spades_MRSA7129_S1_L001	spades_MRSA7113_S2_L001	1280	1280	species	75.0	2.0	2824465	2118467	56619	75.00418663357486	2.004592020081679	2835	53	-0.002296010040839569	True	True
strain_madness	s4__spades_ESBL5613_S5_L001__X__spades_ESBL6101_S9_L001__c75__k2__species	4	spades_ESBL5613_S5_L001	spades_ESBL6101_S9_L001	562	562	species	75.0	2.0	5273131	3954909	105730	75.00115206695983	2.0050706117485038	4170	404	-0.002535305874251881	True	True
strain_madness	s4__SP25_S14__X__SP108_S87__c75__k5__species	4	SP25_S14	SP108_S87	1313	1313	species	75.0	5.0	2028415	1521383	101752	75.00353724459738	5.016330484639485	2377	76	-0.003266096927896989	True	True
strain_madness	s4__spades_MRSA7286_S4_L001__X__spades_MRSA7113_S2_L001__c75__k5__species	4	spades_MRSA7286_S4_L001	spades_MRSA7113_S2_L001	1280	1280	species	75.0	5.0	2817370	2115339	141055	75.08204460188048	5.0066196488214185	1539	120	-0.0013239297642837044	True	True
strain_madness	s4__spades_And9053_S12_L001__X__spades_ESBL6792_S10_L001__c75__k10__species	4	spades_And9053_S12_L001	spades_ESBL6792_S10_L001	573	573	species	75.0	10.0	5579929	4374566	558146	78.39823768366945	10.00274376251024	49	1105	-0.0002743762510240444	True	True
strain_madness	s4__spades_And4858_S9_L001__X__spades_ESBL5609_S2_L001__c75__k10__species	4	spades_And4858_S9_L001	spades_ESBL5609_S2_L001	562	562	species	75.0	10.0	5288817	3970158	529010	75.06703294895625	10.002425873309665	2796	1912	-0.00024258733096651496	True	True
strain_madness	s4__spades_And5388_S8_L001__X__spades_And9693_S1_L001__c75__k15__species	4	spades_And5388_S8_L001	spades_And9693_S1_L001	562	562	species	75.0	15.0	5248482	3936740	830636	75.00721160899475	15.82621413200998	6607	28	-0.055080942133998674	True	True
strain_madness	s4__spades_And6399_S9_L001__X__spades_ESBL8411_S7_L001__c75__k15__species	4	spades_And6399_S9_L001	spades_ESBL8411_S7_L001	562	562	species	75.0	15.0	4808515	3634576	721822	75.58624648150209	15.011328861405236	48	1278	-0.0007552574270157208	True	True
strain_madness	s4__spades_ESBL9861_S4_L001__X__spades_ESBL7234_S12_L001__c75__k15__species	4	spades_ESBL9861_S4_L001	spades_ESBL7234_S12_L001	562	562	species	75.0	15.0	5188009	3903131	778284	75.23369755141134	15.001593096696633	270	2984	-0.0001062064464421771	True	True
strain_madness	s4__SP33_S20__X__SP94_S75__c75__k20__species	4	SP33_S20	SP94_S75	1313	1313	species	75.0	20.0	2079363	1559847	416267	75.01561776370937	20.01896734721162	1659	1117	-0.0009483673605810595	True	True
strain_madness	s4__SP33_S20__X__SP119_S1__c75__k2__genus	4	SP33_S20	SP119_S1	1313	257758	genus	75.0	2.0	2079363	1559912	41606	75.0187437210338	2.000901237542459	1612	172	-0.0004506187712294274	True	True
strain_madness	s4__SP18_S91__X__SP21_S92__c75__k2__genus	4	SP18_S91	SP21_S92	1313	68892	genus	75.0	2.0	2072566	1554776	41710	75.01695965291334	2.0124811465593857	2434	65	-0.0062405732796928515	True	True
strain_madness	s4__SP73_S56__X__SP21_S92__c75__k2__genus	4	SP73_S56	SP21_S92	1313	68892	genus	75.0	2.0	2050203	1538085	41028	75.02110766592381	2.0011676892483328	1113	66	-0.0005838446241663853	True	True
strain_madness	s4__SP139_S20__X__SP68_S51__c75__k5__genus	4	SP139_S20	SP68_S51	1313	257758	genus	75.0	5.0	2017343	1516808	100875	75.18840375682271	5.000389125696523	178	348	-7.782513930454371e-05	True	True
strain_madness	s4__SP164_S45__X__SP21_S92__c75__k5__genus	4	SP164_S45	SP21_S92	1313	68892	genus	75.0	5.0	1984518	1489132	99251	75.03746501669423	5.001264790745158	1533	173	-0.0002529581490316346	True	True
strain_madness	s4__SP62_S46__X__SP21_S92__c75__k5__genus	4	SP62_S46	SP21_S92	1313	68892	genus	75.0	5.0	2086023	1565091	104979	75.02750449060245	5.03249484785163	1465	169	-0.006498969570325919	True	True
strain_madness	s4__SP35_S22__X__SP21_S92__c75__k10__genus	4	SP35_S22	SP21_S92	1313	68892	genus	75.0	10.0	1990563	1493042	199061	75.0060158859579	10.000236114104402	368	352	-2.3611410440160796e-05	True	True
strain_madness	s4__SP155_S36__X__SP181_S61__c75__k15__genus	4	SP155_S36	SP181_S61	1313	28037	genus	75.0	15.0	2075312	1617799	311401	77.95449551681868	15.005020931792425	49	1069	-0.00033472878616163846	True	True
strain_madness	s4__SP144_S25__X__SP181_S61__c75__k20__genus	4	SP144_S25	SP181_S61	1313	28037	genus	75.0	20.0	2073909	1566019	414809	75.51049732654614	20.0013115329554	58	1421	-6.5576647769916e-05	True	True
strain_madness	s4__SP138_S19__X__SP68_S51__c75__k20__genus	4	SP138_S19	SP68_S51	1313	257758	genus	75.0	20.0	2139728	1657484	428179	77.4623690487763	20.010907928484368	37	1462	-0.0005453964242184029	True	True
strain_madness	s4__SP122_S4__X__SP181_S61__c75__k20__genus	4	SP122_S4	SP181_S61	1313	28037	genus	75.0	20.0	2049787	1541447	409960	75.2003500851552	20.000126842447532	308	1405	-6.342122376601367e-06	True	True
strain_madness	s4__spades_VRE3786_S19_L001__X__MIKI-NS02__c75__k20__genus	4	spades_VRE3786_S19_L001	MIKI-NS02	1352	1351	genus	75.0	20.0	3118152	2341330	623760	75.08710287375342	20.004156307967026	190	2254	-0.0002078153983513076	True	True
strain_madness	s4__spades_ESBL8341_S10_L001__X__spades_ESBL6643_S3_L001__c75__k2__family	4	spades_ESBL8341_S10_L001	spades_ESBL6643_S3_L001	543	548	family	75.0	2.0	4862937	3697614	97399	76.03664205396862	2.0028842652084533	31	382	-0.0014421326042266536	True	True
strain_madness	s4__spades_ESBL5613_S5_L001__X__spades_ESBL5791_S4_L001__c75__k5__family	4	spades_ESBL5613_S5_L001	spades_ESBL5791_S4_L001	562	543	family	75.0	5.0	5273131	3955606	263888	75.01437002039206	5.004389232886496	4143	887	-0.0008778465772991239	True	True
strain_madness	s4__spades_ESBL5621_S1_L001__X__spades_ESBL9915_S6_L001__c75__k5__family	4	spades_ESBL5621_S1_L001	spades_ESBL9915_S6_L001	562	543	family	75.0	5.0	5257092	3942925	263051	75.00201632385357	5.003735905706044	6738	1063	-0.0007471811412088414	True	True
strain_madness	s4__spades_ESBL6515_S2_L001__X__spades_ESBL5780_S5_L001__c75__k10__family	4	spades_ESBL6515_S2_L001	spades_ESBL5780_S5_L001	573	562	family	75.0	10.0	5206284	4080644	521120	78.3792048224799	10.009442435333916	23	894	-0.0009442435333916422	True	True
strain_madness	s4__MIKI-NS10__X__MIKI-NS06__c75__k10__family	4	MIKI-NS10	MIKI-NS06	1598	508451	family	75.0	10.0	2092650	1570134	209447	75.03089384273528	10.008697106539556	1781	560	-0.0008697106539555577	True	True
strain_madness	s4__spades_And9053_S12_L001__X__spades_ESBL9166_S11_L001__c75__k10__family	4	spades_And9053_S12_L001	spades_ESBL9166_S11_L001	573	562	family	75.0	10.0	5579929	4246708	558004	76.10684652080698	10.000198927262336	48	2031	-1.9892726233550207e-05	True	True
strain_madness	s4__spades_And5388_S8_L001__X__spades_And5284_S5_L001__c75__k15__family	4	spades_And5388_S8_L001	spades_And5284_S5_L001	562	573	family	75.0	15.0	5248482	3936614	787418	75.00481091485119	15.002776040767596	6618	3037	-0.00018506938450641998	True	True
strain_madness	s4__spades_And9426_S4_L001__X__spades_ESBL8909_S7_L001__c75__k15__family	4	spades_And9426_S4_L001	spades_ESBL8909_S7_L001	562	573	family	75.0	15.0	5311551	4099027	802351	77.17194092648268	15.105776071810286	90	101	-0.0070517381206857506	True	True
strain_madness	s4__spades_ESBL8909_S7_L001__X__spades_And9454_S3_L001__c75__k20__family	4	spades_ESBL8909_S7_L001	spades_And9454_S3_L001	573	562	family	75.0	20.0	5264884	3954329	1053076	75.10761870536939	20.00188418206365	570	3575	-9.420910318258535e-05	True	True
strain_madness	s4__spades_ESBL8075_S12_L001__X__spades_And9746_S7_L001__c75__k20__family	4	spades_ESBL8075_S12_L001	spades_And9746_S7_L001	573	562	family	75.0	20.0	5404977	4055931	1081628	75.0406708483681	20.011704027602708	3516	1478	-0.0005852013801353806	True	True
strain_madness	s4__spades_VRE3783_S7_L001__X__SP35_S22__c75__k2__order	4	spades_VRE3783_S7_L001	SP35_S22	1352	1313	order	75.0	2.0	3086681	2315089	70032	75.00253508542023	2.2688447559044813	2867	17	-0.13442237795224066	True	True
strain_madness	s4__SP20_S77__X__spades_VRE2857_S10_L001__c75__k2__order	4	SP20_S77	spades_VRE2857_S10_L001	1301	1352	order	75.0	2.0	2202269	1653250	44080	75.07030249256562	2.001572015044484	2236	116	-0.0007860075222418939	True	True
strain_madness	s4__spades_MRSA7129_S1_L001__X__MIKI-NS13__c75__k2__order	4	spades_MRSA7129_S1_L001	MIKI-NS13	1280	481743	order	75.0	2.0	2824465	2118711	66679	75.01282543773776	2.3607656671263406	2799	4	-0.1803828335631703	True	True
strain_madness	s4__SP95_S76__X__spades_VRE3021_S4_L001__c75__k2__order	4	SP95_S76	spades_VRE3021_S4_L001	1313	1352	order	75.0	2.0	2053291	1606568	41502	78.24356119030377	2.021242970431371	75	158	-0.0106214852156854	True	True
strain_madness	s4__SP73_S56__X__spades_VRE3387_S5_L001__c75__k5__order	4	SP73_S56	spades_VRE3387_S5_L001	1313	1352	order	75.0	5.0	2050203	1538308	102662	75.0319846376188	5.0074065836407415	1115	422	-0.0014813167281483076	True	True
strain_madness	s4__SP155_S36__X__spades_VRE2961_S3_L001__c75__k5__order	4	SP155_S36	spades_VRE2961_S3_L001	1313	1352	order	75.0	5.0	2075312	1594865	103797	76.84940866722691	5.001513025511345	53	426	-0.0003026051022690268	True	True
strain_madness	s4__SP77_S60__X__MIKI-NS09__c75__k5__order	4	SP77_S60	MIKI-NS09	1313	97137	order	75.0	5.0	2013262	1512378	100843	75.12077414663368	5.008935747061237	2851	359	-0.0017871494122474018	True	True
strain_madness	s4__SP162_S43__X__MIKI-NS09__c75__k10__order	4	SP162_S43	MIKI-NS09	1313	97137	order	75.0	10.0	1982417	1487031	198560	75.01100928815683	10.016056157710512	764	693	-0.0016056157710512054	True	True
strain_madness	s4__MIKI-NS10__X__SP120_S2__c75__k10__order	4	MIKI-NS10	SP120_S2	1598	1313	order	75.0	10.0	2092650	1569783	209462	75.01412085155187	10.009413901034574	1733	812	-0.0009413901034573513	True	True
strain_madness	s4__SP88_S94__X__MIKI-NS09__c75__k15__order	4	SP88_S94	MIKI-NS09	1313	97137	order	75.0	15.0	2082503	1564047	312609	75.1041895257774	15.011214869798508	1657	1116	-0.0007476579865671813	True	True
strain_madness	s4__SP171_S52__X__spades_VRE3786_S19_L001__c75__k20__order	4	SP171_S52	spades_VRE3786_S19_L001	1313	1352	order	75.0	20.0	1993908	1573605	405660	78.92064227637384	20.344970780998924	49	21	-0.01724853904994621	True	True
strain_madness	s4__SP17_S90__X__spades_VRE3783_S7_L001__c75__k20__order	4	SP17_S90	spades_VRE3783_S7_L001	1313	1352	order	75.0	20.0	2082160	1561708	417099	75.00422638029738	20.032034041572214	2834	509	-0.0016017020786106783	True	True
strain_madness	s4__spades_MRSA7129_S1_L001__X__MIKI-NS13__c75__k20__order	4	spades_MRSA7129_S1_L001	MIKI-NS13	1280	481743	order	75.0	20.0	2824465	2119069	643798	75.02550040450139	22.793626403584394	2832	23	-0.1396813201792197	True	True
strain_madness	s4__spades_VRE3783_S7_L001__X__spades_MRSA7133_S3_L001__c75__k5__class	4	spades_VRE3783_S7_L001	spades_MRSA7133_S3_L001	1352	1280	class	75.0	5.0	3086681	2315365	154444	75.01147672856379	5.003562078491428	2884	611	-0.0007124156982856178	True	True
strain_madness	s4__SP171_S52__X__spades_MRSA7129_S1_L001__c75__k5__class	4	SP171_S52	spades_MRSA7129_S1_L001	1313	1280	class	75.0	5.0	1993908	1504992	100244	75.47951058925487	5.027513807056294	41	113	-0.005502761411258739	True	True
strain_madness	s4__SP189_S68__X__spades_MRSA7133_S3_L001__c75__k5__class	4	SP189_S68	spades_MRSA7133_S3_L001	1313	1280	class	75.0	5.0	2062647	1547147	103315	75.0078418653313	5.008855126446745	2856	408	-0.0017710252893490264	True	True
strain_madness	s4__spades_VRE2224_S14_L001__X__MIKI-NS13__c75__k5__class	4	spades_VRE2224_S14_L001	MIKI-NS13	1352	481743	class	75.0	5.0	3012379	2259842	153730	75.0185152665053	5.103275517456469	2810	3	-0.020655103491293757	True	True
strain_madness	s4__SP124_S6__X__spades_MRSA8187_S8_L001__c75__k10__class	4	SP124_S6	spades_MRSA8187_S8_L001	1313	1280	class	75.0	10.0	2070014	1556888	207173	75.21147199970628	10.00828979900619	396	585	-0.0008289799006190535	True	True
strain_madness	s4__MIKI-NS10__X__spades_MRSA7129_S8_L001__c75__k10__class	4	MIKI-NS10	spades_MRSA7129_S8_L001	1598	1280	class	75.0	10.0	2092650	1569841	209446	75.0168924569326	10.008649320239888	1759	823	-0.0008649320239888069	True	True
strain_madness	s4__SP164_S45__X__spades_MRSA7172_S1_L001__c75__k10__class	4	SP164_S45	spades_MRSA7172_S1_L001	1313	1280	class	75.0	10.0	1984518	1489284	198457	75.04512430726253	10.000262028361547	1513	553	-2.620283615470953e-05	True	True
strain_madness	s4__SP147_S28__X__MIKI-NS13__c75__k10__class	4	SP147_S28	MIKI-NS13	1313	481743	class	75.0	10.0	2131103	1599025	235962	75.03274126121543	11.072294487877874	2144	13	-0.10722944878778744	True	True
strain_madness	s4__SP155_S36__X__spades_MRSA8186_S9_L001__c75__k15__class	4	SP155_S36	spades_MRSA8186_S9_L001	1313	1280	class	75.0	15.0	2075312	1596528	311407	76.92954119669717	15.005310044947459	53	318	-0.0003540029964972528	True	True
strain_madness	s4__spades_MRSA8186_S9_L001__X__SP62_S46__c75__k15__class	4	spades_MRSA8186_S9_L001	SP62_S46	1280	1313	class	75.0	15.0	2844448	2134074	427168	75.0259452800684	15.017606227992214	2215	388	-0.001173748532814282	True	True
strain_madness	s4__SP25_S14__X__spades_MRSA8758_S5_L001__c75__k15__class	4	SP25_S14	spades_MRSA8758_S5_L001	1313	1280	class	75.0	15.0	2028415	1521704	304292	75.0193624085801	15.001466662394037	2374	431	-9.777749293580958e-05	True	True
strain_madness	s4__SP84_S67__X__spades_MRSA8186_S9_L001__c75__k20__class	4	SP84_S67	spades_MRSA8186_S9_L001	1313	1280	class	75.0	20.0	2069912	1597148	414063	77.16018845245596	20.003893885343917	52	440	-0.0001946942671958496	True	True
strain_madness	s4__SP33_S20__X__MIKI-NS20__c75__k2__phylum	4	SP33_S20	MIKI-NS20	1313	186802	phylum	75.0	2.0	2079363	1559868	42162	75.01662768838341	2.027640195579127	1645	101	-0.013820097789563501	True	True
strain_madness	s4__SP23_S93__X__MIKI-NS20__c75__k2__phylum	4	SP23_S93	MIKI-NS20	1313	186802	phylum	75.0	2.0	2030322	1540083	41189	75.85412560175185	2.0286929856446414	75	102	-0.0143464928223207	True	True
strain_madness	s4__SP84_S67__X__MIKI-NS20__c75__k2__phylum	4	SP84_S67	MIKI-NS20	1313	186802	phylum	75.0	2.0	2069912	1566130	41673	75.66167064107073	2.013273994256761	46	102	-0.006636997128380395	True	True
strain_madness	s4__SP91_S72__X__MIKI-NS20__c75__k5__phylum	4	SP91_S72	MIKI-NS20	1313	186802	phylum	75.0	5.0	2026991	1529020	101367	75.43299402908055	5.000860881967409	277	242	-0.00017217639348174885	True	True
strain_madness	s4__spades_MRSA7830_S9_L001__X__MIKI-NS20__c75__k5__phylum	4	spades_MRSA7830_S9_L001	MIKI-NS20	1280	186802	phylum	75.0	5.0	2786125	2090804	139319	75.04343846740545	5.000457624837364	859	317	-9.152496747280025e-05	True	True
strain_madness	s4__SP84_S67__X__MIKI-NS20__c75__k10__phylum	4	SP84_S67	MIKI-NS20	1313	186802	phylum	75.0	10.0	2069912	1561429	207758	75.43455953683055	10.037045053123032	50	512	-0.003704505312303219	True	True
strain_madness	s4__SP155_S36__X__MIKI-NS20__c75__k10__phylum	4	SP155_S36	MIKI-NS20	1313	186802	phylum	75.0	10.0	2075312	1556699	207975	75.01035988805539	10.02138473636735	47	493	-0.0021384736367350498	True	True
strain_madness	s4__SP111_S89__X__MIKI-NS20__c75__k10__phylum	4	SP111_S89	MIKI-NS20	1313	186802	phylum	75.0	10.0	2099202	1574450	209995	75.00231040176219	10.003563258800249	3071	511	-0.00035632588002485475	True	True
strain_madness	s4__SP83_S66__X__MIKI-NS20__c75__k10__phylum	4	SP83_S66	MIKI-NS20	1313	186802	phylum	75.0	10.0	1980931	1494629	198291	75.45083599580198	10.00999025205825	42	451	-0.0009990252058249994	True	True
strain_madness	s4__SP139_S20__X__MIKI-NS20__c75__k15__phylum	4	SP139_S20	MIKI-NS20	1313	186802	phylum	75.0	15.0	2017343	1528305	303184	75.75831179923296	15.028877092294172	171	707	-0.001925139486278127	True	True
strain_madness	s4__SP133_S14__X__MIKI-NS20__c75__k15__phylum	4	SP133_S14	MIKI-NS20	1313	186802	phylum	75.0	15.0	1991005	1495779	300204	75.12683293110766	15.07801336510958	1402	709	-0.005200891007305349	True	True
strain_madness	s4__spades_VRE3786_S19_L001__X__MIKI-NS20__c75__k15__phylum	4	spades_VRE3786_S19_L001	MIKI-NS20	1352	186802	phylum	75.0	15.0	3118152	2346131	467911	75.24107227614304	15.006035626229895	193	1117	-0.00040237508199301905	True	True
strain_madness	s4__SP33_S20__X__MIKI-NS20__c75__k20__phylum	4	SP33_S20	MIKI-NS20	1313	186802	phylum	75.0	20.0	2079363	1564061	416027	75.21827598163476	20.007425350936803	1617	957	-0.0003712675468401372	True	True
strain_madness	s4__SP49_S36__X__MIKI-NS20__c75__k20__phylum	4	SP49_S36	MIKI-NS20	1313	186802	phylum	75.0	20.0	2058421	1546702	411784	75.14021670008225	20.0048483764983	376	982	-0.00024241882491491396	True	True
strain_madness	s4__SP99_S80__X__SP122_S4__c90__k2__species	4	SP99_S80	SP122_S4	1313	1313	species	90.0	2.0	1980535	1812884	41401	91.53506502031017	2.0903947670705136	54	7	-0.04519738353525682	True	True
strain_madness	s4__SP95_S76__X__SP34_S21__c90__k2__species	4	SP95_S76	SP34_S21	1313	1313	species	90.0	2.0	2053291	1882240	41230	91.66942240529958	2.0079959440722237	91	158	-0.003997972036111852	True	True
strain_madness	s4__SP108_S87__X__SP139_S20__c90__k2__species	4	SP108_S87	SP139_S20	1313	1313	species	90.0	2.0	1937122	1743477	65622	90.00346906389996	3.387602845871349	1333	6	-0.6938014229356746	True	True
strain_madness	s4__SP62_S46__X__SP161_S42__c90__k5__species	4	SP62_S46	SP161_S42	1313	1313	species	90.0	5.0	2086023	1879889	104363	90.11832563686977	5.002964972102417	1750	339	-0.0005929944204833504	True	True
strain_madness	s4__SP72_S55__X__SP118_S96__c90__k5__species	4	SP72_S55	SP118_S96	1313	1313	species	90.0	5.0	2008808	1809140	100450	90.06037411240895	5.000477895348883	1655	352	-9.557906977661901e-05	True	True
strain_madness	s4__spades_ESBL5613_S5_L001__X__spades_And9205_S9_L001__c90__k5__species	4	spades_ESBL5613_S5_L001	spades_And9205_S9_L001	562	562	species	90.0	5.0	5273131	4745858	264035	90.00076045901382	5.0071769504683274	4987	781	-0.0014353900936654896	True	True
strain_madness	s4__spades_ESBL6515_S2_L001__X__spades_And6442_S8_L001__c90__k10__species	4	spades_ESBL6515_S2_L001	spades_And6442_S8_L001	573	573	species	90.0	10.0	5206284	4769799	521100	91.61618920519895	10.009058284181194	26	1232	-0.0009058284181193699	True	True
strain_madness	s4__SP73_S56__X__SP140_S21__c90__k10__species	4	SP73_S56	SP140_S21	1313	1313	species	90.0	10.0	2050203	1845387	205561	90.00996486689367	10.026372998186034	1342	578	-0.002637299818603367	True	True
strain_madness	s4__SP171_S52__X__SP177_S57__c90__k15__species	4	SP171_S52	SP177_S57	1313	1313	species	90.0	15.0	1993908	1898164	299245	95.19817363689799	15.00796425913332	54	919	-0.0005309506088880293	True	True
strain_madness	s4__spades_ESBL8075_S12_L001__X__spades_And6442_S8_L001__c90__k15__species	4	spades_ESBL8075_S12_L001	spades_And6442_S8_L001	573	573	species	90.0	15.0	5404977	4866776	811474	90.04249231772864	15.01345889168446	4228	1921	-0.0008972594456306382	True	True
strain_madness	s4__SP108_S87__X__SP33_S20__c90__k20__species	4	SP108_S87	SP33_S20	1313	1313	species	90.0	20.0	1937122	1744411	387735	90.05168492227129	20.01603409594233	1325	438	-0.0008017047971165426	True	True
strain_madness	s4__spades_And6399_S9_L001__X__spades_And9205_S9_L001__c90__k20__species	4	spades_And6399_S9_L001	spades_And9205_S9_L001	562	562	species	90.0	20.0	4808515	4436624	961846	92.26599064368105	20.002973891107754	63	2791	-0.00014869455538768506	True	True
strain_madness	s4__SP162_S43__X__SP2_S86__c90__k20__species	4	SP162_S43	SP2_S86	1313	1313	species	90.0	20.0	1982417	1786600	396998	90.12231029092264	20.025958211617436	916	748	-0.0012979105808717862	True	True
strain_madness	s4__SP155_S36__X__SP136_S17__c90__k20__species	4	SP155_S36	SP136_S17	1313	1313	species	90.0	20.0	2075312	1884370	415508	90.79935932524845	20.021471470313863	55	1124	-0.001073573515693127	True	True
strain_madness	s4__SP162_S43__X__SP117_S95__c90__k2__genus	4	SP162_S43	SP117_S95	1313	257758	genus	90.0	2.0	1982417	1785121	39863	90.04770439317258	2.010828196085889	922	157	-0.00541409804294446	True	True
strain_madness	s4__SP35_S22__X__SP21_S92__c90__k2__genus	4	SP35_S22	SP21_S92	1313	68892	genus	90.0	2.0	1990563	1792168	40343	90.03322175685975	2.0267130455052165	433	71	-0.013356522752608235	True	True
strain_madness	s4__spades_ESBL6515_S2_L001__X__spades_ESBL6643_S3_L001__c90__k2__genus	4	spades_ESBL6515_S2_L001	spades_ESBL6643_S3_L001	573	548	genus	90.0	2.0	5206284	5040239	104240	96.81068109231076	2.002195807988961	26	406	-0.0010979039944805091	True	True
strain_madness	s4__SP72_S55__X__SP68_S51__c90__k5__genus	4	SP72_S55	SP68_S51	1313	257758	genus	90.0	5.0	2008808	1809510	100630	90.07879299564716	5.009438433140449	1645	341	-0.001887686628089824	True	True
strain_madness	s4__SP144_S25__X__SP21_S92__c90__k5__genus	4	SP144_S25	SP21_S92	1313	68892	genus	90.0	5.0	2073909	1903503	104274	91.7833424706677	5.027896595270091	72	190	-0.005579319054018228	True	True
strain_madness	s4__SP59_S47__X__SP119_S1__c90__k5__genus	4	SP59_S47	SP119_S1	1313	257758	genus	90.0	5.0	2090807	1882849	104689	90.05369696963899	5.007109694964671	1940	429	-0.0014219389929342797	True	True
strain_madness	s4__spades_ESBL8909_S7_L001__X__spades_ESBL6643_S3_L001__c90__k5__genus	4	spades_ESBL8909_S7_L001	spades_ESBL6643_S3_L001	573	548	genus	90.0	5.0	5264884	4751132	263470	90.2419122624544	5.004288793447301	667	1015	-0.0008577586894601197	True	True
strain_madness	s4__SP95_S76__X__SP21_S92__c90__k5__genus	4	SP95_S76	SP21_S92	1313	68892	genus	90.0	5.0	2053291	1888220	102902	91.96066217598967	5.011564361797719	81	165	-0.0023128723595437608	True	True
strain_madness	s4__SP63_S49__X__SP119_S1__c90__k5__genus	4	SP63_S49	SP119_S1	1313	257758	genus	90.0	5.0	2084429	1879128	104306	90.15073192706492	5.0040562667282025	428	432	-0.0008112533456404947	True	True
strain_madness	s4__SP72_S55__X__SP68_S51__c90__k10__genus	4	SP72_S55	SP68_S51	1313	257758	genus	90.0	10.0	2008808	1808108	201096	90.00900036240397	10.010712820737472	1645	719	-0.0010712820737472483	True	True
strain_madness	s4__SP139_S20__X__SP20_S77__c90__k10__genus	4	SP139_S20	SP20_S77	1313	1301	genus	90.0	10.0	2017343	1841521	202258	91.28447666063728	10.025959888824062	212	263	-0.002595988882406175	True	True
strain_madness	s4__SP133_S14__X__SP117_S95__c90__k10__genus	4	SP133_S14	SP117_S95	1313	257758	genus	90.0	10.0	1991005	1793209	199292	90.06551967473713	10.009618258115877	1674	787	-0.0009618258115876799	True	True
strain_madness	s4__SP88_S94__X__SP68_S51__c90__k15__genus	4	SP88_S94	SP68_S51	1313	257758	genus	90.0	15.0	2082503	1874665	312456	90.01979829080679	15.003867941606806	1993	1075	-0.00025786277378709124	True	True
strain_madness	s4__SP95_S76__X__SP68_S51__c90__k15__genus	4	SP95_S76	SP68_S51	1313	257758	genus	90.0	15.0	2053291	1877348	307997	91.4311707400461	15.00016315271435	82	1063	-1.087684762334599e-05	True	True
strain_madness	s4__SP133_S14__X__SP68_S51__c90__k15__genus	4	SP133_S14	SP68_S51	1313	257758	genus	90.0	15.0	1991005	1792298	298825	90.01976388808667	15.008751861497084	1670	1038	-0.0005834574331389082	True	True
strain_madness	s4__SP108_S87__X__SP181_S61__c90__k15__genus	4	SP108_S87	SP181_S61	1313	28037	genus	90.0	15.0	1937122	1743910	290766	90.02582181194576	15.010205862098514	1329	980	-0.0006803908065676249	True	True
strain_madness	s4__SP62_S46__X__SP181_S61__c90__k15__genus	4	SP62_S46	SP181_S61	1313	28037	genus	90.0	15.0	2086023	1877806	313137	90.01847055377625	15.01119594558641	1738	1061	-0.000746396372427327	True	True
strain_madness	s4__SP91_S72__X__SP21_S92__c90__k15__genus	4	SP91_S72	SP21_S92	1313	68892	genus	90.0	15.0	2026991	1825079	304310	90.03883095682221	15.012893495827067	343	513	-0.0008595663884711039	True	True
strain_madness	s4__SP59_S47__X__SP21_S92__c90__k20__genus	4	SP59_S47	SP21_S92	1313	68892	genus	90.0	20.0	2090807	1882203	418327	90.02279980887762	20.00792038672149	1946	716	-0.0003960193360745379	True	True
strain_madness	s4__SP139_S20__X__SP68_S51__c90__k20__genus	4	SP139_S20	SP68_S51	1313	257758	genus	90.0	20.0	2017343	1819699	403502	90.20275679445686	20.00165564309094	216	1400	-8.278215454691207e-05	True	True
strain_madness	s4__spades_ESBL8909_S7_L001__X__spades_ESBL5533_S4_L001__c90__k2__family	4	spades_ESBL8909_S7_L001	spades_ESBL5533_S4_L001	573	562	family	90.0	2.0	5264884	4745492	105675	90.1347873951259	2.0071667295993607	671	324	-0.0035833647996803553	True	True
strain_madness	s4__spades_ESBL5613_S5_L001__X__spades_AND8281_S12_L001__c90__k2__family	4	spades_ESBL5613_S5_L001	spades_AND8281_S12_L001	562	573	family	90.0	2.0	5273131	4748409	105641	90.04913778929445	2.0033828099472593	4986	430	-0.0016914049736296288	True	True
strain_madness	s4__spades_And9426_S4_L001__X__spades_ESBL8960_S8_L001__c90__k2__family	4	spades_And9426_S4_L001	spades_ESBL8960_S8_L001	562	573	family	90.0	2.0	5311551	4780907	106539	90.00962242478704	2.0057983063703992	119	427	-0.002899153185199621	True	True
strain_madness	s4__spades_And9693_S1_L001__X__spades_ESBL7810_S9_L001__c90__k2__family	4	spades_And9693_S1_L001	spades_ESBL7810_S9_L001	562	573	family	90.0	2.0	5234639	4723694	104911	90.23915498279824	2.0041687688491985	132	213	-0.0020843844245992393	True	True
strain_madness	s4__spades_And9693_S1_L001__X__spades_And8423_S6_L001__c90__k5__family	4	spades_And9693_S1_L001	spades_And8423_S6_L001	562	573	family	90.0	5.0	5234639	4863642	261871	92.91265357553787	5.002656343637068	139	845	-0.0005312687274136252	True	True
strain_madness	s4__spades_ESBL8075_S12_L001__X__spades_And9426_S4_L001__c90__k5__family	4	spades_ESBL8075_S12_L001	spades_And9426_S4_L001	573	562	family	90.0	5.0	5404977	4864699	301934	90.00406477215351	5.5862217360036865	4239	3	-0.11724434720073731	True	True
strain_madness	s4__spades_ESBL5808_S8_L001__X__spades_ESBL6351_S5_L001__c90__k10__family	4	spades_ESBL5808_S8_L001	spades_ESBL6351_S5_L001	543	562	family	90.0	10.0	5142239	4629314	514755	90.02525942493143	10.010328185835004	2420	1623	-0.0010328185835003722	True	True
strain_madness	s4__spades_And9053_S12_L001__X__spades_ESBL9656_S7_L001__c90__k10__family	4	spades_And9053_S12_L001	spades_ESBL9656_S7_L001	573	543	family	90.0	10.0	5579929	5319139	558378	95.32628461759997	10.006901521506816	70	2151	-0.0006901521506815555	True	True
strain_madness	s4__spades_And4858_S9_L001__X__spades_And9353_S7_L001__c90__k15__family	4	spades_And4858_S9_L001	spades_And9353_S7_L001	562	573	family	90.0	15.0	5288817	4762077	793590	90.04049487815517	15.00505689646664	3373	2843	-0.00033712643110928774	True	True
strain_madness	s4__spades_ESBL6270_S10_L001__X__spades_And4180_S6_L001__c90__k20__family	4	spades_ESBL6270_S10_L001	spades_And4180_S6_L001	543	562	family	90.0	20.0	5129972	4621002	1026037	90.07850335245494	20.000830413889197	1217	3556	-4.1520694459862285e-05	True	True
strain_madness	s4__spades_ESBL8075_S12_L001__X__spades_ESBL6270_S10_L001__c90__k20__family	4	spades_ESBL8075_S12_L001	spades_ESBL6270_S10_L001	573	543	family	90.0	20.0	5404977	4864684	1087123	90.00378725015851	20.11336958510647	4237	299	-0.005668479255323433	True	True
strain_madness	s4__SP162_S43__X__spades_VRE3387_S5_L001__c90__k2__order	4	SP162_S43	spades_VRE3387_S5_L001	1313	1352	order	90.0	2.0	1982417	1784656	39749	90.02424817785561	2.0050776400726993	927	166	-0.0025388200363496427	True	True
strain_madness	s4__MIKI-NS13__X__spades_MRSA7172_S1_L001__c90__k5__order	4	MIKI-NS13	spades_MRSA7172_S1_L001	481743	1280	order	90.0	5.0	7206778	6518852	360365	90.45445828912726	5.000362159067478	230	1024	-7.243181349565475e-05	True	True
strain_madness	s4__SP138_S19__X__spades_VRE3387_S5_L001__c90__k5__order	4	SP138_S19	spades_VRE3387_S5_L001	1313	1352	order	90.0	5.0	2139728	1971339	107067	92.13035488622853	5.003766833915339	46	439	-0.0007533667830678326	True	True
strain_madness	s4__SP155_S36__X__spades_VRE2224_S14_L001__c90__k5__order	4	SP155_S36	spades_VRE2224_S14_L001	1313	1352	order	90.0	5.0	2075312	1911643	103834	92.11352317145567	5.003295889967388	61	142	-0.0006591779934776553	True	True
strain_madness	s4__SP59_S47__X__spades_VRE3056_S20_L001__c90__k10__order	4	SP59_S47	spades_VRE3056_S20_L001	1313	1352	order	90.0	10.0	2090807	1883918	209323	90.10482555300418	10.011588826706626	1945	778	-0.0011588826706626421	True	True
strain_madness	s4__SP13_S10__X__spades_VRE2770_S9_L001__c90__k10__order	4	SP13_S10	spades_VRE2770_S9_L001	1313	1352	order	90.0	10.0	2040289	1839131	204361	90.14071045817529	10.016277105841379	564	539	-0.001627710584137887	True	True
strain_madness	s4__SP91_S72__X__spades_VRE3277_S16_L001__c90__k10__order	4	SP91_S72	spades_VRE3277_S16_L001	1313	1352	order	90.0	10.0	2026991	1824665	202735	90.0184065938132	10.001771098144985	339	762	-0.0001771098144985217	True	True
strain_madness	s4__SP62_S46__X__spades_VRE3056_S20_L001__c90__k10__order	4	SP62_S46	spades_VRE3056_S20_L001	1313	1352	order	90.0	10.0	2086023	1878453	208696	90.04948651093493	10.00449180090536	1746	781	-0.0004491800905359611	True	True
strain_madness	s4__SP124_S6__X__spades_VRE3783_S7_L001__c90__k15__order	4	SP124_S6	spades_VRE3783_S7_L001	1313	1352	order	90.0	15.0	2070014	1867248	311459	90.20460731183461	15.046226740495475	506	387	-0.0030817826996983656	True	True
strain_madness	s4__spades_MRSA7286_S4_L001__X__MIKI-NS13__c90__k15__order	4	spades_MRSA7286_S4_L001	MIKI-NS13	1280	481743	order	90.0	15.0	2817370	2535980	473228	90.01231645115836	16.796799852344563	1857	13	-0.11978665682297086	True	True
strain_madness	s4__spades_MRSA7830_S9_L001__X__MIKI-NS13__c90__k20__order	4	spades_MRSA7830_S9_L001	MIKI-NS13	1280	481743	order	90.0	20.0	2786125	2510229	570122	90.09750100946655	20.462900982547445	1028	26	-0.023145049127372273	True	True
strain_madness	s4__SP144_S25__X__spades_VRE2941_S2_L001__c90__k20__order	4	SP144_S25	spades_VRE2941_S2_L001	1313	1352	order	90.0	20.0	2073909	1893376	415595	91.29503753539812	20.039210977916582	74	870	-0.001960548895829106	True	True
strain_madness	s4__spades_MRSA8186_S9_L001__X__MIKI-NS13__c90__k20__order	4	spades_MRSA8186_S9_L001	MIKI-NS13	1280	481743	order	90.0	20.0	2844448	2562519	604113	90.08844598319251	21.238321108348615	2668	18	-0.061916055417430726	True	True
strain_madness	s4__SP35_S22__X__spades_VRE2237_S15_L001__c90__k20__order	4	SP35_S22	spades_VRE2237_S15_L001	1313	1352	order	90.0	20.0	1990563	1795159	398461	90.18348075393746	20.017502585951814	431	1485	-0.0008751292975906821	True	True
strain_madness	s4__SP83_S66__X__MIKI-NS13__c90__k2__class	4	SP83_S66	MIKI-NS13	1313	481743	class	90.0	2.0	1980931	1830483	69720	92.40518725791055	3.519557218297861	50	1	-0.7597786091489305	True	True
strain_madness	s4__SP95_S76__X__spades_MRSA8007_S12_L001__c90__k2__class	4	SP95_S76	spades_MRSA8007_S12_L001	1313	1280	class	90.0	2.0	2053291	1860085	41132	90.59042288696537	2.003223118398707	89	147	-0.0016115591993535183	True	True
strain_madness	s4__SP95_S76__X__spades_MRSA7172_S1_L001__c90__k5__class	4	SP95_S76	spades_MRSA7172_S1_L001	1313	1280	class	90.0	5.0	2053291	1885496	102723	91.82799710318703	5.0028466495981325	92	277	-0.0005693299196265044	True	True
strain_madness	s4__SP138_S19__X__spades_MRSA7129_S8_L001__c90__k5__class	4	SP138_S19	spades_MRSA7129_S8_L001	1313	1280	class	90.0	5.0	2139728	1972626	107072	92.1905027181025	5.004000508475844	50	430	-0.00080010169516882	True	True
strain_madness	s4__MIKI-NS13__X__SP194_S73__c90__k5__class	4	MIKI-NS13	SP194_S73	481743	1313	class	90.0	5.0	7206778	6494350	361185	90.11447279214096	5.011740336666399	226	1046	-0.0023480673332798574	True	True
strain_madness	s4__spades_VRE3786_S19_L001__X__spades_MRSA8013_S11_L001__c90__k5__class	4	spades_VRE3786_S19_L001	spades_MRSA8013_S11_L001	1352	1280	class	90.0	5.0	3118152	2835443	155973	90.93344391165023	5.0020973961500275	222	579	-0.0004194792300054928	True	True
strain_madness	s4__SP139_S20__X__spades_MRSA9344_S6_L001__c90__k5__class	4	SP139_S20	spades_MRSA9344_S6_L001	1313	1280	class	90.0	5.0	2017343	1820232	100903	90.22917768569846	5.001777089964374	212	256	-0.0003554179928748624	True	True
strain_madness	s4__SP35_S22__X__spades_MRSA7133_S3_L001__c90__k5__class	4	SP35_S22	spades_MRSA7133_S3_L001	1313	1280	class	90.0	5.0	1990563	1797315	99672	90.29179181970126	5.007226598705994	427	386	-0.0014453197411988584	True	True
strain_madness	s4__SP59_S47__X__spades_MRSA7295_S3_L001__c90__k10__class	4	SP59_S47	spades_MRSA7295_S3_L001	1313	1280	class	90.0	10.0	2090807	1882446	209251	90.03442211547981	10.008145180305977	1938	779	-0.0008145180305977106	True	True
strain_madness	s4__SP144_S25__X__spades_MRSA7133_S3_L001__c90__k10__class	4	SP144_S25	spades_MRSA7133_S3_L001	1313	1280	class	90.0	10.0	2073909	1911132	207614	92.1511985337833	10.01075746332168	75	824	-0.0010757463321679594	True	True
strain_madness	s4__SP139_S20__X__spades_MRSA7129_S1_L001__c90__k10__class	4	SP139_S20	spades_MRSA7129_S1_L001	1313	1280	class	90.0	10.0	2017343	1819386	202879	90.18724133674839	10.056742953478908	213	258	-0.005674295347890812	True	True
strain_madness	s4__SP162_S43__X__MIKI-NS13__c90__k10__class	4	SP162_S43	MIKI-NS13	1313	481743	class	90.0	10.0	1982417	1789583	210264	90.27278317326778	10.60644657506468	923	11	-0.06064465750646804	True	True
strain_madness	s4__spades_MRSA7830_S9_L001__X__SP122_S4__c90__k15__class	4	spades_MRSA7830_S9_L001	SP122_S4	1280	1313	class	90.0	15.0	2786125	2512469	418442	90.17789941226614	15.018780564403967	1043	87	-0.0012520376269311128	True	True
strain_madness	s4__SP23_S93__X__spades_MRSA7286_S4_L001__c90__k20__class	4	SP23_S93	spades_MRSA7286_S4_L001	1313	1280	class	90.0	20.0	2030322	1906129	408495	93.88308849532241	20.119715000871782	88	300	-0.0059857500435891	True	True
strain_madness	s4__SP72_S55__X__MIKI-NS20__c90__k2__phylum	4	SP72_S55	MIKI-NS20	1313	186802	phylum	90.0	2.0	2008808	1808993	40222	90.05305633987918	2.002281950290919	1658	92	-0.0011409751454594108	True	True
strain_madness	s4__SP171_S52__X__MIKI-NS20__c90__k2__phylum	4	SP171_S52	MIKI-NS20	1313	186802	phylum	90.0	2.0	1993908	1808881	40897	90.720384290549	2.051097643421863	47	103	-0.025548821710931424	True	True
strain_madness	s4__SP83_S66__X__MIKI-NS20__c90__k2__phylum	4	SP83_S66	MIKI-NS20	1313	186802	phylum	90.0	2.0	1980931	1798637	39782	90.79755932942642	2.0082476370958906	49	96	-0.0041238185479453016	True	True
strain_madness	s4__spades_MRSA7830_S9_L001__X__MIKI-NS20__c90__k5__phylum	4	spades_MRSA7830_S9_L001	MIKI-NS20	1280	186802	phylum	90.0	5.0	2786125	2509837	139563	90.08343128897663	5.009215307999462	1036	336	-0.0018430615998923372	True	True
strain_madness	s4__SP91_S72__X__MIKI-NS20__c90__k5__phylum	4	SP91_S72	MIKI-NS20	1313	186802	phylum	90.0	5.0	2026991	1824555	101750	90.01297983069486	5.0197558844612535	347	253	-0.003951176892250707	True	True
strain_madness	s4__spades_MRSA7286_S4_L001__X__MIKI-NS20__c90__k5__phylum	4	spades_MRSA7286_S4_L001	MIKI-NS20	1280	186802	phylum	90.0	5.0	2817370	2536039	140883	90.01441060279622	5.000514664385579	1840	338	-0.00010293287711586885	True	True
strain_madness	s4__SP133_S14__X__MIKI-NS20__c90__k5__phylum	4	SP133_S14	MIKI-NS20	1313	186802	phylum	90.0	5.0	1991005	1793373	99726	90.07375672085203	5.0088272003335	1675	240	-0.0017654400667000303	True	True
strain_madness	s4__spades_MRSA8186_S9_L001__X__MIKI-NS20__c90__k5__phylum	4	spades_MRSA8186_S9_L001	MIKI-NS20	1280	186802	phylum	90.0	5.0	2844448	2560481	142413	90.01679763525296	5.006700772874034	2668	334	-0.001340154574806718	True	True
strain_madness	s4__SP139_S20__X__MIKI-NS20__c90__k5__phylum	4	SP139_S20	MIKI-NS20	1313	186802	phylum	90.0	5.0	2017343	1824124	101208	90.4221047189298	5.016895986453469	215	246	-0.003379197290693803	True	True
strain_madness	s4__SP84_S67__X__MIKI-NS20__c90__k5__phylum	4	SP84_S67	MIKI-NS20	1313	186802	phylum	90.0	5.0	2069912	1893308	103734	91.46804308588965	5.011517397841067	55	239	-0.00230347956821344	True	True
strain_madness	s4__SP95_S76__X__MIKI-NS20__c90__k10__phylum	4	SP95_S76	MIKI-NS20	1313	186802	phylum	90.0	10.0	2053291	1849006	205386	90.05085007434407	10.002771161028807	82	513	-0.00027711610288072563	True	True
strain_madness	s4__SP155_S36__X__MIKI-NS20__c90__k10__phylum	4	SP155_S36	MIKI-NS20	1313	186802	phylum	90.0	10.0	2075312	1896727	207785	91.39478786804105	10.01222948645794	60	487	-0.0012229486457940198	True	True
strain_madness	s4__spades_MRSA8186_S9_L001__X__MIKI-NS20__c90__k10__phylum	4	spades_MRSA8186_S9_L001	MIKI-NS20	1280	186802	phylum	90.0	10.0	2844448	2560090	284665	90.00305155868556	10.007741396573254	2668	637	-0.0007741396573253568	True	True
strain_madness	s4__SP171_S52__X__MIKI-NS20__c90__k10__phylum	4	SP171_S52	MIKI-NS20	1313	186802	phylum	90.0	10.0	1993908	1796721	199827	90.11052666421921	10.02187663623397	52	458	-0.0021876636233969294	True	True
strain_madness	s4__SP35_S22__X__MIKI-NS20__c90__k10__phylum	4	SP35_S22	MIKI-NS20	1313	186802	phylum	90.0	10.0	1990563	1802400	199231	90.54724718584642	10.008776411497651	439	478	-0.0008776411497651182	True	True
strain_madness	s4__SP83_S66__X__MIKI-NS20__c90__k10__phylum	4	SP83_S66	MIKI-NS20	1313	186802	phylum	90.0	10.0	1980931	1800567	198925	90.89498826561854	10.041995405190791	47	481	-0.004199540519079115	True	True
strain_madness	s4__SP139_S20__X__MIKI-NS20__c90__k10__phylum	4	SP139_S20	MIKI-NS20	1313	186802	phylum	90.0	10.0	2017343	1819883	202185	90.21187770250275	10.022341267697165	209	491	-0.0022341267697164823	True	True
strain_madness	s4__SP122_S4__X__MIKI-NS20__c90__k15__phylum	4	SP122_S4	MIKI-NS20	1313	186802	phylum	90.0	15.0	2049787	1850656	307817	90.28528330016728	15.017023720025545	381	712	-0.001134914668369665	True	True
strain_madness	s4__SP139_S20__X__MIKI-NS20__c90__k15__phylum	4	SP139_S20	MIKI-NS20	1313	186802	phylum	90.0	15.0	2017343	1817791	302924	90.10817694363328	15.015988852664123	217	728	-0.001065923510941502	True	True
strain_madness	s4__SP124_S6__X__MIKI-NS20__c90__k15__phylum	4	SP124_S6	MIKI-NS20	1313	186802	phylum	90.0	15.0	2070014	1868380	310561	90.25929293231833	15.002845391383826	488	731	-0.00018969275892170381	True	True
strain_madness	s4__spades_MRSA8186_S9_L001__X__MIKI-NS20__c90__k15__phylum	4	spades_MRSA8186_S9_L001	MIKI-NS20	1280	186802	phylum	90.0	15.0	2844448	2560641	426903	90.02242262822172	15.008289833387709	2668	996	-0.0005526555591805741	True	True
strain_madness	s4__SP13_S10__X__MIKI-NS20__c90__k20__phylum	4	SP13_S10	MIKI-NS20	1313	186802	phylum	90.0	20.0	2040289	1840145	408418	90.19040929985898	20.017654361710523	577	967	-0.0008827180855261573	True	True
strain_madness	s4__SP124_S6__X__MIKI-NS20__c90__k20__phylum	4	SP124_S6	MIKI-NS20	1313	186802	phylum	90.0	20.0	2070014	1863167	414561	90.0074588867515	20.026966001196126	500	1006	-0.0013483000598062845	True	True
strain_madness	s4__spades_MRSA7286_S4_L001__X__MIKI-NS20__c90__k20__phylum	4	spades_MRSA7286_S4_L001	MIKI-NS20	1280	186802	phylum	90.0	20.0	2817370	2539959	563644	90.15354745738047	20.006033996244724	1851	1333	-0.00030169981223622245	True	True
strain_madness	s5__spades_MRSA7124_S4_L001__X__spades_MRSA7231_S7_L001__c60__k2__species	5	spades_MRSA7124_S4_L001	spades_MRSA7231_S7_L001	1280	1280	species	60.0	2.0	2778919	1667651	55902	60.01078117066385	2.0116455355481753	3514	142	-0.005822767774087634	True	True
strain_madness	s5__SP33_S20__X__SP83_S66__c60__k2__species	5	SP33_S20	SP83_S66	1313	1313	species	60.0	2.0	2079363	1248366	41625	60.035982173386756	2.0018149789142154	1122	55	-0.0009074894571077241	True	True
strain_madness	s5__SP154_S35__X__SP196_S75__c60__k2__species	5	SP154_S35	SP196_S75	1313	1313	species	60.0	2.0	2162035	1378066	43459	63.73930116764992	2.010096968827979	35	159	-0.005048484413989529	True	True
strain_madness	s5__spades_ESBL7348_S6_L001__X__spades_And8344_S10_L001__c60__k5__species	5	spades_ESBL7348_S6_L001	spades_And8344_S10_L001	562	562	species	60.0	5.0	5205004	3123182	260489	60.00345052568643	5.004587892727844	7271	767	-0.0009175785455688868	True	True
strain_madness	s5__SP33_S20__X__SP94_S75__c60__k5__species	5	SP33_S20	SP94_S75	1313	1313	species	60.0	5.0	2079363	1247800	104007	60.00876229883863	5.001868360646987	1121	225	-0.0003736721293973844	True	True
strain_madness	s5__SP151_S32__X__SP143_S24__c60__k5__species	5	SP151_S32	SP143_S24	1313	1313	species	60.0	5.0	1974069	1184806	129993	60.0184694658596	6.585028182905461	2792	1	-0.31700563658109215	True	True
strain_madness	s5__SP142_S23__X__SP13_S10__c60__k10__species	5	SP142_S23	SP13_S10	1313	1313	species	60.0	10.0	2060851	1254091	206112	60.85306506875072	10.001305286020193	43	759	-0.00013052860201927529	True	True
strain_madness	s5__SP162_S43__X__SP1_S85__c60__k10__species	5	SP162_S43	SP1_S85	1313	1313	species	60.0	10.0	1982417	1189603	198370	60.00770776279663	10.00647189768853	2229	680	-0.0006471897688529182	True	True
strain_madness	s5__SP76_S59__X__SP134_S15__c60__k10__species	5	SP76_S59	SP134_S15	1313	1313	species	60.0	10.0	2094080	1256469	209420	60.00100282701712	10.00057304400978	2540	653	-5.730440097799772e-05	True	True
strain_madness	s5__SP143_S24__X__SP15_S89__c60__k15__species	5	SP143_S24	SP15_S89	1313	1313	species	60.0	15.0	2012493	1218941	301966	60.56870756817539	15.004573928952796	43	230	-0.00030492859685307867	True	True
strain_madness	s5__MIKI-NS11__X__MIKI-NS09__c60__k15__species	5	MIKI-NS11	MIKI-NS09	97137	97137	species	60.0	15.0	2039212	1224269	306643	60.036376796527286	15.037328144400876	3053	274	-0.002488542960058382	True	True
strain_madness	s5__spades_ESBL6455_S6_L001__X__spades_ESBL6724_S11_L001__c60__k15__species	5	spades_ESBL6455_S6_L001	spades_ESBL6724_S11_L001	562	562	species	60.0	15.0	4857585	2914978	728768	60.008790376287806	15.0026813735632	7389	2810	-0.00017875823754671672	True	True
strain_madness	s5__SP3_S87__X__SP16_S12__c60__k20__species	5	SP3_S87	SP16_S12	1313	1313	species	60.0	20.0	2041279	1226700	408529	60.09467593601855	20.013383765766463	478	1523	-0.0006691882883231414	True	True
strain_madness	s5__SP46_S33__X__SP119_S1__c60__k2__genus	5	SP46_S33	SP119_S1	1313	257758	genus	60.0	2.0	2068370	1241083	41569	60.00294918220628	2.0097468054555034	3107	87	-0.004873402727751719	True	True
strain_madness	s5__SP94_S75__X__SP68_S51__c60__k2__genus	5	SP94_S75	SP68_S51	1313	257758	genus	60.0	2.0	2078602	1247344	41741	60.00879437237143	2.0081285402400266	2831	174	-0.0040642701200133136	True	True
strain_madness	s5__SP119_S1__X__SP77_S60__c60__k2__genus	5	SP119_S1	SP77_S60	257758	1313	genus	60.0	2.0	2137079	1282253	186986	60.00026203991523	8.74960635521663	2583	3	-3.3748031776083147	True	True
strain_madness	s5__SP87_S70__X__SP117_S95__c60__k2__genus	5	SP87_S70	SP117_S95	1313	257758	genus	60.0	2.0	2006213	1204433	40353	60.03515080402729	2.0114015809886587	1837	122	-0.005700790494329366	True	True
strain_madness	s5__spades_And4500_S1_L001__X__spades_ESBL6643_S3_L001__c60__k5__genus	5	spades_And4500_S1_L001	spades_ESBL6643_S3_L001	573	548	genus	60.0	5.0	5585829	3351855	279417	60.00640191455915	5.0022476520494985	6537	926	-0.00044953040989970106	True	True
strain_madness	s5__SP180_S96__X__SP119_S1__c60__k5__genus	5	SP180_S96	SP119_S1	1313	257758	genus	60.0	5.0	2031083	1219972	101618	60.06509827515665	5.003143643071208	907	199	-0.0006287286142416804	True	True
strain_madness	s5__spades_And8454_S5_L001__X__spades_ESBL6643_S3_L001__c60__k10__genus	5	spades_And8454_S5_L001	spades_ESBL6643_S3_L001	573	548	genus	60.0	10.0	5530317	3323919	553189	60.103588998605325	10.00284432158229	1088	1858	-0.0002844321582289311	True	True
strain_madness	s5__SP149_S30__X__SP119_S1__c60__k10__genus	5	SP149_S30	SP119_S1	1313	257758	genus	60.0	10.0	2113372	1268398	212419	60.01773469128956	10.051188337878992	3096	423	-0.005118833787899213	True	True
strain_madness	s5__SP151_S32__X__SP117_S95__c60__k15__genus	5	SP151_S32	SP117_S95	1313	257758	genus	60.0	15.0	1974069	1185864	296479	60.07206435033426	15.018674625861609	2766	875	-0.0012449750574405746	True	True
strain_madness	s5__SP30_S17__X__SP117_S95__c60__k15__genus	5	SP30_S17	SP117_S95	1313	257758	genus	60.0	15.0	2078679	1247352	311950	60.00695634102235	15.007127122561974	2739	946	-0.00047514150413157096	True	True
strain_madness	s5__SP33_S20__X__SP117_S95__c60__k20__genus	5	SP33_S20	SP117_S95	1313	257758	genus	60.0	20.0	2079363	1248936	415928	60.06339441453945	20.00266427747344	1145	1257	-0.0001332138736719557	True	True
strain_madness	s5__spades_And9053_S12_L001__X__spades_And4613_S9_L001__c60__k2__family	5	spades_And9053_S12_L001	spades_And4613_S9_L001	573	562	family	60.0	2.0	5579929	3350827	219139	60.05142717765764	3.9272721928899097	1669	4	-0.9636360964449548	True	True
strain_madness	s5__SP24_S13__X__MIKI-NS12__c60__k2__family	5	SP24_S13	MIKI-NS12	1313	1363	family	60.0	2.0	2093455	1289106	42088	61.57791784394697	2.010456398632882	28	174	-0.005228199316440918	True	True
strain_madness	s5__spades_And5388_S8_L001__X__spades_ESBL5791_S4_L001__c60__k2__family	5	spades_And5388_S8_L001	spades_ESBL5791_S4_L001	562	543	family	60.0	2.0	5248482	3150682	104978	60.03034782247514	2.0001592841511124	1174	445	-7.964207555621883e-05	True	True
strain_madness	s5__spades_ESBL8159_S1_L001__X__spades_ESBL7234_S12_L001__c60__k2__family	5	spades_ESBL8159_S1_L001	spades_ESBL7234_S12_L001	543	562	family	60.0	2.0	5325786	3195883	106590	60.00772468138975	2.001394723708388	1595	434	-0.0006973618541938897	True	True
strain_madness	s5__spades_And4191_S5_L001__X__spades_And4246_S5_L001__c60__k5__family	5	spades_And4191_S5_L001	spades_And4246_S5_L001	562	573	family	60.0	5.0	5373351	3495290	268862	65.0486074704593	5.003618784628065	70	823	-0.0007237569256130172	True	True
strain_madness	s5__spades_ESBL6418_S2_L001__X__spades_And5527_S8_L001__c60__k5__family	5	spades_ESBL6418_S2_L001	spades_And5527_S8_L001	562	573	family	60.0	5.0	4803161	2904483	240316	60.470240327151224	5.003288459412458	772	845	-0.0006576918824915623	True	True
strain_madness	s5__spades_And7225_S6_L001__X__spades_ESBL9440_S6_L001__c60__k10__family	5	spades_And7225_S6_L001	spades_ESBL9440_S6_L001	562	543	family	60.0	10.0	4907918	2945213	490825	60.009417435254626	10.000676457919631	6786	1895	-6.764579196314458e-05	True	True
strain_madness	s5__spades_And8454_S5_L001__X__spades_And6400_S11_L001__c60__k10__family	5	spades_And8454_S5_L001	spades_And6400_S11_L001	573	562	family	60.0	10.0	5530317	3321286	904272	60.05597870791132	16.351178422502723	1041	11	-0.6351178422502723	True	True
strain_madness	s5__spades_ESBL6760_S6_L001__X__spades_And8344_S10_L001__c60__k10__family	5	spades_ESBL6760_S6_L001	spades_And8344_S10_L001	543	562	family	60.0	10.0	5267859	3160720	526912	60.00008732200311	10.002393761867962	4193	1587	-0.0002393761867962141	True	True
strain_madness	s5__spades_And9653_S7_L001__X__spades_ESBL6759Q_S12_L001__c60__k10__family	5	spades_And9653_S7_L001	spades_ESBL6759Q_S12_L001	562	573	family	60.0	10.0	4729396	2839553	473016	60.0404998862434	10.001615428270332	335	1869	-0.00016154282703322308	True	True
strain_madness	s5__spades_And4858_S9_L001__X__spades_And5237_S4_L001__c60__k15__family	5	spades_And4858_S9_L001	spades_And5237_S4_L001	562	573	family	60.0	15.0	5288817	3173450	804560	60.003021469640565	15.212475682179965	6487	96	-0.014165045478664358	True	True
strain_madness	s5__spades_ESBL5613_S5_L001__X__spades_And4543_S2_L001__c60__k20__family	5	spades_ESBL5613_S5_L001	spades_And4543_S2_L001	562	573	family	60.0	20.0	5273131	3164031	1054925	60.00289012353382	20.00566646267654	7202	1658	-0.00028332313382701814	True	True
strain_madness	s5__spades_ESBL9875_S5_L001__X__spades_And8381_S10_L001__c60__k20__family	5	spades_ESBL9875_S5_L001	spades_And8381_S10_L001	562	573	family	60.0	20.0	5191975	3115251	1038530	60.001271192561596	20.00260016660327	3874	2692	-0.0001300083301634558	True	True
strain_madness	s5__SP155_S36__X__spades_VRE2237_S15_L001__c60__k2__order	5	SP155_S36	spades_VRE2237_S15_L001	1313	1352	order	60.0	2.0	2075312	1246062	41532	60.04215269800396	2.001241259145613	1164	153	-0.0006206295728063971	True	True
strain_madness	s5__MIKI-NS09__X__SP49_S36__c60__k2__order	5	MIKI-NS09	SP49_S36	97137	1313	order	60.0	2.0	2039692	1225042	40939	60.06014633581933	2.0071167607658413	1060	182	-0.0035583803829206673	True	True
strain_madness	s5__SP35_S22__X__MIKI-NS09__c60__k5__order	5	SP35_S22	MIKI-NS09	1313	97137	order	60.0	5.0	1990563	1195887	100354	60.07782722777425	5.041488262365974	1525	83	-0.008297652473194717	True	True
strain_madness	s5__spades_MRSA7231_S7_L001__X__MIKI-NS13__c60__k10__order	5	spades_MRSA7231_S7_L001	MIKI-NS13	1280	481743	order	60.0	10.0	2781316	1668857	278428	60.002423313280474	10.010656825761618	4209	1120	-0.0010656825761618193	True	True
strain_madness	s5__SP109_S83__X__MIKI-NS06__c60__k10__order	5	SP109_S83	MIKI-NS06	1313	508451	order	60.0	10.0	2012505	1208353	201570	60.04223591991076	10.01587573695469	969	239	-0.0015875736954690466	True	True
strain_madness	s5__spades_MRSA8758_S5_L001__X__MIKI-NS13__c60__k15__order	5	spades_MRSA8758_S5_L001	MIKI-NS13	1280	481743	order	60.0	15.0	2816182	1711932	422549	60.78911093104068	15.004321453656049	39	1689	-0.00028809691040324975	True	True
strain_madness	s5__SP185_S65__X__spades_VRE3766_S8_L001__c60__k15__order	5	SP185_S65	spades_VRE3766_S8_L001	1313	1352	order	60.0	15.0	1845437	1118342	276860	60.60038895936301	15.002408643589566	191	859	-0.000160576239304433	True	True
strain_madness	s5__SP15_S89__X__spades_VRE2224_S14_L001__c60__k15__order	5	SP15_S89	spades_VRE2224_S14_L001	1313	1352	order	60.0	15.0	2011560	1208201	301864	60.062886515937876	15.006462645906659	880	1143	-0.0004308430604439195	True	True
strain_madness	s5__SP77_S60__X__spades_VRE3967_S23_L001__c60__k20__order	5	SP77_S60	spades_VRE3967_S23_L001	1313	1352	order	60.0	20.0	2013262	1210594	403026	60.13097152779916	20.01855694887203	20	1443	-0.000927847443601415	True	True
strain_madness	s5__SP67_S50__X__spades_VRE2906_S11_L001__c60__k20__order	5	SP67_S50	spades_VRE2906_S11_L001	1313	1352	order	60.0	20.0	2070264	1242228	415886	60.003361890077784	20.08854909325574	2197	32	-0.004427454662786978	True	True
strain_madness	s5__SP33_S20__X__spades_VRE3253_S17_L001__c60__k20__order	5	SP33_S20	spades_VRE3253_S17_L001	1313	1352	order	60.0	20.0	2079363	1247708	419660	60.004337866933284	20.182142319546898	1110	330	-0.009107115977344904	True	True
strain_madness	s5__SP35_S22__X__spades_MRSA7172_S1_L001__c60__k2__class	5	SP35_S22	spades_MRSA7172_S1_L001	1313	1280	class	60.0	2.0	1990563	1194565	39886	60.01141385628086	2.0037547166304206	1522	117	-0.001877358315210298	True	True
strain_madness	s5__spades_MRSA7231_S7_L001__X__SP109_S83__c60__k2__class	5	spades_MRSA7231_S7_L001	SP109_S83	1280	1313	class	60.0	2.0	2781316	1669014	57295	60.00806812314746	2.059996059419354	4212	38	-0.02999802970967691	True	True
strain_madness	s5__spades_VRE3786_S19_L001__X__spades_MRSA8595_S7_L001__c60__k2__class	5	spades_VRE3786_S19_L001	spades_MRSA8595_S7_L001	1352	1280	class	60.0	2.0	3118152	1882818	62460	60.38249578596553	2.003109534108664	184	155	-0.0015547670543321068	True	True
strain_madness	s5__SP151_S32__X__spades_MRSA8186_S9_L001__c60__k2__class	5	SP151_S32	spades_MRSA8186_S9_L001	1313	1280	class	60.0	2.0	1974069	1184661	39485	60.01112423121988	2.00018337758204	2765	159	-9.168879102006144e-05	True	True
strain_madness	s5__SP46_S33__X__spades_MRSA7286_S4_L001__c60__k5__class	5	SP46_S33	spades_MRSA7286_S4_L001	1313	1280	class	60.0	5.0	2068370	1241231	103509	60.0101045751002	5.004375426060134	3108	313	-0.0008750852120268604	True	True
strain_madness	s5__SP136_S17__X__spades_MRSA8339_S5_L001__c60__k5__class	5	SP136_S17	spades_MRSA8339_S5_L001	1313	1280	class	60.0	5.0	2038096	1222910	101976	60.00257102707625	5.00349345663796	1028	381	-0.0006986913275920159	True	True
strain_madness	s5__SP48_S35__X__spades_MRSA7172_S1_L001__c60__k5__class	5	SP48_S35	spades_MRSA7172_S1_L001	1313	1280	class	60.0	5.0	2032240	1238719	101899	60.95338149037515	5.014122347754202	89	299	-0.0028244695508403694	True	True
strain_madness	s5__SP185_S65__X__spades_MRSA8187_S8_L001__c60__k5__class	5	SP185_S65	spades_MRSA8187_S8_L001	1313	1280	class	60.0	5.0	1845437	1107832	92553	60.03087615562059	5.0152348739079144	185	330	-0.0030469747815828896	True	True
strain_madness	s5__SP151_S32__X__spades_MRSA8339_S5_L001__c60__k10__class	5	SP151_S32	spades_MRSA8339_S5_L001	1313	1280	class	60.0	10.0	1974069	1184459	197584	60.00089155951489	10.008971317618585	2752	730	-0.0008971317618584607	True	True
strain_madness	s5__SP140_S21__X__spades_MRSA7129_S8_L001__c60__k10__class	5	SP140_S21	spades_MRSA7129_S8_L001	1313	1280	class	60.0	10.0	2128346	1277441	213367	60.0203632304146	10.02501472974789	1082	499	-0.002501472974788932	True	True
strain_madness	s5__SP15_S89__X__spades_MRSA7113_S2_L001__c60__k10__class	5	SP15_S89	spades_MRSA7113_S2_L001	1313	1280	class	60.0	10.0	2011560	1210668	201178	60.185527650181946	10.00109367853805	883	795	-0.00010936785380497583	True	True
strain_madness	s5__SP143_S24__X__spades_MRSA8339_S5_L001__c60__k15__class	5	SP143_S24	spades_MRSA8339_S5_L001	1313	1280	class	60.0	15.0	2012493	1267441	301998	62.978653838795964	15.006163996595268	46	1115	-0.0004109331063511708	True	True
strain_madness	s5__spades_VRE3786_S19_L001__X__spades_MRSA7830_S9_L001__c60__k15__class	5	spades_VRE3786_S19_L001	spades_MRSA7830_S9_L001	1352	1280	class	60.0	15.0	3118152	1883252	468073	60.39641428641067	15.011231011188679	188	1657	-0.0007487340792452575	True	True
strain_madness	s5__SP185_S65__X__spades_MRSA8187_S8_L001__c60__k20__class	5	SP185_S65	spades_MRSA8187_S8_L001	1313	1280	class	60.0	20.0	1845437	1120318	369399	60.70746386899146	20.016884889595257	198	1321	-0.0008442444797628568	True	True
strain_madness	s5__spades_MRSA7124_S4_L001__X__SP42_S29__c60__k20__class	5	spades_MRSA7124_S4_L001	SP42_S29	1280	1313	class	60.0	20.0	2778919	1667591	555850	60.00862205771381	20.002382221288205	3549	1925	-0.00011911106441022667	True	True
strain_madness	s5__SP99_S80__X__spades_MRSA7830_S9_L001__c60__k20__class	5	SP99_S80	spades_MRSA7830_S9_L001	1313	1280	class	60.0	20.0	1980535	1188491	396157	60.0085835392962	20.002524570381237	1389	1402	-0.00012622851906183286	True	True
strain_madness	s5__SP154_S35__X__spades_MRSA8595_S7_L001__c60__k20__class	5	SP154_S35	spades_MRSA8595_S7_L001	1313	1280	class	60.0	20.0	2162035	1301642	432495	60.20448327617268	20.004070239380955	32	1043	-0.00020351196904773162	True	True
strain_madness	s5__SP87_S70__X__MIKI-NS13__c60__k20__class	5	SP87_S70	MIKI-NS13	1313	481743	class	60.0	20.0	2006213	1205452	401358	60.08594301801454	20.005752131005032	1850	1615	-0.00028760655025159563	True	True
strain_madness	s5__MIKI-NS09__X__MIKI-NS20__c60__k2__phylum	5	MIKI-NS09	MIKI-NS20	97137	186802	phylum	60.0	2.0	2039692	1224459	40896	60.03156358901246	2.005008599337547	1078	145	-0.002504299668773413	True	True
strain_madness	s5__SP3_S87__X__MIKI-NS20__c60__k2__phylum	5	SP3_S87	MIKI-NS20	1313	186802	phylum	60.0	2.0	2041279	1225353	40884	60.02868789616706	2.002861931171584	517	145	-0.0014309655857920323	True	True
strain_madness	s5__SP78_S61__X__MIKI-NS20__c60__k2__phylum	5	SP78_S61	MIKI-NS20	1313	186802	phylum	60.0	2.0	2014664	1320665	40584	65.55261820333317	2.0144301977898054	16	148	-0.007215098894902683	True	True
strain_madness	s5__spades_VRE2906_S11_L001__X__MIKI-NS20__c60__k2__phylum	5	spades_VRE2906_S11_L001	MIKI-NS20	1352	186802	phylum	60.0	2.0	3429347	2060910	68641	60.09628072049868	2.001576393406675	187	257	-0.0007881967033374071	True	True
strain_madness	s5__spades_MRSA7124_S4_L001__X__MIKI-NS20__c60__k2__phylum	5	spades_MRSA7124_S4_L001	MIKI-NS20	1280	186802	phylum	60.0	2.0	2778919	1667410	55607	60.002108733647866	2.001029896877167	3531	208	-0.0005149484385835734	True	True
strain_madness	s5__spades_VRE2943_S1_L001__X__MIKI-NS20__c60__k5__phylum	5	spades_VRE2943_S1_L001	MIKI-NS20	1352	186802	phylum	60.0	5.0	3128023	1876906	156463	60.00294754865933	5.001977287251404	4035	567	-0.0003954574502808228	True	True
strain_madness	s5__spades_VRE3342_S6_L001__X__MIKI-NS20__c60__k5__phylum	5	spades_VRE3342_S6_L001	MIKI-NS20	1352	186802	phylum	60.0	5.0	3063001	1838748	153496	60.03093045023492	5.0112944788460725	3074	560	-0.002258895769214497	True	True
strain_madness	s5__MIKI-NS06__X__MIKI-NS20__c60__k10__phylum	5	MIKI-NS06	MIKI-NS20	508451	186802	phylum	60.0	10.0	1964761	1180053	196637	60.06089290249552	10.00818929121659	1457	688	-0.0008189291216590177	True	True
strain_madness	s5__SP149_S30__X__MIKI-NS20__c60__k10__phylum	5	SP149_S30	MIKI-NS20	1313	186802	phylum	60.0	10.0	2113372	1268127	211353	60.00491158205938	10.000747620390541	3091	764	-7.476203905412148e-05	True	True
strain_madness	s5__SP52_S38__X__MIKI-NS20__c60__k10__phylum	5	SP52_S38	MIKI-NS20	1313	186802	phylum	60.0	10.0	2038081	1233875	203859	60.54101873281778	10.002497447353663	323	722	-0.0002497447353663418	True	True
strain_madness	s5__SP168_S49__X__MIKI-NS20__c60__k10__phylum	5	SP168_S49	MIKI-NS20	1313	186802	phylum	60.0	10.0	1749640	1049917	175143	60.007601563750256	10.010230676024783	1477	633	-0.001023067602478278	True	True
strain_madness	s5__SP15_S89__X__MIKI-NS20__c60__k15__phylum	5	SP15_S89	MIKI-NS20	1313	186802	phylum	60.0	15.0	2011560	1208388	301754	60.0721827835113	15.00099425321641	850	1091	-6.628354776066677e-05	True	True
strain_madness	s5__SP149_S30__X__MIKI-NS20__c60__k15__phylum	5	SP149_S30	MIKI-NS20	1313	186802	phylum	60.0	15.0	2113372	1268212	317369	60.00893359048951	15.017185805433213	3100	1144	-0.0011457203622142014	True	True
strain_madness	s5__SP144_S25__X__MIKI-NS20__c60__k15__phylum	5	SP144_S25	MIKI-NS20	1313	186802	phylum	60.0	15.0	2073909	1244684	311204	60.01632665656979	15.005672862213338	2139	1116	-0.0003781908142225158	True	True
strain_madness	s5__SP154_S35__X__MIKI-NS20__c60__k15__phylum	5	SP154_S35	MIKI-NS20	1313	186802	phylum	60.0	15.0	2162035	1340772	324416	62.014352219089886	15.005122488766371	37	1161	-0.0003414992510914298	True	True
strain_madness	s5__spades_VRE2943_S1_L001__X__MIKI-NS20__c60__k15__phylum	5	spades_VRE2943_S1_L001	MIKI-NS20	1352	186802	phylum	60.0	15.0	3128023	1877456	469326	60.02053053957724	15.003917810067254	4065	1673	-0.00026118733781691124	True	True
strain_madness	s5__SP24_S13__X__MIKI-NS20__c60__k15__phylum	5	SP24_S13	MIKI-NS20	1313	186802	phylum	60.0	15.0	2093455	1423500	314207	67.99764026453876	15.00901619571474	23	1136	-0.0006010797143159626	True	True
strain_madness	s5__SP91_S72__X__MIKI-NS20__c60__k20__phylum	5	SP91_S72	MIKI-NS20	1313	186802	phylum	60.0	20.0	2026991	1216684	405427	60.02414416245558	20.0014208252528	2863	1474	-7.104126264003696e-05	True	True
strain_madness	s5__spades_MRSA8595_S7_L001__X__MIKI-NS20__c60__k20__phylum	5	spades_MRSA8595_S7_L001	MIKI-NS20	1280	186802	phylum	60.0	20.0	2833533	1700135	567089	60.0005364327855	20.013495519551032	4163	2051	-0.0006747759775516116	True	True
strain_madness	s5__SP78_S61__X__MIKI-NS20__c60__k20__phylum	5	SP78_S61	MIKI-NS20	1313	186802	phylum	60.0	20.0	2014664	1430378	403047	70.99834016987448	20.005668439005213	15	1445	-0.00028342195026063164	True	True
strain_madness	s5__SP164_S45__X__MIKI-NS20__c60__k20__phylum	5	SP164_S45	MIKI-NS20	1313	186802	phylum	60.0	20.0	1984518	1215694	396905	61.25890518503738	20.00007054609734	77	1429	-3.527304867034786e-06	True	True
strain_madness	s5__spades_And9653_S7_L001__X__spades_ESBL9654_S5_L001__c75__k2__species	5	spades_And9653_S7_L001	spades_ESBL9654_S5_L001	562	562	species	75.0	2.0	4729396	3547115	94710	75.00143781573799	2.002581302136679	425	307	-0.0012906510683394767	True	True
strain_madness	s5__SP67_S50__X__SP159_S40__c75__k2__species	5	SP67_S50	SP159_S40	1313	1313	species	75.0	2.0	2070264	1553234	41416	75.02589041784043	2.0005178083568085	2748	168	-0.00025890417840424007	True	True
strain_madness	s5__spades_ESBL9251_S1_L001__X__spades_And6098_S1_L001__c75__k2__species	5	spades_ESBL9251_S1_L001	spades_And6098_S1_L001	573	573	species	75.0	2.0	5704673	4279008	114206	75.0088217151097	2.0019727686407265	2744	422	-0.0009863843203632428	True	True
strain_madness	s5__spades_ESBL7534_S10_L001__X__spades_And4858_S9_L001__c75__k5__species	5	spades_ESBL7534_S10_L001	spades_And4858_S9_L001	562	562	species	75.0	5.0	4881029	3667205	244537	75.13180110177588	5.009947697503948	2024	494	-0.001989539500789661	True	True
strain_madness	s5__SP155_S36__X__SP75_S58__c75__k5__species	5	SP155_S36	SP75_S58	1313	1313	species	75.0	5.0	2075312	1558332	104119	75.08904685175048	5.017028764831505	1494	304	-0.0034057529663009236	True	True
strain_madness	s5__SP168_S49__X__SP1_S85__c75__k5__species	5	SP168_S49	SP1_S85	1313	1313	species	75.0	5.0	1749640	1312282	87516	75.0029720399625	5.001943256898562	1843	311	-0.000388651379712357	True	True
strain_madness	s5__spades_VRE3253_S17_L001__X__spades_VRE3783_S7_L001__c75__k10__species	5	spades_VRE3253_S17_L001	spades_VRE3783_S7_L001	1352	1352	species	75.0	10.0	2959154	2220782	296069	75.0478684110391	10.005190672739573	1846	893	-0.0005190672739573188	True	True
strain_madness	s5__SP87_S70__X__SP24_S13__c75__k10__species	5	SP87_S70	SP24_S13	1313	1313	species	75.0	10.0	2006213	1504992	243855	75.01656105308858	12.154990521943581	2299	3	-0.21549905219435814	True	True
strain_madness	s5__spades_ESBL7862_S8_L001__X__spades_And6098_S1_L001__c75__k15__species	5	spades_ESBL7862_S8_L001	spades_And6098_S1_L001	573	573	species	75.0	15.0	5904754	4429234	885763	75.0113213861238	15.00084508177648	7312	3286	-5.633878509871219e-05	True	True
strain_madness	s5__SP25_S14__X__SP162_S43__c75__k15__species	5	SP25_S14	SP162_S43	1313	1313	species	75.0	15.0	2028415	1524105	304702	75.13773069120471	15.021679488664795	114	572	-0.0014452992443196421	True	True
strain_madness	s5__SP180_S96__X__SP87_S70__c75__k15__species	5	SP180_S96	SP87_S70	1313	1313	species	75.0	15.0	2031083	1524774	305251	75.07196899388158	15.028977151598433	1164	462	-0.0019318101065621818	True	True
strain_madness	s5__SP185_S65__X__SP83_S66__c75__k20__species	5	SP185_S65	SP83_S66	1313	1313	species	75.0	20.0	1845437	1390655	369111	75.35640609785108	20.001278829892325	217	486	-6.394149461623755e-05	True	True
strain_madness	s5__SP155_S36__X__SP156_S37__c75__k20__species	5	SP155_S36	SP156_S37	1313	1313	species	75.0	20.0	2075312	1557231	415265	75.03599458780174	20.009762387534984	1492	1489	-0.0004881193767491965	True	True
strain_madness	s5__SP180_S96__X__SP4_S3__c75__k20__species	5	SP180_S96	SP4_S3	1313	1313	species	75.0	20.0	2031083	1524398	406583	75.05345670265568	20.018039636981847	1178	1172	-0.0009019818490923371	True	True
strain_madness	s5__spades_ESBL9224_S2_L001__X__spades_ESBL7862_S8_L001__c75__k20__species	5	spades_ESBL9224_S2_L001	spades_ESBL7862_S8_L001	573	573	species	75.0	20.0	5703641	4278761	1140980	75.01806302325129	20.00441472385797	8239	1838	-0.00022073619289848524	True	True
strain_madness	s5__SP99_S80__X__SP85_S68__c75__k20__species	5	SP99_S80	SP85_S68	1313	1313	species	75.0	20.0	1980535	1485527	396273	75.00634929450881	20.0083815736657	1753	1130	-0.00041907868328507905	True	True
strain_madness	s5__SP48_S35__X__SP117_S95__c75__k2__genus	5	SP48_S35	SP117_S95	1313	257758	genus	75.0	2.0	2032240	1551525	41262	76.34555957957721	2.0303704286895248	107	133	-0.015185214344762388	True	True
strain_madness	s5__SP3_S87__X__SP181_S61__c75__k2__genus	5	SP3_S87	SP181_S61	1313	28037	genus	75.0	2.0	2041279	1532740	41034	75.08723697250596	2.0102102652307696	619	142	-0.005105132615384811	True	True
strain_madness	s5__SP87_S70__X__SP20_S77__c75__k2__genus	5	SP87_S70	SP20_S77	1313	1301	genus	75.0	2.0	2006213	1505145	40163	75.02418736196007	2.0019310013443237	2265	166	-0.0009655006721618342	True	True
strain_madness	s5__SP87_S70__X__SP119_S1__c75__k5__genus	5	SP87_S70	SP119_S1	1313	257758	genus	75.0	5.0	2006213	1505816	100496	75.05763346165138	5.009238799668829	2295	210	-0.0018477599337657579	True	True
strain_madness	s5__SP15_S89__X__SP117_S95__c75__k5__genus	5	SP15_S89	SP117_S95	1313	257758	genus	75.0	5.0	2011560	1509517	100865	75.04210662371493	5.014267533655471	1070	308	-0.002853506731094235	True	True
strain_madness	s5__SP67_S50__X__SP117_S95__c75__k5__genus	5	SP67_S50	SP117_S95	1313	257758	genus	75.0	5.0	2070264	1553395	103624	75.03366720379623	5.005351974434179	2741	306	-0.001070394886835757	True	True
strain_madness	s5__spades_VRE3786_S19_L001__X__MIKI-NS02__c75__k10__genus	5	spades_VRE3786_S19_L001	MIKI-NS02	1352	1351	genus	75.0	10.0	3118152	2357854	312026	75.61703213954932	10.006760414501922	255	1169	-0.000676041450192244	True	True
strain_madness	s5__SP138_S19__X__SP117_S95__c75__k10__genus	5	SP138_S19	SP117_S95	1313	257758	genus	75.0	10.0	2139728	1605520	214144	75.03383607636111	10.008001016951688	1787	626	-0.00080010169516882	True	True
strain_madness	s5__SP67_S50__X__SP119_S1__c75__k10__genus	5	SP67_S50	SP119_S1	1313	257758	genus	75.0	10.0	2070264	1552744	207206	75.00222193884451	10.008675222097278	2738	434	-0.0008675222097277669	True	True
strain_madness	s5__SP109_S83__X__SP117_S95__c75__k10__genus	5	SP109_S83	SP117_S95	1313	257758	genus	75.0	10.0	2012505	1512064	201364	75.13342823992984	10.005639737541024	1244	616	-0.0005639737541024203	True	True
strain_madness	s5__SP48_S35__X__SP181_S61__c75__k10__genus	5	SP48_S35	SP181_S61	1313	28037	genus	75.0	10.0	2032240	1524775	203390	75.029278038027	10.008168326575602	95	672	-0.0008168326575601625	True	True
strain_madness	s5__spades_ESBL9046_S6_L001__X__spades_ESBL6643_S3_L001__c75__k15__genus	5	spades_ESBL9046_S6_L001	spades_ESBL6643_S3_L001	573	548	genus	75.0	15.0	5646310	4235603	847340	75.0154171485448	15.006969153305434	6840	2778	-0.0004646102203622604	True	True
strain_madness	s5__SP143_S24__X__SP181_S61__c75__k15__genus	5	SP143_S24	SP181_S61	1313	28037	genus	75.0	15.0	2012493	1520696	302085	75.56279698861064	15.010486992998237	51	1015	-0.0006991328665491163	True	True
strain_madness	s5__spades_VRE3786_S19_L001__X__MIKI-NS02__c75__k20__genus	5	spades_VRE3786_S19_L001	MIKI-NS02	1352	1351	genus	75.0	20.0	3118152	2345974	623897	75.23603724257188	20.008549935987727	237	2336	-0.00042749679938633987	True	True
strain_madness	s5__SP52_S38__X__SP117_S95__c75__k20__genus	5	SP52_S38	SP117_S95	1313	257758	genus	75.0	20.0	2038081	1532609	407738	75.19863047641384	20.00597620997399	412	1218	-0.00029881049869953105	True	True
strain_madness	s5__SP74_S57__X__SP181_S61__c75__k20__genus	5	SP74_S57	SP181_S61	1313	28037	genus	75.0	20.0	1980502	1485388	396127	75.00058066086275	20.001343093821667	2837	1321	-6.715469108335981e-05	True	True
strain_madness	s5__SP100_S81__X__SP181_S61__c75__k20__genus	5	SP100_S81	SP181_S61	1313	28037	genus	75.0	20.0	2092705	1570148	418713	75.02959088834785	20.008219027526575	2423	1400	-0.0004109513763287609	True	True
strain_madness	s5__spades_And8454_S5_L001__X__spades_ESBL6643_S3_L001__c75__k20__genus	5	spades_And8454_S5_L001	spades_ESBL6643_S3_L001	573	548	genus	75.0	20.0	5530317	4148323	1106272	75.01058257600785	20.003771935677467	1314	3602	-0.00018859678387332933	True	True
strain_madness	s5__SP33_S20__X__MIKI-NS12__c75__k2__family	5	SP33_S20	MIKI-NS12	1313	1363	family	75.0	2.0	2079363	1559666	41682	75.0069131748521	2.0045562030294857	1404	175	-0.0022781015147428363	True	True
strain_madness	s5__SP112_S90__X__MIKI-NS12__c75__k2__family	5	SP112_S90	MIKI-NS12	1313	1363	family	75.0	2.0	2079727	1565844	41862	75.29084346166589	2.0128603417660105	41	170	-0.006430170883005237	True	True
strain_madness	s5__spades_ESBL6418_S2_L001__X__spades_And8457_S3_L001__c75__k2__family	5	spades_ESBL6418_S2_L001	spades_And8457_S3_L001	562	547	family	75.0	2.0	4803161	3606015	96435	75.07587191018581	2.007740319343865	971	364	-0.003870159671932605	True	True
strain_madness	s5__spades_And6400_S11_L001__X__spades_ESBL9046_S6_L001__c75__k2__family	5	spades_And6400_S11_L001	spades_ESBL9046_S6_L001	562	573	family	75.0	2.0	4808757	3816467	96238	79.36493775834379	2.001307198513046	48	163	-0.0006535992565230853	True	True
strain_madness	s5__SP24_S13__X__MIKI-NS12__c75__k2__family	5	SP24_S13	MIKI-NS12	1313	1363	family	75.0	2.0	2093455	1583308	42102	75.63133671371011	2.011125149573313	34	174	-0.00556257478665656	True	True
strain_madness	s5__spades_ESBL6418_S2_L001__X__spades_And5284_S5_L001__c75__k5__family	5	spades_ESBL6418_S2_L001	spades_And5284_S5_L001	562	573	family	75.0	5.0	4803161	3602994	240171	75.01297582987537	5.000269614114538	951	997	-5.392282290763717e-05	True	True
strain_madness	s5__spades_And4500_S1_L001__X__spades_AND9183_S11_L001__c75__k10__family	5	spades_And4500_S1_L001	spades_AND9183_S11_L001	573	562	family	75.0	10.0	5585829	4189439	558725	75.00120393946897	10.002543937524761	8181	2190	-0.00025439375247611197	True	True
strain_madness	s5__spades_ESBL5827_S10_L001__X__spades_And8457_S3_L001__c75__k10__family	5	spades_ESBL5827_S10_L001	spades_And8457_S3_L001	562	547	family	75.0	10.0	5627681	4221801	562890	75.01848452319881	10.002166078709863	2205	2190	-0.00021660787098625177	True	True
strain_madness	s5__MIKI-NS03__X__MIKI-NS23__c75__k15__family	5	MIKI-NS03	MIKI-NS23	816	671267	family	75.0	15.0	4488719	3379993	673366	75.29972359597471	15.001295469821123	229	1310	-8.63646547415442e-05	True	True
strain_madness	s5__spades_ESBL7347_S10_L001__X__spades_ESBL5717_S8_L001__c75__k15__family	5	spades_ESBL7347_S10_L001	spades_ESBL5717_S8_L001	562	543	family	75.0	15.0	5120214	3843730	768093	75.06971388305254	15.001189403411654	1880	2932	-7.92935607769607e-05	True	True
strain_madness	s5__MIKI-NS06__X__MIKI-NS10__c75__k20__family	5	MIKI-NS06	MIKI-NS10	508451	1598	family	75.0	20.0	1964761	1473708	393326	75.00698558247034	20.01902521477167	1793	1141	-0.0009512607385834925	True	True
strain_madness	s5__spades_And4500_S1_L001__X__spades_And7556_S8_L001__c75__k20__family	5	spades_And4500_S1_L001	spades_And7556_S8_L001	573	562	family	75.0	20.0	5585829	4190104	1117406	75.01310906581637	20.004300167441574	8174	3675	-0.0002150083720787066	True	True
strain_madness	s5__spades_ESBL5786_S5_L001__X__spades_And4543_S2_L001__c75__k20__family	5	spades_ESBL5786_S5_L001	spades_And4543_S2_L001	562	573	family	75.0	20.0	5289185	3967037	1058474	75.00280288929201	20.01204344336604	687	1659	-0.0006021721683019621	True	True
strain_madness	s5__SP78_S61__X__spades_VRE3967_S23_L001__c75__k2__order	5	SP78_S61	spades_VRE3967_S23_L001	1313	1352	order	75.0	2.0	2014664	1655126	40613	82.15394725869922	2.0158696437718646	16	152	-0.007934821885932308	True	True
strain_madness	s5__MIKI-NS06__X__SP85_S68__c75__k2__order	5	MIKI-NS06	SP85_S68	508451	1313	order	75.0	2.0	1964761	1473901	39316	75.01680866018819	2.0010576349998805	1815	116	-0.0005288174999402706	True	True
strain_madness	s5__SP72_S55__X__spades_VRE3253_S17_L001__c75__k5__order	5	SP72_S55	spades_VRE3253_S17_L001	1313	1352	order	75.0	5.0	2008808	1506695	101275	75.00443048813027	5.041547026893561	2894	77	-0.008309405378712142	True	True
strain_madness	s5__spades_VRE3786_S19_L001__X__SP67_S50__c75__k5__order	5	spades_VRE3786_S19_L001	SP67_S50	1352	1313	order	75.0	5.0	3118152	2354744	156214	75.51729357645169	5.009826333033155	235	271	-0.001965266606631033	True	True
strain_madness	s5__SP140_S21__X__spades_VRE3967_S23_L001__c75__k10__order	5	SP140_S21	spades_VRE3967_S23_L001	1313	1352	order	75.0	10.0	2128346	1597050	213036	75.03714151740365	10.009462747128522	1312	773	-0.0009462747128521798	True	True
strain_madness	s5__SP64_S79__X__spades_VRE3783_S7_L001__c75__k10__order	5	SP64_S79	spades_VRE3783_S7_L001	1313	1352	order	75.0	10.0	2013820	1521040	201529	75.53008709815177	10.007299560040122	509	619	-0.0007299560040122443	True	True
strain_madness	s5__SP109_S83__X__spades_VRE2224_S14_L001__c75__k10__order	5	SP109_S83	spades_VRE2224_S14_L001	1313	1352	order	75.0	10.0	2012505	1518138	201490	75.43524115468036	10.011900591551326	1249	766	-0.0011900591551325945	True	True
strain_madness	s5__SP144_S25__X__MIKI-NS10__c75__k10__order	5	SP144_S25	MIKI-NS10	1313	1598	order	75.0	10.0	2073909	1555453	207494	75.00102463512141	10.004971288518446	2668	593	-0.000497128851844586	True	True
strain_madness	s5__spades_VRE3342_S6_L001__X__SP67_S50__c75__k15__order	5	spades_VRE3342_S6_L001	SP67_S50	1352	1313	order	75.0	15.0	3063001	2297779	459783	75.01724615826113	15.010866793709829	3838	814	-0.0007244529139885713	True	True
strain_madness	s5__spades_VRE3253_S17_L001__X__SP181_S61__c75__k15__order	5	spades_VRE3253_S17_L001	SP181_S61	1352	28037	order	75.0	15.0	2959154	2220787	444132	75.04803737825067	15.008749122215336	1848	1485	-0.0005832748143557609	True	True
strain_madness	s5__SP25_S14__X__spades_VRE3786_S19_L001__c75__k15__order	5	SP25_S14	spades_VRE3786_S19_L001	1313	1352	order	75.0	15.0	2028415	1522138	315695	75.04075842468134	15.563629730602466	120	34	-0.03757531537349775	True	True
strain_madness	s5__SP155_S36__X__spades_VRE2961_S3_L001__c75__k15__order	5	SP155_S36	spades_VRE2961_S3_L001	1313	1352	order	75.0	15.0	2075312	1556672	311571	75.00905887885773	15.013212471185055	1503	636	-0.0008808314123369836	True	True
strain_madness	s5__SP78_S61__X__spades_VRE3786_S19_L001__c75__k20__order	5	SP78_S61	spades_VRE3786_S19_L001	1313	1352	order	75.0	20.0	2014664	1687263	410538	83.74910158716293	20.3774922269917	17	47	-0.018874611349584923	True	True
strain_madness	s5__SP168_S49__X__spades_VRE2237_S15_L001__c75__k20__order	5	SP168_S49	spades_VRE2237_S15_L001	1313	1352	order	75.0	20.0	1749640	1312333	350164	75.00588692531035	20.013488489060606	1825	1292	-0.0006744244530302978	True	True
strain_madness	s5__SP25_S14__X__spades_VRE3277_S16_L001__c75__k20__order	5	SP25_S14	spades_VRE3277_S16_L001	1313	1352	order	75.0	20.0	2028415	1531155	406517	75.48529270390921	20.041115846609298	121	1132	-0.0020557923304648897	True	True
strain_madness	s5__SP143_S24__X__spades_VRE3786_S19_L001__c75__k20__order	5	SP143_S24	spades_VRE3786_S19_L001	1313	1352	order	75.0	20.0	2012493	1539282	432392	76.48632815120351	21.485391501982864	48	42	-0.0742695750991432	True	True
strain_madness	s5__SP33_S20__X__MIKI-NS09__c75__k20__order	5	SP33_S20	MIKI-NS09	1313	97137	order	75.0	20.0	2079363	1561261	416056	75.08361935842852	20.00882000882001	1411	350	-0.0004410004410004831	True	True
strain_madness	s5__SP83_S66__X__spades_MRSA7830_S9_L001__c75__k5__class	5	SP83_S66	spades_MRSA7830_S9_L001	1313	1280	class	75.0	5.0	1980931	1485967	99307	75.01356685316146	5.013147858254528	1926	350	-0.0026295716509055823	True	True
strain_madness	s5__SP109_S83__X__spades_MRSA7830_S9_L001__c75__k5__class	5	SP109_S83	spades_MRSA7830_S9_L001	1313	1280	class	75.0	5.0	2012505	1510318	100925	75.04667069150139	5.014894372933235	1241	364	-0.002978874586647073	True	True
strain_madness	s5__SP136_S17__X__spades_MRSA8602_S6_L001__c75__k5__class	5	SP136_S17	spades_MRSA8602_S6_L001	1313	1280	class	75.0	5.0	2038096	1529017	101961	75.02183410398725	5.002757475604682	1269	342	-0.0005514951209363517	True	True
strain_madness	s5__SP33_S20__X__spades_MRSA7830_S9_L001__c75__k10__class	5	SP33_S20	spades_MRSA7830_S9_L001	1313	1280	class	75.0	10.0	2079363	1559662	207982	75.00672080824752	10.00219778845733	1422	727	-0.00021977884573303185	True	True
strain_madness	s5__SP138_S19__X__spades_MRSA7124_S4_L001__c75__k10__class	5	SP138_S19	spades_MRSA7124_S4_L001	1313	1280	class	75.0	10.0	2139728	1605625	214423	75.03874324213172	10.02104005742786	1801	469	-0.002104005742786086	True	True
strain_madness	s5__SP15_S89__X__spades_MRSA7172_S1_L001__c75__k15__class	5	SP15_S89	spades_MRSA7172_S1_L001	1313	1280	class	75.0	15.0	2011560	1509121	301985	75.02242041003002	15.012477877865935	1063	885	-0.0008318585243956752	True	True
strain_madness	s5__SP33_S20__X__spades_MRSA7231_S7_L001__c75__k15__class	5	SP33_S20	spades_MRSA7231_S7_L001	1313	1280	class	75.0	15.0	2079363	1561981	312300	75.11824534725298	15.019022652610438	1420	806	-0.0012681768406958818	True	True
strain_madness	s5__spades_VRE3342_S6_L001__X__spades_MRSA7286_S4_L001__c75__k15__class	5	spades_VRE3342_S6_L001	spades_MRSA7286_S4_L001	1352	1280	class	75.0	15.0	3063001	2297978	459651	75.0237430546056	15.006557294627067	3834	1447	-0.0004371529751377778	True	True
strain_madness	s5__SP138_S19__X__spades_MRSA8187_S8_L001__c75__k15__class	5	SP138_S19	spades_MRSA8187_S8_L001	1313	1280	class	75.0	15.0	2139728	1605528	321033	75.03420995565791	15.003449036513052	1807	1143	-0.00022993576753679672	True	True
strain_madness	s5__SP143_S24__X__spades_MRSA8595_S7_L001__c75__k15__class	5	SP143_S24	spades_MRSA8595_S7_L001	1313	1280	class	75.0	15.0	2012493	1526837	302522	75.86794090712365	15.032201354240735	50	741	-0.002146756949382341	True	True
strain_madness	s5__SP87_S70__X__spades_MRSA8595_S7_L001__c75__k15__class	5	SP87_S70	spades_MRSA8595_S7_L001	1313	1280	class	75.0	15.0	2006213	1504847	301107	75.00933350546528	15.008725394561793	2295	730	-0.0005816929707862073	True	True
strain_madness	s5__SP142_S23__X__spades_MRSA7129_S8_L001__c75__k15__class	5	SP142_S23	spades_MRSA7129_S8_L001	1313	1280	class	75.0	15.0	2060851	1588433	309296	77.07655720864827	15.008168955446076	56	721	-0.0005445970297383695	True	True
strain_madness	s5__SP83_S66__X__MIKI-NS13__c75__k15__class	5	SP83_S66	MIKI-NS13	1313	481743	class	75.0	15.0	1980931	1487022	297262	75.06682463952555	15.006176388778812	1957	1186	-0.0004117592519207847	True	True
strain_madness	s5__SP74_S57__X__spades_MRSA8187_S8_L001__c75__k20__class	5	SP74_S57	spades_MRSA8187_S8_L001	1313	1280	class	75.0	20.0	1980502	1486644	396369	75.06399892552494	20.013562218063907	2833	1417	-0.0006781109031953392	True	True
strain_madness	s5__spades_VRE3253_S17_L001__X__MIKI-NS13__c75__k20__class	5	spades_VRE3253_S17_L001	MIKI-NS13	1352	481743	class	75.0	20.0	2959154	2220773	591953	75.04756427005826	20.004129558650884	1838	2375	-0.00020647793254422453	True	True
strain_madness	s5__spades_MRSA8758_S5_L001__X__MIKI-NS20__c75__k2__phylum	5	spades_MRSA8758_S5_L001	MIKI-NS20	1280	186802	phylum	75.0	2.0	2816182	2196438	56575	77.99346775172911	2.0089255594986404	50	202	-0.004462779749320189	True	True
strain_madness	s5__SP74_S57__X__MIKI-NS20__c75__k2__phylum	5	SP74_S57	MIKI-NS20	1313	186802	phylum	75.0	2.0	1980502	1486854	39756	75.07460229780126	2.007369848654533	2839	141	-0.0036849243272665255	True	True
strain_madness	s5__SP33_S20__X__MIKI-NS20__c75__k5__phylum	5	SP33_S20	MIKI-NS20	1313	186802	phylum	75.0	5.0	2079363	1560096	104093	75.0275925848445	5.006004242645464	1390	358	-0.001200848529092724	True	True
strain_madness	s5__SP112_S90__X__MIKI-NS20__c75__k5__phylum	5	SP112_S90	MIKI-NS20	1313	186802	phylum	75.0	5.0	2079727	1565026	104184	75.25151137625275	5.009503651200374	59	373	-0.0019007302400748216	True	True
strain_madness	s5__SP83_S66__X__MIKI-NS20__c75__k5__phylum	5	SP83_S66	MIKI-NS20	1313	186802	phylum	75.0	5.0	1980931	1485937	99203	75.01205241373879	5.007897801589253	1952	354	-0.0015795603178505146	True	True
strain_madness	s5__SP35_S22__X__MIKI-NS20__c75__k5__phylum	5	SP35_S22	MIKI-NS20	1313	186802	phylum	75.0	5.0	1990563	1492982	99793	75.00300166334851	5.013305280968249	1909	360	-0.0026610561936497136	True	True
strain_madness	s5__SP144_S25__X__MIKI-NS20__c75__k10__phylum	5	SP144_S25	MIKI-NS20	1313	186802	phylum	75.0	10.0	2073909	1555555	207426	75.00594288370415	10.001692456129947	2658	746	-0.0001692456129946507	True	True
strain_madness	s5__spades_VRE3253_S17_L001__X__MIKI-NS20__c75__k10__phylum	5	spades_VRE3253_S17_L001	MIKI-NS20	1352	186802	phylum	75.0	10.0	2959154	2219529	296276	75.0055252278185	10.012185915298764	1801	1071	-0.001218591529876356	True	True
strain_madness	s5__SP143_S24__X__MIKI-NS20__c75__k10__phylum	5	SP143_S24	MIKI-NS20	1313	186802	phylum	75.0	10.0	2012493	1513495	201265	75.20498207944077	10.000780126937087	50	728	-7.801269370872887e-05	True	True
strain_madness	s5__SP67_S50__X__MIKI-NS20__c75__k10__phylum	5	SP67_S50	MIKI-NS20	1313	186802	phylum	75.0	10.0	2070264	1552745	207077	75.00227024186287	10.002444132728966	2734	748	-0.0002444132728966153	True	True
strain_madness	s5__SP35_S22__X__MIKI-NS20__c75__k10__phylum	5	SP35_S22	MIKI-NS20	1313	186802	phylum	75.0	10.0	1990563	1493058	199267	75.00681967865373	10.01058494506328	1917	701	-0.001058494506328067	True	True
strain_madness	s5__SP155_S36__X__MIKI-NS20__c75__k20__phylum	5	SP155_S36	MIKI-NS20	1313	186802	phylum	75.0	20.0	2075312	1556996	415168	75.02467098922958	20.0050883915286	1477	1502	-0.00025441957642993176	True	True
strain_madness	s5__SP44_S31__X__MIKI-NS20__c75__k20__phylum	5	SP44_S31	MIKI-NS20	1313	186802	phylum	75.0	20.0	2047099	1536411	409436	75.05308732015403	20.000791363778692	2706	1478	-3.9568188934602234e-05	True	True
strain_madness	s5__SP144_S25__X__MIKI-NS20__c75__k20__phylum	5	SP144_S25	MIKI-NS20	1313	186802	phylum	75.0	20.0	2073909	1555526	415141	75.00454455812671	20.017319949911013	2671	1471	-0.00086599749555063	True	True
strain_madness	s5__SP3_S87__X__MIKI-NS20__c75__k20__phylum	5	SP3_S87	MIKI-NS20	1313	186802	phylum	75.0	20.0	2041279	1532126	408345	75.05715779175704	20.00436980932053	636	1443	-0.0002184904660264664	True	True
strain_madness	s5__SP99_S80__X__MIKI-NS20__c75__k20__phylum	5	SP99_S80	MIKI-NS20	1313	186802	phylum	75.0	20.0	1980535	1486549	396162	75.05795151310126	20.00277702741936	1749	1433	-0.00013885137096796284	True	True
strain_madness	s5__SP162_S43__X__MIKI-NS20__c75__k20__phylum	5	SP162_S43	MIKI-NS20	1313	186802	phylum	75.0	20.0	1982417	1487121	396763	75.01554920079882	20.014103995274457	2816	1415	-0.0007051997637228524	True	True
strain_madness	s5__SP109_S83__X__SP170_S51__c90__k5__species	5	SP109_S83	SP170_S51	1313	1313	species	90.0	5.0	2012505	1811882	100760	90.03118004675765	5.006695635538794	1482	373	-0.0013391271077587419	True	True
strain_madness	s5__SP77_S60__X__SP158_S39__c90__k5__species	5	SP77_S60	SP158_S39	1313	1313	species	90.0	5.0	2013262	1837822	100845	91.28578396651803	5.009035088329289	37	370	-0.0018070176658577352	True	True
strain_madness	s5__spades_And5388_S8_L001__X__spades_ESBL8411_S7_L001__c90__k10__species	5	spades_And5388_S8_L001	spades_ESBL8411_S7_L001	562	562	species	90.0	10.0	5248482	4729492	525016	90.11161703517321	10.003197114899127	1808	1691	-0.0003197114899126774	True	True
strain_madness	s5__spades_ESBL7347_S10_L001__X__spades_ESBL5613_S5_L001__c90__k10__species	5	spades_ESBL7347_S10_L001	spades_ESBL5613_S5_L001	562	562	species	90.0	10.0	5120214	4608321	512111	90.00250770768565	10.001749926858526	2258	1156	-0.0001749926858526152	True	True
strain_madness	s5__spades_And9653_S7_L001__X__spades_And10073_S10_L001__c90__k15__species	5	spades_And9653_S7_L001	spades_And10073_S10_L001	562	562	species	90.0	15.0	4729396	4262120	709614	90.11975313549553	15.004326133823431	523	2353	-0.00028840892156208514	True	True
strain_madness	s5__spades_ESBL6418_S2_L001__X__spades_And7225_S6_L001__c90__k15__species	5	spades_ESBL6418_S2_L001	spades_And7225_S6_L001	562	562	species	90.0	15.0	4803161	4323014	721024	90.00352059820605	15.011447669565937	1153	1666	-0.0007631779710624897	True	True
strain_madness	s5__spades_And8454_S5_L001__X__spades_ESBL7862_S8_L001__c90__k20__species	5	spades_And8454_S5_L001	spades_ESBL7862_S8_L001	573	573	species	90.0	20.0	5530317	4983542	1107320	90.11313456353406	20.022722024795325	1580	1786	-0.0011361012397662408	True	True
strain_madness	s5__spades_ESBL9251_S1_L001__X__spades_ESBL9046_S6_L001__c90__k20__species	5	spades_ESBL9251_S1_L001	spades_ESBL9046_S6_L001	573	573	species	90.0	20.0	5704673	5134379	1141168	90.00303786036466	20.00409138262614	3304	1871	-0.0002045691313069753	True	True
strain_madness	s5__SP143_S24__X__SP168_S49__c90__k20__species	5	SP143_S24	SP168_S49	1313	1313	species	90.0	20.0	2012493	1892607	403001	94.04291095670892	20.0249640619868	66	578	-0.0012482030993400174	True	True
strain_madness	s5__SP180_S96__X__SP21_S92__c90__k2__genus	5	SP180_S96	SP21_S92	1313	68892	genus	90.0	2.0	2031083	1828341	40768	90.01803471350014	2.007205023132979	1403	168	-0.003602511566489497	True	True
strain_madness	s5__SP64_S79__X__SP21_S92__c90__k2__genus	5	SP64_S79	SP21_S92	1313	68892	genus	90.0	2.0	2013820	1814176	40483	90.08630364183492	2.010259109552989	603	164	-0.0051295547764944605	True	True
strain_madness	s5__spades_And9053_S12_L001__X__spades_ESBL6643_S3_L001__c90__k2__genus	5	spades_And9053_S12_L001	spades_ESBL6643_S3_L001	573	548	genus	90.0	2.0	5579929	5023635	111719	90.03044662396242	2.0021580919757223	2553	367	-0.001079045987861127	True	True
strain_madness	s5__SP142_S23__X__SP117_S95__c90__k5__genus	5	SP142_S23	SP117_S95	1313	257758	genus	90.0	5.0	2060851	1861719	103267	90.33738974821567	5.0108911318673695	67	306	-0.0021782263734738904	True	True
strain_madness	s5__SP180_S96__X__SP117_S95__c90__k10__genus	5	SP180_S96	SP117_S95	1313	257758	genus	90.0	10.0	2031083	1828622	203157	90.03186969710248	10.002397735592293	1384	617	-0.000239773559229306	True	True
strain_madness	s5__SP164_S45__X__SP119_S1__c90__k10__genus	5	SP164_S45	SP119_S1	1313	257758	genus	90.0	10.0	1984518	1795442	198579	90.47244721388266	10.006409616843989	126	397	-0.0006409616843988886	True	True
strain_madness	s5__SP77_S60__X__SP117_S95__c90__k15__genus	5	SP77_S60	SP117_S95	1313	257758	genus	90.0	15.0	2013262	1845340	302168	91.6592077931238	15.008876142300405	38	880	-0.000591742820027008	True	True
strain_madness	s5__spades_VRE3253_S17_L001__X__MIKI-NS02__c90__k15__genus	5	spades_VRE3253_S17_L001	MIKI-NS02	1352	1351	genus	90.0	15.0	2959154	2664613	443903	90.04644570711764	15.001010423925216	2180	1654	-6.736159501438502e-05	True	True
strain_madness	s5__SP140_S21__X__SP181_S61__c90__k15__genus	5	SP140_S21	SP181_S61	1313	28037	genus	90.0	15.0	2128346	1915759	319293	90.01163344681738	15.00193107699594	1595	1073	-0.0001287384663959538	True	True
strain_madness	s5__SP136_S17__X__SP181_S61__c90__k15__genus	5	SP136_S17	SP181_S61	1313	28037	genus	90.0	15.0	2038096	1834375	305833	90.00434719463657	15.005819156703119	1484	1020	-0.0003879437802079148	True	True
strain_madness	s5__SP33_S20__X__SP117_S95__c90__k15__genus	5	SP33_S20	SP117_S95	1313	257758	genus	90.0	15.0	2079363	1871461	311980	90.00164954363427	15.003633324244012	1698	934	-0.0002422216162674573	True	True
strain_madness	s5__spades_ESBL9251_S1_L001__X__spades_ESBL6643_S3_L001__c90__k20__genus	5	spades_ESBL9251_S1_L001	spades_ESBL6643_S3_L001	573	548	genus	90.0	20.0	5704673	5134524	1140972	90.0055796362035	20.00065560287154	3289	3732	-3.278014357697145e-05	True	True
strain_madness	s5__SP24_S13__X__SP119_S1__c90__k20__genus	5	SP24_S13	SP119_S1	1313	257758	genus	90.0	20.0	2093455	1916239	418712	91.53475952432701	20.001003126410648	38	842	-5.015632053240182e-05	True	True
strain_madness	s5__spades_VRE3786_S19_L001__X__MIKI-NS02__c90__k20__genus	5	spades_VRE3786_S19_L001	MIKI-NS02	1352	1351	genus	90.0	20.0	3118152	2810328	623745	90.1279988916512	20.003675253804175	290	2339	-0.00018376269020876635	True	True
strain_madness	s5__spades_And5388_S8_L001__X__spades_And8381_S10_L001__c90__k2__family	5	spades_And5388_S8_L001	spades_And8381_S10_L001	562	573	family	90.0	2.0	5248482	4723695	105524	90.00116605144116	2.0105622921065556	1808	288	-0.005281146053277785	True	True
strain_madness	s5__spades_ESBL5827_S10_L001__X__spades_And5331_S1_L001__c90__k2__family	5	spades_ESBL5827_S10_L001	spades_And5331_S1_L001	562	543	family	90.0	2.0	5627681	5065416	112766	90.00893973912167	2.0037738457456986	2643	346	-0.001886922872849306	True	True
strain_madness	s5__SP155_S36__X__MIKI-NS12__c90__k2__family	5	SP155_S36	MIKI-NS12	1313	1363	family	90.0	2.0	2075312	1867955	41549	90.00839391860116	2.002060413084876	1774	169	-0.0010302065424379059	True	True
strain_madness	s5__SP185_S65__X__MIKI-NS12__c90__k2__family	5	SP185_S65	MIKI-NS12	1313	1363	family	90.0	2.0	1845437	1664628	36991	90.20237483046022	2.00445748080265	272	149	-0.0022287404013250356	True	True
strain_madness	s5__SP3_S87__X__MIKI-NS12__c90__k2__family	5	SP3_S87	MIKI-NS12	1313	1363	family	90.0	2.0	2041279	1840384	41077	90.15837619453293	2.0123167876610695	749	168	-0.006158393830534736	True	True
strain_madness	s5__spades_ESBL6418_S2_L001__X__spades_And8457_S3_L001__c90__k2__family	5	spades_ESBL6418_S2_L001	spades_And8457_S3_L001	562	547	family	90.0	2.0	4803161	4323857	96190	90.02107154017948	2.0026395117715188	1161	367	-0.0013197558857593883	True	True
strain_madness	s5__spades_ESBL7347_S10_L001__X__spades_And8457_S3_L001__c90__k2__family	5	spades_ESBL7347_S10_L001	spades_And8457_S3_L001	562	547	family	90.0	2.0	5120214	4608664	102641	90.00920664644094	2.0046232442628376	2231	398	-0.002311622131418778	True	True
strain_madness	s5__spades_ESBL7534_S10_L001__X__spades_ESBL7810_S9_L001__c90__k5__family	5	spades_ESBL7534_S10_L001	spades_ESBL7810_S9_L001	562	573	family	90.0	5.0	4881029	4394017	244134	90.02234979550418	5.001691241744313	2427	1012	-0.0003382483488625354	True	True
strain_madness	s5__spades_ESBL5660_S7_L001__X__spades_ESBL7553_S11_L001__c90__k5__family	5	spades_ESBL5660_S7_L001	spades_ESBL7553_S11_L001	562	573	family	90.0	5.0	5257730	4732624	263008	90.01268608315756	5.002310883213858	2188	1086	-0.00046217664277161676	True	True
strain_madness	s5__spades_And4191_S5_L001__X__spades_ESBL9250_S3_L001__c90__k10__family	5	spades_And4191_S5_L001	spades_ESBL9250_S3_L001	562	573	family	90.0	10.0	5373351	4840704	537377	90.08724723175538	10.000779774111164	97	1403	-7.797741111641443e-05	True	True
strain_madness	s5__spades_ESBL8159_S1_L001__X__spades_And9454_S3_L001__c90__k15__family	5	spades_ESBL8159_S1_L001	spades_And9454_S3_L001	543	562	family	90.0	15.0	5325786	4793674	799300	90.00876114811973	15.008113356413494	2407	2891	-0.0005408904275662726	True	True
strain_madness	s5__spades_ESBL5827_S10_L001__X__spades_ESBL7862_S8_L001__c90__k20__family	5	spades_ESBL5827_S10_L001	spades_ESBL7862_S8_L001	562	573	family	90.0	20.0	5627681	5065845	1126022	90.01656277248124	20.008632330084097	2656	1842	-0.0004316165042048681	True	True
strain_madness	s5__MIKI-NS03__X__MIKI-NS23__c90__k20__family	5	MIKI-NS03	MIKI-NS23	816	671267	family	90.0	20.0	4488719	4042357	897773	90.055915730078	20.00065051966942	277	1682	-3.2525983471032305e-05	True	True
strain_madness	s5__spades_ESBL7534_S10_L001__X__spades_AND8302_S10_L001__c90__k20__family	5	spades_ESBL7534_S10_L001	spades_AND8302_S10_L001	562	573	family	90.0	20.0	4881029	4393037	976675	90.00227206189514	20.00961272715241	2426	1643	-0.000480636357620412	True	True
strain_madness	s5__spades_ESBL6418_S2_L001__X__spades_And4892_S4_L001__c90__k20__family	5	spades_ESBL6418_S2_L001	spades_And4892_S4_L001	562	543	family	90.0	20.0	4803161	4324444	962078	90.03329265873036	20.03010101056367	1158	895	-0.0015050505281834603	True	True
strain_madness	s5__SP77_S60__X__spades_VRE2943_S1_L001__c90__k2__order	5	SP77_S60	spades_VRE2943_S1_L001	1313	1352	order	90.0	2.0	2013262	1852014	40272	91.99070960461182	2.000335773486014	37	92	-0.00016788674300705075	True	True
strain_madness	s5__SP136_S17__X__spades_VRE3277_S16_L001__c90__k2__order	5	SP136_S17	spades_VRE3277_S16_L001	1313	1352	order	90.0	2.0	2038096	1834930	40979	90.03157849286785	2.010651117513601	1492	112	-0.005325558756800408	True	True
strain_madness	s5__spades_VRE2906_S11_L001__X__SP188_S67__c90__k2__order	5	spades_VRE2906_S11_L001	SP188_S67	1352	1313	order	90.0	2.0	3429347	3103713	68648	90.50448963024157	2.001780513899585	262	290	-0.0008902569497923896	True	True
strain_madness	s5__SP185_S65__X__spades_VRE3387_S5_L001__c90__k2__order	5	SP185_S65	spades_VRE3387_S5_L001	1313	1352	order	90.0	2.0	1845437	1662205	37100	90.07107801566784	2.0103639408985514	271	127	-0.005181970449275708	True	True
strain_madness	s5__SP143_S24__X__spades_VRE2913_S13_L001__c90__k2__order	5	SP143_S24	spades_VRE2913_S13_L001	1313	1352	order	90.0	2.0	2012493	1828856	40305	90.8751483856093	2.0027398853064335	65	164	-0.0013699426532167713	True	True
strain_madness	s5__SP78_S61__X__spades_VRE2224_S14_L001__c90__k5__order	5	SP78_S61	spades_VRE2224_S14_L001	1313	1352	order	90.0	5.0	2014664	1889749	100778	93.7997105224494	5.00222369586194	20	376	-0.0004447391723880756	True	True
strain_madness	s5__spades_VRE3253_S17_L001__X__SP97_S78__c90__k5__order	5	spades_VRE3253_S17_L001	SP97_S78	1352	1313	order	90.0	5.0	2959154	2664408	148194	90.03951805144308	5.007985390419019	2181	556	-0.0015970780838037157	True	True
strain_madness	s5__SP33_S20__X__spades_VRE2943_S1_L001__c90__k5__order	5	SP33_S20	spades_VRE2943_S1_L001	1313	1352	order	90.0	5.0	2079363	1872732	104141	90.06277403223969	5.008312641900428	1685	219	-0.001662528380085604	True	True
strain_madness	s5__SP112_S90__X__spades_VRE3786_S19_L001__c90__k5__order	5	SP112_S90	spades_VRE3786_S19_L001	1313	1352	order	90.0	5.0	2079727	1895316	111157	91.13292273457046	5.344788041892037	66	8	-0.06895760837840736	True	True
strain_madness	s5__SP24_S13__X__spades_VRE2961_S3_L001__c90__k10__order	5	SP24_S13	spades_VRE2961_S3_L001	1313	1352	order	90.0	10.0	2093455	1977908	209554	94.4805596490013	10.00995961221999	35	431	-0.0009959612219990533	True	True
strain_madness	s5__spades_MRSA8758_S5_L001__X__MIKI-NS13__c90__k10__order	5	spades_MRSA8758_S5_L001	MIKI-NS13	1280	481743	order	90.0	10.0	2816182	2554981	281866	90.72499575666629	10.008799147214207	55	1126	-0.0008799147214206826	True	True
strain_madness	s5__SP47_S34__X__MIKI-NS10__c90__k15__order	5	SP47_S34	MIKI-NS10	1313	1598	order	90.0	15.0	2027743	1828141	304350	90.15644487491758	15.009298515640296	1368	872	-0.0006199010426864031	True	True
strain_madness	s5__spades_VRE3253_S17_L001__X__SP91_S72__c90__k20__order	5	spades_VRE3253_S17_L001	SP91_S72	1352	1313	order	90.0	20.0	2959154	2663814	591977	90.01944474670802	20.004940601266444	2181	1383	-0.00024703006332220666	True	True
strain_madness	s5__SP164_S45__X__spades_VRE3387_S5_L001__c90__k20__order	5	SP164_S45	spades_VRE3387_S5_L001	1313	1352	order	90.0	20.0	1984518	1800197	396926	90.71205199448934	20.001128737557433	129	1400	-5.64368778716684e-05	True	True
strain_madness	s5__SP78_S61__X__MIKI-NS13__c90__k2__class	5	SP78_S61	MIKI-NS13	1313	481743	class	90.0	2.0	2014664	1854370	40403	92.0436360604051	2.00544606941902	20	163	-0.002723034709509964	True	True
strain_madness	s5__SP154_S35__X__spades_MRSA7113_S2_L001__c90__k2__class	5	SP154_S35	spades_MRSA7113_S2_L001	1313	1280	class	90.0	2.0	2162035	2034048	43444	94.08025309488514	2.0094031780244075	58	168	-0.004701589012203744	True	True
strain_madness	s5__SP15_S89__X__spades_MRSA7129_S1_L001__c90__k2__class	5	SP15_S89	spades_MRSA7129_S1_L001	1313	1280	class	90.0	2.0	2011560	1810645	40239	90.01198075125772	2.0003877587543997	1301	157	-0.00019387937719983483	True	True
strain_madness	s5__spades_MRSA8758_S5_L001__X__SP4_S3__c90__k2__class	5	spades_MRSA8758_S5_L001	SP4_S3	1280	1313	class	90.0	2.0	2816182	2548139	56668	90.48204270888742	2.0122279028841175	55	164	-0.006113951442058729	True	True
strain_madness	s5__SP33_S20__X__spades_MRSA7129_S1_L001__c90__k5__class	5	SP33_S20	spades_MRSA7129_S1_L001	1313	1280	class	90.0	5.0	2079363	1871428	104117	90.00006251914648	5.007158442272946	1693	404	-0.001431688454589164	True	True
strain_madness	s5__MIKI-NS09__X__spades_MRSA8339_S5_L001__c90__k5__class	5	MIKI-NS09	spades_MRSA8339_S5_L001	97137	1280	class	90.0	5.0	2039692	1836378	102798	90.03212249692601	5.03987856990173	1619	386	-0.007975713980346022	True	True
strain_madness	s5__SP143_S24__X__spades_MRSA7830_S9_L001__c90__k10__class	5	SP143_S24	spades_MRSA7830_S9_L001	1313	1280	class	90.0	10.0	2012493	1817135	201291	90.29273642194035	10.002072056896596	62	697	-0.0002072056896595953	True	True
strain_madness	s5__SP24_S13__X__spades_MRSA8758_S5_L001__c90__k10__class	5	SP24_S13	spades_MRSA8758_S5_L001	1313	1280	class	90.0	10.0	2093455	1914836	241509	91.46774112651096	11.53638363375377	39	5	-0.153638363375377	True	True
strain_madness	s5__spades_VRE2906_S11_L001__X__spades_MRSA8187_S8_L001__c90__k10__class	5	spades_VRE2906_S11_L001	spades_MRSA8187_S8_L001	1352	1280	class	90.0	10.0	3429347	3090180	343151	90.10986639730538	10.006307323230924	269	1214	-0.0006307323230924311	True	True
strain_madness	s5__SP140_S21__X__spades_MRSA7231_S7_L001__c90__k15__class	5	SP140_S21	spades_MRSA7231_S7_L001	1313	1280	class	90.0	15.0	2128346	1915769	319345	90.0121032952349	15.004374288766957	1591	811	-0.000291619251130489	True	True
strain_madness	s5__SP142_S23__X__spades_MRSA7286_S4_L001__c90__k15__class	5	SP142_S23	spades_MRSA7286_S4_L001	1313	1280	class	90.0	15.0	2060851	1885490	309437	91.49084528672864	15.015010789232216	62	967	-0.0010007192821477181	True	True
strain_madness	s5__SP48_S35__X__spades_MRSA8758_S5_L001__c90__k15__class	5	SP48_S35	spades_MRSA8758_S5_L001	1313	1280	class	90.0	15.0	2032240	1842505	307207	90.66375034444751	15.116669291028618	124	6	-0.007777952735241201	True	True
strain_madness	s5__SP164_S45__X__spades_MRSA7124_S4_L001__c90__k20__class	5	SP164_S45	spades_MRSA7124_S4_L001	1313	1280	class	90.0	20.0	1984518	1791390	397646	90.26826665215432	20.03740958761775	129	823	-0.0018704793808874242	True	True
strain_madness	s5__SP155_S36__X__MIKI-NS13__c90__k20__class	5	SP155_S36	MIKI-NS13	1313	481743	class	90.0	20.0	2075312	1868306	415199	90.02530703817065	20.006582142829608	1784	1667	-0.0003291071414803781	True	True
strain_madness	s5__SP48_S35__X__spades_MRSA7286_S4_L001__c90__k20__class	5	SP48_S35	spades_MRSA7286_S4_L001	1313	1280	class	90.0	20.0	2032240	1829663	406645	90.0318367909302	20.0096937369602	122	1270	-0.00048468684801008524	True	True
strain_madness	s5__SP140_S21__X__spades_MRSA7286_S4_L001__c90__k20__class	5	SP140_S21	spades_MRSA7286_S4_L001	1313	1280	class	90.0	20.0	2128346	1916412	426002	90.04231454848036	20.015636555334517	1603	1347	-0.00078182776672584	True	True
strain_madness	s5__SP24_S13__X__MIKI-NS20__c90__k2__phylum	5	SP24_S13	MIKI-NS20	1313	186802	phylum	90.0	2.0	2093455	1925229	42057	91.96419316393235	2.0089755929790707	39	157	-0.004487796489535345	True	True
strain_madness	s5__SP25_S14__X__MIKI-NS20__c90__k5__phylum	5	SP25_S14	MIKI-NS20	1313	186802	phylum	90.0	5.0	2028415	1855155	101430	91.45835541543521	5.000456021080499	146	361	-9.120421609978279e-05	True	True
strain_madness	s5__SP15_S89__X__MIKI-NS20__c90__k10__phylum	5	SP15_S89	MIKI-NS20	1313	186802	phylum	90.0	10.0	2011560	1811148	201305	90.03698621965042	10.007407186462249	1303	730	-0.0007407186462248915	True	True
strain_madness	s5__SP109_S83__X__MIKI-NS20__c90__k10__phylum	5	SP109_S83	MIKI-NS20	1313	186802	phylum	90.0	10.0	2012505	1812204	201352	90.04718000700619	10.00504346573052	1481	720	-0.0005043465730519614	True	True
strain_madness	s5__SP180_S96__X__MIKI-NS20__c90__k10__phylum	5	SP180_S96	MIKI-NS20	1313	186802	phylum	90.0	10.0	2031083	1828578	203277	90.02970336515051	10.008305913643115	1386	733	-0.0008305913643114948	True	True
strain_madness	s5__SP33_S20__X__MIKI-NS20__c90__k10__phylum	5	SP33_S20	MIKI-NS20	1313	186802	phylum	90.0	10.0	2079363	1871481	208028	90.00261137665717	10.004410004410005	1691	756	-0.0004410004410004831	True	True
strain_madness	s5__MIKI-NS09__X__MIKI-NS20__c90__k10__phylum	5	MIKI-NS09	MIKI-NS20	97137	186802	phylum	90.0	10.0	2039692	1835929	204245	90.01010936945382	10.013521649347059	1612	736	-0.0013521649347058684	True	True
strain_madness	s5__SP24_S13__X__MIKI-NS20__c90__k10__phylum	5	SP24_S13	MIKI-NS20	1313	186802	phylum	90.0	10.0	2093455	1985131	209385	94.82558736633938	10.001886833010502	37	753	-0.0001886833010502187	True	True
strain_madness	s5__SP3_S87__X__MIKI-NS20__c90__k10__phylum	5	SP3_S87	MIKI-NS20	1313	186802	phylum	90.0	10.0	2041279	1845823	204222	90.424826787519	10.004609854899796	755	731	-0.00046098548997957066	True	True
strain_madness	s5__SP142_S23__X__MIKI-NS20__c90__k15__phylum	5	SP142_S23	MIKI-NS20	1313	186802	phylum	90.0	15.0	2060851	1858757	309136	90.19366271506286	15.000405172426342	65	1100	-2.7011495089486934e-05	True	True
strain_madness	s5__SP77_S60__X__MIKI-NS20__c90__k15__phylum	5	SP77_S60	MIKI-NS20	1313	186802	phylum	90.0	15.0	2013262	1847036	302161	91.74344918843151	15.008528447862226	35	1078	-0.0005685631908150413	True	True
strain_madness	s5__SP48_S35__X__MIKI-NS20__c90__k15__phylum	5	SP48_S35	MIKI-NS20	1313	186802	phylum	90.0	15.0	2032240	1859221	304862	91.48629098925323	15.0012793764516	125	1093	-8.529176344005407e-05	True	True
strain_madness	s5__SP164_S45__X__MIKI-NS20__c90__k20__phylum	5	SP164_S45	MIKI-NS20	1313	186802	phylum	90.0	20.0	1984518	1797012	397229	90.55155962304197	20.01639692862448	125	1439	-0.0008198464312240361	True	True
strain_madness	s5__SP136_S17__X__MIKI-NS20__c90__k20__phylum	5	SP136_S17	MIKI-NS20	1313	186802	phylum	90.0	20.0	2038096	1834756	407791	90.02304111288183	20.008429436101146	1482	1444	-0.0004214718050572941	True	True
strain_madness	s5__SP64_S79__X__MIKI-NS20__c90__k20__phylum	5	SP64_S79	MIKI-NS20	1313	186802	phylum	90.0	20.0	2013820	1812924	403340	90.02413323931633	20.028602357708237	609	1458	-0.0014301178854118745	True	True
strain_madness	s5__SP185_S65__X__MIKI-NS20__c90__k20__phylum	5	SP185_S65	MIKI-NS20	1313	186802	phylum	90.0	20.0	1845437	1689564	369397	91.5535994997391	20.016776514180652	272	1334	-0.0008388257090325979	True	True
strain_madness	s6__SP110_S88__X__SP7_S4__c60__k2__species	6	SP110_S88	SP7_S4	1313	1313	species	60.0	2.0	2140902	1293285	43825	60.40841663934174	2.047034380835741	436	80	-0.023517190417870593	True	True
strain_madness	s6__spades_And10026_S11_L001__X__spades_ESBL10055_S8_L001__c60__k2__species	6	spades_And10026_S11_L001	spades_ESBL10055_S8_L001	562	562	species	60.0	2.0	5077379	3046718	101684	60.005723425412995	2.0026868193215437	7534	404	-0.0013434096607718438	True	True
strain_madness	s6__SP100_S81__X__SP48_S35__c60__k2__species	6	SP100_S81	SP48_S35	1313	1313	species	60.0	2.0	2092705	1263211	41919	60.36259291204446	2.003101249339969	89	126	-0.0015506246699845683	True	True
strain_madness	s6__spades_And6166_S1_L001__X__spades_ESBL9250_S3_L001__c60__k2__species	6	spades_And6166_S1_L001	spades_ESBL9250_S3_L001	573	573	species	60.0	2.0	5491273	3295031	112884	60.00486590267867	2.0556981960284983	6508	31	-0.027849098014249174	True	True
strain_madness	s6__spades_MRSA8758_S5_L001__X__spades_MRSA7796_S10_L001__c60__k5__species	6	spades_MRSA8758_S5_L001	spades_MRSA7796_S10_L001	1280	1280	species	60.0	5.0	2816182	1689741	141546	60.00112918838342	5.026166632696325	883	95	-0.005233326539264916	True	True
strain_madness	s6__SP77_S60__X__SP74_S57__c60__k5__species	6	SP77_S60	SP74_S57	1313	1313	species	60.0	5.0	2013262	1208756	100810	60.03967690245979	5.007296616138387	1710	398	-0.0014593232276773449	True	True
strain_madness	s6__spades_ESBL6210_S10_L001__X__spades_ESBL7382_S4_L001__c60__k10__species	6	spades_ESBL6210_S10_L001	spades_ESBL7382_S4_L001	562	562	species	60.0	10.0	4795054	2878341	479664	60.027290620710424	10.003307574846914	3613	1914	-0.00033075748469144626	True	True
strain_madness	s6__spades_And6166_S1_L001__X__spades_And4543_S2_L001__c60__k20__species	6	spades_And6166_S1_L001	spades_And4543_S2_L001	573	573	species	60.0	20.0	5491273	3295344	1098269	60.01056585604103	20.000262234276097	6549	3338	-1.3111713804825342e-05	True	True
strain_madness	s6__spades_ESBL9250_S3_L001__X__spades_AND8281_S12_L001__c60__k20__species	6	spades_ESBL9250_S3_L001	spades_AND8281_S12_L001	573	573	species	60.0	20.0	5557990	3342482	1272403	60.13832338669195	22.893222190036326	813	15	-0.1446611095018163	True	True
strain_madness	s6__spades_And8423_S6_L001__X__spades_And6166_S1_L001__c60__k20__species	6	spades_And8423_S6_L001	spades_And6166_S1_L001	573	573	species	60.0	20.0	5530859	3320401	1106240	60.03409235346625	20.00123308151591	808	2215	-6.165407579548088e-05	True	True
strain_madness	s6__spades_ESBL5772_S6_L001__X__spades_ESBL5817_S7_L001__c60__k20__species	6	spades_ESBL5772_S6_L001	spades_ESBL5817_S7_L001	562	562	species	60.0	20.0	5325463	3195367	1065298	60.00167497173485	20.003856941640567	5216	3625	-0.00019284708202835788	True	True
strain_madness	s6__spades_And10026_S11_L001__X__spades_And5388_S8_L001__c60__k20__species	6	spades_And10026_S11_L001	spades_And5388_S8_L001	562	562	species	60.0	20.0	5077379	3046496	1015601	60.001351090789164	20.00246583916623	7542	2796	-0.00012329195831153327	True	True
strain_madness	s6__SP144_S25__X__SP17_S90__c60__k20__species	6	SP144_S25	SP17_S90	1313	1313	species	60.0	20.0	2073909	1277416	414816	61.59460227039855	20.00164905981892	46	865	-8.245299094600256e-05	True	True
strain_madness	s6__SP32_S19__X__SP159_S40__c60__k20__species	6	SP32_S19	SP159_S40	1313	1313	species	60.0	20.0	2103320	1266264	421408	60.203107468193146	20.035372648954986	975	527	-0.0017686324477493188	True	True
strain_madness	s6__SP178_S58__X__SP181_S61__c60__k2__genus	6	SP178_S58	SP181_S61	1313	28037	genus	60.0	2.0	1925491	1155397	38561	60.005318124052515	2.002658023330153	2561	160	-0.001329011665076596	True	True
strain_madness	s6__spades_VRE3342_S6_L001__X__MIKI-NS02__c60__k2__genus	6	spades_VRE3342_S6_L001	MIKI-NS02	1352	1351	genus	60.0	2.0	3063001	1838510	61363	60.02316029279781	2.003362062238961	2286	129	-0.0016810311194805916	True	True
strain_madness	s6__SP12_S9__X__SP21_S92__c60__k5__genus	6	SP12_S9	SP21_S92	1313	68892	genus	60.0	5.0	1985084	1191116	99779	60.003304646050246	5.026437168401942	2073	134	-0.0052874336803883535	True	True
strain_madness	s6__SP176_S56__X__SP20_S77__c60__k5__genus	6	SP176_S56	SP20_S77	1313	1301	genus	60.0	5.0	2044611	1226835	134797	60.00334537963456	6.592794423976003	2317	4	-0.31855888479520067	True	True
strain_madness	s6__SP44_S31__X__SP20_S77__c60__k10__genus	6	SP44_S31	SP20_S77	1313	1301	genus	60.0	10.0	2047099	1229200	239885	60.0459479487802	11.718290126662168	1170	16	-0.17182901266621683	True	True
strain_madness	s6__SP162_S43__X__SP68_S51__c60__k10__genus	6	SP162_S43	SP68_S51	1313	257758	genus	60.0	10.0	1982417	1189504	198443	60.00271385889044	10.010154271275923	2578	785	-0.0010154271275922611	True	True
strain_madness	s6__SP57_S43__X__SP20_S77__c60__k10__genus	6	SP57_S43	SP20_S77	1313	1301	genus	60.0	10.0	1969838	1217077	219260	61.785639225154554	11.13086456855843	42	9	-0.11308645685584295	True	True
strain_madness	s6__SP20_S77__X__SP103_S83__c60__k10__genus	6	SP20_S77	SP103_S83	1301	1313	genus	60.0	10.0	2202269	1322427	220327	60.04838645960144	10.004545312130352	58	828	-0.0004545312130352031	True	True
strain_madness	s6__SP17_S90__X__SP20_S77__c60__k15__genus	6	SP17_S90	SP20_S77	1313	1301	genus	60.0	15.0	2082160	1249682	366346	60.01853844084989	17.594517232105122	2647	15	-0.17296781547367482	True	True
strain_madness	s6__SP100_S81__X__SP20_S77__c60__k15__genus	6	SP100_S81	SP20_S77	1313	1301	genus	60.0	15.0	2092705	1308638	329228	62.53332409489154	15.732174386738695	85	15	-0.048811625782579665	True	True
strain_madness	s6__SP160_S41__X__SP117_S95__c60__k15__genus	6	SP160_S41	SP117_S95	1313	257758	genus	60.0	15.0	2045367	1232386	307118	60.25256103183438	15.015300432636295	329	965	-0.0010200288424196439	True	True
strain_madness	s6__spades_And8457_S3_L001__X__spades_And8926_S4_L001__c60__k15__genus	6	spades_And8457_S3_L001	spades_And8926_S4_L001	547	550	genus	60.0	15.0	4927737	2956644	739243	60.00003652792347	15.001673181827682	7514	2717	-0.00011154545517880385	True	True
strain_madness	s6__SP110_S88__X__SP20_S77__c60__k20__genus	6	SP110_S88	SP20_S77	1313	1301	genus	60.0	20.0	2140902	1286148	478028	60.07505247788082	22.32834571596458	448	13	-0.11641728579822903	True	True
strain_madness	s6__SP27_S15__X__SP20_S77__c60__k20__genus	6	SP27_S15	SP20_S77	1313	1301	genus	60.0	20.0	1980747	1189993	466075	60.0779907782266	23.530264087235775	415	21	-0.17651320436178874	True	True
strain_madness	s6__SP41_S28__X__SP117_S95__c60__k20__genus	6	SP41_S28	SP117_S95	1313	257758	genus	60.0	20.0	2044969	1227556	409045	60.028098225449874	20.002503705435142	2118	1289	-0.00012518527175711113	True	True
strain_madness	s6__SP174_S55__X__SP21_S92__c60__k20__genus	6	SP174_S55	SP21_S92	1313	68892	genus	60.0	20.0	2117559	1271031	425948	60.02340430656241	20.115047561838892	2942	639	-0.005752378091944621	True	True
strain_madness	s6__SP136_S17__X__MIKI-NS12__c60__k2__family	6	SP136_S17	MIKI-NS12	1313	1363	family	60.0	2.0	2038096	1223141	41630	60.01390513498873	2.042592694357871	3091	34	-0.021296347178935582	True	True
strain_madness	s6__SP11_S8__X__MIKI-NS12__c60__k2__family	6	SP11_S8	MIKI-NS12	1313	1363	family	60.0	2.0	2065838	1240709	41914	60.0583879278046	2.028910301775841	1036	42	-0.014455150887920487	True	True
strain_madness	s6__spades_ESBL6455_S6_L001__X__spades_ESBL9915_S6_L001__c60__k2__family	6	spades_ESBL6455_S6_L001	spades_ESBL9915_S6_L001	562	543	family	60.0	2.0	4857585	2915568	97247	60.02093632947236	2.0019618802347257	2109	405	-0.0009809401173628274	True	True
strain_madness	s6__SP159_S40__X__MIKI-NS12__c60__k2__family	6	SP159_S40	MIKI-NS12	1313	1363	family	60.0	2.0	2086141	1252253	42222	60.02724648046321	2.023928392184421	1532	42	-0.011964196092210555	True	True
strain_madness	s6__SP7_S4__X__MIKI-NS12__c60__k5__family	6	SP7_S4	MIKI-NS12	1313	1363	family	60.0	5.0	2105126	1263542	106217	60.02215544342714	5.045636223199941	2369	89	-0.00912724463998824	True	True
strain_madness	s6__SP44_S31__X__MIKI-NS12__c60__k5__family	6	SP44_S31	MIKI-NS12	1313	1363	family	60.0	5.0	2047099	1229848	104488	60.07760249992795	5.10419867334213	1132	127	-0.02083973466842597	True	True
strain_madness	s6__SP12_S9__X__MIKI-NS12__c60__k10__family	6	SP12_S9	MIKI-NS12	1313	1363	family	60.0	10.0	1985084	1191298	199015	60.01247302381159	10.025520330625808	2095	211	-0.002552033062580783	True	True
strain_madness	s6__SP57_S43__X__MIKI-NS12__c60__k10__family	6	SP57_S43	MIKI-NS12	1313	1363	family	60.0	10.0	1969838	1225480	197882	62.21222252794392	10.04559765828459	49	217	-0.004559765828459028	True	True
strain_madness	s6__SP162_S43__X__MIKI-NS12__c60__k10__family	6	SP162_S43	MIKI-NS12	1313	1363	family	60.0	10.0	1982417	1189663	198395	60.01073437122462	10.007732984533526	2594	219	-0.0007732984533525666	True	True
strain_madness	s6__SP41_S28__X__MIKI-NS12__c60__k15__family	6	SP41_S28	MIKI-NS12	1313	1363	family	60.0	15.0	2044969	1227595	308155	60.030005344824296	15.068932585286134	2131	349	-0.004595505685742296	True	True
strain_madness	s6__SP176_S56__X__MIKI-NS12__c60__k15__family	6	SP176_S56	MIKI-NS12	1313	1363	family	60.0	15.0	2044611	1226904	307720	60.00672010470451	15.050295630807033	2332	339	-0.003353042053802232	True	True
strain_madness	s6__SP170_S51__X__MIKI-NS12__c60__k20__family	6	SP170_S51	MIKI-NS12	1313	1363	family	60.0	20.0	2021551	1213000	404975	60.00343300762632	20.0328856407778	1952	450	-0.0016442820388899548	True	True
strain_madness	s6__SP24_S13__X__MIKI-NS12__c60__k20__family	6	SP24_S13	MIKI-NS12	1313	1363	family	60.0	20.0	2093455	1256628	418720	60.02651119799566	20.00138526980518	2620	472	-6.926349025899725e-05	True	True
strain_madness	s6__spades_ESBL6643_S3_L001__X__spades_ESBL5734_S3_L001__c60__k20__family	6	spades_ESBL6643_S3_L001	spades_ESBL5734_S3_L001	548	562	family	60.0	20.0	5120216	3074874	1024150	60.053599301279476	20.002085849503224	1131	3859	-0.0001042924751612162	True	True
strain_madness	s6__SP136_S17__X__MIKI-NS12__c60__k20__family	6	SP136_S17	MIKI-NS12	1313	1363	family	60.0	20.0	2038096	1223247	407864	60.0191060676239	20.0120112104631	3089	441	-0.0006005605231550248	True	True
strain_madness	s6__SP21_S92__X__MIKI-NS12__c60__k20__family	6	SP21_S92	MIKI-NS12	68892	1363	family	60.0	20.0	1689727	1014012	338133	60.01040404751774	20.011102385178198	1522	380	-0.0005551192589098974	True	True
strain_madness	s6__spades_ESBL9166_S11_L001__X__spades_ESBL8960_S8_L001__c60__k20__family	6	spades_ESBL9166_S11_L001	spades_ESBL8960_S8_L001	562	573	family	60.0	20.0	4708419	2827156	942112	60.044698655748356	20.009094347805494	217	3426	-0.0004547173902746948	True	True
strain_madness	s6__spades_ESBL5808_S8_L001__X__spades_And8454_S5_L001__c60__k20__family	6	spades_ESBL5808_S8_L001	spades_And8454_S5_L001	543	573	family	60.0	20.0	5142239	3226382	1029076	62.74274688516034	20.012216468351628	64	2469	-0.0006108234175814075	True	True
strain_madness	s6__SP170_S51__X__spades_VRE3783_S7_L001__c60__k5__order	6	SP170_S51	spades_VRE3783_S7_L001	1313	1352	order	60.0	5.0	2021551	1213231	101367	60.014859877391174	5.0143182140841365	1941	405	-0.002863642816827294	True	True
strain_madness	s6__SP178_S58__X__spades_VRE2906_S11_L001__c60__k5__order	6	SP178_S58	spades_VRE2906_S11_L001	1313	1352	order	60.0	5.0	1925491	1155370	96484	60.00391588431211	5.010877744949211	2545	407	-0.002175548989842113	True	True
strain_madness	s6__SP57_S43__X__spades_VRE2943_S1_L001__c60__k5__order	6	SP57_S43	spades_VRE2943_S1_L001	1313	1352	order	60.0	5.0	1969838	1188899	98573	60.3551662624033	5.004117089831753	51	338	-0.0008234179663505259	True	True
strain_madness	s6__SP53_S39__X__MIKI-NS09__c60__k5__order	6	SP53_S39	MIKI-NS09	1313	97137	order	60.0	5.0	2156089	1312292	108305	60.864463387179285	5.023215646478415	32	355	-0.004643129295683046	True	True
strain_madness	s6__spades_VRE3043_S21_L001__X__SP6_S88__c60__k10__order	6	spades_VRE3043_S21_L001	SP6_S88	1352	1313	order	60.0	10.0	3001125	1802137	300180	60.04871506518389	10.002249156566288	106	1161	-0.00022491565662878797	True	True
strain_madness	s6__SP94_S75__X__spades_VRE3967_S23_L001__c60__k10__order	6	SP94_S75	spades_VRE3967_S23_L001	1313	1352	order	60.0	10.0	2078602	1248054	207886	60.0429519455865	10.001241218857675	2236	592	-0.00012412188576753634	True	True
strain_madness	s6__SP118_S96__X__MIKI-NS02__c60__k10__order	6	SP118_S96	MIKI-NS02	1313	1351	order	60.0	10.0	1983599	1190701	198388	60.027303905678515	10.001416616967441	2392	379	-0.0001416616967441442	True	True
strain_madness	s6__SP147_S28__X__MIKI-NS02__c60__k15__order	6	SP147_S28	MIKI-NS02	1313	1351	order	60.0	15.0	2131103	1278990	320728	60.0154004757161	15.049859157441006	2761	594	-0.0033239438294003776	True	True
strain_madness	s6__SP136_S17__X__spades_VRE3043_S21_L001__c60__k15__order	6	SP136_S17	spades_VRE3043_S21_L001	1313	1352	order	60.0	15.0	2038096	1222984	322240	60.00620186684042	15.810835210902725	3081	19	-0.05405568072684837	True	True
strain_madness	s6__SP118_S96__X__spades_VRE2857_S10_L001__c60__k20__order	6	SP118_S96	spades_VRE2857_S10_L001	1313	1352	order	60.0	20.0	1983599	1191070	396746	60.04590645589154	20.00132083147854	2405	1332	-6.604157392704479e-05	True	True
strain_madness	s6__spades_VRE3342_S6_L001__X__SP120_S2__c60__k20__order	6	spades_VRE3342_S6_L001	SP120_S2	1352	1313	order	60.0	20.0	3063001	1839828	612791	60.06618998818479	20.00622918503781	2244	1703	-0.00031145925189051126	True	True
strain_madness	s6__SP27_S15__X__spades_VRE2941_S2_L001__c60__k20__order	6	SP27_S15	spades_VRE2941_S2_L001	1313	1352	order	60.0	20.0	1980747	1189955	396347	60.07607231009311	20.009976034294134	432	1168	-0.000498801714706687	True	True
strain_madness	s6__SP179_S59__X__spades_VRE3056_S20_L001__c60__k20__order	6	SP179_S59	spades_VRE3056_S20_L001	1313	1352	order	60.0	20.0	2098228	1259049	419773	60.005347369304005	20.00607179010098	1951	596	-0.0003035895050489401	True	True
strain_madness	s6__SP77_S60__X__spades_MRSA8339_S5_L001__c60__k5__class	6	SP77_S60	spades_MRSA8339_S5_L001	1313	1280	class	60.0	5.0	2013262	1208818	100723	60.04275648176939	5.002975270978144	1733	403	-0.0005950541956288192	True	True
strain_madness	s6__SP174_S55__X__spades_MRSA8186_S9_L001__c60__k5__class	6	SP174_S55	spades_MRSA8186_S9_L001	1313	1280	class	60.0	5.0	2117559	1270983	105907	60.02113754563627	5.001371862602175	2954	428	-0.0002743725204350511	True	True
strain_madness	s6__spades_VRE2770_S9_L001__X__spades_MRSA8595_S7_L001__c60__k5__class	6	spades_VRE2770_S9_L001	spades_MRSA8595_S7_L001	1352	1280	class	60.0	5.0	3245517	1950885	162348	60.1101457795476	5.002223066463679	153	595	-0.0004446132927357738	True	True
strain_madness	s6__SP166_S47__X__spades_MRSA8186_S9_L001__c60__k5__class	6	SP166_S47	spades_MRSA8186_S9_L001	1313	1280	class	60.0	5.0	2090273	1254423	104522	60.01240029412426	5.000399469351611	2844	423	-7.989387032214523e-05	True	True
strain_madness	s6__spades_MRSA8758_S5_L001__X__SP36_S23__c60__k10__class	6	spades_MRSA8758_S5_L001	SP36_S23	1280	1313	class	60.0	10.0	2816182	1694027	281932	60.15332105666466	10.011142745745836	886	1068	-0.001114274574583618	True	True
strain_madness	s6__spades_MRSA8013_S11_L001__X__MIKI-NS02__c60__k10__class	6	spades_MRSA8013_S11_L001	MIKI-NS02	1280	1351	class	60.0	10.0	2739001	1703414	274024	62.19106893352723	10.004523547088883	13	511	-0.0004523547088883362	True	True
strain_madness	s6__SP157_S38__X__spades_MRSA7796_S10_L001__c60__k10__class	6	SP157_S38	spades_MRSA7796_S10_L001	1313	1280	class	60.0	10.0	2048216	1234338	208642	60.26405418178552	10.186523296371085	113	131	-0.01865232963710852	True	True
strain_madness	s6__SP178_S58__X__spades_MRSA8013_S11_L001__c60__k10__class	6	SP178_S58	spades_MRSA8013_S11_L001	1313	1280	class	60.0	10.0	1925491	1156492	251223	60.062186735746884	13.04721756684399	2563	3	-0.30472175668439905	True	True
strain_madness	s6__SP50_S37__X__spades_MRSA8013_S11_L001__c60__k15__class	6	SP50_S37	spades_MRSA8013_S11_L001	1313	1280	class	60.0	15.0	1958348	1216038	325135	62.09509239420164	16.602513955640163	73	5	-0.10683426370934418	True	True
strain_madness	s6__SP30_S17__X__spades_MRSA9344_S6_L001__c60__k15__class	6	SP30_S17	spades_MRSA9344_S6_L001	1313	1280	class	60.0	15.0	2078679	1247296	312643	60.00426232236916	15.040465603395234	2814	261	-0.0026977068930155684	True	True
strain_madness	s6__SP179_S59__X__spades_MRSA8595_S7_L001__c60__k15__class	6	SP179_S59	spades_MRSA8595_S7_L001	1313	1280	class	60.0	15.0	2098228	1259271	315096	60.01592772568091	15.017243121338577	1961	1156	-0.0011495414225718055	True	True
strain_madness	s6__SP176_S56__X__MIKI-NS20__c60__k2__phylum	6	SP176_S56	MIKI-NS20	1313	186802	phylum	60.0	2.0	2044611	1227192	41127	60.02080591369214	2.0114828688684545	2308	57	-0.005741434434227255	True	True
strain_madness	s6__SP95_S76__X__MIKI-NS20__c60__k2__phylum	6	SP95_S76	MIKI-NS20	1313	186802	phylum	60.0	2.0	2053291	1244359	42176	60.60314879868465	2.054068322512493	489	54	-0.02703416125624658	True	True
strain_madness	s6__SP53_S39__X__MIKI-NS20__c60__k2__phylum	6	SP53_S39	MIKI-NS20	1313	186802	phylum	60.0	2.0	2156089	1325436	44171	61.4740857172408	2.0486631117732155	36	58	-0.024331555886607736	True	True
strain_madness	s6__spades_MRSA7124_S4_L001__X__MIKI-NS20__c60__k5__phylum	6	spades_MRSA7124_S4_L001	MIKI-NS20	1280	186802	phylum	60.0	5.0	2778919	1669085	139697	60.0623839701697	5.0270266963520704	457	173	-0.005405339270414089	True	True
strain_madness	s6__spades_VRE3342_S6_L001__X__MIKI-NS20__c60__k5__phylum	6	spades_VRE3342_S6_L001	MIKI-NS20	1352	186802	phylum	60.0	5.0	3063001	1838187	153366	60.01261507913318	5.007050275203959	2276	213	-0.0014100550407917466	True	True
strain_madness	s6__spades_MRSA8187_S8_L001__X__MIKI-NS20__c60__k5__phylum	6	spades_MRSA8187_S8_L001	MIKI-NS20	1280	186802	phylum	60.0	5.0	2838974	1703543	142378	60.00558652527286	5.015121660149054	2681	170	-0.00302433202981085	True	True
strain_madness	s6__SP174_S55__X__MIKI-NS20__c60__k10__phylum	6	SP174_S55	MIKI-NS20	1313	186802	phylum	60.0	10.0	2117559	1270654	212338	60.005600788455006	10.027489198648066	2953	248	-0.0027489198648066094	True	True
strain_madness	s6__SP178_S58__X__MIKI-NS20__c60__k10__phylum	6	SP178_S58	MIKI-NS20	1313	186802	phylum	60.0	10.0	1925491	1155341	192986	60.00240977496129	10.022690316392026	2568	255	-0.0022690316392026235	True	True
strain_madness	s6__SP39_S26__X__MIKI-NS20__c60__k10__phylum	6	SP39_S26	MIKI-NS20	1313	186802	phylum	60.0	10.0	2010726	1236136	201824	61.477098321700716	10.037369586905426	15	248	-0.003736958690542558	True	True
strain_madness	s6__SP198_S01__X__MIKI-NS20__c60__k10__phylum	6	SP198_S01	MIKI-NS20	1313	186802	phylum	60.0	10.0	2057645	1240685	206307	60.29635821533841	10.026365092132025	73	268	-0.002636509213202487	True	True
strain_madness	s6__spades_MRSA8187_S8_L001__X__MIKI-NS20__c60__k10__phylum	6	spades_MRSA8187_S8_L001	MIKI-NS20	1280	186802	phylum	60.0	10.0	2838974	1703488	285302	60.003649205663734	10.049475620417798	2701	360	-0.004947562041779818	True	True
strain_madness	s6__MIKI-NS02__X__MIKI-NS20__c60__k10__phylum	6	MIKI-NS02	MIKI-NS20	1351	186802	phylum	60.0	10.0	2999969	1801212	300912	60.04102042387771	10.030503648537701	3304	386	-0.0030503648537701265	True	True
strain_madness	s6__SP11_S8__X__MIKI-NS20__c60__k15__phylum	6	SP11_S8	MIKI-NS20	1313	186802	phylum	60.0	15.0	2065838	1240152	310923	60.03142550383912	15.050696133965975	1036	410	-0.0033797422643983073	True	True
strain_madness	s6__SP110_S88__X__MIKI-NS20__c60__k15__phylum	6	SP110_S88	MIKI-NS20	1313	186802	phylum	60.0	15.0	2140902	1288535	321272	60.1865475393082	15.006385159152543	463	422	-0.0004256772768362301	True	True
strain_madness	s6__SP144_S25__X__MIKI-NS20__c60__k15__phylum	6	SP144_S25	MIKI-NS20	1313	186802	phylum	60.0	15.0	2073909	1291117	311625	62.25523877855779	15.025972692148017	53	374	-0.0017315128098677709	True	True
strain_madness	s6__spades_VRE2224_S14_L001__X__MIKI-NS20__c60__k15__phylum	6	spades_VRE2224_S14_L001	MIKI-NS20	1352	186802	phylum	60.0	15.0	3012379	1807730	452347	60.01004521675394	15.01627119296742	4254	574	-0.0010847461978279681	True	True
strain_madness	s6__SP159_S40__X__MIKI-NS20__c60__k20__phylum	6	SP159_S40	MIKI-NS20	1313	186802	phylum	60.0	20.0	2086141	1254749	417826	60.14689323492516	20.028655781176823	1553	558	-0.0014327890588411662	True	True
strain_madness	s6__SP179_S59__X__MIKI-NS20__c60__k20__phylum	6	SP179_S59	MIKI-NS20	1313	186802	phylum	60.0	20.0	2098228	1258949	420059	60.0005814430081	20.019702339307262	1941	556	-0.0009851169653630975	True	True
strain_madness	s6__SP57_S43__X__MIKI-NS20__c60__k20__phylum	6	SP57_S43	MIKI-NS20	1313	186802	phylum	60.0	20.0	1969838	1221457	394980	62.00799253542677	20.05139508934237	46	486	-0.002569754467118557	True	True
strain_madness	s6__SP7_S4__X__MIKI-NS20__c60__k20__phylum	6	SP7_S4	MIKI-NS20	1313	186802	phylum	60.0	20.0	2105126	1263127	421203	60.00244165907409	20.008446050260176	2367	524	-0.00042230251300878763	True	True
strain_madness	s6__spades_And4613_S9_L001__X__spades_ESBL1009_S1_L001__c75__k2__species	6	spades_And4613_S9_L001	spades_ESBL1009_S1_L001	562	562	species	75.0	2.0	5211989	3910329	104294	75.02565719152516	2.0010402938302443	2276	416	-0.0005201469151221438	True	True
strain_madness	s6__SP11_S8__X__SP102_S82__c75__k2__species	6	SP11_S8	SP102_S82	1313	1313	species	75.0	2.0	2065838	1550379	41369	75.0484307094748	2.002528755885021	1295	141	-0.0012643779425105528	True	True
strain_madness	s6__spades_And8655_S10_L001__X__spades_And8381_S10_L001__c75__k2__species	6	spades_And8655_S10_L001	spades_And8381_S10_L001	573	573	species	75.0	2.0	5601592	4215031	112320	75.24701906172388	2.005144251848403	407	446	-0.0025721259242015293	True	True
strain_madness	s6__SP144_S25__X__SP179_S59__c75__k5__species	6	SP144_S25	SP179_S59	1313	1313	species	75.0	5.0	2073909	1579466	104101	76.15888643137187	5.019554859928762	62	158	-0.003910971985752454	True	True
strain_madness	s6__spades_And8344_S10_L001__X__spades_ESBL6983_S3_L001__c75__k5__species	6	spades_And8344_S10_L001	spades_ESBL6983_S3_L001	562	562	species	75.0	5.0	4970303	3727826	248660	75.0019868004023	5.002914309248349	3443	762	-0.0005828618496698468	True	True
strain_madness	s6__spades_ESBL6364_S9_L001__X__spades_ESBL10056_S9_L001__c75__k10__species	6	spades_ESBL6364_S9_L001	spades_ESBL10056_S9_L001	562	562	species	75.0	10.0	5323526	4040537	532454	75.89963869811099	10.001904752601941	116	2123	-0.00019047526019413396	True	True
strain_madness	s6__SP12_S9__X__SP83_S66__c75__k10__species	6	SP12_S9	SP83_S66	1313	1313	species	75.0	10.0	1985084	1489526	198669	75.0359178755156	10.008090337738857	2608	494	-0.000809033773885659	True	True
strain_madness	s6__SP159_S40__X__SP84_S67__c75__k15__species	6	SP159_S40	SP84_S67	1313	1313	species	75.0	15.0	2086141	1564730	313142	75.00595597325396	15.010586532741556	1916	887	-0.0007057688494370495	True	True
strain_madness	s6__spades_ESBL5772_S6_L001__X__spades_ESBL7424_S8_L001__c75__k15__species	6	spades_ESBL5772_S6_L001	spades_ESBL7424_S8_L001	562	562	species	75.0	15.0	5325463	3994119	798887	75.00040841519319	15.00126843431266	6525	3076	-8.456228751067367e-05	True	True
strain_madness	s6__SP7_S4__X__SP128_S9__c75__k15__species	6	SP7_S4	SP128_S9	1313	1313	species	75.0	15.0	2105126	1578897	316310	75.0024939124784	15.025703924610688	2979	637	-0.0017135949740458992	True	True
strain_madness	s6__SP95_S76__X__SP119_S1__c75__k2__genus	6	SP95_S76	SP119_S1	1313	257758	genus	75.0	2.0	2053291	1540685	41184	75.03490737552544	2.0057556381438384	612	169	-0.0028778190719191965	True	True
strain_madness	s6__SP39_S26__X__SP21_S92__c75__k5__genus	6	SP39_S26	SP21_S92	1313	68892	genus	75.0	5.0	2010726	1512303	101454	75.21178917465632	5.045640231438794	27	129	-0.009128046287758807	True	True
strain_madness	s6__SP157_S38__X__SP68_S51__c75__k5__genus	6	SP157_S38	SP68_S51	1313	257758	genus	75.0	5.0	2048216	1537802	102742	75.08006968015093	5.01617016955243	163	413	-0.003234033910485934	True	True
strain_madness	s6__SP198_S01__X__SP117_S95__c75__k5__genus	6	SP198_S01	SP117_S95	1313	257758	genus	75.0	5.0	2057645	1589349	102956	77.24116647915457	5.00358419455251	95	331	-0.0007168389105020268	True	True
strain_madness	s6__SP176_S56__X__SP68_S51__c75__k10__genus	6	SP176_S56	SP68_S51	1313	257758	genus	75.0	10.0	2044611	1533815	204570	75.01744830679283	10.005326196523447	2901	807	-0.0005326196523446569	True	True
strain_madness	s6__MIKI-NS02__X__spades_VRE3253_S17_L001__c75__k10__genus	6	MIKI-NS02	spades_VRE3253_S17_L001	1351	1352	genus	75.0	10.0	2999969	2251150	300022	75.03910873745696	10.000836675312312	4108	1179	-8.366753123123516e-05	True	True
strain_madness	s6__spades_VRE3043_S21_L001__X__MIKI-NS02__c75__k15__genus	6	spades_VRE3043_S21_L001	MIKI-NS02	1352	1351	genus	75.0	15.0	3001125	2254594	451056	75.12496147278104	15.029563913532426	130	815	-0.0019709275688284105	True	True
strain_madness	s6__SP44_S31__X__SP21_S92__c75__k15__genus	6	SP44_S31	SP21_S92	1313	68892	genus	75.0	15.0	2047099	1536085	308098	75.03716234534822	15.050468980738108	1463	466	-0.003364598715873868	True	True
strain_madness	s6__spades_And8655_S10_L001__X__spades_ESBL6643_S3_L001__c75__k15__genus	6	spades_And8655_S10_L001	spades_ESBL6643_S3_L001	573	548	genus	75.0	15.0	5601592	4226244	841936	75.44719429762111	15.030298529418065	412	306	-0.0020199019612043402	True	True
strain_madness	s6__spades_ESBL6643_S3_L001__X__spades_ESBL7810_S9_L001__c75__k20__genus	6	spades_ESBL6643_S3_L001	spades_ESBL7810_S9_L001	548	573	genus	75.0	20.0	5120216	3842078	1024137	75.03742029633125	20.00183195396444	1402	3652	-9.159769822204566e-05	True	True
strain_madness	s6__spades_ESBL6364_S9_L001__X__spades_ESBL6270_S10_L001__c75__k2__family	6	spades_ESBL6364_S9_L001	spades_ESBL6270_S10_L001	562	543	family	75.0	2.0	5323526	4180138	106538	78.5219796052466	2.0012675809228697	119	303	-0.0006337904614348577	True	True
strain_madness	s6__SP179_S59__X__MIKI-NS12__c75__k2__family	6	SP179_S59	MIKI-NS12	1313	1363	family	75.0	2.0	2098228	1573750	42357	75.00376508177376	2.018703401155642	2457	48	-0.009351700577820976	True	True
strain_madness	s6__spades_AND8302_S10_L001__X__spades_ESBL6724_S11_L001__c75__k5__family	6	spades_AND8302_S10_L001	spades_ESBL6724_S11_L001	573	562	family	75.0	5.0	5495418	4121566	274813	75.0000454924448	5.000766092770377	7047	850	-0.00015321855407535168	True	True
strain_madness	s6__SP44_S31__X__MIKI-NS12__c75__k5__family	6	SP44_S31	MIKI-NS12	1313	1363	family	75.0	5.0	2047099	1539279	103555	75.1931880187524	5.058621981643292	1454	123	-0.011724396328658316	True	True
strain_madness	s6__spades_ESBL9166_S11_L001__X__spades_And8454_S5_L001__c75__k5__family	6	spades_ESBL9166_S11_L001	spades_And8454_S5_L001	562	573	family	75.0	5.0	4708419	3540381	235785	75.19256463793897	5.0077318947188	271	551	-0.0015463789437600184	True	True
strain_madness	s6__spades_And8655_S10_L001__X__spades_ESBL6661_S8_L001__c75__k10__family	6	spades_And8655_S10_L001	spades_ESBL6661_S8_L001	573	543	family	75.0	10.0	5601592	4245713	560261	75.79475620502171	10.001817340498915	414	1945	-0.0001817340498915243	True	True
strain_madness	s6__spades_ESBL6210_S10_L001__X__spades_ESBL9250_S3_L001__c75__k10__family	6	spades_ESBL6210_S10_L001	spades_ESBL9250_S3_L001	562	573	family	75.0	10.0	4795054	3597109	482190	75.01706967220807	10.055986856456673	4539	117	-0.005598685645667345	True	True
strain_madness	s6__SP112_S90__X__MIKI-NS12__c75__k15__family	6	SP112_S90	MIKI-NS12	1313	1363	family	75.0	15.0	2079727	1561522	312239	75.08302772431189	15.013460901358687	725	333	-0.0008973934239124996	True	True
strain_madness	s6__spades_And8423_S6_L001__X__spades_ESBL7359_S3_L001__c75__k15__family	6	spades_And8423_S6_L001	spades_ESBL7359_S3_L001	573	562	family	75.0	15.0	5530859	4149647	829824	75.02717028222922	15.003528385012165	994	1626	-0.0002352256674776972	True	True
strain_madness	s6__SP198_S01__X__MIKI-NS12__c75__k15__family	6	SP198_S01	MIKI-NS12	1313	1363	family	75.0	15.0	2057645	1546354	308652	75.15164180410129	15.00025514605289	93	328	-1.700973685932657e-05	True	True
strain_madness	s6__spades_ESBL6455_S6_L001__X__spades_ESBL7431_S12_L001__c75__k20__family	6	spades_ESBL6455_S6_L001	spades_ESBL7431_S12_L001	562	543	family	75.0	20.0	4857585	3645289	972122	75.04323650538282	20.0124547486045	2642	1579	-0.0006227374302250511	True	True
strain_madness	s6__spades_MRSA7129_S1_L001__X__MIKI-NS13__c75__k2__order	6	spades_MRSA7129_S1_L001	MIKI-NS13	1280	481743	order	75.0	2.0	2824465	2134716	56537	75.57948142391568	2.001688815403979	23	238	-0.000844407701989569	True	True
strain_madness	s6__SP53_S39__X__spades_VRE2941_S2_L001__c75__k2__order	6	SP53_S39	spades_VRE2941_S2_L001	1313	1352	order	75.0	2.0	2156089	1686423	43267	78.21676192402076	2.006735343485357	41	127	-0.003367671742678491	True	True
strain_madness	s6__spades_MRSA8758_S5_L001__X__MIKI-NS13__c75__k2__order	6	spades_MRSA8758_S5_L001	MIKI-NS13	1280	481743	order	75.0	2.0	2816182	2116576	56328	75.15764251032071	2.0001548195393624	1093	234	-7.740976968118041e-05	True	True
strain_madness	s6__SP157_S38__X__spades_VRE2857_S10_L001__c75__k5__order	6	SP157_S38	spades_VRE2857_S10_L001	1313	1352	order	75.0	5.0	2048216	1543280	102738	75.34752194104529	5.015974877649623	158	339	-0.0031949755299246264	True	True
strain_madness	s6__SP20_S77__X__spades_VRE3043_S21_L001__c75__k10__order	6	SP20_S77	spades_VRE3043_S21_L001	1301	1352	order	75.0	10.0	2202269	1762172	234559	80.01620147220889	10.650787891942356	72	9	-0.06507878919423557	True	True
strain_madness	s6__SP198_S01__X__MIKI-NS11__c75__k10__order	6	SP198_S01	MIKI-NS11	1313	97137	order	75.0	10.0	2057645	1544108	210313	75.0424878927123	10.221053680299566	96	19	-0.02210536802995655	True	True
strain_madness	s6__SP176_S56__X__spades_VRE3342_S6_L001__c75__k15__order	6	SP176_S56	spades_VRE3342_S6_L001	1313	1352	order	75.0	15.0	2044611	1533686	306721	75.01113903818379	15.001435480881204	2897	415	-9.569872541360288e-05	True	True
strain_madness	s6__SP11_S8__X__spades_VRE3342_S6_L001__c75__k15__order	6	SP11_S8	spades_VRE3342_S6_L001	1313	1352	order	75.0	15.0	2065838	1550546	309930	75.05651459601383	15.002628473287837	1273	389	-0.00017523155252246642	True	True
strain_madness	s6__SP170_S51__X__spades_VRE2913_S13_L001__c75__k15__order	6	SP170_S51	spades_VRE2913_S13_L001	1313	1352	order	75.0	15.0	2021551	1518560	303374	75.11855995718139	15.006992156022777	2405	1202	-0.0004661437348518168	True	True
strain_madness	s6__SP7_S4__X__spades_VRE2770_S9_L001__c75__k20__order	6	SP7_S4	spades_VRE2770_S9_L001	1313	1352	order	75.0	20.0	2105126	1579461	439852	75.02928565796061	20.89433126568196	2981	29	-0.04471656328409797	True	True
strain_madness	s6__SP39_S26__X__spades_VRE2943_S1_L001__c75__k20__order	6	SP39_S26	spades_VRE2943_S1_L001	1313	1352	order	75.0	20.0	2010726	1561189	402262	77.64305032112779	20.00580884715272	27	1353	-0.00029044235763606705	True	True
strain_madness	s6__SP160_S41__X__spades_VRE2224_S14_L001__c75__k20__order	6	SP160_S41	spades_VRE2224_S14_L001	1313	1352	order	75.0	20.0	2045367	1534808	409142	75.03826941570877	20.003353921325612	423	961	-0.0001676960662805982	True	True
strain_madness	s6__SP12_S9__X__spades_MRSA8007_S12_L001__c75__k2__class	6	SP12_S9	spades_MRSA8007_S12_L001	1313	1280	class	75.0	2.0	1985084	1489265	39742	75.0227698172974	2.002031148304052	2600	148	-0.001015574152025911	True	True
strain_madness	s6__SP57_S43__X__spades_MRSA9344_S6_L001__c75__k2__class	6	SP57_S43	spades_MRSA9344_S6_L001	1313	1280	class	75.0	2.0	1969838	1494466	39915	75.86745712083938	2.026308762446455	59	39	-0.01315438122322754	True	True
strain_madness	s6__SP144_S25__X__MIKI-NS13__c75__k2__class	6	SP144_S25	MIKI-NS13	1313	481743	class	75.0	2.0	2073909	1587036	41540	76.5238976252092	2.0029808443861326	56	173	-0.0014904221930662764	True	True
strain_madness	s6__spades_VRE2770_S9_L001__X__spades_MRSA7119_S2_L001__c75__k2__class	6	spades_VRE2770_S9_L001	spades_MRSA7119_S2_L001	1352	1280	class	75.0	2.0	3245517	2435452	65199	75.0404943187788	2.0088941145586356	199	269	-0.004447057279317823	True	True
strain_madness	s6__SP94_S75__X__spades_MRSA8758_S5_L001__c75__k2__class	6	SP94_S75	spades_MRSA8758_S5_L001	1313	1280	class	75.0	2.0	2078602	1559557	43085	75.02913015574892	2.072787383058421	2768	23	-0.03639369152921046	True	True
strain_madness	s6__SP21_S92__X__spades_MRSA7231_S7_L001__c75__k2__class	6	SP21_S92	spades_MRSA7231_S7_L001	68892	1280	class	75.0	2.0	1689727	1268516	33975	75.07224539822113	2.01067983171246	1908	136	-0.005339915856229949	True	True
strain_madness	s6__SP110_S88__X__spades_MRSA9344_S6_L001__c75__k2__class	6	SP110_S88	spades_MRSA9344_S6_L001	1313	1280	class	75.0	2.0	2140902	1607707	43334	75.09484320160381	2.024100122284906	543	32	-0.012050061142452995	True	True
strain_madness	s6__SP110_S88__X__spades_MRSA7286_S4_L001__c75__k5__class	6	SP110_S88	spades_MRSA7286_S4_L001	1313	1280	class	75.0	5.0	2140902	1606401	107880	75.03384087641564	5.0389975813932635	551	238	-0.007799516278652696	True	True
strain_madness	s6__SP56_S42__X__spades_MRSA8007_S12_L001__c75__k10__class	6	SP56_S42	spades_MRSA8007_S12_L001	1313	1280	class	75.0	10.0	2048034	1615324	204925	78.87193279017829	10.00593740142986	32	768	-0.0005937401429859434	True	True
strain_madness	s6__SP198_S01__X__spades_MRSA7796_S10_L001__c75__k10__class	6	SP198_S01	spades_MRSA7796_S10_L001	1313	1280	class	75.0	10.0	2057645	1573023	207184	76.44773515353718	10.068986632776792	95	112	-0.006898663277679162	True	True
strain_madness	s6__SP179_S59__X__spades_MRSA8595_S7_L001__c75__k10__class	6	SP179_S59	spades_MRSA8595_S7_L001	1313	1280	class	75.0	10.0	2098228	1574073	210090	75.01915902370953	10.012734555062654	2442	779	-0.001273455506265364	True	True
strain_madness	s6__SP198_S01__X__spades_MRSA8187_S8_L001__c75__k15__class	6	SP198_S01	spades_MRSA8187_S8_L001	1313	1280	class	75.0	15.0	2057645	1543705	310413	75.02290239569994	15.085838422079611	88	496	-0.0057225614719740745	True	True
strain_madness	s6__spades_MRSA7124_S4_L001__X__SP128_S9__c75__k15__class	6	spades_MRSA7124_S4_L001	SP128_S9	1280	1313	class	75.0	15.0	2778919	2087822	416900	75.1307252928207	15.00223648116408	578	836	-0.00014909874427194343	True	True
strain_madness	s6__spades_MRSA7129_S1_L001__X__SP54_S40__c75__k20__class	6	spades_MRSA7129_S1_L001	SP54_S40	1280	1313	class	75.0	20.0	2824465	2148111	565391	76.05373052949851	20.017631657676763	33	1882	-0.0008815828838381279	True	True
strain_madness	s6__SP170_S51__X__spades_MRSA8013_S11_L001__c75__k20__class	6	SP170_S51	spades_MRSA8013_S11_L001	1313	1280	class	75.0	20.0	2021551	1516913	664943	75.03708785976708	32.89271455431992	2404	8	-0.6446357277159962	True	True
strain_madness	s6__SP53_S39__X__spades_MRSA8758_S5_L001__c75__k20__class	6	SP53_S39	spades_MRSA8758_S5_L001	1313	1280	class	75.0	20.0	2156089	1639029	432953	76.01861518703541	20.080479052580852	45	217	-0.004023952629042604	True	True
strain_madness	s6__spades_MRSA8758_S5_L001__X__MIKI-NS12__c75__k20__class	6	spades_MRSA8758_S5_L001	MIKI-NS12	1280	1363	class	75.0	20.0	2816182	2119656	563373	75.26701044179673	20.0048505387791	1107	606	-0.0002425269389549456	True	True
strain_madness	s6__spades_VRE3056_S20_L001__X__MIKI-NS20__c75__k2__phylum	6	spades_VRE3056_S20_L001	MIKI-NS20	1352	186802	phylum	75.0	2.0	3010057	2258076	60528	75.0177156113655	2.010858930578391	3455	83	-0.005429465289195523	True	True
strain_madness	s6__SP179_S59__X__MIKI-NS20__c75__k2__phylum	6	SP179_S59	MIKI-NS20	1313	186802	phylum	75.0	2.0	2098228	1574047	42712	75.01791988287259	2.0356224395060973	2436	60	-0.017811219753048668	True	True
strain_madness	s6__SP56_S42__X__MIKI-NS20__c75__k2__phylum	6	SP56_S42	MIKI-NS20	1313	186802	phylum	75.0	2.0	2048034	1619666	42149	79.08394098926092	2.0580224742362674	31	51	-0.029011237118133693	True	True
strain_madness	s6__spades_MRSA8013_S11_L001__X__MIKI-NS20__c75__k2__phylum	6	spades_MRSA8013_S11_L001	MIKI-NS20	1280	186802	phylum	75.0	2.0	2739001	2097575	55453	76.58175371239368	2.0245702721539716	20	72	-0.012285136076985781	True	True
strain_madness	s6__SP32_S19__X__MIKI-NS20__c75__k2__phylum	6	SP32_S19	MIKI-NS20	1313	186802	phylum	75.0	2.0	2103320	1580556	42857	75.1457695452903	2.0375881939029723	1211	63	-0.01879409695148615	True	True
strain_madness	s6__SP95_S76__X__MIKI-NS20__c75__k5__phylum	6	SP95_S76	MIKI-NS20	1313	186802	phylum	75.0	5.0	2053291	1540841	103632	75.04250493476083	5.047117042835136	600	153	-0.00942340856702728	True	True
strain_madness	s6__spades_MRSA8758_S5_L001__X__MIKI-NS20__c75__k5__phylum	6	spades_MRSA8758_S5_L001	MIKI-NS20	1280	186802	phylum	75.0	5.0	2816182	2113131	140969	75.03531376878341	5.005677900078902	1107	178	-0.001135580015780313	True	True
strain_madness	s6__SP170_S51__X__MIKI-NS20__c75__k5__phylum	6	SP170_S51	MIKI-NS20	1313	186802	phylum	75.0	5.0	2021551	1517289	101695	75.05568743999038	5.030543379810848	2414	120	-0.0061086759621696626	True	True
strain_madness	s6__spades_VRE3056_S20_L001__X__MIKI-NS20__c75__k5__phylum	6	spades_VRE3056_S20_L001	MIKI-NS20	1352	186802	phylum	75.0	5.0	3010057	2257610	151037	75.00223417696077	5.017745511131516	3425	188	-0.003549102226303269	True	True
strain_madness	s6__spades_MRSA8013_S11_L001__X__MIKI-NS20__c75__k5__phylum	6	spades_MRSA8013_S11_L001	MIKI-NS20	1280	186802	phylum	75.0	5.0	2739001	2059304	137461	75.18449244815902	5.018654611663157	22	178	-0.0037309223326314365	True	True
strain_madness	s6__SP41_S28__X__MIKI-NS20__c75__k10__phylum	6	SP41_S28	MIKI-NS20	1313	186802	phylum	75.0	10.0	2044969	1534158	205694	75.02108833923644	10.058538784695514	2660	266	-0.005853878469551432	True	True
strain_madness	s6__SP53_S39__X__MIKI-NS20__c75__k15__phylum	6	SP53_S39	MIKI-NS20	1313	186802	phylum	75.0	15.0	2156089	1618247	324355	75.05474031916123	15.043673985628608	45	427	-0.002911599041907209	True	True
strain_madness	s6__MIKI-NS02__X__MIKI-NS20__c75__k15__phylum	6	MIKI-NS02	MIKI-NS20	1351	186802	phylum	75.0	15.0	2999969	2250026	450843	75.00164168363074	15.02825529197135	4108	583	-0.001883686131423327	True	True
strain_madness	s6__SP94_S75__X__MIKI-NS20__c75__k15__phylum	6	SP94_S75	MIKI-NS20	1313	186802	phylum	75.0	15.0	2078602	1559164	314155	75.0102232173355	15.113763962509417	2797	385	-0.007584264167294445	True	True
strain_madness	s6__spades_MRSA8758_S5_L001__X__MIKI-NS20__c75__k15__phylum	6	spades_MRSA8758_S5_L001	MIKI-NS20	1280	186802	phylum	75.0	15.0	2816182	2112538	423985	75.0142568910674	15.05531247625331	1045	541	-0.003687498416887299	True	True
strain_madness	s6__SP179_S59__X__MIKI-NS20__c75__k15__phylum	6	SP179_S59	MIKI-NS20	1313	186802	phylum	75.0	15.0	2098228	1574167	315531	75.02363899442769	15.037974900725755	2448	370	-0.002531660048383699	True	True
strain_madness	s6__SP57_S43__X__MIKI-NS20__c75__k15__phylum	6	SP57_S43	MIKI-NS20	1313	186802	phylum	75.0	15.0	1969838	1477699	296676	75.01627037350279	15.060933944821858	63	352	-0.004062262988123896	True	True
strain_madness	s6__SP144_S25__X__MIKI-NS20__c75__k20__phylum	6	SP144_S25	MIKI-NS20	1313	186802	phylum	75.0	20.0	2073909	1577754	415188	76.07633700417907	20.019586201708947	58	540	-0.000979310085447338	True	True
strain_madness	s6__MIKI-NS02__X__MIKI-NS20__c75__k20__phylum	6	MIKI-NS02	MIKI-NS20	1351	186802	phylum	75.0	20.0	2999969	2250085	600410	75.00360837061983	20.01387347669259	4100	766	-0.0006936738346295712	True	True
strain_madness	s6__SP41_S28__X__MIKI-NS20__c75__k20__phylum	6	SP41_S28	MIKI-NS20	1313	186802	phylum	75.0	20.0	2044969	1534289	409128	75.02749430431464	20.006562446667896	2650	526	-0.00032812233339480913	True	True
strain_madness	s6__SP112_S90__X__MIKI-NS20__c75__k20__phylum	6	SP112_S90	MIKI-NS20	1313	186802	phylum	75.0	20.0	2079727	1561878	416177	75.10014535561639	20.01113607699472	717	516	-0.0005568038497360206	True	True
strain_madness	s6__SP11_S8__X__MIKI-NS20__c75__k20__phylum	6	SP11_S8	MIKI-NS20	1313	186802	phylum	75.0	20.0	2065838	1549598	414860	75.01062522811566	20.081923171129585	1269	541	-0.004096158556479245	True	True
strain_madness	s6__SP11_S8__X__SP166_S47__c90__k2__species	6	SP11_S8	SP166_S47	1313	1313	species	90.0	2.0	2065838	1860070	41433	90.03949002777566	2.005626772283209	1527	107	-0.0028133861416044237	True	True
strain_madness	s6__SP57_S43__X__SP55_S41__c90__k2__species	6	SP57_S43	SP55_S41	1313	1313	species	90.0	2.0	1969838	1820000	39550	92.39338463366023	2.0077793199237703	77	129	-0.0038896599618851724	True	True
strain_madness	s6__SP133_S14__X__SP143_S24__c90__k2__species	6	SP133_S14	SP143_S24	1313	1313	species	90.0	2.0	1991005	1795371	40117	90.17410805095919	2.0149120670214287	510	156	-0.007456033510714333	True	True
strain_madness	s6__MIKI-NS24__X__MIKI-NS25__c90__k2__species	6	MIKI-NS24	MIKI-NS25	671267	671267	species	90.0	2.0	5364208	4841905	107418	90.26318517104482	2.0024950561201207	1002	186	-0.0012475280600603433	True	True
strain_madness	s6__spades_And6241_S2_L001__X__spades_ESBL6620_S4_L001__c90__k5__species	6	spades_And6241_S2_L001	spades_ESBL6620_S4_L001	573	573	species	90.0	5.0	5482102	4991597	274239	91.05261084160783	5.002442493773374	53	900	-0.0004884987546747155	True	True
strain_madness	s6__spades_ESBL6455_S6_L001__X__spades_And5213_S1_L001__c90__k5__species	6	spades_ESBL6455_S6_L001	spades_And5213_S1_L001	562	562	species	90.0	5.0	4857585	4375788	242962	90.08155287040783	5.001703521400037	3154	828	-0.00034070428000738674	True	True
strain_madness	s6__SP57_S43__X__SP79_S62__c90__k5__species	6	SP57_S43	SP79_S62	1313	1313	species	90.0	5.0	1969838	1813147	98493	92.04548800459733	5.000055842155548	73	396	-1.1168431109531695e-05	True	True
strain_madness	s6__spades_And4613_S9_L001__X__spades_And8344_S10_L001__c90__k5__species	6	spades_And4613_S9_L001	spades_And8344_S10_L001	562	562	species	90.0	5.0	5211989	4692649	260617	90.03566584657028	5.000336723657705	2726	252	-6.734473154104136e-05	True	True
strain_madness	s6__SP100_S81__X__SP134_S15__c90__k5__species	6	SP100_S81	SP134_S15	1313	1313	species	90.0	5.0	2092705	1884290	104892	90.04088010493595	5.012268809985163	135	336	-0.002453761997032622	True	True
strain_madness	s6__MIKI-NS24__X__MIKI-NS25__c90__k5__species	6	MIKI-NS24	MIKI-NS25	671267	671267	species	90.0	5.0	5364208	4830753	268641	90.05528868380942	5.008027280075642	988	500	-0.0016054560151284036	True	True
strain_madness	s6__SP160_S41__X__SP11_S8__c90__k10__species	6	SP160_S41	SP11_S8	1313	1313	species	90.0	10.0	2045367	1841932	204854	90.0538631942336	10.015513108405484	504	166	-0.0015513108405484032	True	True
strain_madness	s6__spades_And8344_S10_L001__X__spades_And5232_S2_L001__c90__k10__species	6	spades_And8344_S10_L001	spades_And5232_S2_L001	562	562	species	90.0	10.0	4970303	4473340	497039	90.00135404219823	10.000175039630381	4172	1946	-1.7503963038123516e-05	True	True
strain_madness	s6__spades_ESBL6364_S9_L001__X__spades_ESBL7424_S8_L001__c90__k10__species	6	spades_ESBL6364_S9_L001	spades_ESBL7424_S8_L001	562	562	species	90.0	10.0	5323526	4795621	532409	90.08354613089145	10.001059448192796	132	2056	-0.00010594481927963528	True	True
strain_madness	s6__spades_And8655_S10_L001__X__spades_And5284_S5_L001__c90__k10__species	6	spades_And8655_S10_L001	spades_And5284_S5_L001	573	573	species	90.0	10.0	5601592	5055803	560346	90.25653778425847	10.003334766259306	510	2053	-0.0003334766259305511	True	True
strain_madness	s6__SP11_S8__X__SP138_S19__c90__k15__species	6	SP11_S8	SP138_S19	1313	1313	species	90.0	15.0	2065838	1859414	310025	90.00773535969422	15.007227091378898	1532	1143	-0.0004818060919265103	True	True
strain_madness	s6__spades_MRSA9344_S6_L001__X__spades_MRSA8007_S12_L001__c90__k15__species	6	spades_MRSA9344_S6_L001	spades_MRSA8007_S12_L001	1280	1280	species	90.0	15.0	2785341	2506959	417858	90.00546073173805	15.002041042730495	2179	1560	-0.00013606951536632533	True	True
strain_madness	s6__spades_MRSA9344_S6_L001__X__spades_MRSA7129_S1_L001__c90__k20__species	6	spades_MRSA9344_S6_L001	spades_MRSA7129_S1_L001	1280	1280	species	90.0	20.0	2785341	2507498	703300	90.02481204276245	25.2500501733899	2180	12	-0.2625025086694951	True	True
strain_madness	s6__SP198_S01__X__SP117_S95__c90__k2__genus	6	SP198_S01	SP117_S95	1313	257758	genus	90.0	2.0	2057645	1881366	41170	91.43297313190565	2.0008310471437007	111	131	-0.0004155235718503736	True	True
strain_madness	s6__spades_And8655_S10_L001__X__spades_ESBL6643_S3_L001__c90__k2__genus	6	spades_And8655_S10_L001	spades_ESBL6643_S3_L001	573	548	genus	90.0	2.0	5601592	5054492	115035	90.23313372341292	2.053612615842068	505	38	-0.02680630792103389	True	True
strain_madness	s6__SP32_S19__X__SP117_S95__c90__k5__genus	6	SP32_S19	SP117_S95	1313	257758	genus	90.0	5.0	2103320	1894967	105337	90.09408934446495	5.008130003993686	1444	344	-0.0016260007987371594	True	True
strain_madness	s6__spades_VRE2770_S9_L001__X__MIKI-NS02__c90__k10__genus	6	spades_VRE2770_S9_L001	MIKI-NS02	1352	1351	genus	90.0	10.0	3245517	2934849	324652	90.42778084354511	10.003090416719433	226	567	-0.0003090416719432554	True	True
strain_madness	s6__SP198_S01__X__SP68_S51__c90__k10__genus	6	SP198_S01	SP68_S51	1313	257758	genus	90.0	10.0	2057645	1868937	205843	90.8289330764053	10.003815040981316	112	817	-0.00038150409813155763	True	True
strain_madness	s6__SP106_S85__X__SP20_S77__c90__k10__genus	6	SP106_S85	SP20_S77	1313	1301	genus	90.0	10.0	2015226	1931903	244332	95.86532726354265	12.124297721446627	26	9	-0.21242977214466272	True	True
strain_madness	s6__SP144_S25__X__SP117_S95__c90__k15__genus	6	SP144_S25	SP117_S95	1313	257758	genus	90.0	15.0	2073909	1880642	311258	90.6810279525283	15.008276640874792	70	975	-0.0005517760583194568	True	True
strain_madness	s6__SP144_S25__X__SP117_S95__c90__k20__genus	6	SP144_S25	SP117_S95	1313	257758	genus	90.0	20.0	2073909	1887309	415209	91.0024981809713	20.020598782299512	69	1301	-0.0010299391149755977	True	True
strain_madness	s6__spades_VRE3043_S21_L001__X__MIKI-NS02__c90__k20__genus	6	spades_VRE3043_S21_L001	MIKI-NS02	1352	1351	genus	90.0	20.0	3001125	2713385	600275	90.41226206839102	20.001666041900954	138	1091	-8.330209504769925e-05	True	True
strain_madness	s6__SP53_S39__X__SP21_S92__c90__k20__genus	6	SP53_S39	SP21_S92	1313	68892	genus	90.0	20.0	2156089	1960199	431622	90.91456799788877	20.018746907015434	49	631	-0.0009373453507716789	True	True
strain_madness	s6__SP56_S42__X__SP21_S92__c90__k20__genus	6	SP56_S42	SP21_S92	1313	68892	genus	90.0	20.0	2048034	1913824	409777	93.44688613567939	20.008310408909228	40	589	-0.00041552044546140366	True	True
strain_madness	s6__SP53_S39__X__MIKI-NS12__c90__k2__family	6	SP53_S39	MIKI-NS12	1313	1363	family	90.0	2.0	2156089	2036826	43476	94.46854930385527	2.0164288208881915	54	47	-0.008214410444095765	True	True
strain_madness	s6__spades_ESBL6455_S6_L001__X__spades_And9722_S8_L001__c90__k5__family	6	spades_ESBL6455_S6_L001	spades_And9722_S8_L001	562	543	family	90.0	5.0	4857585	4372187	243327	90.00742138325937	5.009217543285398	3154	446	-0.0018435086570795177	True	True
strain_madness	s6__spades_And11624_S6_L001__X__spades_ESBL6759Q_S12_L001__c90__k5__family	6	spades_And11624_S6_L001	spades_ESBL6759Q_S12_L001	1639133	573	family	90.0	5.0	4961806	4469967	248235	90.08750039804055	5.002916276855645	951	707	-0.0005832553711289989	True	True
strain_madness	s6__SP198_S01__X__MIKI-NS12__c90__k5__family	6	SP198_S01	MIKI-NS12	1313	1363	family	90.0	5.0	2057645	1886423	103060	91.67873952989947	5.008638516362152	104	114	-0.0017277032724303254	True	True
strain_madness	s6__spades_ESBL6455_S6_L001__X__spades_And5284_S5_L001__c90__k10__family	6	spades_ESBL6455_S6_L001	spades_And5284_S5_L001	562	573	family	90.0	10.0	4857585	4371863	486000	90.00075140218854	10.004971606261137	3155	1775	-0.0004971606261136685	True	True
strain_madness	s6__SP100_S81__X__MIKI-NS12__c90__k10__family	6	SP100_S81	MIKI-NS12	1313	1363	family	90.0	10.0	2092705	1888117	209949	90.22375346740223	10.032422152190586	134	228	-0.003242215219058586	True	True
strain_madness	s6__MIKI-NS11__X__MIKI-NS10__c90__k10__family	6	MIKI-NS11	MIKI-NS10	97137	1598	family	90.0	10.0	2039212	1854421	204256	90.93811727275046	10.016418106601963	125	647	-0.0016418106601962634	True	True
strain_madness	s6__spades_And6241_S2_L001__X__spades_ESBL5734_S3_L001__c90__k15__family	6	spades_And6241_S2_L001	spades_ESBL5734_S3_L001	573	562	family	90.0	15.0	5482102	5004661	822369	91.29091359482184	15.00097955127431	55	3100	-6.530341828738054e-05	True	True
strain_madness	s6__spades_ESBL6455_S6_L001__X__spades_And5284_S5_L001__c90__k15__family	6	spades_ESBL6455_S6_L001	spades_And5284_S5_L001	562	573	family	90.0	15.0	4857585	4373687	728689	90.038300925254	15.00105505101815	3161	2666	-7.033673454337475e-05	True	True
strain_madness	s6__spades_ESBL6364_S9_L001__X__spades_ESBL7862_S8_L001__c90__k15__family	6	spades_ESBL6364_S9_L001	spades_ESBL7862_S8_L001	562	573	family	90.0	15.0	5323526	4792356	798598	90.02221459987234	15.001298011881598	141	3008	-8.653412543987807e-05	True	True
strain_madness	s6__spades_And11624_S6_L001__X__spades_ESBL7410_S11_L001__c90__k15__family	6	spades_And11624_S6_L001	spades_ESBL7410_S11_L001	1639133	543	family	90.0	15.0	4961806	4477490	744562	90.23911857900127	15.005866815429705	946	2878	-0.00039112102864701605	True	True
strain_madness	s6__spades_And8655_S10_L001__X__spades_And11624_S6_L001__c90__k15__family	6	spades_And8655_S10_L001	spades_And11624_S6_L001	573	1639133	family	90.0	15.0	5601592	5071570	841105	90.53801133677712	15.015463461101772	514	179	-0.0010308974067848216	True	True
strain_madness	s6__spades_And8655_S10_L001__X__spades_And4355_S8_L001__c90__k20__family	6	spades_And8655_S10_L001	spades_And4355_S8_L001	573	562	family	90.0	20.0	5601592	5042722	1120430	90.02301488576819	20.001992290763056	508	4075	-9.961453815279241e-05	True	True
strain_madness	s6__SP112_S90__X__MIKI-NS12__c90__k20__family	6	SP112_S90	MIKI-NS12	1313	1363	family	90.0	20.0	2079727	1872508	416940	90.03624033346685	20.047823584537777	862	459	-0.0023911792268888734	True	True
strain_madness	s6__SP106_S85__X__MIKI-NS12__c90__k20__family	6	SP106_S85	MIKI-NS12	1313	1363	family	90.0	20.0	2015226	1819278	404730	90.27662406102343	20.08360352635387	23	442	-0.004180176317693451	True	True
strain_madness	s6__SP95_S76__X__spades_VRE2943_S1_L001__c90__k2__order	6	SP95_S76	spades_VRE2943_S1_L001	1313	1352	order	90.0	2.0	2053291	1853701	41133	90.27950738594772	2.003271820701498	745	141	-0.001635910350749059	True	True
strain_madness	s6__SP198_S01__X__spades_VRE2941_S2_L001__c90__k2__order	6	SP198_S01	spades_VRE2941_S2_L001	1313	1352	order	90.0	2.0	2057645	1856472	41573	90.22314344797086	2.020416544156062	110	124	-0.010208272078030989	True	True
strain_madness	s6__spades_VRE2770_S9_L001__X__SP137_S18__c90__k2__order	6	spades_VRE2770_S9_L001	SP137_S18	1352	1313	order	90.0	2.0	3245517	2927742	65001	90.20880186423304	2.002793391622968	239	262	-0.001396695811483939	True	True
strain_madness	s6__SP32_S19__X__spades_VRE2906_S11_L001__c90__k5__order	6	SP32_S19	spades_VRE2906_S11_L001	1313	1352	order	90.0	5.0	2103320	1894156	105371	90.05553125534868	5.009746496015823	1445	446	-0.0019492992031645783	True	True
strain_madness	s6__SP160_S41__X__spades_VRE2913_S13_L001__c90__k5__order	6	SP160_S41	spades_VRE2913_S13_L001	1313	1352	order	90.0	5.0	2045367	1841759	102412	90.04540505444744	5.007023189481399	514	407	-0.001404637896279759	True	True
strain_madness	s6__SP157_S38__X__spades_VRE3766_S8_L001__c90__k5__order	6	SP157_S38	spades_VRE3766_S8_L001	1313	1352	order	90.0	5.0	2048216	1861899	102433	90.90344963617119	5.0010838700605795	196	423	-0.00021677401211590565	True	True
strain_madness	s6__SP157_S38__X__spades_VRE2943_S1_L001__c90__k10__order	6	SP157_S38	spades_VRE2943_S1_L001	1313	1352	order	90.0	10.0	2048216	1850042	204961	90.32455561327517	10.006805922812829	185	688	-0.0006805922812828768	True	True
strain_madness	s6__SP133_S14__X__spades_VRE3783_S7_L001__c90__k10__order	6	SP133_S14	spades_VRE3783_S7_L001	1313	1352	order	90.0	10.0	1991005	1792598	199236	90.03483165537003	10.006805608222983	512	807	-0.000680560822298304	True	True
strain_madness	s6__SP50_S37__X__spades_VRE2770_S9_L001__c90__k15__order	6	SP50_S37	spades_VRE2770_S9_L001	1313	1352	order	90.0	15.0	1958348	1762903	303530	90.01990453177882	15.499288175543876	106	23	-0.03328587836959175	True	True
strain_madness	s6__SP198_S01__X__MIKI-NS02__c90__k15__order	6	SP198_S01	MIKI-NS02	1313	1351	order	90.0	15.0	2057645	1894070	308928	92.05037798065264	15.013668538547709	112	577	-0.0009112359031805776	True	True
strain_madness	s6__MIKI-NS24__X__MIKI-NS15__c90__k15__order	6	MIKI-NS24	MIKI-NS15	671267	1235803	order	90.0	15.0	5364208	4842188	804973	90.26846087996587	15.006371863283452	977	3156	-0.0004247908855634345	True	True
strain_madness	s6__SP27_S15__X__spades_VRE3967_S23_L001__c90__k15__order	6	SP27_S15	spades_VRE3967_S23_L001	1313	1352	order	90.0	15.0	1980747	1793636	297447	90.55351339671346	15.016910286876618	648	859	-0.001127352458441185	True	True
strain_madness	s6__SP53_S39__X__spades_VRE2943_S1_L001__c90__k20__order	6	SP53_S39	spades_VRE2943_S1_L001	1313	1352	order	90.0	20.0	2156089	2014319	431480	93.4246684622017	20.012160908014465	56	1471	-0.0006080454007232561	True	True
strain_madness	s6__SP106_S85__X__MIKI-NS11__c90__k20__order	6	SP106_S85	MIKI-NS11	1313	97137	order	90.0	20.0	2015226	1840191	423691	91.31437367322573	21.024490553416836	26	27	-0.051224527670841805	True	True
strain_madness	s6__SP100_S81__X__MIKI-NS09__c90__k20__order	6	SP100_S81	MIKI-NS09	1313	97137	order	90.0	20.0	2092705	1903214	418863	90.94516427303418	20.01538678409045	131	1390	-0.0007693392045224456	True	True
strain_madness	s6__spades_MRSA9344_S6_L001__X__SP101_S82__c90__k2__class	6	spades_MRSA9344_S6_L001	SP101_S82	1280	1313	class	90.0	2.0	2785341	2506938	55921	90.00470678455528	2.0076895432193043	2182	178	-0.003844771609652131	True	True
strain_madness	s6__MIKI-NS11__X__spades_MRSA7113_S2_L001__c90__k2__class	6	MIKI-NS11	spades_MRSA7113_S2_L001	97137	1280	class	90.0	2.0	2039212	1842725	40800	90.36456238978586	2.0007728475509166	119	177	-0.0003864237754582778	True	True
strain_madness	s6__SP100_S81__X__spades_MRSA7796_S10_L001__c90__k2__class	6	SP100_S81	spades_MRSA7796_S10_L001	1313	1280	class	90.0	2.0	2092705	1906596	42219	91.10677329102764	2.017436762467715	137	19	-0.008718381233857597	True	True
strain_madness	s6__SP27_S15__X__spades_MRSA9344_S6_L001__c90__k2__class	6	SP27_S15	spades_MRSA9344_S6_L001	1313	1280	class	90.0	2.0	1980747	1793759	39975	90.55972317514554	2.0181779904248245	644	39	-0.009088995212412243	True	True
strain_madness	s6__SP20_S77__X__spades_MRSA7796_S10_L001__c90__k2__class	6	SP20_S77	spades_MRSA7796_S10_L001	1301	1280	class	90.0	2.0	2202269	2018480	44206	91.65456172701882	2.0072933869568157	80	37	-0.0036466934784078475	True	True
strain_madness	s6__spades_MRSA7124_S4_L001__X__SP69_S52__c90__k2__class	6	spades_MRSA7124_S4_L001	SP69_S52	1280	1313	class	90.0	2.0	2778919	2502608	55632	90.05688902771186	2.001929527273015	673	229	-0.0009647636365075485	True	True
strain_madness	s6__SP57_S43__X__spades_MRSA7133_S3_L001__c90__k5__class	6	SP57_S43	spades_MRSA7133_S3_L001	1313	1280	class	90.0	5.0	1969838	1777156	98677	90.21838344066873	5.009396711810819	77	407	-0.001879342362163783	True	True
strain_madness	s6__SP198_S01__X__spades_MRSA7286_S4_L001__c90__k5__class	6	SP198_S01	spades_MRSA7286_S4_L001	1313	1280	class	90.0	5.0	2057645	1856180	102958	90.20895246750533	5.00368139304885	109	214	-0.0007362786097699469	True	True
strain_madness	s6__SP57_S43__X__spades_MRSA7124_S4_L001__c90__k10__class	6	SP57_S43	spades_MRSA7124_S4_L001	1313	1280	class	90.0	10.0	1969838	1781065	200609	90.41682615524728	10.184035438447223	75	55	-0.018403543844722314	True	True
strain_madness	s6__spades_MRSA9344_S6_L001__X__SP172_S53__c90__k10__class	6	spades_MRSA9344_S6_L001	SP172_S53	1280	1313	class	90.0	10.0	2785341	2506977	279520	90.00610697218043	10.035396025118647	2180	578	-0.0035396025118647144	True	True
strain_madness	s6__SP44_S31__X__spades_MRSA8595_S7_L001__c90__k10__class	6	SP44_S31	spades_MRSA8595_S7_L001	1313	1280	class	90.0	10.0	2047099	1842996	204862	90.02964683193143	10.007430026588846	1745	776	-0.0007430026588846061	True	True
strain_madness	s6__SP157_S38__X__spades_MRSA8758_S5_L001__c90__k15__class	6	SP157_S38	spades_MRSA8758_S5_L001	1313	1280	class	90.0	15.0	2048216	1845745	307784	90.1147632866846	15.026930753397103	184	179	-0.0017953835598068697	True	True
strain_madness	s6__SP100_S81__X__spades_MRSA7124_S4_L001__c90__k15__class	6	SP100_S81	spades_MRSA7124_S4_L001	1313	1280	class	90.0	15.0	2092705	1884656	323609	90.0583694309518	15.46367022585601	132	94	-0.03091134839040066	True	True
strain_madness	s6__spades_MRSA9344_S6_L001__X__SP103_S83__c90__k15__class	6	spades_MRSA9344_S6_L001	SP103_S83	1280	1313	class	90.0	15.0	2785341	2506971	417974	90.00589155869963	15.006205703359122	2187	1559	-0.0004137135572747752	True	True
strain_madness	s6__SP112_S90__X__spades_MRSA7286_S4_L001__c90__k15__class	6	SP112_S90	spades_MRSA7286_S4_L001	1313	1280	class	90.0	15.0	2079727	1878979	312254	90.34738694068982	15.01418214986871	854	664	-0.0009454766579139573	True	True
strain_madness	s6__SP20_S77__X__spades_MRSA8007_S12_L001__c90__k20__class	6	SP20_S77	spades_MRSA8007_S12_L001	1301	1280	class	90.0	20.0	2202269	2028267	440585	92.09896701992355	20.005957492023	88	1652	-0.0002978746011500277	True	True
strain_madness	s6__SP106_S85__X__spades_MRSA7172_S1_L001__c90__k20__class	6	SP106_S85	spades_MRSA7172_S1_L001	1313	1280	class	90.0	20.0	2015226	2004660	403136	99.47569156015255	20.004505698120212	28	1151	-0.00022528490601061434	True	True
strain_madness	s6__SP53_S39__X__spades_MRSA8013_S11_L001__c90__k20__class	6	SP53_S39	spades_MRSA8013_S11_L001	1313	1280	class	90.0	20.0	2156089	1975719	530898	91.63438986052988	24.62319505363647	55	10	-0.23115975268182343	True	True
strain_madness	s6__SP160_S41__X__spades_MRSA7129_S1_L001__c90__k20__class	6	SP160_S41	spades_MRSA7129_S1_L001	1313	1280	class	90.0	20.0	2045367	1841828	522593	90.04877853216563	25.550084654734334	503	4	-0.2775042327367167	True	True
strain_madness	s6__SP133_S14__X__spades_MRSA7124_S4_L001__c90__k20__class	6	SP133_S14	spades_MRSA7124_S4_L001	1313	1280	class	90.0	20.0	1991005	1792635	398265	90.03669001333498	20.003214457020448	492	107	-0.00016072285102239903	True	True
strain_madness	s6__SP11_S8__X__spades_MRSA9344_S6_L001__c90__k20__class	6	SP11_S8	spades_MRSA9344_S6_L001	1313	1280	class	90.0	20.0	2065838	1860356	413651	90.05333428855505	20.023399705107565	1532	334	-0.0011699852553782365	True	True
strain_madness	s6__spades_MRSA8013_S11_L001__X__MIKI-NS11__c90__k20__class	6	spades_MRSA8013_S11_L001	MIKI-NS11	1280	97137	class	90.0	20.0	2739001	2738757	548950	99.99109164253682	20.041978809062137	28	40	-0.0020989404531068347	True	True
strain_madness	s6__SP39_S26__X__spades_MRSA7295_S3_L001__c90__k20__class	6	SP39_S26	spades_MRSA7295_S3_L001	1313	1280	class	90.0	20.0	2010726	1861203	402258	92.56373071219052	20.00560991403105	24	1413	-0.0002804957015525744	True	True
strain_madness	s6__spades_MRSA9344_S6_L001__X__SP161_S42__c90__k20__class	6	spades_MRSA9344_S6_L001	SP161_S42	1280	1313	class	90.0	20.0	2785341	2506875	557179	90.00244494300698	20.003977968945275	2179	1861	-0.00019889844726375116	True	True
strain_madness	s6__spades_VRE3043_S21_L001__X__MIKI-NS20__c90__k2__phylum	6	spades_VRE3043_S21_L001	MIKI-NS20	1352	186802	phylum	90.0	2.0	3001125	2726540	60047	90.85059769253196	2.0008163605314673	144	72	-0.0004081802657336375	True	True
strain_madness	s6__SP100_S81__X__MIKI-NS20__c90__k2__phylum	6	SP100_S81	MIKI-NS20	1313	186802	phylum	90.0	2.0	2092705	1961073	42637	93.70995911989506	2.0374109107590415	131	48	-0.01870545537952073	True	True
strain_madness	s6__SP198_S01__X__MIKI-NS20__c90__k2__phylum	6	SP198_S01	MIKI-NS20	1313	186802	phylum	90.0	2.0	2057645	1870586	43597	90.90907323663703	2.1187814224513946	105	40	-0.05939071122569728	True	True
strain_madness	s6__spades_MRSA7796_S10_L001__X__MIKI-NS20__c90__k5__phylum	6	spades_MRSA7796_S10_L001	MIKI-NS20	1280	186802	phylum	90.0	5.0	2763305	2487300	139046	90.01177937288863	5.03187306504349	1649	167	-0.006374613008697949	True	True
strain_madness	s6__SP157_S38__X__MIKI-NS20__c90__k10__phylum	6	SP157_S38	MIKI-NS20	1313	186802	phylum	90.0	10.0	2048216	1857138	205082	90.671003448855	10.012713502872744	185	245	-0.0012713502872744088	True	True
strain_madness	s6__SP160_S41__X__MIKI-NS20__c90__k10__phylum	6	SP160_S41	MIKI-NS20	1313	186802	phylum	90.0	10.0	2045367	1849550	205544	90.42631469071321	10.049247885587281	518	252	-0.00492478855872811	True	True
strain_madness	s6__spades_VRE3043_S21_L001__X__MIKI-NS20__c90__k10__phylum	6	spades_VRE3043_S21_L001	MIKI-NS20	1352	186802	phylum	90.0	10.0	3001125	2702469	300873	90.04853180057478	10.025340497313508	143	381	-0.0025340497313507625	True	True
strain_madness	s6__spades_MRSA8013_S11_L001__X__MIKI-NS20__c90__k15__phylum	6	spades_MRSA8013_S11_L001	MIKI-NS20	1280	186802	phylum	90.0	15.0	2739001	2577882	411087	94.117599811026	15.008647313381777	25	531	-0.0005764875587851511	True	True
strain_madness	s6__SP160_S41__X__MIKI-NS20__c90__k15__phylum	6	SP160_S41	MIKI-NS20	1313	186802	phylum	90.0	15.0	2045367	1860374	307331	90.9555106736346	15.025714211679372	515	387	-0.0017142807786247735	True	True
strain_madness	s6__SP198_S01__X__MIKI-NS20__c90__k15__phylum	6	SP198_S01	MIKI-NS20	1313	186802	phylum	90.0	15.0	2057645	1856587	308835	90.22873236151037	15.009148808467932	109	380	-0.0006099205645288208	True	True
strain_madness	s6__SP56_S42__X__MIKI-NS20__c90__k15__phylum	6	SP56_S42	MIKI-NS20	1313	186802	phylum	90.0	15.0	2048034	1848655	308331	90.26485888417868	15.054974673272026	36	407	-0.0036649782181350805	True	True
strain_madness	s6__SP11_S8__X__MIKI-NS20__c90__k15__phylum	6	SP11_S8	MIKI-NS20	1313	186802	phylum	90.0	15.0	2065838	1864083	309965	90.23374533724329	15.004322701005597	1533	394	-0.0002881800670397894	True	True
strain_madness	s6__SP133_S14__X__MIKI-NS20__c90__k20__phylum	6	SP133_S14	MIKI-NS20	1313	186802	phylum	90.0	20.0	1991005	1797197	398455	90.26582052782389	20.01275737629991	504	485	-0.000637868814995457	True	True
strain_madness	s6__spades_MRSA7796_S10_L001__X__MIKI-NS20__c90__k20__phylum	6	spades_MRSA7796_S10_L001	MIKI-NS20	1280	186802	phylum	90.0	20.0	2763305	2487471	553049	90.01796761486698	20.01404115723744	1652	700	-0.0007020578618719853	True	True
strain_madness	s6__SP110_S88__X__MIKI-NS20__c90__k20__phylum	6	SP110_S88	MIKI-NS20	1313	186802	phylum	90.0	20.0	2140902	1926959	428300	90.00687560663683	20.005586430392423	670	554	-0.00027932151962115623	True	True
strain_madness	s6__spades_MRSA7129_S1_L001__X__MIKI-NS20__c90__k20__phylum	6	spades_MRSA7129_S1_L001	MIKI-NS20	1280	186802	phylum	90.0	20.0	2824465	2622189	565993	92.83843134894573	20.03894542860329	41	725	-0.0019472714301645767	True	True
strain_madness	s6__spades_MRSA9344_S6_L001__X__MIKI-NS20__c90__k20__phylum	6	spades_MRSA9344_S6_L001	MIKI-NS20	1280	186802	phylum	90.0	20.0	2785341	2507328	557137	90.0187086608067	20.002470074579737	2174	740	-0.00012350372898684014	True	True
strain_madness	s6__spades_MRSA8758_S5_L001__X__MIKI-NS20__c90__k20__phylum	6	spades_MRSA8758_S5_L001	MIKI-NS20	1280	186802	phylum	90.0	20.0	2816182	2537336	564430	90.09843824014214	20.042383624353825	1296	712	-0.002119181217691235	True	True
strain_madness	s6__spades_VRE2770_S9_L001__X__MIKI-NS20__c90__k20__phylum	6	spades_VRE2770_S9_L001	MIKI-NS20	1352	186802	phylum	90.0	20.0	3245517	2928473	649186	90.23132524032381	20.002545049063063	229	838	-0.00012725245315312606	True	True
strain_madness	s7__SP94_S75__X__SP12_S9__c60__k2__species	7	SP94_S75	SP12_S9	1313	1313	species	60.0	2.0	2078602	1267281	41745	60.96794865010233	2.0083209772722244	151	21	-0.004160488636112181	True	True
strain_madness	s7__spades_And9076_S11_L001__X__spades_And9387_S6_L001__c60__k2__species	7	spades_And9076_S11_L001	spades_And9387_S6_L001	573	573	species	60.0	2.0	5583272	3349982	111873	60.000336720116806	2.003717533374695	7046	459	-0.001858766687347524	True	True
strain_madness	s7__spades_VRE3967_S23_L001__X__spades_VRE3342_S6_L001__c60__k5__species	7	spades_VRE3967_S23_L001	spades_VRE3342_S6_L001	1352	1352	species	60.0	5.0	3008458	1805165	150461	60.00299821370283	5.001266429513059	4174	430	-0.0002532859026118217	True	True
strain_madness	s7__spades_ESBL6164_S11_L001__X__spades_ESBL5481_S10_L001__c60__k5__species	7	spades_ESBL6164_S11_L001	spades_ESBL5481_S10_L001	562	562	species	60.0	5.0	5296034	3263005	264820	61.61223662839023	5.00034554158829	214	1067	-6.910831765800651e-05	True	True
strain_madness	s7__SP83_S66__X__SP101_S82__c60__k5__species	7	SP83_S66	SP101_S82	1313	1313	species	60.0	5.0	1980931	1189521	99311	60.04858321667943	5.0133497835108844	1212	412	-0.00266995670217689	True	True
strain_madness	s7__SP121_S3__X__SP170_S51__c60__k10__species	7	SP121_S3	SP170_S51	1313	1313	species	60.0	10.0	2078750	1247332	208090	60.00394467829224	10.01034275405893	2744	550	-0.0010342754058930482	True	True
strain_madness	s7__SP72_S55__X__SP42_S29__c60__k15__species	7	SP72_S55	SP42_S29	1313	1313	species	60.0	15.0	2008808	1205863	301357	60.02878323861713	15.001782151405212	1945	1114	-0.00011881009368082118	True	True
strain_madness	s7__spades_And8423_S6_L001__X__spades_AND8281_S12_L001__c60__k15__species	7	spades_And8423_S6_L001	spades_AND8281_S12_L001	573	573	species	60.0	15.0	5530859	3320925	829878	60.04356646951224	15.004504725215378	1535	3123	-0.00030031501435855054	True	True
strain_madness	s7__spades_ESBL5909_S5_L001__X__spades_ESBL5827_S10_L001__c60__k15__species	7	spades_ESBL5909_S5_L001	spades_ESBL5827_S10_L001	562	562	species	60.0	15.0	4903928	2942457	766594	60.002043260015235	15.632244192818492	360	17	-0.04214961285456612	True	True
strain_madness	s7__spades_ESBL8514_S7_L001__X__spades_And4858_S9_L001__c60__k20__species	7	spades_ESBL8514_S7_L001	spades_And4858_S9_L001	562	562	species	60.0	20.0	4905882	2964741	981264	60.43237485124999	20.001785611639253	193	1179	-8.928058196264744e-05	True	True
strain_madness	s7__SP70_S53__X__SP177_S57__c60__k20__species	7	SP70_S53	SP177_S57	1313	1313	species	60.0	20.0	2055688	1233455	411458	60.002052840703456	20.01558602278167	2611	871	-0.0007793011390834437	True	True
strain_madness	s7__SP132_S13__X__SP21_S92__c60__k2__genus	7	SP132_S13	SP21_S92	1313	68892	genus	60.0	2.0	2000885	1200704	40297	60.00864617406798	2.0139588232207246	2995	86	-0.006979411610362307	True	True
strain_madness	s7__SP63_S49__X__SP181_S61__c60__k2__genus	7	SP63_S49	SP181_S61	1313	28037	genus	60.0	2.0	2084429	1250793	42032	60.00650537869124	2.0164754952075605	3009	145	-0.008237747603780265	True	True
strain_madness	s7__SP92_S73__X__SP119_S1__c60__k2__genus	7	SP92_S73	SP119_S1	1313	257758	genus	60.0	2.0	2071399	1242953	41709	60.005484216222946	2.013566676434622	2653	149	-0.00678333821731103	True	True
strain_madness	s7__SP77_S60__X__SP181_S61__c60__k2__genus	7	SP77_S60	SP181_S61	1313	28037	genus	60.0	2.0	2013262	1208202	40496	60.012159371209506	2.011461995507788	3051	142	-0.005730997753893963	True	True
strain_madness	s7__spades_VRE3786_S19_L001__X__MIKI-NS02__c60__k2__genus	7	spades_VRE3786_S19_L001	MIKI-NS02	1352	1351	genus	60.0	2.0	3118152	1872472	62592	60.05069669470892	2.007342810741747	3823	81	-0.003671405370873515	True	True
strain_madness	s7__spades_And8423_S6_L001__X__spades_ESBL6643_S3_L001__c60__k2__genus	7	spades_And8423_S6_L001	spades_ESBL6643_S3_L001	573	548	genus	60.0	2.0	5530859	3320788	110623	60.04108945825594	2.0001052277774574	1529	47	-5.261388872868089e-05	True	True
strain_madness	s7__SP54_S40__X__SP21_S92__c60__k5__genus	7	SP54_S40	SP21_S92	1313	68892	genus	60.0	5.0	2028957	1217582	101637	60.010241715324675	5.009322523838603	2793	209	-0.001864504767720554	True	True
strain_madness	s7__spades_ESBL6409_S4_L001__X__spades_ESBL6643_S3_L001__c60__k5__genus	7	spades_ESBL6409_S4_L001	spades_ESBL6643_S3_L001	573	548	genus	60.0	5.0	5206730	3124404	261318	60.007029363919386	5.018850602969618	6085	125	-0.003770120593923565	True	True
strain_madness	s7__SP63_S49__X__SP20_S77__c60__k5__genus	7	SP63_S49	SP20_S77	1313	1301	genus	60.0	5.0	2084429	1250906	104336	60.01192652760061	5.005495509801485	3014	142	-0.0010991019602970553	True	True
strain_madness	s7__SP39_S26__X__SP21_S92__c60__k5__genus	7	SP39_S26	SP21_S92	1313	68892	genus	60.0	5.0	2010726	1207188	101213	60.03741932018584	5.033654510858267	2811	210	-0.006730902171653419	True	True
strain_madness	s7__SP38_S25__X__SP21_S92__c60__k5__genus	7	SP38_S25	SP21_S92	1313	68892	genus	60.0	5.0	2056653	1235250	103833	60.06117706778927	5.048639707330308	1165	236	-0.00972794146606155	True	True
strain_madness	s7__spades_ESBL6409_S4_L001__X__spades_ESBL6643_S3_L001__c60__k10__genus	7	spades_ESBL6409_S4_L001	spades_ESBL6643_S3_L001	573	548	genus	60.0	10.0	5206730	3124436	520849	60.007643953114524	10.003380240573257	6096	212	-0.00033802405732572536	True	True
strain_madness	s7__SP97_S78__X__SP21_S92__c60__k10__genus	7	SP97_S78	SP21_S92	1313	68892	genus	60.0	10.0	2008538	1296912	201314	64.56995087969459	10.022912187869983	20	431	-0.0022912187869982502	True	True
strain_madness	s7__SP54_S40__X__SP181_S61__c60__k10__genus	7	SP54_S40	SP181_S61	1313	28037	genus	60.0	10.0	2028957	1217462	203479	60.004327346513506	10.02874876106295	2770	729	-0.002874876106294977	True	True
strain_madness	s7__SP171_S52__X__SP181_S61__c60__k10__genus	7	SP171_S52	SP181_S61	1313	28037	genus	60.0	10.0	1993908	1211221	199564	60.74608256750061	10.008686458953974	133	709	-0.0008686458953974352	True	True
strain_madness	s7__spades_And5237_S4_L001__X__spades_ESBL6643_S3_L001__c60__k15__genus	7	spades_And5237_S4_L001	spades_ESBL6643_S3_L001	573	548	genus	60.0	15.0	5948456	3569970	896697	60.01506945667918	15.074449571451819	2780	362	-0.0049633047634545825	True	True
strain_madness	s7__SP187_S66__X__SP117_S95__c60__k15__genus	7	SP187_S66	SP117_S95	1313	257758	genus	60.0	15.0	1958898	1177566	331192	60.11369657838234	16.907056926904822	1102	12	-0.12713712846032146	True	True
strain_madness	s7__SP15_S89__X__SP21_S92__c60__k15__genus	7	SP15_S89	SP21_S92	1313	68892	genus	60.0	15.0	2011560	1207424	302134	60.024259778480385	15.019885064328182	2402	607	-0.001325670955212151	True	True
strain_madness	s7__SP8_S5__X__SP117_S95__c60__k20__genus	7	SP8_S5	SP117_S95	1313	257758	genus	60.0	20.0	2092144	1256744	439259	60.069670156547545	20.99563892351578	144	7	-0.04978194617578904	True	True
strain_madness	s7__SP49_S36__X__SP181_S61__c60__k20__genus	7	SP49_S36	SP181_S61	1313	28037	genus	60.0	20.0	2058421	1236294	411805	60.060308362575	20.005868575961866	647	1475	-0.00029342879809330925	True	True
strain_madness	s7__SP162_S43__X__SP181_S61__c60__k20__genus	7	SP162_S43	SP181_S61	1313	28037	genus	60.0	20.0	1982417	1193260	396579	60.192179546482905	20.00482239609527	34	1419	-0.00024111980476355656	True	True
strain_madness	s7__spades_ESBL7553_S11_L001__X__spades_ESBL6643_S3_L001__c60__k20__genus	7	spades_ESBL7553_S11_L001	spades_ESBL6643_S3_L001	573	548	genus	60.0	20.0	5395788	3238168	1081918	60.012884123690554	20.051158422087745	919	448	-0.0025579211043872617	True	True
strain_madness	s7__spades_ESBL5911_S4_L001__X__spades_And6399_S9_L001__c60__k2__family	7	spades_ESBL5911_S4_L001	spades_And6399_S9_L001	543	562	family	60.0	2.0	4902006	2941356	98164	60.00310893132322	2.002527128689765	6208	405	-0.0012635643448823952	True	True
strain_madness	s7__spades_ESBL6661_S8_L001__X__spades_And8861_S3_L001__c60__k2__family	7	spades_ESBL6661_S8_L001	spades_And8861_S3_L001	543	543	family	60.0	2.0	5049636	3033966	101127	60.08286537881146	2.0026592015741334	184	416	-0.001329600787066676	True	True
strain_madness	s7__spades_And4892_S4_L001__X__spades_And5527_S8_L001__c60__k2__family	7	spades_And4892_S4_L001	spades_And5527_S8_L001	543	573	family	60.0	2.0	5077878	3049303	101561	60.050733790768504	2.0000677448335704	1639	337	-3.3872416785207804e-05	True	True
strain_madness	s7__spades_And9454_S3_L001__X__spades_ESBL6984_S1_L001__c60__k5__family	7	spades_And9454_S3_L001	spades_ESBL6984_S1_L001	562	543	family	60.0	5.0	5576404	3346070	668067	60.00408148333585	11.98024748565563	2484	3	-1.396049497131126	True	True
strain_madness	s7__spades_And9454_S3_L001__X__spades_ESBL9440_S6_L001__c60__k10__family	7	spades_And9454_S3_L001	spades_ESBL9440_S6_L001	562	543	family	60.0	10.0	5576404	3347667	557761	60.03272001096047	10.002162684052303	2494	812	-0.0002162684052303021	True	True
strain_madness	s7__spades_And4366_S2_L001__X__spades_And4892_S4_L001__c60__k10__family	7	spades_And4366_S2_L001	spades_And4892_S4_L001	562	543	family	60.0	10.0	5364391	3219896	543072	60.02351431877356	10.123646840806346	3483	281	-0.012364684080634625	True	True
strain_madness	s7__spades_ESBL5621_S1_L001__X__spades_ESBL6760_S6_L001__c60__k10__family	7	spades_ESBL5621_S1_L001	spades_ESBL6760_S6_L001	562	543	family	60.0	10.0	5257092	3154490	525822	60.00446634755488	10.002145672930967	7248	1982	-0.0002145672930966569	True	True
strain_madness	s7__spades_ESBL6643_S3_L001__X__spades_ESBL5780_S5_L001__c60__k15__family	7	spades_ESBL6643_S3_L001	spades_ESBL5780_S5_L001	548	562	family	60.0	15.0	5120216	3073163	768299	60.02018274229056	15.005206811587636	1242	1160	-0.00034712077250903897	True	True
strain_madness	s7__SP162_S43__X__spades_VRE2224_S14_L001__c60__k2__order	7	SP162_S43	spades_VRE2224_S14_L001	1313	1352	order	60.0	2.0	1982417	1252291	39792	63.1699082483655	2.0072467094460955	41	168	-0.003623354723047756	True	True
strain_madness	s7__SP54_S40__X__spades_VRE3967_S23_L001__c60__k2__order	7	SP54_S40	spades_VRE3967_S23_L001	1313	1352	order	60.0	2.0	2028957	1217715	41231	60.01679680742372	2.032127837110397	2791	89	-0.01606391855519851	True	True
strain_madness	s7__SP113_S91__X__spades_VRE3277_S16_L001__c60__k2__order	7	SP113_S91	spades_VRE3277_S16_L001	1313	1352	order	60.0	2.0	2058653	1235665	41203	60.022985903889584	2.0014543490330814	952	168	-0.0007271745165406962	True	True
strain_madness	s7__MIKI-NS02__X__SP137_S18__c60__k5__order	7	MIKI-NS02	SP137_S18	1351	1313	order	60.0	5.0	2999969	1801665	150078	60.05612057991266	5.002651694067505	2061	607	-0.0005303388135009968	True	True
strain_madness	s7__spades_MRSA7129_S1_L001__X__MIKI-NS13__c60__k5__order	7	spades_MRSA7129_S1_L001	MIKI-NS13	1280	481743	order	60.0	5.0	2824465	1695007	141294	60.0116128187108	5.002504899157894	3764	563	-0.0005009798315787961	True	True
strain_madness	s7__SP44_S31__X__spades_VRE2770_S9_L001__c60__k10__order	7	SP44_S31	spades_VRE2770_S9_L001	1313	1352	order	60.0	10.0	2047099	1228434	204899	60.00852914294814	10.009237462379689	3019	539	-0.0009237462379688921	True	True
strain_madness	s7__SP20_S77__X__MIKI-NS11__c60__k10__order	7	SP20_S77	MIKI-NS11	1301	97137	order	60.0	10.0	2202269	1322246	220789	60.04016766344166	10.025523675808904	1860	492	-0.002552367580890369	True	True
strain_madness	s7__SP97_S78__X__spades_VRE3783_S7_L001__c60__k10__order	7	SP97_S78	spades_VRE3783_S7_L001	1313	1352	order	60.0	10.0	2008538	1250933	200857	62.28077337844741	10.000159319863503	16	798	-1.593198635028159e-05	True	True
strain_madness	s7__spades_VRE2237_S15_L001__X__SP198_S01__c60__k10__order	7	spades_VRE2237_S15_L001	SP198_S01	1352	1313	order	60.0	10.0	3010799	1806759	301082	60.009286571438345	10.000069748927112	3456	1044	-6.974892711220093e-06	True	True
strain_madness	s7__MIKI-NS10__X__SP61_S45__c60__k10__order	7	MIKI-NS10	SP61_S45	1598	1313	order	60.0	10.0	2092650	1255759	209521	60.00807588464387	10.012233292714978	2873	403	-0.001223329271497775	True	True
strain_madness	s7__SP97_S78__X__spades_VRE2237_S15_L001__c60__k15__order	7	SP97_S78	spades_VRE2237_S15_L001	1313	1352	order	60.0	15.0	2008538	1262841	301743	62.873642420506854	15.023016741530407	18	571	-0.0015344494353604669	True	True
strain_madness	s7__spades_MRSA7796_S10_L001__X__MIKI-NS13__c60__k15__order	7	spades_MRSA7796_S10_L001	MIKI-NS13	1280	481743	order	60.0	15.0	2763305	1658109	414576	60.00455975724721	15.002904131103877	3238	1629	-0.0001936087402584737	True	True
strain_madness	s7__SP39_S26__X__spades_VRE3967_S23_L001__c60__k15__order	7	SP39_S26	spades_VRE3967_S23_L001	1313	1352	order	60.0	15.0	2010726	1206651	301635	60.01071254860185	15.001298038618886	2795	670	-8.653590792574069e-05	True	True
strain_madness	s7__spades_VRE2943_S1_L001__X__SP70_S53__c60__k15__order	7	spades_VRE2943_S1_L001	SP70_S53	1352	1313	order	60.0	15.0	3128023	1877502	469223	60.02200111699946	15.000624995404445	4240	980	-4.1666360296351473e-05	True	True
strain_madness	s7__SP195_S74__X__MIKI-NS11__c60__k20__order	7	SP195_S74	MIKI-NS11	1313	97137	order	60.0	20.0	1985003	1191261	397177	60.01305791477393	20.00888663644337	2980	906	-0.00044433182216856436	True	True
strain_madness	s7__spades_MRSA7129_S1_L001__X__MIKI-NS13__c60__k20__order	7	spades_MRSA7129_S1_L001	MIKI-NS13	1280	481743	order	60.0	20.0	2824465	1694823	564962	60.00509831065352	20.00244294052148	3779	2229	-0.00012214702607398208	True	True
strain_madness	s7__spades_MRSA7286_S4_L001__X__SP12_S9__c60__k2__class	7	spades_MRSA7286_S4_L001	SP12_S9	1280	1313	class	60.0	2.0	2817370	1690522	60505	60.00354940955572	2.1475702516886317	3247	13	-0.07378512584431585	True	True
strain_madness	s7__spades_VRE3786_S19_L001__X__spades_MRSA7286_S4_L001__c60__k2__class	7	spades_VRE3786_S19_L001	spades_MRSA7286_S4_L001	1352	1280	class	60.0	2.0	3118152	1871035	62797	60.004611705907855	2.0139172176340345	3863	120	-0.006958608817017264	True	True
strain_madness	s7__SP54_S40__X__spades_MRSA7295_S3_L001__c60__k2__class	7	SP54_S40	spades_MRSA7295_S3_L001	1313	1280	class	60.0	2.0	2028957	1217925	40601	60.02714695284326	2.0010774008517678	2795	160	-0.0005387004258838868	True	True
strain_madness	s7__SP126_S7__X__spades_MRSA8013_S11_L001__c60__k5__class	7	SP126_S7	spades_MRSA8013_S11_L001	1313	1280	class	60.0	5.0	2003842	1203016	100860	60.03547185855971	5.033330971204316	2438	205	-0.006666194240863277	True	True
strain_madness	s7__MIKI-NS10__X__spades_MRSA7172_S1_L001__c60__k5__class	7	MIKI-NS10	spades_MRSA7172_S1_L001	1598	1280	class	60.0	5.0	2092650	1255806	104674	60.01032184072826	5.0019831314362175	2890	425	-0.00039662628724350667	True	True
strain_madness	s7__SP115_S93__X__spades_MRSA9344_S6_L001__c60__k10__class	7	SP115_S93	spades_MRSA9344_S6_L001	1313	1280	class	60.0	10.0	2041665	1337827	204297	65.52627389899911	10.006391841952524	15	804	-0.0006391841952524402	True	True
strain_madness	s7__SP187_S66__X__spades_MRSA7124_S4_L001__c60__k10__class	7	SP187_S66	spades_MRSA7124_S4_L001	1313	1280	class	60.0	10.0	1958898	1175700	197266	60.01843893862774	10.070253785546772	1073	104	-0.007025378554677175	True	True
strain_madness	s7__SP21_S92__X__spades_MRSA7133_S3_L001__c60__k15__class	7	SP21_S92	spades_MRSA7133_S3_L001	68892	1280	class	60.0	15.0	1689727	1014101	253478	60.015671170550036	15.001121482937776	2088	880	-7.476552918509091e-05	True	True
strain_madness	s7__SP92_S73__X__spades_MRSA7124_S4_L001__c60__k15__class	7	SP92_S73	spades_MRSA7124_S4_L001	1313	1280	class	60.0	15.0	2071399	1243358	311373	60.02503621948258	15.032014594966977	2624	144	-0.002134306331131815	True	True
strain_madness	s7__SP20_S77__X__spades_MRSA7133_S3_L001__c60__k15__class	7	SP20_S77	spades_MRSA7133_S3_L001	1301	1280	class	60.0	15.0	2202269	1321435	330449	60.00334200772022	15.004933548081548	1876	1178	-0.00032890320543650376	True	True
strain_madness	s7__SP70_S53__X__spades_MRSA7295_S3_L001__c60__k15__class	7	SP70_S53	spades_MRSA7295_S3_L001	1313	1280	class	60.0	15.0	2055688	1233898	308355	60.02360280353828	15.00008756192574	2611	1156	-5.8374617160221e-06	True	True
strain_madness	s7__SP77_S60__X__spades_MRSA7124_S4_L001__c60__k15__class	7	SP77_S60	spades_MRSA7124_S4_L001	1313	1280	class	60.0	15.0	2013262	1208200	307897	60.01206002994146	15.29343920463407	3051	132	-0.01956261364227139	True	True
strain_madness	s7__spades_VRE3021_S4_L001__X__spades_MRSA8013_S11_L001__c60__k20__class	7	spades_VRE3021_S4_L001	spades_MRSA8013_S11_L001	1352	1280	class	60.0	20.0	2952853	1771990	590889	60.00942139686602	20.010782792099707	3380	1201	-0.0005391396049853725	True	True
strain_madness	s7__spades_VRE3056_S20_L001__X__spades_MRSA8602_S6_L001__c60__k20__class	7	spades_VRE3056_S20_L001	spades_MRSA8602_S6_L001	1352	1280	class	60.0	20.0	3010057	1827271	602087	60.70552816773902	20.002511580345487	121	2242	-0.00012557901727436871	True	True
strain_madness	s7__spades_MRSA7129_S8_L001__X__spades_VRE2392_S22_L001__c60__k20__class	7	spades_MRSA7129_S8_L001	spades_VRE2392_S22_L001	1280	1352	class	60.0	20.0	2785154	1671952	566313	60.030863643446644	20.33327421033092	2631	29	-0.016663710516546006	True	True
strain_madness	s7__SP144_S25__X__spades_MRSA8187_S8_L001__c60__k20__class	7	SP144_S25	spades_MRSA8187_S8_L001	1313	1280	class	60.0	20.0	2073909	1249037	415328	60.2262201475571	20.026336738979385	47	718	-0.0013168369489692465	True	True
strain_madness	s7__SP173_S54__X__spades_MRSA7133_S3_L001__c60__k20__class	7	SP173_S54	spades_MRSA7133_S3_L001	1313	1280	class	60.0	20.0	1973592	1184346	394745	60.009667651672686	20.001347796302376	1806	1378	-6.738981511880126e-05	True	True
strain_madness	s7__SP115_S93__X__MIKI-NS20__c60__k2__phylum	7	SP115_S93	MIKI-NS20	1313	186802	phylum	60.0	2.0	2041665	1323989	41082	64.84849375387245	2.012181234433661	18	172	-0.006090617216830463	True	True
strain_madness	s7__SP54_S40__X__MIKI-NS20__c60__k2__phylum	7	SP54_S40	MIKI-NS20	1313	186802	phylum	60.0	2.0	2028957	1217519	40580	60.00713667169881	2.0000423863098136	2795	167	-2.1193154906784528e-05	True	True
strain_madness	s7__SP122_S4__X__MIKI-NS20__c60__k5__phylum	7	SP122_S4	MIKI-NS20	1313	186802	phylum	60.0	5.0	2049787	1243503	102593	60.664986166855385	5.005056622956434	67	434	-0.001011324591286744	True	True
strain_madness	s7__SP70_S53__X__MIKI-NS20__c60__k5__phylum	7	SP70_S53	MIKI-NS20	1313	186802	phylum	60.0	5.0	2055688	1234002	102886	60.02866193702546	5.004942384252863	2605	438	-0.0009884768505726172	True	True
strain_madness	s7__SP65_S80__X__MIKI-NS20__c60__k5__phylum	7	SP65_S80	MIKI-NS20	1313	186802	phylum	60.0	5.0	1985668	1191527	99286	60.00635554382706	5.000130938303886	2929	421	-2.618766077713275e-05	True	True
strain_madness	s7__spades_MRSA7129_S8_L001__X__spades_MRSA8013_S11_L001__c75__k2__species	7	spades_MRSA7129_S8_L001	spades_MRSA8013_S11_L001	1280	1280	species	75.0	2.0	2785154	2090042	55743	75.04224182935666	2.0014333139208818	3343	108	-0.0007166569604408757	True	True
strain_madness	s7__spades_ESBL5909_S5_L001__X__spades_ESBL6983_S3_L001__c75__k2__species	7	spades_ESBL5909_S5_L001	spades_ESBL6983_S3_L001	562	562	species	75.0	2.0	4903928	3686225	98324	75.16882384896353	2.0050049674465042	447	221	-0.0025024837232521246	True	True
strain_madness	s7__SP178_S58__X__SP162_S43__c75__k2__species	7	SP178_S58	SP162_S43	1313	1313	species	75.0	2.0	1925491	1445562	81613	75.07498087500798	4.238555256815015	1060	2	-1.1192776284075077	True	True
strain_madness	s7__spades_ESBL8514_S7_L001__X__spades_And9746_S7_L001__c75__k2__species	7	spades_ESBL8514_S7_L001	spades_And9746_S7_L001	562	562	species	75.0	2.0	4905882	3692191	98392	75.26049342401632	2.0055924704263166	243	312	-0.0027962352131583046	True	True
strain_madness	s7__spades_ESBL7553_S11_L001__X__spades_And8688_S9_L001__c75__k5__species	7	spades_ESBL7553_S11_L001	spades_And8688_S9_L001	573	573	species	75.0	5.0	5395788	4052353	270020	75.1021537540022	5.004273703859381	1146	1076	-0.0008547407718761946	True	True
strain_madness	s7__spades_AND4471_S1_L001__X__spades_And4355_S8_L001__c75__k5__species	7	spades_AND4471_S1_L001	spades_And4355_S8_L001	562	562	species	75.0	5.0	5368063	4049323	268470	75.4335968113638	5.001245328156544	481	916	-0.0002490656313087314	True	True
strain_madness	s7__spades_And4858_S9_L001__X__spades_ESBL6210_S10_L001__c75__k5__species	7	spades_And4858_S9_L001	spades_ESBL6210_S10_L001	562	562	species	75.0	5.0	5288817	3966635	267334	75.00042069899564	5.054703159515634	4782	46	-0.010940631903126885	True	True
strain_madness	s7__SP144_S25__X__SP139_S20__c75__k5__species	7	SP144_S25	SP139_S20	1313	1313	species	75.0	5.0	2073909	1587005	103849	76.52240286338504	5.007403892841971	60	385	-0.0014807785683942144	True	True
strain_madness	s7__spades_VRE2392_S22_L001__X__spades_VRE3967_S23_L001__c75__k10__species	7	spades_VRE2392_S22_L001	spades_VRE3967_S23_L001	1352	1352	species	75.0	10.0	3000431	2252763	300203	75.08131331798666	10.005329234366663	125	704	-0.0005329234366662661	True	True
strain_madness	s7__SP144_S25__X__SP131_S12__c75__k10__species	7	SP144_S25	SP131_S12	1313	1313	species	75.0	10.0	2073909	1588873	207391	76.61247431782205	10.000004821812336	52	584	-4.821812336075482e-07	True	True
strain_madness	s7__spades_ESBL9875_S5_L001__X__spades_ESBL7634_S2_L001__c75__k15__species	7	spades_ESBL9875_S5_L001	spades_ESBL7634_S2_L001	562	562	species	75.0	15.0	5191975	3894966	779296	75.01896677083384	15.00962543155543	7372	414	-0.0006416954370286258	True	True
strain_madness	s7__SP9_S6__X__SP93_S74__c75__k15__species	7	SP9_S6	SP93_S74	1313	1313	species	75.0	15.0	1996138	1497186	299461	75.0041329807859	15.00201889849299	2865	1015	-0.00013459323286599083	True	True
strain_madness	s7__SP61_S45__X__SP120_S2__c75__k20__species	7	SP61_S45	SP120_S2	1313	1313	species	75.0	20.0	1995963	1497834	399311	75.04317464802705	20.00593197368889	2867	1395	-0.00029659868444458225	True	True
strain_madness	s7__SP115_S93__X__SP44_S31__c75__k20__species	7	SP115_S93	SP44_S31	1313	1313	species	75.0	20.0	2041665	1624555	408390	79.57010577151492	20.002791839013746	24	995	-0.00013959195068729	True	True
strain_madness	s7__spades_And4366_S2_L001__X__spades_ESBL5621_S1_L001__c75__k20__species	7	spades_And4366_S2_L001	spades_ESBL5621_S1_L001	562	562	species	75.0	20.0	5364391	4024210	1073227	75.0170895447405	20.00650213602998	4319	2457	-0.0003251068014989755	True	True
strain_madness	s7__SP164_S45__X__SP119_S1__c75__k2__genus	7	SP164_S45	SP119_S1	1313	257758	genus	75.0	2.0	1984518	1583102	39864	79.77261985026087	2.00874973167288	40	136	-0.004374865836439978	True	True
strain_madness	s7__SP162_S43__X__SP117_S95__c75__k2__genus	7	SP162_S43	SP117_S95	1313	257758	genus	75.0	2.0	1982417	1552472	51310	78.31208065709687	2.588254640673481	46	3	-0.2941273203367405	True	True
strain_madness	s7__spades_ESBL8960_S8_L001__X__spades_ESBL6643_S3_L001__c75__k2__genus	7	spades_ESBL8960_S8_L001	spades_ESBL6643_S3_L001	573	548	genus	75.0	2.0	5673185	4255036	114804	75.00259554377303	2.0236251770390004	7656	45	-0.011812588519500178	True	True
strain_madness	s7__spades_VRE2237_S15_L001__X__MIKI-NS02__c75__k5__genus	7	spades_VRE2237_S15_L001	MIKI-NS02	1352	1351	genus	75.0	5.0	3010799	2258197	151450	75.0032466464882	5.0302261957706245	4353	164	-0.0060452391541248925	True	True
strain_madness	s7__SP83_S66__X__SP181_S61__c75__k5__genus	7	SP83_S66	SP181_S61	1313	28037	genus	75.0	5.0	1980931	1486351	99126	75.03295167777172	5.004010740404386	1487	360	-0.0008021480808771741	True	True
strain_madness	s7__SP171_S52__X__SP181_S61__c75__k5__genus	7	SP171_S52	SP181_S61	1313	28037	genus	75.0	5.0	1993908	1522158	99697	76.34043295879248	5.000080244424517	161	355	-1.604888490334133e-05	True	True
strain_madness	s7__SP115_S93__X__SP117_S95__c75__k10__genus	7	SP115_S93	SP117_S95	1313	257758	genus	75.0	10.0	2041665	1801126	251374	88.21848834162314	12.31220596914773	21	7	-0.23122059691477298	True	True
strain_madness	s7__spades_VRE3056_S20_L001__X__MIKI-NS02__c75__k10__genus	7	spades_VRE3056_S20_L001	MIKI-NS02	1352	1351	genus	75.0	10.0	3010057	2324836	301108	77.23561381063548	10.003398606737347	168	372	-0.0003398606737347265	True	True
strain_madness	s7__SP9_S6__X__SP21_S92__c75__k10__genus	7	SP9_S6	SP21_S92	1313	68892	genus	75.0	10.0	1996138	1497759	199650	75.03283841097159	10.001813501872116	2865	408	-0.0001813501872115708	True	True
strain_madness	s7__SP144_S25__X__SP20_S77__c75__k10__genus	7	SP144_S25	SP20_S77	1313	1301	genus	75.0	10.0	2073909	1558553	207699	75.15050081753829	10.014856003807303	58	271	-0.0014856003807302899	True	True
strain_madness	s7__SP81_S64__X__SP117_S95__c75__k15__genus	7	SP81_S64	SP117_S95	1313	257758	genus	75.0	15.0	1964360	1477570	314124	75.21890081247837	15.991162516035757	1109	8	-0.06607750106905048	True	True
strain_madness	s7__SP182_S62__X__SP20_S77__c75__k15__genus	7	SP182_S62	SP20_S77	1313	1301	genus	75.0	15.0	2047295	1542649	307696	75.35059676304587	15.029392442222543	111	426	-0.001959496148169511	True	True
strain_madness	s7__SP113_S91__X__SP181_S61__c75__k20__genus	7	SP113_S91	SP181_S61	1313	28037	genus	75.0	20.0	2058653	1544416	411740	75.02070528641786	20.000456609248864	1180	1464	-2.2830462443224064e-05	True	True
strain_madness	s7__SP115_S93__X__SP20_S77__c75__k20__genus	7	SP115_S93	SP20_S77	1313	1301	genus	75.0	20.0	2041665	1611178	409273	78.91490523665733	20.046040853910903	15	580	-0.0023020426955451256	True	True
strain_madness	s7__SP162_S43__X__SP181_S61__c75__k20__genus	7	SP162_S43	SP181_S61	1313	28037	genus	75.0	20.0	1982417	1522117	396555	76.78086900990054	20.003611752724073	40	1423	-0.00018058763620363295	True	True
strain_madness	s7__spades_ESBL6661_S8_L001__X__spades_ESBL9861_S4_L001__c75__k2__family	7	spades_ESBL6661_S8_L001	spades_ESBL9861_S4_L001	543	562	family	75.0	2.0	5049636	3807786	102115	75.40713825709418	2.0222249682947444	240	26	-0.011112484147372204	True	True
strain_madness	s7__spades_ESBL6210_S10_L001__X__spades_And8381_S10_L001__c75__k5__family	7	spades_ESBL6210_S10_L001	spades_And8381_S10_L001	562	573	family	75.0	5.0	4795054	3598493	239949	75.04593274653425	5.004093801654789	567	963	-0.0008187603309577796	True	True
strain_madness	s7__spades_And5237_S4_L001__X__spades_ESBL5786_S5_L001__c75__k5__family	7	spades_And5237_S4_L001	spades_ESBL5786_S5_L001	573	562	family	75.0	5.0	5948456	4461408	297885	75.00110953161627	5.00777008353092	3508	922	-0.0015540167061839582	True	True
strain_madness	s7__spades_And4892_S4_L001__X__spades_And8454_S5_L001__c75__k5__family	7	spades_And4892_S4_L001	spades_And8454_S5_L001	543	573	family	75.0	5.0	5077878	3809580	253921	75.02307066061847	5.000533687497021	1981	823	-0.00010673749940419697	True	True
strain_madness	s7__spades_And4500_S1_L001__X__spades_ESBL5852_S11_L001__c75__k10__family	7	spades_And4500_S1_L001	spades_ESBL5852_S11_L001	573	562	family	75.0	10.0	5585829	4308610	559175	77.13465628826089	10.0106000380606	43	1124	-0.001060003806060017	True	True
strain_madness	s7__spades_ESBL5909_S5_L001__X__spades_And8423_S6_L001__c75__k10__family	7	spades_ESBL5909_S5_L001	spades_And8423_S6_L001	562	573	family	75.0	10.0	4903928	3706867	495454	75.58975172555552	10.103207061767629	462	232	-0.010320706176762862	True	True
strain_madness	s7__spades_ESBL6984_S1_L001__X__spades_And11624_S6_L001__c75__k15__family	7	spades_ESBL6984_S1_L001	spades_And11624_S6_L001	543	1639133	family	75.0	15.0	5169466	3980657	776019	77.0032533340968	15.011589204765057	63	2760	-0.0007726136510038136	True	True
strain_madness	s7__spades_ESBL6643_S3_L001__X__spades_ESBL9318_S2_L001__c75__k15__family	7	spades_ESBL6643_S3_L001	spades_ESBL9318_S2_L001	548	562	family	75.0	15.0	5120216	3844517	768087	75.08505500549195	15.001066361262884	1512	2886	-7.109075085895236e-05	True	True
strain_madness	s7__spades_ESBL6164_S11_L001__X__spades_ESBL6643_S3_L001__c75__k20__family	7	spades_ESBL6164_S11_L001	spades_ESBL6643_S3_L001	562	548	family	75.0	20.0	5296034	3985004	1061590	75.24506073790312	20.044999711104573	288	406	-0.002249985555228662	True	True
strain_madness	s7__spades_ESBL7553_S11_L001__X__spades_ESBL8411_S7_L001__c75__k20__family	7	spades_ESBL7553_S11_L001	spades_ESBL8411_S7_L001	573	562	family	75.0	20.0	5395788	4052646	1085698	75.10758391545406	20.121213064708993	1152	703	-0.0060606532354496425	True	True
strain_madness	s7__spades_ESBL6210_S10_L001__X__spades_ESBL6643_S3_L001__c75__k20__family	7	spades_ESBL6210_S10_L001	spades_ESBL6643_S3_L001	562	548	family	75.0	20.0	4795054	3598293	959964	75.04176178203625	20.019878816797476	559	389	-0.000993940839873808	True	True
strain_madness	s7__SP12_S9__X__MIKI-NS10__c75__k2__order	7	SP12_S9	MIKI-NS10	1313	1598	order	75.0	2.0	1985084	1490780	39842	75.0990890058053	2.0070687185025924	662	91	-0.003534359251296193	True	True
strain_madness	s7__SP49_S36__X__spades_VRE3043_S21_L001__c75__k2__order	7	SP49_S36	spades_VRE3043_S21_L001	1313	1352	order	75.0	2.0	2058421	1544375	41232	75.02716888333339	2.0030887753282736	838	176	-0.0015443876641367815	True	True
strain_madness	s7__SP164_S45__X__spades_VRE3043_S21_L001__c75__k2__order	7	SP164_S45	spades_VRE3043_S21_L001	1313	1352	order	75.0	2.0	1984518	1503279	39888	75.75033333030993	2.009959093341557	42	165	-0.00497954667077849	True	True
strain_madness	s7__SP38_S25__X__spades_VRE3786_S19_L001__c75__k5__order	7	SP38_S25	spades_VRE3786_S19_L001	1313	1352	order	75.0	5.0	2056653	1542773	102939	75.01377237676944	5.005171023016523	1466	201	-0.001034204603304545	True	True
strain_madness	s7__SP182_S62__X__spades_VRE3253_S17_L001__c75__k5__order	7	SP182_S62	spades_VRE3253_S17_L001	1313	1352	order	75.0	5.0	2047295	1538556	102410	75.15067442649935	5.002210233503233	123	234	-0.0004420467006465145	True	True
strain_madness	s7__SP162_S43__X__MIKI-NS02__c75__k5__order	7	SP162_S43	MIKI-NS02	1313	1351	order	75.0	5.0	1982417	1559314	99764	78.65721490483587	5.032442720174413	41	106	-0.006488544034882615	True	True
strain_madness	s7__SP174_S55__X__spades_VRE3786_S19_L001__c75__k5__order	7	SP174_S55	spades_VRE3786_S19_L001	1313	1352	order	75.0	5.0	2117559	1589039	105940	75.04107323573983	5.002930260738898	800	218	-0.0005860521477796254	True	True
strain_madness	s7__SP94_S75__X__spades_VRE3786_S19_L001__c75__k5__order	7	SP94_S75	spades_VRE3786_S19_L001	1313	1352	order	75.0	5.0	2078602	1559754	104312	75.03860767958464	5.018372925649066	200	227	-0.0036745851298132237	True	True
strain_madness	s7__SP83_S66__X__spades_VRE3766_S8_L001__c75__k5__order	7	SP83_S66	spades_VRE3766_S8_L001	1313	1352	order	75.0	5.0	1980931	1485893	99246	75.00983123591887	5.010068498095087	1502	287	-0.0020136996190174726	True	True
strain_madness	s7__SP171_S52__X__MIKI-NS09__c75__k5__order	7	SP171_S52	MIKI-NS09	1313	97137	order	75.0	5.0	1993908	1499385	99730	75.19830403408783	5.001735285680182	160	278	-0.00034705713603635504	True	True
strain_madness	s7__SP83_S66__X__spades_VRE3766_S8_L001__c75__k10__order	7	SP83_S66	spades_VRE3766_S8_L001	1313	1352	order	75.0	10.0	1980931	1488408	199125	75.13679174085317	10.052091668008629	1455	568	-0.005209166800862875	True	True
strain_madness	s7__spades_MRSA7286_S4_L001__X__MIKI-NS13__c75__k10__order	7	spades_MRSA7286_S4_L001	MIKI-NS13	1280	481743	order	75.0	10.0	2817370	2113218	281947	75.00676162520365	10.007453760067014	4077	1116	-0.0007453760067013704	True	True
strain_madness	s7__SP117_S95__X__spades_VRE3786_S19_L001__c75__k15__order	7	SP117_S95	spades_VRE3786_S19_L001	257758	1352	order	75.0	15.0	2236418	1798773	336137	80.43098383218164	15.030150893079917	56	704	-0.0020100595386611055	True	True
strain_madness	s7__MIKI-NS02__X__SP12_S9__c75__k15__order	7	MIKI-NS02	SP12_S9	1351	1313	order	75.0	15.0	2999969	2250135	453213	75.0052750545089	15.10725610831312	2584	198	-0.007150407220874655	True	True
strain_madness	s7__spades_VRE3056_S20_L001__X__SP170_S51__c75__k15__order	7	spades_VRE3056_S20_L001	SP170_S51	1352	1313	order	75.0	15.0	3010057	2259451	451904	75.06339580944812	15.013137624968564	171	1202	-0.0008758416645709607	True	True
strain_madness	s7__SP8_S5__X__spades_VRE3783_S7_L001__c75__k15__order	7	SP8_S5	spades_VRE3783_S7_L001	1313	1352	order	75.0	15.0	2092144	1572471	313869	75.16074419351632	15.002265618427794	188	1264	-0.00015104122851958835	True	True
strain_madness	s7__SP8_S5__X__spades_MRSA7124_S4_L001__c75__k2__class	7	SP8_S5	spades_MRSA7124_S4_L001	1313	1280	class	75.0	2.0	2092144	1569124	44087	75.00076476571402	2.1072641271346524	181	24	-0.053632063567326194	True	True
strain_madness	s7__SP173_S54__X__spades_MRSA7295_S3_L001__c75__k2__class	7	SP173_S54	spades_MRSA7295_S3_L001	1313	1280	class	75.0	2.0	1973592	1482112	39698	75.0971832070661	2.0114593087122365	2238	154	-0.0057296543561182744	True	True
strain_madness	s7__SP174_S55__X__spades_MRSA7119_S2_L001__c75__k2__class	7	SP174_S55	spades_MRSA7119_S2_L001	1313	1280	class	75.0	2.0	2117559	1594359	42486	75.29230590505388	2.006366764751301	814	173	-0.003183382375650412	True	True
strain_madness	s7__spades_VRE3056_S20_L001__X__spades_MRSA8187_S8_L001__c75__k5__class	7	spades_VRE3056_S20_L001	spades_MRSA8187_S8_L001	1352	1280	class	75.0	5.0	3010057	2269438	150902	75.3951835463581	5.013260546228858	149	254	-0.002652109245771683	True	True
strain_madness	s7__SP178_S58__X__spades_MRSA8187_S8_L001__c75__k5__class	7	SP178_S58	spades_MRSA8187_S8_L001	1313	1280	class	75.0	5.0	1925491	1445014	96296	75.0465206017582	5.001114001571548	1036	183	-0.00022280031430952363	True	True
strain_madness	s7__SP182_S62__X__spades_MRSA8187_S8_L001__c75__k5__class	7	SP182_S62	spades_MRSA8187_S8_L001	1313	1280	class	75.0	5.0	2047295	1613535	103641	78.81301913012048	5.062338353779011	127	176	-0.012467670755802195	True	True
strain_madness	s7__SP115_S93__X__spades_MRSA7129_S1_L001__c75__k5__class	7	SP115_S93	spades_MRSA7129_S1_L001	1313	1280	class	75.0	5.0	2041665	1595689	102423	78.15625971939569	5.016640829910881	21	228	-0.0033281659821762233	True	True
strain_madness	s7__SP171_S52__X__spades_MRSA7830_S9_L001__c75__k5__class	7	SP171_S52	spades_MRSA7830_S9_L001	1313	1280	class	75.0	5.0	1993908	1506665	99848	75.56341616564055	5.007653311988316	163	410	-0.001530662397663285	True	True
strain_madness	s7__spades_MRSA7129_S8_L001__X__SP189_S68__c75__k10__class	7	spades_MRSA7129_S8_L001	SP189_S68	1280	1313	class	75.0	10.0	2785154	2089056	278539	75.00683983722264	10.000847349913146	3332	1067	-8.473499131458339e-05	True	True
strain_madness	s7__SP182_S62__X__spades_MRSA8602_S6_L001__c75__k10__class	7	SP182_S62	spades_MRSA8602_S6_L001	1313	1280	class	75.0	10.0	2047295	1537919	205186	75.11956020016656	10.022297714789515	116	768	-0.00222977147895147	True	True
strain_madness	s7__SP9_S6__X__spades_MRSA7295_S3_L001__c75__k10__class	7	SP9_S6	spades_MRSA7295_S3_L001	1313	1280	class	75.0	10.0	1996138	1497805	199969	75.03514286086433	10.01779436091092	2861	758	-0.0017794360910919238	True	True
strain_madness	s7__SP75_S58__X__spades_MRSA7172_S1_L001__c75__k10__class	7	SP75_S58	spades_MRSA7172_S1_L001	1313	1280	class	75.0	10.0	2079412	1563462	208008	75.18769729134966	10.00321244659548	325	844	-0.0003212446595480145	True	True
strain_madness	s7__SP117_S95__X__spades_MRSA7129_S1_L001__c75__k20__class	7	SP117_S95	spades_MRSA7129_S1_L001	257758	1280	class	75.0	20.0	2236418	1743977	447631	77.98081575090167	20.015533768731963	58	1001	-0.0007766884365981497	True	True
strain_madness	s7__SP49_S36__X__MIKI-NS13__c75__k20__class	7	SP49_S36	MIKI-NS13	1313	481743	class	75.0	20.0	2058421	1546185	411845	75.1151003609077	20.00781181303533	830	1607	-0.0003905906517665869	True	True
strain_madness	s7__SP31_S18__X__spades_MRSA7129_S1_L001__c75__k20__class	7	SP31_S18	spades_MRSA7129_S1_L001	1313	1280	class	75.0	20.0	2096146	1578848	419301	75.32147092807466	20.00342533392235	966	957	-0.00017126669611755574	True	True
strain_madness	s7__SP174_S55__X__spades_MRSA7129_S8_L001__c75__k20__class	7	SP174_S55	spades_MRSA7129_S8_L001	1313	1280	class	75.0	20.0	2117559	1588586	423555	75.01968067949937	20.002040084833528	770	691	-0.00010200424167639	True	True
strain_madness	s7__spades_MRSA8187_S8_L001__X__SP99_S80__c75__k20__class	7	spades_MRSA8187_S8_L001	SP99_S80	1280	1313	class	75.0	20.0	2838974	2129390	567938	75.00561822686646	20.00504407578231	3768	1545	-0.00025220378911541277	True	True
strain_madness	s7__SP9_S6__X__spades_MRSA7129_S1_L001__c75__k20__class	7	SP9_S6	spades_MRSA7129_S1_L001	1313	1280	class	75.0	20.0	1996138	1497470	399311	75.01836045403674	20.004178067849015	2864	912	-0.0002089033924507433	True	True
strain_madness	s7__spades_MRSA8187_S8_L001__X__MIKI-NS20__c75__k2__phylum	7	spades_MRSA8187_S8_L001	MIKI-NS20	1280	186802	phylum	75.0	2.0	2838974	2129706	56866	75.01674900862072	2.0030475798651204	3784	246	-0.0015237899325601933	True	True
strain_madness	s7__SP113_S91__X__MIKI-NS20__c75__k2__phylum	7	SP113_S91	MIKI-NS20	1313	186802	phylum	75.0	2.0	2058653	1546457	41186	75.11984778396359	2.000628566348967	1186	173	-0.000314283174483565	True	True
strain_madness	s7__SP31_S18__X__MIKI-NS20__c75__k2__phylum	7	SP31_S18	MIKI-NS20	1313	186802	phylum	75.0	2.0	2096146	1576100	42181	75.19037318965377	2.012312119480227	972	179	-0.006156059740113573	True	True
strain_madness	s7__SP20_S77__X__MIKI-NS20__c75__k2__phylum	7	SP20_S77	MIKI-NS20	1301	186802	phylum	75.0	2.0	2202269	1652030	44072	75.0149050819859	2.001208753335764	2345	187	-0.000604376667882045	True	True
strain_madness	s7__spades_VRE2237_S15_L001__X__MIKI-NS20__c75__k2__phylum	7	spades_VRE2237_S15_L001	MIKI-NS20	1352	186802	phylum	75.0	2.0	3010799	2258164	60236	75.00215059191929	2.0006649397718013	4346	254	-0.00033246988590063253	True	True
strain_madness	s7__SP75_S58__X__MIKI-NS20__c75__k2__phylum	7	SP75_S58	MIKI-NS20	1313	186802	phylum	75.0	2.0	2079412	1563111	41680	75.17081751956803	2.0044127859221743	342	175	-0.0022063929610871558	True	True
strain_madness	s7__SP97_S78__X__MIKI-NS20__c75__k5__phylum	7	SP97_S78	MIKI-NS20	1313	186802	phylum	75.0	5.0	2008538	1697241	100670	84.50131389099933	5.012103330880471	23	427	-0.002420666176094244	True	True
strain_madness	s7__SP31_S18__X__SP96_S77__c90__k5__species	7	SP31_S18	SP96_S77	1313	1313	species	90.0	5.0	2096146	1887194	104942	90.03161039355084	5.006426079099452	1135	408	-0.0012852158198903396	True	True
strain_madness	s7__spades_ESBL8411_S7_L001__X__spades_And9183_S10_L001__c90__k10__species	7	spades_ESBL8411_S7_L001	spades_And9183_S10_L001	562	562	species	90.0	10.0	6071184	5464586	607262	90.00857163940346	10.0023652717493	3518	1747	-0.000236527174929968	True	True
strain_madness	s7__spades_VRE3056_S20_L001__X__spades_VRE3766_S8_L001__c90__k10__species	7	spades_VRE3056_S20_L001	spades_VRE3766_S8_L001	1352	1352	species	90.0	10.0	3010057	2725059	301820	90.53180720497984	10.027052643853589	209	856	-0.0027052643853588522	True	True
strain_madness	s7__spades_And4500_S1_L001__X__spades_And9076_S11_L001__c90__k10__species	7	spades_And4500_S1_L001	spades_And9076_S11_L001	573	573	species	90.0	10.0	5585829	5204796	559311	93.17857743228444	10.013034770666986	56	1152	-0.001303477066698555	True	True
strain_madness	s7__spades_And8423_S6_L001__X__spades_And9076_S11_L001__c90__k10__species	7	spades_And8423_S6_L001	spades_And9076_S11_L001	573	573	species	90.0	10.0	5530859	4978321	553842	90.00990623698777	10.01367057088239	2302	1187	-0.0013670570882389655	True	True
strain_madness	s7__spades_ESBL6210_S10_L001__X__spades_ESBL8604_S8_L001__c90__k10__species	7	spades_ESBL6210_S10_L001	spades_ESBL8604_S8_L001	562	562	species	90.0	10.0	4795054	4317267	479617	90.03583692696682	10.002327398189886	660	1560	-0.00023273981898856987	True	True
strain_madness	s7__SP81_S64__X__SP34_S21__c90__k15__species	7	SP81_S64	SP34_S21	1313	1313	species	90.0	15.0	1964360	1768934	294756	90.05141623734957	15.005192530900649	1318	1025	-0.0003461687267099241	True	True
strain_madness	s7__spades_MRSA7124_S4_L001__X__spades_MRSA7286_S4_L001__c90__k15__species	7	spades_MRSA7124_S4_L001	spades_MRSA7286_S4_L001	1280	1280	species	90.0	15.0	2778919	2502773	417175	90.06282658832446	15.012132415518408	1221	815	-0.0008088277012272253	True	True
strain_madness	s7__SP94_S75__X__SP50_S37__c90__k15__species	7	SP94_S75	SP50_S37	1313	1313	species	90.0	15.0	2078602	1880217	311822	90.45584484186968	15.001525063480166	229	1174	-0.00010167089867773408	True	True
strain_madness	s7__SP178_S58__X__SP93_S74__c90__k15__species	7	SP178_S58	SP93_S74	1313	1313	species	90.0	15.0	1925491	1734503	289096	90.08107542439825	15.014144444196312	1255	995	-0.0009429629464207778	True	True
strain_madness	s7__SP94_S75__X__SP86_S69__c90__k20__species	7	SP94_S75	SP86_S69	1313	1313	species	90.0	20.0	2078602	1892456	415896	91.04465405113629	20.008447985713474	231	1545	-0.00042239928567369136	True	True
strain_madness	s7__SP174_S55__X__SP126_S7__c90__k20__species	7	SP174_S55	SP126_S7	1313	1313	species	90.0	20.0	2117559	1906573	423633	90.03635790077159	20.005723571338507	929	826	-0.0002861785669253436	True	True
strain_madness	s7__spades_And5237_S4_L001__X__spades_ESBL6643_S3_L001__c90__k2__genus	7	spades_And5237_S4_L001	spades_ESBL6643_S3_L001	573	548	genus	90.0	2.0	5948456	5356280	119955	90.04487887276967	2.0165737125734813	4230	38	-0.00828685628674064	True	True
strain_madness	s7__SP162_S43__X__SP68_S51__c90__k2__genus	7	SP162_S43	SP68_S51	1313	257758	genus	90.0	2.0	1982417	1799393	39876	90.76763365124492	2.011483961245288	59	166	-0.005741980622643972	True	True
strain_madness	s7__SP49_S36__X__SP21_S92__c90__k2__genus	7	SP49_S36	SP21_S92	1313	68892	genus	90.0	2.0	2058421	1852724	42050	90.007049092484	2.0428279734806436	1002	93	-0.0214139867403218	True	True
strain_madness	s7__spades_And8423_S6_L001__X__spades_ESBL6643_S3_L001__c90__k2__genus	7	spades_And8423_S6_L001	spades_ESBL6643_S3_L001	573	548	genus	90.0	2.0	5530859	4978048	110817	90.00497029484931	2.0036128203593693	2315	48	-0.0018064101796846366	True	True
strain_madness	s7__spades_ESBL7553_S11_L001__X__spades_ESBL6643_S3_L001__c90__k2__genus	7	spades_ESBL7553_S11_L001	spades_ESBL6643_S3_L001	573	548	genus	90.0	2.0	5395788	4858484	110936	90.04215880979757	2.0559740301138594	1355	43	-0.027987015056929687	True	True
strain_madness	s7__SP83_S66__X__SP119_S1__c90__k2__genus	7	SP83_S66	SP119_S1	1313	257758	genus	90.0	2.0	1980931	1782891	39636	90.00268055777813	2.00087736523887	1784	137	-0.0004386826194349158	True	True
strain_madness	s7__SP81_S64__X__SP21_S92__c90__k5__genus	7	SP81_S64	SP21_S92	1313	68892	genus	90.0	5.0	1964360	1768475	98544	90.02804984829665	5.016595736015802	1318	205	-0.0033191472031603554	True	True
strain_madness	s7__SP165_S46__X__SP119_S1__c90__k5__genus	7	SP165_S46	SP119_S1	1313	257758	genus	90.0	5.0	1973565	1777050	99054	90.04263857536995	5.019039149964658	1793	343	-0.0038078299929315664	True	True
strain_madness	s7__SP38_S25__X__SP117_S95__c90__k5__genus	7	SP38_S25	SP117_S95	1313	257758	genus	90.0	5.0	2056653	1851298	220648	90.01508762051742	10.728499168308899	1757	4	-1.1456998336617796	True	True
strain_madness	s7__SP182_S62__X__SP119_S1__c90__k10__genus	7	SP182_S62	SP119_S1	1313	257758	genus	90.0	10.0	2047295	1844533	204782	90.09610241806872	10.002564359313142	133	734	-0.00025643593131423613	True	True
strain_madness	s7__SP31_S18__X__SP119_S1__c90__k15__genus	7	SP31_S18	SP119_S1	1313	257758	genus	90.0	15.0	2096146	1887966	314523	90.06843988920619	15.004823137319633	1136	1097	-0.0003215424879755346	True	True
strain_madness	s7__SP94_S75__X__SP119_S1__c90__k15__genus	7	SP94_S75	SP119_S1	1313	257758	genus	90.0	15.0	2078602	1878533	312002	90.37482885131449	15.010184729929058	239	1098	-0.0006789819952705519	True	True
strain_madness	s7__SP165_S46__X__SP20_S77__c90__k15__genus	7	SP165_S46	SP20_S77	1313	1301	genus	90.0	15.0	1973565	1777542	296221	90.0675680811121	15.009437236675762	1800	409	-0.0006291491117174531	True	True
strain_madness	s7__SP178_S58__X__SP181_S61__c90__k15__genus	7	SP178_S58	SP181_S61	1313	28037	genus	90.0	15.0	1925491	1733811	288869	90.04513653919962	15.002355243415835	1252	1052	-0.0001570162277223138	True	True
strain_madness	s7__SP164_S45__X__SP119_S1__c90__k20__genus	7	SP164_S45	SP119_S1	1313	257758	genus	90.0	20.0	1984518	1814825	396958	91.44915793154811	20.002741219782337	43	1386	-0.00013706098911683284	True	True
strain_madness	s7__SP165_S46__X__SP117_S95__c90__k20__genus	7	SP165_S46	SP117_S95	1313	257758	genus	90.0	20.0	1973565	1777032	565012	90.04172652028183	28.62900385849972	1793	11	-0.43145019292498593	True	True
strain_madness	s7__SP182_S62__X__SP119_S1__c90__k20__genus	7	SP182_S62	SP119_S1	1313	257758	genus	90.0	20.0	2047295	1848558	409478	90.29270329874298	20.00092805384666	138	1438	-4.6402692333025186e-05	True	True
strain_madness	s7__SP81_S64__X__MIKI-NS12__c90__k2__family	7	SP81_S64	MIKI-NS12	1313	1363	family	90.0	2.0	1964360	1770008	39544	90.10609053330347	2.013072960149871	1330	162	-0.006536480074935458	True	True
strain_madness	s7__spades_ESBL5827_S10_L001__X__spades_ESBL9440_S6_L001__c90__k10__family	7	spades_ESBL5827_S10_L001	spades_ESBL9440_S6_L001	562	543	family	90.0	10.0	5627681	5094313	562865	90.52241944772634	10.0017218459966	97	811	-0.0001721845996600635	True	True
strain_madness	s7__spades_And8457_S3_L001__X__spades_ESBL1009_S1_L001__c90__k10__family	7	spades_And8457_S3_L001	spades_ESBL1009_S1_L001	547	562	family	90.0	10.0	4927737	4490504	492856	91.12710357715925	10.001670137834061	112	1984	-0.0001670137834061336	True	True
strain_madness	s7__spades_ESBL7553_S11_L001__X__spades_And4191_S5_L001__c90__k10__family	7	spades_ESBL7553_S11_L001	spades_And4191_S5_L001	573	562	family	90.0	10.0	5395788	4858356	540107	90.03978658909504	10.009789116992735	1363	1019	-0.0009789116992735103	True	True
strain_madness	s7__spades_ESBL9861_S4_L001__X__spades_ESBL6515_S2_L001__c90__k10__family	7	spades_ESBL9861_S4_L001	spades_ESBL6515_S2_L001	562	573	family	90.0	10.0	5188009	4672306	518874	90.05971269517843	10.001409018372945	1503	1455	-0.00014090183729447147	True	True
strain_madness	s7__spades_And9454_S3_L001__X__spades_ESBL5911_S4_L001__c90__k10__family	7	spades_And9454_S3_L001	spades_ESBL5911_S4_L001	562	543	family	90.0	10.0	5576404	5021572	557641	90.050362204747	10.000010759622151	3729	1223	-1.0759622151468306e-06	True	True
strain_madness	s7__spades_And5237_S4_L001__X__spades_ESBL7531_S9_L001__c90__k10__family	7	spades_And5237_S4_L001	spades_ESBL7531_S9_L001	573	562	family	90.0	10.0	5948456	5354720	595059	90.01865358002144	10.003587485559278	4222	2306	-0.0003587485559277681	True	True
strain_madness	s7__spades_ESBL6643_S3_L001__X__spades_And5141_S4_L001__c90__k10__family	7	spades_ESBL6643_S3_L001	spades_And5141_S4_L001	548	562	family	90.0	10.0	5120216	4612884	512053	90.09158988605168	10.000613255378289	1847	1971	-6.13255378288713e-05	True	True
strain_madness	s7__spades_ESBL8411_S7_L001__X__spades_AND8302_S10_L001__c90__k15__family	7	spades_ESBL8411_S7_L001	spades_AND8302_S10_L001	562	573	family	90.0	15.0	6071184	5464945	910678	90.0144848187767	15.000006588500694	3502	2753	-4.392333796232606e-07	True	True
strain_madness	s7__spades_ESBL6164_S11_L001__X__spades_And4500_S1_L001__c90__k15__family	7	spades_ESBL6164_S11_L001	spades_And4500_S1_L001	562	573	family	90.0	15.0	5296034	4793592	1901105	90.51286302164979	35.89676727906203	333	11	-1.3931178186041355	True	True
strain_madness	s7__spades_ESBL5402_S6_L001__X__spades_And6100_S3_L001__c90__k20__family	7	spades_ESBL5402_S6_L001	spades_And6100_S3_L001	562	573	family	90.0	20.0	4938055	4809981	987725	97.40638773768214	20.002308601261024	39	3375	-0.00011543006305121395	True	True
strain_madness	s7__spades_ESBL7634_S2_L001__X__spades_ESBL8873_S6_L001__c90__k20__family	7	spades_ESBL7634_S2_L001	spades_ESBL8873_S6_L001	562	573	family	90.0	20.0	5550584	4996416	1110290	90.01604155526698	20.00312039237673	2768	3726	-0.0001560196188364671	True	True
strain_madness	s7__spades_AND4471_S1_L001__X__spades_ESBL8075_S12_L001__c90__k20__family	7	spades_AND4471_S1_L001	spades_ESBL8075_S12_L001	562	573	family	90.0	20.0	5368063	4834185	1073762	90.05455040300384	20.002783126800114	589	3841	-0.00013915634000571941	True	True
strain_madness	s7__spades_And5237_S4_L001__X__spades_And10925_S5_L001__c90__k20__family	7	spades_And5237_S4_L001	spades_And10925_S5_L001	573	1639133	family	90.0	20.0	5948456	5354325	1189866	90.0120132014089	20.00293857767461	4227	3898	-0.0001469288837304461	True	True
strain_madness	s7__spades_ESBL6210_S10_L001__X__spades_ESBL6515_S2_L001__c90__k20__family	7	spades_ESBL6210_S10_L001	spades_ESBL6515_S2_L001	562	573	family	90.0	20.0	4795054	4318877	959050	90.06941319117574	20.000817509041607	671	2715	-4.087545208033561e-05	True	True
strain_madness	s7__spades_ESBL8514_S7_L001__X__spades_ESBL8873_S6_L001__c90__k20__family	7	spades_ESBL8514_S7_L001	spades_ESBL8873_S6_L001	562	573	family	90.0	20.0	4905882	4428390	981305	90.26694894006827	20.002621343114246	295	3279	-0.00013106715571229444	True	True
strain_madness	s7__spades_ESBL5784_S3_L001__X__spades_And11624_S6_L001__c90__k20__family	7	spades_ESBL5784_S3_L001	spades_And11624_S6_L001	562	1639133	family	90.0	20.0	5468994	4924173	1093929	90.03800333297129	20.002380693780246	3574	3901	-0.00011903468901230951	True	True
strain_madness	s7__SP83_S66__X__spades_VRE3766_S8_L001__c90__k2__order	7	SP83_S66	spades_VRE3766_S8_L001	1313	1352	order	90.0	2.0	1980931	1783456	39705	90.03120250023852	2.0043605759110235	1782	111	-0.0021802879555117283	True	True
strain_madness	s7__SP38_S25__X__MIKI-NS11__c90__k5__order	7	SP38_S25	MIKI-NS11	1313	97137	order	90.0	5.0	2056653	1851511	103113	90.02544425335728	5.013631370970212	1763	214	-0.0027262741940424105	True	True
strain_madness	s7__SP162_S43__X__spades_VRE3786_S19_L001__c90__k5__order	7	SP162_S43	spades_VRE3786_S19_L001	1313	1352	order	90.0	5.0	1982417	1893075	99585	95.49327916376826	5.023413338364229	57	190	-0.004682667672845753	True	True
strain_madness	s7__SP113_S91__X__spades_VRE3056_S20_L001__c90__k5__order	7	SP113_S91	spades_VRE3056_S20_L001	1313	1352	order	90.0	5.0	2058653	1852954	117109	90.00807809766872	5.688622609055533	1439	3	-0.13772452181110656	True	True
strain_madness	s7__SP8_S5__X__spades_VRE2961_S3_L001__c90__k5__order	7	SP8_S5	spades_VRE2961_S3_L001	1313	1352	order	90.0	5.0	2092144	1887048	104685	90.19685069478965	5.003718673284439	226	416	-0.0007437346568877956	True	True
strain_madness	s7__SP122_S4__X__spades_VRE3056_S20_L001__c90__k10__order	7	SP122_S4	spades_VRE3056_S20_L001	1313	1352	order	90.0	10.0	2049787	1855445	207887	90.51891733141053	10.141883034676287	110	15	-0.014188303467628671	True	True
strain_madness	s7__SP187_S66__X__MIKI-NS10__c90__k10__order	7	SP187_S66	MIKI-NS10	1313	1598	order	90.0	10.0	1958898	1763284	197097	90.0140793446111	10.061626485911978	1645	440	-0.006162648591197773	True	True
strain_madness	s7__SP97_S78__X__spades_VRE3056_S20_L001__c90__k10__order	7	SP97_S78	spades_VRE3056_S20_L001	1313	1352	order	90.0	10.0	2008538	1817073	206004	90.46744447951694	10.256415362816139	26	13	-0.025641536281613853	True	True
strain_madness	s7__SP174_S55__X__spades_VRE2392_S22_L001__c90__k10__order	7	SP174_S55	spades_VRE2392_S22_L001	1313	1352	order	90.0	10.0	2117559	1908090	238658	90.10799699087487	11.270429773149178	928	16	-0.12704297731491784	True	True
strain_madness	s7__SP27_S15__X__spades_VRE2943_S1_L001__c90__k15__order	7	SP27_S15	spades_VRE2943_S1_L001	1313	1352	order	90.0	15.0	1980747	1832550	297466	92.51812573741118	15.01786952094336	20	685	-0.001191301396224039	True	True
strain_madness	s7__SP12_S9__X__MIKI-NS11__c90__k15__order	7	SP12_S9	MIKI-NS11	1313	97137	order	90.0	15.0	1985084	1787133	298112	90.02807941628667	15.017601270273701	790	653	-0.001173418018246745	True	True
strain_madness	s7__SP122_S4__X__MIKI-NS02__c90__k20__order	7	SP122_S4	MIKI-NS02	1313	1351	order	90.0	20.0	2049787	1884887	410640	91.9552616930442	20.033301021032916	112	467	-0.0016650510516457828	True	True
strain_madness	s7__SP94_S75__X__MIKI-NS10__c90__k20__order	7	SP94_S75	MIKI-NS10	1313	1598	order	90.0	20.0	2078602	1874377	415991	90.17488677486118	20.013018365228167	236	927	-0.0006509182614083287	True	True
strain_madness	s7__SP144_S25__X__spades_MRSA7133_S3_L001__c90__k2__class	7	SP144_S25	spades_MRSA7133_S3_L001	1313	1280	class	90.0	2.0	2073909	1946686	41628	93.86554569173478	2.0072240392418377	76	140	-0.003612019620918838	True	True
strain_madness	s7__SP187_S66__X__spades_MRSA7830_S9_L001__c90__k2__class	7	SP187_S66	spades_MRSA7830_S9_L001	1313	1280	class	90.0	2.0	1958898	1763609	39381	90.03067030544725	2.010365011348217	1644	165	-0.005182505674108606	True	True
strain_madness	s7__SP27_S15__X__spades_MRSA7286_S4_L001__c90__k2__class	7	SP27_S15	spades_MRSA7286_S4_L001	1313	1280	class	90.0	2.0	1980747	1792084	40035	90.47515911926158	2.0212071506355938	18	76	-0.010603575317796876	True	True
strain_madness	s7__SP171_S52__X__spades_MRSA7124_S4_L001__c90__k5__class	7	SP171_S52	spades_MRSA7124_S4_L001	1313	1280	class	90.0	5.0	1993908	1798497	99863	90.19959797543316	5.008405603468164	195	40	-0.0016811206936328204	True	True
strain_madness	s7__SP178_S58__X__spades_MRSA8013_S11_L001__c90__k5__class	7	SP178_S58	spades_MRSA8013_S11_L001	1313	1280	class	90.0	5.0	1925491	1735190	96477	90.11675463557087	5.010514201312808	1263	202	-0.0021028402625615783	True	True
strain_madness	s7__SP164_S45__X__spades_MRSA7796_S10_L001__c90__k5__class	7	SP164_S45	spades_MRSA7796_S10_L001	1313	1280	class	90.0	5.0	1984518	1843243	100217	92.88114292740102	5.049941597909417	44	198	-0.009988319581883332	True	True
strain_madness	s7__SP97_S78__X__spades_MRSA7796_S10_L001__c90__k5__class	7	SP97_S78	spades_MRSA7796_S10_L001	1313	1280	class	90.0	5.0	2008538	1819243	100846	90.57548326195472	5.02086592337312	25	180	-0.0041731846746239755	True	True
strain_madness	s7__spades_MRSA7124_S4_L001__X__spades_VRE2943_S1_L001__c90__k10__class	7	spades_MRSA7124_S4_L001	spades_VRE2943_S1_L001	1280	1352	class	90.0	10.0	2778919	2505921	277957	90.17610804776966	10.002342637550788	1225	607	-0.0002342637550787785	True	True
strain_madness	s7__SP38_S25__X__spades_MRSA8187_S8_L001__c90__k10__class	7	SP38_S25	spades_MRSA8187_S8_L001	1313	1280	class	90.0	10.0	2056653	1851599	206116	90.0297230500235	10.021914246107633	1752	387	-0.0021914246107632707	True	True
strain_madness	s7__SP94_S75__X__spades_MRSA7796_S10_L001__c90__k15__class	7	SP94_S75	spades_MRSA7796_S10_L001	1313	1280	class	90.0	15.0	2078602	1879450	311932	90.41894504094579	15.0068170818656	230	629	-0.0004544721243733581	True	True
strain_madness	s7__spades_VRE2392_S22_L001__X__spades_MRSA7295_S3_L001__c90__k15__class	7	spades_VRE2392_S22_L001	spades_MRSA7295_S3_L001	1352	1280	class	90.0	15.0	3000431	2702398	450144	90.06699370857054	15.002644620056252	148	1700	-0.00017630800375011783	True	True
strain_madness	s7__SP49_S36__X__spades_MRSA8602_S6_L001__c90__k20__class	7	SP49_S36	spades_MRSA8602_S6_L001	1313	1280	class	90.0	20.0	2058421	1853526	411839	90.04601099580698	20.00752032747431	984	1550	-0.0003760163737155153	True	True
strain_madness	s7__SP27_S15__X__spades_MRSA8013_S11_L001__c90__k20__class	7	SP27_S15	spades_MRSA8013_S11_L001	1313	1280	class	90.0	20.0	1980747	1872205	396458	94.52014820671191	20.015579980684056	19	814	-0.0007789990342027764	True	True
strain_madness	s7__SP187_S66__X__MIKI-NS20__c90__k2__phylum	7	SP187_S66	MIKI-NS20	1313	186802	phylum	90.0	2.0	1958898	1764427	39181	90.07242847764407	2.0001551892952056	1641	164	-7.759464760281887e-05	True	True
strain_madness	s7__SP97_S78__X__MIKI-NS20__c90__k2__phylum	7	SP97_S78	MIKI-NS20	1313	186802	phylum	90.0	2.0	2008538	1848367	40321	92.02549316965873	2.007480067591452	20	170	-0.003740033795726072	True	True
strain_madness	s7__spades_VRE3056_S20_L001__X__MIKI-NS20__c90__k2__phylum	7	spades_VRE3056_S20_L001	MIKI-NS20	1352	186802	phylum	90.0	2.0	3010057	2710378	60284	90.04407557730634	2.0027527717913647	195	256	-0.0013763858956823416	True	True
strain_madness	s7__SP31_S18__X__MIKI-NS20__c90__k5__phylum	7	SP31_S18	MIKI-NS20	1313	186802	phylum	90.0	5.0	2096146	1887085	105023	90.02641037408654	5.010290313747229	1141	447	-0.002058062749445888	True	True
strain_madness	s7__SP162_S43__X__MIKI-NS20__c90__k5__phylum	7	SP162_S43	MIKI-NS20	1313	186802	phylum	90.0	5.0	1982417	1798243	99244	90.70962365637502	5.006212113798459	57	419	-0.0012424227596918413	True	True
strain_madness	s7__SP165_S46__X__MIKI-NS20__c90__k5__phylum	7	SP165_S46	MIKI-NS20	1313	186802	phylum	90.0	5.0	1973565	1777988	98829	90.09016677940681	5.007638461363066	1797	420	-0.0015276922726132013	True	True
strain_madness	s7__SP122_S4__X__MIKI-NS20__c90__k5__phylum	7	SP122_S4	MIKI-NS20	1313	186802	phylum	90.0	5.0	2049787	1858417	102670	90.66390800605136	5.0088131108256615	111	435	-0.0017626221651322993	True	True
strain_madness	s7__SP49_S36__X__MIKI-NS20__c90__k5__phylum	7	SP49_S36	MIKI-NS20	1313	186802	phylum	90.0	5.0	2058421	1861258	102936	90.42163872210787	5.000726284856208	1000	435	-0.0001452569712416363	True	True
strain_madness	s8__SP126_S7__X__SP152_S33__c60__k2__species	8	SP126_S7	SP152_S33	1313	1313	species	60.0	2.0	2003842	1203571	40320	60.063168653017556	2.0121346892619276	417	161	-0.006067344630963811	True	True
strain_madness	s8__SP14_S11__X__SP140_S21__c60__k2__species	8	SP14_S11	SP140_S21	1313	1313	species	60.0	2.0	2059376	1237453	41340	60.088735617002435	2.0074041845685295	164	80	-0.0037020922842647686	True	True
strain_madness	s8__spades_MRSA8013_S11_L001__X__spades_MRSA9344_S6_L001__c60__k5__species	8	spades_MRSA8013_S11_L001	spades_MRSA9344_S6_L001	1280	1280	species	60.0	5.0	2739001	1663197	137209	60.72275986755755	5.009454176906106	129	564	-0.0018908353812211232	True	True
strain_madness	s8__SP178_S58__X__SP194_S73__c60__k5__species	8	SP178_S58	SP194_S73	1313	1313	species	60.0	5.0	1925491	1162628	114784	60.380858700456145	5.961284680115358	99	10	-0.19225693602307156	True	True
strain_madness	s8__SP127_S8__X__SP99_S80__c60__k5__species	8	SP127_S8	SP99_S80	1313	1313	species	60.0	5.0	2054557	1233325	102854	60.02875559062124	5.006140009744193	1626	388	-0.0012280019488386529	True	True
strain_madness	s8__SP173_S54__X__SP188_S67__c60__k5__species	8	SP173_S54	SP188_S67	1313	1313	species	60.0	5.0	1973592	1184204	98954	60.00247264885549	5.013903582908727	1949	175	-0.0027807165817453237	True	True
strain_madness	s8__SP87_S70__X__SP141_S22__c60__k5__species	8	SP87_S70	SP141_S22	1313	1313	species	60.0	5.0	2006213	1204617	100488	60.04432231273549	5.008840038420646	1381	408	-0.0017680076841292802	True	True
strain_madness	s8__SP179_S59__X__SP77_S60__c60__k10__species	8	SP179_S59	SP77_S60	1313	1313	species	60.0	10.0	2098228	1259017	209920	60.003822272889316	10.004632480359618	2048	837	-0.000463248035961783	True	True
strain_madness	s8__SP50_S37__X__SP128_S9__c60__k10__species	8	SP50_S37	SP128_S9	1313	1313	species	60.0	10.0	1958348	1175230	196192	60.01129523455484	10.018239863395065	1663	676	-0.0018239863395065115	True	True
strain_madness	s8__spades_And8423_S6_L001__X__spades_And9053_S12_L001__c60__k15__species	8	spades_And8423_S6_L001	spades_And9053_S12_L001	573	573	species	60.0	15.0	5530859	3346545	829887	60.506785654814195	15.00466744858258	183	2428	-0.00031116323883869274	True	True
strain_madness	s8__spades_And6166_S1_L001__X__spades_And5527_S8_L001__c60__k15__species	8	spades_And6166_S1_L001	spades_And5527_S8_L001	573	573	species	60.0	15.0	5491273	3329982	823730	60.64134855433339	15.000711128366774	35	2105	-4.740855778493369e-05	True	True
strain_madness	s8__SP198_S01__X__SP27_S15__c60__k20__species	8	SP198_S01	SP27_S15	1313	1313	species	60.0	20.0	2057645	1235403	412681	60.03965698650642	20.055986333891415	465	438	-0.0027993166945707417	True	True
strain_madness	s8__SP11_S8__X__SP68_S51__c60__k2__genus	8	SP11_S8	SP68_S51	1313	257758	genus	60.0	2.0	2065838	1239736	41612	60.0112883972509	2.0142915368968914	1268	54	-0.007145768448445722	True	True
strain_madness	s8__SP180_S96__X__SP68_S51__c60__k2__genus	8	SP180_S96	SP68_S51	1313	257758	genus	60.0	2.0	2031083	1219344	41081	60.03417881002401	2.022615520882209	801	56	-0.011307760441104486	True	True
strain_madness	s8__SP7_S4__X__SP181_S61__c60__k5__genus	8	SP7_S4	SP181_S61	1313	28037	genus	60.0	5.0	2105126	1282953	105301	60.94423801710681	5.002123388338751	26	359	-0.0004246776677501174	True	True
strain_madness	s8__SP196_S75__X__SP21_S92__c60__k5__genus	8	SP196_S75	SP21_S92	1313	68892	genus	60.0	5.0	1970420	1182365	98649	60.005734817957595	5.006496076978512	408	408	-0.001299215395702369	True	True
strain_madness	s8__SP198_S01__X__SP181_S61__c60__k10__genus	8	SP198_S01	SP181_S61	1313	28037	genus	60.0	10.0	2057645	1236554	205875	60.095594721149666	10.005370216922744	435	726	-0.0005370216922743864	True	True
strain_madness	s8__SP16_S12__X__SP68_S51__c60__k10__genus	8	SP16_S12	SP68_S51	1313	257758	genus	60.0	10.0	2043829	1226774	204700	60.02331897629401	10.015514996606859	1347	285	-0.0015514996606858845	True	True
strain_madness	s8__SP178_S58__X__SP181_S61__c60__k10__genus	8	SP178_S58	SP181_S61	1313	28037	genus	60.0	10.0	1925491	1220324	192736	63.377289221294724	10.009706615091943	114	644	-0.0009706615091943149	True	True
strain_madness	s8__SP164_S45__X__SP181_S61__c60__k15__genus	8	SP164_S45	SP181_S61	1313	28037	genus	60.0	15.0	1984518	1190743	297839	60.00162256023881	15.008127918214901	542	1017	-0.0005418612143267628	True	True
strain_madness	s8__SP84_S67__X__SP68_S51__c60__k15__genus	8	SP84_S67	SP68_S51	1313	257758	genus	60.0	15.0	2069912	1242594	310826	60.03124770521645	15.016387170082593	1823	420	-0.0010924780055062181	True	True
strain_madness	s8__SP47_S34__X__SP68_S51__c60__k20__genus	8	SP47_S34	SP68_S51	1313	257758	genus	60.0	20.0	2027743	1224313	405802	60.37811497808154	20.012496652682316	119	539	-0.0006248326341157906	True	True
strain_madness	s8__SP126_S7__X__SP181_S61__c60__k20__genus	8	SP126_S7	SP181_S61	1313	28037	genus	60.0	20.0	2003842	1206038	400789	60.186282151986035	20.00102802516366	378	1387	-5.140125818297037e-05	True	True
strain_madness	s8__SP87_S70__X__SP181_S61__c60__k20__genus	8	SP87_S70	SP181_S61	1313	28037	genus	60.0	20.0	2006213	1204211	401368	60.02408517939023	20.00625058256526	1363	1374	-0.00031252912826307266	True	True
strain_madness	s8__SP92_S73__X__SP68_S51__c60__k20__genus	8	SP92_S73	SP68_S51	1313	257758	genus	60.0	20.0	2071399	1264156	414853	61.0290919325538	20.027672119181286	38	577	-0.0013836059590643045	True	True
strain_madness	s8__SP73_S56__X__SP181_S61__c60__k20__genus	8	SP73_S56	SP181_S61	1313	28037	genus	60.0	20.0	2050203	1230978	410139	60.04176171822985	20.00479952472999	2598	1406	-0.00023997623649947287	True	True
strain_madness	s8__spades_And5533_S9_L001__X__spades_ESBL8411_S7_L001__c60__k2__family	8	spades_And5533_S9_L001	spades_ESBL8411_S7_L001	573	562	family	60.0	2.0	5486696	3293918	109818	60.034636509841256	2.0015324340914824	3785	414	-0.0007662170457412021	True	True
strain_madness	s8__spades_ESBL9654_S5_L001__X__spades_And6098_S1_L001__c60__k5__family	8	spades_ESBL9654_S5_L001	spades_And6098_S1_L001	562	573	family	60.0	5.0	5153457	3092346	257767	60.005274129579426	5.001826928991549	7777	809	-0.0003653857983097808	True	True
strain_madness	s8__spades_And5388_S8_L001__X__spades_ESBL8075_S12_L001__c60__k5__family	8	spades_And5388_S8_L001	spades_ESBL8075_S12_L001	562	573	family	60.0	5.0	5248482	3150160	262445	60.02040208959467	5.0003982103777815	2017	1002	-7.964207555630765e-05	True	True
strain_madness	s8__spades_And5533_S9_L001__X__spades_And4892_S4_L001__c60__k5__family	8	spades_And5533_S9_L001	spades_And4892_S4_L001	573	543	family	60.0	5.0	5486696	3293415	274840	60.02546887963175	5.0092077272004865	3834	678	-0.001841545440097292	True	True
strain_madness	s8__spades_ESBL9440_S6_L001__X__spades_And5192_S3_L001__c60__k5__family	8	spades_ESBL9440_S6_L001	spades_And5192_S3_L001	543	562	family	60.0	5.0	5102994	3061970	255209	60.00340192443887	5.001162062898761	5891	1015	-0.00023241257975215035	True	True
strain_madness	s8__spades_And4892_S4_L001__X__spades_ESBL10030_S2_L001__c60__k15__family	8	spades_And4892_S4_L001	spades_ESBL10030_S2_L001	543	562	family	60.0	15.0	5077878	3047148	762037	60.00829480345924	15.006997017257996	7294	1186	-0.00046646781719973754	True	True
strain_madness	s8__spades_ESBL5717_S8_L001__X__spades_And8388_S5_L001__c60__k15__family	8	spades_ESBL5717_S8_L001	spades_And8388_S5_L001	543	562	family	60.0	15.0	5220419	3137968	783096	60.109504620223014	15.000635006500437	1238	2612	-4.233376669577164e-05	True	True
strain_madness	s8__spades_And8909_S4_L001__X__spades_And9076_S11_L001__c60__k20__family	8	spades_And8909_S4_L001	spades_And9076_S11_L001	562	573	family	60.0	20.0	5467567	3280790	1093656	60.00456875974268	20.002608107042857	4733	1461	-0.0001304053521428372	True	True
strain_madness	s8__spades_MRSA7133_S3_L001__X__MIKI-NS13__c60__k2__order	8	spades_MRSA7133_S3_L001	MIKI-NS13	1280	481743	order	60.0	2.0	2821986	1694985	56564	60.06355098855912	2.0044039906647306	1848	160	-0.002201995332365314	True	True
strain_madness	s8__SP143_S24__X__spades_VRE3786_S19_L001__c60__k2__order	8	SP143_S24	spades_VRE3786_S19_L001	1313	1352	order	60.0	2.0	2012493	1207717	40417	60.010991342578585	2.008305122055083	3073	167	-0.004152561027541468	True	True
strain_madness	s8__SP196_S75__X__spades_VRE2906_S11_L001__c60__k2__order	8	SP196_S75	spades_VRE2906_S11_L001	1313	1352	order	60.0	2.0	1970420	1183204	39428	60.04831457252769	2.000994711787335	413	138	-0.000497355893667395	True	True
strain_madness	s8__SP69_S52__X__spades_VRE3043_S21_L001__c60__k5__order	8	SP69_S52	spades_VRE3043_S21_L001	1313	1352	order	60.0	5.0	2218514	1331397	111354	60.013008707630426	5.019305715447367	2987	283	-0.0038611430894734513	True	True
strain_madness	s8__SP74_S57__X__spades_VRE2392_S22_L001__c60__k5__order	8	SP74_S57	spades_VRE2392_S22_L001	1313	1352	order	60.0	5.0	1980502	1189526	99163	60.06184290649542	5.006962881128118	106	409	-0.001392576225623543	True	True
strain_madness	s8__SP164_S45__X__spades_VRE3387_S5_L001__c60__k10__order	8	SP164_S45	spades_VRE3387_S5_L001	1313	1352	order	60.0	10.0	1984518	1190991	198945	60.014119297481805	10.024852382291318	540	569	-0.002485238229131781	True	True
strain_madness	s8__SP84_S67__X__MIKI-NS11__c60__k10__order	8	SP84_S67	MIKI-NS11	1313	97137	order	60.0	10.0	2069912	1242243	207105	60.01429046258971	10.005497818264738	1821	834	-0.000549781826473783	True	True
strain_madness	s8__SP101_S82__X__spades_VRE3783_S7_L001__c60__k10__order	8	SP101_S82	spades_VRE3783_S7_L001	1313	1352	order	60.0	10.0	2132333	1279434	213478	60.00160387706798	10.011475693524417	3188	516	-0.0011475693524417353	True	True
strain_madness	s8__SP47_S34__X__spades_VRE2906_S11_L001__c60__k15__order	8	SP47_S34	spades_VRE2906_S11_L001	1313	1352	order	60.0	15.0	2027743	1228346	304307	60.57700606043271	15.007177931325616	113	1109	-0.0004785287550410781	True	True
strain_madness	s8__SP127_S8__X__spades_VRE3783_S7_L001__c60__k15__order	8	SP127_S8	spades_VRE3783_S7_L001	1313	1352	order	60.0	15.0	2054557	1234127	308838	60.06779076949435	15.031853582061729	1648	734	-0.0021235721374485666	True	True
strain_madness	s8__SP194_S73__X__spades_VRE3967_S23_L001__c60__k15__order	8	SP194_S73	spades_VRE3967_S23_L001	1313	1352	order	60.0	15.0	2053846	1241602	308629	60.45253636348587	15.026881275421818	141	806	-0.0017920850281212116	True	True
strain_madness	s8__SP133_S14__X__spades_VRE3387_S5_L001__c60__k15__order	8	SP133_S14	spades_VRE3387_S5_L001	1313	1352	order	60.0	15.0	1991005	1194809	298704	60.01034653353457	15.002674528692795	865	842	-0.00017830191285301094	True	True
strain_madness	s8__SP74_S57__X__spades_VRE3387_S5_L001__c60__k20__order	8	SP74_S57	spades_VRE3387_S5_L001	1313	1352	order	60.0	20.0	1980502	1207666	396230	60.977772302173896	20.00654379546196	117	1148	-0.0003271897730979134	True	True
strain_madness	s8__SP16_S12__X__spades_VRE2906_S11_L001__c60__k20__order	8	SP16_S12	spades_VRE2906_S11_L001	1313	1352	order	60.0	20.0	2043829	1226761	408833	60.022682915253675	20.00328794630079	1365	1450	-0.00016439731503954392	True	True
strain_madness	s8__SP87_S70__X__spades_MRSA9344_S6_L001__c60__k2__class	8	SP87_S70	spades_MRSA9344_S6_L001	1313	1280	class	60.0	2.0	2006213	1204286	40222	60.02782356609193	2.00487186554967	1337	163	-0.0024359327748348925	True	True
strain_madness	s8__SP126_S7__X__spades_MRSA7172_S1_L001__c60__k2__class	8	SP126_S7	spades_MRSA7172_S1_L001	1313	1280	class	60.0	2.0	2003842	1203691	40478	60.06915714911655	2.0200195424589364	391	23	-0.010009771229468223	True	True
strain_madness	s8__SP6_S88__X__spades_MRSA8602_S6_L001__c60__k2__class	8	SP6_S88	spades_MRSA8602_S6_L001	1313	1280	class	60.0	2.0	2087122	1254257	41773	60.09504954669636	2.0014642172331087	1024	159	-0.0007321086165543722	True	True
strain_madness	s8__SP87_S70__X__spades_MRSA7113_S2_L001__c60__k5__class	8	SP87_S70	spades_MRSA7113_S2_L001	1313	1280	class	60.0	5.0	2006213	1203948	100560	60.010975903356226	5.012428889654289	1341	229	-0.002485777930857758	True	True
strain_madness	s8__SP6_S88__X__spades_MRSA8013_S11_L001__c60__k5__class	8	SP6_S88	spades_MRSA8013_S11_L001	1313	1280	class	60.0	5.0	2087122	1252582	104963	60.01479549350733	5.029078319331596	1014	7	-0.005815663866319198	True	True
strain_madness	s8__SP14_S11__X__spades_MRSA7113_S2_L001__c60__k5__class	8	SP14_S11	spades_MRSA7113_S2_L001	1313	1280	class	60.0	5.0	2059376	1241230	103229	60.27214068727615	5.0126348952304	162	246	-0.0025269790460800577	True	True
strain_madness	s8__SP140_S21__X__spades_MRSA7129_S8_L001__c60__k10__class	8	SP140_S21	spades_MRSA7129_S8_L001	1313	1280	class	60.0	10.0	2128346	1277408	212953	60.01881273063684	10.005563005263243	2441	838	-0.0005563005263242715	True	True
strain_madness	s8__SP14_S11__X__MIKI-NS13__c60__k15__class	8	SP14_S11	MIKI-NS13	1313	481743	class	60.0	15.0	2059376	1241056	309149	60.2636915259768	15.01178026742081	169	867	-0.0007853511613873821	True	True
strain_madness	s8__SP188_S67__X__spades_MRSA8007_S12_L001__c60__k15__class	8	SP188_S67	spades_MRSA8007_S12_L001	1313	1280	class	60.0	15.0	2040293	1224948	306170	60.03784750523577	15.006178034233319	2108	1203	-0.0004118689488879094	True	True
strain_madness	s8__SP57_S43__X__spades_MRSA7286_S4_L001__c60__k15__class	8	SP57_S43	spades_MRSA7286_S4_L001	1313	1280	class	60.0	15.0	1969838	1183440	299954	60.078036874098274	15.227343568354351	358	51	-0.015156237890290096	True	True
strain_madness	s8__SP63_S49__X__spades_MRSA7113_S2_L001__c60__k20__class	8	SP63_S49	spades_MRSA7113_S2_L001	1313	1280	class	60.0	20.0	2084429	1257546	417314	60.33047899448722	20.02054279613266	557	921	-0.0010271398066329595	True	True
strain_madness	s8__SP14_S11__X__spades_MRSA8602_S6_L001__c60__k20__class	8	SP14_S11	spades_MRSA8602_S6_L001	1313	1280	class	60.0	20.0	2059376	1236872	412055	60.06052318760634	20.008730800009324	171	1551	-0.00043654000046622343	True	True
strain_madness	s8__SP148_S29__X__MIKI-NS20__c60__k2__phylum	8	SP148_S29	MIKI-NS20	1313	186802	phylum	60.0	2.0	2086142	1252052	42453	60.017582695712946	2.035000493734367	632	8	-0.017500246867183433	True	True
strain_madness	s8__SP50_S37__X__MIKI-NS20__c60__k2__phylum	8	SP50_S37	MIKI-NS20	1313	186802	phylum	60.0	2.0	1958348	1175491	40437	60.02462279431439	2.064852620678245	1649	12	-0.032426310339122466	True	True
strain_madness	s8__spades_VRE3342_S6_L001__X__MIKI-NS20__c60__k2__phylum	8	spades_VRE3342_S6_L001	MIKI-NS20	1352	186802	phylum	60.0	2.0	3063001	1839124	61848	60.043205993076725	2.0191962065960802	1225	9	-0.009598103298040117	True	True
strain_madness	s8__spades_MRSA7113_S2_L001__X__MIKI-NS20__c60__k2__phylum	8	spades_MRSA7113_S2_L001	MIKI-NS20	1280	186802	phylum	60.0	2.0	2825247	1695439	57656	60.01029290536367	2.040741924511379	3920	15	-0.020370962255689573	True	True
strain_madness	s8__SP32_S19__X__MIKI-NS20__c60__k2__phylum	8	SP32_S19	MIKI-NS20	1313	186802	phylum	60.0	2.0	2103320	1262106	42300	60.005420002662454	2.0111062510697373	3228	10	-0.0055531255348686415	True	True
strain_madness	s8__spades_VRE3342_S6_L001__X__MIKI-NS20__c60__k5__phylum	8	spades_VRE3342_S6_L001	MIKI-NS20	1352	186802	phylum	60.0	5.0	3063001	1837974	156200	60.005661114704175	5.099573914602052	1226	21	-0.019914782920410445	True	True
strain_madness	s8__SP127_S8__X__MIKI-NS20__c60__k5__phylum	8	SP127_S8	MIKI-NS20	1313	186802	phylum	60.0	5.0	2054557	1233241	109835	60.024667118021064	5.345921286194542	1638	19	-0.06918425723890849	True	True
strain_madness	s8__SP60_S48__X__MIKI-NS20__c60__k5__phylum	8	SP60_S48	MIKI-NS20	1313	186802	phylum	60.0	5.0	1971764	1183186	99192	60.006471362698576	5.030622325998446	2247	10	-0.006124465199689233	True	True
strain_madness	s8__SP133_S14__X__MIKI-NS20__c60__k5__phylum	8	SP133_S14	MIKI-NS20	1313	186802	phylum	60.0	5.0	1991005	1200979	101416	60.320240280662276	5.093708956029744	890	11	-0.018741791205948745	True	True
strain_madness	s8__spades_VRE3783_S7_L001__X__MIKI-NS20__c60__k5__phylum	8	spades_VRE3783_S7_L001	MIKI-NS20	1352	186802	phylum	60.0	5.0	3086681	1852284	155080	60.008922204788895	5.02416673443093	4475	33	-0.004833346886186085	True	True
strain_madness	s8__SP61_S45__X__MIKI-NS20__c60__k5__phylum	8	SP61_S45	MIKI-NS20	1313	186802	phylum	60.0	5.0	1995963	1197863	106523	60.01428884202763	5.336922578224145	2891	21	-0.06738451564482908	True	True
strain_madness	s8__SP68_S51__X__MIKI-NS20__c60__k5__phylum	8	SP68_S51	MIKI-NS20	257758	186802	phylum	60.0	5.0	2287165	1372489	120624	60.00830722750654	5.273952688153238	1970	25	-0.05479053763064758	True	True
strain_madness	s8__SP143_S24__X__MIKI-NS20__c60__k10__phylum	8	SP143_S24	MIKI-NS20	1313	186802	phylum	60.0	10.0	2012493	1207535	210356	60.00194783286203	10.452508406240419	3075	38	-0.0452508406240419	True	True
strain_madness	s8__SP144_S25__X__MIKI-NS20__c60__k10__phylum	8	SP144_S25	MIKI-NS20	1313	186802	phylum	60.0	10.0	2073909	1245665	208429	60.06362863558623	10.05005523386031	1533	37	-0.00500552338603093	True	True
strain_madness	s8__SP125_S84__X__MIKI-NS20__c60__k10__phylum	8	SP125_S84	MIKI-NS20	1313	186802	phylum	60.0	10.0	2015328	1209395	204256	60.009834627415486	10.135124406548215	2605	31	-0.01351244065482149	True	True
strain_madness	s8__SP148_S29__X__MIKI-NS20__c60__k10__phylum	8	SP148_S29	MIKI-NS20	1313	186802	phylum	60.0	10.0	2086142	1256426	221137	60.22725202790606	10.600285119613142	662	30	-0.0600285119613142	True	True
strain_madness	s8__SP47_S34__X__MIKI-NS20__c60__k10__phylum	8	SP47_S34	MIKI-NS20	1313	186802	phylum	60.0	10.0	2027743	1245597	204198	61.42775489793332	10.07021106718159	112	40	-0.007021106718159054	True	True
strain_madness	s8__spades_MRSA7113_S2_L001__X__MIKI-NS20__c60__k10__phylum	8	spades_MRSA7113_S2_L001	MIKI-NS20	1280	186802	phylum	60.0	10.0	2825247	1695461	287008	60.011071598341665	10.158687010374669	3922	69	-0.01586870103746687	True	True
strain_madness	s8__SP7_S4__X__MIKI-NS20__c60__k15__phylum	8	SP7_S4	MIKI-NS20	1313	186802	phylum	60.0	15.0	2105126	1360342	319201	64.62045502264472	15.16303537175447	28	63	-0.010869024783631312	True	True
strain_madness	s8__SP198_S01__X__MIKI-NS20__c60__k15__phylum	8	SP198_S01	MIKI-NS20	1313	186802	phylum	60.0	15.0	2057645	1236315	312031	60.083979500837124	15.164472005618073	458	68	-0.010964800374538205	True	True
strain_madness	s8__SP16_S12__X__MIKI-NS20__c60__k15__phylum	8	SP16_S12	MIKI-NS20	1313	186802	phylum	60.0	15.0	2043829	1227589	308755	60.06319511074557	15.1066943467384	1338	58	-0.007112956449226715	True	True
strain_madness	s8__SP194_S73__X__MIKI-NS20__c60__k15__phylum	8	SP194_S73	MIKI-NS20	1313	186802	phylum	60.0	15.0	2053846	1237133	316491	60.23494458688724	15.409675311586165	139	51	-0.027311687439077657	True	True
strain_madness	s8__SP69_S52__X__MIKI-NS20__c60__k15__phylum	8	SP69_S52	MIKI-NS20	1313	186802	phylum	60.0	15.0	2218514	1331595	336741	60.02193360059932	15.178673652724301	2965	59	-0.011911576848286743	True	True
strain_madness	s8__spades_VRE3342_S6_L001__X__MIKI-NS20__c60__k20__phylum	8	spades_VRE3342_S6_L001	MIKI-NS20	1352	186802	phylum	60.0	20.0	3063001	1838346	615683	60.01780606666468	20.100646392214696	1250	110	-0.005032319610734781	True	True
strain_madness	s8__spades_And9746_S7_L001__X__spades_ESBL8604_S8_L001__c75__k2__species	8	spades_And9746_S7_L001	spades_ESBL8604_S8_L001	562	562	species	75.0	2.0	5208326	3910487	104229	75.08145611469021	2.001199617689062	159	433	-0.0005998088445309246	True	True
strain_madness	s8__spades_ESBL5784_S3_L001__X__spades_And4955_S10_L001__c75__k2__species	8	spades_ESBL5784_S3_L001	spades_And4955_S10_L001	562	562	species	75.0	2.0	5468994	4102842	109434	75.02004939116773	2.0009895787049685	7085	454	-0.0004947893524842595	True	True
strain_madness	s8__SP133_S14__X__SP160_S41__c75__k2__species	8	SP133_S14	SP160_S41	1313	1313	species	75.0	2.0	1991005	1494503	39992	75.06274469426245	2.0086338306533635	1105	164	-0.0043169153266817695	True	True
strain_madness	s8__spades_VRE3342_S6_L001__X__spades_VRE3967_S23_L001__c75__k5__species	8	spades_VRE3342_S6_L001	spades_VRE3967_S23_L001	1352	1352	species	75.0	5.0	3063001	2299632	153185	75.07774238402142	5.001141037825322	1541	406	-0.00022820756506440886	True	True
strain_madness	s8__spades_ESBL6210_S10_L001__X__spades_And9205_S9_L001__c75__k5__species	8	spades_ESBL6210_S10_L001	spades_And9205_S9_L001	562	562	species	75.0	5.0	4795054	3597485	239753	75.02491108546431	5.000006256446747	5224	959	-1.2512893494687205e-06	True	True
strain_madness	s8__SP48_S35__X__SP17_S90__c75__k5__species	8	SP48_S35	SP17_S90	1313	1313	species	75.0	5.0	2032240	1524391	101833	75.0103826319726	5.010874699838602	2768	412	-0.002174939967720313	True	True
strain_madness	s8__SP27_S15__X__SP137_S18__c75__k10__species	8	SP27_S15	SP137_S18	1313	1313	species	75.0	10.0	1980747	1488650	198208	75.15598912935373	10.00672978426826	1603	734	-0.0006729784268259209	True	True
strain_madness	s8__SP60_S48__X__SP111_S89__c75__k15__species	8	SP60_S48	SP111_S89	1313	1313	species	75.0	15.0	1971764	1479124	296100	75.01526551859148	15.017010149287643	2852	935	-0.0011340099525095108	True	True
strain_madness	s8__spades_And6166_S1_L001__X__spades_ESBL8960_S8_L001__c75__k15__species	8	spades_And6166_S1_L001	spades_ESBL8960_S8_L001	573	573	species	75.0	15.0	5491273	4178047	824419	76.08521739858864	15.013258310049418	42	2572	-0.0008838873366278458	True	True
strain_madness	s8__SP63_S49__X__SP94_S75__c75__k15__species	8	SP63_S49	SP94_S75	1313	1313	species	75.0	15.0	2084429	1563528	312843	75.00989479612882	15.008570692501399	672	1122	-0.000571379500093272	True	True
strain_madness	s8__SP8_S5__X__SP74_S57__c75__k15__species	8	SP8_S5	SP74_S57	1313	1313	species	75.0	15.0	2092144	1569876	315284	75.03670875427314	15.069899586261748	3002	33	-0.004659972417449865	True	True
strain_madness	s8__SP57_S43__X__SP190_S69__c75__k20__species	8	SP57_S43	SP190_S69	1313	1313	species	75.0	20.0	1969838	1478719	394005	75.06805128137441	20.001898633288626	456	1039	-9.493166443128587e-05	True	True
strain_madness	s8__SP47_S34__X__SP57_S43__c75__k20__species	8	SP47_S34	SP57_S43	1313	1313	species	75.0	20.0	2027743	1586393	420048	78.23442122596404	20.715051167726877	149	111	-0.035752558386343836	True	True
strain_madness	s8__spades_MRSA7172_S1_L001__X__spades_MRSA7286_S4_L001__c75__k20__species	8	spades_MRSA7172_S1_L001	spades_MRSA7286_S4_L001	1280	1280	species	75.0	20.0	2747769	2062237	550775	75.05132345550153	20.0444433283875	1185	71	-0.0022221664193750714	True	True
strain_madness	s8__spades_And6100_S3_L001__X__spades_ESBL6759Q_S12_L001__c75__k20__species	8	spades_And6100_S3_L001	spades_ESBL6759Q_S12_L001	573	573	species	75.0	20.0	5483251	4112887	1097165	75.00818401346208	20.00938859081957	7330	2113	-0.0004694295409784388	True	True
strain_madness	s8__SP148_S29__X__SP68_S51__c75__k2__genus	8	SP148_S29	SP68_S51	1313	257758	genus	75.0	2.0	2086142	1565321	42383	75.03424982575491	2.03164501745327	769	56	-0.015822508726635043	True	True
strain_madness	s8__SP196_S75__X__SP21_S92__c75__k5__genus	8	SP196_S75	SP21_S92	1313	68892	genus	75.0	5.0	1970420	1483563	98664	75.29171445681631	5.007257335999432	484	408	-0.0014514671998863804	True	True
strain_madness	s8__SP48_S35__X__SP68_S51__c75__k5__genus	8	SP48_S35	SP68_S51	1313	257758	genus	75.0	5.0	2032240	1524355	101671	75.008611187655	5.0029032004094	2749	142	-0.0005806400818800129	True	True
strain_madness	s8__SP188_S67__X__SP21_S92__c75__k5__genus	8	SP188_S67	SP21_S92	1313	68892	genus	75.0	5.0	2040293	1530302	102112	75.0040312837421	5.004771373523313	2679	423	-0.0009542747046625167	True	True
strain_madness	s8__SP127_S8__X__SP181_S61__c75__k10__genus	8	SP127_S8	SP181_S61	1313	28037	genus	75.0	10.0	2054557	1542960	205572	75.09940099009178	10.005660587659529	2068	699	-0.0005660587659528816	True	True
strain_madness	s8__SP50_S37__X__SP68_S51__c75__k10__genus	8	SP50_S37	SP68_S51	1313	257758	genus	75.0	10.0	1958348	1469292	196002	75.02711469054529	10.00853780839769	2066	258	-0.0008537808397690583	True	True
strain_madness	s8__SP144_S25__X__SP181_S61__c75__k15__genus	8	SP144_S25	SP181_S61	1313	28037	genus	75.0	15.0	2073909	1557646	311186	75.1067669796505	15.004804935992853	1961	1048	-0.00032032906619020214	True	True
strain_madness	s8__SP63_S49__X__SP181_S61__c75__k15__genus	8	SP63_S49	SP181_S61	1313	28037	genus	75.0	15.0	2084429	1564281	312996	75.04601979726822	15.015910832175143	684	1068	-0.0010607221450095257	True	True
strain_madness	s8__SP57_S43__X__SP68_S51__c75__k20__genus	8	SP57_S43	SP68_S51	1313	257758	genus	75.0	20.0	1969838	1477602	394456	75.0113461106954	20.02479391706323	434	574	-0.001239695853161571	True	True
strain_madness	s8__SP6_S88__X__SP181_S61__c75__k20__genus	8	SP6_S88	SP181_S61	1313	28037	genus	75.0	20.0	2087122	1568413	417463	75.14716437275828	20.001849436688417	1259	1426	-9.247183442084861e-05	True	True
strain_madness	s8__SP60_S48__X__SP181_S61__c75__k20__genus	8	SP60_S48	SP181_S61	1313	28037	genus	75.0	20.0	1971764	1479299	394419	75.02414082009814	20.003357399769953	2844	1342	-0.00016786998849767089	True	True
strain_madness	s8__spades_And6100_S3_L001__X__spades_ESBL7424_S8_L001__c75__k2__family	8	spades_And6100_S3_L001	spades_ESBL7424_S8_L001	573	562	family	75.0	2.0	5483251	4112490	109717	75.00094378316805	2.000947977759909	7330	341	-0.0004739888799545344	True	True
strain_madness	s8__spades_And6100_S3_L001__X__spades_ESBL6418_S2_L001__c75__k5__family	8	spades_And6100_S3_L001	spades_ESBL6418_S2_L001	573	562	family	75.0	5.0	5483251	4113410	274407	75.01772215060008	5.004458121650823	7346	901	-0.0008916243301646531	True	True
strain_madness	s8__spades_ESBL5609_S2_L001__X__spades_ESBL8873_S6_L001__c75__k5__family	8	spades_ESBL5609_S2_L001	spades_ESBL8873_S6_L001	562	573	family	75.0	5.0	5088202	3817595	254517	75.02836954979382	5.002100938602673	6447	1023	-0.0004201877205346705	True	True
strain_madness	s8__spades_ESBL9440_S6_L001__X__spades_ESBL5827_S10_L001__c75__k10__family	8	spades_ESBL9440_S6_L001	spades_ESBL5827_S10_L001	543	562	family	75.0	10.0	5102994	3827363	510567	75.00230256982469	10.005243980298625	7356	1498	-0.0005243980298624606	True	True
strain_madness	s8__spades_And9746_S7_L001__X__spades_ESBL7862_S8_L001__c75__k10__family	8	spades_And9746_S7_L001	spades_ESBL7862_S8_L001	562	573	family	75.0	10.0	5208326	3907301	522642	75.02028482856103	10.034740528914664	151	294	-0.003474052891466428	True	True
strain_madness	s8__spades_And9076_S11_L001__X__spades_ESBL5609_S2_L001__c75__k10__family	8	spades_And9076_S11_L001	spades_ESBL5609_S2_L001	573	562	family	75.0	10.0	5583272	4187711	558537	75.00460303563932	10.003757653218399	5502	935	-0.00037576532183987156	True	True
strain_madness	s8__spades_And9746_S7_L001__X__spades_ESBL7431_S12_L001__c75__k15__family	8	spades_And9746_S7_L001	spades_ESBL7431_S12_L001	562	543	family	75.0	15.0	5208326	3911842	896857	75.10747215132079	17.219678645307532	154	8	-0.14797857635383546	True	True
strain_madness	s8__spades_ESBL6210_S10_L001__X__spades_ESBL5911_S4_L001__c75__k15__family	8	spades_ESBL6210_S10_L001	spades_ESBL5911_S4_L001	562	543	family	75.0	15.0	4795054	3596334	719284	75.00090718477831	15.00054013990249	5217	2434	-3.6009326832697754e-05	True	True
strain_madness	s8__spades_ESBL5609_S2_L001__X__spades_ESBL8341_S10_L001__c75__k20__family	8	spades_ESBL5609_S2_L001	spades_ESBL8341_S10_L001	562	543	family	75.0	20.0	5088202	3818164	1017793	75.0395522819259	20.002999094768644	6470	3166	-0.00014995473843217865	True	True
strain_madness	s8__SP60_S48__X__spades_VRE2906_S11_L001__c75__k2__order	8	SP60_S48	spades_VRE2906_S11_L001	1313	1352	order	75.0	2.0	1971764	1479038	39464	75.01090394185105	2.0014565637672663	2846	146	-0.0007282818836331639	True	True
strain_madness	s8__SP16_S12__X__spades_VRE2913_S13_L001__c75__k2__order	8	SP16_S12	spades_VRE2913_S13_L001	1313	1352	order	75.0	2.0	2043829	1534215	41026	75.06572223018658	2.0073107877420275	1714	169	-0.003655393871013768	True	True
strain_madness	s8__SP68_S51__X__spades_VRE3387_S5_L001__c75__k5__order	8	SP68_S51	spades_VRE3387_S5_L001	257758	1352	order	75.0	5.0	2287165	1716477	114432	75.04823657235049	5.0032245159400395	2424	329	-0.0006449031880078948	True	True
strain_madness	s8__SP92_S73__X__spades_VRE2237_S15_L001__c75__k5__order	8	SP92_S73	spades_VRE2237_S15_L001	1313	1352	order	75.0	5.0	2071399	1561136	103785	75.36626212525931	5.010381872348109	44	186	-0.0020763744696218112	True	True
strain_madness	s8__SP194_S73__X__MIKI-NS11__c75__k5__order	8	SP194_S73	MIKI-NS11	1313	97137	order	75.0	5.0	2053846	1540478	102705	75.00455243479793	5.000618352106244	175	411	-0.00012367042124878936	True	True
strain_madness	s8__SP74_S57__X__spades_VRE2943_S1_L001__c75__k5__order	8	SP74_S57	spades_VRE2943_S1_L001	1313	1352	order	75.0	5.0	1980502	1519536	99167	76.72478997749056	5.007164850123858	148	385	-0.001432970024771585	True	True
strain_madness	s8__SP92_S73__X__spades_VRE3766_S8_L001__c75__k10__order	8	SP92_S73	spades_VRE3766_S8_L001	1313	1352	order	75.0	10.0	2071399	1582029	207314	76.37490411070006	10.008404947574078	45	708	-0.0008404947574078391	True	True
strain_madness	s8__SP127_S8__X__spades_VRE3387_S5_L001__c75__k10__order	8	SP127_S8	spades_VRE3387_S5_L001	1313	1352	order	75.0	10.0	2054557	1541448	205619	75.02580848328861	10.007948185423913	2074	593	-0.00079481854239134	True	True
strain_madness	s8__spades_VRE3342_S6_L001__X__SP116_S94__c75__k10__order	8	spades_VRE3342_S6_L001	SP116_S94	1352	1313	order	75.0	10.0	3063001	2299032	306371	75.05815375182705	10.002314723370969	1549	871	-0.00023147233709686077	True	True
strain_madness	s8__SP11_S8__X__spades_VRE2906_S11_L001__c75__k10__order	8	SP11_S8	spades_VRE2906_S11_L001	1313	1352	order	75.0	10.0	2065838	1551454	206814	75.10046770366311	10.011143177732233	1590	752	-0.0011143177732233056	True	True
strain_madness	s8__SP16_S12__X__spades_VRE3766_S8_L001__c75__k15__order	8	SP16_S12	spades_VRE3766_S8_L001	1313	1352	order	75.0	15.0	2043829	1533383	306846	75.02501432360535	15.013291229354316	1707	1050	-0.0008860819569543803	True	True
strain_madness	s8__SP7_S4__X__spades_VRE2943_S1_L001__c75__k15__order	8	SP7_S4	spades_VRE2943_S1_L001	1313	1352	order	75.0	15.0	2105126	1641585	315787	77.98036792097005	15.000859806016361	28	1233	-5.732040109075835e-05	True	True
strain_madness	s8__SP173_S54__X__spades_VRE3783_S7_L001__c75__k15__order	8	SP173_S54	spades_VRE3783_S7_L001	1313	1352	order	75.0	15.0	1973592	1480371	296205	75.00896841900453	15.008421193438158	2438	720	-0.0005614128958772113	True	True
strain_madness	s8__SP74_S57__X__spades_VRE3967_S23_L001__c75__k15__order	8	SP74_S57	spades_VRE3967_S23_L001	1313	1352	order	75.0	15.0	1980502	1495413	297077	75.50676545643478	15.000085836823189	162	785	-5.722454879257081e-06	True	True
strain_madness	s8__SP173_S54__X__spades_VRE3783_S7_L001__c75__k20__order	8	SP173_S54	spades_VRE3783_S7_L001	1313	1352	order	75.0	20.0	1973592	1480795	394853	75.03045208938828	20.006820051966162	2429	967	-0.00034100259830811553	True	True
strain_madness	s8__spades_MRSA7133_S3_L001__X__MIKI-NS13__c75__k20__order	8	spades_MRSA7133_S3_L001	MIKI-NS13	1280	481743	order	75.0	20.0	2821986	2116966	564608	75.01688527157825	20.007469916576483	2302	1574	-0.000373495828824133	True	True
strain_madness	s8__SP133_S14__X__spades_MRSA8339_S5_L001__c75__k2__class	8	SP133_S14	spades_MRSA8339_S5_L001	1313	1280	class	75.0	2.0	1991005	1493930	39822	75.03396525875124	2.0000954291927946	1081	98	-4.7714596397296916e-05	True	True
strain_madness	s8__SP178_S58__X__spades_MRSA8595_S7_L001__c75__k2__class	8	SP178_S58	spades_MRSA8595_S7_L001	1313	1280	class	75.0	2.0	1925491	1451695	38741	75.39349703530165	2.0120062882662135	137	157	-0.006003144133106764	True	True
strain_madness	s8__spades_VRE3342_S6_L001__X__spades_MRSA7830_S9_L001__c75__k5__class	8	spades_VRE3342_S6_L001	spades_MRSA7830_S9_L001	1352	1280	class	75.0	5.0	3063001	2297858	153570	75.01982532816672	5.013710410150046	1526	440	-0.0027420820300092076	True	True
strain_madness	s8__SP92_S73__X__spades_MRSA9344_S6_L001__c75__k5__class	8	SP92_S73	spades_MRSA9344_S6_L001	1313	1280	class	75.0	5.0	2071399	1581766	103694	76.36220737771912	5.005988706183599	42	423	-0.001197741236719807	True	True
strain_madness	s8__SP57_S43__X__spades_MRSA7286_S4_L001__c75__k5__class	8	SP57_S43	spades_MRSA7286_S4_L001	1313	1280	class	75.0	5.0	1969838	1478084	104242	75.03581512794453	5.291907253286818	451	18	-0.058381450657363665	True	True
strain_madness	s8__SP8_S5__X__spades_MRSA8595_S7_L001__c75__k5__class	8	SP8_S5	spades_MRSA8595_S7_L001	1313	1280	class	75.0	5.0	2092144	1569261	104731	75.00731307214035	5.005917374712257	3000	423	-0.0011834749424513903	True	True
strain_madness	s8__SP144_S25__X__spades_MRSA8187_S8_L001__c75__k5__class	8	SP144_S25	spades_MRSA8187_S8_L001	1313	1280	class	75.0	5.0	2073909	1556082	103741	75.03135383471502	5.002196335519061	1980	411	-0.00043926710381221313	True	True
strain_madness	s8__SP196_S75__X__spades_MRSA7796_S10_L001__c75__k5__class	8	SP196_S75	spades_MRSA7796_S10_L001	1313	1280	class	75.0	5.0	1970420	1478097	98623	75.01431166959328	5.005176561342252	504	292	-0.0010353122684504611	True	True
strain_madness	s8__SP179_S59__X__spades_MRSA7286_S4_L001__c75__k10__class	8	SP179_S59	spades_MRSA7286_S4_L001	1313	1280	class	75.0	10.0	2098228	1573838	218898	75.00795909691416	10.432517343205792	2560	32	-0.04325173432057916	True	True
strain_madness	s8__SP50_S37__X__spades_MRSA7796_S10_L001__c75__k15__class	8	SP50_S37	spades_MRSA7796_S10_L001	1313	1280	class	75.0	15.0	1958348	1468797	293880	75.00183828410476	15.006525908571918	2053	851	-0.0004350605714612025	True	True
strain_madness	s8__SP198_S01__X__spades_MRSA7133_S3_L001__c75__k15__class	8	SP198_S01	spades_MRSA7133_S3_L001	1313	1280	class	75.0	15.0	2057645	1555806	309085	75.61100189780065	15.021298620510342	572	337	-0.0014199080340227728	True	True
strain_madness	s8__SP6_S88__X__spades_MRSA7830_S9_L001__c75__k15__class	8	SP6_S88	spades_MRSA7830_S9_L001	1313	1280	class	75.0	15.0	2087122	1567713	313377	75.11362536545539	15.01479070222057	1244	861	-0.0009860468147046219	True	True
strain_madness	s8__SP164_S45__X__MIKI-NS13__c75__k20__class	8	SP164_S45	MIKI-NS13	1313	481743	class	75.0	20.0	1984518	1490284	397119	75.09551437679073	20.010854020976378	679	1069	-0.0005427010488189054	True	True
strain_madness	s8__SP161_S42__X__MIKI-NS13__c75__k20__class	8	SP161_S42	MIKI-NS13	1313	481743	class	75.0	20.0	2050632	1564405	410388	76.28891970865567	20.012757042706834	214	1134	-0.0006378521353417099	True	True
strain_madness	s8__SP144_S25__X__MIKI-NS20__c75__k2__phylum	8	SP144_S25	MIKI-NS20	1313	186802	phylum	75.0	2.0	2073909	1555588	44286	75.00753408177505	2.135387811133468	1950	12	-0.06769390556673405	True	True
strain_madness	s8__SP6_S88__X__MIKI-NS20__c75__k2__phylum	8	SP6_S88	MIKI-NS20	1313	186802	phylum	75.0	2.0	2087122	1568415	48215	75.14726019849343	2.310118910154749	1278	4	-0.1550594550773745	True	True
strain_madness	s8__SP47_S34__X__MIKI-NS20__c75__k5__phylum	8	SP47_S34	MIKI-NS20	1313	186802	phylum	75.0	5.0	2027743	1528798	106652	75.39407114215165	5.2596408913752875	143	16	-0.05192817827505749	True	True
strain_madness	s8__SP173_S54__X__MIKI-NS20__c75__k5__phylum	8	SP173_S54	MIKI-NS20	1313	186802	phylum	75.0	5.0	1973592	1480652	111010	75.02320641753717	5.624769455895646	2462	21	-0.12495389117912925	True	True
strain_madness	s8__spades_MRSA7172_S1_L001__X__MIKI-NS20__c75__k10__phylum	8	spades_MRSA7172_S1_L001	MIKI-NS20	1280	186802	phylum	75.0	10.0	2747769	2063507	295100	75.0975427701528	10.73962185321983	1190	50	-0.07396218532198304	True	True
strain_madness	s8__MIKI-NS20__X__spades_MRSA8602_S6_L001__c75__k10__phylum	8	MIKI-NS20	spades_MRSA8602_S6_L001	186802	1280	phylum	75.0	10.0	5363855	4025414	536544	75.04703240486553	10.002954964293405	756	2017	-0.0002954964293405027	True	True
strain_madness	s8__SP12_S9__X__MIKI-NS20__c75__k10__phylum	8	SP12_S9	MIKI-NS20	1313	186802	phylum	75.0	10.0	1985084	1489248	200920	75.02191343036365	10.121486042908009	2679	31	-0.012148604290800868	True	True
strain_madness	s8__SP84_S67__X__MIKI-NS20__c75__k15__phylum	8	SP84_S67	MIKI-NS20	1313	186802	phylum	75.0	15.0	2069912	1552954	316224	75.0251218409285	15.277171203413479	2274	59	-0.018478080227565266	True	True
strain_madness	s8__SP178_S58__X__MIKI-NS20__c75__k15__phylum	8	SP178_S58	MIKI-NS20	1313	186802	phylum	75.0	15.0	1925491	1451690	291481	75.39323736127564	15.138008954599112	125	55	-0.009200596973274126	True	True
strain_madness	s8__SP16_S12__X__MIKI-NS20__c75__k15__phylum	8	SP16_S12	MIKI-NS20	1313	186802	phylum	75.0	15.0	2043829	1533055	313266	75.00896601428006	15.327407527733484	1716	60	-0.021827168515565633	True	True
strain_madness	s8__SP6_S88__X__MIKI-NS20__c75__k15__phylum	8	SP6_S88	MIKI-NS20	1313	186802	phylum	75.0	15.0	2087122	1569652	314583	75.20652841568437	15.072573620516673	1273	53	-0.004838241367778195	True	True
strain_madness	s8__spades_MRSA7133_S3_L001__X__MIKI-NS20__c75__k20__phylum	8	spades_MRSA7133_S3_L001	MIKI-NS20	1280	186802	phylum	75.0	20.0	2821986	2119245	564422	75.09764399965131	20.00087881371488	2290	108	-4.39406857440261e-05	True	True
strain_madness	s8__SP48_S35__X__MIKI-NS20__c75__k20__phylum	8	SP48_S35	MIKI-NS20	1313	186802	phylum	75.0	20.0	2032240	1524495	412961	75.015500137779	20.32048380112585	2762	65	-0.016024190056292475	True	True
strain_madness	s8__MIKI-NS20__X__SP196_S75__c75__k20__phylum	8	MIKI-NS20	SP196_S75	186802	1313	phylum	75.0	20.0	5363855	4023002	1073419	75.00206474634382	20.012080863483448	770	358	-0.000604043174172375	True	True
strain_madness	s8__SP180_S96__X__MIKI-NS20__c75__k20__phylum	8	SP180_S96	MIKI-NS20	1313	186802	phylum	75.0	20.0	2031083	1523709	415555	75.01953391368053	20.459774415915057	995	70	-0.022988720795752825	True	True
strain_madness	s8__SP178_S58__X__SP121_S3__c90__k2__species	8	SP178_S58	SP121_S3	1313	1313	species	90.0	2.0	1925491	1732992	38727	90.00260193374054	2.011279200993409	149	151	-0.005639600496704533	True	True
strain_madness	s8__spades_And6166_S1_L001__X__spades_And5527_S8_L001__c90__k2__species	8	spades_And6166_S1_L001	spades_And5527_S8_L001	573	573	species	90.0	2.0	5491273	5095076	110177	92.78496989677986	2.0064017942651913	52	294	-0.003200897132595637	True	True
strain_madness	s8__spades_ESBL7586_S7_L001__X__spades_ESBL9861_S4_L001__c90__k2__species	8	spades_ESBL7586_S7_L001	spades_ESBL9861_S4_L001	562	562	species	90.0	2.0	4948638	4455132	98993	90.02743785259702	2.000409001426251	490	278	-0.00020450071312549944	True	True
strain_madness	s8__spades_MRSA8013_S11_L001__X__spades_MRSA7172_S1_L001__c90__k2__species	8	spades_MRSA8013_S11_L001	spades_MRSA7172_S1_L001	1280	1280	species	90.0	2.0	2739001	2468008	54821	90.10613723762788	2.001496165937873	204	35	-0.0007480829689365809	True	True
strain_madness	s8__spades_And8423_S6_L001__X__spades_And6884_S7_L001__c90__k2__species	8	spades_And8423_S6_L001	spades_And6884_S7_L001	573	573	species	90.0	2.0	5530859	4997200	110695	90.35124562025537	2.001407014715074	289	433	-0.0007035073575369921	True	True
strain_madness	s8__SP11_S8__X__SP128_S9__c90__k5__species	8	SP11_S8	SP128_S9	1313	1313	species	90.0	5.0	2065838	1859734	103450	90.02322544168517	5.007653068633649	1930	368	-0.001530613726729868	True	True
strain_madness	s8__spades_And6166_S1_L001__X__spades_And6241_S2_L001__c90__k5__species	8	spades_And6166_S1_L001	spades_And6241_S2_L001	573	573	species	90.0	5.0	5491273	5015436	281013	91.33466866426055	5.117447265870774	49	9	-0.02348945317415474	True	True
strain_madness	s8__spades_And9746_S7_L001__X__spades_And6399_S9_L001__c90__k10__species	8	spades_And9746_S7_L001	spades_And6399_S9_L001	562	562	species	90.0	10.0	5208326	4737332	521041	90.95690246731867	10.00400128563381	183	1704	-0.0004001285633810525	True	True
strain_madness	s8__SP194_S73__X__SP154_S35__c90__k10__species	8	SP194_S73	SP154_S35	1313	1313	species	90.0	10.0	2053846	1849469	205606	90.04905917970481	10.010779776088373	211	829	-0.0010779776088373438	True	True
strain_madness	s8__SP198_S01__X__SP8_S5__c90__k15__species	8	SP198_S01	SP8_S5	1313	1313	species	90.0	15.0	2057645	1854169	308944	90.1112193794362	15.014446126518422	667	600	-0.000963075101228128	True	True
strain_madness	s8__spades_And10026_S11_L001__X__spades_ESBL5660_S7_L001__c90__k15__species	8	spades_And10026_S11_L001	spades_ESBL5660_S7_L001	562	562	species	90.0	15.0	5077379	4572448	761734	90.05528245971001	15.002504244808197	1740	2590	-0.00016694965387979246	True	True
strain_madness	s8__spades_And6166_S1_L001__X__spades_ESBL6759Q_S12_L001__c90__k20__species	8	spades_And6166_S1_L001	spades_ESBL6759Q_S12_L001	573	573	species	90.0	20.0	5491273	5211738	1098452	94.90946816885629	20.00359479486815	45	2153	-0.000179739743407481	True	True
strain_madness	s8__spades_MRSA7172_S1_L001__X__spades_MRSA7796_S10_L001__c90__k20__species	8	spades_MRSA7172_S1_L001	spades_MRSA7796_S10_L001	1280	1280	species	90.0	20.0	2747769	2475333	550327	90.08519275091902	20.02813919219556	1424	1638	-0.0014069596097780134	True	True
strain_madness	s8__SP194_S73__X__SP79_S62__c90__k20__species	8	SP194_S73	SP79_S62	1313	1313	species	90.0	20.0	2053846	1859321	410844	90.52874460889473	20.003641947838346	215	1268	-0.0001820973919173241	True	True
strain_madness	s8__SP198_S01__X__SP60_S48__c90__k20__species	8	SP198_S01	SP60_S48	1313	1313	species	90.0	20.0	2057645	1852258	411685	90.01834621618404	20.007581482714464	673	849	-0.0003790741357232008	True	True
strain_madness	s8__SP11_S8__X__SP119_S1__c90__k2__genus	8	SP11_S8	SP119_S1	1313	257758	genus	90.0	2.0	2065838	1860672	41452	90.06863074452112	2.006546495901421	1930	175	-0.0032732479507104895	True	True
strain_madness	s8__SP133_S14__X__SP21_S92__c90__k2__genus	8	SP133_S14	SP21_S92	1313	68892	genus	90.0	2.0	1991005	1791926	40036	90.00107985665531	2.0108437698549224	1328	167	-0.005421884927461207	True	True
strain_madness	s8__SP92_S73__X__SP68_S51__c90__k2__genus	8	SP92_S73	SP68_S51	1313	257758	genus	90.0	2.0	2071399	1924546	42805	92.91044361805717	2.0664777766137763	46	61	-0.03323888830688815	True	True
strain_madness	s8__SP14_S11__X__SP181_S61__c90__k5__genus	8	SP14_S11	SP181_S61	1313	28037	genus	90.0	5.0	2059376	1855325	103100	90.09161027418014	5.006370861853299	254	350	-0.0012741723706598761	True	True
strain_madness	s8__SP198_S01__X__SP181_S61__c90__k5__genus	8	SP198_S01	SP181_S61	1313	28037	genus	90.0	5.0	2057645	1852281	102901	90.01946399889194	5.000911235903181	673	354	-0.00018224718063617474	True	True
strain_madness	s8__SP63_S49__X__SP68_S51__c90__k10__genus	8	SP63_S49	SP68_S51	1313	257758	genus	90.0	10.0	2084429	1876957	210126	90.04657870332835	10.080746333888081	800	290	-0.008074633388808117	True	True
strain_madness	s8__SP161_S42__X__SP181_S61__c90__k10__genus	8	SP161_S42	SP181_S61	1313	28037	genus	90.0	10.0	2050632	1850030	205140	90.21755244236898	10.003745186849713	252	711	-0.00037451868497129226	True	True
strain_madness	s8__SP63_S49__X__SP181_S61__c90__k15__genus	8	SP63_S49	SP181_S61	1313	28037	genus	90.0	15.0	2084429	1877453	312676	90.07037418880662	15.000558906060125	799	1073	-3.726040400830281e-05	True	True
strain_madness	s8__SP194_S73__X__SP68_S51__c90__k15__genus	8	SP194_S73	SP68_S51	1313	257758	genus	90.0	15.0	2053846	1897846	308286	92.4044938130707	15.01018089963902	224	446	-0.0006787266426012906	True	True
strain_madness	s8__SP7_S4__X__SP181_S61__c90__k20__genus	8	SP7_S4	SP181_S61	1313	28037	genus	90.0	20.0	2105126	1912995	421188	90.87318288786514	20.007733503837773	30	1427	-0.0003866751918886635	True	True
strain_madness	s8__SP74_S57__X__SP181_S61__c90__k20__genus	8	SP74_S57	SP181_S61	1313	28037	genus	90.0	20.0	1980502	1783832	396312	90.0696894019799	20.010684159874618	187	1364	-0.0005342079937308952	True	True
strain_madness	s8__spades_And8926_S4_L001__X__spades_And4246_S5_L001__c90__k2__family	8	spades_And8926_S4_L001	spades_And4246_S5_L001	550	573	family	90.0	2.0	4595731	4171149	92206	90.76138268319012	2.006340231836894	34	331	-0.0031701159184469585	True	True
strain_madness	s8__spades_ESBL6364_S9_L001__X__spades_And5527_S8_L001__c90__k2__family	8	spades_ESBL6364_S9_L001	spades_And5527_S8_L001	562	573	family	90.0	2.0	5323526	4791436	106509	90.00493282084092	2.0007228291925316	3801	277	-0.00036141459626581884	True	True
strain_madness	s8__spades_ESBL7431_S12_L001__X__spades_AND9183_S11_L001__c90__k2__family	8	spades_ESBL7431_S12_L001	spades_AND9183_S11_L001	543	562	family	90.0	2.0	5304537	4789594	106196	90.29240440777394	2.0019843390667273	61	447	-0.0009921695333636738	True	True
strain_madness	s8__spades_And9693_S1_L001__X__spades_ESBL6769_S11_L001__c90__k5__family	8	spades_And9693_S1_L001	spades_ESBL6769_S11_L001	562	573	family	90.0	5.0	5234639	4713689	261961	90.04802432412245	5.004375659907016	981	1008	-0.0008751319814031433	True	True
strain_madness	s8__spades_And5388_S8_L001__X__spades_ESBL8956_S2_L001__c90__k10__family	8	spades_And5388_S8_L001	spades_ESBL8956_S2_L001	562	573	family	90.0	10.0	5248482	4724588	525001	90.01818049485547	10.002911317977274	2983	1873	-0.0002911317977273953	True	True
strain_madness	s8__spades_ESBL7862_S8_L001__X__spades_ESBL7532_S2_L001__c90__k10__family	8	spades_ESBL7862_S8_L001	spades_ESBL7532_S2_L001	573	562	family	90.0	10.0	5904754	5314715	590747	90.00739065505523	10.004599683576997	2983	2319	-0.00045996835769965825	True	True
strain_madness	s8__spades_And9746_S7_L001__X__spades_And9722_S8_L001__c90__k10__family	8	spades_And9746_S7_L001	spades_And9722_S8_L001	562	543	family	90.0	10.0	5208326	4746956	520919	91.1416835274904	10.001658882335706	183	2051	-0.0001658882335705769	True	True
strain_madness	s8__spades_ESBL6270_S10_L001__X__spades_And6884_S7_L001__c90__k10__family	8	spades_ESBL6270_S10_L001	spades_And6884_S7_L001	543	573	family	90.0	10.0	5129972	4746729	513138	92.52933544276655	10.002744654356787	63	1990	-0.00027446543567872795	True	True
strain_madness	s8__spades_ESBL7862_S8_L001__X__spades_ESBL7424_S8_L001__c90__k15__family	8	spades_ESBL7862_S8_L001	spades_ESBL7424_S8_L001	573	562	family	90.0	15.0	5904754	5316644	885774	90.04005924717609	15.00103137234845	2989	2712	-6.875815656333846e-05	True	True
strain_madness	s8__spades_And6241_S2_L001__X__spades_ESBL5817_S7_L001__c90__k15__family	8	spades_And6241_S2_L001	spades_ESBL5817_S7_L001	573	562	family	90.0	15.0	5482102	4933918	822511	90.00047791887127	15.003569798591855	129	1503	-0.0002379865727903052	True	True
strain_madness	s8__spades_And9693_S1_L001__X__spades_ESBL9440_S6_L001__c90__k20__family	8	spades_And9693_S1_L001	spades_ESBL9440_S6_L001	562	543	family	90.0	20.0	5234639	4716012	1046983	90.0924017874012	20.0010545139789	993	1985	-5.272569894501089e-05	True	True
strain_madness	s8__spades_MRSA7172_S1_L001__X__MIKI-NS13__c90__k2__order	8	spades_MRSA7172_S1_L001	MIKI-NS13	1280	481743	order	90.0	2.0	2747769	2474089	55171	90.03991965845746	2.0078470934055956	1429	163	-0.00392354670279782	True	True
strain_madness	s8__SP57_S43__X__MIKI-NS06__c90__k2__order	8	SP57_S43	MIKI-NS06	1313	508451	order	90.0	2.0	1969838	1780628	39490	90.39464158981602	2.0047333841666166	522	161	-0.0023666920833083083	True	True
strain_madness	s8__SP126_S7__X__MIKI-NS10__c90__k5__order	8	SP126_S7	MIKI-NS10	1313	1598	order	90.0	5.0	2003842	1806437	100394	90.14867439648435	5.010075644686557	599	391	-0.0020151289373114166	True	True
strain_madness	s8__spades_MRSA7172_S1_L001__X__MIKI-NS13__c90__k5__order	8	spades_MRSA7172_S1_L001	MIKI-NS13	1280	481743	order	90.0	5.0	2747769	2473354	137585	90.01317068501756	5.007153075822604	1421	364	-0.0014306151645207877	True	True
strain_madness	s8__SP194_S73__X__spades_VRE3277_S16_L001__c90__k5__order	8	SP194_S73	spades_VRE3277_S16_L001	1313	1352	order	90.0	5.0	2053846	1859879	102703	90.55591315025566	5.0005209738217955	212	336	-0.00010419476435910013	True	True
strain_madness	s8__SP196_S75__X__spades_VRE2906_S11_L001__c90__k10__order	8	SP196_S75	spades_VRE2906_S11_L001	1313	1352	order	90.0	10.0	1970420	1781060	197397	90.38986611991352	10.018016463495092	594	717	-0.001801646349509234	True	True
strain_madness	s8__SP161_S42__X__spades_VRE3387_S5_L001__c90__k10__order	8	SP161_S42	spades_VRE3387_S5_L001	1313	1352	order	90.0	10.0	2050632	1878885	205102	91.62467961096871	10.001892099606366	265	589	-0.00018920996063656048	True	True
strain_madness	s8__SP57_S43__X__spades_VRE2941_S2_L001__c90__k10__order	8	SP57_S43	spades_VRE2941_S2_L001	1313	1352	order	90.0	10.0	1969838	1773554	197229	90.0355257640476	10.012447724127568	511	825	-0.0012447724127568449	True	True
strain_madness	s8__SP63_S49__X__spades_VRE3021_S4_L001__c90__k10__order	8	SP63_S49	spades_VRE3021_S4_L001	1313	1352	order	90.0	10.0	2084429	1878403	208611	90.11595021946059	10.008064558687295	802	842	-0.000806455868729472	True	True
strain_madness	s8__SP14_S11__X__spades_VRE3967_S23_L001__c90__k15__order	8	SP14_S11	spades_VRE3967_S23_L001	1313	1352	order	90.0	15.0	2059376	1863371	309206	90.48231114667745	15.01454809612232	254	850	-0.0009698730748213554	True	True
strain_madness	s8__SP92_S73__X__spades_VRE3387_S5_L001__c90__k15__order	8	SP92_S73	spades_VRE3387_S5_L001	1313	1352	order	90.0	15.0	2071399	1877118	311062	90.62078334497603	15.01700058752563	47	870	-0.0011333725017086257	True	True
strain_madness	s8__SP180_S96__X__spades_VRE3043_S21_L001__c90__k15__order	8	SP180_S96	spades_VRE3043_S21_L001	1313	1352	order	90.0	15.0	2031083	1831018	305143	90.14983631885059	15.023659791352692	1217	812	-0.0015773194235128092	True	True
strain_madness	s8__SP11_S8__X__spades_VRE3277_S16_L001__c90__k15__order	8	SP11_S8	spades_VRE3277_S16_L001	1313	1352	order	90.0	15.0	2065838	1859293	309966	90.00187817244141	15.004371107511819	1925	1068	-0.00029140716745459374	True	True
strain_madness	s8__SP6_S88__X__spades_VRE3387_S5_L001__c90__k20__order	8	SP6_S88	spades_VRE3387_S5_L001	1313	1352	order	90.0	20.0	2087122	1880915	417576	90.12003131585024	20.007263590724452	1510	1177	-0.00036317953622262423	True	True
strain_madness	s8__SP178_S58__X__spades_VRE3277_S16_L001__c90__k20__order	8	SP178_S58	spades_VRE3277_S16_L001	1313	1352	order	90.0	20.0	1925491	1733648	385431	90.03667116595196	20.01728390317067	155	1290	-0.0008641951585335761	True	True
strain_madness	s8__SP133_S14__X__spades_MRSA7129_S1_L001__c90__k2__class	8	SP133_S14	spades_MRSA7129_S1_L001	1313	1280	class	90.0	2.0	1991005	1797731	39961	90.29264115358826	2.007076828034083	1323	168	-0.00353841401704158	True	True
strain_madness	s8__SP196_S75__X__spades_MRSA7286_S4_L001__c90__k5__class	8	SP196_S75	spades_MRSA7286_S4_L001	1313	1280	class	90.0	5.0	1970420	1781527	98608	90.4135666507648	5.004415302321332	604	18	-0.0008830604642664497	True	True
strain_madness	s8__SP7_S4__X__MIKI-NS13__c90__k10__class	8	SP7_S4	MIKI-NS13	1313	481743	class	90.0	10.0	2105126	2010774	211090	95.517987996918	10.027428286952896	34	578	-0.0027428286952895673	True	True
strain_madness	s8__SP194_S73__X__spades_MRSA8013_S11_L001__c90__k15__class	8	SP194_S73	spades_MRSA8013_S11_L001	1313	1280	class	90.0	15.0	2053846	1855863	335167	90.36037755508445	16.31899373175983	213	26	-0.08793291545065524	True	True
strain_madness	s8__spades_MRSA8013_S11_L001__X__SP163_S44__c90__k15__class	8	spades_MRSA8013_S11_L001	SP163_S44	1280	1313	class	90.0	15.0	2739001	2476128	410960	90.40259569091066	15.004010586341517	202	1548	-0.0002673724227677828	True	True
strain_madness	s8__SP11_S8__X__spades_MRSA7133_S3_L001__c90__k15__class	8	SP11_S8	spades_MRSA7133_S3_L001	1313	1280	class	90.0	15.0	2065838	1859365	310056	90.00536344088937	15.008727693071771	1920	331	-0.0005818462047847343	True	True
strain_madness	s8__SP74_S57__X__MIKI-NS13__c90__k20__class	8	SP74_S57	MIKI-NS13	1313	481743	class	90.0	20.0	1980502	1783443	396143	90.05004791714424	20.002150969804624	172	1082	-0.00010754849023122403	True	True
strain_madness	s8__SP92_S73__X__MIKI-NS20__c90__k2__phylum	8	SP92_S73	MIKI-NS20	1313	186802	phylum	90.0	2.0	2071399	1914617	42306	92.43110574061299	2.0423877775358585	50	9	-0.02119388876792927	True	True
strain_madness	s8__spades_MRSA7172_S1_L001__X__MIKI-NS20__c90__k2__phylum	8	spades_MRSA7172_S1_L001	MIKI-NS20	1280	186802	phylum	90.0	2.0	2747769	2474126	55618	90.04126620541975	2.024114836436396	1423	18	-0.012057418218198057	True	True
strain_madness	s8__spades_MRSA8013_S11_L001__X__MIKI-NS20__c90__k2__phylum	8	spades_MRSA8013_S11_L001	MIKI-NS20	1280	186802	phylum	90.0	2.0	2739001	2475457	55844	90.37809770788692	2.0388455498920957	210	11	-0.019422774946047827	True	True
strain_madness	s8__SP178_S58__X__MIKI-NS20__c90__k2__phylum	8	SP178_S58	MIKI-NS20	1313	186802	phylum	90.0	2.0	1925491	1738877	46958	90.30823826234452	2.4387545825973738	152	11	-0.21937729129868688	True	True
strain_madness	s8__SP14_S11__X__MIKI-NS20__c90__k2__phylum	8	SP14_S11	MIKI-NS20	1313	186802	phylum	90.0	2.0	2059376	1853795	46406	90.01731592482383	2.253401030214978	249	9	-0.12670051510748892	True	True
strain_madness	s8__SP74_S57__X__MIKI-NS20__c90__k5__phylum	8	SP74_S57	MIKI-NS20	1313	186802	phylum	90.0	5.0	1980502	1784338	103213	90.09523847994095	5.211456489314325	179	22	-0.04229129786286503	True	True
strain_madness	s8__SP148_S29__X__MIKI-NS20__c90__k5__phylum	8	SP148_S29	MIKI-NS20	1313	186802	phylum	90.0	5.0	2086142	1878606	108503	90.05168392180398	5.201132041826491	947	21	-0.04022640836529821	True	True
strain_madness	s8__SP196_S75__X__MIKI-NS20__c90__k10__phylum	8	SP196_S75	MIKI-NS20	1313	186802	phylum	90.0	10.0	1970420	1775438	197369	90.10454623887293	10.016595446656043	609	41	-0.0016595446656042512	True	True
strain_madness	s8__spades_MRSA8013_S11_L001__X__MIKI-NS20__c90__k15__phylum	8	spades_MRSA8013_S11_L001	MIKI-NS20	1280	186802	phylum	90.0	15.0	2739001	2484319	412419	90.70164633017659	15.057278182811908	213	79	-0.0038185455207938664	True	True
strain_madness	s8__MIKI-NS20__X__SP134_S15__c90__k15__phylum	8	MIKI-NS20	SP134_S15	186802	1313	phylum	90.0	15.0	5363855	4828477	804841	90.01878313265367	15.004898529136227	904	2529	-0.0003265686090818084	True	True
strain_madness	s8__spades_MRSA7286_S4_L001__X__MIKI-NS20__c90__k15__phylum	8	spades_MRSA7286_S4_L001	MIKI-NS20	1280	186802	phylum	90.0	15.0	2817370	2567476	426307	91.13023848482806	15.131381394704992	383	80	-0.008758759646999436	True	True
strain_madness	s8__SP133_S14__X__MIKI-NS20__c90__k20__phylum	8	SP133_S14	MIKI-NS20	1313	186802	phylum	90.0	20.0	1991005	1794917	410254	90.15130549647037	20.605372663554334	1317	75	-0.03026863317771671	True	True
strain_madness	s8__SP27_S15__X__MIKI-NS20__c90__k20__phylum	8	SP27_S15	MIKI-NS20	1313	186802	phylum	90.0	20.0	1980747	1784740	412054	90.10438990946345	20.802959691469937	1905	85	-0.040147984573496845	True	True
strain_madness	s9__spades_And11624_S6_L001__X__spades_And10925_S5_L001__c60__k2__species	9	spades_And11624_S6_L001	spades_And10925_S5_L001	1639133	1639133	species	60.0	2.0	4961806	2977548	99265	60.00935949531279	2.0005820461340083	6589	367	-0.00029102306700412583	True	True
strain_madness	s9__spades_And4500_S1_L001__X__spades_And8423_S6_L001__c60__k2__species	9	spades_And4500_S1_L001	spades_And8423_S6_L001	573	573	species	60.0	2.0	5585829	3351551	111732	60.00095957108605	2.0002760557116948	6078	474	-0.00013802785584737798	True	True
strain_madness	s9__spades_MRSA7231_S7_L001__X__spades_MRSA8187_S8_L001__c60__k5__species	9	spades_MRSA7231_S7_L001	spades_MRSA8187_S8_L001	1280	1280	species	60.0	5.0	2781316	1670321	139302	60.05506026643503	5.008492382742558	752	566	-0.0016984765485116072	True	True
strain_madness	s9__spades_ESBL7553_S11_L001__X__spades_ESBL7810_S9_L001__c60__k5__species	9	spades_ESBL7553_S11_L001	spades_ESBL7810_S9_L001	573	573	species	60.0	5.0	5395788	3237549	269863	60.00141221263697	5.001364026903948	5378	1058	-0.00027280538078962026	True	True
strain_madness	s9__spades_ESBL5792_S6_L001__X__spades_ESBL5402_S6_L001__c60__k5__species	9	spades_ESBL5792_S6_L001	spades_ESBL5402_S6_L001	562	562	species	60.0	5.0	5286705	3172158	264475	60.0025535754312	5.0026434234556305	4542	819	-0.0005286846911261023	True	True
strain_madness	s9__SP120_S2__X__SP121_S3__c60__k10__species	9	SP120_S2	SP121_S3	1313	1313	species	60.0	10.0	2076062	1254110	207766	60.40811883267455	10.007697265303252	515	769	-0.0007697265303251655	True	True
strain_madness	s9__SP56_S42__X__SP7_S4__c60__k10__species	9	SP56_S42	SP7_S4	1313	1313	species	60.0	10.0	2048034	1228933	204991	60.00549795560035	10.009160004179618	2979	801	-0.0009160004179618042	True	True
strain_madness	s9__spades_ESBL6200_S12_L001__X__spades_And4621_S3_L001__c60__k10__species	9	spades_ESBL6200_S12_L001	spades_And4621_S3_L001	562	562	species	60.0	10.0	4853372	2913055	486578	60.02125944600991	10.025565730382917	926	202	-0.0025565730382917096	True	True
strain_madness	s9__spades_ESBL7348_S6_L001__X__spades_ESBL6351_S5_L001__c60__k10__species	9	spades_ESBL7348_S6_L001	spades_ESBL6351_S5_L001	562	562	species	60.0	10.0	5205004	3123414	520686	60.00790777490277	10.003565799373066	6453	2035	-0.0003565799373065559	True	True
strain_madness	s9__SP119_S1__X__SP68_S51__c60__k15__species	9	SP119_S1	SP68_S51	257758	257758	species	60.0	15.0	2137079	1297639	321372	60.7202167070099	15.037909220950652	89	589	-0.002527281396710161	True	True
strain_madness	s9__spades_VRE2237_S15_L001__X__spades_VRE3342_S6_L001__c60__k15__species	9	spades_VRE2237_S15_L001	spades_VRE3342_S6_L001	1352	1352	species	60.0	15.0	3010799	1815793	451906	60.30933981311937	15.009504121663385	351	380	-0.0006336081108923253	True	True
strain_madness	s9__MIKI-NS25__X__MIKI-NS23__c60__k15__species	9	MIKI-NS25	MIKI-NS23	671267	671267	species	60.0	15.0	5371711	3223073	805886	60.000863784369635	15.002407985090784	7101	2722	-0.00016053233938559213	True	True
strain_madness	s9__SP40_S27__X__SP109_S83__c60__k15__species	9	SP40_S27	SP109_S83	1313	1313	species	60.0	15.0	2129381	1277864	319465	60.01105485584778	15.002716751957493	2321	923	-0.00018111679716620682	True	True
strain_madness	s9__SP9_S6__X__SP39_S26__c60__k20__species	9	SP9_S6	SP39_S26	1313	1313	species	60.0	20.0	1996138	1197934	400386	60.01258430028385	20.05803205990768	2807	377	-0.0029016029953840674	True	True
strain_madness	s9__SP4_S3__X__SP20_S77__c60__k2__genus	9	SP4_S3	SP20_S77	1313	1301	genus	60.0	2.0	2195551	1317491	44300	60.00730568317475	2.0177167371652946	3015	134	-0.008858368582647325	True	True
strain_madness	s9__SP149_S30__X__SP20_S77__c60__k2__genus	9	SP149_S30	SP20_S77	1313	1301	genus	60.0	2.0	2113372	1303717	42294	61.68895017062779	2.00125675934005	23	130	-0.0006283796700250477	True	True
strain_madness	s9__SP21_S92__X__SP191_S70__c60__k2__genus	9	SP21_S92	SP191_S70	68892	1313	genus	60.0	2.0	1689727	1204469	34285	71.28186979316777	2.0290259905890125	5	41	-0.014512995294506226	True	True
strain_madness	s9__SP99_S80__X__SP119_S1__c60__k2__genus	9	SP99_S80	SP119_S1	1313	257758	genus	60.0	2.0	1980535	1190126	47040	60.0911369907626	2.375115814666239	1921	4	-0.1875579073331195	True	True
strain_madness	s9__SP130_S11__X__SP119_S1__c60__k5__genus	9	SP130_S11	SP119_S1	1313	257758	genus	60.0	5.0	2077144	1263739	117753	60.84022099575186	5.668985876761553	29	9	-0.13379717535231067	True	True
strain_madness	s9__SP17_S90__X__SP20_S77__c60__k5__genus	9	SP17_S90	SP20_S77	1313	1301	genus	60.0	5.0	2082160	1249338	104419	60.00201713605102	5.014936412187344	35	315	-0.002987282437468863	True	True
strain_madness	s9__SP178_S58__X__SP21_S92__c60__k5__genus	9	SP178_S58	SP21_S92	1313	68892	genus	60.0	5.0	1925491	1155605	321762	60.01612056353419	16.710646790870484	2424	1	-2.342129358174097	True	True
strain_madness	s9__SP122_S4__X__SP21_S92__c60__k5__genus	9	SP122_S4	SP21_S92	1313	68892	genus	60.0	5.0	2049787	1410415	174847	68.80788101397853	8.530008239880534	28	1	-0.7060016479761068	True	True
strain_madness	s9__SP160_S41__X__SP119_S1__c60__k10__genus	9	SP160_S41	SP119_S1	1313	257758	genus	60.0	10.0	2045367	1227635	217780	60.02027997909422	10.64747793427781	2759	22	-0.06474779342778092	True	True
strain_madness	s9__SP180_S96__X__SP21_S92__c60__k10__genus	9	SP180_S96	SP21_S92	1313	68892	genus	60.0	10.0	2031083	1218860	213883	60.01034915855236	10.5304903837017	2708	1	-0.05304903837017001	True	True
strain_madness	s9__SP1_S85__X__SP68_S51__c60__k10__genus	9	SP1_S85	SP68_S51	1313	257758	genus	60.0	10.0	2164447	1301192	217222	60.11660253173213	10.035912175257698	716	422	-0.003591217525769785	True	True
strain_madness	s9__SP111_S89__X__SP68_S51__c60__k15__genus	9	SP111_S89	SP68_S51	1313	257758	genus	60.0	15.0	2099202	1259812	316135	60.013852883143215	15.059770331773693	2420	570	-0.003984688784912886	True	True
strain_madness	s9__spades_VRE2906_S11_L001__X__MIKI-NS02__c60__k20__genus	9	spades_VRE2906_S11_L001	MIKI-NS02	1352	1351	genus	60.0	20.0	3429347	2058231	685945	60.01816089185492	20.00220450132343	2866	2154	-0.00011022506617148764	True	True
strain_madness	s9__spades_ESBL6661_S8_L001__X__spades_ESBL8855_S12_L001__c60__k2__family	9	spades_ESBL6661_S8_L001	spades_ESBL8855_S12_L001	543	573	family	60.0	2.0	5049636	3029986	101116	60.004047816515886	2.002441364090402	3925	395	-0.0012206820452009826	True	True
strain_madness	s9__spades_ESBL7348_S6_L001__X__spades_And5315_S3_L001__c60__k5__family	9	spades_ESBL7348_S6_L001	spades_And5315_S3_L001	562	573	family	60.0	5.0	5205004	3123598	263849	60.01144283462607	5.069141157240225	6423	266	-0.01382823144804508	True	True
strain_madness	s9__spades_ESBL9250_S3_L001__X__spades_And9693_S1_L001__c60__k5__family	9	spades_ESBL9250_S3_L001	spades_And9693_S1_L001	573	562	family	60.0	5.0	5557990	3335071	278020	60.00498381609179	5.002168049960507	5140	861	-0.0004336099921014025	True	True
strain_madness	s9__SP50_S37__X__MIKI-NS12__c60__k5__family	9	SP50_S37	MIKI-NS12	1313	1363	family	60.0	5.0	1958348	1176296	98129	60.06572886943485	5.010805025460235	303	373	-0.0021610050920470416	True	True
strain_madness	s9__SP126_S7__X__MIKI-NS12__c60__k5__family	9	SP126_S7	MIKI-NS12	1313	1363	family	60.0	5.0	2003842	1202985	100314	60.0339248304008	5.006083313953894	2622	380	-0.0012166627907788552	True	True
strain_madness	s9__MIKI-NS09__X__MIKI-NS10__c60__k10__family	9	MIKI-NS09	MIKI-NS10	97137	1598	family	60.0	10.0	2039692	1458615	204029	71.51153213328287	10.002931815195627	14	805	-0.00029318151956267966	True	True
strain_madness	s9__spades_ESBL9440_S6_L001__X__spades_And9722_S8_L001__c60__k10__family	9	spades_ESBL9440_S6_L001	spades_And9722_S8_L001	543	543	family	60.0	10.0	5102994	3064376	510418	60.05055071591305	10.002324125797522	1800	632	-0.00023241257975215035	True	True
strain_madness	s9__spades_ESBL1009_S1_L001__X__spades_And5527_S8_L001__c60__k10__family	9	spades_ESBL1009_S1_L001	spades_And5527_S8_L001	562	573	family	60.0	10.0	4889917	2933958	489280	60.000159511909914	10.005895805593429	5284	199	-0.000589580559342906	True	True
strain_madness	s9__SP17_S90__X__MIKI-NS12__c60__k10__family	9	SP17_S90	MIKI-NS12	1313	1363	family	60.0	10.0	2082160	1496103	208356	71.85341184154916	10.006723786836746	40	794	-0.0006723786836746015	True	True
strain_madness	s9__SP166_S47__X__MIKI-NS12__c60__k15__family	9	SP166_S47	MIKI-NS12	1313	1363	family	60.0	15.0	2090273	1254332	313673	60.00804679580131	15.006317356632364	3123	1183	-0.0004211571088242512	True	True
strain_madness	s9__spades_And8382_S4_L001__X__spades_And6241_S2_L001__c60__k15__family	9	spades_And8382_S4_L001	spades_And6241_S2_L001	562	573	family	60.0	15.0	4966755	2980661	745017	60.01224139302221	15.000075502012884	3076	2776	-5.033467525568843e-06	True	True
strain_madness	s9__SP56_S42__X__MIKI-NS12__c60__k15__family	9	SP56_S42	MIKI-NS12	1313	1363	family	60.0	15.0	2048034	1229034	307518	60.01042951435377	15.015278066672721	2999	1165	-0.0010185377781814016	True	True
strain_madness	s9__spades_And7225_S6_L001__X__spades_ESBL7431_S12_L001__c60__k20__family	9	spades_And7225_S6_L001	spades_ESBL7431_S12_L001	562	543	family	60.0	20.0	4907918	2945097	982103	60.007053907583625	20.01058289889929	6438	933	-0.0005291449449645214	True	True
strain_madness	s9__SP16_S12__X__spades_VRE2392_S22_L001__c60__k2__order	9	SP16_S12	spades_VRE2392_S22_L001	1313	1352	order	60.0	2.0	2043829	1226544	41099	60.01206558865737	2.010882515122351	2563	174	-0.005441257561175528	True	True
strain_madness	s9__SP119_S1__X__spades_VRE2941_S2_L001__c60__k5__order	9	SP119_S1	spades_VRE2941_S2_L001	257758	1352	order	60.0	5.0	2137079	1289780	107099	60.35247176168967	5.011466585933417	100	420	-0.0022933171866833745	True	True
strain_madness	s9__spades_VRE2237_S15_L001__X__SP180_S96__c60__k5__order	9	spades_VRE2237_S15_L001	SP180_S96	1352	1313	order	60.0	5.0	3010799	1808830	150931	60.078072299080745	5.012988246641506	314	338	-0.002597649328301266	True	True
strain_madness	s9__SP160_S41__X__spades_VRE2941_S2_L001__c60__k10__order	9	SP160_S41	spades_VRE2941_S2_L001	1313	1352	order	60.0	10.0	2045367	1227526	204595	60.01495086211912	10.002850344216954	2774	800	-0.00028503442169540704	True	True
strain_madness	s9__SP16_S12__X__spades_VRE3277_S16_L001__c60__k10__order	9	SP16_S12	spades_VRE3277_S16_L001	1313	1352	order	60.0	10.0	2043829	1226535	204638	60.01162523870637	10.0124814747222	2581	821	-0.0012481474722200402	True	True
strain_madness	s9__SP181_S61__X__spades_VRE2943_S1_L001__c60__k15__order	9	SP181_S61	spades_VRE2943_S1_L001	28037	1352	order	60.0	15.0	2135333	1281540	320643	60.015931941294404	15.016065409938403	3117	1091	-0.0010710273292268368	True	True
strain_madness	s9__SP130_S11__X__spades_VRE3786_S19_L001__c60__k15__order	9	SP130_S11	spades_VRE3786_S19_L001	1313	1352	order	60.0	15.0	2077144	1300151	311726	62.59320490057502	15.007433283392967	29	1221	-0.0004955522261977781	True	True
strain_madness	s9__SP40_S27__X__spades_VRE3021_S4_L001__c60__k15__order	9	SP40_S27	spades_VRE3021_S4_L001	1313	1352	order	60.0	15.0	2129381	1278030	319620	60.018850548586656	15.009995862647408	2332	1027	-0.0006663908431605136	True	True
strain_madness	s9__SP50_S37__X__spades_VRE2913_S13_L001__c60__k20__order	9	SP50_S37	spades_VRE2913_S13_L001	1313	1352	order	60.0	20.0	1958348	1182963	391979	60.406168872948015	20.015799030611515	303	1109	-0.0007899515305757277	True	True
strain_madness	s9__MIKI-NS09__X__SP99_S80__c60__k20__order	9	MIKI-NS09	SP99_S80	97137	1313	order	60.0	20.0	2039692	1230412	408105	60.32342137930629	20.00816789985939	11	668	-0.00040839499296954076	True	True
strain_madness	s9__SP97_S78__X__spades_MRSA8013_S11_L001__c60__k2__class	9	SP97_S78	spades_MRSA8013_S11_L001	1313	1280	class	60.0	2.0	2008538	1205302	40766	60.00892191235615	2.029635486109797	1813	4	-0.01481774305489858	True	True
strain_madness	s9__SP99_S80__X__spades_MRSA8758_S5_L001__c60__k2__class	9	SP99_S80	spades_MRSA8758_S5_L001	1313	1280	class	60.0	2.0	1980535	1188970	39795	60.03276892354844	2.0093055664252337	1941	161	-0.004652783212616862	True	True
strain_madness	s9__SP122_S4__X__spades_MRSA8013_S11_L001__c60__k2__class	9	SP122_S4	spades_MRSA8013_S11_L001	1313	1280	class	60.0	2.0	2049787	1337142	45704	65.23321691473309	2.2296950853917994	22	13	-0.1148475426958997	True	True
strain_madness	s9__SP91_S72__X__spades_MRSA7129_S8_L001__c60__k5__class	9	SP91_S72	spades_MRSA7129_S8_L001	1313	1280	class	60.0	5.0	2026991	1228532	101522	60.60865588451059	5.008507684543247	256	384	-0.0017015369086493593	True	True
strain_madness	s9__SP111_S89__X__MIKI-NS13__c60__k5__class	9	SP111_S89	MIKI-NS13	1313	481743	class	60.0	5.0	2099202	1259692	105102	60.0081364251749	5.006759711547531	2401	427	-0.0013519423095061712	True	True
strain_madness	s9__SP160_S41__X__spades_MRSA7129_S1_L001__c60__k10__class	9	SP160_S41	spades_MRSA7129_S1_L001	1313	1280	class	60.0	10.0	2045367	1227480	204666	60.012701876973665	10.00632160389798	2767	814	-0.000632160389798031	True	True
strain_madness	s9__SP111_S89__X__spades_MRSA8339_S5_L001__c60__k10__class	9	SP111_S89	spades_MRSA8339_S5_L001	1313	1280	class	60.0	10.0	2099202	1259681	210179	60.007612416527806	10.012328494351664	2417	852	-0.0012328494351663722	True	True
strain_madness	s9__spades_VRE2237_S15_L001__X__spades_MRSA7830_S9_L001__c60__k10__class	9	spades_VRE2237_S15_L001	spades_MRSA7830_S9_L001	1352	1280	class	60.0	10.0	3010799	1806628	301212	60.00493556693755	10.004387539653095	326	528	-0.0004387539653095018	True	True
strain_madness	s9__SP4_S3__X__MIKI-NS13__c60__k10__class	9	SP4_S3	MIKI-NS13	1313	481743	class	60.0	10.0	2195551	1317359	219630	60.00129352495114	10.003411444325366	3022	908	-0.00034114443253656644	True	True
strain_madness	s9__SP16_S12__X__spades_MRSA7119_S2_L001__c60__k15__class	9	SP16_S12	spades_MRSA7119_S2_L001	1313	1280	class	60.0	15.0	2043829	1226519	306874	60.01084239434904	15.014661206979644	2565	1198	-0.0009774137986429566	True	True
strain_madness	s9__spades_VRE3043_S21_L001__X__spades_MRSA7830_S9_L001__c60__k15__class	9	spades_VRE3043_S21_L001	spades_MRSA7830_S9_L001	1352	1280	class	60.0	15.0	3001125	1805139	450525	60.14874422091716	15.011870548544296	102	816	-0.0007913699029530837	True	True
strain_madness	s9__SP21_S92__X__MIKI-NS13__c60__k15__class	9	SP21_S92	MIKI-NS13	68892	481743	class	60.0	15.0	1689727	1364115	253513	80.72990488996152	15.003192823456097	10	1045	-0.00021285489707310035	True	True
strain_madness	s9__spades_MRSA7830_S9_L001__X__spades_VRE3021_S4_L001__c60__k15__class	9	spades_MRSA7830_S9_L001	spades_VRE3021_S4_L001	1280	1352	class	60.0	15.0	2786125	1672263	418152	60.02110458073489	15.008371842612949	2962	1378	-0.0005581228408632436	True	True
strain_madness	s9__SP41_S28__X__spades_MRSA7129_S1_L001__c60__k15__class	9	SP41_S28	spades_MRSA7129_S1_L001	1313	1280	class	60.0	15.0	2044969	1227064	306810	60.00403918103404	15.003161417116836	1510	1206	-0.0002107611411223805	True	True
strain_madness	s9__SP9_S6__X__spades_MRSA7133_S3_L001__c60__k20__class	9	SP9_S6	spades_MRSA7133_S3_L001	1313	1280	class	60.0	20.0	1996138	1198278	399428	60.02981757774262	20.010039386054473	2812	1001	-0.0005019693027236372	True	True
strain_madness	s9__spades_VRE2906_S11_L001__X__spades_MRSA7231_S7_L001__c60__k20__class	9	spades_VRE2906_S11_L001	spades_MRSA7231_S7_L001	1352	1280	class	60.0	20.0	3429347	2057870	687953	60.00763410643484	20.06075792271823	2883	366	-0.0030378961359115663	True	True
strain_madness	s9__SP39_S26__X__spades_MRSA8013_S11_L001__c60__k20__class	9	SP39_S26	spades_MRSA8013_S11_L001	1313	1280	class	60.0	20.0	2010726	1206872	403750	60.02170360357403	20.0798119684134	1121	95	-0.003990598420669933	True	True
strain_madness	s9__SP181_S61__X__MIKI-NS20__c60__k2__phylum	9	SP181_S61	MIKI-NS20	28037	186802	phylum	60.0	2.0	2135333	1281454	42707	60.0119044664228	2.000015922575074	3123	181	-7.961287536994988e-06	True	True
strain_madness	s9__SP16_S12__X__MIKI-NS20__c60__k5__phylum	9	SP16_S12	MIKI-NS20	1313	186802	phylum	60.0	5.0	2043829	1226553	102397	60.01250593860836	5.01005710360309	2568	426	-0.0020114207206180625	True	True
strain_madness	s9__SP191_S70__X__MIKI-NS20__c60__k5__phylum	9	SP191_S70	MIKI-NS20	1313	186802	phylum	60.0	5.0	2000529	1201345	100112	60.05136641358361	5.004276368900426	1277	420	-0.0008552737800851418	True	True
strain_madness	s9__SP59_S47__X__MIKI-NS20__c60__k10__phylum	9	SP59_S47	MIKI-NS20	1313	186802	phylum	60.0	10.0	2090807	1254712	209092	60.010895314584275	10.000540461171212	2195	858	-5.404611712123142e-05	True	True
strain_madness	s9__SP119_S1__X__MIKI-NS20__c60__k10__phylum	9	SP119_S1	MIKI-NS20	257758	186802	phylum	60.0	10.0	2137079	1320220	213855	61.77684587233322	10.00688322705899	101	881	-0.0006883227058990471	True	True
strain_madness	s9__SP97_S78__X__MIKI-NS20__c60__k10__phylum	9	SP97_S78	MIKI-NS20	1313	186802	phylum	60.0	10.0	2008538	1206678	201091	60.07742945366232	10.011809584882139	1841	826	-0.001180958488213868	True	True
strain_madness	s9__spades_VRE2237_S15_L001__X__spades_VRE3342_S6_L001__c75__k2__species	9	spades_VRE2237_S15_L001	spades_VRE3342_S6_L001	1352	1352	species	75.0	2.0	3010799	2259302	60344	75.03994786765905	2.004252027451849	391	58	-0.0021260137259244694	True	True
strain_madness	s9__SP79_S62__X__SP132_S13__c75__k2__species	9	SP79_S62	SP132_S13	1313	1313	species	75.0	2.0	2013315	1511121	40511	75.05636226819946	2.0121540841845413	1265	160	-0.006077042092270668	True	True
strain_madness	s9__SP110_S88__X__SP168_S49__c75__k5__species	9	SP110_S88	SP168_S49	1313	1313	species	75.0	5.0	2140902	1608124	107209	75.11432097312255	5.007655651683263	1163	207	-0.0015311303366525308	True	True
strain_madness	s9__SP40_S27__X__SP86_S69__c75__k5__species	9	SP40_S27	SP86_S69	1313	1313	species	75.0	5.0	2129381	1597939	106631	75.04241843052041	5.007605496620849	2917	349	-0.001521099324169839	True	True
strain_madness	s9__spades_ESBL7862_S8_L001__X__spades_And5527_S8_L001__c75__k5__species	9	spades_ESBL7862_S8_L001	spades_And5527_S8_L001	573	573	species	75.0	5.0	5904754	4432452	295654	75.06581984617819	5.007050251373723	3835	112	-0.001410050274744634	True	True
strain_madness	s9__SP110_S88__X__SP71_S54__c75__k10__species	9	SP110_S88	SP71_S54	1313	1313	species	75.0	10.0	2140902	1606192	214109	75.02407863601417	10.00087813454329	1183	796	-8.781345432904431e-05	True	True
strain_madness	s9__spades_ESBL5772_S6_L001__X__spades_ESBL7234_S12_L001__c75__k10__species	9	spades_ESBL5772_S6_L001	spades_ESBL7234_S12_L001	562	562	species	75.0	10.0	5325463	3997552	532672	75.06487229373296	10.00236035815102	73	2078	-0.0002360358151019426	True	True
strain_madness	s9__SP99_S80__X__SP71_S54__c75__k10__species	9	SP99_S80	SP71_S54	1313	1313	species	75.0	10.0	1980535	1486143	198552	75.03745200160563	10.025169966700917	2425	728	-0.0025169966700916645	True	True
strain_madness	s9__SP163_S44__X__SP179_S59__c75__k10__species	9	SP163_S44	SP179_S59	1313	1313	species	75.0	10.0	1948475	1462015	195069	75.03380849125598	10.011367864612069	2766	785	-0.0011367864612068957	True	True
strain_madness	s9__spades_And5315_S3_L001__X__spades_ESBL6409_S4_L001__c75__k15__species	9	spades_And5315_S3_L001	spades_ESBL6409_S4_L001	573	573	species	75.0	15.0	5485511	4114154	823049	75.00037826922596	15.00405340541656	4203	3063	-0.0002702270277706494	True	True
strain_madness	s9__spades_ESBL7531_S9_L001__X__spades_AND4471_S1_L001__c75__k15__species	9	spades_ESBL7531_S9_L001	spades_AND4471_S1_L001	562	562	species	75.0	15.0	5208486	3906400	781930	75.00068158002152	15.012615950201267	6861	813	-0.0008410633467511512	True	True
strain_madness	s9__spades_ESBL10055_S8_L001__X__spades_And4355_S8_L001__c75__k15__species	9	spades_ESBL10055_S8_L001	spades_And4355_S8_L001	562	562	species	75.0	15.0	5090447	3825518	763804	75.1509248598404	15.004654797505996	42	2628	-0.0003103198337330563	True	True
strain_madness	s9__spades_VRE2237_S15_L001__X__spades_VRE3783_S7_L001__c75__k15__species	9	spades_VRE2237_S15_L001	spades_VRE3783_S7_L001	1352	1352	species	75.0	15.0	3010799	2261804	451800	75.12304873224683	15.005983461532969	400	1563	-0.0003988974355312536	True	True
strain_madness	s9__spades_And5192_S3_L001__X__spades_ESBL6164_S11_L001__c75__k20__species	9	spades_And5192_S3_L001	spades_ESBL6164_S11_L001	562	562	species	75.0	20.0	5106414	3837299	1021428	75.1466489007746	20.002843482725844	1149	98	-0.00014217413629218355	True	True
strain_madness	s9__spades_And9855_S12_L001__X__spades_ESBL6164_S11_L001__c75__k20__species	9	spades_And9855_S12_L001	spades_ESBL6164_S11_L001	562	562	species	75.0	20.0	5376042	4032947	1097814	75.01702925683988	20.42048778636774	7436	95	-0.021024389318387016	True	True
strain_madness	s9__spades_VRE2906_S11_L001__X__spades_VRE3021_S4_L001__c75__k20__species	9	spades_VRE2906_S11_L001	spades_VRE3021_S4_L001	1352	1352	species	75.0	20.0	3429347	2572774	686194	75.02227100378002	20.00946535885695	3565	2202	-0.0004732679428474995	True	True
strain_madness	s9__spades_VRE2906_S11_L001__X__MIKI-NS02__c75__k2__genus	9	spades_VRE2906_S11_L001	MIKI-NS02	1352	1351	genus	75.0	2.0	3429347	2574045	68648	75.05933345327843	2.001780513899585	3573	213	-0.0008902569497923896	True	True
strain_madness	s9__spades_ESBL7862_S8_L001__X__spades_ESBL6643_S3_L001__c75__k2__genus	9	spades_ESBL7862_S8_L001	spades_ESBL6643_S3_L001	573	548	genus	75.0	2.0	5904754	4429351	118162	75.01330284038929	2.0011333240978373	3816	430	-0.0005666620489186425	True	True
strain_madness	s9__SP189_S68__X__SP20_S77__c75__k5__genus	9	SP189_S68	SP20_S77	1313	1301	genus	75.0	5.0	2062647	1547966	103311	75.04754812626688	5.0086612008744105	585	299	-0.0017322401748820937	True	True
strain_madness	s9__SP110_S88__X__SP181_S61__c75__k5__genus	9	SP110_S88	SP181_S61	1313	28037	genus	75.0	5.0	2140902	1606165	107619	75.0228174853403	5.026806458212473	1153	259	-0.005361291642494592	True	True
strain_madness	s9__spades_And5315_S3_L001__X__spades_ESBL6643_S3_L001__c75__k10__genus	9	spades_And5315_S3_L001	spades_ESBL6643_S3_L001	573	548	genus	75.0	10.0	5485511	4114457	548717	75.00590191141718	10.003024330823509	4204	1995	-0.0003024330823508947	True	True
strain_madness	s9__SP68_S51__X__SP71_S54__c75__k10__genus	9	SP68_S51	SP71_S54	257758	1313	genus	75.0	10.0	2287165	1715599	228848	75.00984843682025	10.005749475879528	3179	848	-0.0005749475879527566	True	True
strain_madness	s9__SP50_S37__X__SP119_S1__c75__k10__genus	9	SP50_S37	SP119_S1	1313	257758	genus	75.0	10.0	1958348	1470437	198380	75.08558233776633	10.129966686206945	388	12	-0.012996668620694507	True	True
strain_madness	s9__SP120_S2__X__SP20_S77__c75__k10__genus	9	SP120_S2	SP20_S77	1313	1301	genus	75.0	10.0	2076062	1558119	207655	75.05166030686945	10.002350604172708	653	622	-0.00023506041727081595	True	True
strain_madness	s9__spades_VRE2906_S11_L001__X__MIKI-NS02__c75__k15__genus	9	spades_VRE2906_S11_L001	MIKI-NS02	1352	1351	genus	75.0	15.0	3429347	2572038	514676	75.00080919195403	15.007988401290392	3588	1605	-0.0005325600860261422	True	True
strain_madness	s9__SP79_S62__X__SP21_S92__c75__k15__genus	9	SP79_S62	SP21_S92	1313	68892	genus	75.0	15.0	2013315	1511093	400504	75.05497152705861	19.892763924174805	1280	3	-0.32618426161165365	True	True
strain_madness	s9__SP135_S16__X__SP119_S1__c75__k15__genus	9	SP135_S16	SP119_S1	1313	257758	genus	75.0	15.0	2058733	1544433	335327	75.01861581856414	16.28802763641521	2916	24	-0.08586850909434744	True	True
strain_madness	s9__SP133_S14__X__SP119_S1__c75__k20__genus	9	SP133_S14	SP119_S1	1313	257758	genus	75.0	20.0	1991005	1493611	418324	75.01794319953993	21.010695603476638	1210	34	-0.05053478017383188	True	True
strain_madness	s9__SP1_S85__X__MIKI-NS12__c75__k2__family	9	SP1_S85	MIKI-NS12	1313	1363	family	75.0	2.0	2164447	1628668	43305	75.24637932922359	2.0007419909103805	900	165	-0.00037099545519025945	True	True
strain_madness	s9__spades_ESBL7534_S10_L001__X__spades_ESBL8956_S2_L001__c75__k5__family	9	spades_ESBL7534_S10_L001	spades_ESBL8956_S2_L001	562	573	family	75.0	5.0	4881029	3682829	244168	75.45189754045714	5.002387816175647	151	943	-0.00047756323512935237	True	True
strain_madness	s9__SP91_S72__X__MIKI-NS12__c75__k5__family	9	SP91_S72	MIKI-NS12	1313	1363	family	75.0	5.0	2026991	1526551	101570	75.31118786417898	5.010875726631248	290	386	-0.0021751453262496057	True	True
strain_madness	s9__spades_And5527_S8_L001__X__spades_ESBL7234_S12_L001__c75__k5__family	9	spades_And5527_S8_L001	spades_ESBL7234_S12_L001	573	562	family	75.0	5.0	5489379	4119893	274641	75.05207783977022	5.003134234309564	1561	1076	-0.0006268468619127887	True	True
strain_madness	s9__SP182_S62__X__MIKI-NS12__c75__k15__family	9	SP182_S62	MIKI-NS12	1313	1363	family	75.0	15.0	2047295	1535581	307108	75.00536073208795	15.000671617915346	1823	1175	-4.477452768973933e-05	True	True
strain_madness	s9__SP149_S30__X__MIKI-NS12__c75__k15__family	9	SP149_S30	MIKI-NS12	1313	1363	family	75.0	15.0	2113372	1695829	317049	80.24280628303961	15.002044126637431	23	1202	-0.00013627510916206138	True	True
strain_madness	s9__spades_ESBL6661_S8_L001__X__spades_And4355_S8_L001__c75__k15__family	9	spades_ESBL6661_S8_L001	spades_And4355_S8_L001	543	562	family	75.0	15.0	5049636	3787732	757703	75.01000072084403	15.00510135780084	4897	2596	-0.00034009052005596154	True	True
strain_madness	s9__SP133_S14__X__MIKI-NS12__c75__k15__family	9	SP133_S14	MIKI-NS12	1313	1363	family	75.0	15.0	1991005	1498166	298731	75.24672213279223	15.004030627748298	1207	1131	-0.0002687085165531992	True	True
strain_madness	s9__SP173_S54__X__MIKI-NS12__c75__k20__family	9	SP173_S54	MIKI-NS12	1313	1363	family	75.0	20.0	1973592	1480650	394863	75.02310507946932	20.007326742305402	2225	1495	-0.0003663371152700989	True	True
strain_madness	s9__SP163_S44__X__MIKI-NS12__c75__k20__family	9	SP163_S44	MIKI-NS12	1313	1363	family	75.0	20.0	1948475	1462536	390008	75.06054735113358	20.016063844801703	2766	1478	-0.0008031922400851599	True	True
strain_madness	s9__SP1_S85__X__spades_VRE3967_S23_L001__c75__k2__order	9	SP1_S85	spades_VRE3967_S23_L001	1313	1352	order	75.0	2.0	2164447	1624050	43399	75.03302229160613	2.005084901593802	890	177	-0.0025424507969009635	True	True
strain_madness	s9__SP189_S68__X__spades_VRE2913_S13_L001__c75__k2__order	9	SP189_S68	spades_VRE2913_S13_L001	1313	1352	order	75.0	2.0	2062647	1547205	41335	75.01065378613015	2.003978383116452	570	117	-0.0019891915582259667	True	True
strain_madness	s9__SP91_S72__X__spades_VRE2943_S1_L001__c75__k2__order	9	SP91_S72	spades_VRE2943_S1_L001	1313	1352	order	75.0	2.0	2026991	1529807	40701	75.47182005248173	2.007951687994668	298	145	-0.003975843997334083	True	True
strain_madness	s9__SP171_S52__X__spades_VRE3043_S21_L001__c75__k10__order	9	SP171_S52	spades_VRE3043_S21_L001	1313	1352	order	75.0	10.0	1993908	1495559	235405	75.00641955396136	11.806211720901867	1299	11	-0.18062117209018674	True	True
strain_madness	s9__SP68_S51__X__spades_VRE3043_S21_L001__c75__k10__order	9	SP68_S51	spades_VRE3043_S21_L001	257758	1352	order	75.0	10.0	2287165	1715506	257294	75.00578226756706	11.24947260035896	3171	9	-0.12494726003589599	True	True
strain_madness	s9__SP38_S25__X__spades_VRE2224_S14_L001__c75__k15__order	9	SP38_S25	spades_VRE2224_S14_L001	1313	1352	order	75.0	15.0	2056653	1546333	308568	75.18686915099435	15.0034060193917	403	1233	-0.00022706795944671399	True	True
strain_madness	s9__SP156_S37__X__MIKI-NS11__c75__k20__order	9	SP156_S37	MIKI-NS11	1313	97137	order	75.0	20.0	2079530	1562311	416011	75.12808182618188	20.00504921785211	673	895	-0.00025246089260555493	True	True
strain_madness	s9__spades_VRE2237_S15_L001__X__SP97_S78__c75__k20__order	9	spades_VRE2237_S15_L001	SP97_S78	1352	1313	order	75.0	20.0	3010799	2262485	602323	75.14566731289601	20.00542048804985	406	898	-0.0002710244024925146	True	True
strain_madness	s9__SP173_S54__X__spades_VRE3342_S6_L001__c75__k20__order	9	SP173_S54	spades_VRE3342_S6_L001	1313	1352	order	75.0	20.0	1973592	1481160	394809	75.04894628677052	20.004590614473507	2234	317	-0.000229530723675353	True	True
strain_madness	s9__SP59_S47__X__spades_VRE2906_S11_L001__c75__k20__order	9	SP59_S47	spades_VRE2906_S11_L001	1313	1352	order	75.0	20.0	2090807	1568897	418208	75.03786815330157	20.002228804475976	2770	565	-0.00011144022379880881	True	True
strain_madness	s9__SP171_S52__X__spades_MRSA8595_S7_L001__c75__k2__class	9	SP171_S52	spades_MRSA8595_S7_L001	1313	1280	class	75.0	2.0	1993908	1495541	39968	75.00551680418555	2.0045057244366338	1322	165	-0.0022528622183168867	True	True
strain_madness	s9__SP21_S92__X__spades_MRSA8595_S7_L001__c75__k2__class	9	SP21_S92	spades_MRSA8595_S7_L001	68892	1280	class	75.0	2.0	1689727	1362085	33929	80.60976713989893	2.0079574984598105	9	146	-0.003978749229905265	True	True
strain_madness	s9__SP185_S65__X__spades_MRSA8595_S7_L001__c75__k2__class	9	SP185_S65	spades_MRSA8595_S7_L001	1313	1280	class	75.0	2.0	1845437	1384774	37320	75.03772819120891	2.022285236504958	1855	153	-0.011142618252478975	True	True
strain_madness	s9__spades_MRSA7830_S9_L001__X__spades_VRE3786_S19_L001__c75__k5__class	9	spades_MRSA7830_S9_L001	spades_VRE3786_S19_L001	1280	1352	class	75.0	5.0	2786125	2089902	139373	75.01106375342097	5.00239580061914	3717	535	-0.00047916012382795967	True	True
strain_madness	s9__SP133_S14__X__spades_MRSA8007_S12_L001__c75__k10__class	9	SP133_S14	spades_MRSA8007_S12_L001	1313	1280	class	75.0	10.0	1991005	1493684	201252	75.02160968957888	10.10806100436714	1224	68	-0.010806100436714062	True	True
strain_madness	s9__SP130_S11__X__spades_MRSA8339_S5_L001__c75__k10__class	9	SP130_S11	spades_MRSA8339_S5_L001	1313	1280	class	75.0	10.0	2077144	1638904	207749	78.90179977892721	10.001665748739615	36	840	-0.0001665748739615225	True	True
strain_madness	s9__SP17_S90__X__spades_MRSA7796_S10_L001__c75__k15__class	9	SP17_S90	spades_MRSA7796_S10_L001	1313	1280	class	75.0	15.0	2082160	1562607	312416	75.04740269719906	15.00441848849272	42	1019	-0.0002945658995146279	True	True
strain_madness	s9__SP185_S65__X__spades_MRSA7796_S10_L001__c75__k20__class	9	SP185_S65	spades_MRSA7796_S10_L001	1313	1280	class	75.0	20.0	1845437	1384453	369130	75.02033393716502	20.00230839633106	1858	1235	-0.00011541981655298628	True	True
strain_madness	s9__SP99_S80__X__spades_MRSA7129_S8_L001__c75__k20__class	9	SP99_S80	spades_MRSA7129_S8_L001	1313	1280	class	75.0	20.0	1980535	1486786	396247	75.06991797670831	20.007068797067458	2455	1490	-0.0003534398533728833	True	True
strain_madness	s9__SP68_S51__X__spades_MRSA7830_S9_L001__c75__k20__class	9	SP68_S51	spades_MRSA7830_S9_L001	257758	1280	class	75.0	20.0	2287165	1715555	457803	75.00792465781873	20.01617723251274	3173	811	-0.0008088616256369363	True	True
strain_madness	s9__SP130_S11__X__spades_MRSA7231_S7_L001__c75__k20__class	9	SP130_S11	spades_MRSA7231_S7_L001	1313	1280	class	75.0	20.0	2077144	1584118	416016	76.26423589313018	20.028269585546308	31	200	-0.0014134792773154103	True	True
strain_madness	s9__SP182_S62__X__spades_MRSA8007_S12_L001__c75__k20__class	9	SP182_S62	spades_MRSA8007_S12_L001	1313	1280	class	75.0	20.0	2047295	1535826	410268	75.01732774221595	20.03951555589204	1854	143	-0.001975777794602074	True	True
strain_madness	s9__SP72_S55__X__MIKI-NS20__c75__k2__phylum	9	SP72_S55	MIKI-NS20	1313	186802	phylum	75.0	2.0	2008808	1506933	40262	75.01627831032134	2.004273180911267	1785	165	-0.0021365904556334137	True	True
strain_madness	s9__MIKI-NS09__X__MIKI-NS20__c75__k2__phylum	9	MIKI-NS09	MIKI-NS20	97137	186802	phylum	75.0	2.0	2039692	1658821	40924	81.32703368940017	2.006381355616436	16	172	-0.003190677808218023	True	True
strain_madness	s9__SP191_S70__X__MIKI-NS20__c75__k5__phylum	9	SP191_S70	MIKI-NS20	1313	186802	phylum	75.0	5.0	2000529	1501747	100257	75.0674946476657	5.0115244517825035	1602	415	-0.0023048903565006996	True	True
strain_madness	s9__spades_MRSA8007_S12_L001__X__MIKI-NS20__c75__k5__phylum	9	spades_MRSA8007_S12_L001	MIKI-NS20	1280	186802	phylum	75.0	5.0	2738989	2057217	136980	75.10862584698222	5.00111537505262	730	560	-0.00022307501052392097	True	True
strain_madness	s9__spades_VRE3342_S6_L001__X__MIKI-NS20__c75__k5__phylum	9	spades_VRE3342_S6_L001	MIKI-NS20	1352	186802	phylum	75.0	5.0	3063001	2297844	153194	75.01936826008219	5.001434867308238	2003	628	-0.00028697346164765494	True	True
strain_madness	s9__SP149_S30__X__MIKI-NS20__c75__k5__phylum	9	SP149_S30	MIKI-NS20	1313	186802	phylum	75.0	5.0	2113372	1672821	105691	79.15411957762286	5.001059917515705	27	426	-0.0002119835031409778	True	True
strain_madness	s9__MIKI-NS09__X__MIKI-NS20__c75__k5__phylum	9	MIKI-NS09	MIKI-NS20	97137	186802	phylum	75.0	5.0	2039692	1571977	102124	77.0693320364055	5.006834365188469	15	408	-0.0013668730376938498	True	True
strain_madness	s9__SP59_S47__X__MIKI-NS20__c75__k10__phylum	9	SP59_S47	MIKI-NS20	1313	186802	phylum	75.0	10.0	2090807	1568307	209224	75.00964938418515	10.006853812905735	2782	858	-0.0006853812905735168	True	True
strain_madness	s9__SP38_S25__X__MIKI-NS20__c75__k10__phylum	9	SP38_S25	MIKI-NS20	1313	186802	phylum	75.0	10.0	2056653	1550273	205826	75.3784425471871	10.007813666184816	399	848	-0.000781366618481627	True	True
strain_madness	s9__SP168_S49__X__MIKI-NS20__c75__k10__phylum	9	SP168_S49	MIKI-NS20	1313	186802	phylum	75.0	10.0	1749640	1312298	174989	75.00388651379713	10.00142886536659	2523	714	-0.00014288653665897044	True	True
strain_madness	s9__SP171_S52__X__MIKI-NS20__c75__k10__phylum	9	SP171_S52	MIKI-NS20	1313	186802	phylum	75.0	10.0	1993908	1497860	199512	75.12182106696999	10.006078515157169	1302	815	-0.0006078515157168952	True	True
strain_madness	s9__SP119_S1__X__SP68_S51__c90__k2__species	9	SP119_S1	SP68_S51	257758	257758	species	90.0	2.0	2137079	1949257	43112	91.21127482886688	2.0173330045356304	150	76	-0.00866650226781518	True	True
strain_madness	s9__spades_And6098_S1_L001__X__spades_And6442_S8_L001__c90__k2__species	9	spades_And6098_S1_L001	spades_And6442_S8_L001	573	573	species	90.0	2.0	5486974	5177000	109913	94.35072956423704	2.0031623988012335	47	431	-0.0015811994006167396	True	True
strain_madness	s9__spades_And5315_S3_L001__X__spades_AND8302_S10_L001__c90__k2__species	9	spades_And5315_S3_L001	spades_AND8302_S10_L001	573	573	species	90.0	2.0	5485511	4937029	109858	90.00125968209707	2.002694006082569	5030	457	-0.0013470030412845446	True	True
strain_madness	s9__spades_And9183_S10_L001__X__spades_And8909_S4_L001__c90__k2__species	9	spades_And9183_S10_L001	spades_And8909_S4_L001	562	562	species	90.0	2.0	5150416	4637156	103036	90.03459138057974	2.000537432316147	2295	434	-0.0002687161580734454	True	True
strain_madness	s9__SP79_S62__X__SP14_S11__c90__k2__species	9	SP79_S62	SP14_S11	1313	1313	species	90.0	2.0	2013315	1812584	40365	90.02982643053869	2.004902362521513	1520	158	-0.0024511812607566075	True	True
strain_madness	s9__SP38_S25__X__SP124_S6__c90__k5__species	9	SP38_S25	SP124_S6	1313	1313	species	90.0	5.0	2056653	1855892	103146	90.23846025557059	5.01523591972005	472	397	-0.0030471839440100014	True	True
strain_madness	s9__spades_VRE3043_S21_L001__X__spades_VRE3021_S4_L001__c90__k10__species	9	spades_VRE3043_S21_L001	spades_VRE3021_S4_L001	1352	1352	species	90.0	10.0	3001125	2743557	300255	91.41761839310259	10.004748219417719	142	982	-0.00047482194177188574	True	True
strain_madness	s9__spades_And6098_S1_L001__X__spades_And4500_S1_L001__c90__k10__species	9	spades_And6098_S1_L001	spades_And4500_S1_L001	573	573	species	90.0	10.0	5486974	4970979	548840	90.59600063714535	10.002598882371231	51	989	-0.00025988823712310707	True	True
strain_madness	s9__SP189_S68__X__SP126_S7__c90__k15__species	9	SP189_S68	SP126_S7	1313	1313	species	90.0	15.0	2062647	1859723	309577	90.16196178987485	15.00872422668542	694	664	-0.0005816151123613149	True	True
strain_madness	s9__spades_And8382_S4_L001__X__spades_ESBL7348_S6_L001__c90__k20__species	9	spades_And8382_S4_L001	spades_ESBL7348_S6_L001	562	562	species	90.0	20.0	4966755	4470796	993510	90.0144259179283	20.003201285346268	4562	2058	-0.00016006426731340895	True	True
strain_madness	s9__SP110_S88__X__SP166_S47__c90__k20__species	9	SP110_S88	SP166_S47	1313	1313	species	90.0	20.0	2140902	1927147	428212	90.01565695206973	20.001476013381275	1385	1044	-7.380066906375049e-05	True	True
strain_madness	s9__SP110_S88__X__SP20_S77__c90__k2__genus	9	SP110_S88	SP20_S77	1313	1301	genus	90.0	2.0	2140902	1927033	43002	90.01033209366894	2.008592639924667	1400	137	-0.004296319962333595	True	True
strain_madness	s9__SP91_S72__X__SP117_S95__c90__k2__genus	9	SP91_S72	SP117_S95	1313	257758	genus	90.0	2.0	2026991	1824708	40640	90.02052796485036	2.0049423011744993	356	171	-0.002471150587249671	True	True
strain_madness	s9__SP17_S90__X__SP181_S61__c90__k5__genus	9	SP17_S90	SP181_S61	1313	28037	genus	90.0	5.0	2082160	1937813	105177	93.06743958197256	5.0513409152034425	52	262	-0.010268183040688505	True	True
strain_madness	s9__SP79_S62__X__SP119_S1__c90__k5__genus	9	SP79_S62	SP119_S1	1313	257758	genus	90.0	5.0	2013315	1813453	103115	90.07298907523165	5.121652597829947	1515	14	-0.024330519565989483	True	True
strain_madness	s9__SP120_S2__X__SP21_S92__c90__k5__genus	9	SP120_S2	SP21_S92	1313	68892	genus	90.0	5.0	2076062	1871164	129327	90.13044889796163	6.2294382345035935	792	1	-0.24588764690071868	True	True
strain_madness	s9__SP189_S68__X__SP21_S92__c90__k10__genus	9	SP189_S68	SP21_S92	1313	68892	genus	90.0	10.0	2062647	1856399	356913	90.0008096392645	17.303639449697403	704	3	-0.7303639449697403	True	True
strain_madness	s9__SP130_S11__X__SP68_S51__c90__k10__genus	9	SP130_S11	SP68_S51	1313	257758	genus	90.0	10.0	2077144	1871349	207894	90.09240572632422	10.00864648767731	36	374	-0.0008646487677310688	True	True
strain_madness	s9__SP189_S68__X__SP68_S51__c90__k15__genus	9	SP189_S68	SP68_S51	1313	257758	genus	90.0	15.0	2062647	1856928	309898	90.0264562962058	15.0242867538653	700	582	-0.001619116924353392	True	True
strain_madness	s9__SP50_S37__X__SP68_S51__c90__k15__genus	9	SP50_S37	SP68_S51	1313	257758	genus	90.0	15.0	1958348	1763542	293991	90.05253407463842	15.01219395122828	466	572	-0.0008129300818853362	True	True
strain_madness	s9__SP1_S85__X__SP119_S1__c90__k15__genus	9	SP1_S85	SP119_S1	1313	257758	genus	90.0	15.0	2164447	1952561	335531	90.2106173077927	15.501927282118713	1078	29	-0.03346181880791418	True	True
strain_madness	s9__SP17_S90__X__SP68_S51__c90__k20__genus	9	SP17_S90	SP68_S51	1313	257758	genus	90.0	20.0	2082160	1895400	417126	91.03046835978023	20.03333077189073	46	773	-0.0016665385945364263	True	True
strain_madness	s9__spades_ESBL7862_S8_L001__X__spades_ESBL6643_S3_L001__c90__k20__genus	9	spades_ESBL7862_S8_L001	spades_ESBL6643_S3_L001	573	548	genus	90.0	20.0	5904754	5315366	1181094	90.01841566981453	20.002425164536913	4614	4326	-0.00012125822684563303	True	True
strain_madness	s9__spades_And9183_S10_L001__X__spades_ESBL6759Q_S12_L001__c90__k2__family	9	spades_And9183_S10_L001	spades_ESBL6759Q_S12_L001	562	573	family	90.0	2.0	5150416	4636517	103093	90.02218461576696	2.0016441390365363	2287	380	-0.0008220695182681315	True	True
strain_madness	s9__SP50_S37__X__MIKI-NS12__c90__k5__family	9	SP50_S37	MIKI-NS12	1313	1363	family	90.0	5.0	1958348	1765465	98104	90.15072908390133	5.0095284392763695	446	382	-0.0019056878552738965	True	True
strain_madness	s9__spades_ESBL6270_S10_L001__X__spades_ESBL9044_S9_L001__c90__k5__family	9	spades_ESBL6270_S10_L001	spades_ESBL9044_S9_L001	543	562	family	90.0	5.0	5129972	4619204	256568	90.0434544282113	5.00135283389461	88	1049	-0.0002705667789220101	True	True
strain_madness	s9__spades_And5192_S3_L001__X__spades_And8926_S4_L001__c90__k5__family	9	spades_And5192_S3_L001	spades_And8926_S4_L001	562	550	family	90.0	5.0	5106414	4601797	255459	90.11797711662236	5.002708358546722	1375	1012	-0.0005416717093444489	True	True
strain_madness	s9__spades_ESBL5784_S3_L001__X__spades_ESBL9224_S2_L001__c90__k10__family	9	spades_ESBL5784_S3_L001	spades_ESBL9224_S2_L001	562	573	family	90.0	10.0	5468994	4928300	546934	90.1134651089396	10.000632657486916	62	2193	-6.326574869159884e-05	True	True
strain_madness	s9__SP189_S68__X__MIKI-NS12__c90__k15__family	9	SP189_S68	MIKI-NS12	1313	1363	family	90.0	15.0	2062647	1857325	309591	90.04570340926004	15.009402966188592	690	1170	-0.0006268644125727955	True	True
strain_madness	s9__SP110_S88__X__MIKI-NS12__c90__k15__family	9	SP110_S88	MIKI-NS12	1313	1363	family	90.0	15.0	2140902	1927184	321158	90.01738519558579	15.001060300751739	1390	1213	-7.068671678259383e-05	True	True
strain_madness	s9__SP171_S52__X__MIKI-NS12__c90__k15__family	9	SP171_S52	MIKI-NS12	1313	1363	family	90.0	15.0	1993908	1794737	299302	90.01102357781804	15.010822966756741	1562	1127	-0.0007215311171160958	True	True
strain_madness	s9__SP50_S37__X__MIKI-NS12__c90__k15__family	9	SP50_S37	MIKI-NS12	1313	1363	family	90.0	15.0	1958348	1771514	293883	90.45961187694935	15.006679098913983	445	1108	-0.00044527326093219224	True	True
strain_madness	s9__spades_ESBL5817_S7_L001__X__spades_ESBL9250_S3_L001__c90__k20__family	9	spades_ESBL5817_S7_L001	spades_ESBL9250_S3_L001	562	573	family	90.0	20.0	4850179	4369987	971184	90.09949942053684	20.023673353086558	1381	1526	-0.0011836676543278911	True	True
strain_madness	s9__SP122_S4__X__spades_VRE2943_S1_L001__c90__k2__order	9	SP122_S4	spades_VRE2943_S1_L001	1313	1352	order	90.0	2.0	2049787	1848747	41036	90.1921516723445	2.0019641065144818	37	142	-0.000982053257240878	True	True
strain_madness	s9__SP50_S37__X__spades_VRE3021_S4_L001__c90__k2__order	9	SP50_S37	spades_VRE3021_S4_L001	1313	1352	order	90.0	2.0	1958348	1763443	39180	90.04747879335031	2.0006658673535043	456	121	-0.00033293367675213403	True	True
strain_madness	s9__SP149_S30__X__spades_VRE3043_S21_L001__c90__k2__order	9	SP149_S30	spades_VRE3043_S21_L001	1313	1352	order	90.0	2.0	2113372	1929815	121913	91.3144964540081	5.768648396969393	27	8	-1.8843241984846966	True	True
strain_madness	s9__SP119_S1__X__MIKI-NS10__c90__k2__order	9	SP119_S1	MIKI-NS10	257758	1598	order	90.0	2.0	2137079	1942903	42850	90.91395311076474	2.0050732799302224	153	166	-0.0025366399651112204	True	True
strain_madness	s9__SP110_S88__X__spades_VRE3342_S6_L001__c90__k5__order	9	SP110_S88	spades_VRE3342_S6_L001	1313	1352	order	90.0	5.0	2140902	1927920	107856	90.05176322876993	5.037876558572041	1395	97	-0.007575311714408173	True	True
strain_madness	s9__SP38_S25__X__spades_VRE2913_S13_L001__c90__k10__order	9	SP38_S25	spades_VRE2913_S13_L001	1313	1352	order	90.0	10.0	2056653	1852605	206074	90.07863747554886	10.019872093153293	455	601	-0.0019872093153292525	True	True
strain_madness	s9__spades_VRE2237_S15_L001__X__SP92_S73__c90__k15__order	9	spades_VRE2237_S15_L001	SP92_S73	1352	1313	order	90.0	15.0	3010799	2710616	452168	90.02978943463181	15.018206130664982	488	1173	-0.001213742044332141	True	True
strain_madness	s9__spades_VRE3342_S6_L001__X__SP161_S42__c90__k15__order	9	spades_VRE3342_S6_L001	SP161_S42	1352	1313	order	90.0	15.0	3063001	2760465	459564	90.1228892840714	15.003716942958883	2415	1688	-0.00024779619725888343	True	True
strain_madness	s9__SP110_S88__X__spades_VRE3043_S21_L001__c90__k15__order	9	SP110_S88	spades_VRE3043_S21_L001	1313	1352	order	90.0	15.0	2140902	1927698	325203	90.04139376767363	15.189999355411878	1392	15	-0.012666623694125197	True	True
strain_madness	s9__SP1_S85__X__spades_VRE3783_S7_L001__c90__k15__order	9	SP1_S85	spades_VRE3783_S7_L001	1313	1352	order	90.0	15.0	2164447	1948389	324846	90.01786599533276	15.00826770071062	1057	1112	-0.0005511800473746812	True	True
strain_madness	s9__SP122_S4__X__spades_VRE3786_S19_L001__c90__k20__order	9	SP122_S4	spades_VRE3786_S19_L001	1313	1352	order	90.0	20.0	2049787	1845884	410027	90.05247862338868	20.00339547474933	39	1603	-0.00016977373746644985	True	True
strain_madness	s9__SP120_S2__X__spades_VRE2857_S10_L001__c90__k20__order	9	SP120_S2	spades_VRE2857_S10_L001	1313	1352	order	90.0	20.0	2076062	1869466	415496	90.04865943309979	20.013660478347948	795	1085	-0.0006830239173973851	True	True
strain_madness	s9__SP189_S68__X__spades_MRSA7830_S9_L001__c90__k2__class	9	SP189_S68	spades_MRSA7830_S9_L001	1313	1280	class	90.0	2.0	2062647	1858697	41602	90.11221988057093	2.0169229150698107	700	82	-0.008461457534905348	True	True
strain_madness	s9__spades_MRSA8007_S12_L001__X__SP21_S92__c90__k5__class	9	spades_MRSA8007_S12_L001	SP21_S92	1280	68892	class	90.0	5.0	2738989	2465133	215934	90.00156627135048	7.883711836739761	891	2	-0.5767423673479521	True	True
strain_madness	s9__spades_VRE3342_S6_L001__X__spades_MRSA8007_S12_L001__c90__k5__class	9	spades_VRE3342_S6_L001	spades_MRSA8007_S12_L001	1352	1280	class	90.0	5.0	3063001	2758176	156001	90.04815865224987	5.093077018257585	2400	62	-0.01861540365151697	True	True
strain_madness	s9__SP50_S37__X__spades_MRSA7172_S1_L001__c90__k5__class	9	SP50_S37	spades_MRSA7172_S1_L001	1313	1280	class	90.0	5.0	1958348	1768049	98180	90.28267703186563	5.01340926127532	456	400	-0.002681852255063966	True	True
strain_madness	s9__SP120_S2__X__spades_MRSA8339_S5_L001__c90__k5__class	9	SP120_S2	spades_MRSA8339_S5_L001	1313	1280	class	90.0	5.0	2076062	1868786	103933	90.0159051126604	5.006257038566286	783	425	-0.0012514077132571798	True	True
strain_madness	s9__SP156_S37__X__spades_MRSA7231_S7_L001__c90__k10__class	9	SP156_S37	spades_MRSA7231_S7_L001	1313	1280	class	90.0	10.0	2079530	1871967	209064	90.01875423773642	10.05342553365424	823	108	-0.005342553365423974	True	True
strain_madness	s9__SP39_S26__X__spades_MRSA7830_S9_L001__c90__k10__class	9	SP39_S26	spades_MRSA7830_S9_L001	1313	1280	class	90.0	10.0	2010726	1810698	201103	90.05195138472372	10.00151189172468	1711	346	-0.00015118917246805807	True	True
strain_madness	s9__SP122_S4__X__spades_MRSA7830_S9_L001__c90__k10__class	9	SP122_S4	spades_MRSA7830_S9_L001	1313	1280	class	90.0	10.0	2049787	1932982	205014	94.30160304460902	10.001722130153036	37	345	-0.00017221301530359056	True	True
strain_madness	s9__spades_VRE3342_S6_L001__X__spades_MRSA7796_S10_L001__c90__k10__class	9	spades_VRE3342_S6_L001	spades_MRSA7796_S10_L001	1352	1280	class	90.0	10.0	3063001	2757073	306312	90.01214821673254	10.000388507871856	2393	993	-3.8850787185573665e-05	True	True
strain_madness	s9__MIKI-NS09__X__spades_MRSA8007_S12_L001__c90__k10__class	9	MIKI-NS09	spades_MRSA8007_S12_L001	97137	1280	class	90.0	10.0	2039692	2036093	209953	99.82355179115278	10.293367822200606	21	82	-0.02933678222006062	True	True
strain_madness	s9__SP130_S11__X__spades_MRSA7129_S8_L001__c90__k15__class	9	SP130_S11	spades_MRSA7129_S8_L001	1313	1280	class	90.0	15.0	2077144	1901356	312020	91.53703354220988	15.021587333376983	39	1172	-0.0014391555584655435	True	True
strain_madness	s9__SP119_S1__X__spades_MRSA8007_S12_L001__c90__k20__class	9	SP119_S1	spades_MRSA8007_S12_L001	257758	1280	class	90.0	20.0	2137079	1930672	430878	90.34162986019703	20.162006177591003	143	162	-0.008100308879550155	True	True
strain_madness	s9__SP130_S11__X__spades_MRSA7133_S3_L001__c90__k20__class	9	SP130_S11	spades_MRSA7133_S3_L001	1313	1280	class	90.0	20.0	2077144	1935666	415476	93.18882080395004	20.00227235088179	39	1060	-0.00011361754408945046	True	True
strain_madness	s9__SP119_S1__X__MIKI-NS20__c90__k2__phylum	9	SP119_S1	MIKI-NS20	257758	186802	phylum	90.0	2.0	2137079	1948284	42809	91.16574539359566	2.0031547734080024	142	174	-0.0015773867040012046	True	True
strain_madness	s9__SP120_S2__X__MIKI-NS20__c90__k2__phylum	9	SP120_S2	MIKI-NS20	1313	186802	phylum	90.0	2.0	2076062	1872957	41632	90.21681433406131	2.005335100782154	800	172	-0.0026675503910769116	True	True
strain_madness	s9__SP17_S90__X__MIKI-NS20__c90__k5__phylum	9	SP17_S90	MIKI-NS20	1313	186802	phylum	90.0	5.0	2082160	1893062	104238	90.91818111960656	5.006243516348407	50	424	-0.0012487032696814281	True	True
strain_madness	s9__spades_MRSA8007_S12_L001__X__MIKI-NS20__c90__k5__phylum	9	spades_MRSA8007_S12_L001	MIKI-NS20	1280	186802	phylum	90.0	5.0	2738989	2468515	136972	90.12504248830498	5.000823296479102	897	560	-0.00016465929582043515	True	True
strain_madness	s9__SP122_S4__X__MIKI-NS20__c90__k5__phylum	9	SP122_S4	MIKI-NS20	1313	186802	phylum	90.0	5.0	2049787	1899266	102586	92.65674921345486	5.004715124059231	41	416	-0.0009430248118462714	True	True
strain_madness	s9__SP38_S25__X__MIKI-NS20__c90__k5__phylum	9	SP38_S25	MIKI-NS20	1313	186802	phylum	90.0	5.0	2056653	1853933	102910	90.14320840705749	5.003760965024241	471	418	-0.0007521930048481451	True	True
strain_madness	s9__SP189_S68__X__MIKI-NS20__c90__k10__phylum	9	SP189_S68	MIKI-NS20	1313	186802	phylum	90.0	10.0	2062647	1856619	206539	90.01147554574293	10.013298446122871	695	850	-0.00132984461228709	True	True
strain_madness	s9__SP110_S88__X__MIKI-NS20__c90__k10__phylum	9	SP110_S88	MIKI-NS20	1313	186802	phylum	90.0	10.0	2140902	1927214	214238	90.01878647411232	10.00690363220736	1384	880	-0.0006903632207359677	True	True
strain_madness	s9__SP156_S37__X__MIKI-NS20__c90__k10__phylum	9	SP156_S37	MIKI-NS20	1313	186802	phylum	90.0	10.0	2079530	1871583	208119	90.00028852673441	10.007982572985242	819	858	-0.0007982572985241632	True	True
