bin,stage,method,1_completeness_arc,1_contamination_arc,1_completeness_bac,1_contamination_bac,2_completeness,2_contamination,2_num_markers,3_completeness,3_contamination,coding_density,knn_score,taxonomy,taxonomy_level,notes
genome_309,2,markers,0.17391305,0.02173913,0.3888889,0.0,0.5899052994974544,0.0059691011235955055,1424.0,0.5978867244333173,0.0021009013382938535,0.0013102384276151872,0.46986535,Serratia,genus,
genome_660,3,markers + neural network,0.46376812,0.028985508,0.8518519,0.009259259,0.7390016920473773,0.0016920472764726823,591.0,0.7305785182151745,0.0,0.0011328612549963736,0.51649284,Arthrobacter,genus,
genome_823,3,markers + neural network,0.5072464,0.06521739,0.9074074,0.009259259,0.8682170246922692,-5.7756440457119635e-11,344.0,0.8533317843555493,0.0,0.0012206757343352084,0.49809137,Clostridia,class,
genome_921,3,markers + neural network,0.5217391,0.08695652,1.0,0.009259259,0.9970873922968106,0.012634241041332607,1944.0,0.9992925732887715,0.001485455918396418,0.0013562819582828129,0.80567706,Klebsiella pneumoniae,species,
genome_634,3,markers + neural network,0.42753622,0.04347826,0.8240741,0.0,0.6991860357838608,0.0012853465840258758,778.0,0.6977718587819616,0.0,0.001341622775914136,0.5516241,Listeria,genus,
genome_600,3,markers + neural network,0.45652175,0.072463766,0.8796296,0.018518519,0.7931000878095344,0.008896797153024912,843.0,0.7857976480651967,0.0,0.0010781366210044644,0.5289936,Vibrionaceae,family,
genome_739,3,markers + neural network,0.47826087,0.10869565,0.9166667,0.0,0.8468594906935051,-9.266891731586065e-11,536.0,0.832561020816835,0.0,0.0011410983795876483,0.52888846,Geobacteraceae,family,
genome_941,3,markers + neural network,0.49275362,0.08695652,0.9722222,0.0,0.9957264957264957,0.005698005698005698,351.0,0.9840222546715058,0.0,0.0007949657666068733,0.5306329,Planctomycetia,class,
genome_55,2,markers,0.10144927,0.014492754,0.30555555,0.0,0.3857230298659381,0.007352941176470588,272.0,0.582898296697058,0.0622511656286791,0.0007383341743847566,0.30840868,Verrucomicrobiota,phylum,
genome_795,2,markers,0.1521739,0.028985508,0.28703704,0.0,0.5504879994435353,0.0045045045045045045,444.0,0.6239405745219101,0.0,0.0008634877967131546,0.40599638,Bacteroidota,phylum,
genome_808,3,markers + neural network,0.42028984,0.050724637,0.8148148,0.009259259,0.9322323619149472,0.009600498715896492,1987.0,0.9253060487925271,0.004342949898333358,0.0014879047103027157,0.77866304,Escherichia coli,species,
genome_694,3,markers + neural network,0.46376812,0.057971016,0.9537037,0.0,1.0,0.018518518518518517,297.0,0.9998750867361803,0.013728934415143036,0.0008940328993849156,0.6060215,Bacteria,superkingdom,
genome_977,3,markers + neural network,0.47826087,0.11594203,1.0,0.0,0.9995192307692308,0.0028846153846153848,1040.0,0.9993991431233442,0.01114255732764758,0.0013042075514073243,0.8774792,Campylobacter,genus,
genome_955,3,markers + neural network,0.46376812,0.050724637,0.9537037,0.0,1.0,0.005050505050505051,297.0,0.9947802885511823,0.0,0.0008665672901672592,0.60687363,Bacteria,superkingdom,
genome_386,3,markers + neural network,0.42028984,0.028985508,0.9444444,0.0,0.7721637484127497,0.006887052341597796,726.0,0.7670391816097553,0.0,0.001360421560723499,0.61261654,Lactobacillus delbrueckii,species,
genome_968,3,markers + neural network,0.5217391,0.08695652,1.0,0.0,0.9926426647756247,0.0021672616012238656,1961.0,0.9929479759520405,0.0,0.001382098967003613,0.83662397,Klebsiella pneumoniae,species,
genome_907,3,markers + neural network,0.5,0.08695652,1.0,0.0,1.0,0.0,759.0,1.0,0.0,0.0020395535451651807,0.66181934,Alcaligenaceae,family,
genome_935,3,markers + neural network,0.5,0.08695652,1.0,0.009259259,1.0,0.01239067055393586,686.0,0.9993307255118838,0.0,0.001104415599723012,0.5891031,Bacillales,order,
genome_232,2,markers,0.20289855,0.02173913,0.5092593,0.0,0.5814376673282866,0.005908419497784343,677.0,0.6311370829030489,0.0019397114229933385,0.0012047632534525979,0.5536444,Helicobacter,genus,
genome_170,3,markers + neural network,0.48550725,0.02173913,0.9259259,0.0,0.8589201591384243,0.013078470633063518,710.0,0.8450832832861342,0.001426269236419711,0.0012689718030417846,0.54755634,Rhodobacterales,order,
genome_277,2,markers,0.19565217,0.014492754,0.41666666,0.009259259,0.5495525857676631,-7.244904322200507e-10,1104.0,0.5871056109169609,0.0,0.0013294348164206923,0.4825142,Enterococcus faecium,species,
genome_51,3,markers + neural network,0.9492754,0.007246377,0.49074075,0.027777778,0.9622641509433962,0.011320754716981131,265.0,0.9488521340520285,0.0,0.0008844182668226894,0.51498944,Archaea,superkingdom,
genome_651,3,markers + neural network,0.19565217,0.036231883,0.46296296,0.0,0.8440860042345342,0.0024052064973348673,1178.0,0.8469956515676227,0.0,0.001312937805706678,0.65197784,Bacillus,genus,
genome_326,3,markers + neural network,0.14492753,0.014492754,0.4074074,0.018518519,0.6136632261510191,0.028619529536964228,1386.0,0.6029106556175359,0.03713597128197039,0.0013582958716931613,0.5104491,Bacillus,genus,
genome_142,3,markers + neural network,0.49275362,0.028985508,1.0,0.0,1.0,0.0,399.0,1.0,0.0,0.0011703497933390954,0.6881168,Bacilli,class,
genome_562,3,markers + neural network,0.48550725,0.036231883,0.8055556,0.0,0.7674950223098109,0.0011566037688298329,1441.0,0.756110663772004,0.0,0.0012913351595010766,0.700056,Staphylococcus aureus,species,
genome_495,3,markers + neural network,0.38405797,0.06521739,0.7592593,0.009259259,0.672556571114717,0.014196810950476202,857.0,0.6712734973632541,0.0,0.001127619885964403,0.47641006,Mycobacterium,genus,
genome_38,2,markers,0.36956522,0.19565217,0.7314815,0.2037037,0.7987804878048781,0.3373983662302901,164.0,0.8322893134378864,0.18221784920980916,0.0016366612111292963,0.30215147,Bacteria,superkingdom,
genome_22,2,markers,0.1884058,0.007246377,0.4814815,0.0,0.5164319248826291,0.0,213.0,0.6359166037783758,0.007906381177254694,0.0010421980505411202,0.45436072,Bacteria,superkingdom,
genome_452,3,markers + neural network,0.35507247,0.028985508,0.7314815,0.0,0.8150513119658893,0.011587485515643106,863.0,0.8195392561051142,0.0,0.0012925096857511838,0.63601243,Staphylococcus,genus,
genome_73,3,markers + neural network,0.36956522,0.04347826,0.7037037,0.018518519,0.7688630067227736,0.004291845152476997,1398.0,0.752280366533002,0.0,0.0013353178778481108,0.67207986,Staphylococcus aureus,species,
genome_327,3,markers + neural network,0.5,0.08695652,0.9074074,0.0,0.7653507072768525,0.007846805863751622,1336.0,0.7484701318652074,0.0,0.0012587615822262864,0.5679644,Vibrio,genus,
genome_499,3,markers + neural network,1.0,0.014492754,0.5185185,0.018518519,1.0,0.0,638.0,0.9999723369809953,0.0,0.0011936636235701655,0.75270337,Thermococcus,genus,
genome_959,3,markers + neural network,0.5,0.11594203,1.0,0.009259259,0.9946008082241049,-1.69379501425824e-11,1173.0,0.99322933025493,0.0,0.0013308115477052415,0.8313315,Enterococcus faecium,species,
genome_855,3,markers + neural network,0.5072464,0.072463766,1.0,0.018518519,1.0,0.030301016798690655,753.0,1.0,0.019395893001690187,0.0009326837986377982,0.67888004,Hymenobacter,genus,
genome_531,3,markers + neural network,0.46376812,0.050724637,0.9074074,0.009259259,0.8931123908267848,0.009746588693957114,513.0,0.8917892373636627,0.005276221506106807,0.0012997396054330009,0.63661355,Lactobacillales,order,
genome_126,3,markers + neural network,1.0,0.0,0.5462963,0.027777778,1.0,0.0,491.0,1.0,0.0,0.0011388114553146885,0.6712488,Halobacteria,class,
genome_627,3,markers + neural network,0.38405797,0.014492754,0.7777778,0.0,0.8429639509296669,0.0032981530343007917,758.0,0.8506626209837486,0.0,0.0012449908570983932,0.6677851,Synechococcales,order,
genome_544,3,markers + neural network,0.46376812,0.057971016,0.8981481,0.027777778,0.7950883050812334,0.006618668735817825,1885.0,0.7831925943281388,0.0,0.0014255090463793862,0.64322567,Escherichia coli,species,
genome_115,2,markers,0.10144927,0.007246377,0.28703704,0.0,0.5208158605238971,-1.8365577816706825e-10,680.0,0.6258061588468834,0.0,0.0012090652302863536,0.4560379,Neisseriaceae,family,
genome_813,3,markers + neural network,0.5,0.02173913,0.9166667,0.037037037,0.8377493916943086,0.002793295822996001,895.0,0.8370694352080528,0.0,0.001021240297949268,0.5881059,Flavobacterium,genus,
genome_528,3,markers + neural network,0.4057971,0.036231883,0.8055556,0.009259259,0.8595932919616861,0.0026645491273394333,1889.0,0.8471024265722003,0.0,0.0014286153984567924,0.7028053,Escherichia coli,species,
genome_817,3,markers + neural network,0.4057971,0.050724637,0.8240741,0.0,0.731876537181713,0.0044444444444444444,675.0,0.7251412697568111,0.0013201748665597687,0.0012189186474810016,0.65101445,Helicobacter,genus,
genome_601,3,markers + neural network,0.36956522,0.04347826,0.7777778,0.018518519,0.8106025591288527,0.001598173298247873,1460.0,0.7830898890624591,0.0,0.0013005546134111294,0.72280157,Staphylococcus aureus,species,
genome_894,3,markers + neural network,0.46376812,0.06521739,0.9814815,0.0,0.997037037037037,0.010123457025598597,675.0,0.9979632355560861,0.014465455510182641,0.0012394166487504734,0.81074363,Helicobacter,genus,
genome_593,3,markers + neural network,0.4710145,0.06521739,0.8611111,0.0,0.8114232884852809,0.0005130832350639395,1949.0,0.7952457470563519,0.001037449381172388,0.0013917482024817132,0.67856544,Salmonella enterica,species,
genome_775,3,markers + neural network,0.38405797,0.02173913,0.6666667,0.0,0.6041029501196973,-1.7768702562765345e-10,607.0,0.6334937852461853,0.0,0.0012660768009999939,0.42821434,Comamonadaceae,family,
genome_834,3,markers + neural network,0.5,0.07971015,1.0,0.018518519,1.0,0.011098981424190071,458.0,1.0,0.0,0.0011508052057831823,0.67101943,Propionibacteriaceae,family,
genome_532,3,markers + neural network,0.47826087,0.0942029,0.8148148,0.10185185,0.800721483106737,0.11558441558441558,1155.0,0.7574293095973905,0.13503806098746748,0.0015223095913217213,0.51408803,Enterobacteriaceae,family,
genome_480,3,markers + neural network,0.42028984,0.08695652,0.7222222,0.009259259,0.7685501934730843,0.01797945205479452,584.0,0.7614193250136683,0.0,0.0011173114536921895,0.44993848,Streptomyces,genus,
genome_934,3,markers + neural network,0.47826087,0.072463766,0.9814815,0.009259259,1.0,0.0,825.0,0.9992571291426268,0.0,0.0011577094810498918,0.79809225,Fusobacterium,genus,
genome_438,2,markers,0.4057971,0.22463769,0.8333333,0.22222222,0.8067632850241546,0.39291466606987846,207.0,0.8337296364121478,0.20609066669500611,0.0016189172655883073,0.31555074,Bacteria,superkingdom,
genome_932,3,markers + neural network,0.48550725,0.036231883,0.9907407,0.009259259,1.0,0.0007022471910112359,712.0,1.0,0.0,0.0011405254887767757,0.77337015,Corynebacterium,genus,
genome_837,3,markers + neural network,0.5,0.0942029,1.0,0.009259259,1.0,0.0,849.0,1.0,0.0,0.001280190726051026,0.8090759,Limosilactobacillus reuteri,species,
genome_398,2,markers,0.46376812,0.04347826,0.75,0.0,0.5974268863075658,-7.494151576107119e-11,570.0,0.6219356044041774,0.0,0.0010788075571134441,0.49431288,Corynebacterium,genus,
genome_307,2,markers,0.123188406,0.050724637,0.32407406,0.0,0.5916990602171266,0.000324674898927862,1540.0,0.6028939901930304,0.0,0.001451148648537957,0.49075335,Enterobacteriaceae,family,
genome_618,3,markers + neural network,0.46376812,0.06521739,0.9537037,0.0,0.8123916253810975,0.003658536585365854,1230.0,0.801728008908275,0.0,0.001172103090707742,0.62655765,Shewanella,genus,
genome_281,2,markers,0.41304347,0.036231883,0.7037037,0.0,0.5768143905610248,-1.3015786179527467e-10,519.0,0.6231839455652421,0.01025535554657108,0.0011106068310097466,0.44675902,Lachnospiraceae,family,
genome_566,3,markers + neural network,0.42028984,0.04347826,0.7407407,0.009259259,0.7871412512374251,-4.398418676460906e-10,1168.0,0.7800955760100354,0.0,0.0013244798572815178,0.60364723,Bacillus,genus,
genome_803,3,markers + neural network,0.5,0.057971016,1.0,0.009259259,1.0,0.0014234875444839859,1405.0,0.9985092866287724,0.00018414935989179843,0.0012888070259736793,0.8958996,Staphylococcus,genus,
genome_406,3,markers + neural network,0.4710145,0.0942029,0.8518519,0.018518519,0.7243252866216505,0.003990877993158495,877.0,0.7140661840438554,0.0,0.0010868223802121132,0.47493488,Streptomyces,genus,
genome_92,2,markers,0.38405797,0.028985508,0.6759259,0.0,0.5398022667836335,-2.6939953845882528e-11,590.0,0.6056604903471621,0.0,0.001170957090472469,0.4223557,Mycobacteriales,order,
genome_581,3,markers + neural network,0.442029,0.036231883,0.9351852,0.009259259,1.0,0.0,231.0,1.0,0.0,0.0010676132901217726,0.6888434,Bacteria,superkingdom,
genome_594,3,markers + neural network,0.47826087,0.08695652,0.9722222,0.055555556,1.0,0.007170356387008946,1039.0,1.0,0.0,0.0010176497001088522,0.7853269,Leptospira,genus,
genome_212,3,markers + neural network,0.44927537,0.028985508,0.7592593,0.009259259,0.6044997903482733,0.0013917882822417683,1437.0,0.6077076244924994,0.0,0.0013333251634487535,0.47755373,Bacillus,genus,
genome_105,2,markers,0.07971015,0.036231883,0.25,0.0,0.39556511481944073,-2.1317828189399702e-10,233.0,0.5908807215017434,0.0,0.0010466877660440367,0.3656542,Bacteria,superkingdom,
genome_397,3,markers + neural network,0.28985506,0.028985508,0.5925926,0.0,0.6340334957593108,0.0013698625237974402,1460.0,0.6261219142109853,0.0,0.0012444450266409482,0.53823406,Proteus,genus,
genome_842,3,markers + neural network,0.49275362,0.06521739,1.0,0.0,1.0,0.0,699.0,1.0,0.0,0.0012518394750560364,0.73986495,Ligilactobacillus,genus,
genome_120,2,markers,0.0942029,0.057971016,0.16666667,0.0,0.3285216008270136,0.0041841004184100415,478.0,0.5867682517746362,0.015958888203310533,0.0008861277869114277,0.28694665,Bacteroidota,phylum,
genome_6,2,markers,0.42028984,0.036231883,0.7407407,0.018518519,0.5307125886098425,0.005753739930955121,869.0,0.59426852404223,0.003690860461569967,0.0012531800855289216,0.3861406,Pseudomonas,genus,
genome_857,3,markers + neural network,0.5,0.07971015,1.0,0.009259259,0.9986789960369881,0.0006605019815059445,757.0,0.9977957990055676,0.0,0.001243746226539589,0.67121637,Mycobacterium,genus,
genome_695,3,markers + neural network,0.4347826,0.028985508,0.7777778,0.009259259,0.7086291656055249,0.002157238277241459,1043.0,0.715065099218863,0.008574046205769424,0.0011290186319569706,0.6088834,Lactiplantibacillus plantarum,species,
genome_509,3,markers + neural network,0.42028984,0.06521739,0.7962963,0.009259259,0.7063863166024752,0.004672897196261682,428.0,0.6976991320856284,0.0,0.0008767250254502121,0.45000267,Bacteroidota,phylum,
genome_218,2,markers,0.36956522,0.036231883,0.6296296,0.009259259,0.5579580014890378,0.0005630626603289767,888.0,0.6051324223846779,0.00994565230608483,0.001058202952941303,0.5057826,Synechococcus,genus,
genome_630,3,markers + neural network,0.5,0.08695652,0.962963,0.0,0.8894996143554015,0.02963473203673517,1451.0,0.8819343934117337,0.011128600206739524,0.001370314799429202,0.6779073,Vibrio,genus,
genome_590,3,markers + neural network,0.442029,0.036231883,0.9351852,0.009259259,1.0,0.0,204.0,1.0,0.0,0.0010644592403213325,0.690581,Bacteria,superkingdom,
genome_300,3,markers + neural network,0.5,0.06521739,1.0,0.018518519,0.9998246844319776,0.0017531556802244039,1426.0,0.9972727375041754,0.009208709474500879,0.001293422926984707,0.9022604,Staphylococcus,genus,
genome_98,2,markers,0.1521739,0.014492754,0.28703704,0.0,0.5198243449208656,0.001378121979784904,1935.0,0.5897320195452446,0.0,0.0014033099142789275,0.44696072,Salmonella enterica,species,
genome_356,3,markers + neural network,0.41304347,0.04347826,0.7407407,0.009259259,0.6875948085906399,0.0015923565929862344,628.0,0.6867237794543568,0.0,0.001225802927779703,0.4765316,Hyphomicrobiales,order,
genome_494,3,markers + neural network,0.942029,0.02173913,0.49074075,0.027777778,0.8388671875,0.0087890625,512.0,0.8363829584552461,0.0,0.0011330635600525659,0.5418264,Methanosarcinaceae,family,
genome_698,3,markers + neural network,0.49275362,0.036231883,0.9907407,0.009259259,1.0,0.003267973744902624,714.0,0.9998800612129872,0.007907802856405022,0.0011619976959222923,0.78075886,Corynebacterium,genus,
genome_540,3,markers + neural network,0.47826087,0.057971016,0.8796296,0.009259259,0.8044451425079885,0.008774599503687221,1643.0,0.794336374705998,0.0,0.0013895037260833998,0.62583447,Enterobacteriaceae,family,
genome_589,3,markers + neural network,0.4347826,0.06521739,0.8055556,0.027777778,0.7939610087248367,0.0060226450883115925,1186.0,0.8047635819646288,0.0,0.0011475233854160883,0.5499503,Burkholderia,genus,
genome_918,3,markers + neural network,0.5,0.057971016,1.0,0.018518519,0.9998976184475806,0.003942652329749104,1395.0,0.9970754827978623,0.003625597448242014,0.0013091595281863623,0.8926292,Staphylococcus,genus,
genome_889,3,markers + neural network,0.5,0.06521739,1.0,0.009259259,1.0,0.0,1411.0,1.0,0.0,0.0013236865277649983,0.8468165,Bacillus,genus,
genome_59,3,markers + neural network,0.8913044,0.0,0.5277778,0.018518519,0.7624086003318475,-5.449745176206463e-10,638.0,0.7488310136299383,0.0,0.0011675495336703995,0.59731996,Thermococcus,genus,
genome_724,2,markers,0.4057971,0.22463769,0.8703704,0.24074075,0.9057591623036649,0.43804536190332544,191.0,0.9082681442115941,0.18511611485397633,0.001552114111226677,0.31341082,Bacteria,superkingdom,
genome_762,3,markers + neural network,0.19565217,0.02173913,0.5277778,0.0,0.8210846449382998,0.0012187689706220051,1094.0,0.8146011978964911,0.0,0.0013114796549368092,0.59307694,Pseudomonas,genus,
genome_743,3,markers + neural network,0.41304347,0.04347826,0.8148148,0.0,0.8376984369187128,0.0002834464163601804,1176.0,0.8432960868829701,0.0,0.0013163801477731006,0.6362823,Bacillus,genus,
genome_981,3,markers + neural network,0.5072464,0.072463766,1.0,0.027777778,0.9968911917098445,0.0005181347150259067,1930.0,0.9982667479164942,0.0,0.0014928180047663925,0.8731941,Escherichia coli,species,
genome_385,3,markers + neural network,0.5072464,0.08695652,1.0,0.009259259,0.9990338164251208,0.004669887432153674,1035.0,1.0,0.0,0.00121528668984739,0.6723169,Ralstonia,genus,
genome_13,2,markers,0.39855072,0.014492754,0.712963,0.0,0.5249571248295185,0.001897532641322156,1054.0,0.603817454475009,0.0,0.0013317435785200576,0.50445706,Streptococcus agalactiae,species,
genome_235,2,markers,0.20289855,0.028985508,0.4814815,0.027777778,0.5553448381095097,0.006896551724137931,580.0,0.6015607318049955,0.0,0.001268226358479066,0.4195853,Mycobacteriaceae,family,
genome_497,3,markers + neural network,0.14492753,0.028985508,0.4351852,0.0,0.7431698861766186,0.010326312229388117,807.0,0.7329954691310099,0.0,0.0012233760271401267,0.53068566,Pseudomonadaceae,family,
genome_707,3,markers + neural network,0.5072464,0.07971015,1.0,0.027777778,0.9945472076980352,0.013513513513513514,703.0,0.9969355062341061,0.013682070329020267,0.0011573937128566436,0.6454435,Cyanophyceae,class,
genome_489,3,markers + neural network,0.21014492,0.014492754,0.46296296,0.0,0.6393939763849432,0.0018181818181818182,550.0,0.6296277345070557,0.0,0.0011095269613578135,0.46247897,Rhodospirillales,order,
genome_474,3,markers + neural network,0.39855072,0.04347826,0.712963,0.009259259,0.7858586166844224,0.012121212121212121,165.0,0.7119628728692187,0.02054118703932712,0.0008957471070862491,0.35749716,Bacteria,superkingdom,
genome_449,3,markers + neural network,0.1594203,0.02173913,0.42592594,0.0,0.6106575309456169,0.001623376365347858,924.0,0.6283000736210566,0.0,0.0012399171455640557,0.49539897,Brucella,genus,
genome_944,3,markers + neural network,0.5,0.050724637,1.0,0.0,1.0,0.0,603.0,1.0,0.0,0.0011176802678020228,0.69443655,Xanthomonadaceae,family,
genome_363,3,markers + neural network,0.14492753,0.028985508,0.32407406,0.0,0.6298063792628371,0.0024896261603011135,1205.0,0.6244397613765094,0.003138170439794745,0.0011764490823436015,0.5332355,Stenotrophomonas,genus,
genome_769,3,markers + neural network,0.4347826,0.050724637,0.787037,0.0,0.7849872773536896,0.0,393.0,0.7766888231679298,0.0,0.0010427173562656629,0.4982963,Actinomycetes,class,
genome_74,2,markers,0.13043478,0.02173913,0.3611111,0.009259259,0.5415164918453312,0.0016322087930258002,919.0,0.605545700120455,0.0,0.0012162910705481437,0.3971046,Pseudomonas,genus,
genome_177,3,markers + neural network,0.20289855,0.028985508,0.5462963,0.0,0.6021313156027762,0.0010940914472291976,914.0,0.6065181920620069,0.0,0.0012381541011062152,0.53076166,Lactococcus,genus,
genome_417,3,markers + neural network,0.44927537,0.036231883,0.8240741,0.009259259,0.7348622264949957,0.0023041471907620055,868.0,0.7269130538869419,0.0,0.001463448926646397,0.6248583,Streptococcus,genus,
genome_680,3,markers + neural network,0.47826087,0.050724637,0.9814815,0.0,1.0,0.0,689.0,1.0,0.0,0.001226826113182317,0.7148053,Neisseriaceae,family,
genome_171,3,markers + neural network,0.5,0.04347826,0.9814815,0.0,1.0,0.0,605.0,1.0,0.0,0.0009186075925184694,0.6488857,Hymenobacteraceae,family,
genome_108,2,markers,0.4057971,0.06521739,0.5648148,0.0,0.5072674418604651,-8.663465810376544e-11,344.0,0.607990100028662,0.0017478084282128645,0.0011016359144055763,0.37966,Eubacteriales,order,
genome_652,3,markers + neural network,0.49275362,0.0942029,0.8888889,0.0,0.8743669699718601,-1.1541590137532427e-10,1055.0,0.8768132275602345,0.0,0.0012187233900866443,0.6082046,Cupriavidus,genus,
genome_224,3,markers + neural network,0.5,0.10869565,0.962963,0.009259259,0.9416181874829669,0.0029069767441860465,344.0,0.933200837764174,0.0,0.0011463108054618027,0.5232598,Bacteria,superkingdom,
genome_928,3,markers + neural network,0.5072464,0.06521739,1.0,0.009259259,0.9962805214370389,0.01414647016937288,1898.0,0.9949966492575344,0.0029725887988827845,0.0014784745875857364,0.7988958,Enterobacteriaceae,family,
genome_401,3,markers + neural network,0.442029,0.072463766,0.9074074,0.018518519,0.8554125173238555,0.00357653791130186,699.0,0.851043386876309,0.0,0.0012333901770083056,0.578132,Mycobacteriaceae,family,
genome_355,3,markers + neural network,0.5,0.072463766,0.8703704,0.009259259,0.7265151630748402,0.008522727272727272,704.0,0.7158566620588251,0.0,0.0011471128940448092,0.46028608,Streptomyces,genus,
genome_455,3,markers + neural network,0.45652175,0.072463766,0.9166667,0.009259259,0.735741824300957,0.00362844702467344,1378.0,0.7216865656267979,0.0,0.0013389764912250697,0.55795556,Bacillus,genus,
genome_559,3,markers + neural network,0.44927537,0.050724637,0.9444444,0.018518519,0.9039421766817927,0.0074850299401197605,668.0,0.9014283459200034,0.0,0.0013673705928892296,0.6620913,Streptococcus,genus,
genome_710,2,markers,0.38405797,0.17391305,0.7962963,0.22222222,0.8993506493506493,0.36363636363636365,154.0,0.8996449332041748,0.19937722941215757,0.0009836962676579679,0.34036204,Bacteria,superkingdom,
genome_251,3,markers + neural network,0.32608697,0.014492754,0.5462963,0.0,0.6268694332549599,0.0026019080659150044,1153.0,0.6235685627482214,0.0,0.001205362237592141,0.4698977,Morganellaceae,family,
genome_835,3,markers + neural network,0.5,0.08695652,1.0,0.0,1.0,0.0,535.0,0.9930292274988243,0.0,0.0012382360951015837,0.57987785,Betaproteobacteria,class,
genome_10,3,markers + neural network,0.48550725,0.04347826,0.9444444,0.0,0.8553833344094353,0.001377410304119436,726.0,0.8469145034344137,0.0,0.0013496374263570062,0.68212175,Lactobacillus delbrueckii,species,
genome_323,3,markers + neural network,0.21014492,0.02173913,0.42592594,0.0,0.6724124840153453,0.001449275199714524,1955.0,0.6651436787164042,0.0,0.0013899551191801532,0.56702876,Salmonella enterica,species,
genome_785,3,markers + neural network,0.51449275,0.072463766,0.9907407,0.009259259,0.9079878388152495,0.0056029762473453915,1523.0,0.8973196754120758,0.0,0.0013089445031565993,0.7301076,Aeromonas,genus,
genome_971,3,markers + neural network,0.51449275,0.13768116,1.0,0.018518519,0.9812881031484579,0.014360313315926894,766.0,0.9916027468011726,0.0,0.0011420284275648264,0.57436,Streptomyces,genus,
genome_608,3,markers + neural network,0.42753622,0.014492754,0.7314815,0.0,0.6474591814754522,0.002615518328825494,1147.0,0.6409106643780804,0.0,0.0012037953089049963,0.5016266,Pseudomonas,genus,
genome_252,3,markers + neural network,0.46376812,0.04347826,0.8703704,0.0,0.6873430841619318,0.003818181644786488,1100.0,0.676615854885583,0.0,0.0012565096952908588,0.49995837,Pseudomonas,genus,
genome_66,2,markers,0.3768116,0.036231883,0.6851852,0.0,0.5238536852968937,0.0011961720349115618,836.0,0.6074520315915036,0.0,0.0013035017199265237,0.50570774,Limosilactobacillus reuteri,species,
genome_49,2,markers,0.2536232,0.036231883,0.6111111,0.0,0.5062520663395714,-9.366848374856598e-11,703.0,0.6140583711725307,0.0,0.0012827964352884807,0.39310777,Alcaligenaceae,family,
genome_345,3,markers + neural network,0.4057971,0.04347826,0.787037,0.0,0.663106163376046,0.004184100019383131,1195.0,0.6599759476283669,0.0,0.0013692186791944153,0.5411925,Xanthomonas,genus,
genome_339,3,markers + neural network,0.17391305,0.07971015,0.42592594,0.0,0.6480061349693251,0.0015337421484520098,652.0,0.6562674796817143,0.0,0.0010809753324156493,0.4544863,Chromatiaceae,family,
genome_846,3,markers + neural network,0.5,0.07971015,1.0,0.0,0.9995860927152318,0.0074503311258278145,1208.0,1.0,0.0,0.0013009352865418925,0.74162364,Agrobacterium,genus,
genome_542,3,markers + neural network,0.35507247,0.014492754,0.712963,0.0,0.6985577429870481,0.009758995895230358,982.0,0.6967905676536287,0.02666682021684145,0.0012290806191136328,0.58663607,Staphylococcus,genus,
genome_493,3,markers + neural network,0.5,0.057971016,1.0,0.009259259,1.0,0.0028767121981268058,1460.0,0.9984398533913978,0.0016320961302911108,0.0013044190601685126,0.90313035,Staphylococcus aureus,species,
genome_924,3,markers + neural network,0.51449275,0.06521739,1.0,0.0,0.9991431019708654,0.009283062527091868,1167.0,1.0,0.0,0.001213081022638571,0.7097299,Pseudomonas,genus,
genome_231,3,markers + neural network,0.46376812,0.050724637,0.8055556,0.0,0.7290852141846137,0.0026642978367825243,1689.0,0.7153551639816518,0.0,0.0013609623320748091,0.56825435,Enterobacter hormaechei,species,
genome_623,3,markers + neural network,0.49275362,0.072463766,0.9444444,0.0,0.8878545558198969,-2.642049935804409e-11,376.0,0.8608917395345508,0.0,0.0009546128762319048,0.5081596,Bacteroidia,class,
genome_424,3,markers + neural network,0.33333334,0.072463766,0.6018519,0.037037037,0.6563492605514638,0.0037322562521599815,1362.0,0.6559741251039939,0.0014997166596956574,0.0011831947218599946,0.564639,Acinetobacter baumannii,species,
genome_78,2,markers,0.6666667,0.0,0.4537037,0.027777778,0.558740743001302,0.0044444444444444444,450.0,0.604487942052205,0.0,0.0010621384306283641,0.413936,Halobacteriales,order,
genome_969,3,markers + neural network,0.51449275,0.06521739,1.0,0.018518519,0.9978112753548842,0.001076426264800861,1858.0,1.0,0.0,0.0014590851282788744,0.8083636,Escherichia coli,species,
genome_546,3,markers + neural network,0.38405797,0.057971016,0.6759259,0.018518519,0.8066332939616795,0.0022346364053268007,1432.0,0.7959386039074761,0.0,0.0012076289949038057,0.6861504,Acinetobacter baumannii,species,
genome_9,2,markers,0.14492753,0.014492754,0.35185185,0.0,0.4186244606971741,0.005859375,512.0,0.5929630418049402,0.037203803830544245,0.0012319802937470125,0.34811705,Burkholderiales,order,
genome_641,3,markers + neural network,0.19565217,0.02173913,0.4722222,0.009259259,0.6299270445849174,0.024340150990158585,1907.0,0.610834221197047,0.024499187893551398,0.0014561221526902006,0.50430584,Salmonella enterica,species,
genome_507,3,markers + neural network,0.22463769,0.04347826,0.5185185,0.0,0.7934683287934735,0.0032499028029347467,1718.0,0.7940326440025918,0.0,0.0013807135412521728,0.63398576,Klebsiella,genus,
genome_196,3,markers + neural network,0.442029,0.057971016,0.7962963,0.009259259,0.601143265286705,0.0030446542938604086,1478.0,0.6048809165923976,0.0,0.0013233702213395902,0.56638396,Staphylococcus aureus,species,
genome_358,3,markers + neural network,0.34057972,0.06521739,0.6851852,0.0,0.7020315195058847,0.011688311688311689,770.0,0.698932512501525,0.004232058437959464,0.001142404051862981,0.48490185,Comamonadaceae,family,
genome_256,3,markers + neural network,0.42753622,0.07971015,0.787037,0.027777778,0.672447659435637,0.003374578177727784,889.0,0.6613822617789815,0.0,0.0011170460779245917,0.5195398,Lactiplantibacillus,genus,
genome_868,3,markers + neural network,0.5217391,0.07971015,1.0,0.009259259,1.0,0.0034940600978336828,1431.0,1.0,0.0,0.0013133295995207655,0.7745107,Serratia,genus,
genome_221,2,markers,0.3043478,0.014492754,0.4722222,0.0,0.545346152124503,0.007015902712815715,1069.0,0.5944463873572465,0.00823698252267837,0.001238359745139683,0.44859132,Vibrio,genus,
genome_870,3,markers + neural network,0.5,0.08695652,1.0,0.009259259,1.0,0.003892943806891894,1370.0,1.0,0.007040867511475667,0.001314567368558053,0.8359216,Vibrio,genus,
genome_809,3,markers + neural network,0.47826087,0.0942029,0.9444444,0.018518519,0.8841536275456461,0.007865168539325843,1335.0,0.8812817153917121,0.0,0.0012410806334454273,0.65542036,Vibrio,genus,
genome_412,3,markers + neural network,0.49275362,0.06521739,1.0,0.009259259,1.0,0.004498714652956298,778.0,1.0,0.00867981739399911,0.0013508573644680317,0.7849414,Listeria,genus,
genome_26,2,markers,0.4057971,0.028985508,0.7222222,0.009259259,0.569849253898889,-2.5459269310278305e-10,796.0,0.6071720586915141,0.0,0.0012928036873624243,0.51500636,Streptococcus,genus,
genome_191,2,markers,0.20289855,0.050724637,0.3888889,0.0,0.5836778584883303,0.0017433747586844855,1912.0,0.5986318367909038,0.0,0.0013642808394923262,0.4893435,Salmonella enterica,species,
genome_157,2,markers,0.22463769,0.04347826,0.5092593,0.0,0.5947308500936209,0.0005903183499080654,1694.0,0.6109974685817425,0.0,0.0013967088615054793,0.4884648,Enterobacteriaceae,family,
genome_997,3,markers + neural network,0.5072464,0.06521739,1.0,0.0,0.9995648389904265,0.017696546615985707,1149.0,1.0,0.009492548474467767,0.0013123570427235208,0.7400972,Enterobacterales,order,
genome_516,3,markers + neural network,0.3043478,0.057971016,0.5833333,0.009259259,0.7415372809095632,0.0031446538738377546,1113.0,0.73780675539755,0.0,0.0008942237245310886,0.61309254,Leptospira,genus,
genome_335,3,markers + neural network,0.1884058,0.028985508,0.5,0.0,0.7427341408925514,0.0023972599473718096,1460.0,0.7259039759756919,0.0,0.0013029040377334545,0.66660196,Staphylococcus aureus,species,
genome_35,3,markers + neural network,0.4057971,0.04347826,0.8055556,0.0,0.7914627846846962,0.0016313211758412895,613.0,0.7924256243909151,0.0,0.0012465674691870489,0.61272365,Lactobacillus,genus,
genome_176,3,markers + neural network,0.41304347,0.057971016,0.7685185,0.0,0.6370864529079862,0.0014814812165719492,675.0,0.6470808079811615,0.005602072209913857,0.0012800606194661194,0.5858871,Helicobacter,genus,
genome_52,3,markers + neural network,0.42028984,0.02173913,0.7222222,0.009259259,0.7420091324200914,-1.3608366387075484e-10,219.0,0.7376103251326365,0.05124857663408983,0.0010730829659621442,0.54862434,Bacteria,superkingdom,
genome_222,3,markers + neural network,0.3768116,0.04347826,0.7314815,0.009259259,0.6202870346893076,0.0012853467372511836,778.0,0.6242185771780757,0.0,0.00133481822952398,0.5081563,Listeria,genus,
genome_246,3,markers + neural network,0.17391305,0.014492754,0.42592594,0.0,0.6542839306875214,0.0020590250673732614,1457.0,0.6416360605074134,0.0,0.0012084656216211867,0.5427989,Proteus,genus,
genome_678,3,markers + neural network,0.48550725,0.07971015,0.9259259,0.009259259,0.8042105173155097,0.0006253907574647065,1599.0,0.7939082491933466,0.0,0.001370016018123212,0.6538821,Enterobacter,genus,
genome_974,3,markers + neural network,0.5,0.0942029,1.0,0.018518519,1.0,0.00966183595820692,759.0,1.0,0.0,0.0020493332157671723,0.6536537,Alcaligenaceae,family,
genome_781,3,markers + neural network,0.5072464,0.072463766,0.9722222,0.0,0.9231392229966027,0.0010658138566356388,1251.0,0.9215475342303503,0.0,0.0012419308789624727,0.6942071,Morganellaceae,family,
genome_350,3,markers + neural network,0.2753623,0.08695652,0.5,0.0,0.6375904115094168,0.003060656517296283,599.0,0.6524312623081956,0.0,0.001118773785844798,0.42115527,Gammaproteobacteria,class,
genome_689,3,markers + neural network,0.49275362,0.050724637,1.0,0.009259259,1.0,0.0014749262976435434,904.0,1.0,0.01677265410467215,0.0013339538037091074,0.7871168,Pasteurellaceae,family,
genome_184,3,markers + neural network,0.42753622,0.050724637,0.7685185,0.009259259,0.688031383396424,0.008247422680412371,485.0,0.6709921653480342,0.0,0.0008998419513644893,0.44369054,Bacteroidota,phylum,
genome_188,3,markers + neural network,0.4710145,0.06521739,0.8981481,0.027777778,0.694556546498494,0.002409638171215134,1245.0,0.6847076771872131,0.0,0.001236777733017148,0.56492764,Acinetobacter baumannii,species,
genome_906,3,markers + neural network,0.5,0.057971016,1.0,0.0,1.0,0.0,596.0,1.0,0.0,0.001162453777802307,0.7114347,Propionibacteriaceae,family,
genome_150,2,markers,0.38405797,0.0,0.6481481,0.0,0.4986944656531348,0.0030010438413361168,1916.0,0.5645904632152734,0.0,0.0013548138659565574,0.4191146,Klebsiella pneumoniae,species,
genome_897,3,markers + neural network,0.442029,0.036231883,0.9351852,0.009259259,1.0,0.0,188.0,1.0,0.0,0.001065528576579739,0.691059,Bacteria,superkingdom,
genome_416,2,markers,0.22463769,0.0,0.5092593,0.0,0.5847164169881354,0.006224066390041493,241.0,0.6307778189942319,0.029929114820657444,0.0009892629704955655,0.36800492,Bacteria,superkingdom,
genome_638,3,markers + neural network,0.4710145,0.06521739,0.8703704,0.0,0.812752660406536,0.0005720818342824276,1748.0,0.8008537541640056,0.0,0.0013164301386073079,0.6498432,Enterobacter hormaechei,species,
genome_437,3,markers + neural network,0.49275362,0.06521739,0.8796296,0.0,0.7672713013329114,0.0008653508168514644,1926.0,0.7665281384929485,0.0,0.0013775681333876978,0.6342797,Klebsiella pneumoniae,species,
genome_893,3,markers + neural network,0.49275362,0.06521739,1.0,0.009259259,1.0,0.0,778.0,1.0,0.004798547746351918,0.0013644062046034601,0.79148614,Listeria,genus,
genome_146,2,markers,0.13043478,0.014492754,0.30555555,0.0,0.4051271082537933,-3.1343371485744414e-10,1141.0,0.5642936760515271,0.0,0.001217914884113655,0.38085195,Vibrio,genus,
genome_591,3,markers + neural network,0.442029,0.04347826,0.8888889,0.0,0.8822711487279495,0.006069802731411229,659.0,0.878104515365717,0.0,0.0012042965838219288,0.65216565,Arcobacteraceae,family,
genome_8,2,markers,0.28985506,0.014492754,0.5462963,0.0,0.5763792587089274,-3.592306029215519e-10,719.0,0.6194366261079226,0.004648814772419678,0.001084216486198852,0.590354,Wolbachia,genus,
genome_602,3,markers + neural network,0.442029,0.050724637,0.9166667,0.009259259,0.7956081081081081,0.0059121621621621625,592.0,0.7981674320643677,0.0031655901954094554,0.001077650617197261,0.63593817,Helicobacter,genus,
genome_62,2,markers,0.1521739,0.050724637,0.35185185,0.009259259,0.46267232407618614,-3.577245555735868e-10,822.0,0.5917295944317226,0.0,0.001321534650757869,0.4429131,Streptococcus,genus,
genome_194,2,markers,0.51449275,0.007246377,0.2685185,0.0,0.5223248417878537,-1.1471256277436791e-10,433.0,0.6108643418717521,0.0,0.0009236611418293696,0.4224027,Methanomicrobiales,order,
genome_925,2,markers,0.39130434,0.11594203,0.8240741,0.16666667,0.8819095477386935,0.314070351758794,199.0,0.897168963961068,0.2145321173332799,0.0015202139782302363,0.3676224,Bacteria,superkingdom,
genome_530,3,markers + neural network,0.5,0.0942029,0.9166667,0.009259259,0.8033712470357978,0.004261954162819718,1924.0,0.7969717145535238,0.0010393381469959648,0.0013433802413054818,0.63952136,Klebsiella pneumoniae,species,
genome_220,2,markers,0.36231884,0.007246377,0.5555556,0.009259259,0.4318637050150012,-3.9260671435481127e-10,1052.0,0.5793483281151899,0.0,0.0011946637889588716,0.451769,Staphylococcus,genus,
genome_311,2,markers,0.13043478,0.0,0.25925925,0.009259259,0.44576966371948723,0.0045871559633027525,763.0,0.5875184011110863,0.01700694351024929,0.0011789286816636865,0.41890454,Bacillaceae,family,
genome_302,3,markers + neural network,0.5,0.050724637,0.9351852,0.0,0.8548346366591126,0.0015267175572519084,655.0,0.85577241359903,0.0,0.0012009033751037921,0.5440348,Nocardiaceae,family,
genome_211,3,markers + neural network,0.8115942,0.0,0.44444445,0.009259259,0.7372013651877133,0.0,293.0,0.7060111723829403,0.0,0.0012022419228467608,0.47560763,Euryarchaeota,phylum,
genome_460,2,markers,0.3478261,0.028985508,0.6481481,0.0,0.5913749931965099,0.004501607512610007,933.0,0.6098718772866639,0.025664290835952168,0.0011584053612612422,0.52170575,Lacticaseibacillus,genus,
genome_213,2,markers,0.39130434,0.028985508,0.6296296,0.0,0.5985343588057475,-2.670727335544372e-10,398.0,0.6360255127059657,0.03927579088311984,0.0011301073452492888,0.4442217,Spirochaetales,order,
genome_53,3,markers + neural network,0.42028984,0.050724637,0.8425926,0.009259259,0.7730985035615808,0.005098038841696346,850.0,0.759992416827678,0.0,0.001329554059860763,0.6360382,Limosilactobacillus fermentum,species,
genome_798,3,markers + neural network,0.2173913,0.028985508,0.5092593,0.0,0.7627477368873185,0.002766251564025879,723.0,0.7597995768953352,0.0,0.001040814833587196,0.5897943,Weeksellaceae,family,
genome_888,3,markers + neural network,0.5072464,0.072463766,0.9814815,0.018518519,0.9841269841269841,0.009523809523809525,315.0,0.9591697954566486,0.0,0.0008161723123729747,0.4812004,Bacteroidota,phylum,
genome_757,3,markers + neural network,0.26086956,0.057971016,0.6111111,0.0,0.8623445068869063,0.004450822921784785,1916.0,0.8513027922775251,0.004791033226343437,0.0013484663507477383,0.6964195,Klebsiella pneumoniae,species,
genome_346,3,markers + neural network,0.29710144,0.050724637,0.6111111,0.018518519,0.696969696969697,0.007575757575757576,396.0,0.6946218358913363,0.01401609178364812,0.0011046133505910243,0.5119546,Pseudomonadota,phylum,
genome_936,3,markers + neural network,0.5,0.08695652,0.9907407,0.0,1.0,0.0,565.0,0.9959826568681682,0.0,0.000870348033487254,0.5915561,Chitinophagaceae,family,
genome_814,3,markers + neural network,0.5,0.08695652,0.8888889,0.0,0.8410035677482746,0.006850715356370423,1630.0,0.8358689957674675,0.0,0.0014122629598703094,0.6389853,Enterobacter,genus,
genome_336,3,markers + neural network,0.2173913,0.02173913,0.4074074,0.009259259,0.6176260897987768,0.0008223682249847211,608.0,0.615991062711752,0.0,0.0012451336886951778,0.46047637,Mycobacteriaceae,family,
genome_708,3,markers + neural network,0.5,0.050724637,0.962963,0.0,0.8724494043719427,0.003377591205759535,1431.0,0.8665406973609893,0.0,0.0013228693419369533,0.67249984,Serratia,genus,
genome_43,3,markers + neural network,0.5072464,0.06521739,1.0,0.0,1.0,0.0036604893723005453,1457.0,1.0,0.0,0.001203971307663934,0.7934994,Proteus,genus,
genome_560,3,markers + neural network,0.36956522,0.072463766,0.6481481,0.009259259,0.808627888307733,0.01251008955098815,826.0,0.8034369136352797,0.0,0.0011521124030549653,0.642464,Fusobacterium,genus,
genome_771,3,markers + neural network,0.47826087,0.036231883,0.8796296,0.009259259,0.929475925836462,0.0041224969149478334,566.0,0.9248473512268841,0.007590271208765258,0.0011407391337330528,0.8255513,Borreliaceae,family,
genome_960,3,markers + neural network,0.51449275,0.050724637,1.0,0.0,1.0,0.0,671.0,1.0,0.0,0.001004635271792068,0.6398463,Neisseriaceae,family,
genome_268,3,markers + neural network,0.21014492,0.057971016,0.537037,0.0,0.718170030079865,-2.212496357862583e-10,898.0,0.6965756303267043,0.0,0.001219874871329014,0.5030565,Burkholderia,genus,
genome_136,3,markers + neural network,0.51449275,0.10869565,0.9907407,0.027777778,1.0,0.001466275659824047,682.0,1.0,0.0,0.0011004513827528057,0.61715174,Clostridium,genus,
genome_482,3,markers + neural network,0.45652175,0.057971016,0.8333333,0.0,0.749710546733674,0.0003617943282065274,691.0,0.7432268436574041,0.0,0.0012400804780816896,0.5280671,Mycobacteriaceae,family,
genome_759,3,markers + neural network,0.44927537,0.02173913,0.8796296,0.0,0.8077573359264809,0.027503526093088856,709.0,0.7965497326330462,0.0191727154182061,0.0012721135138602172,0.6072696,Aliarcobacter,genus,
genome_236,3,markers + neural network,0.44927537,0.036231883,0.8425926,0.009259259,0.6611974641874239,0.00487012987012987,616.0,0.6343225025858181,0.0,0.0011805057489767592,0.42106137,Burkholderiaceae,family,
genome_672,3,markers + neural network,0.4347826,0.04347826,0.8796296,0.009259259,0.7491390292204958,0.001117318169364716,895.0,0.744264702316748,0.0,0.0012825844446108787,0.61543435,Caldicellulosiruptor,genus,
genome_333,3,markers + neural network,0.42753622,0.028985508,0.7592593,0.0,0.6658656908118207,0.002860411899313501,874.0,0.6531897954224753,0.0,0.0010541283964854635,0.46473673,Bacteroides,genus,
genome_711,3,markers + neural network,0.45652175,0.050724637,0.9444444,0.0,0.9249823956924682,0.0028222013170272815,1063.0,0.9243225252372858,0.0,0.0013079114388861832,0.8038804,Pasteurella,genus,
genome_673,3,markers + neural network,0.5072464,0.0942029,1.0,0.018518519,0.9992138364779874,0.005634172157671467,1272.0,1.0,0.0,0.001145447211706144,0.7581722,Ralstonia,genus,
genome_207,2,markers,0.1884058,0.014492754,0.41666666,0.0,0.5601380546137972,0.004043126363317279,1484.0,0.5979180677124144,0.0,0.001746362816697613,0.46975237,Enterobacteriaceae,family,
genome_234,3,markers + neural network,0.442029,0.04347826,0.7592593,0.0,0.6039001272303824,0.0017525410175824893,1902.0,0.605377892060833,0.0,0.0013550531115557349,0.50588614,Salmonella enterica,species,
genome_257,3,markers + neural network,0.26811594,0.02173913,0.537037,0.0,0.6172915859732111,0.0012892635562751866,1422.0,0.6225689687893504,0.0,0.001292557527295025,0.57384527,Staphylococcus aureus,species,
genome_131,3,markers + neural network,0.3188406,0.036231883,0.6481481,0.0,0.6693666708135816,-2.633489459884711e-10,679.0,0.674584136126323,0.0013205649093376223,0.001256578624325398,0.65914685,Wolbachia,genus,
genome_301,2,markers,0.13768116,0.036231883,0.37037036,0.0,0.5436494065633,0.010238907849829351,586.0,0.6077076308773502,0.0,0.0013099674413359608,0.42349288,Hyphomicrobiales,order,
genome_668,3,markers + neural network,0.3768116,0.057971016,0.5555556,0.0,0.6152447467083697,-3.0010729441547464e-10,715.0,0.6287300095542467,0.0,0.0010753032291099945,0.51267827,Treponema,genus,
genome_745,3,markers + neural network,0.5,0.08695652,1.0,0.0,1.0,0.001953125,512.0,1.0,0.0,0.0014661732877190533,0.76926637,Gammaproteobacteria,class,
genome_549,3,markers + neural network,0.48550725,0.057971016,0.9722222,0.0,0.89785687280908,-1.3589750695792856e-11,731.0,0.8869012533670912,0.0,0.0009925165131944764,0.6327782,Flavobacteriaceae,family,
genome_829,3,markers + neural network,0.5797101,0.0,0.2962963,0.018518519,0.6853666949635757,0.0010893246187363835,459.0,0.6926404272729525,0.0,0.001007972827013814,0.47671992,Halobacteria,class,
genome_209,3,markers + neural network,0.4710145,0.08695652,0.787037,0.009259259,0.7244258872651357,-1.244355840822351e-10,479.0,0.6922206791129872,0.0007177316656681726,0.001184788822657641,0.4621055,Chromatiales,order,
genome_240,2,markers,0.17391305,0.06521739,0.3611111,0.0,0.5722444397392761,0.0058997050147492625,1017.0,0.6177946680873887,0.009193197087534556,0.0012433683946630094,0.5442353,Campylobacter,genus,
genome_316,2,markers,0.4057971,0.028985508,0.7962963,0.0,0.5939357349206511,0.0013054828730949223,766.0,0.634047447993411,0.0,0.0012381372765393954,0.45302638,Rhodobacterales,order,
genome_349,3,markers + neural network,0.36231884,0.04347826,0.7407407,0.0,0.8416535334085558,-2.214510507640381e-10,637.0,0.8403509982758484,0.0,0.001134168108442044,0.5900477,Deinococcus,genus,
genome_143,3,markers + neural network,0.44927537,0.057971016,0.9722222,0.0,1.0,0.0013351134846461949,749.0,0.9990289572544508,0.0,0.001173423469843429,0.88905174,Wolbachia,genus,
genome_165,2,markers,0.11594203,0.0,0.3611111,0.009259259,0.5412251437305111,-4.3575237031608813e-10,922.0,0.6072304996044035,0.0,0.0009497596428254335,0.4983295,Prevotella,genus,
genome_643,3,markers + neural network,0.42753622,0.050724637,0.787037,0.018518519,0.7842808854221102,-1.4950997853358853e-10,598.0,0.7647089361904991,0.0,0.0011455163310391415,0.5466924,Cyanophyceae,class,
genome_631,3,markers + neural network,0.3188406,0.028985508,0.6296296,0.0,0.6870300751879699,0.0,266.0,0.6808268047485452,0.032448209965055555,0.0009062079366955572,0.5012117,Bacteria,superkingdom,
genome_520,3,markers + neural network,0.5072464,0.13768116,0.9351852,0.018518519,0.9070380839225842,0.018798716622500832,727.0,0.9281652437348527,0.0,0.0011106278456666427,0.49413186,Streptomyces,genus,
genome_179,3,markers + neural network,0.19565217,0.050724637,0.42592594,0.0,0.6340753552412302,0.0030257186081694403,661.0,0.6282701725925923,0.0,0.0012882659923602517,0.434953,Phyllobacteriaceae,family,
genome_890,3,markers + neural network,0.5,0.07971015,1.0,0.009259259,1.0,0.0,757.0,0.9973047394212398,0.0,0.0012431591112183095,0.6755654,Mycobacterium,genus,
genome_578,3,markers + neural network,0.49275362,0.07971015,0.9722222,0.0,0.9383402480983375,0.0012547051442910915,797.0,0.937689864933007,0.0,0.0011585213760296395,0.65907913,Xanthomonadaceae,family,
genome_399,3,markers + neural network,0.18115942,0.028985508,0.5092593,0.0,0.7401006301777475,-2.900225861109396e-10,596.0,0.7374571000064104,0.0,0.0011071014706911704,0.5368857,Propionibacteriaceae,family,
genome_82,3,markers + neural network,0.13043478,0.036231883,0.2777778,0.0,0.6348275279546801,0.0005924166378816722,1688.0,0.6295779399777826,0.0,0.001373831910212929,0.5191729,Klebsiella,genus,
genome_503,3,markers + neural network,0.4710145,0.050724637,0.9351852,0.0,0.8529254099196178,0.007300404000260068,1073.0,0.8394274890664604,0.0,0.0013547651873162102,0.6820075,Enterococcus faecium,species,
genome_629,3,markers + neural network,0.47826087,0.057971016,0.8055556,0.0,0.7159436980903668,0.008936206275466286,1949.0,0.7054393558070667,0.004263459889343291,0.0013852098741742205,0.58618236,Salmonella enterica,species,
genome_134,2,markers,0.44927537,0.036231883,0.6944444,0.018518519,0.5729341742209737,0.0018975332068311196,1054.0,0.6078515650204661,0.0,0.0011467627689263332,0.45883253,Shewanella,genus,
genome_249,3,markers + neural network,0.3478261,0.050724637,0.6574074,0.0,0.7305379939984672,-1.6976007097936635e-10,316.0,0.7197721800952839,0.0,0.0010805541584157884,0.514629,Bacteria,superkingdom,
genome_675,3,markers + neural network,0.4710145,0.057971016,0.9259259,0.009259259,0.8835018838505824,0.009122992899759918,1889.0,0.8730450930813022,0.0,0.0014698465708451664,0.70786554,Escherichia coli,species,
genome_114,2,markers,0.3768116,0.014492754,0.6851852,0.0,0.5878787647594105,-1.8062014106590142e-10,220.0,0.6162248120364703,0.11249198151691733,0.0012883460477195261,0.4416062,Pseudomonadota,phylum,
genome_879,3,markers + neural network,0.5072464,0.0942029,1.0,0.018518519,1.0,0.005555555555555556,1170.0,1.0,0.0,0.0012268174589506599,0.71310717,Pseudomonas,genus,
genome_617,3,markers + neural network,0.42028984,0.02173913,0.8240741,0.0,0.8256336797771701,0.0028694404591104736,697.0,0.8227417091330412,0.0,0.0010615405293803765,0.5611665,Colwelliaceae,family,
genome_27,2,markers,0.442029,0.08695652,0.7314815,0.018518519,0.5937179800180289,-1.2226594164461018e-10,650.0,0.624403347440538,0.0016862398365743436,0.0012041348242756778,0.4778051,Cyanophyceae,class,
genome_337,3,markers + neural network,0.26086956,0.014492754,0.5833333,0.009259259,0.6264150943396226,0.0,265.0,0.6424902837753339,0.0033885587535249714,0.0009058018032982605,0.46510756,Bacteria,superkingdom,
genome_946,3,markers + neural network,0.5072464,0.10144927,1.0,0.0,0.9992283950617284,0.004501028929227664,1296.0,0.999264050317636,0.0,0.001178446225227442,0.7889054,Stenotrophomonas,genus,
genome_69,2,markers,0.38405797,0.036231883,0.7777778,0.0,0.5969715854577851,-2.589341388477151e-10,855.0,0.6210638724924231,0.0,0.0012678671237753212,0.42223492,Pseudomonas,genus,
genome_963,3,markers + neural network,0.51449275,0.10869565,1.0,0.0,1.0,0.0,871.0,1.0,0.0,0.0010575950932675759,0.6607234,Streptomyces,genus,
genome_713,3,markers + neural network,0.39130434,0.014492754,0.7592593,0.0,0.75,0.005681818181818182,176.0,0.7518302988552441,0.024608426079483443,0.0010805154627449643,0.54686075,Bacteria,superkingdom,
genome_28,2,markers,0.2173913,0.036231883,0.5277778,0.027777778,0.5214118317691765,0.018796992481203006,1729.0,0.5873935686079942,0.018446061152335387,0.0014420931963787156,0.43249354,Salmonella,genus,
genome_95,2,markers,0.1521739,0.014492754,0.3425926,0.0,0.5381297235903533,-4.113502177484297e-11,483.0,0.6129251111212293,0.0,0.001011618769005986,0.3955762,Gammaproteobacteria,class,
genome_36,2,markers,0.13768116,0.007246377,0.21296297,0.009259259,0.3522727272727273,0.011363636363636364,176.0,0.5757276693537803,0.10085480369099153,0.0007603911760804927,0.3092447,Bacteria,superkingdom,
genome_984,3,markers + neural network,0.49275362,0.07971015,1.0,0.027777778,1.0,0.0011185682326621924,894.0,1.0,0.0,0.001342053642941705,0.82824075,Streptococcus dysgalactiae,species,
genome_784,3,markers + neural network,0.5,0.057971016,1.0,0.009259259,0.9991096866096866,0.002492877492877493,1404.0,0.9971275021908279,0.0017840625091928158,0.001296640714372331,0.9073413,Staphylococcus,genus,
genome_244,2,markers,0.42028984,0.028985508,0.7314815,0.0,0.577875211487291,0.00881285615508701,1286.0,0.6028516084606541,0.0,0.001206653461235717,0.4225963,Pseudomonas,genus,
genome_173,2,markers,0.3768116,0.072463766,0.6481481,0.018518519,0.5608210704465533,0.0015961688133781658,1253.0,0.598976406022929,0.0,0.0012686854685929104,0.5080553,Enterococcus faecalis,species,
genome_611,3,markers + neural network,0.44927537,0.050724637,0.8981481,0.009259259,0.8395673679031489,0.001526717375252993,655.0,0.8334457898267111,0.0,0.0010464837360010066,0.6789019,Flavobacteriales,order,
genome_847,3,markers + neural network,0.5289855,0.14492753,1.0,0.074074075,1.0,0.0,357.0,0.9911714030715556,0.0,0.0008991279495348244,0.5019596,Myxococcota,phylum,
genome_293,3,markers + neural network,0.442029,0.036231883,0.9351852,0.009259259,1.0,0.0,204.0,1.0,0.0,0.0010659785097965535,0.69078565,Bacteria,superkingdom,
genome_178,3,markers + neural network,0.28985506,0.028985508,0.6574074,0.0,0.6323378494300558,0.0012406944932771972,806.0,0.6284245504613941,0.0,0.0013062247115682723,0.5334156,Macrococcus,genus,
genome_989,3,markers + neural network,0.48550725,0.036231883,0.9074074,0.009259259,1.0,0.0,584.0,0.9978634507055715,0.0,0.0011333268625001484,0.8886922,Borrelia,genus,
genome_71,2,markers,0.13043478,0.036231883,0.2685185,0.0,0.3563519991361178,0.005244755244755245,572.0,0.5646716937225775,0.005732441964895925,0.0010990538635821717,0.29417565,Streptomyces,genus,
genome_259,3,markers + neural network,0.21014492,0.028985508,0.5,0.0,0.6629841613769532,0.0016666665673255921,600.0,0.6627444329931006,0.0,0.0012851232185893595,0.5132186,Ligilactobacillus,genus,
genome_392,3,markers + neural network,0.39130434,0.04347826,0.6759259,0.0,0.6924746818067622,0.0019017979811830638,1928.0,0.6950073189384889,0.0,0.0014087826225518776,0.58194,Salmonella enterica,species,
genome_91,2,markers,0.1521739,0.02173913,0.32407406,0.0,0.5196021827491554,0.0045045045045045045,1110.0,0.5817640970323823,0.0,0.0013330488716393396,0.42453083,Enterobacterales,order,
genome_190,3,markers + neural network,0.16666667,0.0942029,0.3888889,0.009259259,0.6289846830278913,0.00267022681013446,749.0,0.6098477469782507,0.0,0.0011636722747454238,0.42636487,Streptomyces,genus,
genome_217,2,markers,0.11594203,0.014492754,0.30555555,0.0,0.574052491906571,0.0013698628503982335,1460.0,0.607973663784473,0.0,0.0012500603769254046,0.4873442,Proteus,genus,
genome_510,3,markers + neural network,0.1594203,0.028985508,0.37962964,0.0,0.6128140703517588,0.0005025120835807455,995.0,0.6260900533605979,0.0,0.0009583788292621565,0.48337767,Flavobacterium,genus,
genome_272,2,markers,0.41304347,0.036231883,0.6851852,0.018518519,0.5203783940874247,0.012666164079584333,1329.0,0.5890098675549361,0.0,0.0012221873306277465,0.4086465,Bacillus,genus,
genome_973,3,markers + neural network,0.47826087,0.072463766,0.9814815,0.009259259,0.9933859075157387,0.009506472106118805,824.0,0.9973669623701118,0.0,0.001156791038384049,0.75320685,Fusobacterium,genus,
genome_263,3,markers + neural network,0.2826087,0.02173913,0.6296296,0.0,0.6450636617491954,0.0041753653444676405,1437.0,0.6437202898422505,0.0,0.001312970621413979,0.5774234,Staphylococcus aureus,species,
genome_845,3,markers + neural network,0.5,0.06521739,1.0,0.009259259,0.9985559566787003,0.00737063824484925,1385.0,1.0,0.008899194237034641,0.0012162295051061768,0.8279053,Acinetobacter baumannii,species,
genome_830,3,markers + neural network,0.45652175,0.0942029,0.9166667,0.018518519,0.8477778036127646,0.00579491065292762,945.0,0.8540287906284192,0.0,0.0012083755153659698,0.62093544,Mycobacterium,genus,
genome_304,3,markers + neural network,0.71014494,0.0,0.41666666,0.009259259,0.7758077707132831,-4.696977663652282e-11,423.0,0.7643127330408747,0.0,0.0011242612814531213,0.5347366,Halobacteria,class,
genome_558,3,markers + neural network,0.41304347,0.057971016,0.712963,0.0,0.8185929797944569,0.000992063373800308,1008.0,0.8088701507697407,0.0,0.0010888755271458723,0.6299998,Acinetobacter,genus,
genome_262,3,markers + neural network,0.44927537,0.036231883,0.8240741,0.0,0.6539431872738383,0.000888775544096335,1969.0,0.6470115823339104,0.0,0.0013472986073988166,0.54805666,Salmonella enterica,species,
genome_779,3,markers + neural network,0.46376812,0.057971016,0.9444444,0.0,1.0,0.0016051364365971107,623.0,1.0,0.0,0.001190059013166449,0.7833025,Helicobacter,genus,
genome_693,2,markers,0.36956522,0.014492754,0.6018519,0.018518519,0.596256307690169,-6.632838860202624e-10,1405.0,0.6169260305428836,0.002244762660595652,0.0012653798750809468,0.5864782,Staphylococcus,genus,
genome_118,2,markers,0.45652175,0.014492754,0.8425926,0.0,0.5766836791370438,-1.0962937330246005e-10,589.0,0.6058174774405422,0.0,0.0012418363594978376,0.41084588,Mycobacteriaceae,family,
genome_351,3,markers + neural network,0.42028984,0.04347826,0.8703704,0.0,0.7977178423236515,-1.236610887456237e-10,482.0,0.795118386685278,0.0,0.0009137725493043831,0.5167784,Flavobacteriales,order,
genome_621,3,markers + neural network,0.5072464,0.0942029,0.9722222,0.009259259,0.8236428965692935,0.005362318702366041,1150.0,0.8352506912591249,0.0,0.0012574204807906113,0.584094,Pseudomonas,genus,
genome_488,3,markers + neural network,0.442029,0.036231883,0.7685185,0.0,0.6861102523529695,0.0033350436121087736,1949.0,0.6799133951110388,0.0,0.0013804767784958922,0.57234955,Salmonella enterica,species,
genome_242,3,markers + neural network,0.22463769,0.02173913,0.5277778,0.0,0.6309249702541307,-2.4631366167649577e-10,696.0,0.621639329155723,0.0,0.001994161630989607,0.45863977,Alcaligenaceae,family,
genome_185,3,markers + neural network,0.42028984,0.06521739,0.8425926,0.0,0.8460077895990369,0.0016750417762066252,597.0,0.8556067136604536,0.0,0.0010791378452550996,0.6697136,Bifidobacterium,genus,
genome_469,3,markers + neural network,0.442029,0.057971016,0.787037,0.0,0.6824461986400463,0.0035185185185185185,1350.0,0.6753293702223726,0.0,0.0012647200685494933,0.5203047,Bacillus,genus,
genome_998,3,markers + neural network,0.5217391,0.0942029,1.0,0.0,0.9960792692345213,0.0026014568158168575,1922.0,0.9950110002996324,0.0,0.0013705258277467926,0.83779824,Klebsiella pneumoniae,species,
genome_199,3,markers + neural network,0.45652175,0.04347826,0.8888889,0.0,0.6773462003164918,0.009002432857986783,1370.0,0.671859556441167,0.00742335420279993,0.0013351611111394224,0.5694211,Vibrio,genus,
genome_992,3,markers + neural network,0.51449275,0.08695652,1.0,0.0,1.0,0.004730473257134063,606.0,0.9984411835231632,0.0,0.0010004606382695228,0.56543946,Streptomyces,genus,
genome_50,2,markers,0.4057971,0.04347826,0.6481481,0.009259259,0.5830155776488823,0.0035587188612099642,562.0,0.6261143055347862,0.0,0.0010511099624326795,0.45114067,Flavobacteriales,order,
genome_766,3,markers + neural network,0.49275362,0.13768116,0.8981481,0.009259259,0.8722212438272768,0.009047044632086852,829.0,0.8799259541768484,0.0,0.0011571426032834806,0.58340824,Streptomyces,genus,
genome_63,2,markers,0.1884058,0.014492754,0.3611111,0.018518519,0.4554356636760904,0.004796163069544364,417.0,0.5959989589424338,0.023378322343722342,0.0008611436432042988,0.34387282,Bacteroidota,phylum,
genome_749,3,markers + neural network,0.5072464,0.07971015,0.8888889,0.009259259,0.8840846415585691,0.00139762378921882,1431.0,0.8819512889236212,0.0,0.0013422863625887778,0.6862214,Serratia,genus,
genome_367,3,markers + neural network,0.4347826,0.04347826,0.8240741,0.009259259,0.648586086871385,-4.903210291369554e-10,778.0,0.6427425873785744,0.0,0.0013472396960919103,0.5427999,Listeria,genus,
genome_324,3,markers + neural network,0.42028984,0.028985508,0.7407407,0.0,0.6273516084473021,0.0007468257669729471,1339.0,0.6200638278156819,0.0,0.0013094668388585514,0.51633143,Bacillus,genus,
genome_198,3,markers + neural network,0.46376812,0.06521739,0.7777778,0.009259259,0.6888986389493682,0.005919854497648979,732.0,0.6927145565817172,0.007803080111853419,0.0010477032872253783,0.5018187,Neisseriaceae,family,
genome_382,3,markers + neural network,0.24637681,0.02173913,0.5555556,0.0,0.7029879284307423,0.0014064695513198145,948.0,0.6950344231924159,0.0,0.001267613227687426,0.5842189,Lactococcus lactis,species,
genome_926,3,markers + neural network,0.5,0.07971015,1.0,0.0,1.0,0.0020781379883624274,1203.0,1.0,0.0,0.0013017251343060245,0.75974005,Agrobacterium,genus,
genome_780,2,markers,0.3043478,0.014492754,0.5092593,0.0,0.5820251115501073,0.0020441535254140807,1223.0,0.6119274710338164,0.0,0.0012571216775021225,0.49894482,Yersinia,genus,
genome_570,3,markers + neural network,0.19565217,0.028985508,0.5,0.0,0.6576576851509713,-2.6848939888174534e-11,370.0,0.6463714387628801,0.0,0.0010576873654332692,0.42937985,Actinomycetes,class,
genome_456,3,markers + neural network,0.45652175,0.036231883,0.8055556,0.0,0.8202400269953202,0.004091653027823241,611.0,0.7994609026568397,0.010331541755810338,0.0011457596333569174,0.74798983,Borreliaceae,family,
genome_255,3,markers + neural network,0.23188406,0.02173913,0.6296296,0.0,0.7288263025418134,-2.96624051143098e-10,710.0,0.7167334806797632,0.0,0.0012258248601200352,0.7109787,Wolbachia,genus,
genome_295,3,markers + neural network,0.38405797,0.0,0.75,0.0,0.6151157305899188,0.016617429837518464,677.0,0.6240973178475512,0.022338195418799466,0.001190577430053576,0.5571392,Helicobacter,genus,
genome_854,3,markers + neural network,0.47826087,0.0942029,1.0,0.0,1.0,0.0,810.0,1.0,0.0,0.001270919491823319,0.81098074,Campylobacter,genus,
genome_260,3,markers + neural network,0.9492754,0.0,0.5092593,0.018518519,1.0,0.0,254.0,0.9864835951027507,0.0,0.0009388392030298321,0.5752384,Archaea,superkingdom,
genome_525,3,markers + neural network,0.4710145,0.036231883,0.8888889,0.009259259,0.7758308179450758,0.0010822509102319054,1386.0,0.7719451026389519,0.0,0.001350720677457101,0.64052844,Bacillus,genus,
genome_697,3,markers + neural network,0.44927537,0.036231883,0.8425926,0.0,0.8432646151551715,-2.2660817752987617e-10,1159.0,0.8353920088141787,0.0,0.0012970370082715235,0.6679374,Geobacillus,genus,
genome_987,3,markers + neural network,0.5072464,0.0942029,1.0,0.0,1.0,0.0011743981209630064,1703.0,1.0,0.0,0.0013554306987835184,0.8098143,Enterobacter hormaechei,species,
genome_473,3,markers + neural network,0.24637681,0.028985508,0.5648148,0.009259259,0.6398187348078134,0.002238388226962183,1787.0,0.6358483121311711,0.0,0.0014120771126390915,0.53723186,Escherichia coli,species,
genome_538,3,markers + neural network,0.46376812,0.057971016,0.8148148,0.0,0.7357925130921413,0.0021905802426959702,913.0,0.7264561029184502,0.0,0.001260382759374192,0.51407933,Pseudomonas,genus,
genome_127,2,markers,0.33333334,0.02173913,0.5185185,0.0,0.48016307461310537,-1.252654078691484e-10,733.0,0.5930865436080454,0.010735823234676832,0.002047077990693528,0.40001684,Alcaligenaceae,family,
genome_481,3,markers + neural network,0.8043478,0.014492754,0.44444445,0.027777778,0.8144796380090498,0.014705882352941176,221.0,0.7909155962305583,0.028964061164498366,0.00098188909022342,0.5064957,Archaea,superkingdom,
genome_226,2,markers,0.36956522,0.072463766,0.6388889,0.037037037,0.47172699399645285,-1.701803687138233e-10,718.0,0.5951452497529863,0.004768247432385582,0.001204198635537919,0.4519764,Corynebacterium,genus,
genome_677,2,markers,0.13768116,0.007246377,0.30555555,0.0,0.47662386189691514,-2.765383335124153e-10,467.0,0.607510777140296,0.0,0.00116037117019941,0.43562225,Thermotogae,class,
genome_645,3,markers + neural network,0.2753623,0.028985508,0.6296296,0.009259259,0.8172665475879659,0.0012853468904764915,778.0,0.8084857475301925,0.021495600673664267,0.0013341967309786198,0.66520727,Listeria,genus,
genome_430,3,markers + neural network,0.4057971,0.036231883,0.6759259,0.0,0.7122922509007052,0.003270645952575634,1223.0,0.71022170862169,0.0,0.0012880595336792046,0.56141055,Yersinia,genus,
genome_895,3,markers + neural network,0.51449275,0.123188406,1.0,0.018518519,0.9966666085379464,0.035,700.0,0.9989948001121833,0.0,0.0010895156698408628,0.5291516,Streptomyces,genus,
genome_325,2,markers,0.38405797,0.028985508,0.75,0.009259259,0.5603186646433991,0.0003034898923633674,659.0,0.6030202907435983,0.0,0.0010346529257895757,0.43489975,Cellulomonas,genus,
genome_433,3,markers + neural network,0.45652175,0.050724637,0.8981481,0.0,0.7733059373012808,-3.976943219186069e-10,1376.0,0.764418536702016,0.0,0.001363091462796497,0.5983889,Bacillus,genus,
genome_714,3,markers + neural network,0.42753622,0.057971016,0.7592593,0.018518519,0.8314108479373977,0.0017720826189546574,1834.0,0.8248142271122818,0.0,0.0014557108982217468,0.66662157,Escherichia coli,species,
genome_80,2,markers,0.4710145,0.0,0.30555555,0.018518519,0.5568394176903347,-1.201533597838571e-10,463.0,0.6151636658554602,0.0,0.001023882969849427,0.42504495,Halobacteria,class,
genome_24,3,markers + neural network,0.442029,0.04347826,0.8055556,0.0,0.6422413793103449,0.006896551724137931,580.0,0.6362385264420112,0.005909888580097687,0.0010512874424997052,0.4637392,Flavobacteriaceae,family,
genome_587,3,markers + neural network,0.23188406,0.014492754,0.6111111,0.0,0.7268764682583042,-1.6950506763548023e-10,715.0,0.7218921856392007,0.0,0.0011930857503909297,0.69928724,Wolbachia,genus,
genome_958,3,markers + neural network,0.5217391,0.07971015,0.9351852,0.009259259,1.0,0.0,344.0,0.9929741676682233,0.0,0.0009667407578926147,0.5849659,Spirochaetales,order,
genome_319,2,markers,0.35507247,0.050724637,0.6111111,0.009259259,0.5366684982261942,0.018610421836228287,806.0,0.6015144995339076,0.0,0.001049863012572495,0.3784354,Streptomyces,genus,
genome_472,3,markers + neural network,0.4710145,0.06521739,0.8240741,0.009259259,0.8256014007882974,0.0025773194340086474,388.0,0.8035778566559202,0.0,0.0009811470611266271,0.49614024,Treponema,genus,
genome_511,3,markers + neural network,0.20289855,0.057971016,0.44444445,0.0,0.6743235602223201,0.005440158023324848,1348.0,0.6672438810170658,0.0,0.0011742329512473412,0.5241626,Ralstonia,genus,
genome_702,3,markers + neural network,0.5072464,0.1884058,0.9814815,0.055555556,0.9768826811020557,0.0033222591362126247,602.0,0.9847582023107715,0.0,0.0011311790614640933,0.53182244,Amycolatopsis,genus,
genome_205,3,markers + neural network,0.4347826,0.028985508,0.75,0.0,0.7121212121212122,0.011019283746556474,363.0,0.6921334033318105,0.0,0.0011050199538807644,0.4422038,Micrococcales,order,
genome_663,3,markers + neural network,0.82608694,0.0,0.49074075,0.027777778,0.8371076370033983,-1.870997945513201e-10,446.0,0.8389581324016957,0.0,0.0008927670263054117,0.6253151,Methanobacteriaceae,family,
genome_421,3,markers + neural network,0.39130434,0.072463766,0.7314815,0.0,0.7519230769230769,0.009615384615384616,520.0,0.7277767602071636,0.0,0.0008860802535543933,0.48506808,Acidobacteriaceae,family,
genome_299,3,markers + neural network,0.44927537,0.028985508,0.7962963,0.009259259,0.6944952873029793,0.0010932944606413995,1372.0,0.6809123803420394,0.0,0.0011762630124095748,0.58426917,Acinetobacter baumannii,species,
genome_588,3,markers + neural network,0.45652175,0.072463766,0.9074074,0.009259259,0.8327674004502822,0.0026560424966799467,753.0,0.8276491095903125,0.0,0.002041273456792384,0.5610187,Alcaligenaceae,family,
genome_741,3,markers + neural network,0.24637681,0.057971016,0.5,0.0,0.6436016448880127,0.006191950464396285,646.0,0.6562580000911402,0.0,0.0012516123922610364,0.5192425,Fusobacterium,genus,
genome_470,3,markers + neural network,0.442029,0.072463766,0.8148148,0.0,0.7383077274259382,0.0011820330264720512,846.0,0.7321526425218884,0.0,0.0012788067286815226,0.50733894,Pseudomonas,genus,
genome_487,3,markers + neural network,0.47826087,0.04347826,0.8425926,0.0,0.7966571661350906,0.001422475106685633,703.0,0.7972516348304054,0.0,0.0010926032085300367,0.6374701,Leptotrichia,genus,
genome_995,3,markers + neural network,0.49275362,0.057971016,1.0,0.0,1.0,0.0021166509877704608,1063.0,0.9989140176446986,0.015848095491164914,0.0012910814318868296,0.8506776,Pasteurella,genus,
genome_0,3,markers + neural network,0.35507247,0.028985508,0.7407407,0.009259259,0.6454622258513266,0.02575488454706927,563.0,0.6447427176083844,0.0,0.0010220832596607372,0.38976872,Mycobacteriales,order,
genome_372,2,markers,0.39130434,0.14492753,0.8425926,0.1388889,0.907185628742515,0.32135727020080934,167.0,0.9356379400340429,0.20499992708282122,0.0016859859742516497,0.37450245,Bacteria,superkingdom,
genome_137,3,markers + neural network,0.39130434,0.06521739,0.6944444,0.0,0.6001952886581421,0.0013020832557231188,768.0,0.6186012380864181,0.0,0.0010862553375674976,0.4355727,Bacteroides,genus,
genome_825,3,markers + neural network,0.4347826,0.057971016,0.8148148,0.0,0.8452643503924344,0.0009435578467486387,1943.0,0.8272255274928637,0.0,0.0013813354035372137,0.7000458,Salmonella enterica,species,
genome_370,3,markers + neural network,0.4347826,0.04347826,0.787037,0.0,0.7236884675202546,0.0011111104046856916,1350.0,0.707025763077481,0.0,0.001186972058055919,0.5842924,Acinetobacter baumannii,species,
genome_943,3,markers + neural network,1.0,0.02173913,0.5277778,0.027777778,1.0,0.0172526054084301,512.0,0.9980898394273577,0.0,0.001133830756558661,0.61049074,Methanosarcinaceae,family,
genome_261,3,markers + neural network,0.28985506,0.04347826,0.6203704,0.009259259,0.722314658285189,0.002100839584815402,1904.0,0.7135824401832609,0.0,0.001452460868398533,0.59094673,Escherichia coli,species,
genome_463,3,markers + neural network,0.45652175,0.07971015,0.7314815,0.0,0.6378231820136112,0.0018814675446848542,1063.0,0.6417212115765675,0.0,0.0012574769507533168,0.46339414,Rhizobium,genus,
genome_964,3,markers + neural network,0.5072464,0.06521739,1.0,0.009259259,1.0,0.007555095561613168,1959.0,1.0,0.006473504154807373,0.001397575974770386,0.8062777,Escherichia coli,species,
genome_344,3,markers + neural network,0.57246375,0.0,0.28703704,0.018518519,0.6456140618575247,0.005263157894736842,190.0,0.6451799741618,0.020308097062113124,0.0009302193806722134,0.4213786,Archaea,superkingdom,
genome_604,3,markers + neural network,0.42753622,0.036231883,0.787037,0.018518519,0.709070796460177,0.0,452.0,0.6816728151523364,0.0,0.0011835020457066562,0.45999765,Actinomycetes,class,
genome_377,3,markers + neural network,0.48550725,0.07971015,1.0,0.009259259,1.0,0.0028011204481792717,714.0,1.0,0.00968955415525851,0.001271445921961237,0.78314716,Leuconostoc,genus,
genome_227,3,markers + neural network,0.47826087,0.036231883,0.8981481,0.009259259,0.7170302221860738,0.007510933274890923,1753.0,0.6984507802015938,0.015258684419574668,0.0015017442024053051,0.5837685,Escherichia coli,species,
genome_265,3,markers + neural network,0.14492753,0.02173913,0.4814815,0.009259259,0.6130180951844842,0.004425733818291383,772.0,0.6106749388347571,0.0,0.0012616565938737409,0.43836802,Burkholderiaceae,family,
genome_68,2,markers,0.38405797,0.014492754,0.5462963,0.0,0.5113260841960139,0.0007739935312477797,646.0,0.5943362055599228,0.0,0.0012711675313160234,0.38513702,Mycobacteriaceae,family,
genome_48,2,markers,0.36231884,0.028985508,0.6203704,0.0,0.5284313642954488,0.002028397565922921,493.0,0.6106265557096442,0.0,0.001124141482271201,0.41203442,Microbacteriaceae,family,
genome_79,3,markers + neural network,0.42028984,0.014492754,0.7592593,0.0,0.6906693711967545,-6.045095819005134e-11,493.0,0.6621155584399416,0.0,0.0012690384901284837,0.46717343,Gammaproteobacteria,class,
genome_649,3,markers + neural network,0.4347826,0.036231883,0.8425926,0.0,0.7727980875456817,0.003977724646611544,838.0,0.7605315363430191,0.0,0.001145348025502738,0.64677554,Fusobacterium,genus,
genome_684,3,markers + neural network,0.46376812,0.04347826,0.8611111,0.009259259,0.7557238150334012,0.0009057971014492754,1104.0,0.7610008671321794,0.0,0.0011626590750879785,0.5637667,Sphingobium,genus,
genome_979,3,markers + neural network,0.5,0.057971016,1.0,0.0,0.9970547682034498,0.003984754149978225,962.0,0.9969945522386501,0.0,0.0012421558815939374,0.7562016,Acinetobacter,genus,
genome_836,3,markers + neural network,0.46376812,0.057971016,0.9814815,0.009259259,1.0,0.007407407407407408,675.0,0.9974416415517755,0.011810981421704295,0.0011926517264595556,0.8152643,Helicobacter,genus,
genome_313,2,markers,0.23913044,0.072463766,0.4814815,0.0,0.5636870078815692,0.005893909626719057,509.0,0.6307607403532711,0.0,0.0011401637813516687,0.4107667,Gammaproteobacteria,class,
genome_279,2,markers,0.26811594,0.007246377,0.5092593,0.009259259,0.592407679153701,0.0010593216550552238,944.0,0.6152531877116038,0.0071295015411588294,0.001175583301235635,0.52236354,Staphylococcus,genus,
genome_556,3,markers + neural network,0.36231884,0.04347826,0.6851852,0.018518519,0.7779258352811219,0.008879781420765027,732.0,0.771619363728651,0.0,0.0013996572566053796,0.6482433,Francisella,genus,
genome_458,3,markers + neural network,0.4710145,0.036231883,0.8703704,0.027777778,0.7787694261356356,0.008764736228328922,1951.0,0.7667918150268496,0.0,0.0014947140974619535,0.63715297,Escherichia coli,species,
genome_550,3,markers + neural network,0.44927537,0.072463766,0.962963,0.0,0.8230127180081757,-6.10633868982066e-11,753.0,0.8212457252567109,0.0,0.0020135396213417614,0.5644089,Alcaligenaceae,family,
genome_994,3,markers + neural network,0.51449275,0.072463766,0.9814815,0.009259259,0.9977246871444824,0.003981797497155859,879.0,0.9998719867807402,0.0,0.0013488958235792765,0.7778625,Thermus,genus,
genome_229,3,markers + neural network,0.41304347,0.02173913,0.8240741,0.0,0.6746762028753047,0.004333694474539545,923.0,0.6592099623170079,0.0,0.0012134079533003877,0.51561177,Lactiplantibacillus,genus,
genome_387,3,markers + neural network,0.41304347,0.050724637,0.7592593,0.0,0.681814001133233,0.006321544344152688,1951.0,0.6761310128909562,0.0,0.0014133572699487826,0.5661647,Salmonella enterica,species,
genome_5,3,markers + neural network,0.23913044,0.02173913,0.6296296,0.009259259,0.6417910903247435,0.008955223880597015,335.0,0.6376916667351319,0.04670853334263777,0.0011278761141839148,0.47022638,Pseudomonadota,phylum,
genome_396,3,markers + neural network,0.38405797,0.036231883,0.7037037,0.009259259,0.6093127300284501,0.0038535645472061657,519.0,0.6370410431746694,0.0,0.0012706817996840736,0.49160767,Lactobacillaceae,family,
genome_274,3,markers + neural network,0.44927537,0.04347826,0.9166667,0.0,0.7738780207134638,-2.4006472094707996e-10,869.0,0.7551255216565141,0.0,0.0010198872722728342,0.49944538,Streptomyces,genus,
genome_521,3,markers + neural network,0.5,0.072463766,0.9722222,0.009259259,0.8681459350139448,0.0032918800292611556,1367.0,0.8655722590525088,0.0,0.0012270200200106848,0.6421411,Vibrio,genus,
genome_147,2,markers,0.36231884,0.028985508,0.6296296,0.009259259,0.5278066689224338,0.0009247840700255369,1622.0,0.5897786743118185,0.0,0.00142113922223653,0.44007048,Enterobacteriaceae,family,
genome_687,3,markers + neural network,0.46376812,0.06521739,0.9907407,0.0,0.896577399117606,0.0017857142857142857,560.0,0.8911349690308532,0.0,0.0011670844805539789,0.657119,Actinomycetaceae,family,
genome_564,3,markers + neural network,0.42028984,0.036231883,0.8333333,0.018518519,0.743329541015625,0.001599999713897705,625.0,0.7421335079251137,0.0,0.0009762041769623938,0.54507935,Flavobacteriaceae,family,
genome_479,3,markers + neural network,0.47826087,0.06521739,0.8518519,0.009259259,0.7066908847080188,0.0031601123595505617,1424.0,0.7032767326996112,0.0,0.001297602556008652,0.5692908,Aeromonas,genus,
genome_909,3,markers + neural network,0.5072464,0.072463766,1.0,0.018518519,1.0,0.003907622225794576,1898.0,1.0,0.0,0.0014502880152204634,0.81423473,Escherichia coli,species,
genome_787,3,markers + neural network,0.5,0.050724637,1.0,0.0,0.9911054637865311,0.007200338637510733,787.0,1.0,0.0,0.0011222376068742966,0.6673329,Neisseriaceae,family,
genome_33,3,markers + neural network,0.46376812,0.072463766,0.8981481,0.0,0.9683544303797469,0.0,395.0,0.9519255271697631,0.04202977806825942,0.0011009329955935607,0.59131277,Spirochaetales,order,
genome_761,3,markers + neural network,0.47826087,0.072463766,0.9814815,0.0,1.0,0.00822612082051952,855.0,1.0,0.0,0.0011819044002656248,0.7945155,Fusobacterium,genus,
genome_792,3,markers + neural network,0.5,0.06521739,0.9074074,0.0,0.8310575309048694,0.0036144578313253013,1245.0,0.8227497187243601,0.0,0.001284378485788724,0.6356206,Yersinia,genus,
genome_988,3,markers + neural network,0.5,0.08695652,1.0,0.074074075,1.0,0.09265971572410968,1411.0,1.0,0.08639362472300599,0.001482672168142146,0.7176066,Bacillus,genus,
genome_884,3,markers + neural network,0.5217391,0.0942029,1.0,0.0,0.997027505324857,0.0004769337599036845,1922.0,0.9977955563945252,0.0,0.0013718626566159625,0.8439925,Klebsiella pneumoniae,species,
genome_248,3,markers + neural network,0.45652175,0.050724637,0.8796296,0.0,0.6204991977286274,0.0034059945504087193,734.0,0.6293279499607646,0.0,0.0012596677970984733,0.42642397,Pseudomonas,genus,
genome_632,3,markers + neural network,0.442029,0.050724637,0.8611111,0.0,0.8199710211084479,0.0010853834159122362,691.0,0.8095229803491192,0.0,0.0012402978193681562,0.5554688,Mycobacteriaceae,family,
genome_939,3,markers + neural network,0.5,0.072463766,1.0,0.009259259,1.0,0.0,743.0,1.0,0.0,0.0009649155897401279,0.694418,Flavobacteriaceae,family,
genome_676,2,markers,0.2753623,0.0,0.5277778,0.0,0.5335981929460777,-5.019393139740332e-10,827.0,0.6026674521079293,0.0,0.0012457632093295272,0.49632555,Macrococcus,genus,
genome_93,3,markers + neural network,0.38405797,0.02173913,0.75,0.0,0.7044103953463972,0.006887052341597796,726.0,0.7095185036395213,0.0,0.0013452602103056178,0.58001506,Lactobacillus delbrueckii,species,
genome_873,3,markers + neural network,0.5217391,0.08695652,1.0,0.0,0.9992496998799519,0.008963585472335908,1666.0,1.0,0.0,0.0013614296158641697,0.78559613,Klebsiella,genus,
genome_674,3,markers + neural network,0.23188406,0.02173913,0.6296296,0.0,0.9160435756790304,-3.7136850880728374e-11,642.0,0.9172124393281604,0.0,0.0011257495502852248,0.6519768,Microbacterium,genus,
genome_435,3,markers + neural network,0.47826087,0.036231883,0.8796296,0.0,0.6963091134711727,0.0013140602118082334,1522.0,0.6895040535109536,0.0,0.001134938440750418,0.57773733,Xanthomonas,genus,
genome_640,3,markers + neural network,0.47826087,0.06521739,0.8888889,0.037037037,0.8048884675630449,0.013075965130759652,803.0,0.7956998861650204,0.0,0.001093212593354922,0.531726,Oxalobacteraceae,family,
genome_186,3,markers + neural network,0.8043478,0.007246377,0.41666666,0.018518519,0.7892315852177607,-1.2901438647564386e-10,308.0,0.7795379357344303,0.0,0.0010098427337465576,0.52343434,Thermoprotei,class,
genome_999,3,markers + neural network,0.51449275,0.14492753,1.0,0.037037037,0.996045197740113,0.06494036313504149,885.0,1.0,0.011073192664557065,0.0011504685839232884,0.5816417,Streptomyces,genus,
genome_122,2,markers,0.36231884,0.050724637,0.5740741,0.0,0.5155090287834903,0.002172338884866039,1381.0,0.5770824830566168,0.0,0.0013145903178039121,0.43370336,Bacillus,genus,
genome_130,2,markers,0.1521739,0.028985508,0.39814815,0.0,0.5644189672532425,-4.760673017747001e-10,1224.0,0.6038159256882026,0.0,0.001157366121488478,0.4864552,Xanthomonas,genus,
genome_394,3,markers + neural network,0.44927537,0.0942029,0.787037,0.018518519,0.6023540604585982,0.005649717514124294,531.0,0.6243362364708854,0.0241258989021328,0.001035538783655777,0.53903216,Lactobacillaceae,family,
genome_978,3,markers + neural network,0.5072464,0.072463766,1.0,0.018518519,0.9999231725305944,0.002151694459386767,1859.0,1.0,0.0,0.001454628198475443,0.8056638,Escherichia coli,species,
genome_153,2,markers,0.14492753,0.036231883,0.37962964,0.0,0.5787722540239916,0.0029550824604981335,846.0,0.6010614594604238,0.0,0.0012511296270272883,0.41062793,Pseudomonadaceae,family,
genome_70,2,markers,0.11594203,0.014492754,0.2777778,0.0,0.47755101118138227,-1.5543161192767727e-10,567.0,0.5881530368952991,0.0,0.001119038544556931,0.36893314,Hyphomicrobiales,order,
genome_732,3,markers + neural network,0.44927537,0.028985508,0.75,0.009259259,0.617545938670412,0.001070090319907493,1869.0,0.6145435286694229,0.0,0.0014368221999831823,0.52218044,Escherichia coli,species,
genome_461,3,markers + neural network,0.442029,0.036231883,0.9351852,0.018518519,1.0,0.00980392156862745,204.0,1.0,0.0,0.0010674485396621252,0.66977304,Bacteria,superkingdom,
genome_86,2,markers,0.10869565,0.007246377,0.2037037,0.0,0.4229461056503219,-1.873193935717004e-10,597.0,0.6066380187302121,0.02457069222235455,0.0011456999035428614,0.37327394,Betaproteobacteria,class,
genome_331,3,markers + neural network,0.5072464,0.072463766,0.9907407,0.009259259,1.0,0.0,689.0,1.0,0.0,0.0010773070855016836,0.6765715,Deinococcus,genus,
genome_357,3,markers + neural network,0.4057971,0.04347826,0.7222222,0.0,0.6661096925459354,0.0016703783536541434,1796.0,0.6583507564015065,0.0010193908229699442,0.001378566045915733,0.53895897,Klebsiella,genus,
genome_500,3,markers + neural network,0.5507246,0.014492754,0.2777778,0.018518519,0.6169871794871795,-6.368017604208401e-11,468.0,0.6275375734359838,0.0,0.0012156229955847795,0.4812085,Methanomicrobia,class,
genome_573,3,markers + neural network,0.48550725,0.06521739,0.9259259,0.0,0.8823032571811869,0.010461760461760462,1386.0,0.8735650468813922,0.0,0.001279975695652,0.6994881,Bacillus,genus,
genome_957,3,markers + neural network,0.5,0.050724637,1.0,0.0,0.9996530187369882,0.0010244209347790435,1441.0,0.9975357915075005,0.005700371193873177,0.0013006979460609706,0.92114156,Staphylococcus aureus,species,
genome_571,3,markers + neural network,0.38405797,0.057971016,0.7407407,0.018518519,0.7861009403557441,0.002889468837967118,1915.0,0.7758674423713813,0.009497741945241521,0.0014105427850929415,0.6529735,Escherichia coli,species,
genome_567,3,markers + neural network,0.36956522,0.10144927,0.6388889,0.009259259,0.7228745062824203,0.0006747637321109231,494.0,0.732680274087866,0.0,0.0011220097638876922,0.49484253,Desulfovibrionaceae,family,
genome_765,3,markers + neural network,0.49275362,0.08695652,0.9722222,0.009259259,0.9042562591478482,0.004536238319972426,1644.0,0.8985446683943856,0.0,0.0013266884789624848,0.6902176,Klebsiella,genus,
genome_203,3,markers + neural network,0.19565217,0.014492754,0.4722222,0.018518519,0.651685393258427,-1.1161918497264162e-10,534.0,0.6444875158028439,0.0,0.001010424963210963,0.47552237,Microbacteriaceae,family,
genome_642,3,markers + neural network,0.46376812,0.07971015,0.9074074,0.0,0.8503688367777689,-1.4209754784129618e-10,781.0,0.8550526384759636,0.0,0.0013337866800989093,0.56997484,Alcaligenaceae,family,
genome_843,3,markers + neural network,0.5,0.06521739,1.0,0.0,0.9992138364779874,0.007458475400816719,1272.0,1.0,0.000895445726890827,0.0011942986406514391,0.7790523,Acinetobacter,genus,
genome_788,3,markers + neural network,0.24637681,0.057971016,0.5185185,0.0,0.7326034615644045,0.008676146298510705,1969.0,0.7302449904258353,0.0,0.0013665348288489248,0.61271083,Salmonella enterica,species,
genome_922,3,markers + neural network,0.51449275,0.11594203,1.0,0.018518519,1.0,0.0,679.0,1.0,0.0,0.0011161993399014115,0.57401127,Streptomyces,genus,
genome_806,3,markers + neural network,0.1594203,0.028985508,0.4537037,0.0,0.6407641962107726,0.007032348804500703,711.0,0.6359725664872389,0.0,0.0011302941544660246,0.43831795,Streptomyces,genus,
genome_938,3,markers + neural network,0.5072464,0.06521739,1.0,0.027777778,1.0,0.03193473015631829,715.0,1.0,0.027727411393162416,0.0011708103459963728,0.6504053,Comamonadaceae,family,
genome_448,3,markers + neural network,0.42753622,0.028985508,0.75,0.0,0.7571783564964274,0.005509641873278237,726.0,0.7590887332903704,0.0,0.0013957008709821522,0.60426205,Lactobacillus delbrueckii,species,
genome_815,3,markers + neural network,0.23913044,0.07971015,0.6296296,0.009259259,0.8892219521512464,0.0052732502396931925,1043.0,0.8786527165906056,0.0,0.0011720142333274935,0.71564424,Lactiplantibacillus plantarum,species,
genome_555,3,markers + neural network,0.42028984,0.050724637,0.8703704,0.009259259,0.7732298381127004,0.013605443103667946,686.0,0.7652355181863262,0.0,0.0009526859996222107,0.5169355,Sphingobacterium,genus,
genome_271,3,markers + neural network,0.8333333,0.007246377,0.5092593,0.027777778,0.7500738917856153,-1.9383624737328946e-10,451.0,0.7453738690544538,0.0,0.0009666491452726771,0.5094304,Halobacteria,class,
genome_210,2,markers,0.26086956,0.02173913,0.5462963,0.009259259,0.5425963488843814,0.0,493.0,0.6097167322218424,0.0,0.0010286215189624925,0.37554178,Streptomyces,genus,
genome_871,3,markers + neural network,0.5,0.050724637,1.0,0.0,1.0,0.0016629711751662971,902.0,1.0,0.004254781006092868,0.0012288241279020996,0.78071326,Staphylococcus,genus,
genome_366,3,markers + neural network,0.2536232,0.057971016,0.49074075,0.0,0.7036583487736858,0.003005297376357547,1636.0,0.7013485064821111,0.0022534257439352293,0.001358789021447873,0.55216485,Enterobacter,genus,
genome_799,3,markers + neural network,0.48550725,0.06521739,1.0,0.0,0.9995083579154376,0.005974621899360049,1017.0,1.0,0.0,0.001272364030045649,0.82893586,Lactococcus lactis,species,
genome_486,3,markers + neural network,0.45652175,0.028985508,0.8240741,0.027777778,0.743627693117127,0.02108527190925539,1290.0,0.7234524014963599,0.002106662263005557,0.0012053728131102928,0.5704239,Ralstonia,genus,
genome_197,3,markers + neural network,0.24637681,0.07971015,0.5648148,0.027777778,0.6551987767584098,0.020387360809046195,327.0,0.6544948541571809,0.012243814937262093,0.0011246805280543375,0.3982002,Eubacteriales,order,
genome_696,3,markers + neural network,0.49275362,0.10144927,0.8981481,0.0,0.8353457613257063,0.018188854489164085,646.0,0.8228493600254452,0.0,0.001166712007065962,0.51999557,Desulfovibrionaceae,family,
genome_238,3,markers + neural network,0.48550725,0.050724637,0.8518519,0.0,0.7121369225077213,0.0013726834327943862,1457.0,0.70218079029263,0.0,0.0013272789786402139,0.54530245,Serratia,genus,
genome_402,3,markers + neural network,0.19565217,0.036231883,0.4722222,0.0,0.7028208493570333,0.007751937984496124,774.0,0.7006205341642346,0.0,0.0010957829845321325,0.48906767,Micromonospora,genus,
genome_374,3,markers + neural network,0.442029,0.050724637,0.787037,0.0,0.760901169788671,0.00979183733022497,1217.0,0.75670653909655,0.0012393422497937248,0.001395142684542984,0.5456788,Enterobacteriaceae,family,
genome_647,3,markers + neural network,0.4710145,0.072463766,0.8888889,0.009259259,0.8394270531925154,0.005413105231970691,1053.0,0.8446001232952253,0.0,0.0012939647974993275,0.568026,Enterobacterales,order,
genome_962,3,markers + neural network,0.49275362,0.07971015,1.0,0.009259259,1.0,0.0,1020.0,1.0,0.0,0.001172710646260275,0.7363279,Bacillales,order,
genome_767,3,markers + neural network,0.4710145,0.072463766,0.8888889,0.0,0.804424778761062,-1.5824243233365185e-10,565.0,0.793007502196045,0.0,0.0008864195260012543,0.49621612,Chitinophagaceae,family,
genome_167,3,markers + neural network,0.4710145,0.050724637,0.8796296,0.0,0.7331717243267846,0.006402048655569782,781.0,0.7220604911556436,0.0,0.001383242823203943,0.58088183,Pediococcus,genus,
genome_31,2,markers,0.17391305,0.014492754,0.4722222,0.009259259,0.5795040956773776,0.0018832390591249628,531.0,0.6095785455769883,0.0031827310606327708,0.0012286867315480176,0.41842625,Mycobacteriales,order,
genome_912,3,markers + neural network,0.5,0.10869565,0.9814815,0.009259259,0.993801652892562,0.01818181818181818,605.0,0.9926831865353398,0.0,0.0009020679253695384,0.5404164,Chitinophaga,genus,
genome_605,3,markers + neural network,0.47826087,0.06521739,0.962963,0.0,0.8078961292613637,0.006060605829412287,1375.0,0.7953767461300867,0.0,0.0011238341151381696,0.62590736,Xanthomonas,genus,
genome_454,3,markers + neural network,0.41304347,0.036231883,0.7685185,0.018518519,0.7220504737158279,-1.688951956137856e-10,647.0,0.7117369555771065,0.0,0.0011724280456241161,0.50679165,Cyanophyceae,class,
genome_930,3,markers + neural network,0.49275362,0.057971016,1.0,0.0,1.0,0.0019296740994854203,1166.0,1.0,0.0,0.0013288435729552571,0.74337727,Bacillus,genus,
genome_681,3,markers + neural network,0.5072464,0.08695652,0.9722222,0.0,0.9407191707798369,0.0034453058735652796,774.0,0.9502034183633347,0.0,0.0010789946498416475,0.59905845,Streptomyces,genus,
genome_703,3,markers + neural network,0.32608697,0.014492754,0.6388889,0.009259259,0.6541010525781648,-9.033237014572118e-10,1963.0,0.6481552905653793,0.0004009974107237538,0.0014855535898163107,0.5566311,Escherichia coli,species,
genome_504,3,markers + neural network,0.2536232,0.06521739,0.5462963,0.009259259,0.7730392456054688,0.003676470588235294,680.0,0.7749189635425384,0.0,0.0011322938027443245,0.5375537,Cyanophyceae,class,
genome_858,3,markers + neural network,0.5217391,0.0942029,1.0,0.009259259,0.9996300469493261,0.011416490687880405,1892.0,1.0,0.007013672885443474,0.0013421961466087255,0.8165742,Klebsiella pneumoniae,species,
genome_388,3,markers + neural network,0.47826087,0.08695652,0.8796296,0.0,0.8259129379734849,0.0011655010960318825,858.0,0.8378769431943058,0.0,0.0011990583782805373,0.5132653,Rhodococcus,genus,
genome_405,3,markers + neural network,0.5072464,0.06521739,0.9537037,0.0,1.0,0.0,433.0,0.9948380523336224,0.0,0.0012043983355058288,0.63217044,Thermotogae,class,
genome_733,3,markers + neural network,0.4710145,0.07971015,0.9351852,0.0,0.8235228165336277,0.005016722408026756,598.0,0.8319564977916891,0.0,0.0010666876617888986,0.6531502,Bifidobacterium,genus,
genome_419,3,markers + neural network,0.2826087,0.07971015,0.6574074,0.0,0.7930906442495492,0.002884615155366751,1040.0,0.7794539977157215,0.0,0.0013273269348212616,0.7468732,Campylobacter,genus,
genome_661,3,markers + neural network,0.47826087,0.050724637,0.9351852,0.0,0.8210693359375,0.002947265595731223,1955.0,0.8085063562292557,0.0,0.0013419065175519778,0.6575787,Salmonella enterica,species,
genome_283,3,markers + neural network,0.39855072,0.06521739,0.7592593,0.018518519,0.620873786407767,-1.1573717432114684e-10,515.0,0.6336851800439822,0.0,0.0012053541896712278,0.4776112,Cyanobacteriota,phylum,
genome_805,3,markers + neural network,0.5,0.050724637,1.0,0.0,0.9990205680705191,0.011687887754076025,1021.0,1.0,0.008300889494008035,0.0012461150310797513,0.7809347,Staphylococcus,genus,
genome_395,3,markers + neural network,0.46376812,0.050724637,0.8981481,0.0,0.7757733832465278,-2.353700286524448e-10,900.0,0.7621094512929347,0.0,0.0013059390374206778,0.54487675,Pseudomonas,genus,
genome_158,2,markers,0.39130434,0.028985508,0.6666667,0.0,0.5137795275590551,0.011811023622047244,254.0,0.614596031122134,0.04108337849478259,0.0009393678647494578,0.34118736,Bacteria,superkingdom,
genome_40,2,markers,0.13043478,0.028985508,0.37962964,0.0,0.5009892044435953,0.0018115942028985507,828.0,0.601932566896439,0.0,0.0009398983953508847,0.47555754,Prevotella,genus,
genome_172,2,markers,0.13043478,0.036231883,0.33333334,0.0,0.5823346879747179,0.0164351847436693,720.0,0.6214490343567598,0.020013842376482807,0.000951801795646173,0.45963278,Hymenobacter,genus,
genome_768,3,markers + neural network,0.45652175,0.0942029,0.9074074,0.0,0.883779789851262,0.0057692307692307696,1040.0,0.8760505582918598,0.0,0.0012881584862788412,0.79125434,Campylobacter,genus,
genome_982,3,markers + neural network,0.51449275,0.072463766,1.0,0.0,1.0,0.0018281535648994515,547.0,0.9996653207868658,0.0,0.0010274913427905,0.62203825,Alistipes,genus,
genome_64,2,markers,0.10869565,0.007246377,0.3148148,0.0,0.508094976100252,-2.2477695127825058e-10,769.0,0.6005082704761407,0.0,0.001224904530151803,0.42468217,Halomonadaceae,family,
genome_2,2,markers,0.13043478,0.02173913,0.33333334,0.0,0.541507382424462,0.0013245031533651794,755.0,0.6064536775626664,0.0,0.0010611375457325934,0.42455402,Colwelliaceae,family,
genome_790,2,markers,0.4057971,0.17391305,0.75,0.21296297,0.8409090909090909,0.36363636363636365,154.0,0.8486711220525853,0.22404777519565025,0.001342789101997381,0.3358323,Bacteria,superkingdom,
genome_563,3,markers + neural network,0.5,0.057971016,0.9537037,0.0,0.9025640399639423,0.003076923076923077,650.0,0.9033233003927745,0.0,0.0012276423394785622,0.5787946,Bacillaceae,family,
genome_679,3,markers + neural network,0.48550725,0.050724637,0.9074074,0.0,0.8568023909951683,0.004848988771636785,1203.0,0.855339144657424,0.0,0.0013749050914654906,0.642648,Xanthomonas,genus,
genome_778,3,markers + neural network,0.48550725,0.06521739,0.9074074,0.009259259,0.9107624810456224,0.0012306608731233622,1896.0,0.8964297785237738,0.0037240318391905045,0.001417878034007482,0.75867504,Escherichia coli,species,
genome_751,3,markers + neural network,0.442029,0.057971016,0.8611111,0.0,0.817858869255186,0.001430615164520744,699.0,0.8061334243633836,0.0,0.0012407655832238711,0.55192274,Mycobacteriaceae,family,
genome_100,2,markers,0.3188406,0.007246377,0.537037,0.0,0.5673366910848187,-1.79712503951356e-10,199.0,0.6215299505595346,0.03177168065666156,0.000823275138186093,0.38360384,Bacteria,superkingdom,
genome_425,3,markers + neural network,0.47826087,0.06521739,0.9444444,0.018518519,0.8454064688003311,0.0010737289081920278,1397.0,0.825722077588093,0.0,0.0013083672627389234,0.7500576,Staphylococcus,genus,
genome_42,3,markers + neural network,0.42753622,0.028985508,0.6666667,0.0,0.6954545454545454,0.022727272727272728,220.0,0.6491884375512218,0.03882683497380817,0.0010851580369733798,0.36562592,Bacteria,superkingdom,
genome_423,3,markers + neural network,0.46376812,0.050724637,0.8425926,0.0,0.6778029320945202,0.0011737088502292903,852.0,0.6648707419694664,0.0,0.0011362378316069335,0.49519986,Xanthomonadaceae,family,
genome_534,3,markers + neural network,0.32608697,0.02173913,0.6851852,0.0,0.7337239384651184,-1.5522043372850902e-10,512.0,0.732503438947805,0.0,0.001449112953905244,0.6165509,Gammaproteobacteria,class,
genome_502,3,markers + neural network,0.46376812,0.06521739,0.9166667,0.0,0.8283960577263653,0.003280095744538344,1941.0,0.8175456285500761,0.0,0.001392950746670769,0.6699159,Salmonella enterica,species,
genome_723,3,markers + neural network,0.24637681,0.057971016,0.537037,0.0,0.7700967402533957,0.004314026668828185,1951.0,0.7638537790433935,0.0,0.0013207769770540976,0.62696016,Klebsiella pneumoniae,species,
genome_701,3,markers + neural network,0.4347826,0.050724637,0.8611111,0.009259259,0.8099294056350219,0.0037252993347345912,1029.0,0.8041411373676285,0.0020836277650985446,0.001174772633209878,0.6780644,Lactiplantibacillus plantarum,species,
genome_314,2,markers,0.2753623,0.02173913,0.5740741,0.0,0.5680190183291134,-7.698286036121299e-10,1407.0,0.6061234766557558,0.0,0.0013239109043742731,0.5229015,Staphylococcus aureus,species,
genome_216,2,markers,0.23913044,0.014492754,0.5277778,0.0,0.5568914538330246,0.0205605334039395,1451.0,0.594415572502654,0.028594421499552082,0.001297840230186882,0.46681362,Vibrio,genus,
genome_83,3,markers + neural network,0.442029,0.036231883,0.9351852,0.009259259,1.0,0.0,188.0,1.0,0.0,0.001069194769258405,0.68936497,Bacteria,superkingdom,
genome_572,3,markers + neural network,0.49275362,0.10144927,0.9259259,0.009259259,0.8293640194681862,0.0009496674465204803,1053.0,0.8315524064890714,0.0,0.0012852271227512778,0.600461,Rhizobium,genus,
genome_811,3,markers + neural network,0.442029,0.036231883,0.9351852,0.009259259,0.9627659574468085,0.0,188.0,0.9750801515987751,0.0,0.001064911719327995,0.6634252,Bacteria,superkingdom,
genome_609,2,markers,0.35507247,0.007246377,0.074074075,0.0,0.5254710533930312,0.011695906432748537,513.0,0.6160169954827647,0.026654576864622657,0.0011112111758907529,0.41358858,Methanosarcinaceae,family,
genome_514,3,markers + neural network,0.46376812,0.06521739,0.8796296,0.009259259,0.751251220703125,-5.966431086261007e-11,333.0,0.7346148936647009,0.0,0.0012131911466306937,0.4473667,Bacillota,phylum,
genome_214,3,markers + neural network,0.442029,0.04347826,0.7407407,0.018518519,0.6650706675126753,0.002274450160410478,1319.0,0.653752237405179,0.0,0.0011200736057120385,0.5283447,Xanthomonas,genus,
genome_625,3,markers + neural network,0.47826087,0.036231883,0.8611111,0.0,0.838110709423351,0.0016286643980380378,614.0,0.8386901095765738,0.0,0.0010976927210751485,0.49592716,Betaproteobacteria,class,
genome_561,2,markers,0.21014492,0.007246377,0.41666666,0.009259259,0.5193181818181818,0.03030303174799139,220.0,0.6292004149076863,0.07173334426898037,0.0007127018495813008,0.3434378,Bacteria,superkingdom,
genome_25,2,markers,0.20289855,0.014492754,0.4074074,0.0,0.4276992377884891,-3.848074343031367e-10,1308.0,0.5694742813241306,0.004010323478235982,0.0013163567497406332,0.38184133,Enterobacteriaceae,family,
genome_444,3,markers + neural network,0.38405797,0.028985508,0.7037037,0.009259259,0.7053140096618358,0.004830917874396135,207.0,0.6853858657349177,0.02570899294135065,0.0008988384749639422,0.48270524,Bacteria,superkingdom,
genome_46,3,markers + neural network,0.28985506,0.04347826,0.6666667,0.0,0.6228618407517337,0.003511235620198625,1424.0,0.6120324074990712,0.0,0.0013514500473520573,0.56734854,Staphylococcus aureus,species,
genome_4,2,markers,0.17391305,0.0,0.39814815,0.0,0.4311611488217213,0.004918032786885246,610.0,0.5934376427555283,0.0,0.0010119809853844828,0.3679614,Deinococcus,genus,
genome_88,2,markers,0.3768116,0.028985508,0.787037,0.009259259,0.5729452159306775,-2.1943491772505434e-10,584.0,0.6074001521763768,0.0,0.0012999811293061875,0.40647334,Mycobacteriaceae,family,
genome_101,2,markers,0.24637681,0.02173913,0.4722222,0.018518519,0.5636236807409443,0.0064209937250594195,597.0,0.5925599867844963,0.006588027573174553,0.0012679297008860821,0.40653157,Mycobacteriaceae,family,
genome_841,3,markers + neural network,0.5,0.057971016,1.0,0.009259259,0.9981393775372125,0.004172305131636066,1478.0,0.9966114749167232,0.018114715061815105,0.0012911038275442222,0.89562124,Staphylococcus aureus,species,
genome_970,3,markers + neural network,0.5,0.057971016,1.0,0.009259259,1.0,0.004333024126794898,1077.0,0.9999334489421605,0.005896966729304454,0.0012330494620977409,0.8319216,Staphylococcus,genus,
genome_174,2,markers,0.1521739,0.014492754,0.37037036,0.0,0.462406015037594,0.0,266.0,0.6213379427842767,0.0,0.0012137681628384379,0.33834136,Bacteria,superkingdom,
genome_764,3,markers + neural network,0.5072464,0.08695652,0.9351852,0.018518519,0.8831379015075147,0.0014662755724272072,682.0,0.8844586265641163,0.0,0.001142914574775339,0.5678034,Clostridium,genus,
genome_904,3,markers + neural network,0.9927536,0.0,0.5092593,0.018518519,1.0,0.0,574.0,1.0,0.0,0.001060038684415026,0.7232096,Sulfolobaceae,family,
genome_310,3,markers + neural network,0.46376812,0.072463766,0.8981481,0.0,0.9974619289340102,0.0,394.0,0.9780651498302858,0.03950651383570558,0.0010972997647389305,0.60293674,Spirochaetales,order,
genome_758,3,markers + neural network,0.47826087,0.057971016,0.9166667,0.0,0.8479899584762449,0.0013550134693704,738.0,0.8392296986112391,0.0,0.0012649364848369873,0.68238175,Lactobacillus,genus,
genome_241,2,markers,0.1884058,0.036231883,0.33333334,0.0,0.5546757279478047,-4.4950713839930214e-11,442.0,0.6053708570869093,0.0,0.0011905692745580391,0.4258408,Actinomycetes,class,
genome_41,2,markers,0.4347826,0.02173913,0.7314815,0.0,0.5489690838698739,0.0005636973875619917,1774.0,0.5901976170350425,0.0,0.001387742514807122,0.4575777,Salmonella enterica,species,
genome_61,3,markers + neural network,0.45652175,0.04347826,0.8518519,0.0,0.7039661343250211,0.0005611666257667755,1782.0,0.7021967623349333,0.0,0.0014026189525755122,0.5816392,Salmonella enterica,species,
genome_626,3,markers + neural network,0.47826087,0.072463766,0.9166667,0.0,0.8394263562817259,0.0023567799989342086,1970.0,0.827226897686017,0.0,0.0013888249740977552,0.67431587,Klebsiella pneumoniae,species,
genome_375,3,markers + neural network,0.42028984,0.036231883,0.6851852,0.0,0.6845696417839973,0.005494505494505495,1092.0,0.680523638901307,0.0,0.001176687813405432,0.5236723,Shewanella,genus,
genome_972,3,markers + neural network,0.5072464,0.06521739,0.9907407,0.018518519,0.9988864142538976,0.0038975501113585748,898.0,1.0,0.0024667076583137285,0.0010906538562175968,0.7618749,Synechococcus,genus,
genome_731,3,markers + neural network,0.4710145,0.050724637,0.9537037,0.009259259,0.809472401936849,0.0034102180174418856,1344.0,0.8049471918144426,0.0,0.0013420398156551666,0.60421306,Enterobacteriaceae,family,
genome_933,3,markers + neural network,0.5,0.06521739,1.0,0.027777778,1.0,0.0034602076124567475,578.0,1.0,0.0,0.0010839251880758278,0.64416295,Micrococcales,order,
genome_77,3,markers + neural network,0.3478261,0.04347826,0.6574074,0.009259259,0.7423949918194878,0.0011350735768286785,881.0,0.7329494916827693,0.0,0.0012541297192982896,0.6123697,Staphylococcus,genus,
genome_517,3,markers + neural network,0.45652175,0.02173913,0.9259259,0.009259259,0.8172290076507381,0.009202453987730062,326.0,0.7766823975238568,0.02600211540420585,0.0011499744511611347,0.453326,Bacteria,superkingdom,
genome_584,3,markers + neural network,0.47826087,0.036231883,0.7777778,0.009259259,0.8148446790515114,0.003371868749115049,1038.0,0.8142546303677687,0.0,0.0012963265678518614,0.68606466,Staphylococcus,genus,
genome_195,3,markers + neural network,0.42028984,0.036231883,0.8055556,0.009259259,0.634348406110491,0.0020833333333333333,1680.0,0.6199933903463134,0.0,0.0014258004470848156,0.524273,Enterobacteriaceae,family,
genome_886,3,markers + neural network,0.5072464,0.10144927,1.0,0.009259259,1.0,0.0,1348.0,0.999202691786204,0.0,0.001175467479899377,0.786668,Ralstonia,genus,
genome_527,3,markers + neural network,0.5072464,0.072463766,1.0,0.0,1.0,0.0016082614251597392,1969.0,1.0,0.0075141019472197285,0.0013754436195790862,0.85700434,Salmonella enterica,species,
genome_794,3,markers + neural network,0.3043478,0.04347826,0.75,0.0,0.8573227973833476,0.0023972599473718096,1460.0,0.836338409277162,0.0,0.0013084539622910316,0.7798939,Staphylococcus aureus,species,
genome_72,2,markers,0.42028984,0.02173913,0.7222222,0.0,0.5037943522135416,0.0008250821148208266,1212.0,0.5938806723062054,0.0,0.001317546849663465,0.43533063,Xanthomonas,genus,
genome_215,3,markers + neural network,0.47826087,0.11594203,1.0,0.0,0.9995192307692308,0.004807692307692308,1040.0,0.999423007244776,0.00738603599273837,0.0013094515160984124,0.888208,Campylobacter,genus,
genome_948,3,markers + neural network,0.5,0.06521739,1.0,0.0,1.0,0.0007220216606498195,1385.0,1.0,0.0,0.0013214599097843083,0.81142116,Bacillus,genus,
genome_996,3,markers + neural network,0.48550725,0.072463766,1.0,0.0,0.999519028876939,0.008658008658008658,693.0,1.0,0.01016119926819721,0.0012750633252926655,0.79025185,Leuconostoc,genus,
genome_12,2,markers,0.20289855,0.050724637,0.4537037,0.0,0.5479230885630452,0.0015392504085816744,1949.0,0.5824970737794049,0.0,0.0013685283617910493,0.46121746,Salmonella enterica,species,
genome_496,2,markers,0.13043478,0.007246377,0.17592593,0.0,0.4809263471366601,-2.4239918243010224e-10,733.0,0.5939246943465906,0.002411875737068879,0.0011047026029618137,0.4342524,Xanthomonadaceae,family,
genome_117,3,markers + neural network,0.3478261,0.06521739,0.6018519,0.0,0.6587081455948329,0.0049504950495049506,1010.0,0.6666533564955768,0.013836499530466395,0.0013042860534051308,0.623109,Campylobacter,genus,
genome_839,3,markers + neural network,0.45652175,0.057971016,0.9814815,0.009259259,1.0,0.0,731.0,1.0,0.0,0.0012830431567124258,0.88370925,Wolbachia,genus,
genome_391,3,markers + neural network,0.1521739,0.014492754,0.25,0.0,0.6559491438024184,0.003676470588235294,1088.0,0.6450407264188708,0.0,0.0012580739368639128,0.48990723,Pseudomonas,genus,
genome_322,3,markers + neural network,0.8695652,0.0,0.5092593,0.027777778,0.790224032586558,-1.8209158281687563e-10,491.0,0.7763223426596748,0.0,0.001099314107306275,0.51713765,Halobacteria,class,
genome_861,3,markers + neural network,0.49275362,0.0942029,1.0,0.009259259,0.999484004127967,0.011695907088871218,969.0,1.0,0.0,0.00105736759795381,0.68584365,Pseudoalteromonas,genus,
genome_225,3,markers + neural network,0.49275362,0.04347826,0.8703704,0.009259259,0.7120752427184466,0.0022249189974034873,824.0,0.7046510880775858,0.0,0.0012630155241514424,0.51772845,Vibrionaceae,family,
genome_885,3,markers + neural network,0.5072464,0.072463766,1.0,0.0,0.982906020167983,0.02564102564102564,546.0,0.9769451897761717,0.0,0.0008810887274201323,0.5158919,Cytophagales,order,
genome_991,3,markers + neural network,0.5217391,0.123188406,1.0,0.009259259,1.0,0.003131524008350731,958.0,1.0,0.0,0.0010872447035810008,0.68677115,Bacteroides,genus,
genome_112,2,markers,0.51449275,0.0,0.18518518,0.0,0.5524370805272516,-3.748719992705352e-11,424.0,0.6067950101201517,0.0,0.0010428583747736353,0.41610804,Halobacteria,class,
genome_407,3,markers + neural network,0.3478261,0.04347826,0.712963,0.009259259,0.7249268648917215,0.0010964909666462948,912.0,0.7067422852133705,0.0,0.001224531336747733,0.6248149,Staphylococcus,genus,
genome_410,3,markers + neural network,0.51449275,0.11594203,0.8240741,0.027777778,0.7202262345426335,0.008982035928143712,501.0,0.6941246777332678,0.0,0.0010299573676522708,0.39861053,Streptomycetaceae,family,
genome_278,3,markers + neural network,0.39855072,0.050724637,0.6666667,0.0,0.640406183835839,-1.4608982557753635e-10,476.0,0.6478862123378633,0.0,0.0008924914264603127,0.45955315,Weeksellaceae,family,
genome_748,3,markers + neural network,0.16666667,0.050724637,0.5555556,0.11111111,0.6370558375634517,0.29526225443418863,197.0,0.7386051154610378,0.1946023227431746,0.001631732555054391,0.2759526,Bacteria,superkingdom,
genome_47,2,markers,0.4057971,0.06521739,0.7592593,0.009259259,0.5982483115661826,0.0016835012821236042,1188.0,0.6140055479958372,0.0,0.0013169777771119282,0.4910731,Bacillus,genus,
genome_439,3,markers + neural network,0.42753622,0.028985508,0.8611111,0.009259259,0.7543670502468128,0.0008291872480813148,603.0,0.7529837251967638,0.0,0.001127240470494801,0.5454234,Arcobacteraceae,family,
genome_923,3,markers + neural network,0.5072464,0.08695652,1.0,0.0,1.0,0.0,882.0,1.0,0.0,0.0011497896407589067,0.7201886,Xanthomonadaceae,family,
genome_821,3,markers + neural network,0.46376812,0.10144927,0.8796296,0.009259259,0.8427047465499297,-6.87481505787168e-11,578.0,0.8350729925167859,0.0,0.0010358955229007722,0.53020763,Alteromonadales,order,
genome_164,2,markers,0.10869565,0.0,0.21296297,0.0,0.4299836501576542,-2.0452573258820005e-10,612.0,0.597940396594713,0.0,0.0010477117902739335,0.3472884,Bacteroidales,order,
genome_192,3,markers + neural network,0.46376812,0.072463766,0.8981481,0.0,1.0,0.0,394.0,0.9809212854755897,0.039976100688777355,0.0010942330321486893,0.60391134,Spirochaetales,order,
genome_201,2,markers,0.16666667,0.007246377,0.2037037,0.0,0.5615342971930601,0.0030156812564311472,829.0,0.6075256987800769,0.0,0.0011441817064229696,0.46572202,Xanthomonadaceae,family,
genome_113,2,markers,0.47826087,0.04347826,0.8055556,0.009259259,0.5762270879806538,0.00580452407368014,781.0,0.6079322234253102,0.0,0.0011149327761120285,0.41724437,Bacteroides,genus,
genome_650,3,markers + neural network,0.2536232,0.050724637,0.6203704,0.0,0.7951316874207911,0.0008004267671192214,1874.0,0.7953757973301668,0.0,0.0013740869018344535,0.63766277,Klebsiella pneumoniae,species,
genome_902,3,markers + neural network,0.5072464,0.06521739,1.0,0.009259259,0.9973021582733813,0.004210477987761856,1946.0,1.0,0.006143973327952849,0.001448012221053291,0.8437144,Escherichia coli,species,
genome_606,3,markers + neural network,0.20289855,0.007246377,0.5185185,0.0,0.7081415276778372,0.003289473684210526,608.0,0.7102313868407639,0.0,0.0011392035170509807,0.5468679,Microbacteriaceae,family,
genome_753,3,markers + neural network,0.48550725,0.11594203,0.9351852,0.0,0.9085648854573568,0.013020833333333334,576.0,0.911201615153538,0.0,0.001126461734477658,0.53129244,Gammaproteobacteria,class,
genome_450,3,markers + neural network,0.442029,0.0942029,0.7777778,0.018518519,0.7225,0.0016666666666666668,600.0,0.6852782576634013,0.0,0.0011770856652682565,0.44007412,Burkholderiaceae,family,
genome_919,3,markers + neural network,0.5217391,0.06521739,1.0,0.0,0.9933697347893916,0.003380135329390837,1282.0,0.9951866045169067,0.0,0.0012150825743876144,0.74460524,Yersinia,genus,
genome_467,3,markers + neural network,0.34057972,0.028985508,0.6111111,0.0,0.6755952153887067,-4.434869535100258e-11,224.0,0.6397218649503648,0.017245965984175098,0.0006621256493366679,0.3792549,Bacteria,superkingdom,
genome_116,3,markers + neural network,0.41304347,0.028985508,0.8796296,0.0,0.7624938512731482,0.0014814812165719492,675.0,0.7578205306341704,0.0,0.0011663488437678457,0.6634058,Helicobacter,genus,
genome_422,2,markers,0.1521739,0.007246377,0.32407406,0.009259259,0.4558040143582768,-6.347672689216982e-11,313.0,0.5907027559672566,0.09039387872348223,0.0009314938372796703,0.44732153,Bacteria,superkingdom,
genome_490,3,markers + neural network,0.42753622,0.08695652,0.7685185,0.0,0.7976917403184264,-2.9300980930004373e-10,1371.0,0.8008805366248792,0.0,0.0013426433219076244,0.61758727,Enterobacteriaceae,family,
genome_181,2,markers,0.3768116,0.02173913,0.6296296,0.0,0.5585124132407902,0.003737319298625565,1873.0,0.5811671168854325,0.0,0.0013559067799286323,0.45136517,Klebsiella pneumoniae,species,
genome_574,3,markers + neural network,0.46376812,0.050724637,0.9074074,0.018518519,0.8214285714285714,0.0034423407917383822,581.0,0.8142838113584963,0.0,0.0010930902097693517,0.55996275,Micrococcales,order,
genome_85,2,markers,0.16666667,0.014492754,0.37037036,0.0,0.527862548828125,0.002261656062339193,1916.0,0.5736037829544463,0.0,0.0013932598679015488,0.43796286,Salmonella enterica,species,
genome_90,2,markers,0.33333334,0.04347826,0.6944444,0.009259259,0.5916666937032807,0.0016611294690952745,602.0,0.6293273659444685,0.0,0.0010799381431880115,0.5223435,Weeksellaceae,family,
genome_576,3,markers + neural network,0.36956522,0.02173913,0.7222222,0.009259259,0.8195882686491935,0.0070967741935483875,775.0,0.8266469927530526,0.0,0.0009513171821423171,0.576628,Sphingobacterium,genus,
genome_903,3,markers + neural network,0.51449275,0.14492753,1.0,0.0,1.0,0.010071090047393365,844.0,1.0,0.0,0.0011307701724958127,0.65169287,Streptomyces,genus,
genome_465,3,markers + neural network,0.442029,0.050724637,0.9259259,0.0,0.8789088025157595,-1.3359522262533748e-10,813.0,0.8670781689390389,0.0,0.0012307895548020608,0.69821787,Fusobacterium,genus,
genome_911,3,markers + neural network,0.5,0.13043478,1.0,0.037037037,0.9987864077669902,0.024342638774982935,824.0,1.0,0.0,0.0012124443256115677,0.76688284,Limosilactobacillus reuteri,species,
genome_81,2,markers,0.42028984,0.02173913,0.6944444,0.009259259,0.5188486307296427,-7.108077279321204e-10,1641.0,0.5792595540531542,0.0,0.0014714833395469264,0.42476356,Escherichia coli,species,
genome_362,3,markers + neural network,0.42753622,0.072463766,0.7592593,0.0,0.6997459578986088,-7.238545581256363e-10,1869.0,0.6897839081172836,0.0,0.001379037256861385,0.55554336,Klebsiella pneumoniae,species,
genome_498,3,markers + neural network,0.38405797,0.072463766,0.7962963,0.009259259,0.7334764123133495,0.0007153072838107916,699.0,0.7219871851248745,0.0,0.0012404482190573158,0.50659347,Mycobacteriaceae,family,
genome_754,3,markers + neural network,0.442029,0.057971016,0.8703704,0.018518519,0.898042414355628,0.00734094616639478,613.0,0.8958608629260064,0.0,0.0011839553097874652,0.68769264,Lactobacillus,genus,
genome_484,3,markers + neural network,0.47826087,0.050724637,0.9259259,0.009259259,0.7238863287250384,-1.37337891187536e-10,651.0,0.7201377410999474,0.0,0.0010713922776522283,0.5119379,Cellulomonas,genus,
genome_869,3,markers + neural network,0.49275362,0.07971015,0.9722222,0.046296295,0.9731870438542619,0.027422303473491772,547.0,0.9612278586533184,0.025324734986522504,0.0011221950332778096,0.5619129,Cyanobacteriota,phylum,
genome_607,3,markers + neural network,0.3043478,0.072463766,0.6759259,0.009259259,0.7296935177519394,0.007611241217798595,854.0,0.7215047611367547,0.0008555274644310995,0.0011773690574683384,0.6062477,Fusobacterium,genus,
genome_161,2,markers,0.22463769,0.0,0.4537037,0.0,0.5416805869654605,0.002105263157894737,1425.0,0.5835983872979161,0.0,0.0013360638519760014,0.44398043,Enterobacter,genus,
genome_796,3,markers + neural network,0.4710145,0.057971016,1.0,0.009259259,1.0,0.0,708.0,1.0,0.0,0.0009686258185423134,0.74647766,Capnocytophaga,genus,
genome_107,2,markers,0.0942029,0.02173913,0.2777778,0.0,0.4678780809952216,0.002706359784561178,739.0,0.5804757241529379,0.0,0.000924323057765685,0.4042517,Hymenobacter,genus,
genome_545,3,markers + neural network,0.46376812,0.072463766,0.7592593,0.0,0.7990654205607477,0.014018691588785047,214.0,0.7559583607347046,0.01870769271568308,0.0006951642745704309,0.40228626,Bacteria,superkingdom,
genome_664,3,markers + neural network,0.49275362,0.057971016,1.0,0.0,1.0,0.0,1063.0,1.0,0.0073984200341693784,0.0012935524907843484,0.8725662,Pasteurella,genus,
genome_729,3,markers + neural network,0.38405797,0.014492754,0.8333333,0.0,0.7503660322108345,-2.6180663883773335e-10,683.0,0.7406976476636833,0.0,0.0012179446587657888,0.6522026,Helicobacter,genus,
genome_737,3,markers + neural network,0.3768116,0.04347826,0.7314815,0.0,0.8113070166497708,0.001410437151474408,709.0,0.80353006091891,0.0,0.0012412862679188937,0.548317,Mycobacteriaceae,family,
genome_950,3,markers + neural network,0.49275362,0.0942029,1.0,0.0,1.0,0.0,656.0,1.0,0.0,0.0013025740086873453,0.7697429,Limosilactobacillus,genus,
genome_330,3,markers + neural network,0.20289855,0.028985508,0.5092593,0.0,0.6460605783665434,0.00822251781504205,1504.0,0.6259630677104229,0.0,0.0014272692494792971,0.4950477,Enterobacteriaceae,family,
genome_746,3,markers + neural network,0.23913044,0.036231883,0.5092593,0.0,0.6512392923855183,0.004874294020690448,1949.0,0.6421280057283403,0.0,0.0013745950134828697,0.54091203,Salmonella enterica,species,
genome_1,2,markers,0.20289855,0.007246377,0.4722222,0.009259259,0.5575957504818444,-1.3095811106385556e-10,531.0,0.6226353238053036,0.02699225033701496,0.0012375260116616387,0.4121666,Burkholderiales,order,
genome_965,3,markers + neural network,0.5,0.07971015,1.0,0.009259259,1.0,0.001321003963011889,757.0,0.9970843514256158,0.0,0.0012408722556695553,0.67539644,Mycobacterium,genus,
genome_599,3,markers + neural network,0.41304347,0.057971016,0.75,0.0,0.8080525218076436,0.0036366862651831043,1879.0,0.8071593209263661,0.0,0.0013726858109782138,0.66454804,Klebsiella pneumoniae,species,
genome_233,2,markers,0.13768116,0.02173913,0.23148148,0.009259259,0.4582617215211762,-1.8750285622294794e-10,881.0,0.5725585258492026,0.0,0.001192720214722425,0.38699546,Burkholderiaceae,family,
genome_239,2,markers,0.1884058,0.02173913,0.35185185,0.0,0.5665574893233429,0.004091653027823241,611.0,0.6194182555532136,0.0,0.0011424680415589366,0.3767047,Streptomyces,genus,
genome_457,3,markers + neural network,0.24637681,0.028985508,0.5185185,0.009259259,0.7134512513328412,0.01093613331712137,1905.0,0.7000679185501617,0.009091560295625863,0.0014412641228336714,0.57914096,Escherichia coli,species,
genome_245,2,markers,0.18115942,0.028985508,0.37962964,0.018518519,0.5438233369625873,0.004658385093167702,644.0,0.6163776068549172,0.007790030805303376,0.0013993388630878744,0.47463745,Streptococcus,genus,
genome_522,3,markers + neural network,0.26086956,0.050724637,0.6759259,0.0,0.7903657426761206,0.0024554088266464137,1439.0,0.7911679650748975,0.0,0.0013531282578902177,0.61294335,Enterobacteriaceae,family,
genome_429,3,markers + neural network,0.3478261,0.04347826,0.6944444,0.0,0.7177482273267664,0.003170289423154748,1104.0,0.720686763316688,0.0,0.0011850861545197927,0.5279971,Sphingobium,genus,
genome_254,2,markers,0.11594203,0.028985508,0.24074075,0.0,0.5543770295245144,0.0037253858435337944,1879.0,0.585701441532991,0.0,0.0013651586662351786,0.46952513,Salmonella enterica,species,
genome_917,3,markers + neural network,0.5,0.057971016,1.0,0.009259259,1.0,0.0010359116022099447,1448.0,1.0,0.0012600723344012021,0.0013106272134452582,0.8960447,Staphylococcus aureus,species,
genome_14,2,markers,0.17391305,0.028985508,0.4351852,0.0,0.4780130293159609,0.006514657980456026,614.0,0.589560866691994,0.0,0.0011611287009946304,0.34406006,Streptomyces,genus,
genome_734,3,markers + neural network,0.5,0.050724637,1.0,0.009259259,1.0,0.0,878.0,1.0,0.001057677573194138,0.0012028607402945648,0.7560322,Neisseriaceae,family,
genome_445,3,markers + neural network,0.35507247,0.072463766,0.6666667,0.0,0.715839166924505,0.0004950491508634964,1010.0,0.7121419277662763,0.0024743883478667433,0.00131185586635458,0.68413675,Campylobacter,genus,
genome_980,3,markers + neural network,0.5072464,0.08695652,1.0,0.009259259,0.9991452991452991,0.0037037034320016194,1170.0,1.0,0.0,0.0012594100422235715,0.7093318,Pseudomonas,genus,
genome_976,3,markers + neural network,0.49275362,0.072463766,1.0,0.018518519,1.0,0.006041130860237965,778.0,1.0,0.022158886252630045,0.001325174416338621,0.76789415,Listeria,genus,
genome_786,3,markers + neural network,0.49275362,0.057971016,0.9722222,0.009259259,0.9261944042827832,0.001322751265411597,1386.0,0.9177333697962733,0.0,0.0013490799536197589,0.7679182,Bacillus,genus,
genome_29,2,markers,0.442029,0.014492754,0.7407407,0.0,0.5327591301285193,0.0003563784227486771,1403.0,0.5786272837664252,0.0,0.001313844866203322,0.469818,Bacillus,genus,
genome_39,2,markers,0.10869565,0.007246377,0.22222222,0.009259259,0.5525691071394524,0.0012202558174156575,1639.0,0.5832579013973065,0.0,0.001350924749860313,0.47732565,Enterobacter,genus,
genome_887,3,markers + neural network,0.49275362,0.10144927,1.0,0.0,0.9984585271405347,0.0035645473899179802,865.0,0.9988564452943023,0.0,0.001405994368959761,0.8162509,Limosilactobacillus fermentum,species,
genome_253,2,markers,0.22463769,0.007246377,0.4074074,0.0,0.5816757023909662,0.0025393600812595226,1969.0,0.5942507489198613,0.0,0.0013650685848879197,0.49612147,Salmonella enterica,species,
genome_501,3,markers + neural network,0.44927537,0.057971016,0.9074074,0.009259259,0.8206073806946537,0.0007530118237776929,664.0,0.8131328511458362,0.0,0.0012384844203561498,0.5612635,Mycobacteriaceae,family,
genome_34,2,markers,0.1594203,0.028985508,0.32407406,0.0,0.5432984211822462,0.0005125568073141703,1951.0,0.5855917993210807,0.0,0.001336768681640496,0.45112813,Klebsiella pneumoniae,species,
genome_404,3,markers + neural network,0.45652175,0.014492754,0.8148148,0.009259259,0.7846283783783784,0.0,296.0,0.7620274867205321,0.0037503779749361865,0.0012785123984263818,0.46471444,Bacteria,superkingdom,
genome_807,3,markers + neural network,0.5,0.036231883,1.0,0.0,0.9585429749610139,0.0008153945732489957,1022.0,0.9568359374072255,0.0,0.0013384173849174143,0.8037791,Neisseria,genus,
genome_342,3,markers + neural network,0.41304347,0.050724637,0.8796296,0.018518519,0.8151647239190086,-2.8287920750542744e-10,894.0,0.8086762855279993,0.0,0.0013490701573618917,0.67109716,Streptococcus dysgalactiae,species,
genome_956,3,markers + neural network,0.5217391,0.0942029,1.0,0.0,0.9996122583524046,0.0030391217507671734,1939.0,1.0,0.0,0.0013700862868780978,0.8333073,Klebsiella pneumoniae,species,
genome_193,2,markers,0.11594203,0.007246377,0.24074075,0.0,0.5603606636002219,-1.5837467826336977e-10,845.0,0.5999507861193797,0.0,0.0012852143341856768,0.4425112,Pseudomonas,genus,
genome_655,3,markers + neural network,0.64492756,0.0,0.3148148,0.009259259,0.7609095573425293,0.0017361108524103959,768.0,0.7632771343252214,0.0,0.0011534669762060907,0.63253164,Sulfolobaceae,family,
genome_513,3,markers + neural network,0.4057971,0.007246377,0.7777778,0.009259259,0.7609781048255052,0.02844311377245509,501.0,0.7482215718042639,0.031034546457691242,0.0011003204151938666,0.5038124,Campylobacterales,order,
genome_716,3,markers + neural network,0.49275362,0.06521739,0.9537037,0.009259259,0.9296016058339936,0.013932909716139127,1262.0,0.9199058565648377,0.0,0.001263835815243874,0.7610526,Enterococcus faecalis,species,
genome_148,2,markers,0.28985506,0.04347826,0.5,0.0,0.5851938173752422,-1.663385501689295e-10,645.0,0.6271295874065408,0.0,0.0009619928665482925,0.477122,Weeksellaceae,family,
genome_804,3,markers + neural network,1.0,0.014492754,0.5648148,0.037037037,1.0,0.0,522.0,1.0,0.0,0.0011163362620324054,0.706845,Methanobacteriaceae,family,
genome_296,2,markers,0.442029,0.014492754,0.75,0.0,0.5577096650094697,0.00522466039707419,1914.0,0.5936089438261293,0.0,0.0013719339722503535,0.48010978,Salmonella enterica,species,
genome_420,3,markers + neural network,0.6666667,0.0,0.3148148,0.018518519,0.6983567665760186,0.02414486921529175,497.0,0.6975376681399876,0.0,0.0010217122822363668,0.44234288,Halobacteria,class,
genome_826,3,markers + neural network,0.48550725,0.07971015,0.9537037,0.0,0.9261001128880959,0.003531489111241907,1699.0,0.9197485822986406,0.0,0.0013657552413942678,0.7582973,Enterobacter,genus,
genome_726,3,markers + neural network,0.51449275,0.057971016,1.0,0.0,0.9877373417721519,0.03164556962025317,632.0,0.9938955579137645,0.0,0.001209669393890027,0.5183094,Gammaproteobacteria,class,
genome_718,3,markers + neural network,0.44927537,0.057971016,0.8796296,0.0,0.8099033521569293,0.016908212560386472,414.0,0.7985077318883835,0.012453893349314515,0.0007676757337700556,0.47645923,Bacteroidota,phylum,
genome_656,3,markers + neural network,0.16666667,0.0,0.5092593,0.009259259,0.8058943399568883,0.003048780487804878,656.0,0.7986230346542519,0.0,0.0011058942807311877,0.6141178,Corynebacterium,genus,
genome_725,3,markers + neural network,0.4347826,0.028985508,0.8148148,0.027777778,0.7098930481283422,0.002005347274841472,748.0,0.7035212489092928,0.0,0.0009978260529567243,0.56172395,Weeksellaceae,family,
genome_166,2,markers,0.44927537,0.050724637,0.6574074,0.018518519,0.5242395437262357,0.011406844106463879,526.0,0.585878353367561,0.01017632197864559,0.0010711925200589546,0.3430042,Streptomyces,genus,
genome_856,3,markers + neural network,0.47826087,0.11594203,1.0,0.0,0.9990384615384615,0.006442307508908785,1040.0,1.0,0.004305715674804998,0.0013524977489377218,0.87268203,Campylobacter,genus,
genome_692,3,markers + neural network,0.442029,0.036231883,0.8888889,0.018518519,0.8595548197262439,-2.764233330178848e-10,613.0,0.8618206922862282,0.0,0.000993325715273234,0.6188866,Flavobacteriaceae,family,
genome_76,2,markers,0.1594203,0.007246377,0.39814815,0.009259259,0.5287298387096774,-1.80255982183641e-10,496.0,0.6243816693002604,0.0,0.001010697698115338,0.43673393,Pseudomonadota,phylum,
genome_7,2,markers,0.18115942,0.028985508,0.3611111,0.0,0.5239425933289671,-1.7902353983809443e-10,501.0,0.6056245508488787,0.006668010981870413,0.001037320651772242,0.41919366,Bacteroidales,order,
genome_920,3,markers + neural network,0.47826087,0.0942029,1.0,0.009259259,1.0,0.0009615384615384616,1040.0,0.9984162928707654,0.025659242652257504,0.0013129864070711619,0.8912399,Campylobacter,genus,
genome_966,3,markers + neural network,0.5289855,0.13768116,1.0,0.009259259,0.9974446337308348,0.013628620102214651,587.0,0.9963626146421437,0.0,0.0011781708504822646,0.5625455,Paenibacillus,genus,
genome_553,3,markers + neural network,0.5,0.06521739,0.9444444,0.018518519,0.8685794571070995,0.002791261981606098,1236.0,0.8576334112243134,0.0,0.0012624252077272277,0.7166767,Enterococcus faecalis,species,
genome_709,3,markers + neural network,0.49275362,0.07971015,0.9537037,0.027777778,0.905821816215302,0.0017399906113161054,1432.0,0.8923770458889131,0.0,0.0011899326614890268,0.7508844,Acinetobacter baumannii,species,
genome_760,3,markers + neural network,0.5,0.057971016,1.0,0.027777778,1.0,0.0,598.0,1.0,0.0,0.0011363181323157455,0.6583525,Cyanophyceae,class,
genome_577,3,markers + neural network,0.45652175,0.06521739,0.8888889,0.009259259,0.8437291310409961,-1.9043925743313691e-10,699.0,0.8313664683632348,0.0,0.0012568502109563129,0.57255185,Mycobacteriaceae,family,
genome_275,3,markers + neural network,0.5,0.06521739,1.0,0.018518519,0.9995954692556634,0.006472491909385114,1236.0,1.0,0.0,0.0012714608459457623,0.84565985,Enterococcus faecalis,species,
genome_750,3,markers + neural network,0.46376812,0.07971015,0.8518519,0.009259259,0.8566955390004064,0.0178227369495899,346.0,0.8370860673865284,0.016766858658358592,0.0007528310583569942,0.48341668,Planctomycetia,class,
genome_297,3,markers + neural network,0.41304347,0.02173913,0.8240741,0.009259259,0.6265515478971962,0.003115264797507788,963.0,0.6231559145685323,0.0,0.0013585272794586828,0.5586078,Neisseria,genus,
genome_927,3,markers + neural network,0.51449275,0.06521739,1.0,0.018518519,1.0,6.727664155005382e-05,1858.0,1.0,0.0,0.001456888318558502,0.8150883,Escherichia coli,species,
genome_141,3,markers + neural network,0.21014492,0.028985508,0.4537037,0.0,0.6065708028859106,-4.3047805320384215e-10,1160.0,0.6220585020015567,0.0,0.001271956900809996,0.48587468,Morganellaceae,family,
genome_866,3,markers + neural network,0.5,0.050724637,1.0,0.0,1.0,0.0,1009.0,1.0,0.0026189779436057853,0.0013283748043595013,0.8430044,Neisseria,genus,
genome_722,3,markers + neural network,0.5,0.123188406,0.9074074,0.009259259,0.8564032364931029,0.01430517711171662,734.0,0.8592772923947356,0.0,0.001062952961275348,0.5124656,Streptomyces,genus,
genome_168,3,markers + neural network,0.39855072,0.02173913,0.6666667,0.009259259,0.6818181818181818,0.005050505050505051,198.0,0.6824188964416917,0.058253868487761776,0.0010911981718652235,0.519437,Bacteria,superkingdom,
genome_291,3,markers + neural network,0.8768116,0.0,0.46296296,0.018518519,0.7758725838832171,0.0009960153425832194,502.0,0.7761262223349854,0.0,0.0011749067965727794,0.6045358,Sulfolobaceae,family,
genome_580,3,markers + neural network,0.4710145,0.050724637,0.8796296,0.018518519,0.7915120783211297,0.007060669456066946,1912.0,0.7793037558648824,0.0,0.0014265653611152298,0.6440538,Escherichia coli,species,
genome_669,3,markers + neural network,0.35507247,0.08695652,0.5740741,0.009259259,0.6700499839833375,0.00796812749003984,753.0,0.6587716977445726,0.0,0.002013885880504507,0.4799286,Alcaligenaceae,family,
genome_432,3,markers + neural network,0.39855072,0.08695652,0.6666667,0.0,0.7397914232070476,0.007740585873815305,1912.0,0.734218455490792,0.00948190896865237,0.0013620415013859655,0.5840507,Klebsiella pneumoniae,species,
genome_653,3,markers + neural network,0.442029,0.11594203,0.7685185,0.0,0.7782076276709079,0.007736943907156673,517.0,0.7706115192893866,0.0,0.0010239927595299496,0.442,Streptomycetaceae,family,
genome_612,3,markers + neural network,0.5072464,0.04347826,0.9907407,0.009259259,0.8864814879402282,0.007936507936507936,630.0,0.8908242141959419,0.0,0.0010779421704952086,0.5465117,Streptomyces,genus,
genome_99,3,markers + neural network,0.23913044,0.02173913,0.6203704,0.037037037,0.6223334495467369,-4.5997210081209647e-10,792.0,0.6284652715474343,0.0,0.0011193924552321407,0.5963061,Bartonella,genus,
genome_478,3,markers + neural network,0.42028984,0.02173913,0.7777778,0.0,0.8862275449101796,0.0,167.0,0.8706352989260304,0.028419729144776647,0.0010433074403032898,0.51240206,Bacteria,superkingdom,
genome_129,3,markers + neural network,0.5,0.04347826,1.0,0.0,0.9636923247211616,0.003215434083601286,622.0,0.961486227822368,0.0,0.0011432708980392903,0.6276226,Arthrobacter,genus,
genome_881,3,markers + neural network,0.49275362,0.06521739,1.0,0.009259259,0.9935805991440799,0.007132667617689016,701.0,0.9953328339038041,0.0,0.001178973628073619,0.634053,Sporosarcina,genus,
genome_891,3,markers + neural network,0.5,0.050724637,1.0,0.009259259,1.0,0.0,878.0,1.0,0.0012756231584876918,0.0012032235942132058,0.7560936,Neisseriaceae,family,
genome_321,3,markers + neural network,0.36231884,0.072463766,0.6574074,0.0,0.620786112234723,0.001806140448371019,1661.0,0.6035019682066866,0.0,0.0013640666602828132,0.5015081,Enterobacter,genus,
genome_102,2,markers,0.3188406,0.050724637,0.5277778,0.0,0.5264275585087391,0.0038084872269656374,919.0,0.6142681479816402,0.0,0.0013582094500737983,0.53753465,Campylobacter,genus,
genome_727,3,markers + neural network,0.42028984,0.028985508,0.7962963,0.009259259,0.73414456527845,0.0420353982300885,226.0,0.7012372926076229,0.10156479645279487,0.0007636907286148627,0.41215372,Bacteria,superkingdom,
genome_942,3,markers + neural network,0.5072464,0.07971015,1.0,0.027777778,0.999728555917481,0.0002714440825190011,1842.0,1.0,0.0,0.0014328674205675122,0.82782286,Escherichia coli,species,
genome_204,3,markers + neural network,0.4710145,0.06521739,0.8333333,0.009259259,0.7082863344723257,0.0013540960601155791,1477.0,0.6945189494837104,0.0,0.0013579712804915353,0.5322872,Klebsiella,genus,
genome_320,3,markers + neural network,0.26086956,0.028985508,0.6018519,0.027777778,0.6455179039700573,-8.31140450841249e-11,502.0,0.6537254357872516,0.022933122283240508,0.0012553124095792225,0.45743138,Pseudomonadota,phylum,
genome_940,3,markers + neural network,0.4710145,0.0942029,0.9259259,0.009259259,1.0,0.0,332.0,0.9958409040081075,0.0,0.0007529046564212976,0.5727454,Planctomycetia,class,
genome_819,3,markers + neural network,0.5072464,0.06521739,0.8796296,0.009259259,0.8916024254649342,0.002570694087403599,389.0,0.8783546999509705,0.0,0.0009669089861793996,0.5309099,Treponema,genus,
genome_747,3,markers + neural network,0.3115942,0.072463766,0.6759259,0.0,0.8741047471270599,-3.81157530516247e-10,1153.0,0.8630529280452421,0.0,0.0013499997926557147,0.74904704,Enterococcus faecium,species,
genome_874,3,markers + neural network,0.9637681,0.007246377,0.5,0.027777778,0.9807692307692307,0.009615384615384616,260.0,0.9667721458390436,0.0,0.000971188289599576,0.53099567,Archaea,superkingdom,
genome_364,3,markers + neural network,0.47826087,0.04347826,0.9444444,0.0,0.8307061818020403,0.0008264462317316985,1210.0,0.8313138143818002,0.0,0.0013522372918501626,0.6526269,Geobacillus,genus,
genome_468,3,markers + neural network,0.5,0.07971015,1.0,0.009259259,1.0,0.002246591961490038,1459.0,0.9995765892534039,0.014519307652065584,0.001309993028184467,0.9045712,Staphylococcus aureus,species,
genome_526,3,markers + neural network,0.9710145,0.02173913,0.5185185,0.009259259,0.972007722007722,0.022522523136212558,518.0,0.9769388048523016,0.02347399881263703,0.0007642710379905784,0.7082766,Nitrososphaerota,phylum,
genome_954,3,markers + neural network,0.4710145,0.0942029,0.9814815,0.0,1.0,0.0,706.0,1.0,0.0,0.0011181198102187177,0.74545753,Campylobacter,genus,
genome_306,3,markers + neural network,0.442029,0.07971015,0.7407407,0.0,0.6924634837640549,0.0037817394714108163,617.0,0.6789739492397191,0.0,0.001070886982978901,0.43796656,Streptomyces,genus,
genome_536,3,markers + neural network,0.42028984,0.02173913,0.8055556,0.009259259,0.8074106441021803,0.0035149384885764497,569.0,0.8051131409733645,0.0,0.0012499374316217008,0.5944325,Cyanophyceae,class,
genome_182,3,markers + neural network,0.29710144,0.04347826,0.6851852,0.0,0.7572142519096302,-3.2847819527430463e-10,943.0,0.7557956405946596,0.0,0.0013668735481594703,0.6052427,Staphylococcus,genus,
genome_595,3,markers + neural network,0.4710145,0.057971016,0.8981481,0.0,0.7976567033560437,0.009513984192188372,1454.0,0.7829458148170585,0.0,0.0012206530641481425,0.57860935,Klebsiella,genus,
genome_16,2,markers,0.35507247,0.02173913,0.537037,0.0,0.5407733651094658,-5.152975224814856e-10,860.0,0.5980271019598039,0.0,0.0012535394505242214,0.487889,Lactococcus,genus,
genome_582,3,markers + neural network,0.5072464,0.04347826,0.9444444,0.0,0.8570359020986639,0.0007745931999892066,1291.0,0.8508777359103069,0.0,0.0012058225908530694,0.6323575,Pseudomonas,genus,
genome_58,3,markers + neural network,0.17391305,0.036231883,0.44444445,0.0,0.6138565771690401,0.008790435670297357,948.0,0.6089364322199015,0.0,0.0012048241435679528,0.4909298,Lactiplantibacillus,genus,
genome_32,3,markers + neural network,0.48550725,0.072463766,1.0,0.0,1.0,0.001443001443001443,693.0,1.0,0.0,0.001366991706916978,0.7881965,Leuconostoc,genus,
genome_704,3,markers + neural network,0.49275362,0.050724637,1.0,0.0,1.0,0.0014903129657228018,671.0,1.0,0.0,0.0010764438089664139,0.69572514,Flavobacterium,genus,
genome_816,3,markers + neural network,0.46376812,0.06521739,0.9814815,0.0,1.0,0.006344557855698235,683.0,0.9999414993988327,0.006619841764502872,0.0012212857040443247,0.8187941,Helicobacter,genus,
genome_850,3,markers + neural network,0.49275362,0.036231883,0.9907407,0.009259259,1.0,0.003267973744902624,714.0,0.9998800612129872,0.007907802856405022,0.0011619976959222923,0.78075886,Corynebacterium,genus,
genome_899,3,markers + neural network,0.48550725,0.072463766,0.9814815,0.009259259,0.9594594594594594,0.017267266909281414,444.0,0.9569031165392224,0.0066149252697668415,0.0007699826709236475,0.5329811,Bacteroidota,phylum,
genome_151,2,markers,0.2173913,0.028985508,0.4814815,0.018518519,0.49018324607329844,-7.80165507531291e-11,382.0,0.5781922653417226,0.0,0.0009001978271860545,0.32315084,Bacteria,superkingdom,
genome_736,3,markers + neural network,0.4710145,0.072463766,0.8611111,0.0,0.9166380816561195,0.01826722338204593,958.0,0.9220473203684724,0.0,0.001249394134235147,0.58261025,Pseudomonas,genus,
genome_403,3,markers + neural network,0.19565217,0.014492754,0.4722222,0.009259259,0.7012490623170374,-2.1868996127395335e-10,427.0,0.6954947755858449,0.0,0.001068136318578504,0.4913035,Propionibacteriaceae,family,
genome_898,3,markers + neural network,0.5072464,0.06521739,1.0,0.009259259,1.0,0.002711076684740511,1291.0,1.0,0.0,0.0012694167648927533,0.71921825,Pseudomonas,genus,
genome_110,2,markers,0.1884058,0.02173913,0.3888889,0.0,0.5452923536156947,0.0005023101139241058,1659.0,0.5977398718042176,0.0,0.0015526339536841112,0.44963676,Enterobacteriaceae,family,
genome_312,3,markers + neural network,0.46376812,0.04347826,0.9074074,0.0,0.7684520591954961,0.0022802435075645346,1915.0,0.7648562652738959,0.0,0.0013959141365838482,0.6381768,Salmonella enterica,species,
genome_636,2,markers,0.13768116,0.014492754,0.37962964,0.0,0.5701264706914296,-2.2207986259451433e-10,501.0,0.6238267165015855,0.03993622376225208,0.0011193555600960805,0.46094367,Leucobacter,genus,
genome_384,3,markers + neural network,0.49275362,0.06521739,0.9351852,0.0,0.885770679014847,0.005316390041493776,1928.0,0.8738294484306044,0.0,0.0013600426906678273,0.7271852,Salmonella enterica,species,
genome_60,2,markers,0.38405797,0.007246377,0.6759259,0.0,0.5465776701403381,-3.084714646581365e-10,599.0,0.607107971506074,0.0,0.0010842136450011238,0.45025232,Flavobacteriaceae,family,
genome_619,3,markers + neural network,0.2173913,0.050724637,0.5185185,0.0,0.7650931222098214,0.013840676627267345,749.0,0.7713566186934615,0.0,0.0010890553329438795,0.4788632,Streptomyces,genus,
genome_644,3,markers + neural network,0.2173913,0.04347826,0.5740741,0.018518519,0.7428055321082065,0.007993811242908716,1939.0,0.733702244194916,0.0,0.0014952183907796764,0.61062884,Escherichia coli,species,
genome_849,3,markers + neural network,0.51449275,0.10144927,1.0,0.018518519,1.0,0.004020979076554448,858.0,1.0,0.0,0.0011716682223020796,0.6095124,Rhodococcus,genus,
genome_512,3,markers + neural network,0.51449275,0.04347826,0.9722222,0.0,0.9069334983825683,0.005078125,1280.0,0.9014865150016452,0.0,0.0012658916278930113,0.6931205,Morganellaceae,family,
genome_853,3,markers + neural network,0.51449275,0.06521739,1.0,0.009259259,0.9969362531389508,0.005847338868790314,1904.0,0.9976238496407832,0.0,0.0015257667632906232,0.8214149,Escherichia coli,species,
genome_931,3,markers + neural network,0.51449275,0.08695652,1.0,0.009259259,1.0,0.013176638448340262,1170.0,1.0,0.0,0.0012492331139409302,0.6957278,Pseudomonas,genus,
genome_721,3,markers + neural network,0.4710145,0.050724637,0.9351852,0.0,0.9271031186069438,0.0026881717414059723,1054.0,0.9183893874028894,0.0,0.0013796802724802284,0.79332435,Streptococcus agalactiae,species,
genome_466,3,markers + neural network,0.44927537,0.050724637,0.8240741,0.009259259,0.8273425671926447,0.0028222013170272815,1063.0,0.8260110752821097,0.0,0.001294133666627182,0.6923782,Pasteurella,genus,
genome_665,3,markers + neural network,0.45652175,0.06521739,0.8425926,0.0,0.7195355024494109,-2.7685216742074624e-10,610.0,0.7135300664781312,0.0,0.0013042448463711275,0.51410735,Enterococcus,genus,
genome_557,3,markers + neural network,0.2753623,0.02173913,0.6388889,0.027777778,0.7587965705361877,0.0042417815482502655,943.0,0.7469522772929659,0.008401493652291155,0.0011913527383732505,0.64814,Synechococcus,genus,
genome_464,3,markers + neural network,0.39130434,0.02173913,0.7962963,0.009259259,0.6972558711977905,0.002421307217410921,826.0,0.6959775389362512,0.0,0.0015212617288880017,0.599097,Streptococcus,genus,
genome_75,3,markers + neural network,0.442029,0.057971016,0.9444444,0.0,1.0,0.001455604075691412,687.0,0.998552148486969,0.0,0.0013719779032708268,0.8370617,Rickettsia,genus,
genome_851,3,markers + neural network,0.5072464,0.07971015,1.0,0.009259259,0.9962825278810409,0.011565468420621927,807.0,1.0,0.0,0.001250179526006109,0.6460891,Pseudomonadaceae,family,
genome_535,3,markers + neural network,0.49275362,0.050724637,0.9259259,0.0,0.8417489296777587,0.004848988771636785,1203.0,0.8356359344061031,0.0,0.001370091621014115,0.6355578,Xanthomonas,genus,
genome_690,3,markers + neural network,0.5072464,0.036231883,0.9814815,0.018518519,0.9451754385964912,0.009221771950663826,741.0,0.9443918866814611,0.0,0.0012230090999382486,0.5726579,Bacillales,order,
genome_104,3,markers + neural network,0.41304347,0.04347826,0.6944444,0.009259259,0.680327868852459,0.00819672131147541,244.0,0.6487633323451529,0.02249163282336257,0.0010404963338973491,0.44115353,Bacteria,superkingdom,
genome_691,3,markers + neural network,0.48550725,0.07971015,0.9907407,0.018518519,0.9490560222399177,0.009095773650976092,1246.0,0.9427544914900451,0.0,0.0012710233920965118,0.69399023,Pantoea,genus,
genome_368,3,markers + neural network,0.442029,0.04347826,0.8148148,0.0,0.779325302333048,0.0030441400304414,657.0,0.7670542685785833,0.0,0.0009996045063151784,0.5140468,Pedobacter,genus,
genome_119,2,markers,0.41304347,0.02173913,0.6851852,0.0,0.5131626451106938,0.004347825599143572,1955.0,0.585445197444579,0.0,0.001355929026175835,0.43805227,Salmonella enterica,species,
genome_892,3,markers + neural network,0.5,0.08695652,1.0,0.0,1.0,0.022530413718119154,1370.0,1.0,0.02623249843279028,0.0013213625661873517,0.81916964,Vibrio,genus,
genome_756,3,markers + neural network,0.36231884,0.06521739,0.6944444,0.0,0.8683544303797468,-7.544891743720332e-11,395.0,0.8653238679690092,0.03836189650538629,0.0011010703197071748,0.55791295,Spirochaetales,order,
genome_328,2,markers,0.19565217,0.014492754,0.4537037,0.0,0.47619048916563694,-5.068422325828866e-11,196.0,0.6258212688172469,0.02060628619518253,0.0010189453991046643,0.4509277,Bacteria,superkingdom,
genome_89,2,markers,0.20289855,0.014492754,0.4722222,0.0,0.5484862298792756,0.0005030179287586173,994.0,0.5984379825077719,0.0,0.0012234920006345578,0.4317572,Pseudomonas,genus,
genome_94,3,markers + neural network,0.48550725,0.028985508,1.0,0.0,0.9995961227786753,0.0,619.0,1.0,0.0,0.001212806610834458,0.67514807,Microbacterium,genus,
genome_476,3,markers + neural network,0.47826087,0.057971016,0.962963,0.009259259,0.8900668767644291,0.006900878293601004,797.0,0.8904288213325555,0.0,0.0009814447404357153,0.58463514,Flavobacterium,genus,
genome_901,3,markers + neural network,0.47826087,0.050724637,0.9814815,0.0,1.0,0.0,689.0,1.0,0.0,0.001226826113182317,0.7148053,Neisseriaceae,family,
genome_802,3,markers + neural network,0.44927537,0.10144927,0.9722222,0.0,0.951570540208083,0.0033653846153846156,1040.0,0.9456823309081535,0.023958846706622492,0.0012593756617294682,0.8397731,Campylobacter,genus,
genome_554,3,markers + neural network,0.3115942,0.057971016,0.6851852,0.0,0.8032393637773582,0.001233045328707054,1622.0,0.7995603807283107,0.0,0.0011923580474133503,0.65914214,Enterobacter,genus,
genome_947,3,markers + neural network,0.5,0.10144927,1.0,0.055555556,0.984375,0.05180921052631579,608.0,0.9804077243540803,0.005604012948696793,0.0010646915783856935,0.5322188,Cyanophyceae,class,
genome_318,2,markers,0.36956522,0.028985508,0.6296296,0.0,0.5806663924727697,0.0008298753208144571,1205.0,0.6114974229447253,0.0,0.0011496666514692938,0.44282258,Pseudomonas,genus,
genome_471,3,markers + neural network,0.39130434,0.08695652,0.7685185,0.0,0.7041987982098172,-1.7706443139754886e-10,537.0,0.6978034534588833,0.0,0.0012315767678370232,0.496749,Geobacteraceae,family,
genome_755,3,markers + neural network,0.39855072,0.028985508,0.9074074,0.0,0.60688428642336,0.002754820608238872,726.0,0.6252619875786736,0.0,0.0013705646065870062,0.5166555,Lactobacillus delbrueckii,species,
genome_154,3,markers + neural network,0.49275362,0.10144927,1.0,0.0,0.9984585271405347,0.0035645473899179802,865.0,0.9988784330992618,0.0,0.001406498852048731,0.81616795,Limosilactobacillus fermentum,species,
genome_568,3,markers + neural network,0.36956522,0.06521739,0.8055556,0.0,0.9292285038874699,0.0014423075776833754,1040.0,0.9254406211372852,0.0,0.001321926454863056,0.8417099,Campylobacter,genus,
genome_97,2,markers,0.4057971,0.2536232,0.8425926,0.2777778,0.9166666666666666,0.49641578428206906,186.0,0.925591770893855,0.210723865791204,0.001483824481272059,0.33559674,Bacteria,superkingdom,
genome_54,3,markers + neural network,0.2826087,0.014492754,0.6388889,0.0,0.6104340465717603,-2.0896454516666635e-10,599.0,0.6401031983130477,0.0,0.0011273563057669956,0.51302415,Campylobacter,genus,
genome_518,3,markers + neural network,0.4710145,0.057971016,0.8888889,0.009259259,0.7868454907391522,0.01097972972972973,1184.0,0.7850304158232679,0.0,0.0013195642130586847,0.5754514,Enterobacteriaceae,family,
genome_415,3,markers + neural network,0.45652175,0.050724637,0.7314815,0.0,0.7382002766927084,0.005555555555555556,1350.0,0.7259345495073004,0.0,0.0012189076658797218,0.56857604,Vibrio,genus,
genome_719,3,markers + neural network,0.48550725,0.07971015,0.8888889,0.0,0.7625106460298113,0.023017904439342398,1173.0,0.7506322958910402,0.013151739658361493,0.0014056658881039612,0.5613923,Vibrio,genus,
genome_305,2,markers,0.3478261,0.014492754,0.5925926,0.009259259,0.5920252162136207,0.0028922628511661905,1383.0,0.5998329756568274,0.0028655589646428975,0.0012392373819241256,0.550482,Staphylococcus,genus,
genome_317,3,markers + neural network,0.3478261,0.028985508,0.5925926,0.009259259,0.6048961160502908,0.004329004329004329,1848.0,0.6013289790130549,0.0,0.0014430043923745598,0.5118699,Escherichia coli,species,
genome_21,3,markers + neural network,0.34057972,0.04347826,0.6296296,0.0,0.6343851156168051,-2.7423827518622136e-10,858.0,0.6445485613444677,0.00403061756595028,0.0011023374644658535,0.6093797,Bartonella,genus,
genome_616,3,markers + neural network,0.49275362,0.07971015,1.0,0.037037037,0.9969362745098039,0.0095996733974008,816.0,0.9993743500871839,0.011888295724713685,0.0012904805536736949,0.77372634,Streptococcus,genus,
genome_683,3,markers + neural network,0.2536232,0.028985508,0.6111111,0.0,0.8152493186201196,0.0021830393024896196,1985.0,0.8023676915999839,0.0,0.0014120105848428215,0.6673034,Escherichia coli,species,
genome_17,3,markers + neural network,0.70289856,0.0,0.28703704,0.0,0.611439688293339,0.005802707930367505,517.0,0.6235566270839665,0.0,0.0010597137793671393,0.49571738,Sulfolobaceae,family,
genome_929,3,markers + neural network,0.5,0.050724637,1.0,0.0,1.0,0.0,825.0,1.0,0.0,0.0011170694964397882,0.66183686,Halomonas,genus,
genome_219,3,markers + neural network,0.4710145,0.072463766,0.9351852,0.018518519,0.8139828172929447,0.0007668708456805878,1304.0,0.8061110156762163,0.0,0.0012431943743875958,0.66055506,Acinetobacter baumannii,species,
genome_548,3,markers + neural network,0.16666667,0.028985508,0.5,0.0,0.6720286105976667,0.002680965147453083,373.0,0.660967377505408,0.0768379285652594,0.000998957102516342,0.45755666,Bacteria,superkingdom,
genome_280,3,markers + neural network,0.4057971,0.02173913,0.6944444,0.0,0.6115233291535688,0.0040680473372781065,1352.0,0.6218499798454515,0.0,0.001128600605676456,0.50161546,Xanthomonas,genus,
genome_583,3,markers + neural network,0.36956522,0.028985508,0.6111111,0.0,0.6278555859094379,0.0026939653459636644,1392.0,0.620468731131406,0.0,0.001356651130970197,0.4980058,Citrobacter,genus,
genome_96,2,markers,0.1594203,0.007246377,0.3888889,0.0,0.5133424352426998,-1.6149711319309073e-10,732.0,0.6024096269504168,0.0,0.0012265612543070335,0.4135193,Sphingomonadaceae,family,
genome_247,3,markers + neural network,0.4347826,0.050724637,0.7777778,0.009259259,0.7817713257613456,0.029723991507430998,471.0,0.7550802642321683,0.03858124076987485,0.0010986478592444518,0.45413932,Alphaproteobacteria,class,
genome_264,3,markers + neural network,0.3768116,0.06521739,0.787037,0.0,0.6423237727238582,0.000961538003041194,1040.0,0.6504009828138885,0.004245342124442837,0.0013562168645961362,0.6141304,Campylobacter,genus,
genome_524,3,markers + neural network,0.45652175,0.06521739,0.8055556,0.009259259,0.750439807418783,0.00395778364116095,379.0,0.720397697858897,0.0,0.0007912033772765139,0.44668567,Planctomycetaceae,family,
genome_579,3,markers + neural network,0.17391305,0.050724637,0.4537037,0.0,0.7699088502728768,0.0019138754840102492,1045.0,0.7707564247468859,0.0,0.0012444499383233957,0.5574086,Achromobacter,genus,
genome_427,3,markers + neural network,0.22463769,0.014492754,0.5462963,0.0,0.7055734874975054,0.0031931876121143385,1879.0,0.6907723251526869,0.0,0.0013568947884199773,0.57400334,Salmonella enterica,species,
genome_822,3,markers + neural network,0.48550725,0.07971015,0.9722222,0.037037037,0.8484317050890976,0.007022471910112359,712.0,0.8296068945538548,0.0,0.001174135819110423,0.4999656,Burkholderiaceae,family,
genome_506,2,markers,0.20289855,0.014492754,0.42592594,0.0,0.5599011211123217,-8.996249140951727e-11,631.0,0.6214802715475881,0.0,0.002053393886677014,0.4212427,Alcaligenaceae,family,
genome_620,3,markers + neural network,0.442029,0.057971016,0.9444444,0.0,1.0,0.001455604075691412,687.0,0.998552148486969,0.0,0.0013719779032708268,0.8370617,Rickettsia,genus,
genome_628,3,markers + neural network,0.47826087,0.04347826,0.9907407,0.0,1.0,0.0,296.0,0.9908083463497895,0.0,0.0012574225357181415,0.60470504,Pseudomonadota,phylum,
genome_19,2,markers,0.23913044,0.036231883,0.41666666,0.0,0.5201275449810606,0.0008658005561663475,1155.0,0.5992941133039733,0.0,0.0012754470312345936,0.45989275,Morganellaceae,family,
genome_133,2,markers,0.13768116,0.007246377,0.33333334,0.0,0.5065578497023809,0.0009523804414839972,1050.0,0.590689115925607,0.0,0.0013047923951586666,0.453148,Enterococcus,genus,
genome_812,3,markers + neural network,0.49275362,0.057971016,1.0,0.0,1.0,0.0009407337723424271,1063.0,1.0,0.004804838906782634,0.0013146408067602727,0.8567719,Pasteurella,genus,
genome_292,3,markers + neural network,0.26811594,0.06521739,0.6203704,0.009259259,0.6812365282254568,0.0009250693802035153,1081.0,0.6748567691347447,0.0,0.001222407053529285,0.5163941,Vibrio,genus,
genome_442,3,markers + neural network,0.51449275,0.10144927,0.9722222,0.009259259,0.9975206611570248,0.0,605.0,1.0,0.0,0.0010019716777329478,0.577361,Streptomyces,genus,
genome_793,3,markers + neural network,0.5,0.057971016,1.0,0.009259259,0.9982758620689656,0.0075,1450.0,0.996444791549997,0.010131439737627472,0.0012953525999303147,0.89776516,Staphylococcus aureus,species,
genome_269,2,markers,0.11594203,0.028985508,0.3611111,0.0,0.512641699135709,-2.0949477677932998e-10,588.0,0.6110461787306962,0.035497522195330415,0.0008363789316259289,0.4299596,Flavobacteriaceae,family,
genome_243,2,markers,0.23188406,0.028985508,0.6111111,0.0,0.5829081632653061,0.002551020408163265,392.0,0.6253960591600427,0.024675957215897847,0.0011083522824760037,0.45929253,Pseudomonadota,phylum,
genome_200,2,markers,0.32608697,0.028985508,0.6203704,0.0,0.5735189339977401,0.0019440122562841531,1286.0,0.6024306908626825,0.0,0.0011447306816957598,0.48596686,Xanthomonas,genus,
genome_441,3,markers + neural network,0.42028984,0.007246377,0.7962963,0.0,0.7418107354331772,-1.6604560569930327e-10,694.0,0.7319417015722971,0.0,0.0010102294409846785,0.57071435,Flavobacteriaceae,family,
genome_414,3,markers + neural network,0.18115942,0.050724637,0.4722222,0.0,0.6804035243703358,0.004975124378109453,603.0,0.6916032420496638,0.0,0.0014795562572813825,0.553682,Lactobacillus,genus,
genome_686,3,markers + neural network,0.47826087,0.06521739,0.9444444,0.018518519,0.937918484210968,0.015625,512.0,0.9319604003255857,0.0,0.001199415188027215,0.5729905,Alphaproteobacteria,class,
genome_782,3,markers + neural network,0.5072464,0.123188406,0.962963,0.009259259,0.9561124395916106,0.06161369379691798,409.0,0.9499868751608529,0.03970556916704547,0.0010517907229559691,0.44457063,Desulfuromonadia,class,
genome_11,2,markers,0.29710144,0.057971016,0.4814815,0.0,0.47834645669291337,0.003374578177727784,889.0,0.6002166973502021,0.0010720758848234216,0.0012023770439957952,0.3805919,Enterobacterales,order,
genome_852,3,markers + neural network,0.4710145,0.08695652,0.9722222,0.009259259,1.0,0.00673482620031251,1027.0,1.0,0.0,0.0008718828236349956,0.8177537,Leptospira,genus,
genome_505,3,markers + neural network,0.49275362,0.057971016,0.9351852,0.027777778,0.7796906336303261,0.007364544976328248,1901.0,0.7706935508040509,0.0,0.0014875554754863868,0.649776,Enterobacteriaceae,family,
genome_648,3,markers + neural network,0.49275362,0.08695652,0.8981481,0.0,0.8616874346594593,-8.244072828734089e-11,482.0,0.8624451300559293,0.0,0.0011434729095486883,0.62705576,Negativicutes,class,
genome_202,3,markers + neural network,0.442029,0.050724637,0.8703704,0.0,0.7183150406722184,-8.733281546043585e-11,455.0,0.6897128252842677,0.0,0.0010263547176065032,0.43804097,Gammaproteobacteria,class,
genome_622,3,markers + neural network,0.4710145,0.04347826,0.9259259,0.009259259,0.8235512444911859,0.005299145625187801,1950.0,0.8165768526521568,0.0,0.0014388335335394212,0.6675785,Escherichia coli,species,
genome_352,3,markers + neural network,0.13043478,0.02173913,0.42592594,0.009259259,0.6804376214404347,0.005159958720330237,969.0,0.6802840675791828,0.0,0.0010810908931139192,0.50312173,Bacteroides,genus,
genome_418,3,markers + neural network,0.1594203,0.036231883,0.37962964,0.037037037,0.6986281199547121,0.027729131294424187,571.0,0.6932177547853204,0.015586501963741131,0.0012135646902478572,0.4679494,Gammaproteobacteria,class,
genome_682,2,markers,0.39855072,0.19565217,0.8518519,0.25,0.8655913978494624,0.3870967741935484,186.0,0.9008778383346244,0.20958696425636666,0.0016064438082786707,0.35372657,Bacteria,superkingdom,
genome_206,3,markers + neural network,0.47826087,0.06521739,0.9444444,0.018518519,0.9296788820792671,-1.3201472104484487e-10,301.0,0.9050937269602575,0.0,0.0012838716706161921,0.5223061,Bacteria,superkingdom,
genome_284,3,markers + neural network,0.21014492,0.014492754,0.41666666,0.009259259,0.6072934759103141,-1.257039885188266e-10,569.0,0.6164716567447882,0.0,0.0012640219494035464,0.44904938,Mycobacteriaceae,family,
genome_876,3,markers + neural network,0.5072464,0.072463766,1.0,0.0,1.0,0.0024261064006388952,1951.0,1.0,0.0,0.0013909392426533196,0.86362964,Salmonella enterica,species,
genome_258,3,markers + neural network,0.39855072,0.02173913,0.7685185,0.0,0.6639930110549177,0.008840864440078585,1018.0,0.662153930131957,0.0,0.0012611457158510251,0.5363971,Enterococcus,genus,
genome_770,3,markers + neural network,0.45652175,0.07971015,0.8981481,0.0,0.8444001500508383,-9.234894684582644e-11,753.0,0.8480946928049171,0.0,0.0020140969704838274,0.5888316,Alcaligenaceae,family,
genome_175,3,markers + neural network,0.5,0.050724637,1.0,0.0,1.0,0.002147340680019352,1009.0,1.0,0.0,0.0012918407875997689,0.80492586,Neisseria,genus,
genome_905,3,markers + neural network,0.5,0.057971016,1.0,0.009259259,0.998431966377851,0.0010691375623663579,1403.0,0.9950153110620259,0.0016509534052779953,0.0013027727285758299,0.90224713,Staphylococcus,genus,
genome_844,3,markers + neural network,0.46376812,0.057971016,0.9814815,0.0,1.0,0.007407407407407408,675.0,0.9982543687229144,0.014111483673709707,0.001192318160752687,0.81347084,Helicobacter,genus,
genome_162,2,markers,0.39855072,0.04347826,0.6296296,0.0,0.5526449188931297,0.010950563778144063,1834.0,0.5971263497852293,0.004973709671573123,0.0013891556117870184,0.46580276,Klebsiella,genus,
genome_340,3,markers + neural network,0.42753622,0.014492754,0.8518519,0.0,0.7041528137815355,-2.0792319361267964e-10,602.0,0.6988571375651136,0.0,0.0010375921508337896,0.5796044,Weeksellaceae,family,
genome_208,3,markers + neural network,0.442029,0.057971016,0.8981481,0.018518519,0.6585334267460871,0.0017152656617336372,1166.0,0.649737316770353,0.0,0.001273504428513229,0.507569,Bacillus,genus,
genome_389,3,markers + neural network,0.47826087,0.0942029,1.0,0.0,1.0,0.004326923076923077,1040.0,0.9999386481854344,0.011420773226978896,0.0012842127293444642,0.885288,Campylobacter,genus,
genome_20,2,markers,0.35507247,0.02173913,0.5833333,0.0,0.5263747529014736,0.0009319662270097119,1073.0,0.5853621997941779,0.0,0.0013423427895907735,0.4319932,Enterobacterales,order,
genome_575,3,markers + neural network,0.48550725,0.04347826,0.9907407,0.0,0.9187786073175095,0.01603053435114504,655.0,0.9153426854015516,0.0,0.0010482549989158628,0.58830076,Flavobacteriaceae,family,
genome_515,3,markers + neural network,0.26811594,0.028985508,0.6388889,0.0,0.7362935575447361,-6.531225076615103e-10,1914.0,0.7268742160875838,0.0,0.0013966414728112226,0.6020674,Salmonella enterica,species,
genome_353,3,markers + neural network,0.45652175,0.014492754,0.8888889,0.0,0.7678464431680571,-1.5530796837554372e-10,929.0,0.7532035277918159,0.0,0.001243286454427979,0.52171874,Pseudomonas,genus,
genome_983,3,markers + neural network,0.49275362,0.06521739,1.0,0.009259259,1.0,0.008140531481078473,778.0,1.0,0.021137642402411123,0.0013497197374569762,0.78124726,Listeria,genus,
genome_840,3,markers + neural network,0.5,0.0942029,1.0,0.009259259,0.9903508771929824,0.05385965046129729,570.0,0.9930500790083425,0.0356463816156874,0.0010937170681443846,0.54401314,Alphaproteobacteria,class,
genome_67,2,markers,0.38405797,0.02173913,0.6481481,0.009259259,0.5981621527886176,0.0004994999040495027,1001.0,0.6194778766982335,0.0,0.0013194532294637986,0.51588076,Staphylococcus,genus,
genome_818,3,markers + neural network,0.5,0.057971016,0.9444444,0.009259259,0.9004193192008156,-3.1239332574291126e-11,636.0,0.8996151937414029,0.0,0.001167924334732331,0.5812902,Neisseriales,order,
genome_223,2,markers,0.42028984,0.24637681,0.8981481,0.3611111,0.92,0.5883333206176757,200.0,0.8928790388399064,0.21910197796203656,0.0018870433081466867,0.32375163,Bacteria,superkingdom,
genome_289,3,markers + neural network,0.4347826,0.02173913,0.7685185,0.0,0.8013100436681223,0.0,229.0,0.8183020543306849,0.027270020041344704,0.000993352432891149,0.60148096,Bacteria,superkingdom,
genome_18,3,markers + neural network,0.42753622,0.014492754,0.7592593,0.0,0.6054923380227913,-2.5523507117343666e-10,665.0,0.6227543452818981,0.0,0.0010213403029764774,0.48275635,Weeksellaceae,family,
genome_383,3,markers + neural network,0.46376812,0.08695652,0.7592593,0.0,0.7402116563585069,0.009523809523809525,315.0,0.7338768724726481,0.0,0.0009937832506425968,0.42410535,Bacteria,superkingdom,
genome_267,3,markers + neural network,0.5,0.0942029,1.0,0.018518519,1.0,0.0027685492801771874,903.0,1.0,0.0,0.0013424567168004572,0.81583303,Streptococcus,genus,
genome_569,3,markers + neural network,0.34057972,0.04347826,0.7222222,0.009259259,0.733249798074743,0.00040306296861733894,827.0,0.7292336094884281,0.0,0.0012625860057007671,0.6121414,Macrococcus,genus,
genome_824,3,markers + neural network,0.45652175,0.050724637,0.9351852,0.0,0.9966329966329966,0.005050505050505051,297.0,0.992846889066914,0.0,0.0009196192818979116,0.6083199,Bacteria,superkingdom,
genome_900,3,markers + neural network,0.5,0.072463766,1.0,0.018518519,1.0,0.0230148325415806,764.0,1.0,0.0,0.0012161260214556633,0.62911814,Mycobacteriaceae,family,
genome_400,3,markers + neural network,0.42028984,0.028985508,0.8425926,0.0,0.8696969961191152,-1.0321150918051509e-10,385.0,0.8718738982457679,0.0,0.0011693760539629005,0.6160521,Bacilli,class,
genome_228,2,markers,0.13768116,0.028985508,0.3425926,0.0,0.54596320502192,0.0005995200263510506,834.0,0.6122930406103164,0.0024639237650374776,0.0013128200819462294,0.50416493,Thermus,genus,
genome_519,3,markers + neural network,0.26811594,0.02173913,0.6481481,0.0,0.7226148409893993,0.0,283.0,0.7111534619695572,0.01045682372726802,0.0009204608224088288,0.5098391,Bacteria,superkingdom,
genome_875,3,markers + neural network,0.49275362,0.06521739,1.0,0.009259259,1.0,0.0,778.0,1.0,0.0068508937357235206,0.0013582896604517661,0.79169816,Listeria,genus,
genome_828,3,markers + neural network,0.48550725,0.057971016,0.962963,0.0,0.8670401120976291,0.005294268923533726,1297.0,0.8604500960053064,0.0,0.001202998444496424,0.70413053,Acinetobacter,genus,
genome_411,3,markers + neural network,0.5,0.050724637,1.0,0.009259259,0.9985322896281801,0.021200260304191573,1022.0,1.0,0.0015698004527613593,0.0013221503005564205,0.7909894,Neisseria,genus,
genome_413,3,markers + neural network,0.13768116,0.014492754,0.35185185,0.0,0.6032196289715283,0.006016042780748663,748.0,0.620974029014251,0.0,0.001306400355528723,0.5162493,Lactobacillus,genus,
genome_381,3,markers + neural network,0.48550725,0.06521739,0.8888889,0.018518519,0.8425736525698289,0.004340714645193759,1987.0,0.8257516210424557,0.0,0.0014511058778670606,0.69777656,Escherichia coli,species,
genome_735,3,markers + neural network,0.5,0.07971015,1.0,0.018518519,0.9305160695856268,0.01740056818181818,704.0,0.943861262490478,0.0,0.001143361547341245,0.5319626,Streptomyces,genus,
genome_338,3,markers + neural network,0.2173913,0.06521739,0.44444445,0.018518519,0.6964657070400478,-3.801469569561386e-10,888.0,0.7011789844268435,0.0,0.0013323763858804133,0.6023734,Streptococcus,genus,
genome_169,2,markers,0.1521739,0.04347826,0.30555555,0.009259259,0.5428240740740741,0.012345679012345678,648.0,0.6148761195160258,0.003390501547981324,0.0010424811717355278,0.3916116,Cyanophyceae,class,
genome_44,2,markers,0.10144927,0.0,0.30555555,0.009259259,0.4788009995434519,0.005765199161425576,954.0,0.6044961468112948,0.0006513438929129575,0.0013268737959848888,0.48442578,Neisseria,genus,
genome_838,3,markers + neural network,0.5072464,0.072463766,0.9907407,0.009259259,1.0,0.0,689.0,1.0,0.0,0.0010770267557890889,0.6770219,Deinococcus,genus,
genome_598,3,markers + neural network,0.5,0.07971015,1.0,0.018518519,1.0,0.0012953367875647669,772.0,0.996877524732468,0.0,0.0012465286399231835,0.674396,Mycobacterium,genus,
genome_294,2,markers,0.20289855,0.036231883,0.5185185,0.0,0.5351702431930996,0.0015649451336390535,639.0,0.5999133942253935,0.0,0.0011656278935541359,0.42007473,Mycobacteriales,order,
genome_332,2,markers,0.4057971,0.014492754,0.7777778,0.018518519,0.5997369316186798,0.02378277296430609,890.0,0.6215195330330927,0.030810892369302484,0.0011129031322818117,0.47122917,Lactiplantibacillus,genus,
genome_688,3,markers + neural network,0.47826087,0.036231883,0.8981481,0.009259259,0.7891295257347395,-4.2494827465584394e-10,1243.0,0.7765023431711924,0.0,0.001274505506168339,0.664692,Enterococcus faecalis,species,
genome_614,3,markers + neural network,0.39855072,0.072463766,0.8611111,0.018518519,0.7271692196405284,0.004829984544049459,1294.0,0.7270008742614691,0.0,0.0011181725787693855,0.57527167,Ralstonia,genus,
genome_109,3,markers + neural network,0.4057971,0.04347826,0.7777778,0.009259259,0.8334938203246249,0.003362648485857652,1933.0,0.822307538378418,0.0,0.001547628671230487,0.69228226,Enterobacteriaceae,family,
genome_547,3,markers + neural network,0.49275362,0.050724637,0.962963,0.0,0.8339980668346523,0.003988035892323031,1003.0,0.8245161770335239,0.0,0.0012874570155074097,0.68232137,Staphylococcus,genus,
genome_287,3,markers + neural network,0.1884058,0.028985508,0.41666666,0.0,0.6088377354508739,-2.814262992137243e-10,590.0,0.6094161077965309,0.0,0.0011406292001075228,0.4351715,Hyphomicrobiales,order,
genome_103,2,markers,0.38405797,0.036231883,0.712963,0.0,0.5573530565887983,0.0007581495262620302,1319.0,0.6045943101854897,0.0,0.0012013219631942438,0.49035466,Acinetobacter baumannii,species,
genome_953,3,markers + neural network,1.0,0.0,0.5185185,0.018518519,1.0,0.0,622.0,1.0,0.0,0.0012365085880785564,0.773222,Thermococcus,genus,
genome_613,3,markers + neural network,0.47826087,0.072463766,0.9074074,0.009259259,0.7959162155844448,0.004025474416324365,1387.0,0.7962939413554742,0.0,0.0012857887581870643,0.58827585,Bacillus,genus,
genome_740,3,markers + neural network,0.2753623,0.04347826,0.6018519,0.0,0.7148809648746819,0.002262443169209752,884.0,0.7083960813797414,0.005710219179146291,0.001196106902054371,0.6008758,Staphylococcus,genus,
genome_865,3,markers + neural network,0.47826087,0.07971015,0.9814815,0.0,1.0,0.02795425667090216,787.0,1.0,0.007701138037774301,0.0012400473284730367,0.78165644,Fusobacterium,genus,
genome_603,3,markers + neural network,0.47826087,0.050724637,1.0,0.009259259,0.9969742813918305,0.0030257186081694403,661.0,0.9978465537841636,0.0,0.0010420584423052415,0.77604717,Weeksellaceae,family,
genome_160,3,markers + neural network,0.32608697,0.057971016,0.75,0.0,0.9337816906303817,0.0011481055572851381,871.0,0.9324769200716114,0.0,0.0014687055550798521,0.77205247,Streptococcus,genus,
genome_393,3,markers + neural network,0.47826087,0.07971015,0.9722222,0.0,0.8547618435737782,0.0033834586466165413,665.0,0.8562386632655448,0.0,0.0010450880457352426,0.49485096,Streptomyces,genus,
genome_443,3,markers + neural network,0.26811594,0.036231883,0.6203704,0.0,0.7025880517426485,-1.8819271606912057e-10,644.0,0.7030174280235026,0.004696135716975053,0.0011462521537488292,0.55392563,Chlorobiaceae,family,
genome_667,3,markers + neural network,0.44927537,0.02173913,0.8611111,0.009259259,0.7937751219937794,0.001567398025698049,638.0,0.7898342701561962,0.0,0.0011957649332034622,0.52645975,Burkholderiales,order,
genome_910,3,markers + neural network,0.47826087,0.072463766,0.9444444,0.009259259,1.0,0.0,263.0,0.9755980721967602,0.0,0.0008940266444513131,0.5212167,Verrucomicrobiota,phylum,
genome_986,2,markers,0.42028984,0.24637681,0.8981481,0.3611111,0.92,0.5883333206176757,200.0,0.8928790388399064,0.21910197796203656,0.0018870433081466867,0.32375163,Bacteria,superkingdom,
genome_565,3,markers + neural network,0.47826087,0.050724637,1.0,0.0,1.0,0.004901960784313725,663.0,1.0,0.017486365026699265,0.0012708212703499723,0.7773665,Campylobacter,genus,
genome_230,2,markers,0.06521739,0.0,0.12962963,0.009259259,0.3362573099415205,0.02046783625730994,171.0,0.5799609417752423,0.07219630561706142,0.0006772514049622952,0.26753354,Bacteria,superkingdom,
genome_730,3,markers + neural network,0.24637681,0.057971016,0.5092593,0.0,0.8315060722006755,0.004156769313042067,1684.0,0.8378551623442871,0.0,0.0013682687820394364,0.6508548,Klebsiella,genus,
genome_378,3,markers + neural network,0.24637681,0.028985508,0.5185185,0.0,0.6381447773380846,0.00326323353613175,1379.0,0.6311672619830273,0.0,0.0012327325833992012,0.5637783,Acinetobacter,genus,
genome_533,3,markers + neural network,0.4057971,0.04347826,0.6851852,0.0,0.7064470378296028,0.005313496280552604,941.0,0.699790888442166,0.0,0.0012290927007927175,0.56796116,Lacticaseibacillus paracasei,species,
genome_282,3,markers + neural network,0.2826087,0.02173913,0.5648148,0.0,0.6205451291510862,0.0026115854920824707,1404.0,0.6219860658595397,0.0,0.0012732364249623677,0.5610988,Staphylococcus,genus,
genome_752,3,markers + neural network,0.8043478,0.014492754,0.4351852,0.009259259,0.8456709780562319,-3.612402549609767e-10,693.0,0.8456672122744197,0.0,0.0009910593877644498,0.65229493,Sulfolobaceae,family,
genome_380,3,markers + neural network,0.4347826,0.02173913,0.9074074,0.0,0.7297631379599884,0.0015576321511748918,963.0,0.7209684783926106,0.0,0.0013169120207091392,0.6110288,Neisseria,genus,
genome_369,3,markers + neural network,0.45652175,0.057971016,0.8518519,0.009259259,0.8272230742156074,0.0008045046538570094,1243.0,0.8126401860654369,0.0,0.0012690641087681836,0.7012389,Enterococcus faecalis,species,
genome_379,2,markers,0.5289855,0.007246377,0.23148148,0.018518519,0.55982908591246,-1.0188828470384182e-10,195.0,0.6301629967721688,0.009928600030722663,0.0010550118216308352,0.46664807,Archaea,superkingdom,
genome_121,2,markers,0.13043478,0.014492754,0.32407406,0.0,0.5583064867102582,0.0024154589371980675,828.0,0.6150232175456743,0.0,0.0011762188552060663,0.4334138,Comamonas,genus,
genome_975,3,markers + neural network,0.49275362,0.072463766,1.0,0.018518519,1.0,0.007139812649973213,782.0,1.0,0.0,0.00137497059930083,0.74815273,Streptococcus,genus,
genome_551,3,markers + neural network,0.5217391,0.0942029,1.0,0.0,0.9976876339255937,0.01001423069354437,1874.0,1.0,0.0,0.0013494230524324533,0.8138677,Klebsiella pneumoniae,species,
genome_329,3,markers + neural network,0.38405797,0.050724637,0.5648148,0.0,0.612891507435994,0.004819277108433735,1245.0,0.623186343347201,0.0,0.0012716862391964955,0.48061115,Yersinia,genus,
genome_483,3,markers + neural network,0.1521739,0.06521739,0.39814815,0.0,0.7200754005655042,0.001885014137606032,1061.0,0.714343776593205,0.0,0.0013563217368036695,0.5433107,Enterobacteriaceae,family,
genome_539,3,markers + neural network,0.442029,0.036231883,0.9351852,0.009259259,1.0,0.0,204.0,1.0,0.0,0.0010684391456295887,0.6895932,Bacteria,superkingdom,
genome_365,3,markers + neural network,0.42753622,0.04347826,0.8148148,0.0,0.7722626619560774,0.005813953488372093,688.0,0.7566368355464832,0.0016336845402475028,0.001090686706731713,0.6136459,Bifidobacterium,genus,
genome_720,3,markers + neural network,0.49275362,0.06521739,0.9907407,0.0,1.0,0.0,644.0,1.0,0.0,0.0011646848119834117,0.7134405,Chlorobiaceae,family,
genome_189,2,markers,0.38405797,0.014492754,0.7685185,0.009259259,0.5868245653537889,0.0051813471502590676,772.0,0.6272590607943183,0.0,0.0010581584102994682,0.4673916,Acetobacteraceae,family,
genome_670,3,markers + neural network,0.47826087,0.0942029,1.0,0.0,1.0,0.0028846153846153848,1040.0,0.998129154312281,0.00619653933565608,0.0013171480963532994,0.8734295,Campylobacter,genus,
genome_671,3,markers + neural network,0.17391305,0.028985508,0.44444445,0.009259259,0.6830850610013001,0.012326656394453005,649.0,0.682173675226696,0.002687838581301609,0.0011120757802412467,0.45726496,Bacillales,order,
genome_985,3,markers + neural network,0.49275362,0.06521739,1.0,0.0,0.9996456413890857,0.0,1411.0,1.0,0.0,0.0013582807014520558,0.8222947,Bacillus,genus,
genome_298,3,markers + neural network,0.442029,0.028985508,0.75,0.0,0.6447871658963023,0.005787781350482315,1555.0,0.6262749754554697,0.0013962480066337657,0.0013895012492150655,0.51243216,Enterobacter,genus,
genome_462,2,markers,0.1594203,0.11594203,0.3425926,0.1574074,0.4946236559139785,0.3297491176154024,186.0,0.6789708514714097,0.21683392517645395,0.0014713646275680019,0.24389623,Bacteria,superkingdom,
genome_637,3,markers + neural network,0.21014492,0.014492754,0.5462963,0.0,0.7416107382550335,0.0016778523489932886,298.0,0.7354613996855679,0.011982330044417164,0.0008840173638690611,0.5207398,Bacteria,superkingdom,
genome_867,3,markers + neural network,0.5217391,0.08695652,1.0,0.0,1.0,0.00110487850389573,1961.0,1.0,0.005526402582460406,0.0013658480165499984,0.845374,Klebsiella pneumoniae,species,
genome_832,2,markers,0.33333334,0.02173913,0.5462963,0.0,0.5780321603798004,0.0024096385542168677,415.0,0.6141493722382706,0.0,0.001083191769856094,0.43856594,Treponema,genus,
genome_896,3,markers + neural network,0.5217391,0.13043478,1.0,0.009259259,1.0,0.0,749.0,1.0,0.0,0.001095779230864618,0.63082445,Streptomyces,genus,
genome_872,3,markers + neural network,0.5,0.057971016,1.0,0.0,0.9954268292682927,0.0,1148.0,0.99559032896045,0.0,0.00123840318835948,0.7114142,Pseudomonas,genus,
genome_290,3,markers + neural network,0.5,0.072463766,1.0,0.009259259,0.9954757569520107,0.013536713202668445,1262.0,0.9957654286777071,0.00936177166168338,0.0012677627763098536,0.8183951,Enterococcus faecalis,species,
genome_715,3,markers + neural network,0.5,0.08695652,1.0,0.0,1.0,0.0,759.0,1.0,0.0,0.0020359515807138796,0.66187435,Alcaligenaceae,family,
genome_543,3,markers + neural network,0.4710145,0.06521739,0.787037,0.0,0.7459807989637942,0.003931847656070014,763.0,0.7405229218175832,0.0,0.0010582213274632813,0.49684668,Bacteroides,genus,
genome_662,3,markers + neural network,0.46376812,0.036231883,0.8981481,0.055555556,0.8617210501379359,0.014342235882133687,674.0,0.8560700406855772,0.0,0.0010661203200528786,0.5478955,Cyanophyceae,class,
genome_585,3,markers + neural network,0.9927536,0.02173913,0.5185185,0.018518519,0.9926052679380866,0.011945392491467578,586.0,0.9970777553073249,0.009587900748180611,0.0010541287519540874,0.7930173,Nitrosopumilaceae,family,
genome_56,2,markers,0.39130434,0.014492754,0.6481481,0.0,0.48821320404877533,-1.6556845984318038e-10,444.0,0.6084084758943489,0.005209768084980686,0.001128987930422865,0.39116156,Microbacteriaceae,family,
genome_159,2,markers,0.29710144,0.014492754,0.4722222,0.0,0.5625,0.0,232.0,0.6140404652739153,0.028690228957284854,0.0008376208422087498,0.4002539,Bacteria,superkingdom,
genome_431,3,markers + neural network,0.442029,0.036231883,0.9351852,0.009259259,1.0,0.0,188.0,1.0,0.0,0.0010651323167056993,0.6915315,Bacteria,superkingdom,
genome_308,3,markers + neural network,0.39130434,0.0,0.7222222,0.0,0.6714886402164085,0.002225519287833828,674.0,0.679379639691277,0.0,0.0010704272999354967,0.5581291,Bifidobacterium,genus,
genome_187,3,markers + neural network,0.5072464,0.08695652,0.9722222,0.009259259,0.9672839619911775,0.004076403558545809,1431.0,0.9659942435574971,0.0,0.0013173810583869251,0.7383789,Serratia,genus,
genome_878,3,markers + neural network,0.49275362,0.072463766,1.0,0.009259259,0.9985825655563431,0.0074415308291991495,1411.0,0.9998822496408519,0.0,0.0013391432104376026,0.83036095,Bacillus,genus,
genome_485,3,markers + neural network,0.4347826,0.028985508,0.7037037,0.0,0.6955639510016167,0.003543586109142452,1411.0,0.6941603483981786,0.0,0.0013439066904818266,0.58856076,Bacillus,genus,
genome_3,2,markers,0.23188406,0.028985508,0.5740741,0.037037037,0.5015027155641649,0.01721311475409836,610.0,0.6195844638871543,0.0,0.001021898194633019,0.35401848,Cyanophyceae,class,
genome_361,3,markers + neural network,0.4057971,0.02173913,0.7685185,0.0,0.728772372159091,-4.958279863454994e-10,1375.0,0.7262021562550067,0.0,0.001340378386119653,0.600265,Bacillus,genus,
genome_945,3,markers + neural network,0.49275362,0.06521739,1.0,0.009259259,1.0,0.0,670.0,1.0,0.0,0.0012028615816580424,0.64753944,Rhodobacterales,order,
genome_523,3,markers + neural network,0.5,0.10144927,1.0,0.018518519,1.0,0.0,887.0,1.0,0.0,0.0013305717758260178,0.8155716,Streptococcus,genus,
genome_15,2,markers,0.36956522,0.014492754,0.6018519,0.018518519,0.563078496052975,0.006842959648880929,1437.0,0.6115783307687422,0.001648041432384291,0.0012803896928919535,0.5455571,Staphylococcus aureus,species,
genome_30,2,markers,0.3768116,0.007246377,0.6759259,0.0,0.5656463000239158,-1.0136844832918634e-10,490.0,0.6163829982748413,0.011920932750262188,0.0010821440466776625,0.40604994,Bacteroidales,order,
genome_428,2,markers,0.24637681,0.028985508,0.5185185,0.009259259,0.5943261978474069,-8.454559794574109e-11,235.0,0.6544762483336013,0.0,0.0010055713341821147,0.5068112,Bacteria,superkingdom,
genome_371,3,markers + neural network,0.123188406,0.014492754,0.4351852,0.0,0.6683010443070899,0.0036319612590799033,826.0,0.6765607987278951,0.0,0.001461842558299873,0.58993703,Streptococcus,genus,
genome_666,2,markers,0.33333334,0.014492754,0.537037,0.009259259,0.5929198861819261,0.0020467834863049247,1710.0,0.6060714533368055,0.0,0.0014222630147581368,0.49761525,Escherichia coli,species,
genome_914,3,markers + neural network,0.5,0.0942029,1.0,0.018518519,1.0,0.0,1039.0,1.0,0.0,0.0012391529661199745,0.67975956,Burkholderia,genus,
genome_286,2,markers,0.13043478,0.007246377,0.30555555,0.0,0.5847386556958395,0.0014880950015688699,1008.0,0.6265620538322111,0.0,0.0012863599926235647,0.5333417,Neisseria,genus,
genome_434,3,markers + neural network,0.76086956,0.0,0.3611111,0.027777778,0.8347283586006332,-7.002014435713961e-11,454.0,0.8338497293756635,0.0,0.0009449965913210592,0.5637582,Halobacteriales,order,
genome_810,3,markers + neural network,0.5217391,0.10144927,0.9722222,0.009259259,0.9689262545838648,0.0014577259475218659,1372.0,0.9703336795123664,0.0,0.0013336613206194592,0.74533814,Enterobacteriaceae,family,
genome_315,3,markers + neural network,0.2173913,0.0,0.5740741,0.0,0.6179104477611941,0.0029850746268656717,335.0,0.6239774554828215,0.030985058252556187,0.001135158474490273,0.3826828,Bacteria,superkingdom,
genome_916,3,markers + neural network,0.5217391,0.08695652,1.0,0.0,0.9986160367552998,0.005701754385964913,1710.0,1.0,0.0,0.0013865214089483612,0.7830264,Klebsiella,genus,
genome_152,3,markers + neural network,0.442029,0.04347826,0.9351852,0.018518519,1.0,0.005319148936170213,188.0,1.0,0.0,0.0010664824965229617,0.68986315,Bacteria,superkingdom,
genome_860,3,markers + neural network,0.5,0.050724637,1.0,0.0,0.9990089197224975,0.0019821605550049554,1009.0,1.0,0.00045735183126007634,0.0013364688479180836,0.83436143,Neisseria,genus,
genome_408,3,markers + neural network,0.3768116,0.036231883,0.6666667,0.009259259,0.7151329170775672,0.014312812224978681,1933.0,0.7082864915438082,0.012087564780147116,0.0014177459101953433,0.592914,Escherichia coli,species,
genome_685,3,markers + neural network,0.49275362,0.07971015,1.0,0.037037037,0.9969362745098039,0.0095996733974008,816.0,0.9993743500871839,0.011888295724713685,0.0012904805536736949,0.77372634,Streptococcus,genus,
genome_624,3,markers + neural network,0.22463769,0.050724637,0.537037,0.0,0.6373953657277049,0.0051698670605613,677.0,0.6370935513902534,0.01090903771483269,0.0012010536910489235,0.5923123,Helicobacter,genus,
genome_880,3,markers + neural network,0.5217391,0.07971015,1.0,0.0,1.0,0.01473922902494331,441.0,0.9930945275433269,0.005084244037881665,0.0011067834986922594,0.55679774,Eubacteriales,order,
genome_774,3,markers + neural network,0.46376812,0.057971016,0.9814815,0.018518519,1.0,0.012839506643789786,675.0,1.0,0.01693146131064157,0.001187725720110942,0.8073857,Helicobacter,genus,
genome_348,3,markers + neural network,0.44927537,0.04347826,0.7592593,0.0,0.7062879046071029,0.0022371364653243847,894.0,0.6956739862326519,0.0,0.001254424677901096,0.49332854,Pseudomonas,genus,
genome_132,3,markers + neural network,0.39855072,0.057971016,0.8425926,0.009259259,0.8285211301317402,0.0023068047999785708,867.0,0.8156849091285724,0.0,0.0014675375714491808,0.68105507,Streptococcus,genus,
genome_586,3,markers + neural network,0.2536232,0.057971016,0.5555556,0.083333336,0.7965619029894553,0.030168486423179753,732.0,0.8010106728499258,0.0,0.0010192745936244128,0.47533986,Nostocales,order,
genome_145,2,markers,0.13768116,0.0,0.30555555,0.0,0.48528703835869663,-2.7315202102125697e-10,691.0,0.590535182808357,0.0057719987496891376,0.001266565960773954,0.4228349,Enterococcus,genus,
genome_65,2,markers,0.1884058,0.028985508,0.4074074,0.0,0.568985310006649,-2.0486049517975965e-10,611.0,0.6261691509184643,0.006124891361117553,0.0009913062903736248,0.4916083,Weeksellaceae,family,
genome_952,3,markers + neural network,0.49275362,0.06521739,1.0,0.0,1.0,0.0,1411.0,1.0,0.0,0.0013553508699139767,0.82268065,Bacillus,genus,
genome_728,3,markers + neural network,0.17391305,0.050724637,0.39814815,0.0,0.6499156324169304,-8.047884946364907e-11,395.0,0.6513374804910512,0.04476852998370106,0.0010794055321456453,0.47106606,Spirochaetales,order,
genome_801,3,markers + neural network,0.49275362,0.06521739,1.0,0.0,1.0,0.0038979447200566974,1411.0,1.0,0.0,0.0013548511644349062,0.83630085,Bacillus,genus,
genome_700,3,markers + neural network,0.442029,0.014492754,0.8240741,0.0,0.8162534603402635,0.014325067819642627,605.0,0.7972518150781077,0.0,0.000969100902684511,0.49448594,Sphingobacteriaceae,family,
genome_990,3,markers + neural network,0.5,0.057971016,1.0,0.0,0.9965613836692612,0.007434944237918215,1076.0,0.9999484314791327,0.0,0.0013219705745519167,0.8162806,Enterococcus faecium,species,
genome_270,3,markers + neural network,0.14492753,0.014492754,0.35185185,0.0,0.6317184989333998,0.0003546092949860485,1410.0,0.6262880237044232,0.0,0.0013820765282110303,0.5293097,Bacillus,genus,
genome_610,3,markers + neural network,0.46376812,0.08695652,0.8796296,0.0,0.8341257375437063,0.002097902097902098,715.0,0.8279106055409817,0.0,0.0010983024274181816,0.64891905,Treponema,genus,
genome_820,3,markers + neural network,0.41304347,0.007246377,0.7314815,0.0,0.7666666934364721,-1.0456955535394292e-10,190.0,0.7813168420630112,0.016691831116068888,0.0010734905851974353,0.589312,Bacteria,superkingdom,
genome_882,3,markers + neural network,0.49275362,0.07971015,1.0,0.037037037,0.9969362745098039,0.0095996733974008,816.0,0.9993743500871839,0.011888295724713685,0.0012904805536736949,0.77372634,Streptococcus,genus,
genome_862,3,markers + neural network,0.5072464,0.072463766,1.0,0.0,1.0,0.004615117016257163,1914.0,1.0,0.0007128550504753375,0.0013670807905550636,0.82104826,Salmonella enterica,species,
genome_135,2,markers,0.16666667,0.007246377,0.3148148,0.0,0.5153282518488657,0.003914590407945083,1405.0,0.5986382129797896,0.0,0.0013224078266220313,0.4774284,Staphylococcus,genus,
genome_831,3,markers + neural network,0.442029,0.04347826,0.9351852,0.018518519,1.0,0.004901960784313725,204.0,1.0,0.0,0.0010688543510999613,0.6882934,Bacteria,superkingdom,
genome_459,3,markers + neural network,0.4057971,0.057971016,0.7314815,0.009259259,0.735666156440192,0.013857677902621723,1335.0,0.723643991114705,0.0,0.00125746896274433,0.55675477,Vibrio,genus,
genome_347,3,markers + neural network,0.39855072,0.007246377,0.7037037,0.0,0.6012136006983573,-1.9840659243450677e-10,721.0,0.6161649206506936,0.0,0.0013846698872332168,0.50770575,Pasteurellaceae,family,
genome_341,3,markers + neural network,0.42753622,0.04347826,0.7037037,0.0,0.6778698006534382,0.002044989775051125,1956.0,0.6649925687489369,0.0,0.0015143659956510837,0.56765276,Escherichia coli,species,
genome_373,3,markers + neural network,0.39855072,0.072463766,0.7037037,0.037037037,0.639344262295082,0.003278688524590164,305.0,0.6305960922687536,0.0,0.0008932141743055196,0.387576,Bacteria,superkingdom,
genome_783,3,markers + neural network,0.5,0.057971016,1.0,0.0,1.0,0.004455445544554455,1010.0,1.0,0.011822458919902731,0.0012615999322888138,0.80377966,Staphylococcus,genus,
genome_446,3,markers + neural network,0.23913044,0.04347826,0.5648148,0.0,0.6650416038666724,0.002081887578070784,1441.0,0.66366407510726,0.0,0.0013636300868580583,0.5548665,Enterobacteriaceae,family,
genome_106,3,markers + neural network,0.36231884,0.036231883,0.6111111,0.0,0.6171972153338601,0.014044943820224719,534.0,0.6047447664669869,0.00832899384843929,0.0011695145759609588,0.36702102,Streptomyces,genus,
genome_303,2,markers,0.1521739,0.007246377,0.32407406,0.0,0.5181055925894474,-1.3019234386221164e-10,690.0,0.6045154325430782,0.0,0.002059554452568717,0.41840717,Alcaligenaceae,family,
genome_359,3,markers + neural network,0.41304347,0.057971016,0.8055556,0.009259259,0.7051971326164874,0.023297491039426525,279.0,0.6721658306578424,0.03834830409376932,0.0006812082386869396,0.37192765,Bacteria,superkingdom,
genome_360,3,markers + neural network,0.41304347,0.072463766,0.8055556,0.0,0.7457550309662127,-1.2566221567584973e-10,585.0,0.7394370293313336,0.0,0.0011439001390034496,0.52838165,Bacillales,order,
genome_915,3,markers + neural network,0.5072464,0.036231883,1.0,0.009259259,0.9975579975579976,0.013532764309055203,819.0,0.9954385390451641,0.0,0.0011033484112735533,0.7297472,Arthrobacter,genus,
genome_859,3,markers + neural network,0.49275362,0.028985508,0.9814815,0.0,1.0,0.0,463.0,1.0,0.010947204322220273,0.0012353672451806848,0.7613646,Actinomycetes,class,
genome_863,3,markers + neural network,0.5072464,0.06521739,1.0,0.0,1.0,0.0,1149.0,1.0,0.0,0.001374150396206764,0.7608229,Enterobacterales,order,
genome_163,2,markers,0.3115942,0.07971015,0.6574074,0.0,0.5759206885318918,-1.181961673640709e-10,706.0,0.5910273323539469,0.0,0.0011343370444682774,0.40455264,Micromonospora,genus,
genome_475,3,markers + neural network,0.26811594,0.057971016,0.5740741,0.0,0.7155456917417561,0.003834355535682725,1630.0,0.7174734354905109,0.0,0.0013045568076093,0.5340058,Klebsiella,genus,
genome_592,3,markers + neural network,0.22463769,0.007246377,0.5648148,0.0,0.7188691305457999,-5.112442334919234e-10,1308.0,0.7095664952566134,0.012897242449511709,0.0012526300178132268,0.6065114,Acinetobacter,genus,
genome_654,3,markers + neural network,0.28985506,0.036231883,0.6481481,0.046296295,0.7626811910119856,0.033385093167701864,644.0,0.7532901910006956,0.010832034768879624,0.0010934480176901782,0.48033276,Cyanophyceae,class,
genome_596,3,markers + neural network,0.5,0.10869565,0.962963,0.018518519,0.8738651102464332,0.013618677042801557,771.0,0.8758048905719991,0.0,0.001099773245996769,0.5251193,Streptomyces,genus,
genome_552,3,markers + neural network,0.49275362,0.04347826,0.962963,0.009259259,0.8075981466179221,0.007122507462134728,1872.0,0.7986264392122002,0.0,0.0014518237278980997,0.63855845,Escherichia coli,species,
genome_908,3,markers + neural network,1.0,0.007246377,0.5462963,0.027777778,1.0,0.002288329519450801,437.0,1.0,0.0,0.001067672509429776,0.63028985,Halobacteriales,order,
genome_149,3,markers + neural network,0.48550725,0.036231883,0.9166667,0.009259259,0.8492718051552387,0.006472491909385114,618.0,0.845369461048025,0.0,0.0010046341772625247,0.60635394,Corynebacterium,genus,
genome_705,3,markers + neural network,0.18115942,0.036231883,0.46296296,0.0,0.8510682152920082,0.005359394703656999,1586.0,0.8405335018285862,0.011258762674316566,0.0011226337645225543,0.7273833,Xanthomonas,genus,
genome_597,3,markers + neural network,0.4347826,0.036231883,0.8148148,0.0,0.7368875507489001,0.0010351965639655387,483.0,0.7415114471452758,0.0,0.0009106990617640774,0.5109097,Weeksellaceae,family,
genome_635,3,markers + neural network,0.442029,0.050724637,0.7777778,0.018518519,0.7661793301563561,0.0015840684161733303,1473.0,0.7525915658611315,0.0,0.0011600542925765008,0.6145947,Xanthomonas,genus,
genome_273,3,markers + neural network,0.42028984,0.050724637,0.787037,0.0,0.7422433587569225,0.0012658227848101266,790.0,0.721948836394347,0.0,0.001190530762796711,0.61321497,Fusobacterium,genus,
genome_285,3,markers + neural network,0.48550725,0.06521739,0.9907407,0.0,1.0,0.0,608.0,1.0,0.0,0.0011058415715019235,0.70691806,Arcobacteraceae,family,
genome_633,3,markers + neural network,0.41304347,0.072463766,0.8333333,0.009259259,0.8402056393923459,0.006555944055944056,1144.0,0.836447251606151,0.0,0.0011430380420186493,0.63853186,Alteromonas,genus,
genome_140,2,markers,0.1521739,0.014492754,0.33333334,0.0,0.4603960396039604,0.0,202.0,0.5958714120230693,0.07259232370130903,0.000997111445940072,0.3836683,Bacteria,superkingdom,
genome_111,2,markers,0.4347826,0.057971016,0.787037,0.027777778,0.5589499893051504,0.025134652193116256,1671.0,0.59032746330051,0.014628067798459238,0.001483274476230495,0.43938324,Salmonella,genus,
genome_949,3,markers + neural network,0.5072464,0.06521739,1.0,0.009259259,0.9999611790525619,0.0043244152463848455,1981.0,1.0,0.002383545061529088,0.0014256635482156645,0.83889824,Enterobacteriaceae,family,
genome_951,3,markers + neural network,0.9710145,0.02173913,0.5185185,0.009259259,0.972007722007722,0.022522523136212558,518.0,0.9769388048523016,0.02347399881263703,0.0007642710379905784,0.7082766,Nitrososphaerota,phylum,
genome_477,3,markers + neural network,0.42028984,0.02173913,0.787037,0.0,0.7667715163457961,0.0069841271355038596,840.0,0.7633830746648156,0.0,0.0010576496017528794,0.56511635,Acetobacteraceae,family,
genome_777,3,markers + neural network,0.42753622,0.07971015,0.7962963,0.018518519,0.7473308439663336,0.03538256080173026,1914.0,0.7320132409962974,0.033187316759207705,0.00145325399609174,0.5954226,Salmonella enterica,species,
genome_155,3,markers + neural network,0.41304347,0.014492754,0.7407407,0.0,0.613417023922175,-4.5928739360866825e-10,677.0,0.6257636248239472,0.0,0.001259740828298748,0.56922084,Helicobacter,genus,
genome_877,3,markers + neural network,0.46376812,0.11594203,0.9814815,0.018518519,1.0,0.0,292.0,1.0,0.0,0.001037996058184439,0.6432963,Bacteria,superkingdom,
genome_967,3,markers + neural network,0.5072464,0.13043478,0.9907407,0.009259259,1.0,0.0022026431718061676,681.0,1.0,0.002009452375188084,0.0011229355115392036,0.7496429,Clostridium,genus,
genome_993,3,markers + neural network,0.5,0.050724637,1.0,0.0,1.0,0.0004955401387512388,1009.0,1.0,0.0059975873886946585,0.001342660353387837,0.8396383,Neisseria,genus,
genome_124,3,markers + neural network,0.42028984,0.028985508,0.7962963,0.0,0.6212629505770384,-6.193927971107158e-11,417.0,0.6231305966210512,0.0,0.0010698584030369442,0.3644938,Actinomycetes,class,
genome_390,3,markers + neural network,0.46376812,0.04347826,0.8425926,0.0,0.6694617229959239,0.0010869563273761583,920.0,0.6858199643059039,0.0,0.0012715206820988608,0.46997002,Pseudomonas,genus,
genome_529,3,markers + neural network,0.45652175,0.04347826,0.962963,0.009259259,0.855193573084499,-1.8855106962693686e-10,706.0,0.8537743450476742,0.0,0.001258665715234315,0.5787342,Mycobacteriaceae,family,
genome_409,3,markers + neural network,0.39855072,0.08695652,0.7222222,0.009259259,0.7054665085504046,0.005284015852047556,757.0,0.6808133576503894,0.0,0.001146745437092526,0.45956564,Streptomyces,genus,
genome_742,3,markers + neural network,0.5,0.057971016,1.0,0.009259259,0.999648382559775,0.005414908445334133,1422.0,0.9983505456397643,0.007171275082273901,0.0012866550270233049,0.8925013,Staphylococcus aureus,species,
genome_658,3,markers + neural network,0.47826087,0.06521739,0.9444444,0.027777778,0.8742946615622506,0.0031923383878691143,1253.0,0.8592111110991556,0.0,0.0012899936421741922,0.7340743,Enterococcus faecalis,species,
genome_744,3,markers + neural network,0.39855072,0.07971015,0.7685185,0.0,0.7911341272089306,0.008619074743741547,1779.0,0.7802718636986524,0.0,0.001351986219136608,0.6186918,Klebsiella,genus,
genome_800,2,markers,0.1594203,0.0,0.4351852,0.0,0.5608137762267454,0.0005574131357497063,897.0,0.6021393719441546,0.0,0.0013455349972228603,0.49930203,Lactococcus,genus,
genome_738,3,markers + neural network,0.41304347,0.10144927,0.8703704,0.009259259,0.8415842188466893,0.039224424456605816,1010.0,0.8226920238178882,0.05188400357475997,0.0013849310543671165,0.716479,Campylobacter,genus,
genome_447,3,markers + neural network,0.49275362,0.0942029,0.9444444,0.009259259,0.7650272920838767,0.00819672131147541,671.0,0.752041892494945,0.0,0.0010702324826955228,0.45785648,Streptomyces,genus,
genome_156,2,markers,0.07971015,0.014492754,0.12037037,0.0,0.32611811926605505,-1.8797336368385806e-10,872.0,0.5389343167568573,0.02386131465238047,0.001131684573875552,0.3308155,Burkholderia,genus,
genome_961,3,markers + neural network,0.49275362,0.10869565,1.0,0.009259259,0.9989395546129375,0.006425793830814948,943.0,1.0,0.014097176706766218,0.0013314824782571745,0.8286645,Limosilactobacillus fermentum,species,
genome_827,3,markers + neural network,0.51449275,0.057971016,1.0,0.009259259,0.9470639587263312,0.001518602930603375,878.0,0.9445849022903731,0.0,0.0011191131772860332,0.7047607,Synechococcales,order,
genome_864,3,markers + neural network,0.49275362,0.050724637,1.0,0.0,1.0,0.0,695.0,1.0,0.0,0.0009750891343130101,0.6552651,Flavobacterium,genus,
genome_84,3,markers + neural network,0.442029,0.02173913,0.7962963,0.0,0.7620120349231067,-8.949646629391511e-11,444.0,0.7580453102999833,0.0,0.0011841574051695155,0.52969044,Micrococcales,order,
genome_45,3,markers + neural network,0.39130434,0.26086956,0.7407407,0.22222222,0.7707006369426752,0.2611464968152866,157.0,0.8074939313986975,0.17680315025215024,0.001227867747666796,0.28857425,Bacteria,superkingdom,
genome_712,3,markers + neural network,0.44927537,0.07971015,0.8981481,0.055555556,0.8121109963381256,0.006977862871186566,1039.0,0.8139027861196964,0.0,0.0010008416299354904,0.63605195,Leptospira,genus,
genome_57,3,markers + neural network,0.442029,0.02173913,0.8240741,0.0,0.6398132110435366,-1.739773719134897e-10,571.0,0.6314867285891455,0.0,0.0012075808208298403,0.4493393,Alteromonadales,order,
genome_772,3,markers + neural network,0.47826087,0.04347826,0.9351852,0.0,0.862714052871919,0.0009389670242166295,1065.0,0.8602136390375474,0.0,0.001274270455739409,0.6485467,Halomonas,genus,
genome_180,2,markers,0.2173913,0.028985508,0.5555556,0.0,0.5857467610763704,0.004630121796482608,1879.0,0.6060590700431114,0.0,0.0013860606637205604,0.47293153,Klebsiella pneumoniae,species,
genome_451,3,markers + neural network,0.442029,0.072463766,0.8518519,0.027777778,0.7813989156509336,0.0031120331950207467,964.0,0.7581416061312245,0.0,0.0011878362000673406,0.6065173,Lactiplantibacillus,genus,
genome_491,3,markers + neural network,0.4347826,0.050724637,0.7314815,0.0,0.7193871986415378,0.005154639175257732,582.0,0.7116476571731651,0.0,0.0011198133068749051,0.5260727,Flavobacteriaceae,family,
genome_937,3,markers + neural network,0.5072464,0.07971015,1.0,0.009259259,1.0,0.002881844380403458,1388.0,1.0,0.0,0.0011451629416259416,0.79957855,Xanthomonas,genus,
genome_183,3,markers + neural network,0.36231884,0.0,0.6111111,0.0,0.6042805239151084,-5.428474185040753e-11,183.0,0.6417051137009956,0.038132345668053895,0.0010991749586158977,0.4994396,Bacteria,superkingdom,
genome_763,3,markers + neural network,0.85507244,0.0,0.44444445,0.018518519,0.8859629991319444,-1.4128509128062836e-10,450.0,0.8797920103103427,0.0,0.0010479974073170466,0.60475963,Halobacteriales,order,
genome_37,3,markers + neural network,0.4057971,0.050724637,0.7777778,0.0,0.7048410404624278,-2.153346993330586e-10,692.0,0.7022690722736473,0.0011998608123249058,0.001278879200610998,0.6556723,Wolbachia,genus,
genome_848,3,markers + neural network,0.5072464,0.06521739,1.0,0.009259259,1.0,0.007881603723465934,1937.0,1.0,0.0,0.0014543061487765324,0.8000682,Escherichia coli,species,
genome_791,3,markers + neural network,0.5,0.057971016,1.0,0.009259259,1.0,0.004423516090602091,1460.0,0.9976360628784586,0.009874890268880457,0.0013077376139279048,0.90006155,Staphylococcus aureus,species,
genome_376,3,markers + neural network,0.47826087,0.072463766,0.8148148,0.0,0.7299878715288521,0.0008250823115358259,1212.0,0.7256908646913242,0.004562493738529162,0.0010790684284201978,0.58395445,Xanthomonas,genus,
genome_537,3,markers + neural network,0.4057971,0.014492754,0.75,0.018518519,0.7872257053291536,0.01018808777429467,638.0,0.7747093156987963,0.0,0.0010406211083329453,0.49374652,Cyanophyceae,class,
genome_657,3,markers + neural network,0.49275362,0.072463766,1.0,0.0,1.0,0.0,942.0,0.9992851845345931,0.0,0.0011946159127301638,0.8075534,Lacticaseibacillus paracasei,species,
genome_615,3,markers + neural network,0.17391305,0.028985508,0.4074074,0.0,0.7188438896660332,0.0015015015015015015,666.0,0.7146330810841006,0.0,0.0012494664326037242,0.5841381,Chlorobiaceae,family,
genome_266,3,markers + neural network,0.21014492,0.014492754,0.6111111,0.0,0.6201117318435754,0.0,179.0,0.6488058054274182,0.008782437853993075,0.001041702341404386,0.50873154,Bacteria,superkingdom,
genome_144,2,markers,0.4347826,0.02173913,0.75,0.009259259,0.5927039555140904,0.00446428544819355,1792.0,0.608187668500317,0.0,0.001521454630788375,0.49185392,Escherichia coli,species,
genome_789,3,markers + neural network,0.42028984,0.13043478,0.8240741,0.027777778,0.8573294030614647,-1.5559445565974005e-10,332.0,0.8424680651011794,0.0,0.0011051005383740523,0.5106073,Oscillospiraceae,family,
genome_250,3,markers + neural network,0.3478261,0.028985508,0.49074075,0.0,0.6186823896499468,0.0015455949619711828,1294.0,0.6237187539210777,0.0,0.001314599418937283,0.51013213,Yersinia,genus,
genome_237,3,markers + neural network,0.39130434,0.057971016,0.6388889,0.009259259,0.6512535852454643,0.003735325506937033,937.0,0.6281263504207073,0.0,0.001260528922054108,0.46161616,Pseudomonas,genus,
genome_883,3,markers + neural network,0.49275362,0.050724637,1.0,0.0,1.0,0.0009671179883945841,1034.0,0.9982945105532797,0.019885481101357898,0.0013271409516314749,0.7874361,Mannheimia,genus,
genome_913,3,markers + neural network,0.48550725,0.057971016,1.0,0.0,1.0,0.0,574.0,1.0,0.0,0.0011701521197755708,0.6494407,Lactobacillales,order,
genome_773,3,markers + neural network,0.3478261,0.036231883,0.712963,0.009259259,0.8665990542059075,0.008264839485900042,1460.0,0.8516648942220105,0.0,0.001303206735557601,0.7687819,Staphylococcus aureus,species,
genome_288,3,markers + neural network,0.39130434,0.06521739,0.6759259,0.0,0.6902466179977534,0.001178549821052259,1697.0,0.6809147815827573,0.0,0.001371510548474587,0.5425916,Enterobacter hormaechei,species,
genome_426,3,markers + neural network,0.3768116,0.04347826,0.7592593,0.0,0.7664635731623723,0.0018028843288238232,832.0,0.7623795069782128,0.0,0.0013361098201837486,0.6182502,Limosilactobacillus reuteri,species,
genome_436,3,markers + neural network,0.442029,0.1594203,0.9351852,0.18518518,0.7883141528600934,0.05862068965517241,435.0,0.7626748827492014,0.08614482678831725,0.0011234153637802286,0.4804843,Pseudomonadota,phylum,
genome_797,3,markers + neural network,0.41304347,0.036231883,0.7777778,0.009259259,0.8523344196880844,0.004104322328829111,1604.0,0.8481919885421496,0.0,0.001346340255168751,0.6773034,Citrobacter,genus,
genome_639,3,markers + neural network,0.48550725,0.072463766,0.8796296,0.018518519,0.8770511162628645,0.00528873669344606,1166.0,0.8923273308955723,0.0,0.001245490936112921,0.6139432,Pseudomonas,genus,
genome_717,3,markers + neural network,0.44927537,0.04347826,0.7777778,0.0,0.7108602413054436,0.0018709674958259828,775.0,0.7057109970026204,0.0,0.0010549258592318508,0.487849,Bacteroides,genus,
genome_453,3,markers + neural network,0.49275362,0.057971016,0.9259259,0.009259259,0.8835684803044684,0.004205607476635514,1070.0,0.8760130922953471,0.0,0.00133437466690442,0.69904786,Staphylococcus,genus,
genome_354,3,markers + neural network,0.28985506,0.06521739,0.6296296,0.018518519,0.7434523991176061,-7.095791256160412e-11,280.0,0.7207387251360732,0.0,0.000945991336018507,0.45371932,Eubacteriales,order,
genome_508,3,markers + neural network,0.45652175,0.02173913,0.8055556,0.0,0.7139353759394026,0.000507356460054534,657.0,0.7174668838898526,0.0,0.0012068921509584428,0.53374946,Bacillaceae,family,
genome_138,2,markers,0.13768116,0.02173913,0.37037036,0.0,0.49815836290445664,0.007936507936507936,819.0,0.5923056367077858,0.0,0.0011667395561978284,0.45552716,Limosilactobacillus reuteri,species,
genome_833,3,markers + neural network,0.45652175,0.036231883,0.8611111,0.027777778,0.7839771357565679,0.006693440428380187,747.0,0.7738730873541729,0.0,0.0009802910406864747,0.5376298,Sphingobacterium,genus,
genome_659,3,markers + neural network,0.442029,0.04347826,0.9351852,0.018518519,1.0,0.005319148936170213,188.0,1.0,0.0,0.0010670394470847606,0.6897818,Bacteria,superkingdom,
genome_125,2,markers,0.26811594,0.036231883,0.5277778,0.0,0.5375892342696769,0.0007930213170425935,1261.0,0.5861742568050626,0.0,0.001332132064381683,0.4303996,Yersiniaceae,family,
genome_646,3,markers + neural network,0.14492753,0.014492754,0.32407406,0.0,0.7243006237269235,0.009488448844884489,1212.0,0.7166088209056817,0.014405711022977004,0.001185375614861792,0.6041121,Xanthomonas,genus,
genome_128,2,markers,0.11594203,0.0,0.2777778,0.0,0.4060078785831767,0.0015037592192341511,665.0,0.5986681149806655,0.0,0.0010673835594755567,0.3540406,Sphingomonadales,order,
genome_334,3,markers + neural network,0.4710145,0.02173913,0.8333333,0.0,0.807659912109375,0.0020202018997885966,660.0,0.8093119776156944,0.0,0.0012300056970803973,0.5786244,Bacillaceae,family,
genome_23,3,markers + neural network,0.36231884,0.036231883,0.6851852,0.009259259,0.6063224378482316,0.0007751936598341594,1290.0,0.6064602018997208,0.0,0.0012572440508483746,0.46986082,Ralstonia,genus,
genome_706,3,markers + neural network,0.48550725,0.06521739,1.0,0.0,0.9733829959942277,0.01178343949044586,785.0,0.9727898184202554,0.0,0.0011304095585937517,0.75470716,Bifidobacterium,genus,
genome_276,2,markers,0.19565217,0.036231883,0.3888889,0.0,0.5131058003861091,0.002890173410404624,865.0,0.5947236914018398,0.0,0.0014783077010374036,0.47603595,Limosilactobacillus fermentum,species,
genome_440,3,markers + neural network,0.24637681,0.02173913,0.6481481,0.0,0.7095639514520702,-3.3532850195598845e-10,711.0,0.6918741307162153,0.009245779575083414,0.0011554410719438921,0.6821799,Wolbachia,genus,
genome_492,3,markers + neural network,0.41304347,0.028985508,0.8333333,0.0,0.7483635479219343,0.0029498527083173867,791.0,0.7455211651950614,0.0,0.0011705525007803684,0.60755914,Fusobacterium,genus,
genome_776,3,markers + neural network,0.46376812,0.072463766,0.9351852,0.018518519,0.8873315072274423,0.0023460960065996325,888.0,0.8826399605641864,0.0,0.0013449735382253655,0.73857856,Streptococcus,genus,
genome_123,2,markers,0.22463769,0.028985508,0.4814815,0.018518519,0.552911501782831,0.001614639012241261,929.0,0.6153767641888102,0.0,0.0012066240484935853,0.5094538,Synechococcus,genus,
genome_699,3,markers + neural network,0.46376812,0.06521739,0.9814815,0.0,1.0,0.0022222222222222222,675.0,0.9998915109744159,0.010789839703588051,0.0011762182879542463,0.8213476,Helicobacter,genus,
genome_541,3,markers + neural network,0.47826087,0.072463766,0.9814815,0.0,1.0,0.0,852.0,1.0,0.0,0.0011411383548972005,0.7956447,Fusobacterium,genus,
genome_139,2,markers,0.3768116,0.036231883,0.6203704,0.0,0.48613699513025377,0.02630959200678765,1719.0,0.6010744625708545,0.0,0.0016785159063530918,0.3866558,Klebsiella,genus,
genome_87,3,markers + neural network,0.5,0.0942029,0.9537037,0.046296295,0.943482414124504,0.004329004329004329,693.0,0.9358131922467398,0.0,0.0011471878207863575,0.6635154,Cyanophyceae,class,
genome_343,3,markers + neural network,0.442029,0.08695652,0.8240741,0.083333336,0.7360660784335331,0.029971791255289138,1418.0,0.7122218564008376,0.021652041946673237,0.0013457335700073458,0.5733539,Yersinia,genus,
