genome_id	selected_stage	tool_scored	pred_completeness	pred_contamination	official_completeness_fraction	official_contamination_fraction	selection_method
genome_309	3	True	80.89776693011315	17.133170317397152	0.8089776693011315	0.1713317031739715	markers + neural network
genome_660	3	True	62.47305624711223	10.25505445688081	0.6247305624711224	0.1025505445688081	markers + neural network
genome_823	3	True	68.3562199623142	15.62703454193125	0.683562199623142	0.1562703454193125	markers + neural network
genome_921	3	True	78.65254080499912	13.865718466790891	0.7865254080499912	0.1386571846679089	markers + neural network
genome_634	2	True	55.98087834003857	12.593516209476311	0.5598087834003858	0.1259351620947631	markers
genome_600	3	True	83.33123529229947	19.20209964688561	0.8333123529229947	0.1920209964688561	markers + neural network
genome_739	3	True	66.17177109464099	16.445706517669027	0.6617177109464099	0.1644570651766903	markers + neural network
genome_941	3	True	68.13177231532026	16.41914670555207	0.6813177231532026	0.1641914670555207	markers + neural network
genome_55	2	True	51.393676626271215	47.62931034482758	0.5139367662627121	0.4762931034482758	markers
genome_795	2	True	55.18375885792267	14.74359072171724	0.5518375885792267	0.1474359072171724	markers
genome_808	3	True	78.55110506486803	15.242926694312988	0.7855110506486802	0.1524292669431299	markers + neural network
genome_694	3	True	77.18402021966835	23.7074508197823	0.7718402021966835	0.237074508197823	markers + neural network
genome_977	3	True	68.96928617303954	19.01890396234951	0.6896928617303953	0.1901890396234951	markers + neural network
genome_955	3	True	78.27839551058761	15.5372291986074	0.7827839551058762	0.155372291986074	markers + neural network
genome_386	3	True	69.49064631360086	13.48463361136204	0.6949064631360087	0.1348463361136204	markers + neural network
genome_968	3	True	73.87302509038918	10.3405287255494	0.7387302509038918	0.103405287255494	markers + neural network
genome_907	2	True	49.18878943519255	6.63716814159292	0.4918878943519255	0.0663716814159292	markers
genome_935	3	True	67.91660626752183	6.400526418906679	0.6791660626752183	0.0640052641890668	markers + neural network
genome_232	2	True	59.29417010864925	13.84335189569192	0.5929417010864925	0.1384335189569192	markers
genome_170	3	True	78.78386012810809	18.14777052360369	0.7878386012810809	0.1814777052360369	markers + neural network
genome_277	2	True	58.37036810980902	15.333333333333329	0.5837036810980902	0.1533333333333333	markers
genome_51	2	True	58.79204426336726	7.95106975310439	0.5879204426336726	0.0795106975310439	markers
genome_651	2	True	30.4250550750118	-6.667186415184281e-09	0.304250550750118	-6.66718641518428e-11	markers
genome_326	3	True	78.54784320455992	15.62352420024393	0.7854784320455992	0.1562352420024393	markers + neural network
genome_142	3	True	72.81024971834209	10.24422293874971	0.7281024971834209	0.1024422293874971	markers + neural network
genome_562	3	True	73.22527890282338	3.4189146331511697	0.7322527890282338	0.0341891463315117	markers + neural network
genome_495	2	True	58.62884521484375	7.09219858156028	0.5862884521484375	0.0709219858156028	markers
genome_38	2	True	57.721019212764006	8.644400785854609	0.57721019212764	0.0864440078585461	markers
genome_22	3	True	66.00335515468515	14.38272479483283	0.6600335515468515	0.1438272479483283	markers + neural network
genome_452	3	True	84.65906562272136	17.18806642219318	0.8465906562272135	0.1718806642219318	markers + neural network
genome_73	2	True	41.88674271472393	3.9877300613496898	0.4188674271472393	0.0398773006134969	markers
genome_327	3	True	72.55612164212528	17.62007900592743	0.7255612164212527	0.1762007900592743	markers + neural network
genome_499	3	True	80.3227028141259	15.626895583891253	0.803227028141259	0.1562689558389125	markers + neural network
genome_959	2	True	78.25	34.18333435058593	0.7825	0.3418333435058593	markers
genome_855	3	True	67.47198225561246	14.28230667361368	0.6747198225561246	0.1428230667361368	markers + neural network
genome_531	3	True	79.9695922166951	20.14129111117537	0.7996959221669511	0.2014129111117537	markers + neural network
genome_126	3	True	63.03646151430294	7.249343963821319	0.6303646151430294	0.0724934396382132	markers + neural network
genome_627	3	True	68.89213894240592	19.14202272808857	0.6889213894240592	0.1914202272808857	markers + neural network
genome_544	3	True	85.3054151809965	18.87778593377993	0.853054151809965	0.1887778593377993	markers + neural network
genome_115	3	True	84.79252594293372	17.98778736328374	0.8479252594293373	0.1798778736328374	markers + neural network
genome_813	3	True	63.76428865058206	0.70990728318283	0.6376428865058206	0.0070990728318283	markers + neural network
genome_528	2	True	44.90521327014218	1.42180094786729	0.4490521327014218	0.0142180094786729	markers
genome_817	3	True	90.93159180037348	20.68021326372369	0.9093159180037348	0.2068021326372369	markers + neural network
genome_601	3	True	69.14552464733282	17.99116672799304	0.6914552464733282	0.1799116672799304	markers + neural network
genome_894	2	True	48.68608493249393	7.702264878356339	0.4868608493249393	0.0770226487835634	markers
genome_593	3	True	72.89644578875692	22.25141132585346	0.7289644578875691	0.2225141132585346	markers + neural network
genome_775	3	True	67.35367434287546	17.034584895936792	0.6735367434287547	0.1703458489593679	markers + neural network
genome_834	3	True	63.934093675368416	9.9617341163372	0.6393409367536842	0.099617341163372	markers + neural network
genome_532	3	True	66.62986458167548	5.576465730843521	0.6662986458167548	0.0557646573084352	markers + neural network
genome_480	3	True	90.311443709476	14.3624799027756	0.90311443709476	0.143624799027756	markers + neural network
genome_934	3	True	66.36113632034413	13.23045297639957	0.6636113632034413	0.1323045297639957	markers + neural network
genome_438	3	True	66.2698521966792	20.81861616615971	0.6626985219667919	0.2081861616615971	markers + neural network
genome_932	2	True	57.07070707070707	13.38383838383838	0.5707070707070707	0.1338383838383838	markers
genome_837	2	True	45.38205188253651	14.379529331041413	0.4538205188253651	0.1437952933104141	markers
genome_398	3	True	79.16507114298345	7.498704626030531	0.7916507114298346	0.0749870462603053	markers + neural network
genome_307	3	True	79.16207703697522	17.19590327847988	0.7916207703697522	0.1719590327847988	markers + neural network
genome_618	2	True	51.32743362831859	4.86725663716814	0.5132743362831859	0.0486725663716814	markers
genome_281	3	True	62.41745085291996	28.51571798966887	0.6241745085291995	0.2851571798966887	markers + neural network
genome_566	2	True	45.68452380952381	0.0	0.4568452380952381	0.0	markers
genome_803	2	True	45.79351418791806	11.928651484358667	0.4579351418791806	0.1192865148435867	markers
genome_406	3	True	64.32226499499652	18.61268843446084	0.6432226499499651	0.1861268843446084	markers + neural network
genome_92	2	True	65.76576576576578	73.42342342342343	0.6576576576576577	0.7342342342342343	markers
genome_581	2	True	50.95238095238095	8.96825427100772	0.5095238095238095	0.0896825427100772	markers
genome_594	3	True	81.40127167688391	13.56773298438164	0.814012716768839	0.1356773298438164	markers + neural network
genome_212	2	True	45.33333333333333	0.0	0.4533333333333333	0.0	markers
genome_105	3	True	78.16671023249557	15.599538506584931	0.7816671023249557	0.1559953850658493	markers + neural network
genome_397	2	True	40.06024096385542	1.8072289156626495	0.4006024096385542	0.0180722891566265	markers
genome_842	3	True	69.67863913574661	19.48404538329562	0.6967863913574661	0.1948404538329562	markers + neural network
genome_120	2	True	47.14112107771157	3.2846715328467098	0.4714112107771157	0.0328467153284671	markers
genome_6	3	True	71.4342536511033	16.233537764603938	0.7143425365110331	0.1623353776460394	markers + neural network
genome_857	3	True	76.27708183559825	21.49711523189852	0.7627708183559825	0.2149711523189852	markers + neural network
genome_695	3	True	79.82646391234876	14.94233294123836	0.7982646391234876	0.1494233294123836	markers + neural network
genome_509	3	True	86.00636571965336	22.28736201412392	0.8600636571965337	0.2228736201412392	markers + neural network
genome_218	3	True	79.20485499790882	10.02992085925631	0.7920485499790882	0.1002992085925631	markers + neural network
genome_630	3	True	75.91819500336038	19.47378440638023	0.7591819500336038	0.1947378440638023	markers + neural network
genome_590	3	True	69.62183760367687	19.94551881268628	0.6962183760367686	0.1994551881268628	markers + neural network
genome_300	3	True	84.02656390530827	9.94865346889763	0.8402656390530827	0.0994865346889763	markers + neural network
genome_98	2	True	56.04651162790698	6.97674418604651	0.5604651162790698	0.0697674418604651	markers
genome_356	3	True	64.34064908635622	19.07110300353537	0.6434064908635623	0.1907110300353537	markers + neural network
genome_494	3	True	90.22168551659828	23.68094277651972	0.9022168551659828	0.2368094277651972	markers + neural network
genome_698	3	True	76.41559433049828	23.24933333978291	0.7641559433049828	0.2324933333978291	markers + neural network
genome_540	3	True	77.93872354673026	16.59113945044907	0.7793872354673026	0.1659113945044907	markers + neural network
genome_589	3	True	70.92016843613874	16.56061771337889	0.7092016843613873	0.1656061771337889	markers + neural network
genome_918	3	True	69.49596214478913	18.09230475725958	0.6949596214478913	0.1809230475725958	markers + neural network
genome_889	3	True	81.57727630111123	19.339930950358134	0.8157727630111122	0.1933993095035814	markers + neural network
genome_59	3	True	81.88197432251869	12.75762988092728	0.8188197432251869	0.1275762988092728	markers + neural network
genome_724	2	True	27.97202797202797	0.69930069930069	0.2797202797202797	0.0069930069930069	markers
genome_762	3	True	67.82188713109669	19.335535209316728	0.6782188713109669	0.1933553520931673	markers + neural network
genome_743	3	True	68.14050721659173	6.91015434084459	0.6814050721659173	0.0691015434084459	markers + neural network
genome_981	2	True	41.08066994305615	7.382040154444019	0.4108066994305615	0.0738204015444402	markers
genome_385	2	True	42.875	1.0	0.42875	0.01	markers
genome_13	3	True	64.7649041241357	10.32951651378863	0.6476490412413569	0.1032951651378863	markers + neural network
genome_235	3	True	71.68966116156834	13.07824044826752	0.7168966116156834	0.1307824044826752	markers + neural network
genome_497	2	True	42.21311475409836	0.0	0.4221311475409836	0.0	markers
genome_707	3	True	76.80450830781216	15.998455105203371	0.7680450830781216	0.1599845510520337	markers + neural network
genome_489	2	True	71.76470588235294	30.04901885986328	0.7176470588235294	0.3004901885986328	markers
genome_474	3	True	71.5486151034822	18.97131125756227	0.715486151034822	0.1897131125756227	markers + neural network
genome_449	3	True	64.03928953236309	18.50104661161701	0.6403928953236309	0.1850104661161701	markers + neural network
genome_944	2	True	40.472358052473325	5.51529790660225	0.4047235805247333	0.0551529790660225	markers
genome_363	3	True	80.73585362704947	12.65005605610641	0.8073585362704947	0.1265005605610641	markers + neural network
genome_769	3	True	75.0586640761924	17.74351713749461	0.7505866407619239	0.1774351713749461	markers + neural network
genome_74	3	True	76.97719711506478	6.33385963864357	0.7697719711506478	0.0633385963864357	markers + neural network
genome_177	2	True	56.91288167780096	11.64772727272727	0.5691288167780096	0.1164772727272727	markers
genome_417	2	True	48.57456140350877	8.33333333333333	0.4857456140350877	0.0833333333333333	markers
genome_680	3	True	72.87647901671006	19.37661720794502	0.7287647901671006	0.1937661720794502	markers + neural network
genome_171	3	True	73.04568821746157	16.08418950537984	0.7304568821746158	0.1608418950537984	markers + neural network
genome_108	3	True	65.8711965741148	13.2549822580096	0.6587119657411481	0.132549822580096	markers + neural network
genome_652	3	True	78.04176439391209	13.165761520999112	0.7804176439391209	0.1316576152099911	markers + neural network
genome_224	3	True	71.75473846342817	14.8895765694424	0.7175473846342817	0.148895765694424	markers + neural network
genome_928	3	True	83.53133181287144	18.28579275366845	0.8353133181287145	0.1828579275366845	markers + neural network
genome_401	3	True	72.87215768348564	25.00578491354196	0.7287215768348564	0.2500578491354196	markers + neural network
genome_355	2	True	46.16227902864155	-1.3071194419242864e-08	0.4616227902864155	-1.3071194419242865e-10	markers
genome_455	3	True	81.79601301453543	20.50283891423803	0.8179601301453543	0.2050283891423803	markers + neural network
genome_559	3	True	75.62117653691249	13.934697214319067	0.7562117653691249	0.1393469721431907	markers + neural network
genome_710	3	True	77.43565077811078	14.32083363741499	0.7743565077811079	0.1432083363741499	markers + neural network
genome_251	2	True	55.44692737430168	8.75232739155519	0.5544692737430168	0.0875232739155519	markers
genome_835	2	True	57.44207045611213	2.67379679144385	0.5744207045611214	0.0267379679144385	markers
genome_10	3	True	63.64820150284156	16.07490943323284	0.6364820150284156	0.1607490943323284	markers + neural network
genome_323	2	True	77.38095238095238	37.5	0.7738095238095238	0.375	markers
genome_785	3	True	78.86765928256156	13.89445925997919	0.7886765928256156	0.1389445925997919	markers + neural network
genome_971	3	True	85.65322001567122	12.537742302079469	0.8565322001567123	0.1253774230207947	markers + neural network
genome_608	2	True	50.170941475110176	12.3076923076923	0.5017094147511018	0.123076923076923	markers
genome_252	2	True	38.983050847457626	1.12994350282485	0.3898305084745763	0.0112994350282485	markers
genome_66	2	True	54.336039225260414	11.44986501554163	0.5433603922526041	0.1144986501554163	markers
genome_49	3	True	74.48235542935684	10.83966036223887	0.7448235542935685	0.1083966036223887	markers + neural network
genome_345	3	True	83.89433157932072	15.13188059745434	0.8389433157932071	0.1513188059745434	markers + neural network
genome_339	3	True	63.26556936945194	13.20141467625956	0.6326556936945193	0.1320141467625956	markers + neural network
genome_846	3	True	75.95083474884201	5.77791250286422	0.7595083474884201	0.0577791250286422	markers + neural network
genome_542	3	True	76.59725677861519	6.20502599443122	0.765972567786152	0.0620502599443122	markers + neural network
genome_493	3	True	65.47833846512182	16.441154034149143	0.6547833846512182	0.1644115403414914	markers + neural network
genome_924	2	True	45.75600103519889	10.33478865977458	0.4575600103519889	0.1033478865977458	markers
genome_231	2	True	40.69200482284814	5.36062396757783	0.4069200482284814	0.0536062396757783	markers
genome_623	2	True	44.84375	1.875	0.4484375	0.01875	markers
genome_424	3	True	68.86406341290517	12.30410741974804	0.6886406341290516	0.1230410741974804	markers + neural network
genome_78	3	True	85.57577419392817	15.70104491362238	0.8557577419392817	0.1570104491362238	markers + neural network
genome_969	3	True	79.19870626592373	10.84379940716822	0.7919870626592374	0.1084379940716822	markers + neural network
genome_546	3	True	76.10107903907478	15.08293231991876	0.7610107903907478	0.1508293231991876	markers + neural network
genome_9	3	True	64.34621868726354	22.61168739755817	0.6434621868726355	0.2261168739755817	markers + neural network
genome_641	3	True	75.76467042847037	19.10764595879319	0.7576467042847037	0.1910764595879319	markers + neural network
genome_507	3	True	64.75312870114287	4.02915103827167	0.6475312870114287	0.0402915103827167	markers + neural network
genome_196	3	True	72.77848721761026	17.93942115879168	0.7277848721761027	0.1793942115879168	markers + neural network
genome_358	2	True	37.5	0.0	0.375	0.0	markers
genome_256	3	True	61.68409527287457	15.17248338663629	0.6168409527287457	0.1517248338663629	markers + neural network
genome_868	3	True	68.2490493475959	18.56536659307724	0.682490493475959	0.1856536659307724	markers + neural network
genome_221	3	True	81.26573513808782	11.35912735277001	0.8126573513808781	0.1135912735277001	markers + neural network
genome_870	2	True	51.11684110975757	6.185567010309271	0.5111684110975757	0.0618556701030927	markers
genome_809	3	True	69.42810351192468	17.14093077946801	0.6942810351192468	0.1714093077946801	markers + neural network
genome_412	3	True	79.7500675616601	11.6464456531671	0.797500675616601	0.116464456531671	markers + neural network
genome_26	3	True	77.55617811211415	22.82779771439738	0.7755617811211416	0.2282779771439738	markers + neural network
genome_191	3	True	78.70476864287686	16.95495836887089	0.7870476864287685	0.1695495836887089	markers + neural network
genome_157	2	True	68.91304347826087	36.95652173913043	0.6891304347826087	0.3695652173913043	markers
genome_997	2	True	54.8644362454209	3.30941004045842	0.548644362454209	0.0330941004045842	markers
genome_516	2	True	56.631997915414665	14.26282086215176	0.5663199791541467	0.1426282086215176	markers
genome_335	3	True	65.47745496639854	7.5121694789902	0.6547745496639854	0.075121694789902	markers + neural network
genome_35	3	True	86.28575834459893	13.95740370078635	0.8628575834459893	0.1395740370078635	markers + neural network
genome_176	2	True	71.50837988826815	42.45810055865922	0.7150837988826816	0.4245810055865922	markers
genome_52	3	True	67.72090148946842	20.69146494938589	0.6772090148946842	0.2069146494938589	markers + neural network
genome_222	3	True	85.17723129604451	17.85556094744084	0.8517723129604451	0.1785556094744084	markers + neural network
genome_246	2	True	52.836801473376816	12.26537241519076	0.5283680147337682	0.1226537241519076	markers
genome_678	3	True	63.17152911161399	10.71975394719695	0.6317152911161399	0.1071975394719695	markers + neural network
genome_974	3	True	71.53422732776077	22.1379281462579	0.7153422732776078	0.221379281462579	markers + neural network
genome_781	2	True	53.538528519060144	18.96984924623115	0.5353852851906015	0.1896984924623115	markers
genome_350	3	True	67.06981870929523	7.42398152947788	0.6706981870929524	0.0742398152947788	markers + neural network
genome_689	3	True	69.69239659211645	19.98125681696838	0.6969239659211646	0.1998125681696838	markers + neural network
genome_184	2	True	46.43939625133167	4.09090909090909	0.4643939625133167	0.0409090909090909	markers
genome_188	3	True	81.16391980266951	18.23290273582146	0.811639198026695	0.1823290273582146	markers + neural network
genome_906	3	True	79.26646605947968	15.89122381011511	0.7926646605947969	0.1589122381011511	markers + neural network
genome_150	3	True	64.19294871130754	6.4885533922120695	0.6419294871130754	0.0648855339221207	markers + neural network
genome_897	3	True	63.23935907194488	4.82426484753717	0.6323935907194488	0.0482426484753717	markers + neural network
genome_416	3	True	83.97318862798735	23.34542375697098	0.8397318862798735	0.2334542375697098	markers + neural network
genome_638	3	True	65.50188171185334	9.87128008140921	0.6550188171185335	0.0987128008140921	markers + neural network
genome_437	2	True	84.56375838926175	36.91275167785235	0.8456375838926175	0.3691275167785235	markers
genome_893	2	True	51.864555580320335	5.23306914558511	0.5186455558032034	0.0523306914558511	markers
genome_146	3	True	73.61340550936833	14.93092768585974	0.7361340550936833	0.1493092768585974	markers + neural network
genome_591	2	True	45.12195121951219	4.26829268292682	0.4512195121951219	0.0426829268292682	markers
genome_8	2	True	52.4468085106383	17.12765957446808	0.524468085106383	0.1712765957446808	markers
genome_602	3	True	72.50231417582074	10.77892137417376	0.7250231417582074	0.1077892137417376	markers + neural network
genome_62	3	True	74.58172073738174	10.512980828160549	0.7458172073738174	0.1051298082816055	markers + neural network
genome_194	2	True	31.08856088560885	1.8450184501845	0.3108856088560885	0.018450184501845	markers
genome_925	2	True	48.52941176470589	2.61437908496732	0.4852941176470588	0.0261437908496732	markers
genome_530	2	True	45.64860301651978	4.9261083743842295	0.4564860301651978	0.0492610837438423	markers
genome_220	3	True	66.0203686708317	21.34786333979881	0.660203686708317	0.2134786333979881	markers + neural network
genome_311	3	True	71.87283184079396	23.54801171215785	0.7187283184079396	0.2354801171215785	markers + neural network
genome_302	2	True	56.71140939597316	1.34228187919463	0.5671140939597316	0.0134228187919463	markers
genome_211	3	True	83.46667888657377	15.24680418066202	0.8346667888657378	0.1524680418066202	markers + neural network
genome_460	2	True	28.70967741935484	1.93548387096774	0.2870967741935484	0.0193548387096774	markers
genome_213	2	True	55.3968266078404	1.11111118679954	0.553968266078404	0.0111111118679954	markers
genome_53	2	True	50.514984130859375	4.49438202247191	0.5051498413085938	0.0449438202247191	markers
genome_798	3	True	82.39376018952093	17.46425231799147	0.8239376018952094	0.1746425231799147	markers + neural network
genome_888	3	True	77.5131804072033	20.22205265090157	0.775131804072033	0.2022205265090157	markers + neural network
genome_757	3	True	79.1489281569986	23.47147282730664	0.7914892815699859	0.2347147282730664	markers + neural network
genome_346	2	True	42.6811583145805	8.47826086956521	0.426811583145805	0.0847826086956521	markers
genome_936	2	True	43.90749406586423	3.50877177772339	0.4390749406586423	0.0350877177772339	markers
genome_814	3	True	66.24033612914664	16.643203769909178	0.6624033612914664	0.1664320376990918	markers + neural network
genome_336	2	True	49.50396825396825	2.5793650793650698	0.4950396825396825	0.0257936507936507	markers
genome_708	3	True	74.08583434412891	17.29973581167214	0.7408583434412891	0.1729973581167214	markers + neural network
genome_43	3	True	63.10334943703371	14.68323440436147	0.6310334943703371	0.1468323440436147	markers + neural network
genome_560	2	True	54.724110713621386	18.934240362811792	0.5472411071362139	0.1893424036281179	markers
genome_771	2	True	56.14742370472494	9.44081308535241	0.5614742370472494	0.0944081308535241	markers
genome_960	3	True	64.9120192691572	17.73387771397033	0.649120192691572	0.1773387771397033	markers + neural network
genome_268	3	True	70.20994038708253	10.68107443354125	0.7020994038708253	0.1068107443354125	markers + neural network
genome_136	3	True	74.02358287509028	17.517753432486142	0.7402358287509028	0.1751775343248614	markers + neural network
genome_482	2	True	86.75496688741721	34.437086092715234	0.8675496688741722	0.3443708609271523	markers
genome_759	3	True	79.78286589575028	16.65221483318754	0.7978286589575028	0.1665221483318754	markers + neural network
genome_236	3	True	65.72571205370836	19.91560105510983	0.6572571205370836	0.1991560105510983	markers + neural network
genome_672	3	True	71.73776581629046	24.07389632025718	0.7173776581629047	0.2407389632025718	markers + neural network
genome_333	3	True	67.90104689231914	19.55236885501528	0.6790104689231914	0.1955236885501528	markers + neural network
genome_711	2	True	56.0442418227961	15.74074074074074	0.560442418227961	0.1574074074074074	markers
genome_673	3	True	62.05044637612375	10.2622184402907	0.6205044637612375	0.102622184402907	markers + neural network
genome_207	2	True	82.24043715846994	33.60655737704918	0.8224043715846995	0.3360655737704918	markers
genome_234	3	True	68.67531477550499	20.23674768565296	0.6867531477550498	0.2023674768565296	markers + neural network
genome_257	3	True	81.74810265898537	12.56024649676748	0.8174810265898538	0.1256024649676748	markers + neural network
genome_131	3	True	83.18401710386753	8.58945822113555	0.8318401710386754	0.0858945822113555	markers + neural network
genome_301	2	True	58.62831858407079	7.59586992516981	0.5862831858407079	0.0759586992516981	markers
genome_668	3	True	85.03571310035989	24.46792361852461	0.8503571310035989	0.2446792361852461	markers + neural network
genome_745	3	True	65.29515526853496	19.53615480594384	0.6529515526853495	0.1953615480594384	markers + neural network
genome_549	3	True	72.25101936752363	16.60834590097361	0.7225101936752363	0.1660834590097361	markers + neural network
genome_829	2	True	39.65986290756537	8.57142857142857	0.3965986290756537	0.0857142857142857	markers
genome_209	3	True	82.79001296774217	25.359566203696183	0.8279001296774218	0.2535956620369619	markers + neural network
genome_240	3	True	62.39278566133195	12.32566933775519	0.6239278566133195	0.1232566933775519	markers + neural network
genome_316	3	True	79.53403795390524	17.68055164074141	0.7953403795390525	0.1768055164074141	markers + neural network
genome_349	3	True	66.93572283272562	9.07808483819376	0.6693572283272562	0.0907808483819376	markers + neural network
genome_143	3	True	67.66431286490553	19.62684286711294	0.6766431286490553	0.1962684286711294	markers + neural network
genome_165	3	True	67.33154090907374	22.85761357246756	0.6733154090907374	0.2285761357246756	markers + neural network
genome_643	3	True	75.66926255719075	11.74420266057282	0.7566926255719075	0.1174420266057282	markers + neural network
genome_631	3	True	67.7066591883796	10.90481581468663	0.677066591883796	0.1090481581468663	markers + neural network
genome_520	2	True	59.84009464728436	15.31365313653136	0.5984009464728436	0.1531365313653136	markers
genome_179	3	True	75.19803357757316	22.73994630638832	0.7519803357757315	0.2273994630638832	markers + neural network
genome_890	3	True	83.45349009807366	12.32001333184124	0.8345349009807366	0.1232001333184124	markers + neural network
genome_578	3	True	68.18058384667923	20.54661649574075	0.6818058384667922	0.2054661649574075	markers + neural network
genome_399	2	True	48.054474708171206	7.587548638132289	0.4805447470817121	0.0758754863813229	markers
genome_82	3	True	75.14885778070813	13.19951364272246	0.7514885778070812	0.1319951364272246	markers + neural network
genome_503	2	True	54.54545454545454	18.18181818181818	0.5454545454545454	0.1818181818181818	markers
genome_629	3	True	87.15106830675185	17.52657701267516	0.8715106830675186	0.1752657701267516	markers + neural network
genome_134	3	True	79.37440611885911	19.20257311008477	0.7937440611885911	0.1920257311008477	markers + neural network
genome_249	3	True	67.14558810029223	16.24696107690292	0.6714558810029223	0.1624696107690292	markers + neural network
genome_675	2	True	47.44318181818182	3.4090909090909	0.4744318181818182	0.034090909090909	markers
genome_114	3	True	83.71967274207775	15.13821233185698	0.8371967274207774	0.1513821233185698	markers + neural network
genome_879	3	True	67.00377443728908	18.41635926215287	0.6700377443728909	0.1841635926215287	markers + neural network
genome_617	3	True	74.82370319285462	14.11193708919885	0.7482370319285463	0.1411193708919885	markers + neural network
genome_27	3	True	82.37201229633175	18.75362098661021	0.8237201229633174	0.1875362098661021	markers + neural network
genome_337	3	True	61.90125871817954	25.44620527671671	0.6190125871817954	0.2544620527671671	markers + neural network
genome_946	3	True	64.16134849245158	14.66642971976095	0.6416134849245159	0.1466642971976095	markers + neural network
genome_69	3	True	72.1621678080881	19.73851308349569	0.721621678080881	0.1973851308349569	markers + neural network
genome_963	3	True	74.88379095955922	5.53397842176701	0.7488379095955922	0.0553397842176701	markers + neural network
genome_713	3	True	65.3663440039708	20.86120283062666	0.653663440039708	0.2086120283062666	markers + neural network
genome_28	3	True	76.86146059703414	21.43365520317054	0.7686146059703414	0.2143365520317054	markers + neural network
genome_95	2	True	54.39346624880421	11.93027184934032	0.5439346624880421	0.1193027184934032	markers
genome_36	3	True	67.8003293490575	16.5113585296575	0.6780032934905751	0.165113585296575	markers + neural network
genome_984	3	True	64.79101616484704	16.524910017222087	0.6479101616484704	0.1652491001722209	markers + neural network
genome_784	3	True	79.43214791273915	11.13819906736408	0.7943214791273916	0.1113819906736408	markers + neural network
genome_244	2	True	51.2451425765001	8.679977391603181	0.512451425765001	0.0867997739160318	markers
genome_173	3	True	65.47753591310132	16.208749913792488	0.6547753591310133	0.1620874991379249	markers + neural network
genome_611	3	True	64.92860861041908	19.23031245961429	0.6492860861041907	0.1923031245961429	markers + neural network
genome_847	2	True	23.137573939163183	3.1538880863158503	0.2313757393916318	0.0315388808631585	markers
genome_293	3	True	76.6195421778378	16.22906433534798	0.7661954217783781	0.1622906433534798	markers + neural network
genome_178	3	True	65.13865247529785	14.32019201159232	0.6513865247529784	0.1432019201159232	markers + neural network
genome_989	3	True	82.87270715125378	21.07173663561032	0.8287270715125378	0.2107173663561032	markers + neural network
genome_71	3	True	73.46040652141512	16.042602104929248	0.7346040652141512	0.1604260210492925	markers + neural network
genome_259	3	True	74.79799331616996	21.48791674456142	0.7479799331616996	0.2148791674456142	markers + neural network
genome_392	3	True	79.43798121104851	19.39151114714802	0.7943798121104851	0.1939151114714802	markers + neural network
genome_91	3	True	64.88527114832621	5.14691068718217	0.6488527114832621	0.0514691068718217	markers + neural network
genome_190	3	True	77.274832787954	17.76667127565284	0.77274832787954	0.1776667127565284	markers + neural network
genome_217	2	True	36.52729473047555	2.3809522701888097	0.3652729473047555	0.0238095227018881	markers
genome_510	3	True	74.7703775340734	10.50565029891771	0.7477037753407341	0.1050565029891771	markers + neural network
genome_272	3	True	65.44156639985405	22.23588589422937	0.6544156639985406	0.2223588589422937	markers + neural network
genome_973	3	True	68.41554303316045	17.47057864666374	0.6841554303316044	0.1747057864666374	markers + neural network
genome_263	3	True	83.96065744037526	18.75989820750514	0.8396065744037525	0.1875989820750514	markers + neural network
genome_845	3	True	75.67150344429061	8.75643964063736	0.7567150344429061	0.0875643964063736	markers + neural network
genome_830	3	True	89.14155609915844	20.60782183651467	0.8914155609915844	0.2060782183651467	markers + neural network
genome_304	3	True	66.34763088582174	7.357235353697909	0.6634763088582174	0.0735723535369791	markers + neural network
genome_558	3	True	67.25256119540123	15.50673276945647	0.6725256119540123	0.1550673276945647	markers + neural network
genome_262	3	True	80.34707288837821	17.27367444508625	0.8034707288837821	0.1727367444508625	markers + neural network
genome_779	3	True	69.97795847489958	10.4733923596919	0.6997795847489958	0.104733923596919	markers + neural network
genome_693	2	True	42.620230907231424	5.97014925373134	0.4262023090723142	0.0597014925373134	markers
genome_118	2	True	46.174863387978135	4.0983606557377	0.4617486338797814	0.040983606557377	markers
genome_351	2	True	43.51726958119532	6.28084359868538	0.4351726958119532	0.0628084359868538	markers
genome_621	3	True	73.5792412771483	15.98735963330702	0.735792412771483	0.1598735963330702	markers + neural network
genome_488	3	True	78.32560035678071	16.24563703222873	0.7832560035678071	0.1624563703222873	markers + neural network
genome_242	3	True	83.16286679897497	14.823977886878913	0.8316286679897498	0.1482397788687891	markers + neural network
genome_185	3	True	68.33846897245748	14.22466153907139	0.6833846897245748	0.1422466153907139	markers + neural network
genome_469	3	True	68.41294293671899	17.61512482953132	0.6841294293671899	0.1761512482953132	markers + neural network
genome_998	2	True	50.3853549847024	1.15606936416184	0.503853549847024	0.0115606936416184	markers
genome_199	2	True	39.22546012269938	5.7770963095448495	0.3922546012269938	0.0577709630954485	markers
genome_992	3	True	67.17438725240099	4.913697076497829	0.6717438725240099	0.0491369707649783	markers + neural network
genome_50	3	True	79.77804177179644	11.585420432495573	0.7977804177179644	0.1158542043249557	markers + neural network
genome_766	3	True	70.58324163136152	7.36271437553534	0.7058324163136152	0.0736271437553534	markers + neural network
genome_63	3	True	67.04642468823543	20.1415766183487	0.6704642468823544	0.201415766183487	markers + neural network
genome_749	3	True	75.06804919552607	24.829996254494898	0.7506804919552608	0.248299962544949	markers + neural network
genome_367	3	True	78.14722677907025	5.69974932353783	0.7814722677907024	0.0569974932353783	markers + neural network
genome_324	3	True	79.31505094546331	20.52731014935924	0.7931505094546331	0.2052731014935924	markers + neural network
genome_198	3	True	68.18593258134396	18.2595048323039	0.6818593258134396	0.182595048323039	markers + neural network
genome_382	2	True	40.0	0.0	0.4	0.0	markers
genome_926	2	True	36.47798742138364	0.31446540880503	0.3647798742138364	0.0031446540880503	markers
genome_780	3	True	63.05699904012586	10.62052087800806	0.6305699904012586	0.1062052087800806	markers + neural network
genome_570	3	True	60.009138970445896	19.68206471061381	0.600091389704459	0.1968206471061381	markers + neural network
genome_456	3	True	61.4691130423786	13.908764168518587	0.614691130423786	0.1390876416851859	markers + neural network
genome_255	3	True	74.87771092592493	16.3842688425155	0.7487771092592493	0.163842688425155	markers + neural network
genome_295	3	True	68.2532579482772	20.16892554794928	0.682532579482772	0.2016892554794928	markers + neural network
genome_854	3	True	66.6575766245571	12.0882431253884	0.6665757662455709	0.120882431253884	markers + neural network
genome_260	2	True	58.44444638206845	17.500001816522502	0.5844444638206845	0.175000018165225	markers
genome_525	3	True	67.85161243533395	23.55785260101351	0.6785161243533395	0.2355785260101351	markers + neural network
genome_697	2	True	47.647058823529406	2.25490205428179	0.4764705882352941	0.0225490205428179	markers
genome_987	2	True	33.513145662296964	3.0439535776774	0.3351314566229696	0.030439535776774	markers
genome_473	3	True	68.73990338660258	2.17954261693285	0.6873990338660257	0.0217954261693285	markers + neural network
genome_538	3	True	88.28504642329851	20.0384731203268	0.8828504642329851	0.200384731203268	markers + neural network
genome_127	3	True	74.27423618239092	15.9515041193155	0.7427423618239093	0.159515041193155	markers + neural network
genome_481	3	True	65.79081061171459	17.364024971952	0.6579081061171459	0.17364024971952	markers + neural network
genome_226	2	True	57.154470642495845	9.64523281596452	0.5715447064249585	0.0964523281596452	markers
genome_677	2	True	50.4241486509403	7.48502994011976	0.504241486509403	0.0748502994011976	markers
genome_645	3	True	68.91770923811363	23.12884966109978	0.6891770923811363	0.2312884966109978	markers + neural network
genome_430	2	True	42.15867158671587	1.1070110701107	0.4215867158671587	0.011070110701107	markers
genome_895	3	True	67.16296837612452	6.06390863715591	0.6716296837612452	0.0606390863715591	markers + neural network
genome_325	3	True	68.19035716342968	15.44059360180784	0.6819035716342968	0.1544059360180784	markers + neural network
genome_433	3	True	83.99382071786071	22.643131950465506	0.8399382071786071	0.226431319504655	markers + neural network
genome_714	3	True	68.42535262352114	20.7731512778758	0.6842535262352114	0.207731512778758	markers + neural network
genome_80	3	True	73.00727226350077	15.00311585580714	0.7300727226350077	0.1500311585580714	markers + neural network
genome_24	3	True	65.22138435666717	21.32842873705553	0.6522138435666718	0.2132842873705553	markers + neural network
genome_587	3	True	74.75318678562235	21.42521813633816	0.7475318678562235	0.2142521813633816	markers + neural network
genome_958	3	True	71.11556572533398	15.9888797016219	0.7111556572533398	0.159888797016219	markers + neural network
genome_319	2	True	55.582524271844655	0.16181230255701	0.5558252427184466	0.0016181230255701	markers
genome_472	3	True	82.67021837472754	10.96097627486846	0.8267021837472753	0.1096097627486846	markers + neural network
genome_511	3	True	81.371087087451	20.97576383588	0.81371087087451	0.2097576383588	markers + neural network
genome_702	3	True	82.11936045004454	10.17942605998932	0.8211936045004454	0.1017942605998932	markers + neural network
genome_205	2	True	59.54773869346733	9.12897790496672	0.5954773869346733	0.0912897790496672	markers
genome_663	2	True	59.11330049261084	9.35960591133004	0.5911330049261084	0.0935960591133004	markers
genome_421	2	True	54.788053655900015	7.65895953757225	0.5478805365590002	0.0765895953757225	markers
genome_299	3	True	72.66365229620763	17.02947648444339	0.7266365229620764	0.1702947648444339	markers + neural network
genome_588	3	True	78.5062523319943	14.4252239674145	0.7850625233199431	0.144252239674145	markers + neural network
genome_741	3	True	72.23632978092678	22.19376287869942	0.7223632978092678	0.2219376287869942	markers + neural network
genome_470	3	True	63.2276677416634	14.82151780394071	0.632276677416634	0.1482151780394071	markers + neural network
genome_487	2	True	59.39226519337016	5.52486187845303	0.5939226519337016	0.0552486187845303	markers
genome_995	2	True	45.921643207528	6.21387283236994	0.45921643207528	0.0621387283236994	markers
genome_0	3	True	66.20503170908313	12.6309065005259	0.6620503170908313	0.126309065005259	markers + neural network
genome_372	2	True	50.9341214610412	9.43952802359882	0.509341214610412	0.0943952802359882	markers
genome_137	3	True	81.33593793041301	12.51797114215038	0.8133593793041302	0.1251797114215038	markers + neural network
genome_825	3	True	64.3400039236805	15.95370820911946	0.643400039236805	0.1595370820911946	markers + neural network
genome_370	3	True	77.07023687438227	14.04644715909382	0.7707023687438228	0.1404644715909382	markers + neural network
genome_943	3	True	70.68142950874623	12.927504428020509	0.7068142950874623	0.1292750442802051	markers + neural network
genome_261	3	True	69.50104188853693	9.07345879682654	0.6950104188853693	0.0907345879682654	markers + neural network
genome_463	3	True	64.62150819515816	9.12486776370018	0.6462150819515815	0.0912486776370018	markers + neural network
genome_964	3	True	66.67948056397688	24.32616422192313	0.6667948056397688	0.2432616422192313	markers + neural network
genome_344	3	True	76.55940271055343	12.82506517727962	0.7655940271055343	0.1282506517727962	markers + neural network
genome_604	2	True	59.04522613065326	20.35175879396984	0.5904522613065326	0.2035175879396984	markers
genome_377	3	True	67.49543946676293	24.71560956452636	0.6749543946676293	0.2471560956452636	markers + neural network
genome_227	3	True	70.2957700280222	20.43607390996595	0.7029577002802221	0.2043607390996595	markers + neural network
genome_265	2	True	48.89393893155184	2.72727272727272	0.4889393893155184	0.0272727272727272	markers
genome_68	3	True	65.97997281511053	5.76467762430328	0.6597997281511052	0.0576467762430328	markers + neural network
genome_48	3	True	66.52830285357508	9.16688291053333	0.6652830285357508	0.0916688291053333	markers + neural network
genome_79	2	True	84.5679012345679	31.17283950617284	0.845679012345679	0.3117283950617284	markers
genome_649	3	True	81.63508943224214	16.17421092151352	0.8163508943224214	0.1617421092151352	markers + neural network
genome_684	3	True	67.71446167004098	14.77943536511378	0.6771446167004098	0.1477943536511378	markers + neural network
genome_979	3	True	67.16339886878409	13.645730977120952	0.6716339886878409	0.1364573097712095	markers + neural network
genome_836	3	True	63.90390240016405	17.54342786927255	0.6390390240016405	0.1754342786927255	markers + neural network
genome_313	3	True	77.23938890807727	18.0551690369397	0.7723938890807727	0.180551690369397	markers + neural network
genome_279	3	True	69.25290575009586	13.55957388621719	0.6925290575009586	0.1355957388621719	markers + neural network
genome_556	3	True	69.49199402869597	7.802975386149449	0.6949199402869597	0.0780297538614945	markers + neural network
genome_458	2	True	48.97501943031331	7.676571592188	0.4897501943031331	0.07676571592188	markers
genome_550	2	True	48.85057471264368	5.55555573825178	0.4885057471264368	0.0555555573825178	markers
genome_994	3	True	77.90610838410585	19.716759382859088	0.7790610838410585	0.1971675938285909	markers + neural network
genome_229	3	True	65.70460576497241	10.16074412232229	0.6570460576497241	0.1016074412232229	markers + neural network
genome_387	3	True	64.68052853167372	25.46432000695122	0.6468052853167371	0.2546432000695122	markers + neural network
genome_5	3	True	83.87982663098285	17.604924527905	0.8387982663098285	0.17604924527905	markers + neural network
genome_396	3	True	74.8117665816986	7.360936267586831	0.7481176658169861	0.0736093626758683	markers + neural network
genome_274	3	True	81.17689394954128	21.59086216817946	0.8117689394954128	0.2159086216817946	markers + neural network
genome_521	3	True	61.459016911757935	12.743384643669913	0.6145901691175794	0.1274338464366991	markers + neural network
genome_147	3	True	63.85487508328143	25.36236469755016	0.6385487508328143	0.2536236469755016	markers + neural network
genome_687	2	True	88.59060402684564	31.20805369127516	0.8859060402684564	0.3120805369127516	markers
genome_564	3	True	68.22287771991881	12.09596989410548	0.6822287771991881	0.1209596989410548	markers + neural network
genome_479	3	True	82.96195276919684	13.926634294259118	0.8296195276919685	0.1392663429425912	markers + neural network
genome_909	3	True	64.27747260336236	8.207109154740449	0.6427747260336235	0.0820710915474045	markers + neural network
genome_787	3	True	72.90931547352993	13.27203357127653	0.7290931547352992	0.1327203357127653	markers + neural network
genome_33	3	True	67.93252413014599	12.07216097439054	0.6793252413014599	0.1207216097439054	markers + neural network
genome_761	2	True	79.8136645962733	41.82194301060268	0.7981366459627329	0.4182194301060268	markers
genome_792	2	True	51.53664663328347	15.02364138339428	0.5153664663328347	0.1502364138339428	markers
genome_988	2	True	50.902673949271936	9.20322781792206	0.5090267394927194	0.0920322781792206	markers
genome_884	2	True	43.67816091954023	3.44827586206896	0.4367816091954023	0.0344827586206896	markers
genome_248	3	True	82.60356671933211	10.58177200446825	0.8260356671933211	0.1058177200446825	markers + neural network
genome_632	3	True	65.76896485979422	14.55440661792518	0.6576896485979422	0.1455440661792518	markers + neural network
genome_939	3	True	73.24864015469612	2.6250112544672	0.7324864015469612	0.026250112544672	markers + neural network
genome_676	2	True	56.32911392405063	9.91561181434599	0.5632911392405063	0.0991561181434599	markers
genome_93	3	True	73.96378500257991	6.41760428816998	0.7396378500257991	0.0641760428816998	markers + neural network
genome_873	3	True	77.43574390399755	15.961343425600772	0.7743574390399754	0.1596134342560077	markers + neural network
genome_674	3	True	71.13551349689263	23.50785380063434	0.7113551349689263	0.2350785380063434	markers + neural network
genome_435	2	True	30.36458253860473	-6.208817349140361e-09	0.3036458253860473	-6.208817349140359e-11	markers
genome_640	3	True	73.54506171459757	24.69783603245031	0.7354506171459756	0.2469783603245031	markers + neural network
genome_186	3	True	65.98938461545652	13.75898780036732	0.6598938461545651	0.1375898780036732	markers + neural network
genome_999	3	True	69.66293549855634	18.79023372617578	0.6966293549855633	0.1879023372617578	markers + neural network
genome_122	3	True	64.94574409459943	16.91813317487419	0.6494574409459943	0.1691813317487419	markers + neural network
genome_130	2	True	83.13725490196079	35.49019607843137	0.8313725490196079	0.3549019607843137	markers
genome_394	3	True	79.00251875212359	16.320777296140047	0.790025187521236	0.1632077729614005	markers + neural network
genome_978	2	True	43.20052857417984	5.97609561752988	0.4320052857417984	0.0597609561752988	markers
genome_153	3	True	88.75652841119012	16.54896436194389	0.8875652841119012	0.1654896436194389	markers + neural network
genome_70	3	True	64.16951548391425	18.85460773039921	0.6416951548391425	0.1885460773039921	markers + neural network
genome_732	3	True	67.61152552316054	18.48644347470113	0.6761152552316054	0.1848644347470113	markers + neural network
genome_461	2	True	54.637818947816505	18.67307614057492	0.5463781894781651	0.1867307614057492	markers
genome_86	3	True	77.04715710217872	21.085677095966098	0.7704715710217871	0.210856770959661	markers + neural network
genome_331	3	True	67.7726840433025	13.34845460472497	0.677726840433025	0.1334845460472497	markers + neural network
genome_357	3	True	75.45486570250787	15.25345686888617	0.7545486570250787	0.1525345686888617	markers + neural network
genome_500	3	True	71.63282334847302	24.6343296748011	0.7163282334847302	0.246343296748011	markers + neural network
genome_573	3	True	74.36459138084896	15.30260282350214	0.7436459138084897	0.1530260282350214	markers + neural network
genome_957	3	True	78.36818881683195	7.0631994787026695	0.7836818881683194	0.0706319947870267	markers + neural network
genome_571	3	True	67.36582073632661	20.95015353030155	0.6736582073632661	0.2095015353030155	markers + neural network
genome_567	2	True	56.36516168488929	3.5175879396984904	0.5636516168488929	0.0351758793969849	markers
genome_765	2	True	50.27045462895365	12.894417475728153	0.5027045462895365	0.1289441747572815	markers
genome_203	3	True	73.84127873652494	6.32681035640838	0.7384127873652494	0.0632681035640838	markers + neural network
genome_642	3	True	85.55786080785343	21.307674715139218	0.8555786080785343	0.2130767471513922	markers + neural network
genome_843	2	True	59.89583492279053	9.0625	0.5989583492279053	0.090625	markers
genome_788	3	True	73.87062038057041	17.30681017206868	0.7387062038057042	0.1730681017206868	markers + neural network
genome_922	3	True	65.11583492887635	19.45251560155678	0.6511583492887635	0.1945251560155678	markers + neural network
genome_806	3	True	83.73308608139116	10.88254013202326	0.8373308608139116	0.1088254013202326	markers + neural network
genome_938	3	True	71.01392546034417	9.81428204867632	0.7101392546034417	0.0981428204867632	markers + neural network
genome_448	3	True	66.40345204942409	18.86069941074575	0.6640345204942409	0.1886069941074575	markers + neural network
genome_815	3	True	69.14028212299175	15.89699586186839	0.6914028212299175	0.1589699586186839	markers + neural network
genome_555	2	True	55.76550239740416	2.03488372093023	0.5576550239740417	0.0203488372093023	markers
genome_271	2	True	64.9867374005305	31.962864721485413	0.649867374005305	0.3196286472148541	markers
genome_210	3	True	78.60268429762682	14.76098037350897	0.7860268429762682	0.1476098037350897	markers + neural network
genome_871	3	True	92.0753802391042	21.00382465421967	0.920753802391042	0.2100382465421967	markers + neural network
genome_366	3	True	78.8100945220805	15.17082202328138	0.788100945220805	0.1517082202328138	markers + neural network
genome_799	3	True	84.2847894632613	7.603386828276371	0.842847894632613	0.0760338682827637	markers + neural network
genome_486	3	True	70.65879621325874	14.48008937762942	0.7065879621325873	0.1448008937762942	markers + neural network
genome_197	3	True	68.87207791785256	19.65271962243565	0.6887207791785256	0.1965271962243565	markers + neural network
genome_696	3	True	73.35251914567384	23.13870486507329	0.7335251914567384	0.2313870486507329	markers + neural network
genome_238	3	True	65.04364350454847	15.98428808497841	0.6504364350454847	0.1598428808497841	markers + neural network
genome_402	3	True	77.0312776324172	9.72455370370452	0.7703127763241719	0.0972455370370452	markers + neural network
genome_374	3	True	65.4991509349365	12.68919632794539	0.654991509349365	0.1268919632794539	markers + neural network
genome_647	3	True	69.66541741652867	25.420452532420214	0.6966541741652866	0.2542045253242021	markers + neural network
genome_962	3	True	74.63213765169188	12.69606395164256	0.7463213765169188	0.1269606395164256	markers + neural network
genome_767	3	True	85.74378123223492	17.16378175388337	0.8574378123223492	0.1716378175388337	markers + neural network
genome_167	3	True	71.90491862722226	17.354943043448028	0.7190491862722226	0.1735494304344803	markers + neural network
genome_31	3	True	71.36322819006895	16.44456769220332	0.7136322819006895	0.1644456769220332	markers + neural network
genome_912	2	True	75.44378698224851	31.55818690915079	0.7544378698224852	0.3155818690915079	markers
genome_605	3	True	84.20131621179657	8.83630736074062	0.8420131621179656	0.0883630736074062	markers + neural network
genome_454	3	True	71.6789134536625	6.8334611883019605	0.7167891345366251	0.0683346118830196	markers + neural network
genome_930	3	True	80.7905070900875	12.97430797005797	0.807905070900875	0.1297430797005797	markers + neural network
genome_681	3	True	67.37896953477318	9.50703617867708	0.6737896953477317	0.0950703617867708	markers + neural network
genome_703	2	True	54.48717808985448	2.19780219780219	0.5448717808985448	0.0219780219780219	markers
genome_504	3	True	68.58446956789386	12.02661140260682	0.6858446956789387	0.1202661140260682	markers + neural network
genome_858	3	True	63.457923086437454	16.62454176380674	0.6345792308643745	0.1662454176380674	markers + neural network
genome_388	3	True	67.62277368494902	17.573576110205718	0.6762277368494902	0.1757357611020572	markers + neural network
genome_405	2	True	46.66666666666666	3.88888888888888	0.4666666666666667	0.0388888888888888	markers
genome_733	3	True	67.23941756989983	8.93995812829195	0.6723941756989983	0.0893995812829195	markers + neural network
genome_419	3	True	77.68575615507328	7.135967575451881	0.7768575615507328	0.0713596757545188	markers + neural network
genome_661	3	True	84.73603070344792	4.839273965588871	0.8473603070344793	0.0483927396558887	markers + neural network
genome_283	2	True	56.333333333333336	4.0	0.5633333333333334	0.04	markers
genome_805	2	True	58.986175115207374	10.02304147465437	0.5898617511520737	0.1002304147465437	markers
genome_395	3	True	68.64001726007018	19.39197534995592	0.6864001726007017	0.1939197534995592	markers + neural network
genome_158	3	True	73.85958773733536	3.70756212487518	0.7385958773733536	0.0370756212487518	markers + neural network
genome_40	3	True	70.31373126058314	11.38482559330391	0.7031373126058313	0.1138482559330391	markers + neural network
genome_172	3	True	63.76977685250041	17.537154173923568	0.637697768525004	0.1753715417392357	markers + neural network
genome_768	3	True	89.51766852356167	15.19274579948055	0.8951766852356167	0.1519274579948055	markers + neural network
genome_982	2	True	43.80952380952381	35.71428571428571	0.4380952380952381	0.3571428571428571	markers
genome_64	3	True	74.17783374458332	7.688452741977681	0.7417783374458332	0.0768845274197768	markers + neural network
genome_2	2	True	50.4746835443038	1.4767933495437	0.504746835443038	0.014767933495437	markers
genome_790	2	True	49.80507120054367	1.16959064327485	0.4980507120054367	0.0116959064327485	markers
genome_563	3	True	77.33121504696483	18.08623288895794	0.7733121504696483	0.1808623288895794	markers + neural network
genome_679	3	True	81.25791789273237	14.849594563863612	0.8125791789273237	0.1484959456386361	markers + neural network
genome_778	2	True	43.08958772905261	7.816301703163011	0.4308958772905261	0.0781630170316301	markers
genome_751	2	True	43.7007874015748	0.0	0.437007874015748	0.0	markers
genome_100	2	True	56.47090644276356	12.01740159101626	0.5647090644276356	0.1201740159101626	markers
genome_425	2	True	53.08207986342847	13.58877785840825	0.5308207986342847	0.1358877785840825	markers
genome_42	3	True	64.54023156778604	8.644833088602729	0.6454023156778603	0.0864483308860273	markers + neural network
genome_423	3	True	73.06775790383575	22.06401721167623	0.7306775790383575	0.2206401721167623	markers + neural network
genome_534	3	True	64.1464320580476	5.68952157020242	0.641464320580476	0.0568952157020242	markers + neural network
genome_502	3	True	65.08761567520321	5.43252301761372	0.650876156752032	0.0543252301761372	markers + neural network
genome_723	3	True	87.8330877636102	16.14922185490097	0.878330877636102	0.1614922185490097	markers + neural network
genome_701	3	True	66.94682892954951	9.69561935468316	0.6694682892954951	0.0969561935468316	markers + neural network
genome_314	3	True	64.51313760887551	3.4610319898828497	0.6451313760887551	0.0346103198988285	markers + neural network
genome_216	3	True	71.80801806336162	11.55742405789163	0.7180801806336161	0.1155742405789163	markers + neural network
genome_83	3	True	65.2718060356828	16.52742307112337	0.652718060356828	0.1652742307112337	markers + neural network
genome_572	3	True	72.39881042766444	7.63080275779962	0.7239881042766445	0.0763080275779962	markers + neural network
genome_811	3	True	82.78935174905453	15.34116771241248	0.8278935174905453	0.1534116771241248	markers + neural network
genome_609	3	True	64.2992242360809	16.77055827623308	0.642992242360809	0.1677055827623308	markers + neural network
genome_514	3	True	73.40269946437954	16.84762194632723	0.7340269946437954	0.1684762194632723	markers + neural network
genome_214	3	True	81.61735347827492	6.5585261291515495	0.8161735347827492	0.0655852612915155	markers + neural network
genome_625	3	True	82.30408120619785	22.32604819285789	0.8230408120619784	0.2232604819285789	markers + neural network
genome_561	3	True	65.16919846136766	7.6190678434988195	0.6516919846136766	0.0761906784349882	markers + neural network
genome_25	3	True	63.086927942244365	14.85397603529127	0.6308692794224436	0.1485397603529127	markers + neural network
genome_444	2	True	58.19367137035179	1.11731843575419	0.5819367137035178	0.0111731843575419	markers
genome_46	2	True	52.76497695852535	8.06451612903225	0.5276497695852534	0.0806451612903225	markers
genome_4	3	True	75.46810795748053	11.712919230983	0.7546810795748052	0.11712919230983	markers + neural network
genome_88	3	True	78.38637478958259	16.52297414493816	0.7838637478958259	0.1652297414493816	markers + neural network
genome_101	3	True	65.35486367068168	25.40974356877301	0.6535486367068168	0.2540974356877301	markers + neural network
genome_841	2	True	50.0	7.458563535911599	0.5	0.074585635359116	markers
genome_970	3	True	84.04728338720517	11.13011136421704	0.8404728338720517	0.1113011136421704	markers + neural network
genome_174	3	True	81.64712053335501	3.92411870509302	0.8164712053335501	0.0392411870509302	markers + neural network
genome_764	3	True	66.59000019891022	14.75763523448924	0.6659000019891022	0.1475763523448924	markers + neural network
genome_904	3	True	81.13774887780174	13.59088104984843	0.8113774887780174	0.1359088104984843	markers + neural network
genome_310	3	True	69.89025338516612	25.58769447886367	0.6989025338516612	0.2558769447886367	markers + neural network
genome_758	3	True	71.25554499383709	16.19286420475557	0.7125554499383709	0.1619286420475557	markers + neural network
genome_241	2	True	43.86666531032986	6.81481509738498	0.4386666531032986	0.0681481509738498	markers
genome_41	2	True	46.32963988919668	6.92520775623268	0.4632963988919668	0.0692520775623268	markers
genome_61	2	True	40.02878455918069	5.44041450777202	0.4002878455918069	0.0544041450777202	markers
genome_626	2	True	50.22221883138021	2.0	0.502222188313802	0.02	markers
genome_375	2	True	59.45577816087373	4.48979591836734	0.5945577816087373	0.0448979591836734	markers
genome_972	2	True	84.35754189944134	36.68528721985204	0.8435754189944135	0.3668528721985204	markers
genome_731	3	True	67.60514135709057	5.65607842259163	0.6760514135709057	0.0565607842259163	markers + neural network
genome_933	3	True	76.309567394711	14.94159263197451	0.76309567394711	0.1494159263197451	markers + neural network
genome_77	3	True	63.37360676509375	24.73060716236373	0.6337360676509375	0.2473060716236373	markers + neural network
genome_517	3	True	63.81243722911904	10.1558772785055	0.6381243722911903	0.101558772785055	markers + neural network
genome_584	2	True	49.820787163190936	4.3010752688172	0.4982078716319094	0.043010752688172	markers
genome_195	3	True	71.53106377557361	20.47424787577215	0.7153106377557361	0.2047424787577215	markers + neural network
genome_886	2	True	41.210362661989954	7.10059171597633	0.4121036266198995	0.0710059171597633	markers
genome_527	3	True	74.92991067395349	15.10499933496756	0.7492991067395349	0.1510499933496756	markers + neural network
genome_794	3	True	70.98264926160975	15.78231771365646	0.7098264926160975	0.1578231771365646	markers + neural network
genome_72	3	True	67.56585278647766	17.04675528272501	0.6756585278647766	0.1704675528272501	markers + neural network
genome_215	3	True	68.73222412633415	15.734900352120151	0.6873222412633415	0.1573490035212015	markers + neural network
genome_948	3	True	67.82790597096715	21.22866358567163	0.6782790597096715	0.2122866358567163	markers + neural network
genome_996	2	True	88.34355828220859	32.61758535186206	0.8834355828220859	0.3261758535186206	markers
genome_12	3	True	60.93555454706029	31.479587300116552	0.6093555454706029	0.3147958730011655	markers + neural network
genome_496	2	True	54.14110429447853	4.90797546012269	0.5414110429447853	0.0490797546012269	markers
genome_117	3	True	75.95634488755427	26.99301955955088	0.7595634488755426	0.2699301955955088	markers + neural network
genome_839	2	True	57.81629799056227	14.23357664233576	0.5781629799056227	0.1423357664233576	markers
genome_391	3	True	65.61640857058653	16.85201338738191	0.6561640857058653	0.1685201338738191	markers + neural network
genome_322	3	True	65.54727617334532	9.64870821203414	0.6554727617334533	0.0964870821203414	markers + neural network
genome_861	2	True	56.30482121517784	0.6578947368421	0.5630482121517784	0.006578947368421	markers
genome_225	2	True	55.3691652776364	18.07817589576547	0.553691652776364	0.1807817589576547	markers
genome_885	3	True	65.19249321994658	16.53598596045815	0.6519249321994658	0.1653598596045815	markers + neural network
genome_991	2	True	48.27586206896552	4.24403183023872	0.4827586206896552	0.0424403183023872	markers
genome_112	3	True	74.1829611468229	25.06675613870971	0.741829611468229	0.2506675613870971	markers + neural network
genome_407	2	True	58.4967320261438	3.92156862745098	0.5849673202614379	0.0392156862745098	markers
genome_410	3	True	64.499394481968	4.83910912651069	0.64499394481968	0.0483910912651069	markers + neural network
genome_278	2	True	50.99099236565667	1.62162162162162	0.5099099236565667	0.0162162162162162	markers
genome_748	3	True	65.42924884322798	22.04026430255578	0.6542924884322798	0.2204026430255578	markers + neural network
genome_47	2	True	45.65095227174084	7.04264849524706	0.4565095227174084	0.0704264849524706	markers
genome_439	2	True	45.77677109662224	5.65610859728506	0.4577677109662224	0.0565610859728506	markers
genome_923	3	True	64.062866789249	15.33971048885125	0.6406286678924901	0.1533971048885125	markers + neural network
genome_821	2	True	48.77300613496932	7.361963190184049	0.4877300613496932	0.0736196319018405	markers
genome_164	3	True	76.81351636609894	18.5353939982113	0.7681351636609894	0.185353939982113	markers + neural network
genome_192	2	True	39.11136653385119	5.41571305054549	0.3911136653385119	0.0541571305054549	markers
genome_201	3	True	66.183477405375	13.67757200732083	0.66183477405375	0.1367757200732083	markers + neural network
genome_113	2	True	55.0392260812545	8.6695481446016	0.550392260812545	0.086695481446016	markers
genome_650	2	True	54.310344827586206	6.321839080459769	0.5431034482758621	0.0632183908045977	markers
genome_902	2	True	41.80790960451977	1.03578156670608	0.4180790960451977	0.0103578156670608	markers
genome_606	3	True	66.62814546562129	18.03423521438733	0.6662814546562129	0.1803423521438733	markers + neural network
genome_753	3	True	82.1313759926525	13.84425680095322	0.8213137599265249	0.1384425680095322	markers + neural network
genome_450	2	True	47.38262874979368	4.04929577464788	0.4738262874979368	0.0404929577464788	markers
genome_919	2	True	54.16414866727941	15.16666726505055	0.5416414866727941	0.1516666726505055	markers
genome_467	2	True	45.454545454545446	1.13636363636363	0.4545454545454545	0.0113636363636363	markers
genome_116	2	True	56.04490369095085	10.36269430051813	0.5604490369095085	0.1036269430051813	markers
genome_422	3	True	68.11945256102616	23.720157190007	0.6811945256102616	0.23720157190007	markers + neural network
genome_490	3	True	73.6081645115616	23.30429956536307	0.736081645115616	0.2330429956536307	markers + neural network
genome_181	2	True	39.64766187509278	34.0426193563502	0.3964766187509278	0.340426193563502	markers
genome_574	3	True	76.21683989203676	20.4992168481789	0.7621683989203676	0.204992168481789	markers + neural network
genome_85	3	True	66.53288697446771	5.25688741607631	0.6653288697446772	0.0525688741607631	markers + neural network
genome_90	3	True	65.25759980023933	9.74641575266676	0.6525759980023933	0.0974641575266676	markers + neural network
genome_576	3	True	85.07639944563188	18.90601573068952	0.8507639944563188	0.1890601573068952	markers + neural network
genome_903	3	True	72.80724251048926	11.11456303557762	0.7280724251048927	0.1111456303557762	markers + neural network
genome_465	2	True	44.79166984558105	6.38020873069763	0.4479166984558105	0.0638020873069763	markers
genome_911	3	True	66.72026282189738	20.57710745067797	0.6672026282189738	0.2057710745067797	markers + neural network
genome_81	3	True	70.0817826721098	19.38446022834672	0.7008178267210979	0.1938446022834672	markers + neural network
genome_362	2	True	46.60194174757281	9.46601941747572	0.4660194174757281	0.0946601941747572	markers
genome_498	3	True	75.55202636407353	13.01927405411139	0.7555202636407352	0.1301927405411139	markers + neural network
genome_754	2	True	52.43192720813912	11.6246503942153	0.5243192720813912	0.116246503942153	markers
genome_484	3	True	82.64563110188521	13.85688322649256	0.8264563110188521	0.1385688322649256	markers + neural network
genome_869	2	True	57.86026200873362	7.4235807860262	0.5786026200873362	0.074235807860262	markers
genome_607	3	True	68.71922464723937	24.68676495128542	0.6871922464723937	0.2468676495128542	markers + neural network
genome_161	3	True	70.01891058285898	21.59315242693317	0.7001891058285897	0.2159315242693317	markers + neural network
genome_796	3	True	72.28524188766372	18.02983238390578	0.7228524188766372	0.1802983238390578	markers + neural network
genome_107	3	True	64.37031584376955	27.95187973866824	0.6437031584376954	0.2795187973866824	markers + neural network
genome_545	3	True	70.34680788384853	14.604989284474629	0.7034680788384853	0.1460498928447463	markers + neural network
genome_664	3	True	65.59742618569481	6.60693953473796	0.6559742618569482	0.0660693953473796	markers + neural network
genome_729	3	True	79.77280346683904	14.893961459093068	0.7977280346683904	0.1489396145909307	markers + neural network
genome_737	3	True	81.86560364764519	15.401129619637398	0.8186560364764519	0.154011296196374	markers + neural network
genome_950	3	True	64.5366901959162	12.885514866993333	0.6453669019591619	0.1288551486699333	markers + neural network
genome_330	3	True	64.07058120876087	11.95194455916167	0.6407058120876087	0.1195194455916167	markers + neural network
genome_746	3	True	87.94819058025084	14.74014936052093	0.8794819058025084	0.1474014936052093	markers + neural network
genome_1	3	True	68.01441875333882	6.83894990314166	0.6801441875333882	0.0683894990314166	markers + neural network
genome_965	2	True	57.59132594278415	1.36986301369863	0.5759132594278414	0.0136986301369863	markers
genome_599	2	True	57.62195121951219	5.48780487804878	0.5762195121951219	0.0548780487804878	markers
genome_233	3	True	65.92293866795154	16.50313755885659	0.6592293866795154	0.1650313755885659	markers + neural network
genome_239	3	True	64.60666801894426	20.00464506865735	0.6460666801894426	0.2000464506865735	markers + neural network
genome_457	2	True	75.39682539682539	40.87301587301587	0.753968253968254	0.4087301587301587	markers
genome_245	3	True	63.95158595947861	16.814020139047813	0.6395158595947861	0.1681402013904781	markers + neural network
genome_522	2	True	50.01713769907816	7.92630693293475	0.5001713769907816	0.0792630693293475	markers
genome_429	3	True	89.18731893630738	17.98828107486413	0.8918731893630738	0.1798828107486413	markers + neural network
genome_254	2	True	51.66666666666667	22.0	0.5166666666666667	0.22	markers
genome_917	2	True	48.44576820494636	13.29365079365079	0.4844576820494636	0.1329365079365079	markers
genome_14	3	True	82.14673321999932	20.09299560344127	0.8214673321999931	0.2009299560344127	markers + neural network
genome_734	3	True	81.41347726336586	4.8202728528105	0.8141347726336586	0.048202728528105	markers + neural network
genome_445	3	True	86.85259498599973	15.66724965208858	0.8685259498599973	0.1566724965208858	markers + neural network
genome_980	2	True	48.31288343558282	1.22699386503067	0.4831288343558282	0.0122699386503067	markers
genome_976	3	True	68.24714569960504	6.1707863260502895	0.6824714569960504	0.0617078632605029	markers + neural network
genome_786	3	True	85.34784130590005	12.628008211814882	0.8534784130590004	0.1262800821181488	markers + neural network
genome_29	3	True	68.68379074292088	15.80656427507925	0.6868379074292088	0.1580656427507925	markers + neural network
genome_39	3	True	67.43187215320891	13.68273112773489	0.6743187215320892	0.1368273112773489	markers + neural network
genome_887	2	True	55.62448051963788	15.88089330024814	0.5562448051963788	0.1588089330024814	markers
genome_253	3	True	86.70213634788162	14.92253373444536	0.8670213634788162	0.1492253373444536	markers + neural network
genome_501	3	True	67.26633282893208	19.39487504120928	0.6726633282893208	0.1939487504120928	markers + neural network
genome_34	3	True	76.93470868699139	7.57812195335972	0.7693470868699138	0.0757812195335972	markers + neural network
genome_404	3	True	73.1352854458838	23.24418008236963	0.7313528544588379	0.2324418008236963	markers + neural network
genome_807	3	True	76.6350653817641	12.79219921765479	0.766350653817641	0.1279219921765479	markers + neural network
genome_342	3	True	78.33608641066095	29.327207414965628	0.7833608641066095	0.2932720741496563	markers + neural network
genome_956	2	True	58.30223880597016	1.49253731343283	0.5830223880597015	0.0149253731343283	markers
genome_193	3	True	72.09388667652121	18.5207273687727	0.7209388667652121	0.185207273687727	markers + neural network
genome_655	3	True	85.69483520593619	8.738180988810731	0.8569483520593619	0.0873818098881073	markers + neural network
genome_513	3	True	64.89747629065351	16.73340723130724	0.6489747629065352	0.1673340723130724	markers + neural network
genome_716	3	True	65.07589233127393	12.22514213023228	0.6507589233127393	0.1222514213023228	markers + neural network
genome_148	3	True	72.89586903974168	12.941518094127147	0.7289586903974168	0.1294151809412715	markers + neural network
genome_804	3	True	76.72216915290639	12.63356651404407	0.7672216915290639	0.1263356651404407	markers + neural network
genome_296	3	True	78.39513112262671	17.25589854020297	0.783951311226267	0.1725589854020297	markers + neural network
genome_420	3	True	66.02156064652745	19.62869107428002	0.6602156064652744	0.1962869107428002	markers + neural network
genome_826	2	True	46.20275333574957	4.46735395189003	0.4620275333574957	0.0446735395189003	markers
genome_726	3	True	75.0621995757116	20.93888786882116	0.7506219957571161	0.2093888786882116	markers + neural network
genome_718	2	True	36.44578313253012	40.7630506768284	0.3644578313253012	0.407630506768284	markers
genome_656	3	True	70.16983439813274	10.4016050157664	0.7016983439813274	0.104016050157664	markers + neural network
genome_725	3	True	76.51309002032434	14.75802495305619	0.7651309002032434	0.1475802495305619	markers + neural network
genome_166	3	True	80.50647910540343	17.35517199416438	0.8050647910540343	0.1735517199416438	markers + neural network
genome_856	3	True	66.93253673458706	10.0183796688664	0.6693253673458706	0.100183796688664	markers + neural network
genome_692	3	True	65.51183111926068	14.107892486162047	0.6551183111926068	0.1410789248616205	markers + neural network
genome_76	3	True	65.25250941241778	24.0700532858303	0.6525250941241778	0.240700532858303	markers + neural network
genome_7	3	True	78.69386828952733	7.135556513730309	0.7869386828952732	0.0713555651373031	markers + neural network
genome_920	2	True	75.32188841201717	31.258942436251008	0.7532188841201717	0.3125894243625101	markers
genome_966	3	True	79.6190073060115	13.7729072577122	0.796190073060115	0.137729072577122	markers + neural network
genome_553	2	True	41.7391304347826	9.34782608695652	0.417391304347826	0.0934782608695652	markers
genome_709	3	True	82.25109704243539	21.0615388864368	0.8225109704243538	0.210615388864368	markers + neural network
genome_760	2	True	55.42878699249336	9.656971839717029	0.5542878699249336	0.0965697183971703	markers
genome_577	3	True	75.91934294295042	19.18311831752263	0.7591934294295042	0.1918311831752263	markers + neural network
genome_275	3	True	75.35826316616098	16.52351408756542	0.7535826316616099	0.1652351408756542	markers + neural network
genome_750	2	True	53.54679652622768	2.29885073130941	0.5354679652622768	0.0229885073130941	markers
genome_297	3	True	84.60446463177065	18.63363776046857	0.8460446463177065	0.1863363776046857	markers + neural network
genome_927	2	True	77.82608695652173	36.59420510996943	0.7782608695652173	0.3659420510996943	markers
genome_141	3	True	63.94467115598405	5.93116773137761	0.6394467115598406	0.0593116773137761	markers + neural network
genome_866	2	True	42.37421503606832	4.00943396226415	0.4237421503606832	0.0400943396226415	markers
genome_722	3	True	88.11007523832947	13.68249926565738	0.8811007523832948	0.1368249926565738	markers + neural network
genome_168	3	True	83.5639643557256	11.85384800684631	0.8356396435572561	0.1185384800684631	markers + neural network
genome_291	3	True	78.75772173165598	19.41123497526443	0.7875772173165598	0.1941123497526443	markers + neural network
genome_580	3	True	83.12280491338804	13.49496035912584	0.8312280491338804	0.1349496035912584	markers + neural network
genome_669	2	True	51.006711409395976	0.0	0.5100671140939598	0.0	markers
genome_432	3	True	73.25463805539233	18.24656888104628	0.7325463805539234	0.1824656888104628	markers + neural network
genome_653	3	True	79.57487164687196	15.30001349366231	0.7957487164687196	0.1530001349366231	markers + neural network
genome_612	3	True	71.02163581004639	23.57883360518203	0.7102163581004639	0.2357883360518203	markers + neural network
genome_99	2	True	56.770833333333336	14.583333333333329	0.5677083333333334	0.1458333333333333	markers
genome_478	3	True	64.92498790844878	17.22735787301669	0.6492498790844878	0.1722735787301669	markers + neural network
genome_129	2	True	41.982922201138514	5.75585084802964	0.4198292220113852	0.0575585084802964	markers
genome_881	3	True	71.84515735422559	14.17453644039318	0.7184515735422559	0.1417453644039318	markers + neural network
genome_891	3	True	69.20557266170609	19.13444425414261	0.6920557266170608	0.1913444425414261	markers + neural network
genome_321	2	True	45.67598996462522	5.53613042497968	0.4567598996462522	0.0553613042497968	markers
genome_102	2	True	36.77536508311396	3.80434782608695	0.3677536508311396	0.0380434782608695	markers
genome_727	3	True	65.25114076220255	20.4077823094914	0.6525114076220255	0.204077823094914	markers + neural network
genome_942	3	True	81.731155008659	14.6650633594898	0.8173115500865901	0.146650633594898	markers + neural network
genome_204	2	True	55.995475113122176	7.61689233564143	0.5599547511312217	0.0761689233564143	markers
genome_320	3	True	75.50739244028027	21.00789173572897	0.7550739244028027	0.2100789173572897	markers + neural network
genome_940	3	True	68.41521426683337	16.536893785565603	0.6841521426683338	0.165368937855656	markers + neural network
genome_819	2	True	85.98130841121495	36.21495327102804	0.8598130841121495	0.3621495327102804	markers
genome_747	3	True	65.75655561710231	27.41536195780114	0.6575655561710231	0.2741536195780114	markers + neural network
genome_874	3	True	67.72724122224606	16.65356642921542	0.6772724122224606	0.1665356642921542	markers + neural network
genome_364	3	True	65.7639258410488	9.5004986667235	0.657639258410488	0.095004986667235	markers + neural network
genome_468	3	True	78.20414070890234	20.26380223525032	0.7820414070890234	0.2026380223525032	markers + neural network
genome_526	3	True	68.02608282561667	9.65763117499289	0.6802608282561667	0.0965763117499289	markers + neural network
genome_954	3	True	65.8752772746183	22.77031114658288	0.658752772746183	0.2277031114658288	markers + neural network
genome_306	3	True	72.48855174170237	11.75307241596119	0.7248855174170237	0.1175307241596119	markers + neural network
genome_536	2	True	65.41353383458647	35.96491132463728	0.6541353383458647	0.3596491132463728	markers
genome_182	2	True	58.06584110966435	13.29218075599199	0.5806584110966435	0.1329218075599199	markers
genome_595	2	True	57.72668831193128	8.04597701149425	0.5772668831193127	0.0804597701149425	markers
genome_16	3	True	70.18612954181256	22.35987121775469	0.7018612954181256	0.2235987121775469	markers + neural network
genome_582	3	True	74.32110290737792	25.29207093819125	0.7432110290737792	0.2529207093819125	markers + neural network
genome_58	3	True	66.36465683884742	8.43074744448373	0.6636465683884742	0.0843074744448373	markers + neural network
genome_32	3	True	69.85839969899428	9.83937290050235	0.6985839969899428	0.0983937290050235	markers + neural network
genome_704	3	True	65.67292095278874	17.15726419093185	0.6567292095278874	0.1715726419093185	markers + neural network
genome_816	3	True	80.94363477095168	20.21918792822779	0.8094363477095168	0.2021918792822779	markers + neural network
genome_850	3	True	70.02379342242345	25.17977942759868	0.7002379342242345	0.2517977942759868	markers + neural network
genome_899	3	True	65.46433994580187	16.704563902307072	0.6546433994580187	0.1670456390230707	markers + neural network
genome_151	3	True	68.63666188306794	25.490401439739607	0.6863666188306794	0.2549040143973961	markers + neural network
genome_736	3	True	62.10340757561875	16.488412269076168	0.6210340757561875	0.1648841226907617	markers + neural network
genome_403	3	True	78.49497084223107	6.852215388757211	0.7849497084223107	0.0685221538875721	markers + neural network
genome_898	3	True	63.43528627313981	16.517578476945168	0.6343528627313981	0.1651757847694517	markers + neural network
genome_110	2	True	35.92457458050582	16.30170223486684	0.3592457458050582	0.1630170223486684	markers
genome_312	2	True	52.97619047619048	3.27380952380952	0.5297619047619048	0.0327380952380952	markers
genome_636	3	True	69.39570009790738	23.99830101143229	0.6939570009790738	0.2399830101143229	markers + neural network
genome_384	2	True	29.54545454545454	1.55210643015521	0.2954545454545454	0.0155210643015521	markers
genome_60	3	True	68.15437768434587	19.75327364022873	0.6815437768434588	0.1975327364022873	markers + neural network
genome_619	2	True	84.77011494252874	58.14176537524695	0.8477011494252874	0.5814176537524695	markers
genome_644	3	True	83.60056021740665	18.46124478624348	0.8360056021740665	0.1846124478624348	markers + neural network
genome_849	2	True	59.21985815602837	7.09219858156028	0.5921985815602837	0.0709219858156028	markers
genome_512	3	True	76.12067250641907	19.94867070800203	0.7612067250641906	0.1994867070800203	markers + neural network
genome_853	3	True	71.49850014144006	21.30315397101455	0.7149850014144006	0.2130315397101455	markers + neural network
genome_931	3	True	72.29135299508957	19.23926317590252	0.7229135299508958	0.1923926317590252	markers + neural network
genome_721	3	True	66.44094590691401	16.23203150249983	0.6644094590691401	0.1623203150249983	markers + neural network
genome_466	3	True	71.43786885179473	18.26545328303325	0.7143786885179474	0.1826545328303325	markers + neural network
genome_665	3	True	70.34478652963199	22.82002033747342	0.7034478652963199	0.2282002033747342	markers + neural network
genome_557	2	True	34.44444274902343	1.0	0.3444444274902343	0.01	markers
genome_464	3	True	82.14516514689919	18.34925692228704	0.8214516514689919	0.1834925692228704	markers + neural network
genome_75	3	True	70.04850814192949	22.19458078007999	0.7004850814192949	0.2219458078007999	markers + neural network
genome_851	2	True	56.72043010752689	1.0752688172043	0.5672043010752689	0.010752688172043	markers
genome_535	3	True	80.93773223852976	10.20470526471459	0.8093773223852976	0.1020470526471459	markers + neural network
genome_690	3	True	66.22984607841909	15.71731508567937	0.6622984607841909	0.1571731508567937	markers + neural network
genome_104	2	True	50.47169811320755	1.88679245283018	0.5047169811320755	0.0188679245283018	markers
genome_691	3	True	77.01065454031892	15.030837724564568	0.7701065454031892	0.1503083772456457	markers + neural network
genome_368	3	True	71.82862078509422	13.90515412628226	0.7182862078509422	0.1390515412628226	markers + neural network
genome_119	3	True	74.08149611016815	14.1216218154012	0.7408149611016814	0.141216218154012	markers + neural network
genome_892	2	True	50.0	2.4691358760551103	0.5	0.0246913587605511	markers
genome_756	3	True	73.80930541736143	16.92965406895875	0.7380930541736143	0.1692965406895875	markers + neural network
genome_328	3	True	66.66110077205896	18.94874848161849	0.6666110077205896	0.1894874848161849	markers + neural network
genome_89	3	True	65.27012111883221	5.19543050064848	0.652701211188322	0.0519543050064848	markers + neural network
genome_94	3	True	71.17905316184789	16.92311051832237	0.7117905316184788	0.1692311051832237	markers + neural network
genome_476	2	True	44.35028248587571	2.82485875706214	0.4435028248587571	0.0282485875706214	markers
genome_901	3	True	67.36802307272197	11.46874364545816	0.6736802307272197	0.1146874364545816	markers + neural network
genome_802	3	True	69.80520582442674	20.06180193504104	0.6980520582442673	0.2006180193504104	markers + neural network
genome_554	2	True	53.66454495913653	25.84790834751341	0.5366454495913653	0.2584790834751341	markers
genome_947	3	True	72.66521102730917	21.264309283464662	0.7266521102730917	0.2126430928346466	markers + neural network
genome_318	3	True	72.19921081604284	12.03859435025495	0.7219921081604284	0.1203859435025495	markers + neural network
genome_471	3	True	91.27825919472008	21.05132852348237	0.9127825919472008	0.2105132852348237	markers + neural network
genome_755	2	True	50.967741935483865	1.93548387096774	0.5096774193548387	0.0193548387096774	markers
genome_154	2	True	54.05644008091518	3.96825396825396	0.5405644008091518	0.0396825396825396	markers
genome_568	3	True	79.22720386525856	13.913737631063189	0.7922720386525857	0.1391373763106319	markers + neural network
genome_97	3	True	71.97890315784798	19.3856228068043	0.7197890315784798	0.193856228068043	markers + neural network
genome_54	3	True	83.23997813860193	15.332911561424838	0.8323997813860193	0.1533291156142484	markers + neural network
genome_518	3	True	68.26467494059533	11.80307859535504	0.6826467494059533	0.1180307859535504	markers + neural network
genome_415	2	True	50.90361445783133	2.6104418628187	0.5090361445783133	0.026104418628187	markers
genome_719	3	True	75.06461201687917	21.83614262744229	0.7506461201687917	0.2183614262744229	markers + neural network
genome_305	3	True	63.31858632478664	15.19732381587709	0.6331858632478664	0.1519732381587709	markers + neural network
genome_317	3	True	83.427806674118	11.86430007730643	0.83427806674118	0.1186430007730643	markers + neural network
genome_21	2	True	57.91246048127762	7.74410758355651	0.5791246048127762	0.0774410758355651	markers
genome_616	3	True	77.08581228028424	24.00782374923941	0.7708581228028424	0.2400782374923941	markers + neural network
genome_683	2	True	56.935483870967744	0.53763443423855	0.5693548387096774	0.0053763443423855	markers
genome_17	2	True	45.06726457399103	1.79372197309417	0.4506726457399103	0.0179372197309417	markers
genome_929	2	True	57.05128205128205	0.64102564102564	0.5705128205128205	0.0064102564102564	markers
genome_219	3	True	66.25245874362307	7.55547766627318	0.6625245874362307	0.0755547766627318	markers + neural network
genome_548	2	True	43.20512988191821	7.05128205128205	0.4320512988191821	0.0705128205128205	markers
genome_280	3	True	72.1368915605621	21.07153036410374	0.7213689156056211	0.2107153036410374	markers + neural network
genome_583	3	True	65.77375732233082	10.74273361408904	0.6577375732233082	0.1074273361408904	markers + neural network
genome_96	2	True	85.88235294117646	60.29411764705882	0.8588235294117647	0.6029411764705882	markers
genome_247	2	True	55.52325581395349	6.97674418604651	0.5552325581395349	0.0697674418604651	markers
genome_264	3	True	67.9325929563353	17.15750984528545	0.6793259295633529	0.1715750984528545	markers + neural network
genome_524	3	True	83.53432653573302	19.24712090653803	0.8353432653573302	0.1924712090653803	markers + neural network
genome_579	3	True	64.46589684271693	21.80594260247576	0.6446589684271693	0.2180594260247576	markers + neural network
genome_427	3	True	71.30906956649888	14.8797293994484	0.7130906956649888	0.148797293994484	markers + neural network
genome_822	3	True	71.10578932130863	18.38626005211629	0.7110578932130863	0.1838626005211629	markers + neural network
genome_506	2	True	59.25400635906469	11.9976631948881	0.5925400635906469	0.119976631948881	markers
genome_620	3	True	67.43863567941015	15.25952908207033	0.6743863567941015	0.1525952908207033	markers + neural network
genome_628	3	True	67.32999855492314	19.43616547806623	0.6732999855492314	0.1943616547806623	markers + neural network
genome_19	3	True	68.11021962382249	19.113237868068587	0.6811021962382249	0.1911323786806859	markers + neural network
genome_133	3	True	75.10021023390057	6.8739343545984095	0.7510021023390057	0.0687393435459841	markers + neural network
genome_812	3	True	66.41193041760384	24.03369689096241	0.6641193041760384	0.2403369689096241	markers + neural network
genome_292	3	True	67.47697934267768	13.92267448728663	0.6747697934267768	0.1392267448728663	markers + neural network
genome_442	3	True	76.47274068850017	25.895892027324557	0.7647274068850017	0.2589589202732455	markers + neural network
genome_793	3	True	71.40607796420959	20.83966116354916	0.7140607796420958	0.2083966116354916	markers + neural network
genome_269	3	True	64.5460765294923	13.50042979185532	0.645460765294923	0.1350042979185532	markers + neural network
genome_243	2	True	36.399556002354174	3.08848080133555	0.3639955600235418	0.0308848080133555	markers
genome_200	2	True	57.06521739130434	2.35507255015165	0.5706521739130435	0.0235507255015165	markers
genome_441	3	True	65.61134391777763	6.6961578943386	0.6561134391777763	0.066961578943386	markers + neural network
genome_414	2	True	51.35662911952227	20.41598290253938	0.5135662911952227	0.2041598290253938	markers
genome_686	2	True	53.65135273748067	4.946996466431091	0.5365135273748067	0.0494699646643109	markers
genome_782	2	True	49.01837800678454	4.51127867352096	0.4901837800678454	0.0451127867352096	markers
genome_11	3	True	80.5102565277075	17.45224007300386	0.805102565277075	0.1745224007300386	markers + neural network
genome_852	3	True	65.28378863125972	6.56490245225825	0.6528378863125972	0.0656490245225825	markers + neural network
genome_505	3	True	86.70554874001152	10.63780541970079	0.8670554874001152	0.1063780541970079	markers + neural network
genome_648	3	True	79.31050356687483	15.00315075441297	0.7931050356687483	0.1500315075441297	markers + neural network
genome_202	3	True	74.3341620930845	11.889850917944491	0.743341620930845	0.1188985091794449	markers + neural network
genome_622	2	True	54.18294668197632	16.40625	0.5418294668197632	0.1640625	markers
genome_352	3	True	66.01774532690324	27.24685817666616	0.6601774532690323	0.2724685817666616	markers + neural network
genome_418	3	True	81.03860974243315	24.652346607808106	0.8103860974243315	0.246523466078081	markers + neural network
genome_682	3	True	77.28413038494605	24.7657546884837	0.7728413038494606	0.247657546884837	markers + neural network
genome_206	3	True	68.14052445420428	1.16617981099038	0.6814052445420428	0.0116617981099038	markers + neural network
genome_284	3	True	71.49024129209607	11.70704958535331	0.7149024129209607	0.1170704958535331	markers + neural network
genome_876	3	True	84.00715474488037	14.37614568210908	0.8400715474488036	0.1437614568210908	markers + neural network
genome_258	3	True	64.02734405570716	6.52563748728118	0.6402734405570716	0.0652563748728118	markers + neural network
genome_770	3	True	83.57776005374716	15.53139770763918	0.8357776005374715	0.1553139770763918	markers + neural network
genome_175	3	True	69.8912176078305	19.05579861064319	0.6989121760783049	0.1905579861064319	markers + neural network
genome_905	3	True	71.82346336277887	19.66273906857797	0.7182346336277886	0.1966273906857797	markers + neural network
genome_844	3	True	78.02912601437737	16.096305519522662	0.7802912601437737	0.1609630551952266	markers + neural network
genome_162	3	True	66.84785588033921	21.91960147275195	0.6684785588033921	0.2191960147275195	markers + neural network
genome_340	3	True	72.76583102220013	14.12577037437286	0.7276583102220013	0.1412577037437286	markers + neural network
genome_208	3	True	84.48712640641654	13.669889240533989	0.8448712640641654	0.1366988924053399	markers + neural network
genome_389	3	True	72.44887175095494	16.29278440125291	0.7244887175095494	0.1629278440125291	markers + neural network
genome_20	3	True	71.22906410351344	19.34931632607662	0.7122906410351344	0.1934931632607662	markers + neural network
genome_575	3	True	65.47442593594994	15.09507900263835	0.6547442593594993	0.1509507900263835	markers + neural network
genome_515	3	True	67.02559976729357	17.95435887287801	0.6702559976729358	0.1795435887287801	markers + neural network
genome_353	3	True	76.52103435602146	2.9628472326783903	0.7652103435602146	0.0296284723267839	markers + neural network
genome_983	2	True	93.125	31.875	0.93125	0.31875	markers
genome_840	3	True	82.43262815218996	15.616426313329027	0.8243262815218997	0.1561642631332903	markers + neural network
genome_67	2	True	57.96645542360702	0.94339622641509	0.5796645542360702	0.0094339622641509	markers
genome_818	3	True	81.38526182572008	18.43903387056638	0.8138526182572008	0.1843903387056638	markers + neural network
genome_223	2	True	51.32013453115331	3.2178217821782105	0.513201345311533	0.0321782178217821	markers
genome_289	3	True	66.26063962017595	11.3941284351732	0.6626063962017595	0.113941284351732	markers + neural network
genome_18	2	True	45.69384090418031	13.84036801267399	0.4569384090418031	0.1384036801267399	markers
genome_383	3	True	66.54124248862776	8.417728441074521	0.6654124248862776	0.0841772844107452	markers + neural network
genome_267	3	True	74.79201545415867	17.44793941466088	0.7479201545415868	0.1744793941466088	markers + neural network
genome_569	3	True	69.62245016713499	19.41010280640061	0.6962245016713499	0.1941010280640061	markers + neural network
genome_824	2	True	58.04054054054054	15.90090055723448	0.5804054054054054	0.1590090055723448	markers
genome_900	2	True	53.125	3.125	0.53125	0.03125	markers
genome_400	3	True	64.44824270324939	7.77275646007952	0.6444824270324939	0.0777275646007952	markers + neural network
genome_228	2	True	50.40173856753868	8.469055374592829	0.5040173856753868	0.0846905537459283	markers
genome_519	3	True	65.64013841651546	22.95912479553607	0.6564013841651546	0.2295912479553607	markers + neural network
genome_875	3	True	76.849521700257	23.11484874244436	0.76849521700257	0.2311484874244436	markers + neural network
genome_828	3	True	65.26211485235496	15.13212114427144	0.6526211485235496	0.1513212114427144	markers + neural network
genome_411	3	True	69.24438596997472	21.55668435942006	0.6924438596997472	0.2155668435942006	markers + neural network
genome_413	2	True	33.68606567382812	3.1746031746031704	0.3368606567382812	0.0317460317460317	markers
genome_381	2	True	53.55029585798816	0.59171597633136	0.5355029585798816	0.0059171597633136	markers
genome_735	3	True	78.66916012937084	18.44141811627333	0.7866916012937084	0.1844141811627333	markers + neural network
genome_338	3	True	83.85035205283243	11.318607627732993	0.8385035205283243	0.1131860762773299	markers + neural network
genome_169	2	True	54.92264630925303	5.48523206751054	0.5492264630925303	0.0548523206751054	markers
genome_44	3	True	83.69170592200828	19.73698553826092	0.8369170592200827	0.1973698553826092	markers + neural network
genome_838	2	True	46.00313479623824	5.64263322884012	0.4600313479623824	0.0564263322884012	markers
genome_598	3	True	68.68303669973909	11.85563900131526	0.6868303669973909	0.1185563900131526	markers + neural network
genome_294	3	True	67.72781433548703	14.9013214059746	0.6772781433548702	0.149013214059746	markers + neural network
genome_332	3	True	73.46849433238833	18.09935920502866	0.7346849433238833	0.1809935920502866	markers + neural network
genome_688	2	True	51.59235668789809	1.5923566878980802	0.5159235668789809	0.0159235668789808	markers
genome_614	3	True	66.27468608023112	7.51992855494633	0.6627468608023112	0.0751992855494633	markers + neural network
genome_109	2	True	57.79999796549479	15.222222646077473	0.5779999796549479	0.1522222264607747	markers
genome_547	3	True	81.48432489150542	12.75716850061755	0.8148432489150542	0.1275716850061755	markers + neural network
genome_287	2	True	53.48489904193626	8.42511013215859	0.5348489904193626	0.0842511013215859	markers
genome_103	2	True	59.85732616617522	19.81841803524744	0.5985732616617522	0.1981841803524744	markers
genome_953	3	True	84.93210872771627	16.50279288784636	0.8493210872771627	0.1650279288784636	markers + neural network
genome_613	2	True	51.87500000000001	10.0	0.51875	0.1	markers
genome_740	3	True	74.85644182007253	20.02547599543719	0.7485644182007254	0.2002547599543719	markers + neural network
genome_865	3	True	77.39878839460144	13.85776676286334	0.7739878839460144	0.1385776676286334	markers + neural network
genome_603	3	True	70.23938382229879	17.29091950935292	0.702393838222988	0.1729091950935292	markers + neural network
genome_160	2	True	52.09580838323353	4.19161676646706	0.5209580838323353	0.0419161676646706	markers
genome_393	3	True	82.30346047287051	12.89938903945686	0.8230346047287052	0.1289938903945686	markers + neural network
genome_443	3	True	67.56462868689394	18.05357767565814	0.6756462868689395	0.1805357767565814	markers + neural network
genome_667	2	True	59.20781736020688	2.46913580246913	0.5920781736020688	0.0246913580246913	markers
genome_910	2	True	42.541001306325896	6.67456586214038	0.425410013063259	0.0667456586214038	markers
genome_986	3	True	67.03429223058491	20.27123737247137	0.6703429223058491	0.2027123737247137	markers + neural network
genome_565	3	True	81.5431267305922	16.872229444108967	0.8154312673059221	0.1687222944410897	markers + neural network
genome_230	2	True	55.34694126674107	13.2823134441765	0.5534694126674107	0.132823134441765	markers
genome_730	2	True	58.609271523178805	0.66225165562913	0.5860927152317881	0.0066225165562913	markers
genome_378	3	True	86.7753812267469	8.254076710237	0.867753812267469	0.08254076710237	markers + neural network
genome_533	3	True	65.35367705201965	22.114426252432335	0.6535367705201964	0.2211442625243234	markers + neural network
genome_282	3	True	69.2442717557946	10.19977976109176	0.6924427175579461	0.1019977976109176	markers + neural network
genome_752	3	True	64.90899176371043	20.779205780015054	0.6490899176371043	0.2077920578001506	markers + neural network
genome_380	3	True	68.8380180274447	4.78628438029411	0.688380180274447	0.0478628438029411	markers + neural network
genome_369	3	True	77.010396100834	17.75901384418884	0.77010396100834	0.1775901384418884	markers + neural network
genome_379	3	True	78.77186684590973	19.52800367307086	0.7877186684590972	0.1952800367307086	markers + neural network
genome_121	3	True	70.3936197311463	8.31568317942831	0.7039361973114631	0.0831568317942831	markers + neural network
genome_975	3	True	67.41606929304591	21.43967566866879	0.6741606929304591	0.2143967566866879	markers + neural network
genome_551	2	True	39.00602409638554	0.6024096385542099	0.3900602409638554	0.0060240963855421	markers
genome_329	2	True	93.33333333333331	75.0	0.9333333333333332	0.75	markers
genome_483	3	True	81.67059880657644	13.92414986330025	0.8167059880657643	0.1392414986330025	markers + neural network
genome_539	2	True	70.59471365638767	34.14096916299559	0.7059471365638766	0.3414096916299559	markers
genome_365	3	True	63.54632566267702	20.57332854357881	0.6354632566267702	0.2057332854357881	markers + neural network
genome_720	3	True	85.45951830650593	13.37257158170303	0.8545951830650592	0.1337257158170303	markers + neural network
genome_189	3	True	69.82679773720463	18.77070143039978	0.6982679773720463	0.1877070143039978	markers + neural network
genome_670	2	True	56.64983421865136	9.09090909090909	0.5664983421865136	0.0909090909090909	markers
genome_671	2	True	47.067039106145245	1.11731843575419	0.4706703910614525	0.0111731843575419	markers
genome_985	3	True	69.45333566525022	13.10226452227908	0.6945333566525023	0.1310226452227908	markers + neural network
genome_298	3	True	71.22992595489292	11.98001894545942	0.7122992595489293	0.1198001894545942	markers + neural network
genome_462	3	True	69.0257538090904	12.77432687251046	0.6902575380909041	0.1277432687251046	markers + neural network
genome_637	3	True	73.97499640751886	19.20214179626361	0.7397499640751886	0.1920214179626361	markers + neural network
genome_867	3	True	64.95656885241378	17.58325898791456	0.6495656885241379	0.1758325898791456	markers + neural network
genome_832	3	True	69.88152424976712	17.36911991730228	0.6988152424976712	0.1736911991730228	markers + neural network
genome_896	2	True	75.43103448275862	34.051724137931025	0.7543103448275862	0.3405172413793103	markers
genome_872	2	True	87.00564971751412	39.73634795280499	0.8700564971751412	0.3973634795280499	markers
genome_290	2	True	44.11764705882353	0.98039215686274	0.4411764705882353	0.0098039215686274	markers
genome_715	2	True	85.42713567839196	40.20100502512563	0.8542713567839196	0.4020100502512563	markers
genome_543	3	True	65.39020662134244	9.78084137631556	0.6539020662134244	0.0978084137631556	markers + neural network
genome_662	3	True	72.50746512804638	17.48419354109726	0.7250746512804638	0.1748419354109726	markers + neural network
genome_585	2	True	47.75	5.0	0.4775	0.05	markers
genome_56	3	True	80.90649407196057	18.64694027166885	0.8090649407196057	0.1864694027166885	markers + neural network
genome_159	3	True	70.21580475359421	16.4426148364461	0.7021580475359421	0.164426148364461	markers + neural network
genome_431	3	True	77.55554326734632	17.530565390840298	0.7755554326734632	0.175305653908403	markers + neural network
genome_308	2	True	58.73493975903615	7.83132530120482	0.5873493975903614	0.0783132530120482	markers
genome_187	3	True	71.36611177635142	18.442590937870023	0.7136611177635142	0.1844259093787002	markers + neural network
genome_878	3	True	68.53517333216325	26.48483934070109	0.6853517333216326	0.2648483934070109	markers + neural network
genome_485	3	True	71.0988424885684	20.48802866221067	0.7109884248856839	0.2048802866221067	markers + neural network
genome_3	3	True	67.21162247704588	16.68117755377125	0.6721162247704588	0.1668117755377125	markers + neural network
genome_361	2	True	50.6526073777532	6.626506024096381	0.506526073777532	0.0662650602409638	markers
genome_945	3	True	62.31628947667932	18.71148271804822	0.6231628947667932	0.1871148271804822	markers + neural network
genome_523	2	True	50.10141987829615	16.801892139365172	0.5010141987829615	0.1680189213936517	markers
genome_15	3	True	66.32925757951797	14.59277323633762	0.6632925757951798	0.1459277323633762	markers + neural network
genome_30	3	True	72.6381726397591	14.0144056723054	0.726381726397591	0.140144056723054	markers + neural network
genome_428	3	True	86.78030461940018	8.31408948034395	0.8678030461940018	0.0831408948034395	markers + neural network
genome_371	2	True	59.23076923076923	16.61538461538461	0.5923076923076923	0.1661538461538461	markers
genome_666	3	True	63.6477640310119	11.72190059850635	0.636477640310119	0.1172190059850635	markers + neural network
genome_914	3	True	85.74734464918598	17.17893172841287	0.8574734464918597	0.1717893172841287	markers + neural network
genome_286	2	True	39.03455036442454	3.50609756097561	0.3903455036442454	0.0350609756097561	markers
genome_434	3	True	78.87429068396523	14.040153388597853	0.7887429068396523	0.1404015338859785	markers + neural network
genome_810	3	True	85.04090494077558	11.47300646209791	0.8504090494077557	0.1147300646209791	markers + neural network
genome_315	3	True	80.18082008044436	7.13281524269264	0.8018082008044436	0.0713281524269264	markers + neural network
genome_916	3	True	74.3951133036632	15.39644721915277	0.743951133036632	0.1539644721915277	markers + neural network
genome_152	3	True	72.11769557009174	14.61965111041238	0.7211769557009174	0.1461965111041238	markers + neural network
genome_860	3	True	77.42193986395526	10.77846752763314	0.7742193986395526	0.1077846752763314	markers + neural network
genome_408	3	True	72.65310689894	22.83957085400597	0.7265310689894	0.2283957085400597	markers + neural network
genome_685	2	True	58.333333333333336	14.77124232871859	0.5833333333333334	0.1477124232871859	markers
genome_624	3	True	70.91635172262431	12.11238258181897	0.7091635172262432	0.1211238258181897	markers + neural network
genome_880	2	True	37.2075264205798	8.083480754226601	0.372075264205798	0.080834807542266	markers
genome_774	3	True	68.32268981867523	15.80196180706824	0.6832268981867523	0.1580196180706824	markers + neural network
genome_348	2	True	51.9774011299435	5.08474576271186	0.519774011299435	0.0508474576271186	markers
genome_132	3	True	77.07341417530682	9.45800935192644	0.7707341417530682	0.0945800935192644	markers + neural network
genome_586	2	True	46.50837988826816	3.91061452513966	0.4650837988826816	0.0391061452513966	markers
genome_145	3	True	80.41800941599695	15.42134134092773	0.8041800941599695	0.1542134134092773	markers + neural network
genome_65	3	True	80.75329230272732	13.878972619632322	0.8075329230272732	0.1387897261963232	markers + neural network
genome_952	3	True	74.1033360820331	22.09496285240575	0.741033360820331	0.2209496285240575	markers + neural network
genome_728	2	True	49.39759036144578	8.13253012048192	0.4939759036144578	0.0813253012048192	markers
genome_801	3	True	65.49313834202664	20.58579240791393	0.6549313834202664	0.2058579240791393	markers + neural network
genome_700	2	True	46.10091743119266	4.12844036697247	0.4610091743119266	0.0412844036697247	markers
genome_990	3	True	89.16843594203725	19.937377780936668	0.8916843594203725	0.1993737778093667	markers + neural network
genome_270	3	True	65.40792130587971	11.05974731923202	0.6540792130587971	0.1105974731923202	markers + neural network
genome_610	2	True	88.03191489361703	49.29077878911444	0.8803191489361702	0.4929077878911444	markers
genome_820	3	True	64.6345924620307	13.31645566905248	0.6463459246203069	0.1331645566905248	markers + neural network
genome_882	2	True	48.08623735294786	6.25	0.4808623735294786	0.0625	markers
genome_862	3	True	71.92112713816792	20.72475105197227	0.7192112713816792	0.2072475105197227	markers + neural network
genome_135	3	True	77.66175209727831	13.05870854339046	0.776617520972783	0.1305870854339046	markers + neural network
genome_831	3	True	67.6908337207639	14.14839227753146	0.6769083372076391	0.1414839227753146	markers + neural network
genome_459	3	True	73.7370170290545	17.12073820860888	0.737370170290545	0.1712073820860888	markers + neural network
genome_347	3	True	64.29696052001394	18.275464855325374	0.6429696052001395	0.1827546485532538	markers + neural network
genome_341	3	True	65.93509057962449	16.240405300054057	0.6593509057962449	0.1624040530005406	markers + neural network
genome_373	2	True	45.75	4.375	0.4575	0.04375	markers
genome_783	3	True	85.94733463567677	18.33126186938588	0.8594733463567676	0.1833126186938588	markers + neural network
genome_446	3	True	72.92921027165033	15.86907837878482	0.7292921027165034	0.1586907837878482	markers + neural network
genome_106	3	True	84.62543136326353	17.64666853781587	0.8462543136326354	0.1764666853781587	markers + neural network
genome_303	2	True	52.6829268292683	12.11382144834937	0.526829268292683	0.1211382144834937	markers
genome_359	3	True	70.59871200856807	17.81465431885029	0.7059871200856807	0.1781465431885029	markers + neural network
genome_360	3	True	79.49383277585436	4.50679706037942	0.7949383277585436	0.0450679706037942	markers + neural network
genome_915	3	True	75.713708878133	22.28942357255148	0.75713708878133	0.2228942357255148	markers + neural network
genome_859	3	True	69.90545632192939	11.35708353245771	0.6990545632192939	0.1135708353245771	markers + neural network
genome_863	3	True	77.52188280308432	16.8145996336419	0.7752188280308432	0.168145996336419	markers + neural network
genome_163	3	True	65.71388504757837	22.1722329973798	0.6571388504757838	0.221722329973798	markers + neural network
genome_475	3	True	70.3587187781433	12.7844268618678	0.703587187781433	0.127844268618678	markers + neural network
genome_592	3	True	73.07219703642767	23.76417946362317	0.7307219703642767	0.2376417946362317	markers + neural network
genome_654	3	True	71.85157938366	23.73395971915105	0.7185157938365999	0.2373395971915105	markers + neural network
genome_596	3	True	65.49341897135753	6.983578003231459	0.6549341897135753	0.0698357800323146	markers + neural network
genome_552	3	True	84.47295323468191	18.03700090897242	0.8447295323468191	0.1803700090897242	markers + neural network
genome_908	2	True	43.60094768245046	6.571816235053831	0.4360094768245046	0.0657181623505383	markers
genome_149	2	True	55.46793200306057	8.994845360824739	0.5546793200306057	0.0899484536082474	markers
genome_705	3	True	63.09796397647288	19.50161985339658	0.6309796397647288	0.1950161985339658	markers + neural network
genome_597	2	True	28.482843286850866	3.55392175562241	0.2848284328685087	0.0355392175562241	markers
genome_635	3	True	66.38699992923175	17.68487447308742	0.6638699992923175	0.1768487447308742	markers + neural network
genome_273	2	True	56.84931506849316	7.07762557077625	0.5684931506849316	0.0707762557077625	markers
genome_285	3	True	70.8861125469815	17.067697720103308	0.708861125469815	0.1706769772010331	markers + neural network
genome_633	3	True	68.04088002832353	23.142731175023272	0.6804088002832352	0.2314273117502327	markers + neural network
genome_140	3	True	67.91418400270673	25.999185661265628	0.6791418400270673	0.2599918566126563	markers + neural network
genome_111	3	True	66.71942302938916	5.99015029665412	0.6671942302938916	0.0599015029665412	markers + neural network
genome_949	3	True	74.34546924002798	16.12423414198547	0.7434546924002798	0.1612423414198547	markers + neural network
genome_951	3	True	65.08747621116814	16.04343663977723	0.6508747621116814	0.1604343663977723	markers + neural network
genome_477	3	True	77.0116344048603	21.69291791641259	0.770116344048603	0.2169291791641259	markers + neural network
genome_777	2	True	57.28682052257449	9.341084679891887	0.5728682052257449	0.0934108467989189	markers
genome_155	2	True	58.189655172413794	3.87931034482758	0.5818965517241379	0.0387931034482758	markers
genome_877	3	True	65.15842938573132	6.46572461482461	0.6515842938573133	0.0646572461482461	markers + neural network
genome_967	2	True	45.81121664131637	7.168141592920351	0.4581121664131637	0.0716814159292035	markers
genome_993	3	True	66.5982493897835	20.236300250586613	0.665982493897835	0.2023630025058661	markers + neural network
genome_124	2	True	42.72114731934453	3.8664326726447498	0.4272114731934452	0.0386643267264475	markers
genome_390	3	True	67.73957567738044	22.69719540050264	0.6773957567738045	0.2269719540050264	markers + neural network
genome_529	3	True	68.72739243651542	25.739342727511737	0.6872739243651541	0.2573934272751174	markers + neural network
genome_409	3	True	87.55063702184235	19.47147071924186	0.8755063702184235	0.1947147071924186	markers + neural network
genome_742	2	True	40.04830623018569	4.4927536231884	0.4004830623018569	0.044927536231884	markers
genome_658	3	True	70.48733565561903	15.05126673504795	0.7048733565561903	0.1505126673504795	markers + neural network
genome_744	2	True	59.883880615234375	17.00819672131147	0.5988388061523438	0.1700819672131147	markers
genome_800	2	True	46.43939486416903	5.66666689786044	0.4643939486416903	0.0566666689786044	markers
genome_738	3	True	72.67052220820791	26.90409155666564	0.7267052220820791	0.2690409155666564	markers + neural network
genome_447	3	True	67.10825359430812	18.81603866313976	0.6710825359430812	0.1881603866313976	markers + neural network
genome_156	3	True	75.15951920218275	16.95511094753956	0.7515951920218275	0.1695511094753956	markers + neural network
genome_961	3	True	84.52789434934246	19.67332339523838	0.8452789434934246	0.1967332339523838	markers + neural network
genome_827	3	True	64.38296272293121	13.47905512059216	0.6438296272293121	0.1347905512059216	markers + neural network
genome_864	2	True	59.72222222222222	7.4074074074074	0.5972222222222222	0.074074074074074	markers
genome_84	2	True	47.92793067725929	2.4324324324324302	0.4792793067725929	0.0243243243243243	markers
genome_45	2	True	45.51751203597731	8.33333373829058	0.4551751203597731	0.0833333373829058	markers
genome_712	2	True	36.5079365079365	4.23280423280423	0.365079365079365	0.0423280423280423	markers
genome_57	3	True	69.53376659280605	11.45722988096685	0.6953376659280605	0.1145722988096685	markers + neural network
genome_772	3	True	84.00523247818211	11.41405265305995	0.840052324781821	0.1141405265305995	markers + neural network
genome_180	3	True	65.1700603852676	12.71585485867967	0.651700603852676	0.1271585485867967	markers + neural network
genome_451	3	True	64.75370100862017	8.88530111118641	0.6475370100862017	0.0888530111118641	markers + neural network
genome_491	2	True	59.227276595392055	10.93124509168978	0.5922727659539205	0.1093124509168978	markers
genome_937	2	True	52.76338646448956	2.59067357512953	0.5276338646448956	0.0259067357512953	markers
genome_183	2	True	57.05128205128205	12.3219375936394	0.5705128205128205	0.123219375936394	markers
genome_763	2	True	78.89447236180904	32.077053204253694	0.7889447236180904	0.3207705320425369	markers
genome_37	3	True	69.98729109111541	21.1915733916398	0.6998729109111541	0.211915733916398	markers + neural network
genome_848	3	True	83.31241910937555	16.489238764209542	0.8331241910937556	0.1648923876420954	markers + neural network
genome_791	3	True	67.64593055995567	25.48475920878679	0.6764593055995567	0.2548475920878679	markers + neural network
genome_376	3	True	66.24704695214287	17.7037673849349	0.6624704695214286	0.177037673849349	markers + neural network
genome_537	2	True	53.79361573602649	6.626506024096381	0.5379361573602649	0.0662650602409638	markers
genome_657	3	True	74.25696947162427	13.95608256317708	0.7425696947162428	0.1395608256317708	markers + neural network
genome_615	3	True	67.11423609414902	8.34930893783968	0.6711423609414902	0.0834930893783968	markers + neural network
genome_266	2	True	59.863945578231295	1.36054421768707	0.5986394557823129	0.0136054421768707	markers
genome_144	3	True	74.05605624008514	22.75232812255609	0.7405605624008514	0.2275232812255609	markers + neural network
genome_789	2	True	47.63888888888888	0.55555555555555	0.4763888888888888	0.0055555555555555	markers
genome_250	2	True	47.908498726639095	7.32026118858187	0.4790849872663909	0.0732026118858187	markers
genome_237	3	True	69.4990578700386	9.98445320941285	0.694990578700386	0.0998445320941285	markers + neural network
genome_883	3	True	76.93278010148714	20.19015391211222	0.7693278010148714	0.2019015391211222	markers + neural network
genome_913	3	True	71.62168726757562	19.42246011561663	0.7162168726757562	0.1942246011561663	markers + neural network
genome_773	2	True	50.76048308089853	15.77825159914712	0.5076048308089852	0.1577825159914712	markers
genome_288	3	True	74.46973419776867	14.41897563768012	0.7446973419776868	0.1441897563768012	markers + neural network
genome_426	3	True	78.54808689849399	18.40594432485197	0.78548086898494	0.1840594432485197	markers + neural network
genome_436	3	True	70.29987586738264	20.093842579218	0.7029987586738264	0.20093842579218	markers + neural network
genome_797	3	True	65.88722615535028	17.10070477177064	0.6588722615535028	0.1710070477177064	markers + neural network
genome_639	3	True	68.06433911087161	5.7644821425179	0.6806433911087162	0.057644821425179	markers + neural network
genome_717	3	True	79.39598536515989	17.95342835919626	0.7939598536515988	0.1795342835919626	markers + neural network
genome_453	3	True	80.03363999560594	15.44070524770744	0.8003363999560594	0.1544070524770744	markers + neural network
genome_354	2	True	50.0	9.83606557377049	0.5	0.0983606557377049	markers
genome_508	3	True	64.62288734478221	23.06337192729212	0.6462288734478221	0.2306337192729212	markers + neural network
genome_138	3	True	67.85201704006778	15.65081143174923	0.6785201704006778	0.1565081143174923	markers + neural network
genome_833	2	True	54.987249137338665	7.68005050163196	0.5498724913733867	0.0768005050163196	markers
genome_659	3	True	69.71163816484125	16.82039024654976	0.6971163816484125	0.1682039024654976	markers + neural network
genome_125	2	True	66.14173228346458	38.40770170757464	0.6614173228346457	0.3840770170757464	markers
genome_646	3	True	74.81133247096787	22.07285303894935	0.7481133247096787	0.2207285303894935	markers + neural network
genome_128	2	True	48.07407958034411	9.51145632257721	0.4807407958034411	0.0951145632257721	markers
genome_334	3	True	72.91525933480017	17.87325813354198	0.7291525933480018	0.1787325813354198	markers + neural network
genome_23	3	True	65.87683644290803	4.27615105795332	0.6587683644290803	0.0427615105795332	markers + neural network
genome_706	3	True	84.49426973074614	9.55479873842353	0.8449426973074614	0.0955479873842353	markers + neural network
genome_276	2	True	58.08080808080808	10.43771107991536	0.5808080808080808	0.1043771107991536	markers
genome_440	2	True	53.86904761904761	6.25	0.5386904761904762	0.0625	markers
genome_492	3	True	75.97210860646571	24.97433663586609	0.7597210860646572	0.2497433663586609	markers + neural network
genome_776	3	True	82.93371983352627	18.89684130160268	0.8293371983352626	0.1889684130160268	markers + neural network
genome_123	2	True	48.26198212087971	7.40582191780822	0.4826198212087971	0.0740582191780822	markers
genome_699	2	True	54.379562043795616	2.55474452554744	0.5437956204379562	0.0255474452554744	markers
genome_541	2	True	48.2799804962433	7.479354067965669	0.4827998049624331	0.0747935406796567	markers
genome_139	3	True	64.86408329654407	23.50594559071229	0.6486408329654407	0.2350594559071229	markers + neural network
genome_87	3	True	79.80440865071412	7.4944033076215	0.7980440865071412	0.074944033076215	markers + neural network
genome_343	2	True	49.23913043478261	1.44927543142567	0.4923913043478261	0.0144927543142567	markers
