bin,stage,method,1_completeness_arc,1_contamination_arc,1_completeness_bac,1_contamination_bac,2_completeness,2_contamination,2_num_markers,3_completeness,3_contamination,coding_density,knn_score,taxonomy,taxonomy_level,notes
G_r077_chimera_5pct,3,markers + neural network,0.4057971,0.02173913,0.712963,0.018518519,0.8167808219178082,0.03424657534246575,146.0,0.7624446481211469,0.15212074180933188,0.0007605262613427925,0.3681569,Bacteria,superkingdom,
G_r011_substitution_1pct,3,markers + neural network,0.73913044,0.08695652,0.42592594,0.06481481,0.6917784183284416,0.13443830570902393,543.0,0.6560174203923874,0.18524864834419966,0.0011580935947723752,0.43562162,Sulfolobaceae,family,
G_r055_indel_0p1pct,2,markers,0.5072464,0.4347826,0.9814815,0.537037,0.9270477815699659,0.610580236024824,586.0,0.8987988135725102,0.2806050930874524,0.001540851938196151,0.3101759,Desulfovibrionaceae,family,
G_r001_substitution_2pct,3,markers + neural network,0.44927537,0.13768116,0.7407407,0.1388889,0.7392427864157816,0.20936213807083162,918.0,0.6566320852123286,0.26117076304641385,0.00147512324711905,0.442432,Lacticaseibacillus,genus,
G_r035_chimera_10pct,3,markers + neural network,0.41304347,0.050724637,0.8148148,0.009259259,0.7247191011235955,0.00749063670411985,267.0,0.6968032801740377,0.08608790486973564,0.0010158065658042571,0.46127665,Bacteria,superkingdom,
G_r064_substitution_titv_5pct,2,markers,0.5072464,0.26086956,0.9814815,0.19444445,0.9749303621169917,0.32131252448206826,718.0,0.9768383833471199,0.24442972743917926,0.0013537241206959783,0.48500484,Xanthomonadaceae,family,
G_r022_substitution_titv_2pct,3,markers + neural network,0.48550725,0.1594203,0.8240741,0.11111111,0.7913000380888013,0.2649071209591505,341.0,0.7346752221436315,0.2523791091866343,0.0011791253962983748,0.35436407,Bacteria,superkingdom,
G_r032_substitution_titv_0p1pct,3,markers + neural network,0.45652175,0.050724637,0.7962963,0.009259259,0.8429292621034564,0.04242424242424243,330.0,0.8403280815707483,0.04130022573055038,0.0011159092544287207,0.4918794,Bacteria,superkingdom,
G_r072_indel_5pct,2,markers,0.35507247,0.45652175,0.6851852,0.8148148,0.6345974044176633,0.9552078870241394,857.0,0.7037351979553079,0.2732655150065488,0.002611639147980074,0.19823864,Fusobacterium,genus,
G_r055_indel_2pct,2,markers,0.5,1.4927536,0.9444444,2.0925925,0.9238834714426578,2.5930419921875,515.0,0.7368131248739602,0.19781062064555804,0.003207316155298953,0.11454345,Desulfovibrionaceae,family,
G_r058_substitution_2pct,3,markers + neural network,0.92753625,0.1884058,0.5185185,0.1388889,0.8867713004484304,0.24925262724872127,446.0,0.8711331924813539,0.23441890337861865,0.001103206755050823,0.50105035,Methanobacteriaceae,family,
G_r044_uneven_coverage_10pct,3,markers + neural network,0.9637681,0.24637681,0.787037,0.25925925,0.8611111111111112,0.25222907046722287,486.0,0.8049692103768238,0.2447072876383104,0.0011500978098999094,0.40624475,Halobacteria,class,
G_r054_substitution_5pct,2,markers,0.34057972,0.11594203,0.6574074,0.28703704,0.6271186440677966,0.42203389830508475,295.0,0.686764504677398,0.2409818141827732,0.0008636166752805753,0.2398637,Bacteria,superkingdom,
G_r051_indel_0p1pct,2,markers,0.5072464,0.32608697,0.9351852,0.32407406,0.990909090909091,0.36636364098751184,330.0,1.0,0.19232292004789747,0.001242881652090463,0.3369463,Bacteria,superkingdom,
G_r023_substitution_0p1pct,3,markers + neural network,0.9927536,0.014492754,0.5462963,0.027777778,1.0,0.028211805555555556,576.0,1.0,0.02693468265705752,0.0011782012153207402,0.64683115,Methanobacteriaceae,family,
G_r026_chimera_5pct,3,markers + neural network,0.6666667,0.26811594,0.8611111,0.25,0.9,0.15222222222222223,225.0,0.88066195821382,0.19383231788238314,0.0007582719838513734,0.3458367,Bacteria,superkingdom,
G_r033_uneven_coverage_10pct,2,markers,0.24637681,0.050724637,0.4074074,0.074074075,0.5594827586206896,0.08103448275862069,290.0,0.6399152340412461,0.14032380705500527,0.0012108574213723982,0.35536936,Bacteria,superkingdom,
G_r034_indel_5pct,2,markers,0.38405797,0.29710144,0.5925926,0.44444445,0.6491227802477385,0.46842105263157896,190.0,0.7490554274886335,0.24502216367287655,0.0006785268230013205,0.22369237,Bacteria,superkingdom,
G_r077_substitution_0p1pct,3,markers + neural network,0.4057971,0.028985508,0.712963,0.018518519,0.8298611111111112,0.0439814825852712,144.0,0.7764966421240895,0.15520048963839364,0.0007655203362296589,0.36116284,Bacteria,superkingdom,
G_r046_substitution_1pct,3,markers + neural network,1.0,0.13043478,0.5185185,0.10185185,0.9947916666666666,0.1966517766316732,768.0,0.9873115206401625,0.1639137132644962,0.001333772659166537,0.603437,Sulfolobaceae,family,
G_r014_substitution_titv_0p5pct,3,markers + neural network,0.4347826,0.04347826,0.7222222,0.018518519,0.6419868158378201,0.039774929131007164,859.0,0.6277086509994491,0.04423528407641427,0.0014992492910372505,0.50988615,Thermus,genus,
G_r019_chimera_20pct,3,markers + neural network,0.36956522,0.007246377,0.6574074,0.009259259,0.6584174878669508,0.022222222222222223,495.0,0.6227323049900885,0.046022727691340685,0.0009397106294552988,0.4077343,Acidobacteriaceae,family,
G_r078_indel_1pct,2,markers,0.442029,0.6376812,0.8055556,0.9444444,0.7200779965049342,0.9726999383223685,855.0,0.7819793120131124,0.305678010801199,0.0031840668792453676,0.20598939,Thermus,genus,
G_r028_chimera_10pct,3,markers + neural network,0.42753622,0.07971015,0.6851852,0.009259259,0.8477298064881384,0.023255813953488372,301.0,0.8496144700079412,0.015576055354538938,0.0010014759443699916,0.46295217,Bacteria,superkingdom,
G_r021_indel_0p5pct,2,markers,0.5,0.557971,0.9259259,0.7407407,0.9743833017077799,1.0042693338991342,527.0,0.9539715585764119,0.23853033905600832,0.002260843250547177,0.2925008,Thermotogales,order,
G_r061_uneven_coverage_40pct,2,markers,0.44927537,0.20289855,0.8518519,0.1388889,0.8798283261802575,0.3562231759656652,233.0,0.8766807980727935,0.16761515604134183,0.0007522882574229143,0.28617388,Bacteria,superkingdom,
G_r027_indel_5pct,2,markers,0.39855072,0.5072464,0.6944444,0.6111111,0.6604166764479417,0.5838674887632712,312.0,0.7459255459956851,0.2375741075955149,0.001497075042459061,0.2358064,Bacteria,superkingdom,
G_r078_substitution_titv_0p5pct,3,markers + neural network,0.442029,0.04347826,0.8055556,0.0,0.7057005424720014,0.0376685963889767,865.0,0.6850784591444679,0.04414070582514609,0.0014440085836457295,0.559034,Thermus,genus,
G_r012_indel_1pct,2,markers,0.29710144,0.5362319,0.6296296,0.8796296,0.6125461254612546,1.026137686303621,271.0,0.6263914843120696,0.35109737866853985,0.0026347190709872714,0.14862008,Bacteria,superkingdom,
G_r059_substitution_titv_2pct,3,markers + neural network,0.29710144,0.18115942,0.6018519,0.11111111,0.7014388489208633,0.11690647482014388,278.0,0.6875779595863164,0.11965245222995013,0.0011894687662453033,0.36210397,Bacteria,superkingdom,
G_r053_indel_5pct,2,markers,0.7536232,0.8115942,0.4537037,0.5555556,0.822434038729281,1.1113980267498944,592.0,0.8349122091639989,0.24905683093669703,0.002206148004089445,0.23728661,Thermococcaceae,family,
G_r025_substitution_0p5pct,3,markers + neural network,0.82608694,0.06521739,0.6296296,0.06481481,0.8438967136150235,0.107981220657277,213.0,0.8247151152822407,0.2223405937309342,0.001074870294449152,0.40686762,Archaea,superkingdom,
G_r016_none_control,3,markers + neural network,0.46376812,0.13768116,0.8981481,0.14814815,0.8908521609198778,0.07518796992481203,266.0,0.8829508045779075,0.14010380295542646,0.0013510041008852984,0.53615785,Bacteria,superkingdom,
G_r064_chimera_10pct,3,markers + neural network,0.5072464,0.10144927,1.0,0.0,1.0,0.014194140067467323,728.0,1.0,0.007758467133773254,0.0011333504266291912,0.6805078,Xanthomonadaceae,family,
G_r059_substitution_0p5pct,3,markers + neural network,0.29710144,0.14492753,0.6111111,0.046296295,0.7,0.05555555555555555,270.0,0.679670147201836,0.04716660771123441,0.0011447222094270466,0.3950527,Bacteria,superkingdom,
G_r029_substitution_titv_1pct,2,markers,0.26086956,0.028985508,0.44444445,0.074074075,0.5855916754663152,0.06910569105691057,369.0,0.641360909929821,0.09302796007353153,0.0014188742331251922,0.38976106,Bacteria,superkingdom,
G_r063_chimera_40pct,3,markers + neural network,0.5072464,0.06521739,0.9351852,0.0,0.9817518248175182,0.0072992700729927005,274.0,0.9591189814867416,0.005857240907244529,0.0009859420177469563,0.48748222,Bacteria,superkingdom,
G_r025_substitution_0p1pct,3,markers + neural network,0.8333333,0.050724637,0.6388889,0.046296295,0.8138297872340425,0.06382978723404255,235.0,0.7735948522118681,0.20104165511779087,0.0010313312445474144,0.42862117,Archaea,superkingdom,
G_r008_substitution_1pct,3,markers + neural network,0.3478261,0.13768116,0.6296296,0.11111111,0.7645783841469046,0.24294719290226063,846.0,0.7059627008163413,0.2724001045957973,0.0013120079970011245,0.4404321,Fusobacterium,genus,
G_r067_indel_5pct,2,markers,0.442029,0.73188406,0.8888889,1.1851852,0.867748339267607,1.6462636401871313,678.0,0.8314133845254281,0.2363599865852397,0.002457861609721983,0.19887605,Weeksellaceae,family,
G_r045_substitution_5pct,2,markers,0.46376812,0.24637681,0.9074074,0.28703704,0.9644268774703557,0.3715415019762846,253.0,0.9823880546309924,0.2292293453516785,0.0011337157347739144,0.39478686,Bacteria,superkingdom,
G_r031_chimera_5pct,3,markers + neural network,0.64492756,0.007246377,0.44444445,0.027777778,0.6462167377120878,0.010736196319018405,163.0,0.6483642903671499,0.026458677825973213,0.0008435400564368467,0.32625642,Archaea,superkingdom,
G_r063_substitution_5pct,2,markers,0.49275362,0.23913044,0.8888889,0.17592593,0.9324817518248175,0.35036496350364965,274.0,0.938725082259725,0.24332086536245848,0.0011410340205386124,0.3420615,Bacteria,superkingdom,
G_r007_chimera_5pct,3,markers + neural network,0.2753623,0.014492754,0.5648148,0.018518519,0.7899024950247419,0.00774526678141136,581.0,0.7850697592193865,0.03866169893000558,0.0011255306824572895,0.68791544,Borrelia,genus,
G_r011_none_control,3,markers + neural network,0.73913044,0.0,0.42592594,0.018518519,0.6888828741055782,0.012149532710280374,535.0,0.6882369853463817,0.0,0.0010123157861650898,0.5234452,Sulfolobaceae,family,
G_r075_indel_1pct,2,markers,0.9492754,1.2898551,0.5092593,0.8981481,0.8840307370580808,1.3464645231613006,693.0,0.8978837065525945,0.221507073549986,0.002471231110911486,0.23049285,Sulfolobaceae,family,
G_r054_chimera_10pct,3,markers + neural network,0.36956522,0.050724637,0.7314815,0.083333336,0.6567796610169492,0.13453389830508475,236.0,0.6696892756078043,0.18015428160308833,0.0007445355100034857,0.31340364,Bacteria,superkingdom,
G_r055_indel_1pct,2,markers,0.5072464,1.2753624,0.9722222,1.6481482,0.9409368635437881,2.23248452615835,491.0,0.7894203407123994,0.1843676798849601,0.0030338681293531444,0.118780404,Desulfovibrionaceae,family,
G_r044_chimera_20pct,3,markers + neural network,0.9637681,0.08695652,0.787037,0.083333336,0.8603960396039604,0.10165016249854966,505.0,0.8217054476640955,0.20554155501392724,0.0011557993651764521,0.4552231,Halobacteria,class,
G_r003_substitution_titv_1pct,3,markers + neural network,0.2753623,0.18115942,0.5462963,0.2037037,0.6385714285714286,0.17,350.0,0.637396864387394,0.2135511772531605,0.0010259316739246425,0.33975142,Bacteroidota,phylum,
G_r068_chimera_5pct,3,markers + neural network,0.28985506,0.08695652,0.7037037,0.0,0.8413672721031868,0.0009900988918719906,1010.0,0.8294011042129299,0.0030533549095327003,0.0013240986646602894,0.7730461,Campylobacter,genus,
G_r018_substitution_5pct,2,markers,0.9710145,0.7826087,0.6574074,0.9259259,0.9274656425402003,0.6825397084060224,618.0,0.8607643612391112,0.28307716519795706,0.001696022448967274,0.34423554,Thermococcus,genus,
G_r078_substitution_5pct,3,markers + neural network,0.4347826,0.23188406,0.8055556,0.24074075,0.7025058275058275,0.2675407960976198,858.0,0.6253972356897108,0.2836446099872774,0.00180122111323769,0.41274318,Thermus,genus,
G_r029_chimera_20pct,2,markers,0.26086956,0.0,0.44444445,0.037037037,0.5903723610194568,0.01634877384196185,367.0,0.6319611294074259,0.018709366835581935,0.0013179501244928564,0.4224574,Bacteria,superkingdom,
G_r052_chimera_20pct,3,markers + neural network,0.20289855,0.036231883,0.5,0.0,0.6885246318546149,0.0027322402743042494,366.0,0.6696600316020623,0.0,0.0011461134700546628,0.44003555,Bacteria,superkingdom,
G_r071_substitution_1pct,3,markers + neural network,0.48550725,0.18115942,0.8796296,0.12962963,0.8813376812487358,0.1343042071197411,309.0,0.8793282889380951,0.14026596697959562,0.001105803421923035,0.44755316,Treponema,genus,
G_r045_substitution_titv_2pct,3,markers + neural network,0.46376812,0.10869565,0.9444444,0.055555556,0.9932659932659933,0.17845117845117844,297.0,1.0,0.18695598601492336,0.0009873645661564608,0.50316185,Bacteria,superkingdom,
G_r037_indel_0p5pct,2,markers,0.49275362,0.76086956,0.9444444,1.074074,0.7967599410898379,0.9174030736549613,679.0,0.7785510929001165,0.2909834512916034,0.002169183472064281,0.18937539,Streptomyces,genus,
G_r074_indel_5pct,2,markers,0.2826087,0.26811594,0.5277778,0.33333334,0.6157635467980296,0.4802955665024631,203.0,0.7059581475379568,0.22267896217087646,0.0015366019120340814,0.23209813,Bacteria,superkingdom,
G_r053_substitution_titv_1pct,3,markers + neural network,1.0,0.04347826,0.5185185,0.055555556,0.9968,0.102228564453125,625.0,1.0,0.10641088983970343,0.0013264623753559102,0.66490483,Thermococcus,genus,
G_r008_uneven_coverage_10pct,3,markers + neural network,0.3478261,0.10144927,0.6296296,0.10185185,0.7664521512929459,0.17077137015716373,855.0,0.7273944906949119,0.24476434110063894,0.00112862019125565,0.48144165,Fusobacterium,genus,
G_r041_chimera_20pct,3,markers + neural network,0.23913044,0.014492754,0.6296296,0.0,0.7290679787007553,0.014218009478672985,211.0,0.727461096672664,0.03448354465670775,0.0010083223708251114,0.5369664,Bacteria,superkingdom,
G_r039_substitution_2pct,3,markers + neural network,0.35507247,0.2173913,0.6018519,0.12962963,0.6553172435130443,0.2809976419290384,999.0,0.6398054116502532,0.3121084121181216,0.0016861890343496677,0.38542008,Campylobacter,genus,
G_r069_uneven_coverage_40pct,2,markers,0.4347826,0.36956522,0.8611111,0.37037036,0.7631513657471424,0.362094395280236,678.0,0.6965804021843546,0.2732410344465643,0.0011575798496200754,0.34970203,Cyanophyceae,class,
G_r021_chimera_20pct,3,markers + neural network,0.5,0.06521739,0.9537037,0.027777778,1.0,0.045857991927709334,507.0,1.0,0.033925862692457204,0.0012008324011853492,0.67255783,Thermotogales,order,
G_r028_substitution_titv_0p1pct,3,markers + neural network,0.42753622,0.07971015,0.6851852,0.009259259,0.8477298064881384,0.029900332225913623,301.0,0.8499193208033379,0.021366176915348756,0.0010117143317485387,0.45742446,Bacteria,superkingdom,
G_r023_substitution_titv_0p1pct,3,markers + neural network,0.9927536,0.0,0.5462963,0.027777778,1.0,0.018229166666666668,576.0,1.0,0.011787028305735844,0.0011694941662771408,0.65794814,Methanobacteriaceae,family,
G_r001_chimera_20pct,3,markers + neural network,0.44927537,0.04347826,0.7407407,0.0,0.7333485118129797,0.02129020607262327,912.0,0.721041758817401,0.035632511624587,0.001209829763916244,0.5690119,Lacticaseibacillus,genus,
G_r010_indel_0p5pct,2,markers,0.442029,0.44927537,0.9166667,0.7407407,0.9307359307359307,1.121212121212121,231.0,0.9094087702314286,0.24933481917779815,0.001891979418620663,0.2138642,Bacteria,superkingdom,
G_r028_uneven_coverage_5pct,3,markers + neural network,0.42753622,0.07971015,0.6851852,0.009259259,0.852502694906899,0.03194888178913738,313.0,0.8585066048735359,0.013479974090926196,0.000997922043530853,0.45166314,Bacteria,superkingdom,
G_r040_substitution_0p5pct,3,markers + neural network,0.41304347,0.14492753,0.7685185,0.1388889,0.7170889068467073,0.12468951434207921,671.0,0.684866223346577,0.12180433652306305,0.001053434924555906,0.3477867,Cyanophyceae,class,
G_r051_substitution_0p1pct,3,markers + neural network,0.5072464,0.16666667,0.9444444,0.12962963,0.9803625377643505,0.13091642258750708,331.0,1.0,0.12372923399965463,0.0010103339251232503,0.42190054,Bacteria,superkingdom,
G_r033_uneven_coverage_5pct,2,markers,0.24637681,0.06521739,0.4074074,0.037037037,0.5887681159420289,0.07608695652173914,276.0,0.6435695871827014,0.1477305220341722,0.001235080464830509,0.36301303,Bacteria,superkingdom,
G_r002_indel_1pct,2,markers,0.36956522,0.5797101,0.8055556,0.8148148,0.7847938144329897,0.8533075863553077,388.0,0.7837238043164599,0.22886940378056717,0.002239253336284573,0.20919083,Microbacteriaceae,family,
G_r022_indel_0p1pct,2,markers,0.48550725,0.1594203,0.8240741,0.2037037,0.7952710319967831,0.35294117647058826,289.0,0.7546995690576901,0.2578578822485278,0.0013313372579036213,0.32585916,Bacteria,superkingdom,
G_r052_indel_0p5pct,2,markers,0.20289855,0.2536232,0.5,0.33333334,0.6949152542372882,0.723648034342842,413.0,0.7159710991250543,0.30999565513124455,0.002125764617809437,0.22808705,Desulfuromonadia,class,
G_r028_substitution_0p5pct,3,markers + neural network,0.42753622,0.11594203,0.6851852,0.074074075,0.8444075473519259,0.10631229235880399,301.0,0.8474513662771332,0.1262739827930183,0.0010462015313394343,0.4280235,Bacteria,superkingdom,
G_r040_chimera_5pct,3,markers + neural network,0.41304347,0.11594203,0.7685185,0.12962963,0.7163437503638459,0.0875558867362146,671.0,0.6954380995800926,0.10829363638927506,0.000996599487745884,0.37027666,Cyanophyceae,class,
G_r060_substitution_titv_5pct,2,markers,0.44927537,0.04347826,0.2037037,0.046296295,0.5610859728506787,0.17119156505187713,221.0,0.6713261481381407,0.147396329687181,0.0013642936332378124,0.2929167,Archaea,superkingdom,
G_r025_substitution_titv_5pct,2,markers,0.78985506,0.24637681,0.6388889,0.21296297,0.8248847926267281,0.34024578744914674,217.0,0.7894431394198181,0.23061283418760004,0.0012626324471503964,0.32511294,Archaea,superkingdom,
G_r046_substitution_5pct,2,markers,0.9492754,0.39855072,0.5185185,0.25925925,0.9459417661031088,0.5774306058883667,768.0,0.9156891761265948,0.2794877522038222,0.0016871434380478945,0.39923507,Sulfolobaceae,family,
G_r064_substitution_titv_1pct,3,markers + neural network,0.5072464,0.14492753,1.0,0.074074075,0.9982468443197756,0.10542310203776954,713.0,1.0,0.09783812501354083,0.001203454576729966,0.6131614,Xanthomonadaceae,family,
G_r047_substitution_0p1pct,2,markers,0.19565217,0.0942029,0.46296296,0.1574074,0.5961438765436966,0.07841614906832298,644.0,0.6156163386090165,0.13636659684525262,0.0011928334980552005,0.42806706,Chlorobiaceae,family,
G_r019_chimera_5pct,3,markers + neural network,0.36956522,0.007246377,0.6574074,0.009259259,0.6584174878669508,0.022222222222222223,495.0,0.6227323049900885,0.046022727691340685,0.0009397106294552988,0.4077343,Acidobacteriaceae,family,
G_r057_uneven_coverage_40pct,3,markers + neural network,0.5217391,0.1884058,0.9814815,0.14814815,0.9549689440993789,0.2981366459627329,322.0,0.9666690546648196,0.21976587150506632,0.0009418915393629428,0.43300194,Bacteria,superkingdom,
G_r000_substitution_0p1pct,3,markers + neural network,0.42028984,0.1521739,0.6759259,0.18518518,0.651198561174156,0.10885373229237949,1644.0,0.6285493245248038,0.18456145780206004,0.0013166913931241637,0.43943554,Klebsiella,genus,
G_r008_uneven_coverage_40pct,2,markers,0.3478261,0.2536232,0.6296296,0.19444445,0.7714483448015053,0.41832235036802684,847.0,0.7315340755393016,0.2903693831086914,0.0011203073781768393,0.35899094,Fusobacterium,genus,
G_r045_substitution_0p1pct,3,markers + neural network,0.46376812,0.06521739,0.9444444,0.027777778,1.0,0.018518518518518517,297.0,1.0,0.01743722006418643,0.0008794558704016564,0.6027941,Bacteria,superkingdom,
G_r030_uneven_coverage_10pct,3,markers + neural network,0.42028984,0.123188406,0.7962963,0.06481481,0.8104265402843602,0.07109004739336493,211.0,0.7937975254442355,0.07873810072618426,0.0007052125009818042,0.36300275,Bacteria,superkingdom,
G_r059_chimera_20pct,3,markers + neural network,0.3043478,0.11594203,0.6111111,0.009259259,0.7030716723549488,0.023890784982935155,293.0,0.6908971932706576,0.0,0.0011186639204564149,0.40498564,Bacteria,superkingdom,
G_r013_uneven_coverage_10pct,2,markers,0.21014492,0.028985508,0.4537037,0.055555556,0.5917721518987342,0.08544303797468354,158.0,0.6587087675341168,0.11759550967256965,0.0007456549983014584,0.31420743,Bacteria,superkingdom,
G_r039_chimera_40pct,3,markers + neural network,0.35507247,0.11594203,0.6018519,0.018518519,0.6562781654327754,0.068297103459656,1012.0,0.6402043887673919,0.18315083522054543,0.0012970684879612829,0.52787954,Campylobacter,genus,
G_r013_substitution_0p5pct,2,markers,0.20289855,0.036231883,0.4537037,0.009259259,0.5119760479041916,0.05389221556886228,167.0,0.6292999367177781,0.11004560877925262,0.000755685597319502,0.3297592,Bacteria,superkingdom,
G_r051_none_control,3,markers + neural network,0.5072464,0.1521739,0.9444444,0.12037037,0.9832826747720365,0.11550151975683891,329.0,0.9997402484317153,0.1071556408184029,0.0010046753761166793,0.42906174,Bacteria,superkingdom,
G_r030_none_control,3,markers + neural network,0.42028984,0.08695652,0.7962963,0.055555556,0.8362068965517241,0.04310344827586207,232.0,0.797613206308688,0.06956417393088829,0.0007150425553680932,0.38561362,Bacteria,superkingdom,
G_r000_substitution_titv_1pct,3,markers + neural network,0.42028984,0.22463769,0.6759259,0.25,0.6535199019160584,0.18288753908626065,1644.0,0.6196162849362518,0.23561970313819627,0.0014343822345474033,0.39350405,Klebsiella,genus,
G_r044_chimera_10pct,3,markers + neural network,0.9637681,0.08695652,0.787037,0.083333336,0.8603960396039604,0.10165016249854966,505.0,0.8218471361381691,0.2054932877330911,0.0011560980213431644,0.45515493,Halobacteria,class,
G_r034_substitution_titv_0p1pct,3,markers + neural network,0.49275362,0.06521739,0.9351852,0.009259259,0.9154929577464789,0.014084507042253521,213.0,0.8770149352166421,0.043238536251938874,0.0007298529289966253,0.42310843,Bacteria,superkingdom,
G_r065_substitution_0p1pct,3,markers + neural network,0.49275362,0.0942029,1.0,0.055555556,0.9993606138107417,0.042732311941473686,782.0,1.0,0.025652227176497473,0.0014025530430197214,0.71315205,Streptococcus,genus,
G_r019_uneven_coverage_10pct,3,markers + neural network,0.36956522,0.02173913,0.6574074,0.018518519,0.6302884028508113,0.06923076923076923,520.0,0.6259310776920187,0.11248014970364847,0.0009319792275655613,0.3800928,Acidobacteriaceae,family,
G_r049_uneven_coverage_40pct,3,markers + neural network,0.24637681,0.21014492,0.5740741,0.39814815,0.7168367346938775,0.19521380722001413,686.0,0.7065352859779704,0.17965946595270757,0.0010745791503082931,0.41679835,Deinococcus,genus,
G_r059_indel_2pct,2,markers,0.29710144,0.5942029,0.5925926,0.8055556,0.6993006993006993,0.9749416538051792,286.0,0.7009110187142906,0.3135866094360115,0.0020899194489920397,0.16742392,Bacteria,superkingdom,
G_r020_chimera_20pct,2,markers,0.19565217,0.057971016,0.46296296,0.037037037,0.5600817521846262,0.01907356948228883,367.0,0.6107812658118856,0.03083741268133302,0.001160206756040515,0.37629098,Desulfovibrionaceae,family,
G_r039_uneven_coverage_5pct,3,markers + neural network,0.35507247,0.1594203,0.6018519,0.046296295,0.6549093437383858,0.11062107142891708,1009.0,0.6304357186553675,0.23483366616579948,0.0012928197522988727,0.49674547,Campylobacter,genus,
G_r044_substitution_titv_5pct,2,markers,0.95652175,0.28985506,0.787037,0.35185185,0.8529411764705882,0.4145658156451057,476.0,0.7651043557692722,0.25850215020898387,0.0014693883402243267,0.3367676,Halobacteria,class,
G_r065_substitution_titv_2pct,3,markers + neural network,0.49275362,0.123188406,1.0,0.1388889,0.9800937194043718,0.19639811796300552,782.0,0.9794206446471757,0.1623573847578949,0.00158889931304637,0.57506317,Streptococcus,genus,
G_r076_uneven_coverage_5pct,3,markers + neural network,0.48550725,0.08695652,0.9074074,0.0,0.9258928571428572,0.039285714285714285,280.0,0.9048783433545143,0.030943108019404357,0.0008644205294361292,0.4238468,Bacteria,superkingdom,
G_r074_substitution_titv_1pct,3,markers + neural network,0.4347826,0.07971015,0.787037,0.06481481,0.8908296943231441,0.12154294309657734,229.0,0.8987855131890958,0.21153988741036422,0.0011612345584857283,0.4407803,Bacteria,superkingdom,
G_r006_substitution_titv_0p5pct,3,markers + neural network,0.442029,0.06521739,0.9351852,0.083333336,0.9956709956709957,0.11255411255411256,231.0,1.0,0.11549346239308755,0.0011320669277967714,0.63218045,Bacteria,superkingdom,
G_r017_substitution_titv_1pct,3,markers + neural network,0.2536232,0.1884058,0.5648148,0.083333336,0.6764457547510397,0.1624768833576421,541.0,0.6281684647698275,0.22188716846269482,0.0013104637229969154,0.38628662,Geobacteraceae,family,
G_r040_substitution_titv_2pct,2,markers,0.41304347,0.24637681,0.7685185,0.30555555,0.7323494903312242,0.32506885370932337,605.0,0.6934683435709942,0.22569003434858548,0.0011825164016891153,0.29507804,Cyanophyceae,class,
G_r057_chimera_40pct,3,markers + neural network,0.5217391,0.072463766,0.9814815,0.027777778,0.9355300859598854,0.0,349.0,0.9308343994090938,0.0,0.0009531487300431865,0.61077005,Bacteria,superkingdom,
G_r032_substitution_titv_2pct,3,markers + neural network,0.44927537,0.123188406,0.7962963,0.17592593,0.832233189749639,0.1842684226460976,303.0,0.8136233532066579,0.1921666821803241,0.0012682710742495827,0.41452008,Bacteria,superkingdom,
G_r046_uneven_coverage_10pct,3,markers + neural network,1.0,0.007246377,0.5185185,0.018518519,1.0,0.015842014302810032,768.0,1.0,0.0,0.0011634321649589192,0.7467385,Sulfolobaceae,family,
G_r067_uneven_coverage_20pct,3,markers + neural network,0.47826087,0.14492753,1.0,0.25925925,1.0,0.2032086524737657,676.0,1.0,0.19379809515322402,0.001111664382223927,0.55666214,Flavobacteriales,order,
G_r074_chimera_5pct,3,markers + neural network,0.4347826,0.028985508,0.7962963,0.0,0.8876651982378855,0.04478707922712822,227.0,0.8677156607798968,0.1659717528670035,0.0010831531104561953,0.4839902,Bacteria,superkingdom,
G_r027_uneven_coverage_40pct,2,markers,0.48550725,0.45652175,0.8611111,0.7222222,0.8937621534916392,0.48728068390784907,342.0,0.8609257805031088,0.22974561764390494,0.0011562923008082437,0.3628952,Synergistales,order,
G_r035_uneven_coverage_20pct,3,markers + neural network,0.41304347,0.06521739,0.8148148,0.037037037,0.7391025836651142,0.057692307692307696,260.0,0.7207888185407975,0.1285563648471704,0.0010010260669875161,0.411041,Bacteria,superkingdom,
G_r075_substitution_titv_5pct,2,markers,0.9057971,0.3188406,0.5092593,0.2777778,0.8237029736796126,0.33751710154377995,626.0,0.7355502306954635,0.2804696833002621,0.0012350163774858956,0.41961315,Sulfolobaceae,family,
G_r051_uneven_coverage_5pct,3,markers + neural network,0.5072464,0.17391305,0.9444444,0.1388889,0.9872262773722628,0.1417275031987768,274.0,1.0,0.0990654446289727,0.0010091078381946105,0.4147678,Bacteria,superkingdom,
G_r060_indel_0p5pct,2,markers,0.46376812,0.23188406,0.2037037,0.17592593,0.5577889447236181,0.41708542713567837,199.0,0.727557602535226,0.18584250104246575,0.002247329210008434,0.1886796,Archaea,superkingdom,
G_r066_chimera_5pct,3,markers + neural network,0.49275362,0.4347826,0.8981481,0.4722222,0.8634959806936405,0.13746348967092656,799.0,0.8417878901045933,0.1241170487914115,0.0011275912915257177,0.53689784,Micromonospora,genus,
G_r057_substitution_titv_1pct,3,markers + neural network,0.5217391,0.0942029,0.9814815,0.074074075,0.9546875,0.084375,320.0,0.9608685093104243,0.0937321946251278,0.0010246837857133876,0.54786146,Bacteria,superkingdom,
G_r035_substitution_titv_0p1pct,3,markers + neural network,0.41304347,0.057971016,0.8055556,0.037037037,0.7262357414448669,0.028517110266159697,263.0,0.6969941153889829,0.13567818896416098,0.0010231356175055865,0.45194426,Bacteria,superkingdom,
G_r007_chimera_40pct,3,markers + neural network,0.2753623,0.014492754,0.5648148,0.018518519,0.7899024950247419,0.00774526678141136,581.0,0.7856181949583134,0.03809184821744588,0.0011248294172345745,0.687362,Borrelia,genus,
G_r071_substitution_titv_2pct,3,markers + neural network,0.4710145,0.13043478,0.8703704,0.09259259,0.8722574741025514,0.11708860759493671,316.0,0.8655247116978408,0.10544122706798219,0.0010921631415164981,0.4419898,Treponema,genus,
G_r075_substitution_titv_2pct,3,markers + neural network,0.9492754,0.26086956,0.5092593,0.18518518,0.8584652149623009,0.19542234475768208,659.0,0.8194455871653075,0.20498070002097796,0.0011691662810874599,0.52021885,Sulfolobaceae,family,
G_r079_none_control,3,markers + neural network,0.48550725,0.06521739,0.9537037,0.037037037,1.0,0.061224489795918366,294.0,0.968882448479945,0.05977773473591624,0.0010853140314407126,0.44963458,Bacteria,superkingdom,
G_r057_indel_1pct,2,markers,0.51449275,1.1014493,0.9722222,1.5648148,0.9524193548387097,1.6271122101814517,310.0,0.9194596973102869,0.19728658925267878,0.0024624773998116536,0.17536165,Bacteria,superkingdom,
G_r048_uneven_coverage_40pct,2,markers,0.3188406,0.10144927,0.6666667,0.19444445,0.7985611510791367,0.3321343017139023,139.0,0.8147501861804436,0.23869957730710314,0.0009101284132580164,0.24747683,Bacteria,superkingdom,
G_r000_chimera_5pct,3,markers + neural network,0.42028984,0.1521739,0.6759259,0.18518518,0.6510355780014446,0.10270005943131273,1644.0,0.6270883076464987,0.1725577056530794,0.0012996201959893934,0.44373822,Klebsiella,genus,
G_r054_substitution_titv_5pct,2,markers,0.34057972,0.11594203,0.6296296,0.2037037,0.6596244131455399,0.3380281690140845,213.0,0.7146215331747171,0.19618780278426123,0.0008493714517707926,0.25644222,Bacteria,superkingdom,
G_r017_uneven_coverage_40pct,2,markers,0.2536232,0.36956522,0.5648148,0.42592594,0.7101010101010101,0.38476670390427714,495.0,0.6819697422615584,0.28144738447820866,0.001219461308475889,0.2932202,Desulfuromonadia,class,
G_r026_chimera_10pct,3,markers + neural network,0.6666667,0.26811594,0.8611111,0.25,0.9,0.15222222222222223,225.0,0.88066195821382,0.19383231788238314,0.0007582719838513734,0.3458367,Bacteria,superkingdom,
G_r065_substitution_titv_5pct,2,markers,0.49275362,0.2826087,0.9814815,0.44444445,0.952308276708426,0.4231409172242297,787.0,0.941420003708163,0.26205328103630743,0.0018094421060300364,0.46163523,Streptococcus,genus,
G_r017_indel_5pct,2,markers,0.24637681,0.557971,0.5092593,0.8055556,0.6168799810043418,0.9878035690056558,547.0,0.596457347929869,0.3267035222821843,0.002080954751622741,0.18285815,Geobacteraceae,family,
G_r057_substitution_5pct,2,markers,0.51449275,0.28985506,0.962963,0.4074074,0.9185714285714286,0.48428571428571426,350.0,0.8871907515391739,0.27429137263219094,0.001281204024405749,0.36825636,Bacteria,superkingdom,
G_r026_uneven_coverage_20pct,2,markers,0.6666667,0.51449275,0.8611111,0.4074074,0.8855421686746988,0.3356760170565073,249.0,0.8545009474374826,0.18751998802476694,0.0007818003122850865,0.29088292,Bacteria,superkingdom,
G_r006_substitution_5pct,2,markers,0.4347826,0.26086956,0.9259259,0.33333334,0.9904761904761905,0.6650793166387649,210.0,0.9887932664038117,0.25450826813718996,0.0017294499373879907,0.36915904,Bacteria,superkingdom,
G_r004_chimera_40pct,3,markers + neural network,0.44927537,0.07971015,0.8703704,0.027777778,0.8434408864667339,0.034274193548387094,620.0,0.8334931964409541,0.02592268701323705,0.001237554306987809,0.67109895,Helicobacter,genus,
G_r035_chimera_20pct,3,markers + neural network,0.41304347,0.050724637,0.8148148,0.009259259,0.7247191011235955,0.00749063670411985,267.0,0.6968032801740377,0.08608790486973567,0.0010158065658042571,0.46127665,Bacteria,superkingdom,
G_r035_uneven_coverage_10pct,3,markers + neural network,0.41304347,0.10144927,0.8148148,0.10185185,0.7282608695652174,0.11594202898550725,276.0,0.6898492413088562,0.19637683280563853,0.0010340627740066468,0.39443478,Bacteria,superkingdom,
G_r025_indel_2pct,2,markers,0.73913044,1.0,0.5925926,0.9351852,0.7763157894736842,1.4013157894736843,228.0,0.6708720615830879,0.2626644230976633,0.002758777582333374,0.14403762,Archaea,superkingdom,
G_r036_uneven_coverage_10pct,2,markers,0.26086956,0.04347826,0.5462963,0.09259259,0.5847675991341339,0.12385191195796434,674.0,0.5902363790456617,0.2203346673505922,0.0013036931558514655,0.42302513,Leuconostoc,genus,
G_r071_uneven_coverage_5pct,3,markers + neural network,0.48550725,0.08695652,0.8888889,0.027777778,0.8859788682725694,0.03280423482259114,315.0,0.875674247450104,0.013908220524061606,0.0009944637040906056,0.5000743,Treponema,genus,
G_r071_substitution_titv_0p5pct,3,markers + neural network,0.48550725,0.10144927,0.8888889,0.046296295,0.8838624984499008,0.042328041318863155,315.0,0.8760247388669105,0.03105360051917931,0.0010361909564000195,0.49836057,Treponema,genus,
G_r004_substitution_2pct,3,markers + neural network,0.44927537,0.20289855,0.8703704,0.25925925,0.8415995181662641,0.27039721699344554,621.0,0.7854624891349187,0.2447255584066232,0.001585206488632794,0.50359255,Helicobacter,genus,
G_r063_substitution_titv_0p5pct,3,markers + neural network,0.5072464,0.123188406,0.9259259,0.046296295,0.9823321554770318,0.054770318021201414,283.0,0.982333525375364,0.05082351817357155,0.0010098023258687495,0.46948925,Bacteria,superkingdom,
G_r022_substitution_titv_0p5pct,3,markers + neural network,0.48550725,0.10869565,0.8240741,0.09259259,0.8186119873817035,0.167192429022082,317.0,0.7879523066574037,0.24647730896205966,0.0010601256989395806,0.4110646,Bacteria,superkingdom,
G_r076_chimera_40pct,3,markers + neural network,0.48550725,0.08695652,0.9074074,0.0,0.9463636363636364,0.033939392783425074,275.0,0.9229204884567332,0.03990267739988378,0.000865180350987353,0.43471608,Bacteria,superkingdom,
G_r009_substitution_0p5pct,3,markers + neural network,0.8115942,0.04347826,0.4814815,0.046296295,0.7429361939430237,0.0393880233168602,512.0,0.7222497909259606,0.02634835510313853,0.0011604522244149035,0.48955128,Methanosarcinaceae,family,
G_r057_indel_0p5pct,2,markers,0.5217391,0.7173913,0.9814815,0.9444444,0.956386292834891,1.0950155763239875,321.0,0.9434168448646582,0.21765881746466853,0.001991243669432314,0.22848625,Bacteria,superkingdom,
G_r079_substitution_titv_0p1pct,3,markers + neural network,0.48550725,0.06521739,0.9537037,0.037037037,1.0,0.06484641638225255,293.0,0.9702310724473746,0.06488622148952244,0.0010916853081435023,0.44570577,Bacteria,superkingdom,
G_r069_substitution_titv_1pct,3,markers + neural network,0.4347826,0.1594203,0.8611111,0.23148148,0.7532791261750508,0.1532520325203252,615.0,0.6982275263986935,0.22426528477746488,0.0012840726909310474,0.4495904,Cyanobacteriota,phylum,
G_r038_chimera_5pct,3,markers + neural network,0.32608697,0.14492753,0.712963,0.37037036,0.7097860213813432,0.22233371559633028,872.0,0.6281520730531454,0.23396173898287323,0.0010996139601940856,0.35536546,Bacteroides,genus,
G_r044_indel_1pct,2,markers,0.9492754,1.2173913,0.787037,1.0462962,0.8419023136246787,1.3153384485710555,389.0,0.7842064959152737,0.24374724178110607,0.00272003526369828,0.12835526,Halobacteria,class,
G_r075_indel_0p5pct,2,markers,0.942029,0.9057971,0.5185185,0.6944444,0.8851027182482798,0.9280071666845853,654.0,0.9143385048208414,0.2528045333528704,0.0020482742079672065,0.28828207,Sulfolobaceae,family,
G_r009_indel_1pct,2,markers,0.8115942,1.1014493,0.4814815,0.7685185,0.7714672282066113,1.256761283951889,493.0,0.7711384607654523,0.28290796319599787,0.0028988265427243617,0.1707461,Methanosarcinaceae,family,
G_r060_uneven_coverage_10pct,2,markers,0.46376812,0.057971016,0.2037037,0.0,0.5785805009617099,0.055133079847908745,263.0,0.6481013379318592,0.0808298628582571,0.0011236672922573174,0.35020003,Archaea,superkingdom,
G_r039_indel_5pct,2,markers,0.33333334,0.57246375,0.537037,0.5,0.5924332594786066,1.109577940071498,837.0,0.6304285952618457,0.31360220045646553,0.003044803281827184,0.18773106,Campylobacter,genus,
G_r052_indel_5pct,2,markers,0.13768116,0.17391305,0.3611111,0.23148148,0.5304136624301437,0.5775547445255474,274.0,0.6622759725641681,0.2881859168271826,0.0014285726809912603,0.20193842,Bacteria,superkingdom,
G_r021_uneven_coverage_10pct,3,markers + neural network,0.5,0.38405797,0.9537037,0.5462963,1.0,0.27941176470588236,527.0,1.0,0.235264495379051,0.001215628017826545,0.5302221,Thermotogales,order,
G_r077_indel_0p1pct,3,markers + neural network,0.4057971,0.10869565,0.712963,0.10185185,0.8541666666666666,0.23106060606060605,132.0,0.8416887195410816,0.14950377244615146,0.0009438451380560785,0.30083048,Bacteria,superkingdom,
G_r072_substitution_titv_2pct,3,markers + neural network,0.39130434,0.16666667,0.7314815,0.10185185,0.6872741464768726,0.16367904721698442,781.0,0.638870199634409,0.20571660189885616,0.0014266794376056853,0.4598845,Fusobacterium,genus,
G_r019_substitution_titv_1pct,3,markers + neural network,0.36956522,0.050724637,0.6574074,0.083333336,0.6523568818063447,0.07373737373737374,495.0,0.6327390437684526,0.10658986120005809,0.000994593416998163,0.3852616,Acidobacteriaceae,family,
G_r028_indel_5pct,2,markers,0.3115942,0.35507247,0.4814815,0.35185185,0.6793478260869565,0.8309178559676461,276.0,0.6841911060096619,0.31713162047938753,0.0012450475553213796,0.2148703,Bacteria,superkingdom,
G_r034_substitution_titv_1pct,3,markers + neural network,0.48550725,0.0942029,0.9166667,0.055555556,0.9425287356321839,0.08045977011494253,174.0,0.9290266664387545,0.12314572994146059,0.0007469618948335201,0.3961632,Bacteria,superkingdom,
G_r066_substitution_0p5pct,3,markers + neural network,0.49275362,0.46376812,0.8981481,0.5462963,0.8653108408215348,0.18293699185749765,799.0,0.8323746545249822,0.16759321420925152,0.001175101721549809,0.51475275,Micromonospora,genus,
G_r074_chimera_40pct,3,markers + neural network,0.4347826,0.028985508,0.7962963,0.0,0.8876651982378855,0.04478707922712822,227.0,0.8677156607798968,0.1659717528670035,0.0010831531104561953,0.4839902,Bacteria,superkingdom,
G_r043_substitution_titv_5pct,2,markers,0.49275362,0.4057971,0.9907407,0.7407407,0.9799668378545074,0.6573732031527827,703.0,0.9571345244814108,0.26415552622615956,0.0015640606731655194,0.39883536,Leptotrichia,genus,
G_r024_substitution_5pct,2,markers,0.51449275,0.5869565,0.962963,0.9166667,0.8858468394268416,0.6956689396479844,431.0,0.8117649673854319,0.2775843982579244,0.001220399240837378,0.27213922,Myxococcales,order,
G_r073_uneven_coverage_40pct,2,markers,0.7173913,0.39855072,0.4351852,0.44444445,0.7368359995218677,0.5411470338323651,433.0,0.7058352992161552,0.3108756678613726,0.0010593661063231746,0.3086835,Methanomicrobiales,order,
G_r026_uneven_coverage_5pct,3,markers + neural network,0.6666667,0.3478261,0.8611111,0.35185185,0.9089805825242718,0.2099514563106796,206.0,0.9031491215279331,0.19640723517087208,0.0007669105643898276,0.33228195,Bacteria,superkingdom,
G_r011_substitution_2pct,3,markers + neural network,0.73913044,0.1521739,0.41666666,0.12037037,0.6781610431093158,0.20754419673572888,528.0,0.6387406812487049,0.2390483466632225,0.0012485950595954856,0.40129197,Sulfolobaceae,family,
G_r017_indel_0p5pct,2,markers,0.2536232,0.45652175,0.5648148,0.6296296,0.6951708035418507,0.9924533156539863,566.0,0.6745522871371259,0.3295119683949756,0.002491537894545462,0.18562981,Geobacteraceae,family,
G_r028_uneven_coverage_40pct,2,markers,0.42753622,0.23188406,0.6851852,0.12962963,0.8540268456375839,0.37024609354518406,298.0,0.7953485002653418,0.25713112818538925,0.001002861552181806,0.2861566,Bacteria,superkingdom,
G_r045_chimera_10pct,3,markers + neural network,0.46376812,0.050724637,0.9444444,0.009259259,1.0,0.003367003367003367,297.0,0.9950391376039706,0.0,0.0008727115769169811,0.6097546,Bacteria,superkingdom,
G_r074_uneven_coverage_10pct,3,markers + neural network,0.4347826,0.028985508,0.7962963,0.009259259,0.9134615384615384,0.020032052810375508,208.0,0.8837668526836744,0.09138676807829431,0.0011208735880748294,0.46681598,Bacteria,superkingdom,
G_r075_substitution_titv_0p5pct,3,markers + neural network,0.9710145,0.14492753,0.5185185,0.14814815,0.8833521389324961,0.06611721931110184,637.0,0.87690192272078,0.04681108549404377,0.0010579624759112934,0.6097419,Sulfolobaceae,family,
G_r008_substitution_0p1pct,3,markers + neural network,0.3478261,0.08695652,0.6296296,0.027777778,0.7622416535316155,0.12976607830203765,855.0,0.7203660321258074,0.22774667287638067,0.0011475757940465577,0.5089532,Fusobacterium,genus,
G_r043_substitution_1pct,2,markers,0.5072464,0.2826087,0.9907407,0.44444445,0.9973921579114065,0.3604788854824191,703.0,0.9946687757141831,0.28185338230312745,0.0013192383518590826,0.51128787,Leptotrichia,genus,
G_r045_substitution_0p5pct,3,markers + neural network,0.46376812,0.07971015,0.9444444,0.037037037,1.0,0.05555555555555555,261.0,1.0,0.05827397664561456,0.0009189099872870068,0.5667883,Bacteria,superkingdom,
G_r074_uneven_coverage_5pct,3,markers + neural network,0.4347826,0.028985508,0.7962963,0.009259259,0.8876651982378855,0.049192365570740554,227.0,0.8715123610282386,0.1525844569669694,0.0011016139422474135,0.4747182,Bacteria,superkingdom,
G_r006_indel_2pct,2,markers,0.442029,0.9130435,0.9259259,1.6481482,0.9870689655172413,2.538793103448276,232.0,0.8615400659205532,0.20928532557978935,0.0036646780411864885,0.12798038,Bacteria,superkingdom,
G_r066_substitution_titv_0p5pct,3,markers + neural network,0.49275362,0.47826087,0.8981481,0.5185185,0.8606174741131493,0.17417604066851142,799.0,0.8282261777163118,0.16895901856920692,0.0011630678297344964,0.5102974,Micromonospora,genus,
G_r010_chimera_5pct,3,markers + neural network,0.4347826,0.057971016,0.9166667,0.06481481,0.9299242424242424,0.0625,264.0,0.9346153674544435,0.07603384998570782,0.0008887607242522585,0.54463196,Bacteria,superkingdom,
G_r056_chimera_20pct,3,markers + neural network,0.5,0.1521739,0.9351852,0.23148148,0.9249585659349736,0.139303473097768,402.0,0.9098005146234793,0.24056191484102016,0.0012765390183895864,0.47686118,Thermotogae,class,
G_r052_substitution_titv_1pct,3,markers + neural network,0.19565217,0.057971016,0.5,0.027777778,0.6898907520731942,0.06420765027322405,366.0,0.6637149674539594,0.06847546139511501,0.0012000224401566603,0.41033265,Bacteria,superkingdom,
G_r073_chimera_5pct,3,markers + neural network,0.7173913,0.028985508,0.4351852,0.009259259,0.744198312236287,0.026722924115788586,474.0,0.7368894893660425,0.06643616018539783,0.001038777936503076,0.47868562,Methanomicrobiaceae,family,
G_r047_uneven_coverage_10pct,3,markers + neural network,0.19565217,0.13043478,0.46296296,0.23148148,0.6016948682317749,0.13983050847457626,649.0,0.6268294799092884,0.1979725937011362,0.001181299756261468,0.40712014,Chlorobiaceae,family,
G_r054_none_control,3,markers + neural network,0.36956522,0.050724637,0.7314815,0.083333336,0.6567796610169492,0.13453389830508475,236.0,0.6696892756078043,0.18015428160308833,0.0007445355100034857,0.31340364,Bacteria,superkingdom,
G_r072_substitution_titv_0p5pct,3,markers + neural network,0.39130434,0.072463766,0.7314815,0.037037037,0.6897225324425937,0.05605864432311459,773.0,0.6713906427284511,0.10314422720899605,0.001242801565622524,0.5277651,Fusobacterium,genus,
G_r003_uneven_coverage_20pct,2,markers,0.2753623,0.3188406,0.5462963,0.5,0.6398891966759003,0.3474145820596542,361.0,0.6214421741803402,0.2797444168370994,0.0009416550251243301,0.3188647,Bacteroidota,phylum,
G_r048_substitution_titv_2pct,3,markers + neural network,0.3188406,0.072463766,0.6481481,0.046296295,0.7616666666666667,0.1277777862548828,150.0,0.7374429922497526,0.1684610653846896,0.0009645366353618019,0.3613228,Bacteria,superkingdom,
G_r031_indel_2pct,2,markers,0.48550725,0.36231884,0.37037036,0.35185185,0.5158227848101266,0.6329113924050633,158.0,0.662710303913771,0.31288340418831395,0.0016463237123038159,0.16205843,Archaea,superkingdom,
G_r038_substitution_titv_5pct,2,markers,0.32608697,0.32608697,0.7037037,0.7407407,0.7064966508391506,0.6329755364977492,958.0,0.6616056065671265,0.31030174612797307,0.0015122236070446344,0.23497032,Bacteroides,genus,
G_r052_uneven_coverage_40pct,2,markers,0.20289855,0.0942029,0.5,0.32407406,0.69392735907372,0.44570038166451964,376.0,0.6833942127951169,0.2829747312661462,0.0011351562201614514,0.33732277,Bacteria,superkingdom,
G_r025_substitution_titv_1pct,3,markers + neural network,0.8333333,0.08695652,0.6203704,0.074074075,0.8251231527093597,0.10344827586206896,203.0,0.7944963835522718,0.21392219261551831,0.0010971840575237928,0.3981054,Archaea,superkingdom,
G_r049_indel_2pct,2,markers,0.23913044,0.4347826,0.5648148,0.7685185,0.6929962977790531,1.0860979462875198,633.0,0.7013070564178983,0.3206883528457179,0.0022870831185137644,0.19505446,Deinococcus,genus,
G_r012_substitution_1pct,2,markers,0.28985506,0.0942029,0.6203704,0.09259259,0.598552863754912,0.11027944873193067,334.0,0.6360759541278211,0.18552237758034767,0.0012858555425441067,0.34392455,Bacteria,superkingdom,
G_r029_substitution_titv_0p5pct,2,markers,0.24637681,0.014492754,0.42592594,0.06481481,0.5906623069937144,0.04723127035830619,307.0,0.6381071921664344,0.07072412100442285,0.0013595071104002888,0.3988526,Bacteria,superkingdom,
G_r069_substitution_0p1pct,3,markers + neural network,0.4347826,0.13768116,0.8611111,0.16666667,0.7473474801061007,0.07891246684350132,754.0,0.7037212038370758,0.1247794363806472,0.0011742905328030982,0.4892926,Cyanophyceae,class,
G_r048_substitution_titv_0p5pct,3,markers + neural network,0.3188406,0.04347826,0.6666667,0.009259259,0.7704081632653061,0.05328798294067383,147.0,0.7374592751732738,0.12118017943887102,0.0009273795258133537,0.38620603,Bacteria,superkingdom,
G_r054_uneven_coverage_10pct,3,markers + neural network,0.36956522,0.13043478,0.7314815,0.22222222,0.6824034334763949,0.21244635193133046,233.0,0.6936910155940628,0.1983859929846823,0.0007492907233842445,0.28569692,Bacteria,superkingdom,
G_r064_substitution_1pct,3,markers + neural network,0.5072464,0.123188406,1.0,0.037037037,0.9972527472527473,0.09844321994991093,728.0,1.0,0.09289410965084702,0.001196963451720635,0.6245212,Xanthomonadaceae,family,
G_r018_uneven_coverage_10pct,2,markers,0.98550725,0.6666667,0.6851852,0.7037037,0.9485552052595297,0.30633570904333157,646.0,0.9315838880401675,0.2667718837001501,0.0012202178833883648,0.4894466,Thermococcus,genus,
G_r060_chimera_10pct,2,markers,0.46376812,0.014492754,0.2037037,0.0,0.5769720295913346,0.019083969465648856,262.0,0.6341090586845892,0.04719989149464004,0.0011218306308079114,0.3667904,Archaea,superkingdom,
G_r061_chimera_10pct,3,markers + neural network,0.44927537,0.0942029,0.8518519,0.0,0.8687258687258688,0.05019305019305019,259.0,0.8301333324767637,0.08507050776250843,0.0007359390343653329,0.40452978,Bacteria,superkingdom,
G_r004_substitution_titv_2pct,3,markers + neural network,0.44927537,0.08695652,0.8611111,0.10185185,0.8322993719419313,0.1820531870448959,677.0,0.7858095703020102,0.1973472691858563,0.0014707800892234384,0.55194724,Helicobacter,genus,
G_r052_substitution_titv_0p5pct,3,markers + neural network,0.20289855,0.050724637,0.5,0.0,0.6898907520731942,0.028688524590163935,366.0,0.6677079029088417,0.014974386427726277,0.0011767933717387264,0.42382088,Bacteria,superkingdom,
G_r002_indel_2pct,2,markers,0.35507247,0.5507246,0.7685185,0.8425926,0.7638888888888888,0.907407463921441,360.0,0.7602089293858394,0.28000937670253095,0.002094902514547012,0.20638524,Actinomycetes,class,
G_r011_indel_1pct,2,markers,0.7246377,0.84782606,0.41666666,0.5277778,0.6879299371372244,0.9757661801565432,533.0,0.7288264427371041,0.2837667931162612,0.0024575643396847055,0.18950923,Sulfolobaceae,family,
G_r037_uneven_coverage_40pct,2,markers,0.49275362,0.39130434,0.9444444,0.5,0.7840850023237024,0.43530325644865375,643.0,0.6723526520503228,0.2522599378150344,0.0011174288832575413,0.2973489,Streptomyces,genus,
G_r056_uneven_coverage_5pct,3,markers + neural network,0.5,0.19565217,0.9351852,0.30555555,0.9262023470295009,0.20854061753002565,402.0,0.9143656361903476,0.2652431870240675,0.0012840518827671882,0.4535863,Thermotogae,class,
G_r019_substitution_titv_0p1pct,3,markers + neural network,0.36956522,0.014492754,0.6574074,0.018518519,0.6584174878669508,0.029292929292929294,495.0,0.6240981995473566,0.059737893330716545,0.000950184443871876,0.4037169,Acidobacteriaceae,family,
G_r075_indel_2pct,2,markers,0.9492754,1.3115942,0.5092593,1.074074,0.8479852841076334,1.4453388495572508,637.0,0.8439071171291197,0.21513725782140708,0.002523001076428142,0.22392337,Sulfolobaceae,family,
G_r012_uneven_coverage_40pct,2,markers,0.28985506,0.11594203,0.6203704,0.25925925,0.6217712177121771,0.3081180811808118,271.0,0.6606907026489947,0.26405335297996096,0.0011751478315384575,0.28358552,Bacteria,superkingdom,
G_r002_none_control,3,markers + neural network,0.36956522,0.04347826,0.8148148,0.009259259,0.8119612068965517,0.014727010809142014,464.0,0.8053201901517432,0.015423942246974902,0.0011390807234933186,0.5185087,Microbacteriaceae,family,
G_r077_indel_5pct,2,markers,0.26811594,0.1594203,0.37962964,0.18518518,0.5496575342465754,0.3904109589041096,146.0,0.7422953909134224,0.19349623999989893,0.0007799671885715183,0.20894958,Bacteria,superkingdom,
G_r061_substitution_2pct,3,markers + neural network,0.4347826,0.13768116,0.8240741,0.10185185,0.8183673469387756,0.1673469387755102,245.0,0.7949057400953551,0.14335569052130098,0.0008262226999203024,0.33718702,Bacteria,superkingdom,
G_r043_uneven_coverage_20pct,2,markers,0.5072464,0.26811594,1.0,0.37962964,1.0,0.3299430966546831,703.0,0.999762282281071,0.2727667451805556,0.0011138064373403223,0.5013397,Leptotrichia,genus,
G_r003_indel_0p1pct,2,markers,0.2753623,0.3115942,0.5462963,0.4074074,0.6357142857142857,0.3083333478655134,350.0,0.6352472975598371,0.264645324826581,0.0011970548951619456,0.29421344,Bacteroidota,phylum,
G_r064_substitution_0p5pct,3,markers + neural network,0.5072464,0.123188406,1.0,0.018518519,0.9967948159018716,0.07062728588397686,728.0,1.0,0.058362683945190744,0.0011729462891861102,0.64174813,Xanthomonadaceae,family,
G_r033_substitution_0p5pct,2,markers,0.24637681,0.050724637,0.4074074,0.037037037,0.5735119410923549,0.0625,280.0,0.6429221617072897,0.12305451640114082,0.001306343372282261,0.3554252,Bacteria,superkingdom,
G_r058_indel_1pct,2,markers,0.9130435,1.268116,0.5277778,0.8611111,0.9002493765586035,1.3702410843009662,401.0,0.8906807109970489,0.23756168897294283,0.002168640103973825,0.20205465,Methanobacteriales,order,
G_r002_chimera_10pct,3,markers + neural network,0.36956522,0.04347826,0.8148148,0.009259259,0.8119612068965517,0.014727010809142014,464.0,0.8050559513011497,0.015141260819632012,0.0011383429769107453,0.51873463,Microbacteriaceae,family,
G_r015_substitution_0p5pct,3,markers + neural network,0.4057971,0.072463766,0.8425926,0.046296295,0.7026342142679046,0.06028368987573316,329.0,0.6607166900325124,0.08240380465862013,0.0008498281897534478,0.3903472,Planctomycetia,class,
G_r022_indel_1pct,2,markers,0.47826087,0.9057971,0.8148148,1.1481482,0.7817235426469282,1.4692235426469282,352.0,0.7187980232609148,0.2729870557740699,0.0026537902600726206,0.13270609,Bacteria,superkingdom,
G_r025_chimera_40pct,3,markers + neural network,0.8333333,0.04347826,0.6388889,0.018518519,0.829004329004329,0.06493506493506493,231.0,0.7913749827676271,0.20243379965566488,0.0010171810533293494,0.43659595,Archaea,superkingdom,
G_r054_uneven_coverage_5pct,3,markers + neural network,0.36956522,0.050724637,0.7314815,0.083333336,0.6842105263157895,0.12854251012145748,247.0,0.6875493849205996,0.15727468539253256,0.0007410907473675486,0.30565694,Bacteria,superkingdom,
G_r067_indel_0p5pct,2,markers,0.47826087,0.5869565,1.0,1.1018518,0.9985590778097982,1.505115344132745,694.0,0.9536503070800435,0.19181998279352452,0.0025970373504644894,0.23936436,Weeksellaceae,family,
G_r007_indel_5pct,2,markers,0.24637681,0.38405797,0.44444445,0.6203704,0.6777481378293505,1.0839869861296791,561.0,0.7275954308696101,0.2446368485557902,0.002173448025556775,0.19670042,Borreliaceae,family,
G_r068_substitution_5pct,2,markers,0.28985506,0.3043478,0.6759259,0.33333334,0.8168437190287413,0.5571605429068075,1009.0,0.7786610135525885,0.3264572534905284,0.0020578700079928666,0.39709967,Campylobacter,genus,
G_r031_substitution_0p5pct,3,markers + neural network,0.6304348,0.02173913,0.4351852,0.046296295,0.616977194081182,0.018633540372670808,161.0,0.6454543980906557,0.03391741166786804,0.0008647401372203124,0.31119737,Archaea,superkingdom,
G_r079_indel_1pct,2,markers,0.48550725,0.82608694,0.9444444,1.212963,0.9898648648648649,1.7491554054054055,296.0,0.8771072742619704,0.19719836044829103,0.002514953271438735,0.13608663,Bacteria,superkingdom,
G_r011_substitution_0p1pct,3,markers + neural network,0.73913044,0.02173913,0.42592594,0.027777778,0.6888828741055782,0.022897196261682243,535.0,0.6829117302349256,0.011370732940098612,0.0010280316093978456,0.51377475,Sulfolobaceae,family,
G_r028_substitution_titv_2pct,3,markers + neural network,0.42753622,0.1521739,0.6851852,0.074074075,0.8471760797342193,0.21262458471760798,301.0,0.8494305224731975,0.2093489050786106,0.0011278391991210075,0.38868555,Bacteria,superkingdom,
G_r054_substitution_titv_0p5pct,3,markers + neural network,0.36956522,0.057971016,0.7314815,0.11111111,0.6613545816733067,0.17430278884462153,251.0,0.680023099051284,0.19609035791937335,0.0007679065798242229,0.29954496,Bacteria,superkingdom,
G_r078_uneven_coverage_20pct,3,markers + neural network,0.442029,0.08695652,0.8055556,0.10185185,0.7199747531877546,0.1693442081544674,859.0,0.6471598008062615,0.24172016396051066,0.0014208313538540119,0.48842525,Thermus,genus,
G_r014_indel_2pct,2,markers,0.4347826,0.70289856,0.6944444,1.0,0.6270491803278688,0.9262294367269833,854.0,0.716944390199806,0.31573091551810034,0.003350345224312695,0.16311711,Thermus,genus,
G_r034_indel_2pct,2,markers,0.4710145,0.64492756,0.8333333,1.0092592,0.8297297297297297,1.0891891891891892,185.0,0.7864031547692132,0.29735737186537226,0.0012297980495084113,0.18590415,Bacteria,superkingdom,
G_r075_substitution_titv_0p1pct,3,markers + neural network,0.9710145,0.11594203,0.5185185,0.11111111,0.8834307208750982,0.05469077488161483,636.0,0.8764725437588553,0.032071272882013724,0.0010361578082296922,0.62021625,Sulfolobaceae,family,
G_r077_indel_2pct,2,markers,0.36231884,0.36956522,0.6018519,0.41666666,0.6928104575163399,0.761437908496732,153.0,0.7353361777954539,0.24568834957006785,0.0014079461540876823,0.19275743,Bacteria,superkingdom,
G_r062_substitution_titv_1pct,3,markers + neural network,0.46376812,0.0942029,0.8055556,0.046296295,0.7018702038050485,0.06435643564356436,303.0,0.6774717393313067,0.10842093311042643,0.001335820810801606,0.4616417,Bacteria,superkingdom,
G_r079_indel_0p1pct,2,markers,0.48550725,0.19565217,0.9537037,0.25925925,1.0,0.44047619047619047,294.0,1.0,0.17644995714914763,0.0013717897286255431,0.32733247,Bacteria,superkingdom,
G_r037_substitution_5pct,2,markers,0.49275362,0.41304347,0.9444444,0.37962964,0.7660675547481363,0.38425926757014656,612.0,0.6491471931190754,0.23125766408365417,0.001426576077701196,0.3098043,Streptomyces,genus,
G_r032_substitution_1pct,3,markers + neural network,0.45652175,0.06521739,0.787037,0.074074075,0.8437826222386854,0.1154650027475387,319.0,0.8427236253678239,0.12147779450803284,0.001204786982657557,0.44502187,Bacteria,superkingdom,
G_r077_substitution_0p5pct,3,markers + neural network,0.4057971,0.036231883,0.7037037,0.037037037,0.8116438356164384,0.11301369863013698,146.0,0.7652549968518789,0.1943214058020917,0.0007826428786989151,0.3496584,Bacteria,superkingdom,
G_r027_uneven_coverage_10pct,2,markers,0.48550725,0.615942,0.8611111,0.7407407,0.8937621534916392,0.34936648363258405,342.0,0.8919679340198443,0.2159137072594092,0.0011795077330433253,0.42745245,Synergistales,order,
G_r019_substitution_0p1pct,3,markers + neural network,0.36956522,0.007246377,0.6574074,0.009259259,0.6584174878669508,0.023232323232323233,495.0,0.6225546113367115,0.04723212388968855,0.0009384537717253095,0.40483636,Acidobacteriaceae,family,
G_r003_chimera_5pct,3,markers + neural network,0.2753623,0.18115942,0.5462963,0.2037037,0.6385542168674698,0.1197289156626506,332.0,0.6278062932279035,0.1966274865784223,0.0009373747750101287,0.37350193,Bacteroidota,phylum,
G_r075_chimera_20pct,3,markers + neural network,0.9710145,0.10869565,0.5185185,0.083333336,0.8832204311708861,0.03591772272617002,632.0,0.8779461562433445,0.00778772494673529,0.0010248193810352595,0.63590944,Sulfolobaceae,family,
G_r035_indel_1pct,2,markers,0.4057971,0.5869565,0.7962963,0.8425926,0.6997167138810199,0.8047685920347911,353.0,0.7517740068343483,0.2933594843623187,0.002187344919517582,0.19524951,Bacteria,superkingdom,
G_r035_indel_2pct,2,markers,0.39130434,0.65217394,0.75,0.9074074,0.6452095808383234,0.8667664670658682,334.0,0.6840248507769996,0.28947183104003044,0.002130253335943004,0.18105178,Bacteria,superkingdom,
G_r064_uneven_coverage_10pct,3,markers + neural network,0.5072464,0.13768116,1.0,0.10185185,1.0,0.1395865953885592,728.0,1.0,0.129660881626195,0.0011462736664204956,0.5841528,Xanthomonadaceae,family,
G_r015_indel_5pct,2,markers,0.33333334,0.34057972,0.5925926,0.6111111,0.6125,0.7549479484558106,320.0,0.6350215177815405,0.31102110422557955,0.0011349647907130682,0.18911788,Planctomycetia,class,
G_r066_indel_2pct,2,markers,0.48550725,1.5072464,0.8703704,2.0277777,0.8372641509433962,1.5148024237702156,742.0,0.862738323981208,0.22835487224443263,0.002530527594845562,0.16022407,Micromonospora,genus,
G_r022_indel_5pct,2,markers,0.41304347,0.60144925,0.6944444,0.75,0.702922077922078,1.1704545454545454,308.0,0.6305282001632497,0.30524930970393643,0.0017845888967074424,0.17752603,Bacteria,superkingdom,
G_r001_substitution_0p5pct,3,markers + neural network,0.44927537,0.06521739,0.7407407,0.037037037,0.7301391334450219,0.05481400270691586,914.0,0.7085493214169114,0.09645949643651527,0.0012674624861292675,0.5477991,Lacticaseibacillus,genus,
G_r041_substitution_5pct,2,markers,0.23913044,0.1521739,0.6203704,0.3425926,0.6978021978021978,0.45238096635420244,182.0,0.7441156596013361,0.2861930913283083,0.001608976467149017,0.32685626,Bacteria,superkingdom,
G_r035_uneven_coverage_40pct,2,markers,0.41304347,0.7536232,0.8148148,1.1666666,0.7441860465116279,0.5968992248062015,258.0,0.7225919015394257,0.3013740805547284,0.0010553835554908738,0.3241134,Bacteria,superkingdom,
G_r024_substitution_titv_5pct,2,markers,0.51449275,0.44927537,0.9537037,0.7314815,0.8916913946587537,0.646389743340829,337.0,0.8050983119095307,0.2840306186862295,0.0011773450369578877,0.2896007,Myxococcota,phylum,
G_r028_substitution_2pct,3,markers + neural network,0.42028984,0.16666667,0.6666667,0.10185185,0.8310962139360056,0.23657718120805368,298.0,0.8183259194909585,0.21955290201392336,0.0011391553114867702,0.37060145,Bacteria,superkingdom,
G_r026_none_control,3,markers + neural network,0.6666667,0.26811594,0.8611111,0.25,0.9,0.15222222222222223,225.0,0.88066195821382,0.19383231788238311,0.0007582719838513734,0.3458367,Bacteria,superkingdom,
G_r069_none_control,3,markers + neural network,0.4347826,0.11594203,0.8611111,0.1388889,0.7504051863857374,0.07293354943273905,617.0,0.7125134556306145,0.12635332511241043,0.001164826553654137,0.49582607,Cyanobacteriota,phylum,
G_r058_indel_0p5pct,2,markers,0.9347826,0.8695652,0.5277778,0.5648148,0.9047085201793722,1.0517189470641817,446.0,0.9200904980629826,0.27005049089179534,0.0018532343195421267,0.2747405,Methanobacteriaceae,family,
G_r029_indel_2pct,2,markers,0.24637681,0.34057972,0.4351852,0.5555556,0.5534787282022732,0.9641744548286605,321.0,0.6265503085966513,0.36493063345719795,0.0030909093068074815,0.16935848,Bacteria,superkingdom,
G_r021_none_control,3,markers + neural network,0.5,0.06521739,0.9537037,0.027777778,1.0,0.045857991927709334,507.0,1.0,0.033925862692457204,0.0012008324011853492,0.67255783,Thermotogales,order,
G_r015_uneven_coverage_10pct,3,markers + neural network,0.4057971,0.036231883,0.8425926,0.018518519,0.7303763112714213,0.057526883771342616,310.0,0.6795527292356429,0.053330096689138386,0.0008030172134922115,0.38430622,Planctomycetia,class,
G_r017_chimera_10pct,3,markers + neural network,0.2536232,0.11594203,0.5648148,0.046296295,0.6741737821208897,0.08578980146948971,536.0,0.6291747362154981,0.14922874331018124,0.0012251342544321274,0.41851658,Geobacteraceae,family,
G_r051_indel_1pct,2,markers,0.5,1.0072464,0.8981481,1.1111112,0.9308942638321092,1.3263858363792267,451.0,0.8735197966455689,0.20621786022108396,0.0019624880704435885,0.19245392,Bacteria,superkingdom,
G_r007_substitution_0p5pct,3,markers + neural network,0.2753623,0.050724637,0.5648148,0.09259259,0.7927816686495929,0.10554576927507428,568.0,0.7764860052699729,0.17994373913507256,0.0012384343833143757,0.5938476,Borrelia,genus,
G_r011_indel_5pct,2,markers,0.5289855,0.47826087,0.30555555,0.30555555,0.5271376568338145,0.5840579489003057,460.0,0.6578909551450488,0.2729685023723775,0.001443229017628747,0.21926077,Sulfolobaceae,family,
G_r072_substitution_titv_5pct,2,markers,0.38405797,0.20289855,0.7222222,0.2777778,0.68278733919027,0.3457969255959348,801.0,0.6689050386037609,0.28146205302916927,0.0016850544538649828,0.3756423,Fusobacterium,genus,
G_r023_indel_5pct,2,markers,0.71014494,0.5,0.42592594,0.4074074,0.7186666870117188,0.6871000366210938,500.0,0.6989483903695373,0.2727704857001212,0.0014975971559855784,0.27125606,Methanobacteriaceae,family,
G_r006_indel_1pct,2,markers,0.442029,0.7536232,0.9351852,1.0925926,0.9945054945054945,1.945054945054945,182.0,0.9048943603300034,0.18827261832347275,0.0032346876937329777,0.1535931,Bacteria,superkingdom,
G_r066_indel_1pct,2,markers,0.49275362,1.3333334,0.8981481,1.8425926,0.8675294355912642,1.4678871848366477,792.0,0.8948124952764006,0.23754831661832426,0.0024725690337648438,0.16997504,Micromonospora,genus,
G_r002_indel_0p5pct,2,markers,0.36956522,0.3115942,0.8148148,0.5740741,0.7950503178926189,0.6258700696055685,431.0,0.7917097547418714,0.2518323296444191,0.0020192123965033764,0.25746548,Microbacteriaceae,family,
G_r063_indel_2pct,2,markers,0.5,0.85507244,0.8703704,0.9537037,0.9307116104868914,1.496878863273935,267.0,0.8737384867837136,0.28813062496928704,0.0019483916927702015,0.19553395,Bacteria,superkingdom,
G_r032_substitution_0p1pct,3,markers + neural network,0.45652175,0.050724637,0.7962963,0.0,0.8429292621034564,0.06212121212121212,330.0,0.8449474075312778,0.0707380685646582,0.0011140282443074755,0.4895043,Bacteria,superkingdom,
G_r063_substitution_titv_0p1pct,3,markers + neural network,0.5072464,0.06521739,0.9259259,0.009259259,0.9827586206896551,0.01206896551724138,290.0,0.9626588244324219,0.003790288105638029,0.0009914810178466584,0.48379502,Bacteria,superkingdom,
G_r032_chimera_20pct,3,markers + neural network,0.45652175,0.04347826,0.7962963,0.0,0.8429292621034564,0.03939393939393939,330.0,0.838958381044328,0.03740035525120099,0.001105563698761872,0.49814633,Bacteria,superkingdom,
G_r007_indel_0p5pct,2,markers,0.2753623,0.3768116,0.5648148,0.6759259,0.7914605561920274,1.0950823133488847,566.0,0.8065443386966398,0.25283519916272557,0.00243607750849717,0.2224588,Borrelia,genus,
G_r026_chimera_40pct,3,markers + neural network,0.6666667,0.26811594,0.8611111,0.25,0.9,0.15222222222222223,225.0,0.88066195821382,0.19383231788238314,0.0007582719838513734,0.3458367,Bacteria,superkingdom,
G_r063_chimera_10pct,3,markers + neural network,0.5072464,0.06521739,0.9351852,0.0,0.9817518248175182,0.0072992700729927005,274.0,0.9591189814867416,0.005857240907244529,0.0009859420177469563,0.48748222,Bacteria,superkingdom,
G_r017_substitution_2pct,3,markers + neural network,0.2536232,0.16666667,0.5648148,0.1574074,0.6708644468392899,0.2559390566242275,536.0,0.6243119021009409,0.2622394593145363,0.001436160593998122,0.339918,Geobacteraceae,family,
G_r037_chimera_40pct,3,markers + neural network,0.49275362,0.1521739,0.9444444,0.12037037,0.7681704413621946,0.08671679389207883,665.0,0.6964692251510476,0.09789475787440097,0.0011126009563119572,0.42125803,Streptomyces,genus,
G_r077_uneven_coverage_10pct,3,markers + neural network,0.4057971,0.04347826,0.712963,0.055555556,0.8105095541401274,0.10828025477707007,157.0,0.7624294316303674,0.21830936458210998,0.000764677230324803,0.34278148,Bacteria,superkingdom,
G_r057_substitution_titv_0p1pct,3,markers + neural network,0.5217391,0.072463766,0.9814815,0.037037037,0.9385714285714286,0.013571428571428571,350.0,0.936124897452953,0.012638477954169301,0.0009604140091346913,0.60337764,Bacteria,superkingdom,
G_r049_indel_0p1pct,3,markers + neural network,0.24637681,0.10144927,0.5740741,0.16666667,0.7050120920374774,0.2155072419539742,690.0,0.6621269187801262,0.2500359333217579,0.0013582209550482183,0.40193236,Deinococcus,genus,
G_r056_substitution_titv_1pct,3,markers + neural network,0.5,0.21014492,0.9259259,0.35185185,0.9233931468741241,0.23542602607487564,446.0,0.9171382109246664,0.2594968655843734,0.0013904403848684988,0.427083,Thermotogae,class,
G_r061_uneven_coverage_10pct,3,markers + neural network,0.44927537,0.0942029,0.8518519,0.037037037,0.8523391455934759,0.1,285.0,0.8293262566309663,0.1070465404030192,0.0007317485524701571,0.37801716,Bacteria,superkingdom,
G_r032_substitution_0p5pct,3,markers + neural network,0.45652175,0.072463766,0.7962963,0.083333336,0.8338658146964856,0.11182108626198083,313.0,0.8303426507304823,0.1274523045280988,0.0011742205681873222,0.460679,Bacteria,superkingdom,
G_r070_uneven_coverage_20pct,2,markers,0.13768116,0.04347826,0.3611111,0.046296295,0.47977347512847013,0.08737864077669903,206.0,0.6497259080782636,0.1186399583957993,0.001053793657165797,0.35529143,Bacteria,superkingdom,
G_r067_substitution_titv_0p1pct,3,markers + neural network,0.47826087,0.06521739,1.0,0.055555556,0.9992435703479576,0.059127588315377975,661.0,1.0,0.08869277130296543,0.0011477696403528442,0.6876697,Weeksellaceae,family,
G_r057_chimera_5pct,3,markers + neural network,0.5217391,0.072463766,0.9814815,0.027777778,0.9355300859598854,0.0,349.0,0.9308343994090938,0.0,0.0009531487300431865,0.61077005,Bacteria,superkingdom,
G_r078_none_control,3,markers + neural network,0.442029,0.04347826,0.8055556,0.0,0.7070492430229407,0.007610789613227624,865.0,0.6977742353847678,0.0,0.0013958969329811296,0.5859698,Thermus,genus,
G_r075_uneven_coverage_20pct,3,markers + neural network,0.9710145,0.38405797,0.5185185,0.25925925,0.8869782391716452,0.15578430400175206,680.0,0.8672209917656635,0.13852334305552286,0.0010179147175713667,0.5345829,Sulfolobaceae,family,
G_r034_none_control,3,markers + neural network,0.49275362,0.06521739,0.9351852,0.009259259,0.9293478260869565,0.021739130434782608,184.0,0.8898042798474749,0.06950099779213262,0.0007298529289966253,0.4244397,Bacteria,superkingdom,
G_r040_substitution_titv_0p1pct,3,markers + neural network,0.41304347,0.11594203,0.7685185,0.12962963,0.714865534998692,0.09474885844748858,657.0,0.6952371027966114,0.11569928471004312,0.0010077686407508385,0.36662936,Cyanophyceae,class,
G_r059_substitution_titv_0p5pct,3,markers + neural network,0.29710144,0.11594203,0.6111111,0.009259259,0.6972789115646258,0.047619047619047616,294.0,0.6805917264012527,0.036837636406400635,0.0011357728980633953,0.39822686,Bacteria,superkingdom,
G_r024_indel_0p5pct,2,markers,0.5217391,1.1086956,0.962963,1.6574074,0.9014705882352941,1.4727942074046416,340.0,0.8465572181535919,0.2745362118367597,0.00186960310724242,0.1641374,Myxococcota,phylum,
G_r039_chimera_20pct,3,markers + neural network,0.35507247,0.11594203,0.6018519,0.018518519,0.6562781654327754,0.068297103459656,1012.0,0.6402043887673919,0.18315083522054543,0.0012970684879612829,0.52787954,Campylobacter,genus,
G_r024_none_control,3,markers + neural network,0.5217391,0.28985506,0.962963,0.4537037,0.904331003706859,0.22080432511261058,431.0,0.8695869763208997,0.16641873153022455,0.0009173158214429702,0.394311,Myxococcales,order,
G_r047_substitution_titv_0p5pct,2,markers,0.19565217,0.10869565,0.4537037,0.1574074,0.5978428351309707,0.10644581799147125,649.0,0.6207518558766325,0.16408715283763603,0.001221220502137136,0.41807553,Chlorobiaceae,family,
G_r030_indel_5pct,2,markers,0.3188406,0.23913044,0.5462963,0.3425926,0.6172529057641725,0.45226130653266333,199.0,0.7326275652096766,0.20725129841787243,0.0007106977769627925,0.21608046,Bacteria,superkingdom,
G_r025_chimera_20pct,3,markers + neural network,0.8333333,0.04347826,0.6388889,0.018518519,0.829004329004329,0.06493506493506493,231.0,0.7913749827676271,0.20243379965566488,0.0010171810533293494,0.43659595,Archaea,superkingdom,
G_r005_chimera_20pct,3,markers + neural network,0.32608697,0.050724637,0.6018519,0.018518519,0.6253333423755787,0.011604937800654658,675.0,0.6376440325352521,0.03630409893045492,0.0011791373938836536,0.47954074,Synechococcales,order,
G_r033_substitution_titv_5pct,2,markers,0.23188406,0.10869565,0.37037036,0.18518518,0.5406060236150568,0.2509090909090909,275.0,0.6494201373852504,0.22286733574196405,0.0015089509389800135,0.27361482,Bacteria,superkingdom,
G_r033_none_control,2,markers,0.24637681,0.050724637,0.4074074,0.037037037,0.5761648745519713,0.043010752688172046,279.0,0.6341287256395516,0.10875529799082378,0.0012302741053632491,0.38011053,Bacteria,superkingdom,
G_r050_indel_0p5pct,2,markers,0.4710145,0.5942029,0.8796296,0.7592593,0.8308208216374843,0.9281826306827105,398.0,0.8080184147566303,0.27527303727174907,0.0015134659742166762,0.2207895,Planctomycetia,class,
G_r029_chimera_5pct,2,markers,0.26086956,0.0,0.44444445,0.037037037,0.5903723610194568,0.01634877384196185,367.0,0.6319611294074259,0.018709366835581935,0.0013179501244928564,0.4224574,Bacteria,superkingdom,
G_r039_substitution_1pct,3,markers + neural network,0.35507247,0.18115942,0.6018519,0.083333336,0.6554863044126301,0.18434093161546086,1009.0,0.6361768108281614,0.2887899146564883,0.0015153054081579432,0.4505279,Campylobacter,genus,
G_r022_substitution_0p5pct,3,markers + neural network,0.48550725,0.10869565,0.8240741,0.083333336,0.8052147239263804,0.17331288343558282,326.0,0.7709595417227203,0.2450133789192984,0.0010783429365599391,0.40069577,Bacteria,superkingdom,
G_r056_none_control,3,markers + neural network,0.5,0.1521739,0.9351852,0.23148148,0.9249585659349736,0.139303473097768,402.0,0.9098005146234793,0.24056191484102016,0.0012765390183895864,0.47686118,Thermotogae,class,
G_r022_substitution_1pct,3,markers + neural network,0.48550725,0.13768116,0.8148148,0.12037037,0.8021472392638037,0.23006134969325154,326.0,0.7551707104896793,0.24992501058537409,0.0011362267399665626,0.3770804,Bacteria,superkingdom,
G_r055_uneven_coverage_40pct,2,markers,0.5072464,0.6376812,0.9814815,0.8888889,0.9327138952306799,0.7286036723368877,592.0,0.8911169351205461,0.2860470730380279,0.0011976841439371303,0.22865851,Desulfovibrionaceae,family,
G_r052_substitution_titv_0p1pct,3,markers + neural network,0.20289855,0.04347826,0.5,0.009259259,0.6857923914174564,0.01092896174863388,366.0,0.6681091826882382,0.0,0.0011504963131523862,0.4368579,Bacteria,superkingdom,
G_r056_substitution_5pct,2,markers,0.49275362,0.45652175,0.9074074,0.7037037,0.8922955495006634,0.6236241898446713,424.0,0.8137041047757579,0.2580347750251879,0.0017962667350637342,0.28955567,Thermotogae,class,
G_r012_none_control,3,markers + neural network,0.28985506,0.057971016,0.6203704,0.06481481,0.6309951672451102,0.05575539568345324,278.0,0.6386058058171185,0.13117157420302764,0.0011835821443663395,0.37485376,Bacteria,superkingdom,
G_r049_substitution_0p1pct,3,markers + neural network,0.24637681,0.028985508,0.5740741,0.009259259,0.7097305023741579,0.01696606881604223,668.0,0.7106946557810063,0.006552302354593954,0.001093670530875673,0.5116987,Deinococcus,genus,
G_r065_indel_2pct,2,markers,0.49275362,1.1304348,0.9722222,1.7314814,0.9477886977886978,1.9982550243780712,814.0,0.8815857722639577,0.12959804384053453,0.0038694134908989967,0.17163686,Streptococcus,genus,
G_r029_indel_0p5pct,2,markers,0.26086956,0.1884058,0.44444445,0.35185185,0.5727777608235677,0.5944444783528646,300.0,0.6958518387677107,0.3246813166555624,0.002561283182688243,0.20667726,Bacteria,superkingdom,
G_r060_none_control,2,markers,0.46376812,0.014492754,0.2037037,0.0,0.5769720295913346,0.019083969465648856,262.0,0.6341090586845892,0.047199891494640024,0.0011218306308079114,0.3667904,Archaea,superkingdom,
G_r042_substitution_0p1pct,3,markers + neural network,0.2826087,0.06521739,0.5833333,0.009259259,0.689434370261961,0.031820905604880885,1113.0,0.6825186575919163,0.048906439158754714,0.0009210532507438854,0.55746305,Leptospira,genus,
G_r024_substitution_titv_2pct,2,markers,0.51449275,0.39855072,0.9537037,0.5925926,0.8962103540548869,0.41299303944315546,431.0,0.8275685502994944,0.2327369477495301,0.0010819214716313124,0.3329986,Myxococcales,order,
G_r029_substitution_2pct,2,markers,0.24637681,0.04347826,0.44444445,0.11111111,0.5643939228800984,0.13636363636363635,308.0,0.6483295504966862,0.16023859390383835,0.001569666724846447,0.3444942,Bacteria,superkingdom,
G_r062_substitution_1pct,3,markers + neural network,0.46376812,0.0942029,0.8055556,0.074074075,0.7186739844997434,0.07116788321167883,274.0,0.6935377821611195,0.10821813818772473,0.0013755548575818237,0.44705066,Bacteria,superkingdom,
G_r062_indel_2pct,2,markers,0.46376812,0.9347826,0.7592593,1.1481482,0.7014388489208633,1.2691845790945369,278.0,0.6795442435549449,0.2945369554289575,0.0033408225435527105,0.15448846,Bacteria,superkingdom,
G_r047_chimera_20pct,2,markers,0.19565217,0.08695652,0.46296296,0.1574074,0.5957556777859326,0.07129917381713109,644.0,0.6139916627695393,0.13232695298573605,0.001174295046409855,0.43593442,Chlorobiaceae,family,
G_r041_substitution_titv_0p5pct,3,markers + neural network,0.23913044,0.014492754,0.6296296,0.009259259,0.7120418848167539,0.049738219895287955,191.0,0.7142872778531928,0.0958055098939053,0.0010768380472118688,0.5044319,Bacteria,superkingdom,
G_r032_uneven_coverage_20pct,3,markers + neural network,0.45652175,0.04347826,0.7962963,0.083333336,0.8494104710422529,0.07824222527899542,311.0,0.8681455382369248,0.057079936395636334,0.0010823647435947677,0.44978607,Bacteria,superkingdom,
G_r003_indel_5pct,2,markers,0.2536232,0.5797101,0.4537037,0.8518519,0.5282131661442007,0.8918495297805643,319.0,0.5463264108700484,0.3291208318881785,0.00133196807528288,0.17721322,Bacteroidota,phylum,
G_r075_none_control,3,markers + neural network,0.9710145,0.10869565,0.5185185,0.083333336,0.8832204311708861,0.03591772272617002,632.0,0.8779461562433445,0.007787724946735283,0.0010248193810352595,0.63590944,Sulfolobaceae,family,
G_r049_chimera_10pct,3,markers + neural network,0.24637681,0.028985508,0.5740741,0.0,0.7102295652834955,0.012724550898203593,668.0,0.710739546352545,0.00023642775469368688,0.0010849015240533856,0.5166771,Deinococcus,genus,
G_r024_indel_0p1pct,2,markers,0.5217391,0.54347825,0.962963,0.8240741,0.9047950691524071,0.5663959476621411,431.0,0.8430040543618691,0.27089951128658735,0.0012381528291150292,0.29414046,Myxococcales,order,
G_r054_indel_5pct,2,markers,0.26086956,0.1521739,0.4537037,0.2777778,0.4811320754716981,0.5400943396226415,212.0,0.6255294936364884,0.24755582608013899,0.0008102111090875006,0.1690079,Bacteria,superkingdom,
G_r063_substitution_titv_5pct,2,markers,0.4710145,0.23913044,0.9166667,0.24074075,0.959866220735786,0.3305462738343306,299.0,0.9893962934604366,0.22649479771925451,0.0011180258662783118,0.3659987,Bacteria,superkingdom,
G_r031_substitution_titv_5pct,2,markers,0.48550725,0.072463766,0.3425926,0.046296295,0.4891304347826087,0.11096015183821968,184.0,0.6663424288976724,0.09569361506307247,0.0009104876799635805,0.24081774,Archaea,superkingdom,
G_r033_indel_5pct,2,markers,0.22463769,0.3188406,0.30555555,0.33333334,0.42857142857142855,0.599624060150376,266.0,0.5977854187739448,0.29813234861668936,0.0020934794916546095,0.1704013,Bacteria,superkingdom,
G_r070_substitution_titv_0p1pct,2,markers,0.13768116,0.014492754,0.3611111,0.0,0.4966832630669893,0.024875621890547265,201.0,0.6219009077674164,0.08142956027114479,0.0010768995934669024,0.4035513,Bacteria,superkingdom,
G_r042_indel_2pct,2,markers,0.2753623,0.7246377,0.5555556,0.9444444,0.6973500910164422,1.6338737200493594,956.0,0.735175708303367,0.21918348311090563,0.002853538632547152,0.12703687,Leptospira,genus,
G_r049_substitution_titv_5pct,3,markers + neural network,0.23913044,0.10144927,0.5555556,0.12037037,0.6802842387652606,0.1835763002623622,686.0,0.6587564293564185,0.207146997680111,0.00123397464003227,0.39722732,Deinococcus,genus,
G_r039_uneven_coverage_20pct,3,markers + neural network,0.35507247,0.1521739,0.6018519,0.074074075,0.6597284007920579,0.17618575868870429,1012.0,0.6518596746430354,0.2503119854492812,0.001306219181748618,0.47704378,Campylobacter,genus,
G_r004_uneven_coverage_5pct,3,markers + neural network,0.44927537,0.08695652,0.8703704,0.055555556,0.8445698399697581,0.07862903841080204,620.0,0.8357726891477668,0.07783744267658162,0.0012404002598801664,0.6407223,Helicobacter,genus,
G_r017_substitution_0p5pct,3,markers + neural network,0.2536232,0.1521739,0.5648148,0.1388889,0.6714146833011613,0.1622243948019896,514.0,0.6225219653148346,0.2349948829304918,0.0012927414487565363,0.3933789,Geobacteraceae,family,
G_r007_substitution_titv_5pct,2,markers,0.2753623,0.14492753,0.5648148,0.16666667,0.7831812949076186,0.3604623000987255,548.0,0.7243183195918861,0.2848072492086391,0.0014950974548280007,0.43857095,Borreliaceae,family,
G_r025_indel_0p5pct,2,markers,0.82608694,0.71014494,0.6388889,0.6203704,0.8361344537815126,0.9782912951557576,238.0,0.7658376553271855,0.2724074066274025,0.002190015401947285,0.1966201,Archaea,superkingdom,
G_r027_indel_0p1pct,3,markers + neural network,0.48550725,0.21014492,0.8611111,0.1574074,0.8908381768834521,0.2223196866219504,342.0,0.9049023957957316,0.1807513967240342,0.0014678645140084078,0.39525267,Synergistales,order,
G_r012_indel_0p1pct,2,markers,0.28985506,0.14492753,0.6203704,0.23148148,0.5651134641367047,0.2066905524141045,279.0,0.6352876893833026,0.22769928219881488,0.0015220332206762215,0.28551367,Bacteria,superkingdom,
G_r022_substitution_titv_0p1pct,3,markers + neural network,0.48550725,0.08695652,0.8240741,0.055555556,0.8170347003154574,0.13249211356466878,317.0,0.7861054948766093,0.23637170235377047,0.001031036884029653,0.42134762,Bacteria,superkingdom,
G_r018_substitution_2pct,2,markers,0.9782609,0.45652175,0.6851852,0.6296296,0.9444988566144208,0.39245474543102815,641.0,0.9225184821431374,0.2790877598059997,0.001475952741655342,0.44962192,Thermococcus,genus,
G_r020_indel_5pct,2,markers,0.17391305,0.17391305,0.3611111,0.28703704,0.4014105510074471,0.34558275388450027,449.0,0.6327815484999759,0.20076932814973528,0.0012958400374213318,0.19209561,Desulfovibrionales,order,
G_r064_substitution_2pct,3,markers + neural network,0.5072464,0.17391305,0.9907407,0.11111111,0.9890162077196006,0.1952483168987285,698.0,1.0,0.18866951322085906,0.0012729096143298075,0.5544594,Xanthomonadaceae,family,
G_r072_substitution_titv_0p1pct,3,markers + neural network,0.39130434,0.050724637,0.7314815,0.009259259,0.6842367682658451,0.02880921895006402,781.0,0.6750714062594687,0.06322931533938028,0.001192545555594972,0.5513501,Fusobacterium,genus,
G_r026_substitution_2pct,2,markers,0.6594203,0.35507247,0.8240741,0.3611111,0.8911917098445595,0.3242659889972272,193.0,0.8570904234013873,0.1814476766564317,0.0008411468048058695,0.2947754,Bacteria,superkingdom,
G_r044_indel_0p5pct,2,markers,0.9637681,1.0652174,0.787037,0.8333333,0.8597701149425288,1.0706896551724139,435.0,0.7899099132487823,0.2562472316256314,0.0022777526253734536,0.19044265,Halobacteria,class,
G_r023_substitution_titv_0p5pct,3,markers + neural network,0.9927536,0.028985508,0.5462963,0.037037037,0.9945553539019963,0.05732002535229802,551.0,1.0,0.05567908203127511,0.0012015727680167176,0.62539893,Methanobacteriaceae,family,
G_r036_substitution_titv_2pct,2,markers,0.26086956,0.028985508,0.5462963,0.083333336,0.5953029862106017,0.15353390275578102,698.0,0.6112495429068983,0.21387951627607246,0.0015792079769279908,0.39760384,Leuconostoc,genus,
G_r036_uneven_coverage_20pct,2,markers,0.26086956,0.036231883,0.5462963,0.009259259,0.5922338570306912,0.09752027432464905,699.0,0.6216185150265617,0.1454701690279391,0.0013065571023410934,0.4213899,Leuconostoc,genus,
G_r006_uneven_coverage_40pct,2,markers,0.44927537,0.21014492,0.9351852,0.41666666,1.0,0.44376279678812786,326.0,1.0,0.32296872119663633,0.0010686212857168626,0.40821528,Chlamydiia,class,
G_r012_substitution_titv_2pct,2,markers,0.28985506,0.06521739,0.6203704,0.12962963,0.5954724409448819,0.1594488188976378,254.0,0.6382921008298847,0.21099676609023799,0.0013351327253024851,0.32555318,Bacteria,superkingdom,
G_r063_substitution_titv_2pct,3,markers + neural network,0.5072464,0.123188406,0.9259259,0.09259259,0.9635761589403974,0.16225165562913907,302.0,0.9931121825097763,0.1421444042732791,0.001074139942411442,0.41793755,Bacteria,superkingdom,
G_r032_chimera_10pct,3,markers + neural network,0.45652175,0.04347826,0.7962963,0.0,0.8429292621034564,0.03939393939393939,330.0,0.838958381044328,0.03740035525120099,0.001105563698761872,0.49814633,Bacteria,superkingdom,
G_r025_uneven_coverage_20pct,3,markers + neural network,0.8333333,0.17391305,0.6388889,0.083333336,0.8495370370370371,0.25848766609474466,216.0,0.8079706060696787,0.26188219959786163,0.0010082012157373724,0.33636436,Archaea,superkingdom,
G_r005_chimera_40pct,3,markers + neural network,0.32608697,0.050724637,0.6018519,0.018518519,0.6253333423755787,0.011604937800654658,675.0,0.6376440325352521,0.03630409893045492,0.0011791373938836536,0.47954074,Synechococcales,order,
G_r042_substitution_0p5pct,3,markers + neural network,0.2826087,0.10869565,0.5833333,0.0,0.6956435795907332,0.07492410767490963,1098.0,0.6746744835010142,0.11184572157667988,0.0009881872410910215,0.52766985,Leptospira,genus,
G_r021_indel_1pct,2,markers,0.49275362,0.76811594,0.8888889,1.074074,0.9692460317460317,1.3819444444444444,504.0,0.9293588337129803,0.19712604048492133,0.0026430818827471157,0.24722554,Thermotogales,order,
G_r004_indel_2pct,2,markers,0.442029,0.9347826,0.8518519,1.5185186,0.8262481161467344,1.9564012573664575,578.0,0.7952905844107699,0.1363182596398549,0.0041964779612026215,0.14455226,Campylobacterales,order,
G_r055_chimera_5pct,3,markers + neural network,0.5072464,0.21014492,0.9814815,0.23148148,0.9175691570185582,0.248796648927544,554.0,0.8934864568356108,0.2508669487201217,0.0011862448109993904,0.4299132,Desulfovibrionaceae,family,
G_r065_uneven_coverage_10pct,3,markers + neural network,0.49275362,0.10144927,1.0,0.1574074,1.0,0.13658037161152897,778.0,1.0,0.11961000949449782,0.0013723663271944795,0.63499016,Streptococcus,genus,
G_r006_substitution_titv_5pct,2,markers,0.4347826,0.22463769,0.9351852,0.35185185,0.9907834101382489,0.5806451612903226,217.0,0.989101894157935,0.2637904533459258,0.0016057933960440356,0.40405703,Bacteria,superkingdom,
G_r038_substitution_0p1pct,3,markers + neural network,0.32608697,0.14492753,0.712963,0.3888889,0.7097860213813432,0.23351489075826942,872.0,0.6298283866478857,0.2399139476507257,0.0011101604847996826,0.353732,Bacteroides,genus,
G_r001_chimera_5pct,3,markers + neural network,0.44927537,0.04347826,0.7407407,0.0,0.7333485118129797,0.02129020607262327,912.0,0.721041758817401,0.035632511624587006,0.001209829763916244,0.5690119,Lacticaseibacillus,genus,
G_r043_indel_5pct,2,markers,0.45652175,0.9492754,0.9074074,1.75,0.873786937374909,1.8284329299149382,687.0,0.8246073625532435,0.2109012903668503,0.0024142593205047232,0.19222341,Leptotrichia,genus,
G_r020_uneven_coverage_40pct,2,markers,0.19565217,0.13043478,0.46296296,0.2777778,0.5541140994510135,0.2006005914361627,555.0,0.6402640999489018,0.20689575224473228,0.00119757900096626,0.29310104,Desulfovibrionaceae,family,
G_r037_substitution_1pct,3,markers + neural network,0.49275362,0.17391305,0.9444444,0.1574074,0.7662261835557197,0.14510894053834536,719.0,0.6826202612820516,0.13942149569140153,0.001203413964963926,0.39559644,Streptomyces,genus,
G_r030_substitution_1pct,3,markers + neural network,0.41304347,0.11594203,0.787037,0.09259259,0.8077485603198671,0.10087719298245613,228.0,0.7826460794569892,0.10156462104109429,0.0007537364816407921,0.35315365,Bacteria,superkingdom,
G_r032_substitution_5pct,2,markers,0.442029,0.18115942,0.7222222,0.24074075,0.8143939038256666,0.3700466289386883,286.0,0.7817315224186188,0.22541675334013583,0.0014667176420409525,0.34407005,Bacteria,superkingdom,
G_r071_chimera_20pct,3,markers + neural network,0.48550725,0.08695652,0.8888889,0.018518519,0.8884333180328273,0.016824395874697327,317.0,0.8748432476007442,0.004398230538248553,0.0010023254326320661,0.52014995,Treponema,genus,
G_r064_none_control,3,markers + neural network,0.5072464,0.10144927,1.0,0.0,1.0,0.014194140067467323,728.0,1.0,0.007758467133773261,0.0011333504266291912,0.6805078,Xanthomonadaceae,family,
G_r018_indel_0p1pct,2,markers,0.98550725,0.5942029,0.6851852,0.6851852,0.953928084027504,0.48171847851870564,634.0,0.9353753331927244,0.2807426330770091,0.0015873561211869097,0.41356918,Thermococcus,genus,
G_r062_indel_5pct,2,markers,0.41304347,0.4710145,0.6759259,0.5833333,0.6472868217054264,0.7635658914728682,258.0,0.6931889656569453,0.29063961869674343,0.0021056720713721303,0.21402949,Bacteria,superkingdom,
G_r064_substitution_titv_0p1pct,3,markers + neural network,0.5072464,0.10869565,1.0,0.0,0.9985795454545454,0.0201231065121564,704.0,1.0,0.0163358131655129,0.0011395169953880558,0.6738216,Xanthomonadaceae,family,
G_r073_uneven_coverage_10pct,3,markers + neural network,0.7173913,0.3188406,0.4351852,0.23148148,0.7473628691983122,0.21483826134275283,474.0,0.671528846341476,0.24833774598791522,0.0010496405230834682,0.3938873,Methanomicrobiaceae,family,
G_r042_uneven_coverage_5pct,3,markers + neural network,0.2826087,0.06521739,0.5833333,0.027777778,0.6908804592739218,0.06678646529781208,1113.0,0.6684096001203703,0.0948972333927558,0.0009082657561700823,0.54822314,Leptospira,genus,
G_r020_substitution_1pct,2,markers,0.19565217,0.10144927,0.4537037,0.06481481,0.5367102197052867,0.06862745098039216,459.0,0.6143871489012229,0.09465663908162089,0.0012195299849746904,0.35233098,Desulfovibrionales,order,
G_r052_substitution_1pct,3,markers + neural network,0.1884058,0.04347826,0.5,0.018518519,0.6821808510638298,0.06981382978723404,376.0,0.6627341862713347,0.08232802407968992,0.001206158420493473,0.40641743,Bacteria,superkingdom,
G_r051_chimera_20pct,3,markers + neural network,0.5072464,0.1521739,0.9444444,0.12037037,0.9832826747720365,0.11550151975683891,329.0,0.9997402484317153,0.1071556408184029,0.0010046753761166793,0.42906174,Bacteria,superkingdom,
G_r048_substitution_titv_1pct,3,markers + neural network,0.3188406,0.050724637,0.6666667,0.018518519,0.7808441558441559,0.07900432487586875,154.0,0.7565450463242036,0.14442454963816156,0.0009227348871197976,0.3868551,Bacteria,superkingdom,
G_r035_indel_5pct,2,markers,0.32608697,0.41304347,0.537037,0.5925926,0.55,0.5576923076923077,260.0,0.6872362781581314,0.29562540177329827,0.0012892507255697976,0.21818648,Bacteria,superkingdom,
G_r072_uneven_coverage_10pct,3,markers + neural network,0.39130434,0.057971016,0.7314815,0.027777778,0.6877048118997832,0.09128459944600953,807.0,0.6576922978987496,0.16526133245640898,0.0011889443227908587,0.5148191,Fusobacterium,genus,
G_r069_chimera_20pct,3,markers + neural network,0.4347826,0.11594203,0.8611111,0.1388889,0.7504051863857374,0.07293354943273905,617.0,0.7125134556306145,0.12635332511241043,0.001164826553654137,0.49582607,Cyanobacteriota,phylum,
G_r047_substitution_titv_2pct,2,markers,0.1884058,0.14492753,0.4537037,0.2685185,0.5876035038728892,0.2035455644500922,644.0,0.6120984480172569,0.2427620111583849,0.0013521483168823887,0.35713026,Chlorobiaceae,family,
G_r043_none_control,3,markers + neural network,0.5072464,0.1884058,1.0,0.2962963,1.0,0.14815078453183345,703.0,0.9969378494558401,0.17958833966291632,0.0011241916531074183,0.6396653,Leptotrichia,genus,
G_r049_uneven_coverage_20pct,3,markers + neural network,0.24637681,0.06521739,0.5740741,0.12037037,0.7121730918721023,0.17955302239824805,701.0,0.6461139120322719,0.26479276164075843,0.0010838492432347112,0.4059973,Deinococcus,genus,
G_r074_chimera_10pct,3,markers + neural network,0.4347826,0.028985508,0.7962963,0.0,0.8876651982378855,0.04478707922712822,227.0,0.8677156607798968,0.1659717528670035,0.0010831531104561953,0.4839902,Bacteria,superkingdom,
G_r000_chimera_40pct,3,markers + neural network,0.42028984,0.1521739,0.6759259,0.18518518,0.6510355780014446,0.10270005943131273,1644.0,0.6270883076464987,0.1725577056530794,0.0012996201959893934,0.44373822,Klebsiella,genus,
G_r016_chimera_5pct,3,markers + neural network,0.46376812,0.13768116,0.8981481,0.14814815,0.8908521609198778,0.07518796992481203,266.0,0.8830149524540336,0.14057058634783604,0.001350300086241794,0.5365769,Bacteria,superkingdom,
G_r032_indel_5pct,2,markers,0.38405797,0.442029,0.5833333,0.5555556,0.6962718963623047,0.9350328947368421,304.0,0.679525929931391,0.32486315007203326,0.0017080378861891055,0.2027348,Bacteria,superkingdom,
G_r063_indel_5pct,2,markers,0.42028984,0.4710145,0.6666667,0.5185185,0.7863849765258216,0.823943661971831,213.0,0.7839945009613793,0.2876006415122894,0.0010954965334842286,0.22151613,Bacteria,superkingdom,
G_r063_chimera_5pct,3,markers + neural network,0.5072464,0.06521739,0.9351852,0.0,0.9817518248175182,0.0072992700729927005,274.0,0.9591189814867416,0.005857240907244529,0.0009859420177469563,0.48748222,Bacteria,superkingdom,
G_r001_substitution_titv_0p1pct,3,markers + neural network,0.44927537,0.057971016,0.7407407,0.009259259,0.7333485118129797,0.03028143288796408,912.0,0.7188500298932318,0.05033172151794135,0.0012240092431908768,0.559208,Lacticaseibacillus,genus,
G_r066_substitution_titv_5pct,2,markers,0.49275362,0.6304348,0.8981481,0.787037,0.837082262210797,0.43215506977777557,778.0,0.7402913585428563,0.2851692135465715,0.0013778024706986457,0.37009028,Micromonospora,genus,
G_r018_substitution_titv_0p5pct,3,markers + neural network,0.98550725,0.34057972,0.6851852,0.4722222,0.9482807975988419,0.18899285069669777,626.0,0.9422979286342026,0.2557498738151289,0.0012647043939192047,0.5411896,Thermococcus,genus,
G_r010_substitution_titv_0p5pct,3,markers + neural network,0.4347826,0.0942029,0.9259259,0.09259259,0.9299242424242424,0.1268939393939394,264.0,0.9450340782896541,0.15554146798488036,0.0009276678460864775,0.5134037,Bacteria,superkingdom,
G_r030_uneven_coverage_5pct,3,markers + neural network,0.42028984,0.0942029,0.7962963,0.055555556,0.8395348837209302,0.06279069767441861,215.0,0.8021777640563469,0.07677418676397207,0.0007100196826643634,0.37224558,Bacteria,superkingdom,
G_r042_indel_5pct,2,markers,0.2536232,0.41304347,0.46296296,0.5277778,0.6351092673824568,0.9292653123754838,1098.0,0.7061840741099039,0.28372449969039587,0.0019505939461318606,0.19513135,Leptospira,genus,
G_r001_indel_0p5pct,2,markers,0.44927537,0.57246375,0.7314815,0.6388889,0.7562636494375684,0.9240456211749521,914.0,0.8006541706579349,0.2885149596577864,0.002657798495789418,0.22816412,Lacticaseibacillus,genus,
G_r009_substitution_titv_1pct,3,markers + neural network,0.8115942,0.10869565,0.4814815,0.09259259,0.747944796935212,0.06904303637083785,519.0,0.7194359716510472,0.07184536828369248,0.0012050659365880523,0.47070488,Methanosarcinaceae,family,
G_r027_substitution_1pct,3,markers + neural network,0.47826087,0.072463766,0.8425926,0.037037037,0.8835282353629843,0.07197856345371893,342.0,0.8930691396217013,0.05519663423117966,0.001230882140938102,0.4579593,Synergistales,order,
G_r009_substitution_0p1pct,3,markers + neural network,0.8115942,0.028985508,0.4814815,0.037037037,0.7401041388511658,0.014973958022892475,512.0,0.7257452477403562,0.0,0.0011158385122417547,0.50279444,Methanosarcinaceae,family,
G_r064_substitution_titv_0p5pct,3,markers + neural network,0.5072464,0.13768116,1.0,0.037037037,0.9973544386386183,0.04304954396697866,693.0,1.0,0.03409916902926302,0.0011684025016795785,0.6518912,Xanthomonadaceae,family,
G_r036_substitution_titv_0p5pct,2,markers,0.26086956,0.036231883,0.5462963,0.009259259,0.5782942805350412,0.06241234756619533,713.0,0.6072769016859562,0.12363562487418409,0.0013667822031047426,0.4546469,Leuconostoc,genus,
G_r056_substitution_titv_2pct,2,markers,0.5,0.28985506,0.9351852,0.4351852,0.9115729670069911,0.35085570841371866,409.0,0.8855802872253593,0.2646090495162249,0.0014963264700025986,0.38517636,Thermotogae,class,
G_r070_substitution_titv_2pct,2,markers,0.13768116,0.036231883,0.35185185,0.018518519,0.515,0.1425,200.0,0.6441631724906691,0.1625770964530993,0.0012799560837825083,0.340335,Bacteria,superkingdom,
G_r042_indel_1pct,2,markers,0.2826087,0.5797101,0.5833333,0.8703704,0.7091087169441724,1.3147730663871204,1021.0,0.7740933661360694,0.2570944934381747,0.0025405989213355415,0.15396725,Leptospira,genus,
G_r004_chimera_10pct,3,markers + neural network,0.44927537,0.07971015,0.8703704,0.027777778,0.8434408864667339,0.032661290322580645,620.0,0.8338959894608612,0.024374012955357488,0.0012368254764183225,0.6726833,Helicobacter,genus,
G_r010_chimera_10pct,3,markers + neural network,0.4347826,0.057971016,0.9166667,0.06481481,0.9299242424242424,0.0625,264.0,0.9346153674544435,0.07603384998570782,0.0008887607242522585,0.54463196,Bacteria,superkingdom,
G_r034_substitution_0p1pct,3,markers + neural network,0.49275362,0.06521739,0.9351852,0.009259259,0.8986175115207373,0.027649769585253458,217.0,0.8633722857831974,0.0648640474505246,0.0007372408915171026,0.41967216,Bacteria,superkingdom,
G_r042_chimera_40pct,3,markers + neural network,0.2826087,0.057971016,0.5833333,0.0,0.6888054284766678,0.01954177897574124,1113.0,0.6857022984734038,0.025368402855081233,0.0009069362901568708,0.5724159,Leptospira,genus,
G_r027_indel_2pct,2,markers,0.442029,0.82608694,0.8055556,0.9907407,0.8446601941747572,1.128047412267395,309.0,0.8306601652401446,0.21992032228388717,0.0026063344621158908,0.19412337,Bacteria,superkingdom,
G_r037_substitution_titv_0p1pct,3,markers + neural network,0.49275362,0.1594203,0.9444444,0.12962963,0.7701833194999071,0.09410599684467287,673.0,0.6977660649695965,0.10176622585545333,0.0011182649693255934,0.41729045,Streptomyces,genus,
G_r055_chimera_20pct,3,markers + neural network,0.5072464,0.21014492,0.9814815,0.23148148,0.9175691570185582,0.248796648927544,554.0,0.8934864568356108,0.2508669487201217,0.0011862448109993904,0.4299132,Desulfovibrionaceae,family,
G_r066_substitution_0p1pct,3,markers + neural network,0.49275362,0.4347826,0.8981481,0.4814815,0.8634959806936405,0.14100959214459968,799.0,0.8412074134880042,0.1254619769557318,0.0011380623402481326,0.5319744,Micromonospora,genus,
G_r042_indel_0p1pct,3,markers + neural network,0.2826087,0.16666667,0.5833333,0.17592593,0.7000910857987535,0.2464567368582081,1098.0,0.6304035739626365,0.2859957173207921,0.001205856371338513,0.40651008,Leptospira,genus,
G_r054_substitution_2pct,2,markers,0.35507247,0.07971015,0.7222222,0.19444445,0.6867219917012448,0.3153526970954357,241.0,0.7217934214160483,0.21877582428748885,0.000846477890745368,0.270553,Bacteria,superkingdom,
G_r007_substitution_titv_0p5pct,3,markers + neural network,0.2753623,0.04347826,0.5648148,0.074074075,0.7870338426809919,0.0575157730181328,581.0,0.7719436770955665,0.09951513625887459,0.001174619248047327,0.6448477,Borrelia,genus,
G_r032_substitution_2pct,3,markers + neural network,0.45652175,0.14492753,0.787037,0.16666667,0.8484848484848485,0.22895622895622897,297.0,0.8429682216906469,0.19612274594381818,0.001304480519083553,0.40789697,Bacteria,superkingdom,
G_r025_uneven_coverage_40pct,2,markers,0.8333333,0.5869565,0.6388889,0.35185185,0.9,0.5625,80.0,0.8137090597584838,0.2746532818520052,0.0010356075622676541,0.21905091,-,-,
G_r008_uneven_coverage_20pct,3,markers + neural network,0.3478261,0.11594203,0.6296296,0.10185185,0.7596449270756287,0.22461538822693233,845.0,0.7194628000584951,0.26937016122663004,0.0011252808410955246,0.45042455,Fusobacterium,genus,
G_r077_chimera_10pct,3,markers + neural network,0.4057971,0.02173913,0.712963,0.018518519,0.8167808219178082,0.03424657534246575,146.0,0.7624446481211469,0.15212074180933188,0.0007605262613427925,0.3681569,Bacteria,superkingdom,
G_r008_chimera_20pct,3,markers + neural network,0.3478261,0.08695652,0.6296296,0.027777778,0.7619492558707968,0.10900584438390899,855.0,0.7296583942126933,0.2116891487061322,0.001131860828263021,0.52118266,Fusobacterium,genus,
G_r059_indel_0p5pct,2,markers,0.29710144,0.48550725,0.6111111,0.49074075,0.7160048502016584,0.6714801444043321,277.0,0.7208445703649349,0.28473809388295174,0.0019167147687847654,0.20493239,Bacteria,superkingdom,
G_r008_substitution_titv_1pct,3,markers + neural network,0.3478261,0.10144927,0.6296296,0.06481481,0.7711084748198508,0.2033134628419666,863.0,0.7198608493569842,0.2589326299282123,0.0012426321724445357,0.46517348,Fusobacterium,genus,
G_r030_uneven_coverage_20pct,2,markers,0.42028984,0.92753625,0.7962963,1.0185186,0.8138528138528138,0.6190476190476191,231.0,0.7572087838135465,0.2760703989946356,0.0007451673446202407,0.31975,Bacteria,superkingdom,
G_r011_chimera_10pct,3,markers + neural network,0.73913044,0.0,0.42592594,0.018518519,0.6888828741055782,0.013084112149532711,535.0,0.6880105724050586,0.0,0.0010123157861650898,0.522492,Sulfolobaceae,family,
G_r060_chimera_40pct,2,markers,0.46376812,0.014492754,0.2037037,0.0,0.5769720295913346,0.019083969465648856,262.0,0.6339905551134704,0.0474769482530008,0.00112270911994715,0.36693314,Archaea,superkingdom,
G_r036_substitution_0p5pct,2,markers,0.26086956,0.028985508,0.5462963,0.055555556,0.5799718426831196,0.08309248003656465,692.0,0.6020865141509258,0.1649327611991748,0.0014106280923636336,0.4362243,Leuconostoc,genus,
G_r070_indel_5pct,2,markers,0.123188406,0.21014492,0.3148148,0.18518518,0.4801255230125523,0.7635983263598326,239.0,0.625169825273499,0.3241805935458643,0.002107264672442859,0.15910502,Bacteria,superkingdom,
G_r050_indel_5pct,2,markers,0.36231884,0.42753622,0.5925926,0.6111111,0.645675928226346,0.8066750629722922,397.0,0.6323134694840878,0.3287986971173104,0.0010108232528527352,0.1884353,Planctomycetia,class,
G_r076_chimera_5pct,3,markers + neural network,0.48550725,0.08695652,0.9074074,0.0,0.9463636363636364,0.033939392783425074,275.0,0.9229204884567332,0.03990267739988378,0.000865180350987353,0.43471608,Bacteria,superkingdom,
G_r078_substitution_titv_5pct,3,markers + neural network,0.4347826,0.14492753,0.8055556,0.18518518,0.6944379257399383,0.21805718642704355,851.0,0.623122073872488,0.24996270595265774,0.001714883767524504,0.43307728,Thermus,genus,
G_r055_substitution_5pct,2,markers,0.5072464,0.44927537,0.9444444,0.6296296,0.9055456521248054,0.7058126103411365,562.0,0.8691993050082673,0.2774112427503597,0.0015432996858704723,0.29116148,Desulfovibrionaceae,family,
G_r012_indel_2pct,2,markers,0.28985506,0.6956522,0.6018519,1.0555556,0.655,1.2808333333333333,300.0,0.6235426315190276,0.36036349338033086,0.002694155672350867,0.13987885,Bacteria,superkingdom,
G_r010_substitution_1pct,3,markers + neural network,0.4347826,0.0942029,0.9166667,0.11111111,0.9223484848484849,0.15151515151515152,264.0,0.940163407571754,0.16549194548461466,0.0009783996814193318,0.49052125,Bacteria,superkingdom,
G_r013_chimera_5pct,2,markers,0.21014492,0.014492754,0.4537037,0.0,0.577639751552795,0.018633540372670808,161.0,0.6361497951726625,0.05630913745815403,0.0007379904800268966,0.34431696,Bacteria,superkingdom,
G_r054_uneven_coverage_20pct,3,markers + neural network,0.36956522,0.06521739,0.7314815,0.16666667,0.6672862453531598,0.17565055762081785,269.0,0.7020250336396381,0.150326172845296,0.0007347047946489897,0.27309725,Bacteria,superkingdom,
G_r078_chimera_40pct,3,markers + neural network,0.442029,0.04347826,0.8055556,0.0,0.7070492430229407,0.007610789613227624,865.0,0.6977742353847678,0.0,0.0013958969329811296,0.5859698,Thermus,genus,
G_r046_chimera_5pct,3,markers + neural network,1.0,0.007246377,0.5185185,0.018518519,1.0,0.01171875,768.0,1.0,0.0,0.0011743517464487523,0.77708673,Sulfolobaceae,family,
G_r000_indel_2pct,2,markers,0.41304347,1.1376811,0.6759259,1.425926,0.6556889668380914,1.7827715162844622,1469.0,0.626763122478968,0.25087760340585447,0.00426957099246238,0.11263709,Klebsiella,genus,
G_r044_substitution_5pct,2,markers,0.9492754,0.35507247,0.787037,0.39814815,0.8581780538302277,0.468944099378882,483.0,0.783048760821325,0.2759152075964584,0.0015694381560729341,0.31836486,Halobacteria,class,
G_r044_chimera_5pct,3,markers + neural network,0.9637681,0.08695652,0.787037,0.083333336,0.8603960396039604,0.10165016249854966,505.0,0.8218471361381691,0.2054932877330911,0.0011560980213431644,0.45515493,Halobacteria,class,
G_r003_substitution_0p1pct,3,markers + neural network,0.2753623,0.1884058,0.5462963,0.22222222,0.6385542168674698,0.13177710843373494,332.0,0.6289816817639089,0.20651966612841946,0.0009495513486108743,0.3703958,Bacteroidota,phylum,
G_r053_indel_0p1pct,2,markers,1.0,0.20289855,0.5185185,0.14814815,1.0,0.30848776530749694,609.0,0.9989424514518681,0.2425200171395563,0.0015954541087335465,0.53646433,Thermococcus,genus,
G_r061_substitution_5pct,3,markers + neural network,0.39130434,0.23188406,0.7037037,0.1388889,0.776536312849162,0.26536312849162014,179.0,0.7876173678692154,0.15588912186185552,0.0008456146140007712,0.275847,Bacteria,superkingdom,
G_r035_substitution_0p1pct,3,markers + neural network,0.41304347,0.050724637,0.8148148,0.009259259,0.7281368821292775,0.017110266159695818,263.0,0.700666541086769,0.11353562262029124,0.0010231356175055865,0.4571995,Bacteria,superkingdom,
G_r003_chimera_20pct,3,markers + neural network,0.2753623,0.18115942,0.5462963,0.2037037,0.6385542168674698,0.1197289156626506,332.0,0.6276338569374372,0.1968368834165502,0.0009371533827628424,0.37362966,Bacteroidota,phylum,
G_r003_indel_1pct,2,markers,0.2753623,0.884058,0.5462963,1.324074,0.6651041507720947,1.255859375,384.0,0.6229730756016045,0.2997901464831253,0.0021966885191755875,0.14792399,Bacteroidota,phylum,
G_r022_uneven_coverage_20pct,3,markers + neural network,0.48550725,0.08695652,0.8240741,0.09259259,0.8170347003154574,0.2334384858044164,317.0,0.7798675357358817,0.2279221654902175,0.001017373955814384,0.3656111,Bacteria,superkingdom,
G_r032_indel_0p1pct,3,markers + neural network,0.45652175,0.17391305,0.7962963,0.24074075,0.8305970149253732,0.28159202461812033,335.0,0.790144469283023,0.2254622695669727,0.0014370748379293708,0.37241083,Bacteria,superkingdom,
G_r041_none_control,3,markers + neural network,0.23913044,0.014492754,0.6296296,0.0,0.7290679787007553,0.014218009478672985,211.0,0.727461096672664,0.03448354465670775,0.0010083223708251114,0.5369664,Bacteria,superkingdom,
G_r045_none_control,3,markers + neural network,0.46376812,0.050724637,0.9444444,0.009259259,1.0,0.003367003367003367,297.0,0.9950391376039706,0.0,0.0008727115769169811,0.6097546,Bacteria,superkingdom,
G_r071_substitution_titv_0p1pct,3,markers + neural network,0.48550725,0.08695652,0.8981481,0.037037037,0.8884333180328273,0.034805469332433274,317.0,0.8804299080748557,0.027142858138103618,0.001009380750083723,0.51515806,Treponema,genus,
G_r027_uneven_coverage_20pct,3,markers + neural network,0.48550725,0.06521739,0.8611111,0.0,0.8923001651875457,0.05565301995528372,342.0,0.905569538395044,0.002127860093225388,0.0011301434194374183,0.45339528,Synergistales,order,
G_r041_indel_0p5pct,2,markers,0.23913044,0.36231884,0.6296296,0.7592593,0.7048458149779736,0.986784140969163,227.0,0.7433026870863375,0.32787263491142865,0.0024252638502091275,0.18169062,Bacteria,superkingdom,
G_r041_uneven_coverage_5pct,3,markers + neural network,0.23913044,0.036231883,0.6296296,0.074074075,0.7120418848167539,0.04712041884816754,191.0,0.7176059525408691,0.09430981943677452,0.0010092463496386072,0.5136357,Bacteria,superkingdom,
G_r014_uneven_coverage_5pct,3,markers + neural network,0.4347826,0.23188406,0.7222222,0.24074075,0.6444120218368015,0.07741559953434225,859.0,0.6143307876938371,0.11829936385271633,0.0014560830883005962,0.48405704,Thermus,genus,
G_r009_uneven_coverage_20pct,3,markers + neural network,0.8115942,0.13768116,0.4814815,0.06481481,0.7536132335662842,0.2102864682674408,512.0,0.6740522474693407,0.24900839244950598,0.0011194738885813664,0.39676735,Methanosarcinaceae,family,
G_r014_substitution_titv_2pct,3,markers + neural network,0.42753622,0.08695652,0.7037037,0.074074075,0.6364889190527812,0.08841706234872626,836.0,0.6173388143933851,0.12922572527536838,0.001594669207342418,0.46312556,Thermus,genus,
G_r037_substitution_titv_5pct,2,markers,0.49275362,0.2753623,0.9444444,0.2962963,0.7619190587811563,0.31846577474202353,667.0,0.6538674019455637,0.22359884121232249,0.001403731225212863,0.32500133,Streptomyces,genus,
G_r055_uneven_coverage_10pct,2,markers,0.5072464,0.2173913,0.9814815,0.2685185,0.9238701254634534,0.3318644119521319,590.0,0.9018043542760354,0.27539928830541605,0.0011850115726583343,0.37119678,Desulfovibrionaceae,family,
G_r018_indel_5pct,2,markers,0.884058,1.4275362,0.6203704,1.3703704,0.8252788104089219,1.3805939061047863,538.0,0.7840790729569914,0.2343660215232074,0.0023855252126698512,0.19618466,Thermococcaceae,family,
G_r040_chimera_20pct,3,markers + neural network,0.41304347,0.11594203,0.7685185,0.12962963,0.7163437503638459,0.0875558867362146,671.0,0.6954380995800926,0.10829363638927506,0.000996599487745884,0.37027666,Cyanophyceae,class,
G_r022_substitution_titv_1pct,3,markers + neural network,0.48550725,0.13043478,0.8240741,0.083333336,0.797618984435656,0.2204968944099379,322.0,0.7450127842510192,0.2555551761416211,0.0011109576684286456,0.38557604,Bacteria,superkingdom,
G_r055_substitution_titv_0p1pct,3,markers + neural network,0.5072464,0.23188406,0.9814815,0.23148148,0.9184716840943705,0.2560168655340422,554.0,0.8963450485673328,0.25539214856370224,0.0011939022378501796,0.4263023,Desulfovibrionaceae,family,
G_r009_chimera_10pct,3,markers + neural network,0.8115942,0.02173913,0.4814815,0.037037037,0.741406261920929,0.008138020522892475,512.0,0.7290839135623461,0.0,0.001104932938154985,0.50849026,Methanosarcinaceae,family,
G_r048_chimera_40pct,3,markers + neural network,0.3188406,0.036231883,0.6666667,0.0,0.7644230769230769,0.0309829070017888,156.0,0.7313848010880855,0.09474266601017703,0.0009041563323455735,0.4011087,Bacteria,superkingdom,
G_r073_substitution_titv_2pct,3,markers + neural network,0.7173913,0.11594203,0.44444445,0.06481481,0.736021505376344,0.16720430107526882,465.0,0.6998580466564959,0.2246787361533955,0.0011522746607413167,0.4026256,Methanomicrobiaceae,family,
G_r062_chimera_10pct,3,markers + neural network,0.46376812,0.050724637,0.8055556,0.009259259,0.730576479345336,0.015037593984962405,266.0,0.7082546721256251,0.021859772255744286,0.001267074602880277,0.4862783,Bacteria,superkingdom,
G_r024_chimera_10pct,3,markers + neural network,0.5217391,0.28985506,0.962963,0.4537037,0.904331003706859,0.22080432511261058,431.0,0.8695996765930198,0.16665953090387822,0.0009172022219604385,0.39427155,Myxococcales,order,
G_r059_uneven_coverage_5pct,3,markers + neural network,0.3043478,0.14492753,0.6111111,0.055555556,0.6974248927038627,0.045064377682403435,233.0,0.6843938078760398,0.030433935660399224,0.001121546681560459,0.3899597,Bacteria,superkingdom,
G_r064_uneven_coverage_40pct,3,markers + neural network,0.5072464,0.13043478,1.0,0.055555556,1.0,0.27858487708948565,709.0,1.0,0.19817501828933845,0.0010777585774421352,0.54245764,Xanthomonadaceae,family,
G_r005_chimera_5pct,3,markers + neural network,0.32608697,0.050724637,0.6018519,0.018518519,0.6253333423755787,0.011604937800654658,675.0,0.6376440325352521,0.03630409893045492,0.0011791373938836536,0.47954074,Synechococcales,order,
G_r004_none_control,3,markers + neural network,0.44927537,0.07971015,0.8703704,0.027777778,0.8434408864667339,0.034274193548387094,620.0,0.8335782907855078,0.026400284035942124,0.001237554306987809,0.67178977,Helicobacter,genus,
G_r031_substitution_1pct,3,markers + neural network,0.6231884,0.014492754,0.42592594,0.046296295,0.6285140255847609,0.046686746987951805,166.0,0.6631443180282675,0.06830837576068682,0.0009082560925126893,0.30762222,Archaea,superkingdom,
G_r057_substitution_2pct,3,markers + neural network,0.5217391,0.16666667,0.9722222,0.1574074,0.9357142857142857,0.21214285714285713,350.0,0.9469281925214781,0.2036873366627152,0.0011303097663514187,0.4797068,Bacteria,superkingdom,
G_r072_none_control,3,markers + neural network,0.39130434,0.050724637,0.7314815,0.0,0.6826643756436154,0.016687789646240545,789.0,0.6791626597833117,0.046000941914696024,0.0011765818818215144,0.56002253,Fusobacterium,genus,
G_r042_substitution_1pct,3,markers + neural network,0.2826087,0.10869565,0.5740741,0.09259259,0.6954158928876366,0.14064966698596168,1098.0,0.6350497476456297,0.20317555573831747,0.0010484196062622837,0.48163334,Leptospira,genus,
G_r000_chimera_20pct,3,markers + neural network,0.42028984,0.1521739,0.6759259,0.18518518,0.6510355780014446,0.10270005943131273,1644.0,0.6270883076464987,0.1725577056530794,0.0012996201959893934,0.44373822,Klebsiella,genus,
G_r022_substitution_2pct,2,markers,0.48550725,0.14492753,0.8240741,0.18518518,0.8180862571162756,0.3438485804416404,317.0,0.7520865767896021,0.2565989068635145,0.0012111524753406183,0.35135227,Bacteria,superkingdom,
G_r058_chimera_5pct,3,markers + neural network,0.942029,0.007246377,0.5185185,0.037037037,0.8986546811501541,0.002242152466367713,446.0,0.8954759282319424,0.0,0.0009062415307472286,0.6562382,Methanobacteriaceae,family,
G_r067_substitution_1pct,3,markers + neural network,0.47826087,0.13043478,1.0,0.1574074,1.0,0.2499240819958673,690.0,1.0,0.2207324141663069,0.001307393232719796,0.5679557,Weeksellaceae,family,
G_r003_substitution_titv_2pct,3,markers + neural network,0.2753623,0.2753623,0.5462963,0.37962964,0.6449704142011834,0.2566568047337278,338.0,0.6283639114772316,0.2510636153856875,0.0010702101233818994,0.3103289,Bacteroidota,phylum,
G_r075_substitution_0p1pct,3,markers + neural network,0.9710145,0.11594203,0.5185185,0.083333336,0.8816381526898734,0.055828058266941503,632.0,0.8739184656399013,0.036991395640574874,0.0010387743683514842,0.62060416,Sulfolobaceae,family,
G_r013_indel_0p1pct,2,markers,0.21014492,0.06521739,0.44444445,0.055555556,0.5421348314606742,0.12640449438202248,178.0,0.6683091484538785,0.13688971501190017,0.0008847042953954784,0.29722282,Bacteria,superkingdom,
G_r044_chimera_40pct,3,markers + neural network,0.9637681,0.08695652,0.787037,0.083333336,0.8603960396039604,0.10165016249854966,505.0,0.8218471361381691,0.2054932877330911,0.0011560980213431644,0.45515493,Halobacteria,class,
G_r051_uneven_coverage_10pct,3,markers + neural network,0.5072464,0.33333334,0.9444444,0.23148148,0.9872727272727273,0.18181818181818182,275.0,1.0,0.07363740908047794,0.0010360287485117374,0.4105723,Bacteria,superkingdom,
G_r028_indel_2pct,2,markers,0.39855072,0.6666667,0.6666667,0.7685185,0.8259493670886076,1.4715189873417722,316.0,0.7930526621886151,0.27173402470266195,0.002151233550836769,0.15776525,Bacteria,superkingdom,
G_r001_substitution_titv_5pct,3,markers + neural network,0.44927537,0.1521739,0.7314815,0.1574074,0.723204738810911,0.28243565101408014,885.0,0.6700719898508269,0.28291462594919825,0.0016329271293689948,0.39478514,Lacticaseibacillus,genus,
G_r021_substitution_5pct,2,markers,0.5,0.26811594,0.8703704,0.3148148,0.903067659381671,0.39215687239645103,527.0,0.8742154197383896,0.25729183890987145,0.0014990611074137984,0.40330082,Thermotogales,order,
G_r068_substitution_0p5pct,3,markers + neural network,0.29710144,0.10869565,0.7037037,0.037037037,0.8430173968324567,0.07952145113803373,1010.0,0.8213162940497707,0.09634063903571716,0.0014420262019815965,0.6908724,Campylobacter,genus,
G_r067_indel_0p1pct,2,markers,0.47826087,0.17391305,1.0,0.2962963,1.0,0.42780436587295656,627.0,0.996702883365073,0.266273163482261,0.0015350539169212774,0.4653029,Weeksellaceae,family,
G_r065_uneven_coverage_20pct,3,markers + neural network,0.49275362,0.21014492,1.0,0.3148148,1.0,0.19860733477032835,789.0,1.0,0.1599092460320894,0.0013843808633299728,0.5842524,Streptococcus,genus,
G_r047_substitution_titv_1pct,2,markers,0.19565217,0.10869565,0.4537037,0.17592593,0.5929089184873593,0.11438923000548937,644.0,0.6184889968479864,0.17603951982913194,0.0012530834659025736,0.40731618,Chlorobiaceae,family,
G_r071_indel_1pct,2,markers,0.47826087,0.7753623,0.8888889,1.0833334,0.8571428571428571,1.2093718276560126,329.0,0.8355033182196281,0.25662750541707174,0.0022547585564653815,0.20854782,Spirochaetales,order,
G_r032_indel_2pct,2,markers,0.44927537,0.7826087,0.75,1.0648148,0.8287671232876712,1.595890410958904,292.0,0.7955893123335501,0.32450502458031005,0.0027371593710221174,0.15212914,Bacteria,superkingdom,
G_r037_substitution_0p5pct,3,markers + neural network,0.49275362,0.1594203,0.9444444,0.14814815,0.7659806972596703,0.10111789005558665,656.0,0.6945852972497693,0.10604507185379802,0.0011631994725671082,0.40406218,Streptomyces,genus,
G_r057_none_control,3,markers + neural network,0.5217391,0.072463766,0.9814815,0.027777778,0.9355300859598854,0.0,349.0,0.9308343994090938,0.0,0.0009531487300431865,0.61077005,Bacteria,superkingdom,
G_r027_substitution_titv_1pct,3,markers + neural network,0.47826087,0.07971015,0.8518519,0.046296295,0.8835282353629843,0.07358674835740474,342.0,0.8882202447305783,0.061735126148558105,0.0012109615611443848,0.4634709,Synergistales,order,
G_r046_substitution_titv_1pct,3,markers + neural network,0.9927536,0.08695652,0.5185185,0.11111111,0.9934895833333334,0.11059027910232544,768.0,0.9939443733327017,0.087192865360122,0.0012650820815669386,0.66923934,Sulfolobaceae,family,
G_r075_substitution_2pct,3,markers + neural network,0.9202899,0.2753623,0.5185185,0.1574074,0.869724751255796,0.26743949878344764,647.0,0.8420611368224096,0.25556530970480107,0.0012642346321792414,0.48404944,Sulfolobaceae,family,
G_r076_substitution_titv_1pct,3,markers + neural network,0.48550725,0.19565217,0.9074074,0.09259259,0.9181654676258992,0.12410071942446044,278.0,0.9233505422856523,0.10398636289153004,0.0009027521330349893,0.406487,Bacteria,superkingdom,
G_r070_chimera_10pct,2,markers,0.13768116,0.014492754,0.3611111,0.0,0.4966832630669893,0.009950248756218905,201.0,0.6182059582372449,0.06595036763905779,0.001067096866348218,0.407204,Bacteria,superkingdom,
G_r069_substitution_titv_0p1pct,3,markers + neural network,0.4347826,0.123188406,0.8611111,0.14814815,0.7510529269790062,0.08166409861325115,649.0,0.7128677663344191,0.14036766058718136,0.0011784546836286411,0.4878687,Cyanobacteriota,phylum,
G_r025_substitution_5pct,2,markers,0.7536232,0.3043478,0.5833333,0.30555555,0.7530120481927711,0.41365461847389556,249.0,0.7425372534489354,0.23960700730265425,0.0013742012625235995,0.2889013,Archaea,superkingdom,
G_r054_indel_0p5pct,2,markers,0.35507247,0.2753623,0.712963,0.5092593,0.6940928270042194,0.8227848101265823,237.0,0.6850081075512824,0.26285198080937017,0.0013884570209339166,0.17628787,Bacteria,superkingdom,
G_r002_substitution_titv_0p5pct,3,markers + neural network,0.36956522,0.050724637,0.7962963,0.074074075,0.7948436622848054,0.04856952888047148,501.0,0.7790653169080595,0.0648281560888046,0.001175230306039415,0.49401656,Leucobacter,genus,
G_r070_substitution_0p1pct,2,markers,0.13768116,0.02173913,0.3611111,0.009259259,0.4966832630669893,0.014925373134328358,201.0,0.6198481798671117,0.06693572351434326,0.0010811007622320529,0.4024475,Bacteria,superkingdom,
G_r031_substitution_5pct,2,markers,0.51449275,0.13768116,0.4074074,0.14814815,0.5238095238095238,0.19940476190476192,168.0,0.6968682176981236,0.14996781890458957,0.0009885932407447699,0.23031227,Archaea,superkingdom,
G_r047_substitution_2pct,2,markers,0.1884058,0.123188406,0.44444445,0.23148148,0.5952381110339431,0.20936852212277998,644.0,0.6229509904766104,0.24113510179232836,0.001380535320964324,0.36149135,Chlorobiaceae,family,
G_r000_substitution_2pct,3,markers + neural network,0.42028984,0.2536232,0.6759259,0.33333334,0.6529802382717458,0.27855986806307975,1644.0,0.6139353119766484,0.27723730918977907,0.0016097134710021616,0.35522294,Klebsiella,genus,
G_r078_indel_5pct,2,markers,0.39130434,0.42028984,0.6666667,0.6388889,0.5965317919075145,0.6276878753838512,865.0,0.6689798033780988,0.32024758080001825,0.002190488115086295,0.23921165,Thermus,genus,
G_r031_substitution_2pct,3,markers + neural network,0.5869565,0.07971015,0.44444445,0.083333336,0.6058823529411764,0.1161764705882353,170.0,0.6816284738000951,0.12330210026381497,0.0009573510164322942,0.26872835,Archaea,superkingdom,
G_r058_uneven_coverage_10pct,3,markers + neural network,0.942029,0.057971016,0.5185185,0.046296295,0.905829596412556,0.09417040358744394,446.0,0.9064578109286513,0.09071988746420546,0.0009104089787940654,0.5904057,Methanobacteriaceae,family,
G_r042_chimera_5pct,3,markers + neural network,0.2826087,0.057971016,0.5833333,0.0,0.6888054284766678,0.018643306379155435,1113.0,0.6862595456518241,0.023618091221166034,0.0009063088696863368,0.57255524,Leptospira,genus,
G_r031_indel_5pct,2,markers,0.2826087,0.10144927,0.18518518,0.12962963,0.33,0.17,150.0,0.6591683398410249,0.10542578612824025,0.0009009953322197269,0.15828115,Archaea,superkingdom,
G_r048_chimera_10pct,3,markers + neural network,0.3188406,0.036231883,0.6666667,0.0,0.7644230769230769,0.0309829070017888,156.0,0.7313848010880855,0.09474266601017703,0.0009041563323455735,0.4011087,Bacteria,superkingdom,
G_r065_chimera_5pct,3,markers + neural network,0.49275362,0.072463766,1.0,0.046296295,1.0,0.024509805547611792,782.0,1.0,0.007190660090963891,0.0013812421663943334,0.7287102,Streptococcus,genus,
G_r046_substitution_2pct,2,markers,0.98550725,0.22463769,0.5185185,0.18518518,0.9740668137868246,0.3486793438593547,768.0,0.9608724097343967,0.2640398552237212,0.0014612359234823697,0.51460415,Sulfolobaceae,family,
G_r049_substitution_titv_0p5pct,3,markers + neural network,0.24637681,0.036231883,0.5740741,0.009259259,0.7093200248250268,0.02881597826382233,701.0,0.7081331605787444,0.01796990744873453,0.0011217313527069925,0.5033985,Deinococcus,genus,
G_r028_chimera_40pct,3,markers + neural network,0.42753622,0.07971015,0.6851852,0.009259259,0.8477298064881384,0.023255813953488372,301.0,0.8496144700079412,0.015576055354538952,0.0010014759443699916,0.46295217,Bacteria,superkingdom,
G_r045_uneven_coverage_5pct,3,markers + neural network,0.46376812,0.06521739,0.9444444,0.09259259,1.0,0.08901515151515152,264.0,1.0,0.10529860749948698,0.0008767580122193732,0.5615714,Bacteria,superkingdom,
G_r077_uneven_coverage_40pct,3,markers + neural network,0.4057971,0.06521739,0.712963,0.12037037,0.7709677419354839,0.15053762620495212,155.0,0.715213671762548,0.20880213263955855,0.0007694953690137974,0.289344,Bacteria,superkingdom,
G_r021_uneven_coverage_40pct,2,markers,0.5,0.5362319,0.9537037,0.7314815,1.0,0.5775669642857143,448.0,0.9686430094321212,0.3191440244096278,0.001213085869261956,0.3162602,Thermotogae,class,
G_r040_chimera_40pct,3,markers + neural network,0.41304347,0.11594203,0.7685185,0.12962963,0.7163437503638459,0.0875558867362146,671.0,0.695518541349037,0.10850778593225072,0.000996458106062277,0.37027666,Cyanophyceae,class,
G_r021_substitution_titv_1pct,3,markers + neural network,0.5,0.1521739,0.9444444,0.10185185,0.9786325187607865,0.14497041420118342,507.0,0.9951031958211395,0.13487341189813937,0.001277808837158769,0.5909375,Thermotogales,order,
G_r043_indel_0p5pct,2,markers,0.5072464,0.9710145,1.0,1.6574074,0.9985380116959064,1.7282895093772843,684.0,0.9413578285610853,0.20358296624709687,0.0025587226667649985,0.20452313,Leptotrichia,genus,
G_r033_indel_0p1pct,2,markers,0.23913044,0.14492753,0.39814815,0.1388889,0.5868736715877757,0.22549019607843138,306.0,0.6656423186726232,0.22251279880167077,0.0016141973299552458,0.29677063,Bacteria,superkingdom,
G_r020_indel_0p5pct,2,markers,0.19565217,0.3043478,0.4537037,0.33333334,0.5410853404691692,0.49856889482474287,559.0,0.6277418728184904,0.29090624770717466,0.0020088922165150194,0.21531439,Desulfovibrionaceae,family,
G_r028_substitution_titv_1pct,3,markers + neural network,0.42753622,0.123188406,0.6851852,0.027777778,0.8360836419335292,0.0891089108910891,303.0,0.8375174250993682,0.08204436072911625,0.001057248212458393,0.41921386,Bacteria,superkingdom,
G_r021_substitution_titv_5pct,2,markers,0.47826087,0.20289855,0.8611111,0.21296297,0.9196711328495611,0.3002846299810247,527.0,0.9201907270981636,0.23930823479789207,0.0013974522119288844,0.452126,Thermotogales,order,
G_r019_substitution_titv_2pct,3,markers + neural network,0.36956522,0.050724637,0.6574074,0.06481481,0.712612585119299,0.10270270270270271,370.0,0.6598218391657993,0.13017058964083347,0.0010272717179778835,0.3598271,Bacteria,superkingdom,
G_r038_indel_1pct,2,markers,0.33333334,0.8623188,0.712963,1.8148148,0.721016009814555,2.0749924566153446,958.0,0.617733518105436,0.30678278215643534,0.0030767477320341264,0.10727608,Bacteroides,genus,
G_r057_substitution_1pct,3,markers + neural network,0.5217391,0.11594203,0.9814815,0.1388889,0.9355300859598854,0.0988538681948424,349.0,0.9409374333680838,0.10965991956495427,0.00104452358630942,0.52829736,Bacteria,superkingdom,
G_r074_none_control,3,markers + neural network,0.4347826,0.028985508,0.7962963,0.0,0.8876651982378855,0.04478707922712822,227.0,0.8677156607798968,0.1659717528670035,0.0010831531104561953,0.4839902,Bacteria,superkingdom,
G_r022_uneven_coverage_40pct,2,markers,0.48550725,0.23913044,0.8240741,0.3148148,0.8067484662576687,0.4647239263803681,326.0,0.7472013617837093,0.2747838606477543,0.0010101332334883197,0.32471168,Bacteria,superkingdom,
G_r021_substitution_1pct,3,markers + neural network,0.5,0.1521739,0.9351852,0.1388889,0.9860847950886504,0.15101202253598642,527.0,1.0,0.1345745444614596,0.0013015615659734243,0.5876849,Thermotogales,order,
G_r072_chimera_40pct,3,markers + neural network,0.39130434,0.050724637,0.7314815,0.0,0.6826643756436154,0.016687789646240545,789.0,0.6790703936328406,0.04560715910617859,0.0011759906346447196,0.55993444,Fusobacterium,genus,
G_r043_uneven_coverage_40pct,2,markers,0.5072464,0.32608697,1.0,0.5277778,1.0,0.5373873758112553,703.0,0.9819652625415611,0.29122048375597315,0.0011100755088372808,0.35850027,Leptotrichia,genus,
G_r050_substitution_titv_1pct,3,markers + neural network,0.46376812,0.13043478,0.8888889,0.11111111,0.8204545454545454,0.13068181818181818,440.0,0.796818618019211,0.13878953961004611,0.0008169152850862554,0.42304638,Planctomycetaceae,family,
G_r040_uneven_coverage_5pct,3,markers + neural network,0.41304347,0.11594203,0.7685185,0.17592593,0.732533349609375,0.1308,625.0,0.6936980855761192,0.12808424249391742,0.000999097177011878,0.35004562,Cyanophyceae,class,
G_r074_substitution_0p5pct,3,markers + neural network,0.4347826,0.036231883,0.7962963,0.009259259,0.8876651982378855,0.08370044052863436,227.0,0.8798452242661545,0.19078024489785453,0.001121285910656665,0.4701405,Bacteria,superkingdom,
G_r077_substitution_titv_2pct,3,markers + neural network,0.4057971,0.06521739,0.712963,0.083333336,0.8204697986577181,0.11073825503355705,149.0,0.7881460255205528,0.13744207963377306,0.0008233089170633983,0.3171664,Bacteria,superkingdom,
G_r058_uneven_coverage_20pct,3,markers + neural network,0.942029,0.16666667,0.5185185,0.11111111,0.9002242152466368,0.1838191421577214,446.0,0.8945924931585107,0.19151043775414456,0.0009096839572385572,0.5405724,Methanobacteriaceae,family,
G_r069_substitution_5pct,2,markers,0.42753622,0.3115942,0.8425926,0.5462963,0.7649176797749083,0.43698558100947626,648.0,0.7241825160037797,0.2749786433446666,0.0016262901769574822,0.3246321,Cyanophyceae,class,
G_r078_chimera_20pct,3,markers + neural network,0.442029,0.04347826,0.8055556,0.0,0.7070492430229407,0.007610789613227624,865.0,0.6977742353847678,0.0,0.0013958969329811296,0.5859698,Thermus,genus,
G_r051_indel_2pct,2,markers,0.49275362,1.0797101,0.9074074,1.175926,0.9041666666666667,1.4417592366536458,360.0,0.8286726587717705,0.22143989094459815,0.0019090146688834288,0.18612486,Bacteria,superkingdom,
G_r063_chimera_20pct,3,markers + neural network,0.5072464,0.06521739,0.9351852,0.0,0.9817518248175182,0.0072992700729927005,274.0,0.9591189814867416,0.005857240907244529,0.0009859420177469563,0.48748222,Bacteria,superkingdom,
G_r069_indel_0p1pct,2,markers,0.4347826,0.23188406,0.8611111,0.42592594,0.7460275134456141,0.34380827191349034,751.0,0.6844426226588175,0.2668960548890166,0.001531740842775472,0.3639162,Cyanophyceae,class,
G_r059_substitution_titv_5pct,3,markers + neural network,0.28985506,0.19565217,0.6018519,0.17592593,0.7037735849056603,0.21320754716981133,265.0,0.6973064761700848,0.18667443912582468,0.0012447439246678555,0.32386667,Bacteria,superkingdom,
G_r035_substitution_1pct,3,markers + neural network,0.4057971,0.072463766,0.8055556,0.055555556,0.7510822510822511,0.07142857142857142,231.0,0.7222846254373475,0.16709811497362892,0.001068575738053829,0.426846,Bacteria,superkingdom,
G_r011_indel_0p5pct,2,markers,0.73913044,0.5942029,0.42592594,0.3611111,0.698008983810513,0.7191714248216221,519.0,0.7359991251861582,0.31987920844725276,0.0020370108450912592,0.26005808,Sulfolobaceae,family,
G_r073_indel_5pct,2,markers,0.5869565,0.51449275,0.3425926,0.32407406,0.6212121212121212,0.883838460902975,396.0,0.5943666199090417,0.3099589549037195,0.0016096793788954258,0.19887884,Methanomicrobiales,order,
G_r050_uneven_coverage_10pct,3,markers + neural network,0.4710145,0.123188406,0.8888889,0.1574074,0.8386605319367152,0.16514460245768228,438.0,0.8178455662950899,0.17058408729952795,0.000758678671635569,0.4221864,Planctomycetaceae,family,
G_r063_substitution_titv_1pct,3,markers + neural network,0.5072464,0.0942029,0.9259259,0.046296295,0.9757785467128027,0.058823529411764705,289.0,0.9757035178767741,0.051504194240382974,0.0010417580956747228,0.45529017,Bacteria,superkingdom,
G_r022_substitution_5pct,2,markers,0.47826087,0.24637681,0.8240741,0.3425926,0.7914078516989761,0.5341614906832298,322.0,0.735061005552774,0.2801861460645344,0.0013818656214281727,0.28223255,Bacteria,superkingdom,
G_r077_indel_1pct,2,markers,0.4057971,0.34057972,0.6851852,0.4537037,0.7416666666666667,0.8625,180.0,0.7608104262737172,0.296190160037684,0.001470566200095469,0.18442538,Bacteria,superkingdom,
G_r064_indel_5pct,2,markers,0.39855072,0.5,0.7407407,0.6203704,0.7541370581227836,0.7144208326407359,705.0,0.750924530166266,0.3185577061122545,0.0013511987141703516,0.28139234,Xanthomonadaceae,family,
G_r050_indel_2pct,2,markers,0.45652175,0.8623188,0.8148148,1.1296296,0.7995833587646485,1.444166717529297,400.0,0.7624960418350722,0.2738137967908825,0.001757895155660531,0.16281423,Planctomycetia,class,
G_r031_substitution_titv_0p1pct,3,markers + neural network,0.64492756,0.007246377,0.44444445,0.027777778,0.6283524611900593,0.010057471264367816,174.0,0.6471499071013995,0.023708765269877106,0.0008446558501622922,0.32174993,Archaea,superkingdom,
G_r073_chimera_10pct,3,markers + neural network,0.7173913,0.028985508,0.4351852,0.009259259,0.744198312236287,0.026722924115788586,474.0,0.7368894893660425,0.06643616018539783,0.001038777936503076,0.47868562,Methanomicrobiaceae,family,
G_r043_substitution_titv_1pct,2,markers,0.5072464,0.2826087,1.0,0.49074075,1.0,0.3187055519939656,703.0,1.0,0.2790765133083165,0.0012429157306084314,0.5420192,Leptotrichia,genus,
G_r048_indel_5pct,2,markers,0.19565217,0.16666667,0.3611111,0.18518518,0.4601226993865031,0.3149284175568563,163.0,0.6819240856620579,0.20034167562296823,0.0009645993583788537,0.20498581,Bacteria,superkingdom,
G_r033_substitution_titv_0p5pct,2,markers,0.24637681,0.057971016,0.4074074,0.055555556,0.5795188151614766,0.09154929577464789,284.0,0.6432573745935407,0.16548902539545998,0.0012895203613290179,0.3634936,Bacteria,superkingdom,
G_r070_substitution_2pct,2,markers,0.13768116,0.050724637,0.3611111,0.074074075,0.485,0.155,200.0,0.6236619884736799,0.20302490578362123,0.0013583779007319836,0.3128555,Bacteria,superkingdom,
G_r045_indel_0p5pct,2,markers,0.46376812,0.60144925,0.9444444,0.9074074,0.9932659932659933,1.122053872053872,297.0,0.9497569245561222,0.22189353966725428,0.0018225021183847473,0.24040645,Bacteria,superkingdom,
G_r044_uneven_coverage_5pct,3,markers + neural network,0.9637681,0.1594203,0.787037,0.083333336,0.8625254582484725,0.1702308266323113,491.0,0.8207543201033696,0.23568066015681124,0.0011621990079496575,0.42088416,Halobacteria,class,
G_r047_uneven_coverage_5pct,2,markers,0.19565217,0.08695652,0.46296296,0.18518518,0.5973084728169885,0.09692029182955345,644.0,0.6202544640540953,0.15545422004731846,0.0011674811263654866,0.42390934,Chlorobiaceae,family,
G_r042_substitution_2pct,3,markers + neural network,0.2826087,0.1521739,0.5833333,0.09259259,0.6912202324351875,0.2040895723901914,1027.0,0.6315261074868656,0.2771943904380026,0.0011585318988409975,0.43079236,Leptospira,genus,
G_r077_substitution_2pct,3,markers + neural network,0.39855072,0.08695652,0.6851852,0.12962963,0.7834394904458599,0.18152866242038215,157.0,0.7485231343433236,0.21350746904301196,0.0008504196093063872,0.3078112,Bacteria,superkingdom,
G_r046_substitution_titv_0p1pct,3,markers + neural network,1.0,0.028985508,0.5185185,0.018518519,0.998046875,0.0277777761220932,768.0,0.9997951661258916,0.0,0.001186840942375952,0.76186013,Sulfolobaceae,family,
G_r073_substitution_5pct,2,markers,0.6666667,0.28985506,0.41666666,0.17592593,0.7193548387096774,0.4043010752688172,465.0,0.7090574380186214,0.2666823086439017,0.001354971156521635,0.29459953,Methanomicrobiaceae,family,
G_r053_substitution_titv_2pct,3,markers + neural network,1.0,0.10144927,0.5185185,0.09259259,0.993517017828201,0.16318206539803232,617.0,0.9945931865636325,0.1398899140180866,0.0013802675544887246,0.6150442,Thermococcus,genus,
G_r043_substitution_0p1pct,3,markers + neural network,0.5072464,0.21014492,1.0,0.3148148,1.0,0.17636321109863975,703.0,0.9951560156276866,0.203732785736363,0.0011437331938141068,0.62112075,Leptotrichia,genus,
G_r004_substitution_5pct,2,markers,0.44927537,0.2753623,0.8611111,0.33333334,0.8289473684210527,0.48902180016135866,627.0,0.7846873336054723,0.28141579670824857,0.0019328586702777792,0.37968305,Helicobacter,genus,
G_r027_chimera_40pct,3,markers + neural network,0.48550725,0.06521739,0.8611111,0.0,0.8923001651875457,0.010331384619774177,342.0,0.8814756166175692,0.0,0.0011480544670589624,0.49980807,Synergistales,order,
G_r055_none_control,3,markers + neural network,0.5072464,0.21014492,0.9814815,0.23148148,0.9175691570185582,0.248796648927544,554.0,0.8934864568356108,0.2508669487201217,0.0011862448109993904,0.4299132,Desulfovibrionaceae,family,
G_r030_chimera_20pct,3,markers + neural network,0.42028984,0.08695652,0.7962963,0.055555556,0.8362068965517241,0.04310344827586207,232.0,0.797613206308688,0.06956417393088829,0.0007150425553680932,0.38561362,Bacteria,superkingdom,
G_r013_uneven_coverage_20pct,2,markers,0.21014492,0.050724637,0.4537037,0.074074075,0.5675675675675675,0.10810810810810811,148.0,0.6695955101933029,0.11469938275783681,0.0007624516420033655,0.28831032,Bacteria,superkingdom,
G_r031_indel_1pct,2,markers,0.57246375,0.3478261,0.3888889,0.3148148,0.5647058823529412,0.5161764705882353,170.0,0.7360811662158531,0.25023153148804017,0.001618888445086099,0.17916816,Archaea,superkingdom,
G_r066_indel_0p5pct,2,markers,0.49275362,1.1811594,0.8981481,1.5185186,0.8658668132143725,1.088564624118434,771.0,0.9047467725990481,0.2676933124691352,0.0021417368806309475,0.21490574,Micromonospora,genus,
G_r063_substitution_0p1pct,3,markers + neural network,0.5072464,0.057971016,0.9351852,0.009259259,0.9862068965517241,0.022413793103448276,290.0,0.9691607707480145,0.02181207719757553,0.0009902027870544194,0.48036692,Bacteria,superkingdom,
G_r006_indel_0p5pct,2,markers,0.442029,0.5869565,0.9351852,0.9444444,0.9969325153374233,1.4729039478887078,326.0,1.0,0.2505637737030407,0.0025511092536481734,0.21461108,Chlamydiia,class,
G_r014_substitution_2pct,3,markers + neural network,0.4347826,0.06521739,0.712963,0.09259259,0.6384943827761205,0.11505626105596078,859.0,0.6201619328971142,0.170537239688042,0.001650330825187099,0.44519228,Thermus,genus,
G_r002_substitution_5pct,3,markers + neural network,0.36231884,0.1594203,0.7685185,0.23148148,0.7843347639484979,0.2632332011865444,466.0,0.7285216029927584,0.234454706530002,0.0013072869443200522,0.3886015,Microbacteriaceae,family,
G_r007_indel_0p1pct,3,markers + neural network,0.2753623,0.07971015,0.5648148,0.18518518,0.7930952889578683,0.24288689749581474,560.0,0.747898753020658,0.27672523498949453,0.0014291464531502231,0.49738562,Borrelia,genus,
G_r010_substitution_2pct,3,markers + neural network,0.4347826,0.13768116,0.9166667,0.22222222,0.924908424908425,0.2692307692307692,273.0,0.9450576980476156,0.22220659678854,0.0010523995013785327,0.4477301,Bacteria,superkingdom,
G_r077_substitution_titv_5pct,3,markers + neural network,0.32608697,0.10144927,0.5092593,0.11111111,0.65637856942636,0.18518518518518517,162.0,0.7352789335158514,0.13233859558257946,0.0007826428786989151,0.26665884,Bacteria,superkingdom,
G_r059_substitution_titv_0p1pct,3,markers + neural network,0.3043478,0.13043478,0.6111111,0.018518519,0.7072727272727273,0.03272727272727273,275.0,0.6902357591230711,0.015301748788218099,0.0011226121460580257,0.40403512,Bacteria,superkingdom,
G_r057_substitution_titv_0p5pct,3,markers + neural network,0.5217391,0.0942029,0.9814815,0.055555556,0.9568690095846646,0.025559105431309903,313.0,0.9544140510418817,0.022108809656293464,0.000985004184521323,0.58034074,Bacteria,superkingdom,
G_r005_chimera_10pct,3,markers + neural network,0.32608697,0.050724637,0.6018519,0.018518519,0.6253333423755787,0.011604937800654658,675.0,0.6376440325352521,0.03630409893045492,0.0011791373938836536,0.47954074,Synechococcales,order,
G_r078_substitution_2pct,3,markers + neural network,0.442029,0.11594203,0.8055556,0.11111111,0.7158611196643052,0.12460682718608404,869.0,0.6567154151197988,0.17278842186701748,0.001598888554963277,0.5017516,Thermus,genus,
G_r000_substitution_0p5pct,3,markers + neural network,0.42028984,0.18115942,0.6759259,0.18518518,0.6538881919099757,0.14729657138351107,1644.0,0.6242795559395974,0.21953306179779225,0.0013799552413294887,0.41561142,Klebsiella,genus,
G_r005_substitution_2pct,3,markers + neural network,0.32608697,0.10869565,0.6018519,0.10185185,0.623965594559035,0.13679683158587214,717.0,0.6379191313737304,0.2010007346264787,0.0013657288140490097,0.40683192,Synechococcales,order,
G_r033_indel_0p5pct,2,markers,0.24637681,0.3043478,0.4074074,0.3888889,0.5912990570068359,0.7594975303201115,272.0,0.6619852711093894,0.3136691853883705,0.0026031799902572752,0.17793232,Bacteria,superkingdom,
G_r005_indel_5pct,2,markers,0.28985506,0.42028984,0.537037,0.6203704,0.5271168307092795,0.6760450160771704,622.0,0.6367817357261323,0.30962117111341675,0.001927660360933633,0.22500196,Synechococcales,order,
G_r001_indel_1pct,2,markers,0.44927537,0.8043478,0.7407407,1.0925926,0.7487486016625436,1.4170160615541327,859.0,0.7950880688921587,0.23548133402561772,0.003368032052102962,0.13596,Lacticaseibacillus,genus,
G_r013_indel_2pct,2,markers,0.21014492,0.2536232,0.37037036,0.35185185,0.4875,0.575,160.0,0.6829805378279985,0.29047626916564523,0.0011905815012358528,0.17576556,Bacteria,superkingdom,
G_r031_uneven_coverage_10pct,3,markers + neural network,0.64492756,0.036231883,0.44444445,0.074074075,0.649494980320786,0.045454545454545456,165.0,0.6654161226649227,0.07172668197374438,0.0008490178476332486,0.30506983,Archaea,superkingdom,
G_r067_none_control,3,markers + neural network,0.47826087,0.057971016,1.0,0.037037037,1.0,0.04551184880751525,661.0,1.0,0.07439957863179761,0.0011334119627325362,0.7004202,Weeksellaceae,family,
G_r068_uneven_coverage_5pct,3,markers + neural network,0.28985506,0.0942029,0.7037037,0.027777778,0.8421098463606126,0.05348184793302328,1010.0,0.8235654652661744,0.06613973117170213,0.0013227852050349907,0.7247986,Campylobacter,genus,
G_r021_chimera_40pct,3,markers + neural network,0.5,0.06521739,0.9537037,0.027777778,1.0,0.045857991927709334,507.0,1.0,0.033925862692457204,0.0012008324011853492,0.67255783,Thermotogales,order,
G_r074_substitution_titv_0p1pct,3,markers + neural network,0.4347826,0.036231883,0.787037,0.009259259,0.8832599118942731,0.05359765191435289,227.0,0.8657854308486326,0.1725532941920163,0.0010822451866418985,0.48006472,Bacteria,superkingdom,
G_r079_substitution_titv_5pct,2,markers,0.47826087,0.24637681,0.9166667,0.2962963,0.9686717556831532,0.4291979854268239,266.0,0.9713118451921583,0.17518533242977335,0.0012755735357378093,0.29564053,Bacteria,superkingdom,
G_r022_chimera_10pct,3,markers + neural network,0.48550725,0.07971015,0.8240741,0.046296295,0.8170347003154574,0.12460567823343849,317.0,0.7864171429517666,0.23271271233324892,0.001020165306740084,0.42624095,Bacteria,superkingdom,
G_r029_chimera_40pct,2,markers,0.26086956,0.0,0.44444445,0.037037037,0.5903723610194568,0.01634877384196185,367.0,0.6319611294074259,0.018709366835581935,0.0013179501244928564,0.4224574,Bacteria,superkingdom,
G_r045_substitution_2pct,3,markers + neural network,0.45652175,0.1594203,0.9166667,0.12037037,0.9964539007092199,0.19060283687943264,282.0,1.0,0.17768628273826603,0.0010119812373755256,0.4756325,Bacteria,superkingdom,
G_r035_indel_0p1pct,3,markers + neural network,0.41304347,0.13768116,0.8148148,0.14814815,0.7508361204013378,0.1727982077710206,299.0,0.7380338791659988,0.20595515294029562,0.0012686439727684947,0.37303323,Bacteria,superkingdom,
G_r031_indel_0p5pct,2,markers,0.6086956,0.34057972,0.42592594,0.3148148,0.5730337078651685,0.3497191011235955,178.0,0.7403497654032705,0.19642291989467398,0.0015085951988288303,0.1935889,Archaea,superkingdom,
G_r064_substitution_5pct,2,markers,0.5,0.26086956,0.9814815,0.3148148,0.9638967514038086,0.3966619751670144,704.0,0.955737810362279,0.26516295913373117,0.0013673554832155735,0.453958,Xanthomonadaceae,family,
G_r005_substitution_titv_0p1pct,3,markers + neural network,0.32608697,0.050724637,0.6018519,0.018518519,0.6253333423755787,0.017530863726580585,675.0,0.6352962903101851,0.045191288371035,0.001191175550023354,0.4762212,Synechococcales,order,
G_r029_uneven_coverage_5pct,2,markers,0.26086956,0.007246377,0.44444445,0.06481481,0.5972670278241557,0.051075268817204304,372.0,0.641048194730201,0.07061892457322128,0.0013207769063062573,0.40165666,Bacteria,superkingdom,
G_r069_indel_5pct,2,markers,0.39855072,0.6594203,0.7685185,1.037037,0.6754073983651621,1.151851851851852,675.0,0.6626815417868717,0.3118111595945727,0.0022674046015064802,0.1820931,Synechococcaceae,family,
G_r049_uneven_coverage_5pct,3,markers + neural network,0.24637681,0.036231883,0.5740741,0.06481481,0.7111027883198446,0.06604291721732317,668.0,0.6898396359012768,0.09623901318812869,0.001083347976180375,0.48606345,Deinococcus,genus,
G_r039_substitution_titv_2pct,3,markers + neural network,0.35507247,0.18115942,0.6018519,0.06481481,0.6590958560805723,0.21255019773919898,996.0,0.6421887330583269,0.2862548131204632,0.0015585410244233191,0.4380654,Campylobacter,genus,
G_r019_indel_0p5pct,2,markers,0.36956522,0.32608697,0.6574074,0.49074075,0.6617844706833965,0.7084174878669508,495.0,0.6640334516150883,0.30485696843608046,0.0017897489114665007,0.20768857,Acidobacteriaceae,family,
G_r033_chimera_40pct,2,markers,0.24637681,0.050724637,0.4074074,0.037037037,0.5761648745519713,0.043010752688172046,279.0,0.6341287256395516,0.10875529799082378,0.0012302741053632491,0.38011053,Bacteria,superkingdom,
G_r000_substitution_5pct,2,markers,0.41304347,0.34057972,0.6759259,0.4351852,0.6429268018980848,0.46073139154144577,1462.0,0.644483683560288,0.31643314328437916,0.00192844276338899,0.2865262,Klebsiella,genus,
G_r001_substitution_titv_1pct,3,markers + neural network,0.44927537,0.123188406,0.7407407,0.074074075,0.7339476209320533,0.10867829000768059,918.0,0.692174512450102,0.16789803513517565,0.0013282970262430143,0.5063996,Lacticaseibacillus,genus,
G_r017_indel_1pct,2,markers,0.2536232,0.76811594,0.5648148,1.0648148,0.6688673297178398,1.4773924596101335,515.0,0.6214705228175221,0.33877109380181847,0.0029875561705194533,0.1370575,Geobacteraceae,family,
G_r034_substitution_titv_0p5pct,3,markers + neural network,0.48550725,0.0942029,0.9166667,0.06481481,0.9476744186046512,0.05232558139534884,172.0,0.9164813799085101,0.09886008676173662,0.0007442400139049232,0.4077099,Bacteria,superkingdom,
G_r069_chimera_5pct,3,markers + neural network,0.4347826,0.11594203,0.8611111,0.1388889,0.7504051863857374,0.07293354943273905,617.0,0.7125134556306145,0.12635332511241043,0.001164826553654137,0.49582607,Cyanobacteriota,phylum,
G_r067_substitution_2pct,2,markers,0.47826087,0.1521739,1.0,0.21296297,0.9955817378497791,0.39801178203240056,679.0,0.9929238829124605,0.27526042095191283,0.0014585711323689197,0.48995325,Weeksellaceae,family,
G_r054_chimera_5pct,3,markers + neural network,0.36956522,0.050724637,0.7314815,0.083333336,0.6567796610169492,0.13453389830508475,236.0,0.6696892756078043,0.18015428160308833,0.0007445355100034857,0.31340364,Bacteria,superkingdom,
G_r077_substitution_titv_0p5pct,3,markers + neural network,0.4057971,0.050724637,0.7037037,0.046296295,0.8008720930232558,0.11821704687074173,172.0,0.7307459108427411,0.24950273439844856,0.0007797891216207057,0.3461113,Bacteria,superkingdom,
G_r034_chimera_5pct,3,markers + neural network,0.49275362,0.06521739,0.9351852,0.009259259,0.9293478260869565,0.021739130434782608,184.0,0.8898042798474749,0.06950099779213262,0.0007298529289966253,0.4244397,Bacteria,superkingdom,
G_r039_uneven_coverage_40pct,2,markers,0.35507247,0.3478261,0.6018519,0.21296297,0.64636986981517,0.32771758482344315,831.0,0.6671861527728449,0.31113299582695875,0.001296087961431089,0.36325583,Campylobacter,genus,
G_r013_substitution_0p1pct,2,markers,0.21014492,0.014492754,0.4537037,0.0,0.5605263157894737,0.02631578947368421,190.0,0.6336679569288769,0.06570657708499497,0.0007431949262894276,0.34836707,Bacteria,superkingdom,
G_r033_substitution_titv_2pct,2,markers,0.23913044,0.10869565,0.39814815,0.12962963,0.5792963892530818,0.157439446366782,289.0,0.6575022792077053,0.18552681963597584,0.001446778941978898,0.3252285,Bacteria,superkingdom,
G_r069_indel_1pct,2,markers,0.4347826,0.9927536,0.8611111,1.712963,0.7570662470588907,1.5291910450360928,684.0,0.7427439725138466,0.2840726184286195,0.003143120831664548,0.14051062,Cyanophyceae,class,
G_r057_indel_5pct,2,markers,0.46376812,0.57246375,0.8518519,0.8148148,0.8216188083441494,1.0804046533359126,313.0,0.8049630814549806,0.2766522722898931,0.0016099386881682923,0.21663423,Bacteria,superkingdom,
G_r005_substitution_0p5pct,3,markers + neural network,0.32608697,0.07971015,0.6018519,0.083333336,0.6244256600381285,0.043366149172668886,711.0,0.6375035421842533,0.08149514387595753,0.0012345129121262754,0.46135738,Synechococcales,order,
G_r029_uneven_coverage_10pct,2,markers,0.26086956,0.014492754,0.44444445,0.074074075,0.5903723610194568,0.0776566757493188,367.0,0.6400864659408495,0.10595348591231021,0.0013157908939498445,0.38286507,Bacteria,superkingdom,
G_r041_chimera_5pct,3,markers + neural network,0.23913044,0.014492754,0.6296296,0.0,0.7290679787007553,0.014218009478672985,211.0,0.727461096672664,0.034483544656707756,0.0010083223708251114,0.5369664,Bacteria,superkingdom,
G_r047_indel_0p5pct,2,markers,0.19565217,0.35507247,0.4537037,0.5555556,0.6009316770186336,0.7677277274753737,644.0,0.6511944938206888,0.3652771504528863,0.0023172796064332315,0.21082556,Chlorobiaceae,family,
G_r024_uneven_coverage_5pct,3,markers + neural network,0.5217391,0.29710144,0.962963,0.5092593,0.9051043517075116,0.24690641327966392,431.0,0.8821658900523873,0.18104908808752238,0.0009223195932056692,0.3819022,Myxococcales,order,
G_r038_substitution_titv_1pct,2,markers,0.32608697,0.17391305,0.712963,0.46296296,0.7061676088055057,0.3111054030776758,974.0,0.6263363985293702,0.2604946373280526,0.0012104449819265873,0.32177487,Bacteroides,genus,
G_r042_substitution_titv_5pct,2,markers,0.2826087,0.26086956,0.5648148,0.25,0.6826294421220152,0.3477257920055129,1026.0,0.6338195514841305,0.3082894846228009,0.0012758595268308522,0.35341817,Leptospira,genus,
G_r070_chimera_40pct,2,markers,0.13768116,0.014492754,0.3611111,0.0,0.4966832630669893,0.009950248756218905,201.0,0.6182059582372449,0.06595036763905779,0.001067096866348218,0.407204,Bacteria,superkingdom,
G_r024_substitution_0p1pct,3,markers + neural network,0.5217391,0.29710144,0.962963,0.46296296,0.9027841660926624,0.23665893271461716,431.0,0.8689419818677717,0.1771466475933696,0.0009277669738358808,0.39065653,Myxococcales,order,
G_r052_indel_2pct,2,markers,0.1884058,0.36231884,0.46296296,0.42592594,0.6232091690544412,1.0503820730826916,349.0,0.6275965564546803,0.34540774631100296,0.0023857843545495587,0.1815913,Bacteria,superkingdom,
G_r036_substitution_titv_0p1pct,2,markers,0.26086956,0.007246377,0.5462963,0.0,0.5767749074799483,0.02208976157082749,713.0,0.6081577468723562,0.06932669230521601,0.001309328968903437,0.4827612,Leuconostoc,genus,
G_r038_chimera_40pct,3,markers + neural network,0.32608697,0.14492753,0.712963,0.37037036,0.7097860213813432,0.22233371559633028,872.0,0.6281520730531454,0.23396173898287323,0.0010996139601940856,0.35536546,Bacteroides,genus,
G_r078_chimera_10pct,3,markers + neural network,0.442029,0.04347826,0.8055556,0.0,0.7070492430229407,0.007610789613227624,865.0,0.6977742353847678,0.0,0.0013958969329811296,0.5859698,Thermus,genus,
G_r070_chimera_20pct,2,markers,0.13768116,0.014492754,0.3611111,0.0,0.4966832630669893,0.009950248756218905,201.0,0.6182059582372449,0.06595036763905779,0.001067096866348218,0.407204,Bacteria,superkingdom,
G_r010_substitution_5pct,2,markers,0.4347826,0.19565217,0.9074074,0.2962963,0.9089219330855018,0.4200743494423792,269.0,0.8810477415249065,0.24179647840671611,0.0011572961533825546,0.37921938,Bacteria,superkingdom,
G_r034_substitution_titv_2pct,3,markers + neural network,0.47826087,0.123188406,0.9259259,0.055555556,0.912568306010929,0.11202185792349727,183.0,0.9027872697593344,0.14066293628428922,0.0007734030238541757,0.37738878,Bacteria,superkingdom,
G_r039_substitution_titv_1pct,3,markers + neural network,0.35507247,0.14492753,0.6018519,0.055555556,0.6620588340306942,0.14244070543130868,1012.0,0.6507399023868846,0.26359692794702405,0.0014638344364134477,0.4748018,Campylobacter,genus,
G_r054_chimera_20pct,3,markers + neural network,0.36956522,0.050724637,0.7314815,0.083333336,0.6567796610169492,0.13453389830508475,236.0,0.6696892756078043,0.18015428160308833,0.0007445355100034857,0.31340364,Bacteria,superkingdom,
G_r068_indel_1pct,2,markers,0.28985506,0.81884056,0.7037037,1.1574074,0.8480861244019139,1.787333949330891,836.0,0.8771329185302765,0.19219850909539016,0.003960737397732092,0.17760858,Campylobacter,genus,
G_r008_uneven_coverage_5pct,3,markers + neural network,0.3478261,0.08695652,0.6296296,0.037037037,0.7635086862664474,0.14604288736979168,855.0,0.7212443579919066,0.23350043869654688,0.0011246877540449151,0.503924,Fusobacterium,genus,
G_r020_substitution_titv_0p5pct,2,markers,0.19565217,0.057971016,0.4537037,0.046296295,0.5399920449872907,0.041467301583176026,418.0,0.6069263107283501,0.05996998208802614,0.0011840332988091592,0.3658357,Desulfovibrionales,order,
G_r010_indel_1pct,2,markers,0.442029,0.68115944,0.9074074,1.0185186,0.9007352941176471,1.4448529411764706,272.0,0.8734811587042822,0.21646953409357172,0.002252538349417716,0.16964272,Bacteria,superkingdom,
G_r012_indel_5pct,2,markers,0.2753623,0.22463769,0.5277778,0.42592594,0.5362903225806451,0.5329301280360068,248.0,0.6714723814526035,0.2651766068673094,0.0016817303270795778,0.18346791,Bacteria,superkingdom,
G_r020_none_control,2,markers,0.19565217,0.057971016,0.46296296,0.037037037,0.5600817521846262,0.01907356948228883,367.0,0.6108056448066176,0.030338506557248533,0.0011606930120153852,0.37629098,Desulfovibrionaceae,family,
G_r075_uneven_coverage_10pct,3,markers + neural network,0.9710145,0.10869565,0.5185185,0.083333336,0.8865752789959218,0.050366875510545646,636.0,0.8917360753839277,0.02203539927148534,0.0010204583261311864,0.60885686,Sulfolobaceae,family,
G_r064_substitution_titv_2pct,3,markers + neural network,0.5072464,0.123188406,1.0,0.12037037,0.9962067041085082,0.152323368772504,703.0,1.0,0.1335866898555435,0.0012514889017990153,0.57769674,Xanthomonadaceae,family,
G_r047_uneven_coverage_40pct,2,markers,0.19565217,0.28985506,0.46296296,0.6666667,0.6013198757763976,0.4048913043478261,644.0,0.6379469896550722,0.3009632732669845,0.0012054130619105611,0.32079637,Chlorobiaceae,family,
G_r051_indel_5pct,2,markers,0.41304347,0.64492756,0.7037037,0.6666667,0.7549467739993578,0.815068493150685,219.0,0.7351987619719424,0.25787831338466405,0.001118460021418764,0.21147688,Bacteria,superkingdom,
G_r024_substitution_titv_1pct,2,markers,0.5217391,0.36231884,0.962963,0.5648148,0.9094814724392362,0.33666666666666667,450.0,0.8627318446274546,0.224523811057786,0.001007854609020685,0.3573744,Myxococcales,order,
G_r028_uneven_coverage_10pct,3,markers + neural network,0.42753622,0.11594203,0.6851852,0.037037037,0.8580952671595982,0.08564625876290458,350.0,0.8661387476537535,0.07520142121940093,0.0010000798496279644,0.41776142,Bacteria,superkingdom,
G_r049_indel_0p5pct,2,markers,0.24637681,0.34057972,0.5740741,0.46296296,0.712738814627289,0.7559448533756717,628.0,0.7320895413333082,0.3222769945548139,0.0020274370459751165,0.23380782,Deinococcus,genus,
G_r043_substitution_titv_0p5pct,3,markers + neural network,0.5,0.20289855,0.9907407,0.3611111,0.9981033954647492,0.21706970996232663,703.0,0.9976221089010056,0.23449110216939015,0.0011813414419666016,0.58675265,Leptotrichia,genus,
G_r046_substitution_0p5pct,3,markers + neural network,1.0,0.050724637,0.5185185,0.074074075,0.996961752573649,0.09810268878936768,768.0,0.9969303178007807,0.07080382249431917,0.001259939471479268,0.68569267,Sulfolobaceae,family,
G_r045_indel_0p1pct,3,markers + neural network,0.46376812,0.22463769,0.9444444,0.2037037,0.9966777408637874,0.29983388704318936,301.0,1.0,0.22947336768772056,0.0011525803231810948,0.42853683,Verrucomicrobiota,phylum,
G_r014_chimera_40pct,3,markers + neural network,0.4347826,0.028985508,0.7222222,0.0,0.6416957797493452,0.015521924348593591,859.0,0.6305985776640819,0.014044218846131655,0.0014464791858078778,0.52732146,Thermus,genus,
G_r048_chimera_5pct,3,markers + neural network,0.3188406,0.036231883,0.6666667,0.0,0.7644230769230769,0.0309829070017888,156.0,0.7313848010880855,0.09474266601017703,0.0009041563323455735,0.4011087,Bacteria,superkingdom,
G_r030_indel_1pct,2,markers,0.41304347,0.5652174,0.7592593,0.7962963,0.7644230769230769,0.8173076923076923,208.0,0.7522070258687896,0.23088521872737608,0.0013670751904604173,0.18139063,Bacteria,superkingdom,
G_r008_substitution_titv_0p5pct,3,markers + neural network,0.3478261,0.0942029,0.6296296,0.037037037,0.7618063033823421,0.15995671476073642,847.0,0.7128813452310621,0.24994503071109048,0.0011962538587906835,0.4880097,Fusobacterium,genus,
G_r077_substitution_titv_0p1pct,3,markers + neural network,0.4057971,0.02173913,0.7037037,0.018518519,0.8167808219178082,0.03424657534246575,146.0,0.7628203851760714,0.14953666484666792,0.0007640934576905543,0.3669507,Bacteria,superkingdom,
G_r039_chimera_10pct,3,markers + neural network,0.35507247,0.11594203,0.6018519,0.018518519,0.6562781654327754,0.068297103459656,1012.0,0.6402043887673919,0.18315083522054543,0.0012970684879612829,0.52787954,Campylobacter,genus,
G_r055_substitution_titv_0p5pct,3,markers + neural network,0.5072464,0.23913044,0.9814815,0.2685185,0.9222877335186551,0.27431141948217486,593.0,0.9024035239478598,0.2597855029655597,0.0012265009978721104,0.41173515,Desulfovibrionaceae,family,
G_r027_none_control,3,markers + neural network,0.48550725,0.06521739,0.8611111,0.0,0.8923001651875457,0.010331384619774177,342.0,0.8814674824935698,0.0,0.001147530241274917,0.49972555,Synergistales,order,
G_r055_uneven_coverage_20pct,2,markers,0.5072464,0.2753623,0.9814815,0.30555555,0.9263959390862944,0.4063169476142793,591.0,0.905501056669066,0.2826946858644616,0.001186718885457835,0.3394926,Desulfovibrionaceae,family,
G_r041_chimera_40pct,3,markers + neural network,0.23913044,0.014492754,0.6296296,0.0,0.7290679787007553,0.014218009478672985,211.0,0.727461096672664,0.03448354465670775,0.0010083223708251114,0.5369664,Bacteria,superkingdom,
G_r057_indel_0p1pct,2,markers,0.5217391,0.2536232,0.9814815,0.35185185,0.9357142857142857,0.32857142857142857,350.0,0.9307433185656104,0.25735758802143416,0.0012470775549232459,0.42681426,Bacteria,superkingdom,
G_r036_indel_5pct,2,markers,0.23913044,0.2826087,0.46296296,0.537037,0.5121432056620782,0.7052664569915639,689.0,0.6552107502143316,0.2875907722509192,0.002682432223047754,0.18648493,Leuconostoc,genus,
G_r030_substitution_titv_0p5pct,3,markers + neural network,0.42028984,0.10144927,0.8055556,0.10185185,0.8153153153153153,0.07207207207207207,222.0,0.7868516848957807,0.09790926136542699,0.0007261736848438011,0.3723139,Bacteria,superkingdom,
G_r020_substitution_titv_1pct,2,markers,0.19565217,0.072463766,0.46296296,0.06481481,0.529166693436472,0.062280705100611636,380.0,0.6108768142270935,0.10053668946193553,0.001208832353527544,0.35266587,Desulfovibrionales,order,
G_r073_indel_0p5pct,2,markers,0.7173913,0.57246375,0.4351852,0.30555555,0.731500015258789,0.7347916412353516,400.0,0.7409185345941942,0.22987411546186817,0.002086931515029069,0.19714178,Methanomicrobiales,order,
G_r024_substitution_0p5pct,3,markers + neural network,0.5217391,0.29710144,0.962963,0.4722222,0.904331003706859,0.28074245939675174,431.0,0.8674907292874774,0.20328414814337584,0.0009774099477022063,0.37228832,Myxococcales,order,
G_r058_uneven_coverage_5pct,3,markers + neural network,0.942029,0.06521739,0.5185185,0.09259259,0.899775757383338,0.07331838736085079,446.0,0.8962997437301856,0.05549688576003535,0.0009144214724968312,0.6119957,Methanobacteriaceae,family,
G_r008_substitution_2pct,2,markers,0.3478261,0.1884058,0.6388889,0.21296297,0.7686182955668179,0.432708811704113,854.0,0.7043351947181375,0.3062687948095821,0.001480273118439481,0.3494503,Fusobacterium,genus,
G_r009_indel_0p5pct,2,markers,0.79710144,0.79710144,0.4814815,0.6111111,0.7634195437725211,0.8960570075639911,503.0,0.7609069398678133,0.3087680639526507,0.0023397216326101677,0.21026893,Methanosarcinaceae,family,
G_r046_chimera_40pct,3,markers + neural network,1.0,0.007246377,0.5185185,0.018518519,1.0,0.01171875,768.0,1.0,0.0,0.0011743517464487523,0.77708673,Sulfolobaceae,family,
G_r019_uneven_coverage_5pct,3,markers + neural network,0.36956522,0.014492754,0.6574074,0.055555556,0.6584174878669508,0.06666666666666667,495.0,0.630714236555227,0.10846906280674887,0.0009456359102244389,0.3863463,Acidobacteriaceae,family,
G_r037_substitution_2pct,3,markers + neural network,0.49275362,0.26086956,0.9444444,0.2777778,0.7803030303030303,0.22210743801652894,726.0,0.6602982532154267,0.18881781921510565,0.001276668533273622,0.36738047,Streptomyces,genus,
G_r035_none_control,3,markers + neural network,0.41304347,0.050724637,0.8148148,0.009259259,0.7247191011235955,0.00749063670411985,267.0,0.6968032801740377,0.08608790486973564,0.0010158065658042571,0.46127665,Bacteria,superkingdom,
G_r059_substitution_1pct,3,markers + neural network,0.29710144,0.13043478,0.6018519,0.046296295,0.6903114186851211,0.0726643598615917,289.0,0.6693005981895532,0.061944784315715755,0.0011723597886383228,0.37984788,Bacteria,superkingdom,
G_r072_uneven_coverage_20pct,3,markers + neural network,0.39130434,0.1521739,0.7314815,0.1574074,0.6874545750473485,0.13373736757220644,825.0,0.6446412341702585,0.18399409195597446,0.0011834797655507863,0.47541314,Fusobacterium,genus,
G_r044_substitution_titv_0p5pct,3,markers + neural network,0.9637681,0.13043478,0.787037,0.12962963,0.8588957055214724,0.1448534476001326,489.0,0.8228101990023754,0.22500608222587226,0.0012017924148501403,0.43441644,Halobacteria,class,
G_r053_substitution_0p5pct,3,markers + neural network,1.0,0.036231883,0.5185185,0.037037037,0.997588424437299,0.08386924105825148,622.0,1.0,0.08169032886170743,0.001306697207511203,0.69485444,Thermococcus,genus,
G_r061_substitution_titv_5pct,3,markers + neural network,0.442029,0.1884058,0.787037,0.16666667,0.806390977443609,0.29010024106592164,266.0,0.7902364481668338,0.18706303982559308,0.0008020622823774232,0.31301367,Bacteria,superkingdom,
G_r058_indel_0p1pct,3,markers + neural network,0.942029,0.21014492,0.5185185,0.16666667,0.9002242152466368,0.2671151097045351,446.0,0.8824054407234798,0.23335532402293185,0.0011858255063308676,0.5003238,Methanobacteriaceae,family,
G_r023_substitution_5pct,2,markers,0.9347826,0.36231884,0.537037,0.19444445,0.9240774165047925,0.4717786065463362,551.0,0.892644435617881,0.2664486167892539,0.0014453701412375007,0.40162,Methanobacteriaceae,family,
G_r016_substitution_titv_1pct,3,markers + neural network,0.46376812,0.13768116,0.8888889,0.17592593,0.8934837283944725,0.14849624060150377,266.0,0.8931465368639396,0.20380459135228968,0.0014404139606103807,0.49794653,Bacteria,superkingdom,
G_r017_uneven_coverage_20pct,3,markers + neural network,0.2536232,0.16666667,0.5648148,0.21296297,0.6828037155008762,0.2868402213693779,535.0,0.6226959485328993,0.2761719059497844,0.0012320808135616954,0.32323733,Geobacteraceae,family,
G_r044_indel_2pct,2,markers,0.95652175,1.2898551,0.7777778,1.1851852,0.8415841584158416,1.4216172624342511,404.0,0.7647431298116092,0.23404576941201555,0.002811658872762208,0.14057827,Halobacteria,class,
G_r016_indel_0p1pct,2,markers,0.46376812,0.34057972,0.8981481,0.4814815,0.8745551601423488,0.36417554536323954,281.0,0.8265033433359626,0.26291585043623417,0.0017643165913347133,0.39662036,Bacteria,superkingdom,
G_r028_indel_0p1pct,3,markers + neural network,0.42753622,0.22463769,0.6851852,0.1388889,0.8447098976109215,0.2792946356555301,293.0,0.8294956252216614,0.2219877467963187,0.0012741922055218948,0.3467725,Bacteria,superkingdom,
G_r002_indel_5pct,2,markers,0.29710144,0.39855072,0.537037,0.5,0.5638268326913844,0.3743016759776536,358.0,0.6476638858316394,0.20857992045933796,0.0012017860798645501,0.2549218,Microbacteriaceae,family,
G_r063_substitution_0p5pct,3,markers + neural network,0.5,0.10144927,0.9351852,0.018518519,0.9817275747508306,0.06976744186046512,301.0,0.9840407398928945,0.06419926494947648,0.0010106544797302422,0.46299386,Bacteria,superkingdom,
G_r074_indel_2pct,2,markers,0.41304347,0.5072464,0.7222222,0.7777778,0.8176795580110497,1.0773480662983426,181.0,0.7438044604420049,0.263171583689205,0.002550677577646294,0.18538457,Bacteria,superkingdom,
G_r043_substitution_titv_2pct,2,markers,0.5,0.26811594,0.9814815,0.49074075,0.9938359701446924,0.39319581293618866,703.0,0.9868062837431414,0.2828073885127244,0.0013347241010983452,0.49956253,Leptotrichia,genus,
G_r015_chimera_10pct,3,markers + neural network,0.4057971,0.036231883,0.8425926,0.018518519,0.7303763112714213,0.027419354838709678,310.0,0.682018447482334,0.03675055892612755,0.0008077030855199794,0.40990704,Planctomycetia,class,
G_r041_indel_5pct,2,markers,0.19565217,0.3478261,0.5185185,0.6851852,0.6032608695652174,1.0217391304347827,184.0,0.6677199741321103,0.34181403804448407,0.0021874093812006092,0.17287537,Bacteria,superkingdom,
G_r064_indel_0p1pct,2,markers,0.5072464,0.28985506,1.0,0.24074075,0.9980506227727521,0.33594401398597407,684.0,1.0,0.25833445839652935,0.0014478191190015794,0.4858044,Xanthomonadaceae,family,
G_r055_substitution_0p5pct,2,markers,0.5072464,0.23913044,0.9814815,0.2685185,0.919073387173539,0.31329720287116425,554.0,0.8920294422865582,0.2632373234808235,0.0012477230094300117,0.40211353,Desulfovibrionaceae,family,
G_r063_substitution_1pct,3,markers + neural network,0.49275362,0.13043478,0.9166667,0.074074075,0.9823321554770318,0.1607773851590106,283.0,1.0,0.15391883095997494,0.0010528360958741267,0.4340473,Bacteria,superkingdom,
G_r036_substitution_titv_5pct,2,markers,0.26086956,0.14492753,0.5462963,0.17592593,0.5838987637410121,0.2583227917156388,678.0,0.6290730808920476,0.266686122995316,0.0018052410956936533,0.33707482,Leuconostoc,genus,
G_r058_substitution_5pct,2,markers,0.8623188,0.32608697,0.5185185,0.2962963,0.8448430219573291,0.48191330571880253,446.0,0.7842081308866913,0.2783023516960327,0.0011787688615611533,0.3881472,Methanobacteriaceae,family,
G_r023_uneven_coverage_20pct,3,markers + neural network,0.9927536,0.16666667,0.5462963,0.074074075,1.0,0.2248263888888889,576.0,1.0,0.19247381812863354,0.00117392406842213,0.5155536,Methanobacteriaceae,family,
G_r023_indel_0p1pct,2,markers,1.0,0.13768116,0.5555556,0.12962963,0.9980657640232108,0.312862669245648,517.0,1.0,0.23791179512454924,0.0014659222341772964,0.4845456,Methanobacteriaceae,family,
G_r037_uneven_coverage_10pct,3,markers + neural network,0.49275362,0.1521739,0.9444444,0.12037037,0.7765848826776984,0.1385480494586968,652.0,0.691911305578652,0.13575404886849538,0.0011116912433331994,0.39611593,Streptomyces,genus,
G_r076_uneven_coverage_20pct,3,markers + neural network,0.48550725,0.16666667,0.9074074,0.1388889,0.9192982456140351,0.15789473684210525,285.0,0.9309056976410834,0.08630824479039545,0.0008828939879573002,0.37346002,Bacteria,superkingdom,
G_r042_uneven_coverage_10pct,3,markers + neural network,0.2826087,0.072463766,0.5833333,0.027777778,0.6938304369875898,0.08577418434437822,1113.0,0.6638311938948432,0.12374527805375207,0.0008992074825013882,0.52577764,Leptospira,genus,
G_r071_substitution_titv_1pct,3,markers + neural network,0.48550725,0.10869565,0.8888889,0.074074075,0.8853829886921015,0.0889967699266946,309.0,0.8869279140996618,0.08715321727478745,0.0010644122262066474,0.4760468,Treponema,genus,
G_r006_indel_0p1pct,2,markers,0.44927537,0.14492753,0.9351852,0.19444445,1.0,0.32027649769585254,217.0,1.0,0.24137030020755984,0.0014341867629873578,0.47545093,Bacteria,superkingdom,
G_r010_indel_0p1pct,2,markers,0.4347826,0.18115942,0.9166667,0.3148148,0.9262820512820513,0.35657051282051283,312.0,0.927113759142787,0.2407425934540721,0.0011778688812229085,0.4053992,Bacteria,superkingdom,
G_r031_uneven_coverage_20pct,3,markers + neural network,0.64492756,0.0942029,0.44444445,0.046296295,0.6575202941894531,0.08384146341463415,164.0,0.6796892653331417,0.11043834650055662,0.0008228975664547899,0.2870386,Archaea,superkingdom,
G_r068_substitution_2pct,3,markers + neural network,0.28985506,0.23188406,0.7037037,0.2037037,0.8393671434627415,0.2792864101020503,1009.0,0.7779168668912178,0.2841347301708268,0.0017240868029430852,0.53461504,Campylobacter,genus,
G_r004_uneven_coverage_40pct,2,markers,0.44927537,0.21014492,0.8703704,0.3611111,0.8360413589364845,0.3967257208098689,677.0,0.7584396849040714,0.2763338057235176,0.0012473417200925614,0.5010892,Helicobacter,genus,
G_r020_chimera_40pct,2,markers,0.19565217,0.057971016,0.46296296,0.037037037,0.5600817521846262,0.01907356948228883,367.0,0.6108056448066176,0.030338506557248533,0.0011606930120153852,0.37629098,Desulfovibrionaceae,family,
G_r050_chimera_40pct,3,markers + neural network,0.4710145,0.0942029,0.8888889,0.037037037,0.831430792264198,0.04908675799086758,438.0,0.818496134141788,0.056260841117576475,0.0007581444012671003,0.4661692,Planctomycetaceae,family,
G_r016_substitution_0p5pct,3,markers + neural network,0.46376812,0.1521739,0.8981481,0.17592593,0.8883519509467936,0.16171003717472118,269.0,0.8836263474818241,0.2256010778650374,0.0014038051991481424,0.50084364,Bacteria,superkingdom,
G_r012_substitution_0p1pct,3,markers + neural network,0.28985506,0.057971016,0.6203704,0.06481481,0.6100094716879869,0.046742209631728045,353.0,0.6354153891895855,0.11368257872843215,0.001195204121431995,0.37297827,Bacteria,superkingdom,
G_r044_uneven_coverage_40pct,2,markers,0.9637681,0.9130435,0.787037,0.8240741,0.8563829787234043,0.5647163553440825,470.0,0.7863484464538011,0.2987591154569212,0.0011639056971861257,0.30997032,Halobacteria,class,
G_r019_substitution_5pct,3,markers + neural network,0.36956522,0.08695652,0.6574074,0.12037037,0.6804733727810651,0.2140039297250601,338.0,0.6858399324949249,0.1940539058491856,0.001113156996193816,0.30629465,Bacteria,superkingdom,
G_r078_indel_0p5pct,2,markers,0.42753622,0.47826087,0.7962963,0.712963,0.7296318296259915,0.6806307119152101,851.0,0.7418143225692387,0.3307727529377479,0.002702219972569172,0.26458213,Thermus,genus,
G_r015_substitution_0p1pct,3,markers + neural network,0.4057971,0.050724637,0.8425926,0.037037037,0.7060117302052786,0.036656891495601175,341.0,0.6639319463776521,0.05896958231293073,0.0008168607168750813,0.40511924,Planctomycetia,class,
G_r012_chimera_5pct,3,markers + neural network,0.28985506,0.057971016,0.6203704,0.06481481,0.6309951672451102,0.05575539568345324,278.0,0.6386058058171185,0.13117157420302764,0.0011835821443663395,0.37485376,Bacteria,superkingdom,
G_r071_substitution_0p1pct,3,markers + neural network,0.48550725,0.10144927,0.8796296,0.046296295,0.8852787439003351,0.031019980975130004,317.0,0.8772498086385851,0.01923016145392744,0.0010150250040450487,0.51239973,Treponema,genus,
G_r007_uneven_coverage_40pct,2,markers,0.2753623,0.0942029,0.5648148,0.11111111,0.7965253418831437,0.3252060960965106,566.0,0.7567797268618681,0.3035525033786181,0.0011325431077664106,0.5052402,Borreliaceae,family,
G_r000_indel_0p5pct,2,markers,0.42028984,0.6594203,0.6851852,0.9907407,0.659749335239485,1.024889585221047,1483.0,0.6927141070779973,0.2962237239647844,0.0030262913200526493,0.17558937,Enterobacteriaceae,family,
G_r035_uneven_coverage_5pct,3,markers + neural network,0.41304347,0.06521739,0.8148148,0.009259259,0.7306843435527474,0.023178807947019868,302.0,0.7020555692271546,0.08373023073702734,0.0010079188639274634,0.44908452,Bacteria,superkingdom,
G_r040_substitution_1pct,3,markers + neural network,0.41304347,0.1884058,0.7685185,0.19444445,0.7203196347031964,0.18541350575161125,657.0,0.6871673274194802,0.1557483074740461,0.0011217222777380968,0.3268747,Cyanophyceae,class,
G_r066_uneven_coverage_10pct,3,markers + neural network,0.49275362,0.44927537,0.8981481,0.4814815,0.864643349963822,0.21568626814401792,799.0,0.8323512206365404,0.19636122299475584,0.0011221212609869638,0.47506475,Micromonospora,genus,
G_r032_uneven_coverage_40pct,2,markers,0.45652175,0.6956522,0.7962963,0.9074074,0.8560606060606061,0.6105499267578125,297.0,0.8117582993796492,0.280366212092659,0.0011158420005347443,0.31930068,Bacteria,superkingdom,
G_r070_substitution_1pct,2,markers,0.13768116,0.036231883,0.35185185,0.055555556,0.5116747427677762,0.10869565217391304,207.0,0.6378503702420742,0.15994859663952815,0.0012603506295451395,0.34975556,Bacteria,superkingdom,
G_r033_substitution_titv_1pct,2,markers,0.2536232,0.072463766,0.39814815,0.074074075,0.5728070175438597,0.11052631578947368,285.0,0.6433480975009171,0.1737301288057488,0.0013473037467771135,0.34601557,Bacteria,superkingdom,
G_r074_uneven_coverage_40pct,2,markers,0.4347826,0.28985506,0.7962963,0.3425926,0.8714285714285714,0.4714285714285714,210.0,0.8242232732388854,0.2638164940252187,0.001052542834537413,0.31657577,Bacteria,superkingdom,
G_r066_substitution_5pct,2,markers,0.49275362,0.6086956,0.8796296,0.7685185,0.8522549825107626,0.4511479639332526,813.0,0.7674702013648741,0.2792221843283526,0.0013978068622877366,0.37695026,Micromonospora,genus,
G_r053_indel_1pct,2,markers,1.0,1.4710145,0.5185185,0.9814815,0.994991652754591,1.6901939022720158,599.0,0.9688797911209541,0.18450133546438569,0.003184482645063558,0.19768849,Thermococcus,genus,
G_r058_substitution_titv_2pct,3,markers + neural network,0.9347826,0.123188406,0.5185185,0.10185185,0.8964125286837864,0.15825858351361058,446.0,0.893044207075699,0.150107540354401,0.001033689617061319,0.5500662,Methanobacteriaceae,family,
G_r006_substitution_titv_1pct,3,markers + neural network,0.44927537,0.0942029,0.9259259,0.14814815,0.9955555555555555,0.14518517388237848,225.0,1.0,0.14817175654537384,0.0012069575091740962,0.5879608,Bacteria,superkingdom,
G_r014_chimera_20pct,3,markers + neural network,0.4347826,0.028985508,0.7222222,0.0,0.6416957797493452,0.015521924348593591,859.0,0.6305985776640819,0.014044218846131655,0.0014464791858078778,0.52732146,Thermus,genus,
G_r069_substitution_1pct,3,markers + neural network,0.4347826,0.16666667,0.8611111,0.2037037,0.7708665278919956,0.1895268514776154,627.0,0.7061848331718255,0.24047935763753966,0.0013048934450587619,0.42743775,Cyanophyceae,class,
G_r033_substitution_0p1pct,2,markers,0.24637681,0.050724637,0.4074074,0.037037037,0.5743727598566308,0.053763440860215055,279.0,0.6358855587562866,0.12615629910384046,0.0012522171631283486,0.3699524,Bacteria,superkingdom,
G_r034_chimera_20pct,3,markers + neural network,0.49275362,0.06521739,0.9351852,0.009259259,0.9293478260869565,0.021739130434782608,184.0,0.8898042798474749,0.06950099779213262,0.0007298529289966253,0.4244397,Bacteria,superkingdom,
G_r061_chimera_40pct,3,markers + neural network,0.44927537,0.0942029,0.8518519,0.0,0.8687258687258688,0.05019305019305019,259.0,0.8301333324767637,0.08507050776250843,0.0007359390343653329,0.40452978,Bacteria,superkingdom,
G_r046_uneven_coverage_40pct,2,markers,1.0,0.5217391,0.5185185,0.3611111,1.0,0.546062707901001,768.0,0.9733893872062851,0.35678591174436863,0.0011851617849475795,0.3410018,Sulfolobaceae,family,
G_r060_uneven_coverage_5pct,2,markers,0.46376812,0.014492754,0.2037037,0.0,0.5769720295913346,0.026717557251908396,262.0,0.6414259002913907,0.04249997840259285,0.001122792691640298,0.35745192,Archaea,superkingdom,
G_r079_chimera_20pct,3,markers + neural network,0.48550725,0.06521739,0.9537037,0.037037037,1.0,0.061224489795918366,294.0,0.968882448479945,0.05977773473591624,0.0010853140314407126,0.44963458,Bacteria,superkingdom,
G_r058_substitution_titv_1pct,3,markers + neural network,0.942029,0.0942029,0.5185185,0.083333336,0.8964125286837864,0.07922272618041445,446.0,0.8909169861678538,0.05078360795244351,0.0009802923951273523,0.594573,Methanobacteriaceae,family,
G_r023_chimera_10pct,3,markers + neural network,0.9927536,0.0,0.5462963,0.027777778,1.0,0.007259528130671506,551.0,1.0,0.003139362216129364,0.0011639949774074991,0.66223806,Methanobacteriaceae,family,
G_r041_substitution_titv_1pct,3,markers + neural network,0.23913044,0.028985508,0.6296296,0.037037037,0.7249191432323271,0.10679611650485436,206.0,0.7101987014293035,0.15133821253122662,0.0011659084265146532,0.47216502,Bacteria,superkingdom,
G_r031_substitution_0p1pct,3,markers + neural network,0.64492756,0.014492754,0.44444445,0.027777778,0.6462167377120878,0.01687116564417178,163.0,0.6524554269175745,0.0319405190091663,0.00085023481878952,0.32489637,Archaea,superkingdom,
G_r001_substitution_5pct,2,markers,0.44927537,0.3188406,0.7314815,0.3425926,0.7163990235431886,0.3739778592989042,924.0,0.6688335862301038,0.3048363601969652,0.0016786673850936165,0.34763595,Lacticaseibacillus,genus,
G_r061_substitution_titv_0p1pct,3,markers + neural network,0.44927537,0.0942029,0.8518519,0.009259259,0.8819742489270386,0.03862660944206009,233.0,0.8432720883750813,0.07111223523947613,0.0007407075378277432,0.4013146,Bacteria,superkingdom,
G_r024_uneven_coverage_10pct,2,markers,0.5217391,0.3478261,0.962963,0.5648148,0.9107526404417156,0.3286901345350875,341.0,0.8721651270211437,0.2320924899171987,0.0009105514604090841,0.3517408,Myxococcota,phylum,
G_r065_indel_5pct,2,markers,0.45652175,0.71014494,0.8796296,1.0277778,0.827336129425578,1.2862751690638548,692.0,0.8292152432022257,0.2593803939727442,0.002571519774134516,0.23732226,Streptococcus,genus,
G_r014_indel_0p1pct,3,markers + neural network,0.4347826,0.18115942,0.7222222,0.2037037,0.6520809178077149,0.20111896348645467,849.0,0.6298078295620676,0.24782007723817437,0.001850470424278172,0.40512723,Thermus,genus,
G_r045_substitution_titv_1pct,3,markers + neural network,0.45652175,0.0942029,0.9351852,0.074074075,1.0,0.09668989547038327,287.0,1.0,0.0963637628010027,0.0009448755172030066,0.5401155,Bacteria,superkingdom,
G_r036_substitution_5pct,2,markers,0.26086956,0.123188406,0.5462963,0.19444445,0.5799950845871198,0.31805494631079606,674.0,0.6239383779381282,0.25718275727246753,0.0019518980356285649,0.3023378,Leuconostoc,genus,
G_r002_substitution_titv_2pct,3,markers + neural network,0.36956522,0.11594203,0.787037,0.10185185,0.8037517597148944,0.12481962757193164,462.0,0.7855896481050573,0.15969577473366597,0.0012331434127714261,0.4506829,Microbacteriaceae,family,
G_r006_substitution_titv_2pct,3,markers + neural network,0.44927537,0.10869565,0.9351852,0.19444445,1.0,0.28210680412523675,231.0,1.0,0.22590839233976526,0.0013227766640948428,0.5225866,Bacteria,superkingdom,
G_r034_indel_0p5pct,2,markers,0.49275362,0.5,0.9166667,0.712963,0.9117647058823529,0.7805429864253394,221.0,0.8986967799096307,0.2572991254338253,0.0012147545235413127,0.23352924,Bacteria,superkingdom,
G_r072_chimera_20pct,3,markers + neural network,0.39130434,0.050724637,0.7314815,0.0,0.6826643756436154,0.016687789646240545,789.0,0.6790703936328406,0.04560715910617859,0.0011759906346447196,0.55993444,Fusobacterium,genus,
G_r020_substitution_titv_5pct,2,markers,0.19565217,0.123188406,0.42592594,0.12037037,0.5170995869161763,0.1522366577412659,462.0,0.6189553540637166,0.16992399702500152,0.0012696143503863303,0.29324594,Desulfovibrionales,order,
G_r060_indel_0p1pct,2,markers,0.46376812,0.123188406,0.2037037,0.037037037,0.5716981132075472,0.22389936627082105,265.0,0.6666480215944774,0.19900809509883735,0.0014732728796554807,0.29084286,Archaea,superkingdom,
G_r029_substitution_titv_0p1pct,2,markers,0.26086956,0.0,0.44444445,0.037037037,0.5903723610194568,0.01634877384196185,367.0,0.6320996102780432,0.019235906623596692,0.0013155754395838602,0.42096326,Bacteria,superkingdom,
G_r008_substitution_5pct,2,markers,0.3478261,0.32608697,0.6203704,0.25925925,0.7532897296048231,0.6856322226144471,841.0,0.7299433849519432,0.3055503291803149,0.0017619926269980045,0.28462183,Fusobacterium,genus,
G_r002_uneven_coverage_20pct,3,markers + neural network,0.36956522,0.057971016,0.8148148,0.11111111,0.8109840186866554,0.20408869880152838,481.0,0.7756538158493217,0.22582625172213,0.0011413553017844244,0.4137464,Microbacteriaceae,family,
G_r039_substitution_titv_0p5pct,3,markers + neural network,0.35507247,0.13768116,0.6018519,0.037037037,0.6543642011931677,0.101205816353986,1009.0,0.6350730301524342,0.22256852741845032,0.0013608924929244572,0.50631577,Campylobacter,genus,
G_r075_indel_0p1pct,3,markers + neural network,0.9710145,0.3478261,0.5185185,0.25925925,0.8862478777589134,0.2827390920124151,589.0,0.8570719666589734,0.26332710219530264,0.001304358064822802,0.48890844,Sulfolobaceae,family,
G_r060_substitution_0p1pct,2,markers,0.46376812,0.014492754,0.2037037,0.0,0.5769720295913346,0.030534351145038167,262.0,0.637207222199526,0.06059192037024865,0.0011367649461749704,0.3594992,Archaea,superkingdom,
G_r010_substitution_titv_0p1pct,3,markers + neural network,0.4347826,0.06521739,0.9166667,0.074074075,0.9299242424242424,0.07007575757575757,264.0,0.936007447682825,0.08678021163649326,0.0008929565903324194,0.540027,Bacteria,superkingdom,
G_r002_uneven_coverage_5pct,3,markers + neural network,0.36956522,0.050724637,0.8148148,0.009259259,0.8119612068965517,0.040589077719326676,464.0,0.8031726575862259,0.03966808447000161,0.0011308600789880646,0.4980276,Microbacteriaceae,family,
G_r065_chimera_40pct,3,markers + neural network,0.49275362,0.072463766,1.0,0.046296295,1.0,0.024509805547611792,782.0,1.0,0.007887354351986356,0.0013807465646123477,0.7287102,Streptococcus,genus,
G_r068_indel_2pct,2,markers,0.28985506,0.9710145,0.6944444,1.287037,0.8203847125156076,2.0937937610554247,901.0,0.8016450202387814,0.1596115021573054,0.004437777016355038,0.14531235,Campylobacter,genus,
G_r042_indel_0p5pct,2,markers,0.2826087,0.48550725,0.5740741,0.5740741,0.719122407678431,0.9121206717135557,1113.0,0.7934638163177975,0.28811429231037927,0.0020357212771617735,0.21266055,Leptospira,genus,
G_r069_uneven_coverage_10pct,3,markers + neural network,0.4347826,0.26086956,0.8611111,0.39814815,0.7582845409014072,0.1821393799363521,684.0,0.6779237576121716,0.22939991556489503,0.0011649295966108637,0.44083628,Cyanophyceae,class,
G_r076_chimera_20pct,3,markers + neural network,0.48550725,0.08695652,0.9074074,0.0,0.9463636363636364,0.033939392783425074,275.0,0.9228910197855453,0.04068050096105693,0.000864665669041495,0.4346488,Bacteria,superkingdom,
G_r006_chimera_40pct,3,markers + neural network,0.44927537,0.04347826,0.9351852,0.0,1.0,0.015151515151515152,231.0,1.0,0.0,0.0010676261949837244,0.68084866,Bacteria,superkingdom,
G_r056_indel_2pct,2,markers,0.48550725,1.4347826,0.9074074,2.0925925,0.9010673485365994,2.0833332832223674,406.0,0.7079358449459089,0.21789108572184018,0.0036542078232615514,0.13878945,Thermotogae,class,
G_r060_substitution_titv_0p5pct,2,markers,0.46376812,0.028985508,0.2037037,0.0,0.5806122345178306,0.06547619047619048,294.0,0.6455961475329925,0.10420692737543777,0.0011631196203521336,0.3468026,Archaea,superkingdom,
G_r035_substitution_titv_0p5pct,3,markers + neural network,0.41304347,0.057971016,0.8148148,0.027777778,0.7091503267973857,0.02287581699346405,306.0,0.685253694119349,0.10309183052354308,0.0010355950053978465,0.4513358,Bacteria,superkingdom,
G_r047_substitution_0p5pct,3,markers + neural network,0.19565217,0.10869565,0.46296296,0.21296297,0.600924499229584,0.1263482280431433,649.0,0.6136755204686464,0.2014830081255096,0.0012403382803963985,0.40859103,Chlorobiaceae,family,
G_r036_uneven_coverage_5pct,2,markers,0.26086956,0.02173913,0.5462963,0.037037037,0.579780311102954,0.05980765301248302,713.0,0.6009323473976499,0.12999713690691067,0.0012944974498832217,0.4584865,Leuconostoc,genus,
G_r060_uneven_coverage_20pct,2,markers,0.46376812,0.17391305,0.2037037,0.10185185,0.5730337078651685,0.18352059925093633,267.0,0.6642835149108883,0.18198973695343362,0.0011413034725201356,0.30384877,Archaea,superkingdom,
G_r009_substitution_5pct,2,markers,0.79710144,0.2536232,0.4814815,0.22222222,0.7417469061408658,0.33798970422763125,519.0,0.6991463465205949,0.2699850064060771,0.0015019949764960093,0.33789533,Methanosarcinaceae,family,
G_r079_indel_5pct,2,markers,0.39130434,0.41304347,0.7407407,0.6296296,0.8116591928251121,1.0672645739910314,223.0,0.7754633818718972,0.25231230131940385,0.0015750830213738987,0.18726939,Bacteria,superkingdom,
G_r035_substitution_2pct,3,markers + neural network,0.4057971,0.10144927,0.8055556,0.09259259,0.7582644628099173,0.1384297520661157,242.0,0.7326992375329998,0.19338643745546308,0.001129406867174863,0.4008978,Bacteria,superkingdom,
G_r065_indel_1pct,2,markers,0.48550725,0.8913044,0.9907407,1.4166666,0.9697865453259699,1.6934640066964286,812.0,0.9396374179883307,0.14968849989732913,0.003556942803447811,0.20125468,Streptococcus,genus,
G_r000_indel_0p1pct,2,markers,0.42028984,0.26086956,0.6759259,0.3888889,0.6622378309857816,0.3462092267335766,1644.0,0.6265194793312598,0.3003964391812456,0.0017624882413757369,0.32608378,Klebsiella,genus,
G_r073_substitution_0p5pct,3,markers + neural network,0.7173913,0.08695652,0.4351852,0.046296295,0.7463080168776371,0.09353024446511571,474.0,0.726896166203842,0.14298517464869118,0.0010983553958539413,0.43894452,Methanomicrobiaceae,family,
G_r030_uneven_coverage_40pct,2,markers,0.42028984,0.1594203,0.7962963,0.25925925,0.8378995433789954,0.3675799086757991,219.0,0.8174118286170281,0.1678014954012647,0.0007064859460976969,0.29754958,Bacteria,superkingdom,
G_r068_indel_5pct,2,markers,0.26811594,0.67391306,0.5925926,0.9351852,0.7409327070051213,1.2782794863085285,897.0,0.7902078559609841,0.2526038304788513,0.0030628715730505896,0.21376781,Campylobacter,genus,
G_r043_indel_2pct,2,markers,0.5072464,1.4782609,0.9814815,2.7407408,0.9730141622978344,2.9452727022226792,684.0,0.7894648282512673,0.1363939389292294,0.003591860514424043,0.122284815,Leptotrichia,genus,
G_r078_uneven_coverage_40pct,2,markers,0.442029,0.6666667,0.8055556,0.787037,0.7232177028766257,0.3784778396518244,865.0,0.700157203854303,0.30249975376468247,0.0014334632943952292,0.4340652,Thermus,genus,
G_r053_substitution_2pct,3,markers + neural network,1.0,0.13768116,0.5185185,0.12037037,0.9924444580078124,0.2356547546386719,600.0,0.9931352754250826,0.20940817807760376,0.0014757991990714764,0.5781359,Thermococcus,genus,
G_r011_uneven_coverage_20pct,3,markers + neural network,0.73913044,0.007246377,0.42592594,0.018518519,0.6883003149139747,0.05056179775280899,534.0,0.6848314760301322,0.039511679583030625,0.000980432447030229,0.4832117,Sulfolobaceae,family,
G_r046_indel_0p1pct,2,markers,1.0,0.23188406,0.5185185,0.14814815,0.998046875,0.3066374858220418,768.0,0.995382797233426,0.2488249696385321,0.0015251842747330008,0.5448556,Sulfolobaceae,family,
G_r020_uneven_coverage_5pct,2,markers,0.19565217,0.08695652,0.46296296,0.06481481,0.5518976026965726,0.031309297912713474,527.0,0.6125749847909936,0.036922245818107484,0.0011406178508777617,0.36677575,Desulfovibrionales,order,
G_r014_substitution_0p5pct,3,markers + neural network,0.4347826,0.04347826,0.7222222,0.018518519,0.6400465515634095,0.04307334109429569,859.0,0.6199713798195489,0.059143413273079246,0.0014949120221142884,0.5038437,Thermus,genus,
G_r070_uneven_coverage_5pct,2,markers,0.13768116,0.02173913,0.3611111,0.0,0.4966832630669893,0.009950248756218905,201.0,0.6217620650661042,0.05651325130478054,0.0010562943540266554,0.40098274,Bacteria,superkingdom,
G_r076_substitution_2pct,3,markers + neural network,0.47826087,0.1884058,0.8888889,0.24074075,0.9276859504132231,0.2675619834710744,242.0,0.929434841528631,0.1895221839972227,0.0009742929235092559,0.35786253,Bacteria,superkingdom,
G_r050_chimera_5pct,3,markers + neural network,0.4710145,0.0942029,0.8888889,0.037037037,0.831430792264198,0.04908675799086758,438.0,0.818496134141788,0.056260841117576475,0.0007581444012671003,0.4661692,Planctomycetaceae,family,
G_r070_substitution_0p5pct,2,markers,0.13768116,0.02173913,0.3611111,0.027777778,0.49097938144329895,0.02577319587628866,194.0,0.621291200933356,0.09314515134529391,0.0011483194624744605,0.37832272,Bacteria,superkingdom,
G_r023_substitution_titv_2pct,3,markers + neural network,0.9927536,0.072463766,0.537037,0.055555556,0.9872958257713249,0.1726255330329798,551.0,0.9914927819096829,0.15954384669033542,0.0012895597899309852,0.5471846,Methanobacteriaceae,family,
G_r026_indel_5pct,2,markers,0.48550725,0.68115944,0.537037,0.7962963,0.6150793892996652,0.7484126499720982,210.0,0.6171520928448821,0.30215910399532,0.0007961935813879039,0.19177184,Bacteria,superkingdom,
G_r019_uneven_coverage_40pct,2,markers,0.36956522,0.3115942,0.6574074,0.46296296,0.6749296550509296,0.37060479272769975,474.0,0.6149688501690044,0.28830947079815894,0.0009399500309276777,0.25134158,Acidobacteriaceae,family,
G_r072_substitution_5pct,2,markers,0.38405797,0.22463769,0.7222222,0.35185185,0.6764162561576355,0.4927339976644281,812.0,0.6974601179110044,0.2842918081948761,0.0019599843910745327,0.3071206,Fusobacterium,genus,
G_r040_indel_0p5pct,2,markers,0.41304347,0.64492756,0.7685185,0.9166667,0.7460176991150442,1.1712389380530974,565.0,0.6972115598163209,0.24226422867641367,0.0021062197526032977,0.15801027,Cyanophyceae,class,
G_r028_none_control,3,markers + neural network,0.42753622,0.07971015,0.6851852,0.009259259,0.8477298064881384,0.023255813953488372,301.0,0.8496144700079412,0.015576055354538938,0.0010014759443699916,0.46295217,Bacteria,superkingdom,
G_r066_uneven_coverage_5pct,3,markers + neural network,0.49275362,0.46376812,0.8981481,0.4814815,0.8644346540353176,0.17282018554076384,799.0,0.8345871214680926,0.16655501844412524,0.001126437722565593,0.51120096,Micromonospora,genus,
G_r052_indel_1pct,2,markers,0.1884058,0.3478261,0.49074075,0.39814815,0.6721631719710979,1.0167996021027261,376.0,0.6658099353331044,0.3337038845461701,0.002417589640779571,0.18263787,Thermodesulfobacteriota,phylum,
G_r008_indel_2pct,2,markers,0.34057972,0.8623188,0.6203704,1.0555556,0.7629274025941506,1.9871654021434295,780.0,0.6403714936438845,0.14888996170765567,0.0033982290573498107,0.1157157,Fusobacterium,genus,
G_r048_indel_2pct,2,markers,0.2826087,0.3188406,0.5833333,0.5,0.6952054794520548,0.8504566035858573,146.0,0.7093109805332097,0.2801020562574494,0.0017079088723001336,0.19061959,Bacteria,superkingdom,
G_r021_uneven_coverage_20pct,2,markers,0.5,0.4057971,0.9537037,0.6203704,1.0,0.39784947201694437,527.0,0.9981419872076716,0.28093783902908465,0.00121439473803823,0.4492271,Thermotogales,order,
G_r052_uneven_coverage_5pct,3,markers + neural network,0.20289855,0.036231883,0.5,0.018518519,0.6908014849886868,0.023224043715846996,366.0,0.674868768319157,0.006973676224345575,0.0011420437825191332,0.42354473,Bacteria,superkingdom,
G_r073_none_control,3,markers + neural network,0.7173913,0.028985508,0.4351852,0.009259259,0.744198312236287,0.026722924115788586,474.0,0.7368894893660425,0.06643616018539783,0.001038777936503076,0.47868562,Methanomicrobiaceae,family,
G_r018_substitution_0p5pct,3,markers + neural network,0.98550725,0.34057972,0.6851852,0.49074075,0.9471156720651001,0.19871795271030587,637.0,0.9350660412414028,0.25226270853421257,0.0012911684726465888,0.5351867,Thermococcus,genus,
G_r041_uneven_coverage_40pct,2,markers,0.23913044,0.10869565,0.6296296,0.2685185,0.7249191432323271,0.32524271844660196,206.0,0.7463415020166656,0.24840511726419456,0.0009942928082205748,0.4074577,Bacteria,superkingdom,
G_r040_substitution_5pct,2,markers,0.41304347,0.3115942,0.7777778,0.44444445,0.7339044493678203,0.5507528239692855,642.0,0.7166405343087814,0.24368620050978299,0.0013702712775192378,0.24021772,Cyanophyceae,class,
G_r065_substitution_1pct,3,markers + neural network,0.49275362,0.13043478,0.9907407,0.12962963,0.9946634076498999,0.14242610085773938,812.0,1.0,0.12549250368828507,0.0015532159847433948,0.61889845,Streptococcus,genus,
G_r015_substitution_titv_2pct,3,markers + neural network,0.39855072,0.07971015,0.8148148,0.12037037,0.7055730970123965,0.1608832807570978,317.0,0.6612197659527383,0.19719770184135038,0.0009257057066957199,0.34167495,Planctomycetia,class,
G_r012_substitution_0p5pct,3,markers + neural network,0.28985506,0.072463766,0.6203704,0.083333336,0.6109537011165457,0.0679886685552408,353.0,0.6379203129941101,0.13749136195981623,0.0012333242062073444,0.3593205,Bacteria,superkingdom,
G_r029_substitution_titv_2pct,2,markers,0.24637681,0.028985508,0.44444445,0.083333336,0.5892025116951235,0.11223118279569892,372.0,0.6523763599487469,0.14303727652108172,0.001466367931305115,0.3681161,Bacteria,superkingdom,
G_r042_substitution_titv_2pct,3,markers + neural network,0.2826087,0.072463766,0.5833333,0.046296295,0.6979420701879838,0.16297813929712404,1098.0,0.6265538785038108,0.23025961940514686,0.0010823003116711188,0.45851478,Leptospira,genus,
G_r062_chimera_40pct,3,markers + neural network,0.46376812,0.050724637,0.8055556,0.009259259,0.730576479345336,0.015037593984962405,266.0,0.7082546721256251,0.021859772255744286,0.001267074602880277,0.4862783,Bacteria,superkingdom,
G_r059_indel_1pct,2,markers,0.29710144,0.6086956,0.6018519,0.7037037,0.6887966804979253,0.8962655601659751,241.0,0.6956895185460388,0.31653057845339877,0.002137311820342607,0.16965908,Bacteria,superkingdom,
G_r028_chimera_20pct,3,markers + neural network,0.42753622,0.07971015,0.6851852,0.009259259,0.8477298064881384,0.023255813953488372,301.0,0.8496144700079412,0.015576055354538952,0.0010014759443699916,0.46295217,Bacteria,superkingdom,
G_r005_indel_0p5pct,2,markers,0.33333334,0.39130434,0.6111111,0.6944444,0.6157950085429873,0.7093237923744552,631.0,0.6856992246890846,0.3299027197739202,0.0024055460565474847,0.22230266,Synechococcales,order,
G_r057_substitution_titv_5pct,2,markers,0.5,0.23188406,0.962963,0.3148148,0.9224137931034483,0.33764367816091956,348.0,0.9192053892676544,0.24845447104691465,0.0012038008587001018,0.41302705,Bacteria,superkingdom,
G_r058_indel_2pct,2,markers,0.9202899,1.1884058,0.5277778,0.712963,0.8780760626398211,1.5388888160654361,447.0,0.8509204674366757,0.23486446792923688,0.0021757780837334518,0.21800518,Methanobacteriales,order,
G_r017_chimera_40pct,3,markers + neural network,0.2536232,0.11594203,0.5648148,0.046296295,0.6741737821208897,0.08578980146948971,536.0,0.6291747362154981,0.14922874331018124,0.0012251342544321274,0.41851658,Geobacteraceae,family,
G_r000_indel_1pct,2,markers,0.42028984,0.9057971,0.6759259,1.2777778,0.6598275389232894,1.498759633374911,1403.0,0.66020418093531,0.27934460963201424,0.0038522131948946726,0.11809836,Enterobacteriaceae,family,
G_r035_chimera_40pct,3,markers + neural network,0.41304347,0.050724637,0.8148148,0.009259259,0.7247191011235955,0.00749063670411985,267.0,0.6968032801740377,0.08608790486973567,0.0010158065658042571,0.46127665,Bacteria,superkingdom,
G_r062_uneven_coverage_10pct,3,markers + neural network,0.46376812,0.057971016,0.8055556,0.009259259,0.6993569131832797,0.03054662379421222,311.0,0.6836943109882445,0.028419255673941386,0.001266558721538264,0.4518458,Bacteria,superkingdom,
G_r029_uneven_coverage_20pct,2,markers,0.26086956,0.036231883,0.44444445,0.09259259,0.5944595544799472,0.14305177111716622,367.0,0.6536508418637668,0.17596924512894024,0.0013298240753566975,0.36446282,Bacteria,superkingdom,
G_r025_substitution_titv_0p5pct,3,markers + neural network,0.8333333,0.0942029,0.6388889,0.055555556,0.8366141732283464,0.10236220472440945,254.0,0.7997391729476483,0.21437262695942902,0.0010639855319737176,0.4143308,Archaea,superkingdom,
G_r043_uneven_coverage_10pct,3,markers + neural network,0.5072464,0.3768116,1.0,0.5648148,1.0,0.2892128956606174,703.0,0.998023547708052,0.258989663313199,0.0011332753232231275,0.5421305,Leptotrichia,genus,
G_r053_uneven_coverage_10pct,3,markers + neural network,1.0,0.057971016,0.5185185,0.027777778,1.0,0.09307324055527945,617.0,1.0,0.07278170357775866,0.0012303315406595875,0.6736913,Thermococcus,genus,
G_r070_indel_0p1pct,2,markers,0.13768116,0.04347826,0.3611111,0.06481481,0.5144927536231884,0.17310790278485433,207.0,0.6407933876049625,0.19217264663141775,0.0014200745889276197,0.30956414,Bacteria,superkingdom,
G_r030_substitution_titv_0p1pct,3,markers + neural network,0.42028984,0.08695652,0.7962963,0.055555556,0.8227848101265823,0.05063291139240506,237.0,0.7838720001956038,0.08408564255916492,0.0007187529318599959,0.38191763,Bacteria,superkingdom,
G_r012_substitution_titv_5pct,3,markers + neural network,0.28985506,0.17391305,0.6203704,0.2777778,0.6096136293642604,0.21765498652291104,371.0,0.6755086789766938,0.2034370829254898,0.0014490281005459075,0.28277025,Bacteria,superkingdom,
G_r068_chimera_20pct,3,markers + neural network,0.28985506,0.08695652,0.7037037,0.0,0.8413672721031868,0.0009900988918719906,1010.0,0.8294011042129299,0.0030533549095327003,0.0013240986646602894,0.7730461,Campylobacter,genus,
G_r057_substitution_titv_2pct,3,markers + neural network,0.5217391,0.1521739,0.9814815,0.16666667,0.9424778761061947,0.17846607669616518,339.0,0.952239567513432,0.1830251325282879,0.0010802911141445204,0.49273476,Bacteria,superkingdom,
G_r070_uneven_coverage_40pct,2,markers,0.13768116,0.123188406,0.3611111,0.19444445,0.5125523012552301,0.2608089207605338,239.0,0.6180277626512447,0.2637172731590148,0.001047291146938849,0.27081227,Bacteria,superkingdom,
G_r043_substitution_titv_0p1pct,3,markers + neural network,0.5072464,0.1884058,1.0,0.2962963,0.9985775248933144,0.1571597971583837,703.0,0.9959487297777849,0.1884334047744139,0.001134884194248814,0.631088,Leptotrichia,genus,
G_r037_uneven_coverage_5pct,3,markers + neural network,0.49275362,0.1521739,0.9444444,0.12037037,0.7696742007606908,0.13032581071208293,665.0,0.6835377897992226,0.1486984640918686,0.0011106859605123,0.40150872,Streptomyces,genus,
G_r010_indel_2pct,2,markers,0.42753622,0.89855075,0.8888889,1.2777778,0.9027777777777778,1.671875,288.0,0.8500474839758247,0.22881994550884666,0.002342395683277584,0.1550011,Bacteria,superkingdom,
G_r070_indel_2pct,2,markers,0.13768116,0.29710144,0.33333334,0.4537037,0.5222222222222223,1.1511111111111112,225.0,0.602448277012132,0.349619109040791,0.0033217708272091245,0.1097217,Bacteria,superkingdom,
G_r053_chimera_40pct,3,markers + neural network,1.0,0.0,0.5185185,0.018518519,1.0,0.008842443729903537,622.0,1.0,0.0070966372810715855,0.0012391662173751197,0.7598083,Thermococcus,genus,
G_r023_uneven_coverage_40pct,2,markers,0.9927536,0.36956522,0.5462963,0.1388889,1.0,0.4975404739379883,576.0,0.9918218829796559,0.2840770979772319,0.0011882175950475877,0.3546286,Methanobacteriaceae,family,
G_r040_indel_0p1pct,2,markers,0.41304347,0.2753623,0.7685185,0.30555555,0.7351093229700307,0.3360655737704918,610.0,0.7199140746057131,0.2180614661875564,0.0012977839409593845,0.28465873,Cyanophyceae,class,
G_r015_none_control,3,markers + neural network,0.4057971,0.036231883,0.8425926,0.018518519,0.7303763112714213,0.027419354838709678,310.0,0.682018447482334,0.03675055892612756,0.0008077030855199794,0.40990704,Planctomycetia,class,
G_r010_substitution_titv_2pct,3,markers + neural network,0.4347826,0.07971015,0.8981481,0.14814815,0.9236641221374046,0.22328244274809161,262.0,0.9371366927068994,0.21274371658163238,0.0010070078592386105,0.45583504,Bacteria,superkingdom,
G_r043_chimera_40pct,3,markers + neural network,0.5072464,0.1884058,1.0,0.2962963,1.0,0.14815078453183345,703.0,0.9969378494558401,0.1795883396629163,0.0011241916531074183,0.6396653,Leptotrichia,genus,
G_r066_none_control,3,markers + neural network,0.49275362,0.4347826,0.8981481,0.4722222,0.8634959806936405,0.13746348967092656,799.0,0.8417878901045933,0.1241170487914115,0.0011275912915257177,0.53689784,Micromonospora,genus,
G_r024_chimera_5pct,3,markers + neural network,0.5217391,0.28985506,0.962963,0.4537037,0.904331003706859,0.22080432511261058,431.0,0.8695869763208997,0.16641873153022455,0.0009173158214429702,0.394311,Myxococcales,order,
G_r008_substitution_titv_0p1pct,3,markers + neural network,0.3478261,0.08695652,0.6296296,0.027777778,0.7631188465140717,0.12242829618398209,855.0,0.728498832139271,0.22095849373698193,0.0011487256695916946,0.51667017,Fusobacterium,genus,
G_r003_uneven_coverage_5pct,3,markers + neural network,0.2753623,0.18115942,0.5462963,0.2037037,0.6430722891566265,0.16490963855421686,332.0,0.6262349515988199,0.22081660084642296,0.0009408115269021071,0.35776356,Bacteroidota,phylum,
G_r018_substitution_titv_1pct,3,markers + neural network,0.98550725,0.3768116,0.6759259,0.537037,0.9467860360632739,0.22587717723551182,646.0,0.9385956631772635,0.26340138219410125,0.0013009183963882567,0.52755487,Thermococcus,genus,
G_r068_substitution_0p1pct,3,markers + neural network,0.28985506,0.0942029,0.7037037,0.018518519,0.8408722225982364,0.02173267402271233,1010.0,0.8256145498544196,0.024171382495390997,0.0013482358799014925,0.7504748,Campylobacter,genus,
G_r063_uneven_coverage_40pct,3,markers + neural network,0.5072464,0.19565217,0.9351852,0.1574074,0.9766666666666667,0.2927777608235677,300.0,0.9814562303923153,0.24808413631788245,0.0009790637995344806,0.3299285,Bacteria,superkingdom,
G_r076_indel_0p1pct,3,markers + neural network,0.48550725,0.21014492,0.9074074,0.19444445,0.909965034965035,0.26486013986013984,286.0,0.9168861761528064,0.17601247917878443,0.0010713548585672616,0.35358897,Bacteria,superkingdom,
G_r033_substitution_1pct,2,markers,0.23913044,0.06521739,0.3888889,0.06481481,0.5702247191011236,0.11610486891385768,267.0,0.64782162364669,0.16796783895926884,0.001375098286612906,0.3434586,Bacteria,superkingdom,
G_r068_substitution_titv_0p5pct,3,markers + neural network,0.28985506,0.08695652,0.7037037,0.027777778,0.8420273582534035,0.05414191519859994,1010.0,0.8301906205491176,0.08147457008388456,0.001402027388153317,0.71532595,Campylobacter,genus,
G_r069_substitution_2pct,3,markers + neural network,0.4347826,0.2536232,0.8611111,0.39814815,0.7548628991731599,0.24060564521769315,754.0,0.6874282061014135,0.2506446794828205,0.001420732549842046,0.40655288,Cyanophyceae,class,
G_r051_uneven_coverage_40pct,2,markers,0.5072464,0.46376812,0.9444444,0.6759259,0.995049504950495,0.599009900990099,202.0,0.9713346396650107,0.25139668432255174,0.0009876188926825867,0.27813548,Bacteria,superkingdom,
G_r025_uneven_coverage_10pct,3,markers + neural network,0.8333333,0.16666667,0.6388889,0.10185185,0.8199052132701422,0.19194312796208532,211.0,0.7704457561394474,0.25447887131398556,0.0010216834374477408,0.37402257,Archaea,superkingdom,
G_r015_substitution_titv_0p5pct,3,markers + neural network,0.4057971,0.072463766,0.8425926,0.083333336,0.7267382569108273,0.06441717791411043,326.0,0.6745418935041281,0.08414399561372976,0.0008401472651780544,0.3930928,Planctomycetia,class,
G_r044_substitution_2pct,3,markers + neural network,0.9637681,0.23913044,0.787037,0.30555555,0.8572961373390557,0.29649500376165167,466.0,0.794314483391231,0.2483581863603018,0.0013639627133748982,0.3704081,Halobacteria,class,
G_r026_substitution_1pct,3,markers + neural network,0.6666667,0.39130434,0.8333333,0.37037036,0.8609756097560975,0.2926829268292683,205.0,0.8149514886103807,0.2090128986750398,0.0008174372103595701,0.30391657,Bacteria,superkingdom,
G_r066_indel_0p1pct,2,markers,0.49275362,0.64492756,0.8981481,0.7685185,0.8673664122137404,0.4162849639814925,786.0,0.8151121253808011,0.291215497268442,0.001454336778826882,0.39126238,Micromonospora,genus,
G_r034_chimera_40pct,3,markers + neural network,0.49275362,0.06521739,0.9351852,0.009259259,0.9293478260869565,0.021739130434782608,184.0,0.8898042798474749,0.06950099779213262,0.0007298529289966253,0.4244397,Bacteria,superkingdom,
G_r006_indel_5pct,2,markers,0.38405797,0.60144925,0.7962963,0.9537037,0.8813953488372093,1.6825581395348836,215.0,0.8205928790464725,0.25749886013576284,0.002515712313314198,0.19810852,Bacteria,superkingdom,
G_r027_chimera_5pct,3,markers + neural network,0.48550725,0.06521739,0.8611111,0.0,0.8923001651875457,0.010331384619774177,342.0,0.8814674824935698,0.0,0.001147530241274917,0.49972555,Synergistales,order,
G_r023_indel_2pct,2,markers,0.942029,1.1521739,0.5,0.787037,0.9310122698372522,1.5622179632721833,517.0,0.8736772262908743,0.19119612351046267,0.002662370215180001,0.19838887,Methanobacteriaceae,family,
G_r045_substitution_titv_5pct,2,markers,0.45652175,0.1521739,0.8888889,0.19444445,0.9708904109589042,0.300513698630137,292.0,1.0,0.2227465034764341,0.0010763892401541746,0.41787842,Bacteria,superkingdom,
G_r004_substitution_titv_1pct,3,markers + neural network,0.44927537,0.10869565,0.8703704,0.074074075,0.8439783896169355,0.1231182836717175,620.0,0.8121124738232752,0.14738147058459844,0.001350523045258192,0.60244745,Helicobacter,genus,
G_r016_substitution_1pct,3,markers + neural network,0.46376812,0.18115942,0.8796296,0.24074075,0.8754578754578755,0.18681318681318682,273.0,0.8624998844883092,0.21753087116294229,0.0014749106781421053,0.4763381,Bacteria,superkingdom,
G_r042_substitution_titv_0p1pct,3,markers + neural network,0.2826087,0.057971016,0.5833333,0.0,0.6889850791252526,0.02885594672162792,1113.0,0.6839095479091704,0.04029741614596313,0.0009157201767443466,0.56216,Leptospira,genus,
G_r053_chimera_5pct,3,markers + neural network,1.0,0.0,0.5185185,0.018518519,1.0,0.008842443729903537,622.0,1.0,0.0070966372810715925,0.0012391662173751197,0.7598083,Thermococcus,genus,
G_r016_uneven_coverage_10pct,3,markers + neural network,0.46376812,0.18115942,0.8981481,0.25,0.8778467592985734,0.15993788819875776,322.0,0.8802414948407269,0.18959733885778418,0.0013446683993965953,0.49394393,Bacteria,superkingdom,
G_r049_substitution_titv_0p1pct,3,markers + neural network,0.24637681,0.028985508,0.5740741,0.0,0.70162781473499,0.016034985422740525,686.0,0.704755199258051,0.0051722653037426305,0.0010898121678738666,0.51462793,Deinococcus,genus,
G_r025_chimera_10pct,3,markers + neural network,0.8333333,0.04347826,0.6388889,0.018518519,0.829004329004329,0.06493506493506493,231.0,0.7913749827676271,0.20243379965566488,0.0010171810533293494,0.43659595,Archaea,superkingdom,
G_r047_indel_5pct,2,markers,0.18115942,0.2536232,0.3888889,0.4351852,0.47756408477996615,0.6574883094200721,572.0,0.5995941128122684,0.3379454629781495,0.0016771401054814568,0.18743196,Chlorobiaceae,family,
G_r079_uneven_coverage_40pct,2,markers,0.48550725,0.46376812,0.9537037,0.8240741,1.0,0.6444844307659341,278.0,0.9346098813036768,0.22547147729849096,0.001083744785478636,0.2706124,Bacteria,superkingdom,
G_r079_indel_0p5pct,2,markers,0.47826087,0.6304348,0.9351852,0.8148148,0.9929577464788732,1.0897887323943662,284.0,0.9315438041007378,0.1934940114435926,0.00210431404151769,0.18629037,Bacteria,superkingdom,
G_r070_substitution_5pct,2,markers,0.13768116,0.08695652,0.3425926,0.09259259,0.5108695652173914,0.3083735848394569,207.0,0.6539716524684758,0.2447210249164517,0.0016048464682874776,0.26228875,Bacteria,superkingdom,
G_r011_chimera_20pct,3,markers + neural network,0.73913044,0.0,0.42592594,0.018518519,0.6888828741055782,0.012149532710280374,535.0,0.6882369853463817,0.0,0.0010123157861650898,0.5234452,Sulfolobaceae,family,
G_r062_substitution_titv_0p5pct,3,markers + neural network,0.46376812,0.07971015,0.8055556,0.046296295,0.7157576127485795,0.04181818181818182,275.0,0.6959481747842056,0.07207862204450519,0.0013030244547290453,0.47172147,Bacteria,superkingdom,
G_r067_chimera_5pct,3,markers + neural network,0.47826087,0.057971016,1.0,0.037037037,1.0,0.04551184880751525,661.0,1.0,0.07439957863179761,0.0011334119627325362,0.7004202,Weeksellaceae,family,
G_r038_chimera_20pct,3,markers + neural network,0.32608697,0.14492753,0.712963,0.37037036,0.7097860213813432,0.22233371559633028,872.0,0.6281520730531454,0.23396173898287323,0.0010996139601940856,0.35536546,Bacteroides,genus,
G_r067_uneven_coverage_5pct,3,markers + neural network,0.47826087,0.057971016,1.0,0.06481481,1.0,0.08383762746282858,661.0,1.0,0.10037343006986485,0.0011309182678289546,0.65650284,Weeksellaceae,family,
G_r076_substitution_5pct,2,markers,0.46376812,0.29710144,0.8333333,0.2777778,0.8700440528634361,0.3634361233480176,227.0,0.834982156053441,0.18368291332844663,0.0010002843617750866,0.29687172,Bacteria,superkingdom,
G_r055_substitution_titv_5pct,2,markers,0.5072464,0.38405797,0.9722222,0.5462963,0.9093673594676666,0.6135036719106409,548.0,0.8749702951736618,0.2738962264561367,0.0014728513588432122,0.31082922,Desulfovibrionaceae,family,
G_r052_uneven_coverage_20pct,3,markers + neural network,0.20289855,0.08695652,0.5,0.12962963,0.6872784229035073,0.18040778789114445,376.0,0.6593989532854418,0.21151441682108763,0.0011461133863340772,0.36328995,Bacteria,superkingdom,
G_r001_indel_2pct,2,markers,0.44927537,0.9782609,0.7407407,1.425926,0.7383668630715184,1.5938601909867869,894.0,0.7602940509975923,0.23743849814801826,0.0036606007374266917,0.12806056,Lacticaseibacillus,genus,
G_r050_substitution_titv_2pct,3,markers + neural network,0.47826087,0.13043478,0.8611111,0.1574074,0.8158914965252544,0.21744186046511627,430.0,0.7667168829744178,0.21851290152495942,0.0008684528293584374,0.3902,Planctomycetaceae,family,
G_r051_chimera_5pct,3,markers + neural network,0.5072464,0.1521739,0.9444444,0.12037037,0.9832826747720365,0.11550151975683891,329.0,0.9997402484317153,0.1071556408184029,0.0010046753761166793,0.42906174,Bacteria,superkingdom,
G_r062_indel_0p1pct,3,markers + neural network,0.46376812,0.1884058,0.8055556,0.17592593,0.7313797500107314,0.2454212454212454,273.0,0.7035339157211942,0.22267774913958846,0.0016669399699786823,0.37353045,Bacteria,superkingdom,
G_r007_indel_1pct,2,markers,0.2753623,0.49275362,0.5555556,0.7407407,0.7926739703167925,1.60989010989011,546.0,0.7884028747282039,0.17938031535966265,0.0030391662558579683,0.15125395,Borreliaceae,family,
G_r053_substitution_titv_0p5pct,3,markers + neural network,1.0,0.036231883,0.5185185,0.046296295,1.0,0.0506966765670531,622.0,1.0,0.053718492708254434,0.0012699120340224422,0.72403145,Thermococcus,genus,
G_r027_uneven_coverage_5pct,3,markers + neural network,0.48550725,0.0942029,0.8611111,0.027777778,0.8923001651875457,0.08562378018920185,342.0,0.9012700876566027,0.08159246781647989,0.001147804692469223,0.46531898,Synergistales,order,
G_r054_substitution_0p5pct,3,markers + neural network,0.36956522,0.057971016,0.7314815,0.10185185,0.661504424778761,0.15597345132743362,226.0,0.6804209106498909,0.1817888548107689,0.000773693701875072,0.30183867,Bacteria,superkingdom,
G_r003_substitution_2pct,2,markers,0.2753623,0.2536232,0.5462963,0.35185185,0.6378299120234604,0.313049853372434,341.0,0.6325918076779651,0.258532507339729,0.0011426053882445145,0.29599857,Bacteroidota,phylum,
G_r033_chimera_20pct,2,markers,0.24637681,0.050724637,0.4074074,0.037037037,0.5761648745519713,0.043010752688172046,279.0,0.6341287256395516,0.10875529799082378,0.0012302741053632491,0.38011053,Bacteria,superkingdom,
G_r013_substitution_2pct,2,markers,0.2173913,0.06521739,0.44444445,0.06481481,0.5733333333333334,0.10333333333333333,150.0,0.6556219603426972,0.1302717521253904,0.0007952393889147376,0.29454312,Bacteria,superkingdom,
G_r071_substitution_0p5pct,3,markers + neural network,0.48550725,0.10869565,0.8703704,0.06481481,0.8854498000372024,0.058201054164341515,315.0,0.8854961227317999,0.04816732542448202,0.0010597086812388762,0.49129358,Treponema,genus,
G_r010_substitution_0p5pct,3,markers + neural network,0.4347826,0.0942029,0.9166667,0.10185185,0.9318181818181818,0.13825757575757575,264.0,0.9492454110103306,0.1615115350866082,0.000939111117214189,0.51031744,Bacteria,superkingdom,
G_r069_substitution_titv_5pct,2,markers,0.4347826,0.33333334,0.8518519,0.42592594,0.7457470703125,0.4211493972252155,725.0,0.7101930500326769,0.2780471096709321,0.0016013052720042246,0.33071563,Cyanophyceae,class,
G_r065_substitution_titv_0p1pct,3,markers + neural network,0.49275362,0.057971016,1.0,0.027777778,1.0,0.028665815777790822,782.0,1.0,0.008489413529785904,0.001390658600252063,0.7220346,Streptococcus,genus,
G_r002_uneven_coverage_10pct,3,markers + neural network,0.36956522,0.06521739,0.8148148,0.046296295,0.8135775862068966,0.11997126710825953,464.0,0.7931186863858033,0.14110841851914252,0.001137471018298126,0.47001263,Microbacteriaceae,family,
G_r021_substitution_titv_2pct,3,markers + neural network,0.49275362,0.123188406,0.9351852,0.12962963,0.9709045294340014,0.19765971869626126,527.0,0.9951927607541704,0.17933451795149638,0.0013191561799102058,0.54994667,Thermotogales,order,
G_r079_substitution_0p1pct,3,markers + neural network,0.48550725,0.072463766,0.9537037,0.046296295,1.0,0.08970099667774087,301.0,0.9896915273977986,0.06867804089598832,0.0010971777880597001,0.44148526,Bacteria,superkingdom,
G_r069_chimera_10pct,3,markers + neural network,0.4347826,0.11594203,0.8611111,0.1388889,0.7504051863857374,0.07293354943273905,617.0,0.7125134556306145,0.12635332511241043,0.001164826553654137,0.49582607,Cyanobacteriota,phylum,
G_r007_indel_2pct,2,markers,0.2753623,0.6594203,0.5555556,1.0925926,0.7835877979074726,1.850954128585699,524.0,0.7236549529764774,0.1417002032054947,0.003348383403579466,0.12532286,Borrelia,genus,
G_r036_substitution_2pct,2,markers,0.26086956,0.11594203,0.5462963,0.1388889,0.5903392780495252,0.19100294985250738,678.0,0.610279883985663,0.2558449989858122,0.0016434648836005034,0.37545764,Leuconostoc,genus,
G_r065_substitution_titv_1pct,3,markers + neural network,0.49275362,0.123188406,1.0,0.10185185,0.9930736194957387,0.1288095251306311,770.0,0.9993306913094313,0.11391422439329604,0.0015096030279286472,0.6361163,Streptococcus,genus,
G_r064_uneven_coverage_20pct,3,markers + neural network,0.5072464,0.16666667,1.0,0.10185185,1.0,0.20450193032451058,696.0,1.0,0.20006659292065643,0.0011443312464366427,0.5221074,Xanthomonadaceae,family,
G_r050_chimera_20pct,3,markers + neural network,0.4710145,0.0942029,0.8888889,0.037037037,0.831430792264198,0.04908675799086758,438.0,0.818496134141788,0.056260841117576475,0.0007581444012671003,0.4661692,Planctomycetaceae,family,
G_r033_indel_2pct,2,markers,0.24637681,0.6304348,0.37037036,0.712963,0.5040816326530613,1.136734693877551,245.0,0.5424562117993706,0.3846595547150071,0.0033318633936008624,0.12864693,Bacteria,superkingdom,
G_r000_substitution_titv_2pct,3,markers + neural network,0.42028984,0.23188406,0.6759259,0.2685185,0.653555988395301,0.24147000277999545,1644.0,0.6250998174981568,0.26896826665093393,0.001555286477784247,0.3727449,Klebsiella,genus,
G_r018_chimera_10pct,3,markers + neural network,0.98550725,0.29710144,0.6851852,0.42592594,0.9461537109375,0.12946666259765624,625.0,0.9396810689387103,0.22238397939222188,0.0012145619289620556,0.57626635,Thermococcus,genus,
G_r053_chimera_20pct,3,markers + neural network,1.0,0.0,0.5185185,0.018518519,1.0,0.008842443729903537,622.0,1.0,0.0070966372810715925,0.0012391662173751197,0.7598083,Thermococcus,genus,
G_r013_chimera_10pct,2,markers,0.21014492,0.014492754,0.4537037,0.0,0.577639751552795,0.018633540372670808,161.0,0.6361497951726625,0.05630913745815403,0.0007379904800268966,0.34431696,Bacteria,superkingdom,
G_r033_substitution_2pct,2,markers,0.24637681,0.14492753,0.4074074,0.10185185,0.5667270162831182,0.22826086956521738,276.0,0.6476445251912761,0.2412517479670716,0.0014745734818146909,0.31694978,Bacteria,superkingdom,
G_r015_substitution_5pct,2,markers,0.39130434,0.1594203,0.7962963,0.28703704,0.7215122795714357,0.3793929712460064,313.0,0.6978523441891417,0.2508605510857345,0.0010141422609249889,0.29350382,Planctomycetia,class,
G_r003_chimera_10pct,3,markers + neural network,0.2753623,0.18115942,0.5462963,0.2037037,0.6385542168674698,0.1197289156626506,332.0,0.627804367325998,0.19647735683331996,0.0009371533827628424,0.37350193,Bacteroidota,phylum,
G_r062_substitution_5pct,3,markers + neural network,0.45652175,0.23188406,0.7685185,0.24074075,0.6971751584845074,0.29322033898305083,295.0,0.6745746292097002,0.25625614090325266,0.0016246810239022365,0.34570143,Bacteria,superkingdom,
G_r038_uneven_coverage_10pct,2,markers,0.32608697,0.1884058,0.712963,0.537037,0.712254367840635,0.3505716109199156,933.0,0.6420508109773563,0.265388149221085,0.0011012456337889814,0.32609075,Bacteroides,genus,
G_r051_indel_0p5pct,2,markers,0.5,0.76086956,0.8981481,0.9074074,0.9513618677042801,1.0110246829021765,257.0,0.9056837806039819,0.21163217725416503,0.0017333400863614203,0.22253922,Bacteria,superkingdom,
G_r047_indel_1pct,2,markers,0.1884058,0.46376812,0.4537037,0.787037,0.6005154639175257,1.0410938590662586,582.0,0.6386040020115975,0.35052512887677867,0.0027159303683654363,0.17002499,Chlorobiaceae,family,
G_r061_substitution_titv_2pct,3,markers + neural network,0.4347826,0.1594203,0.8240741,0.10185185,0.8470832824707031,0.1575,200.0,0.8227804870838538,0.14529627641422896,0.0007988832800691496,0.34059522,Bacteria,superkingdom,
G_r056_uneven_coverage_20pct,2,markers,0.5,0.4057971,0.9351852,0.8703704,0.9288668573346387,0.38771712158808935,403.0,0.90694746081206,0.25216389395923217,0.0012715472237241111,0.4013931,Thermotogae,class,
G_r057_indel_2pct,2,markers,0.5072464,1.0869565,0.9351852,1.6666666,0.9363354037267081,1.8488612204605008,322.0,0.8861641861032565,0.15908035063123127,0.002579785836693492,0.14917809,Bacteria,superkingdom,
G_r005_indel_0p1pct,3,markers + neural network,0.32608697,0.11594203,0.6018519,0.14814815,0.6196301217438656,0.17496443812233287,703.0,0.6303308975709363,0.23562988980796873,0.0015167811976913627,0.37041408,Synechococcales,order,
G_r000_substitution_titv_5pct,2,markers,0.41304347,0.26086956,0.6944444,0.3148148,0.6475226189583678,0.40746642137346956,1511.0,0.643999917389499,0.30379932154868106,0.001862568026210112,0.298417,Klebsiella,genus,
G_r034_uneven_coverage_5pct,3,markers + neural network,0.49275362,0.08695652,0.9351852,0.046296295,0.9270833333333334,0.041666666666666664,192.0,0.895111813761823,0.07681695720456116,0.0007287973843284121,0.41001937,Bacteria,superkingdom,
G_r072_chimera_5pct,3,markers + neural network,0.39130434,0.050724637,0.7314815,0.0,0.6826643756436154,0.016687789646240545,789.0,0.6791626597833117,0.046000941914696024,0.0011765818818215144,0.56002253,Fusobacterium,genus,
G_r023_uneven_coverage_10pct,3,markers + neural network,0.9927536,0.08695652,0.5462963,0.046296295,1.0,0.13259668508287292,543.0,1.0,0.1443480141283465,0.0011685776347988672,0.57253987,Methanobacteriaceae,family,
G_r061_chimera_5pct,3,markers + neural network,0.44927537,0.0942029,0.8518519,0.0,0.8687258687258688,0.05019305019305019,259.0,0.8301333324767637,0.08507050776250843,0.0007359390343653329,0.40452978,Bacteria,superkingdom,
G_r062_chimera_5pct,3,markers + neural network,0.46376812,0.050724637,0.8055556,0.009259259,0.730576479345336,0.015037593984962405,266.0,0.7082546721256251,0.021859772255744286,0.001267074602880277,0.4862783,Bacteria,superkingdom,
G_r010_chimera_40pct,3,markers + neural network,0.4347826,0.057971016,0.9166667,0.06481481,0.9299242424242424,0.0625,264.0,0.9346153674544435,0.07603384998570782,0.0008887607242522585,0.54463196,Bacteria,superkingdom,
G_r070_indel_0p5pct,2,markers,0.13768116,0.23188406,0.3611111,0.33333334,0.5024875621890548,0.6691542288557214,201.0,0.6477496396097204,0.312216522661173,0.0023944415350190575,0.15665425,Bacteria,superkingdom,
G_r050_indel_0p1pct,2,markers,0.4710145,0.24637681,0.8796296,0.25925925,0.8374624853735572,0.31981981981981983,444.0,0.7813134095467988,0.251111252673332,0.000984356982213459,0.35474017,Planctomycetaceae,family,
G_r078_substitution_titv_1pct,3,markers + neural network,0.442029,0.06521739,0.8055556,0.055555556,0.7110858895186055,0.05231213431826906,865.0,0.6861905690411974,0.06472703885886259,0.001485529597232987,0.5519107,Thermus,genus,
G_r050_substitution_1pct,3,markers + neural network,0.46376812,0.123188406,0.8981481,0.10185185,0.83162100456621,0.14307458433386397,438.0,0.8085958714406045,0.16025918599440495,0.0008297243238673532,0.41853923,Planctomycetaceae,family,
G_r053_uneven_coverage_5pct,3,markers + neural network,1.0,0.33333334,0.5185185,0.2962963,1.0,0.11866483044394342,622.0,0.9985740126539646,0.10317743320644521,0.0012523170479828284,0.6805933,Thermococcus,genus,
G_r011_substitution_titv_0p1pct,3,markers + neural network,0.73913044,0.007246377,0.42592594,0.018518519,0.6897213917858196,0.02169811320754717,530.0,0.6831969481183986,0.009157937032782358,0.0010193608103728768,0.5194697,Sulfolobaceae,family,
G_r059_chimera_5pct,3,markers + neural network,0.3043478,0.11594203,0.6111111,0.009259259,0.7030716723549488,0.023890784982935155,293.0,0.6909116956515982,0.0,0.0011189271354965222,0.40523013,Bacteria,superkingdom,
G_r051_chimera_40pct,3,markers + neural network,0.5072464,0.1521739,0.9444444,0.12037037,0.9832826747720365,0.11550151975683891,329.0,0.9997402484317153,0.1071556408184029,0.0010046753761166793,0.42906174,Bacteria,superkingdom,
G_r073_substitution_0p1pct,3,markers + neural network,0.7173913,0.036231883,0.4351852,0.018518519,0.744198312236287,0.039381155987832116,474.0,0.7360785635148678,0.08987682348453115,0.001054088345051343,0.4724755,Methanomicrobiaceae,family,
G_r047_indel_0p1pct,3,markers + neural network,0.19565217,0.17391305,0.46296296,0.30555555,0.6015786591523923,0.26966874495796533,644.0,0.6175362455990654,0.2753342357439084,0.0015126393151816615,0.34732953,Chlorobiaceae,family,
G_r056_indel_1pct,2,markers,0.5,1.115942,0.9351852,1.7685186,0.921875,1.77734375,448.0,0.7704620722974074,0.18614183450023458,0.003353465092575718,0.16036953,Thermotogae,class,
G_r004_chimera_5pct,3,markers + neural network,0.44927537,0.07971015,0.8703704,0.027777778,0.8434408864667339,0.034274193548387094,620.0,0.8335782907855078,0.026400284035942124,0.001237554306987809,0.67178977,Helicobacter,genus,
G_r035_chimera_5pct,3,markers + neural network,0.41304347,0.050724637,0.8148148,0.009259259,0.7247191011235955,0.00749063670411985,267.0,0.6968032801740377,0.08608790486973564,0.0010158065658042571,0.46127665,Bacteria,superkingdom,
G_r079_chimera_10pct,3,markers + neural network,0.48550725,0.06521739,0.9537037,0.037037037,1.0,0.061224489795918366,294.0,0.968882448479945,0.05977773473591624,0.0010853140314407126,0.44963458,Bacteria,superkingdom,
G_r058_indel_5pct,2,markers,0.70289856,0.557971,0.42592594,0.37962964,0.6940582685941004,0.8497757847533632,446.0,0.7004474363194921,0.3283988156708378,0.0012478998052832964,0.25974044,Methanobacteriaceae,family,
G_r071_indel_2pct,2,markers,0.47826087,0.8333333,0.8425926,1.287037,0.8341902313624678,1.3682089366765746,389.0,0.7895449285714333,0.26445370572158877,0.0022915052475046774,0.1995009,Treponema,genus,
G_r016_substitution_0p1pct,3,markers + neural network,0.46376812,0.13768116,0.8981481,0.14814815,0.8908521609198778,0.07706766917293233,266.0,0.8838452227415386,0.14181476456862865,0.001363676364468381,0.5307441,Bacteria,superkingdom,
G_r049_none_control,3,markers + neural network,0.24637681,0.028985508,0.5740741,0.0,0.7102295652834955,0.012724550898203593,668.0,0.710739546352545,0.00023642775469368688,0.0010849015240533856,0.5166771,Deinococcus,genus,
G_r007_chimera_20pct,3,markers + neural network,0.2753623,0.014492754,0.5648148,0.018518519,0.7899024950247419,0.00774526678141136,581.0,0.7850697592193865,0.03866169893000558,0.0011255306824572895,0.68791544,Borrelia,genus,
G_r044_substitution_titv_2pct,3,markers + neural network,0.95652175,0.23913044,0.7777778,0.25925925,0.8488612836438924,0.2706053676565735,483.0,0.7853387431382484,0.24875588185770628,0.0013188656322013468,0.37713668,Halobacteria,class,
G_r019_substitution_2pct,3,markers + neural network,0.36956522,0.07971015,0.6574074,0.11111111,0.6465635319346005,0.12577319587628866,485.0,0.6368077673841073,0.15936306555289567,0.0010452866787743962,0.35839984,Acidobacteriaceae,family,
G_r057_substitution_0p5pct,3,markers + neural network,0.5217391,0.0942029,0.9814815,0.046296295,0.9369627507163324,0.05157593123209169,349.0,0.9395609757432567,0.049857111044416536,0.001005961720362202,0.56565213,Bacteria,superkingdom,
G_r024_uneven_coverage_20pct,2,markers,0.5217391,0.65217394,0.962963,1.1203704,0.9099259440104167,0.5989629448784722,450.0,0.8474778070224329,0.2757521543799371,0.0009413610808915439,0.32755378,Myxococcales,order,
G_r071_substitution_2pct,3,markers + neural network,0.48550725,0.22463769,0.8611111,0.25,0.8712024930157239,0.22151898734177214,316.0,0.8600732705358408,0.19187872682504373,0.0011603645435491821,0.4146869,Treponema,genus,
G_r067_indel_1pct,2,markers,0.47826087,0.8913044,0.9907407,1.5925926,0.9880763116057234,2.173529450578796,629.0,0.8713874950384854,0.13282215221903132,0.003306379792825536,0.15440358,Flavobacteriales,order,
G_r059_uneven_coverage_20pct,3,markers + neural network,0.3043478,0.1884058,0.6111111,0.046296295,0.7113821138211383,0.08062330881754558,246.0,0.703819344431283,0.03908217108560059,0.0011142770031212917,0.35023588,Bacteria,superkingdom,
G_r008_chimera_40pct,3,markers + neural network,0.3478261,0.08695652,0.6296296,0.027777778,0.7619492558707968,0.10900584438390899,855.0,0.7294473158057814,0.21186797450259895,0.001131477536414642,0.5212544,Fusobacterium,genus,
G_r001_substitution_titv_0p5pct,3,markers + neural network,0.44927537,0.06521739,0.7407407,0.046296295,0.7295824162613543,0.05327187494704108,922.0,0.7110641563991797,0.08988250748809187,0.001264260668228544,0.5330818,Lacticaseibacillus,genus,
G_r008_indel_0p1pct,2,markers,0.3478261,0.23188406,0.6296296,0.17592593,0.7705457185444079,0.40752438550804093,855.0,0.7201534623000289,0.30086568380565054,0.0014898154422609319,0.39037725,Fusobacterium,genus,
G_r060_substitution_5pct,2,markers,0.45652175,0.13768116,0.21296297,0.027777778,0.5710526315789474,0.360087746068051,190.0,0.6802027857008477,0.26958440164360303,0.0015048518955160157,0.25914797,Archaea,superkingdom,
G_r021_indel_0p1pct,2,markers,0.5,0.22463769,0.9537037,0.19444445,0.9970414201183432,0.32371794871794873,507.0,1.0,0.2347250412426321,0.0015223023228195802,0.5026507,Thermotogales,order,
G_r038_substitution_5pct,2,markers,0.3188406,0.41304347,0.6851852,0.7777778,0.6966814493395619,0.7009106193621134,970.0,0.6576670579878847,0.31931779584603387,0.0016299006184334007,0.22756591,Bacteroides,genus,
G_r046_indel_1pct,2,markers,0.98550725,1.3985507,0.5185185,0.8796296,0.9794921875,1.7502013842264812,768.0,0.9907101645282219,0.1448811936622199,0.003072955602863194,0.1836452,Sulfolobaceae,family,
G_r030_substitution_0p1pct,3,markers + neural network,0.42028984,0.0942029,0.787037,0.06481481,0.8481308411214953,0.056074766355140186,214.0,0.81062338461999,0.0852928248358697,0.0007221982814596197,0.3809129,Bacteria,superkingdom,
G_r025_indel_1pct,2,markers,0.8115942,1.0072464,0.6203704,0.8888889,0.8071748878923767,1.2522421524663676,223.0,0.7215944341400565,0.24805411642373845,0.002614323598188694,0.16003841,Archaea,superkingdom,
G_r071_indel_0p1pct,3,markers + neural network,0.48550725,0.23913044,0.9074074,0.19444445,0.8991935483870968,0.23431901008852066,372.0,0.906230866687594,0.2040506667606017,0.0012652387185624631,0.41480786,Treponema,genus,
G_r071_chimera_40pct,3,markers + neural network,0.48550725,0.08695652,0.8888889,0.018518519,0.8884333180328273,0.015247107304233105,317.0,0.8741467237487627,0.001540985485062929,0.001001855078135289,0.5209264,Treponema,genus,
G_r020_substitution_titv_0p1pct,2,markers,0.19565217,0.06521739,0.46296296,0.037037037,0.5431818254826742,0.028708133971291867,418.0,0.6096984942313052,0.04162997754572829,0.0011636105478646068,0.37463522,Desulfovibrionales,order,
G_r010_chimera_20pct,3,markers + neural network,0.4347826,0.057971016,0.9166667,0.06481481,0.9299242424242424,0.0625,264.0,0.9346153674544435,0.07603384998570782,0.0008887607242522585,0.54463196,Bacteria,superkingdom,
G_r021_substitution_titv_0p1pct,3,markers + neural network,0.5,0.06521739,0.9537037,0.046296295,1.0,0.05309007106683193,507.0,1.0,0.04124566628157973,0.0012149080923347744,0.6635043,Thermotogales,order,
G_r068_none_control,3,markers + neural network,0.28985506,0.08695652,0.7037037,0.0,0.8413672721031868,0.0009900988918719906,1010.0,0.8294011042129299,0.0030533549095327003,0.0013240986646602894,0.7730461,Campylobacter,genus,
G_r042_substitution_5pct,2,markers,0.2826087,0.23913044,0.5555556,0.24074075,0.6919551667373129,0.4499766364958489,1069.0,0.6723826717804091,0.3166895258029831,0.00141577429175993,0.32170898,Leptospira,genus,
G_r058_substitution_titv_5pct,2,markers,0.8768116,0.2826087,0.5092593,0.23148148,0.8560537842891676,0.3387144969717804,446.0,0.7983011350363132,0.25198520953134446,0.00109565054439979,0.44523627,Methanobacteriaceae,family,
G_r004_indel_5pct,2,markers,0.39855072,0.5362319,0.7037037,0.8981481,0.7340094079837413,1.1637545628778276,641.0,0.7911078750432405,0.23527355479134987,0.0028718294012370508,0.20095627,Helicobacter,genus,
G_r009_chimera_40pct,3,markers + neural network,0.8115942,0.02173913,0.4814815,0.037037037,0.741406261920929,0.008138020522892475,512.0,0.7290839135623461,0.0,0.001104932938154985,0.50849026,Methanosarcinaceae,family,
G_r063_uneven_coverage_20pct,3,markers + neural network,0.5072464,0.08695652,0.9351852,0.027777778,0.985663082437276,0.12305855152854783,279.0,1.0,0.11703309117943811,0.0009782015507068793,0.42202395,Bacteria,superkingdom,
G_r007_chimera_10pct,3,markers + neural network,0.2753623,0.014492754,0.5648148,0.018518519,0.7899024950247419,0.00774526678141136,581.0,0.7850697592193865,0.03866169893000558,0.0011255306824572895,0.68791544,Borrelia,genus,
G_r059_substitution_0p1pct,3,markers + neural network,0.3043478,0.123188406,0.6111111,0.037037037,0.7054545454545454,0.04,275.0,0.6847337909168444,0.030711484264705005,0.0011244546513387774,0.4011276,Bacteria,superkingdom,
G_r040_substitution_titv_0p5pct,3,markers + neural network,0.41304347,0.14492753,0.7685185,0.1388889,0.7216039665551113,0.15159944367176634,719.0,0.6763088135788935,0.15818371595634861,0.0010503245275165515,0.3501197,Nostocales,order,
G_r021_substitution_2pct,3,markers + neural network,0.49275362,0.16666667,0.9166667,0.1388889,0.9800759013282733,0.22770399929676383,527.0,1.0,0.19569033241063344,0.0013732596177658096,0.5324706,Thermotogales,order,
G_r035_substitution_titv_1pct,3,markers + neural network,0.41304347,0.072463766,0.8148148,0.055555556,0.7459016393442623,0.04918032786885246,244.0,0.7160158611924816,0.12102335930400585,0.0010839667466266208,0.42699194,Bacteria,superkingdom,
G_r007_substitution_1pct,3,markers + neural network,0.2753623,0.06521739,0.5648148,0.083333336,0.7920525945071291,0.16423670668953688,583.0,0.7480360713142123,0.21814743551099855,0.0012952368663542765,0.55405,Borrelia,genus,
G_r046_substitution_titv_5pct,2,markers,0.9637681,0.3478261,0.5092593,0.23148148,0.9475694497426351,0.41406865914662677,768.0,0.928879983242239,0.2969714419191635,0.0015380077455054506,0.45713705,Sulfolobaceae,family,
G_r005_uneven_coverage_40pct,3,markers + neural network,0.32608697,0.13043478,0.6018519,0.11111111,0.6307616191377272,0.22915432078194548,674.0,0.6517563845145422,0.23109765346060618,0.00115996213140677,0.39545253,Synechococcales,order,
G_r018_uneven_coverage_20pct,2,markers,0.98550725,1.2608696,0.6851852,1.2037038,0.9472042945123488,0.5533256776871219,620.0,0.9150846603694089,0.30128110545395054,0.001246210298084527,0.46922237,Thermococcus,genus,
G_r010_substitution_0p1pct,3,markers + neural network,0.4347826,0.057971016,0.9166667,0.074074075,0.9299242424242424,0.08333333333333333,264.0,0.9375930417294325,0.10123277079084023,0.000894863802187038,0.53735304,Bacteria,superkingdom,
G_r053_uneven_coverage_40pct,2,markers,1.0,0.21014492,0.5185185,0.074074075,1.0,0.31687564817024794,581.0,1.0,0.29097875950443985,0.0012255190318203565,0.45724154,Thermococcus,genus,
G_r078_indel_2pct,2,markers,0.4347826,0.6884058,0.7777778,0.9444444,0.714513325608343,1.0835071974806272,863.0,0.7702967166019549,0.31820281253294375,0.0032999862885108268,0.18160014,Thermus,genus,
G_r061_uneven_coverage_20pct,3,markers + neural network,0.44927537,0.11594203,0.8518519,0.06481481,0.8717655547677654,0.18036529680365296,219.0,0.8625182380760237,0.15231051657197864,0.0007232230634510351,0.3491541,Bacteria,superkingdom,
G_r023_chimera_40pct,3,markers + neural network,0.9927536,0.0,0.5462963,0.027777778,1.0,0.007259528130671506,551.0,1.0,0.003139362216129364,0.0011639949774074991,0.66223806,Methanobacteriaceae,family,
G_r038_substitution_0p5pct,3,markers + neural network,0.32608697,0.1521739,0.7037037,0.37962964,0.7082103063569423,0.29079591119301856,957.0,0.6297025922909659,0.2535408408111424,0.0011882417722305937,0.3305717,Bacteroides,genus,
G_r017_substitution_titv_2pct,3,markers + neural network,0.2536232,0.16666667,0.5648148,0.14814815,0.6856884057971014,0.2226017799930296,552.0,0.6225501979230572,0.23791336749872163,0.0013820092004858528,0.3543805,Geobacteraceae,family,
G_r076_uneven_coverage_10pct,3,markers + neural network,0.48550725,0.08695652,0.9074074,0.018518519,0.9443396226415094,0.06352201497779703,265.0,0.9327990303872046,0.05000040811687598,0.0008595187490422823,0.4033343,Bacteria,superkingdom,
G_r043_uneven_coverage_5pct,3,markers + neural network,0.5072464,0.20289855,1.0,0.32407406,1.0,0.20568990910884158,703.0,0.9987528713457954,0.22768142954284612,0.0011243846083616009,0.5944027,Leptotrichia,genus,
G_r065_substitution_titv_0p5pct,3,markers + neural network,0.49275362,0.0942029,1.0,0.074074075,0.9974619289340102,0.07738095007572077,788.0,1.0,0.05453093687917451,0.0014446791944885116,0.688712,Streptococcus,genus,
G_r000_uneven_coverage_5pct,3,markers + neural network,0.42028984,0.17391305,0.6759259,0.19444445,0.6546822429573449,0.1363577831110525,1644.0,0.6245083241183608,0.22199688091620307,0.0013041056566587045,0.42435098,Klebsiella,genus,
G_r011_substitution_titv_5pct,3,markers + neural network,0.7246377,0.1594203,0.41666666,0.12037037,0.6618134948028915,0.19651980052962614,522.0,0.6547695759799064,0.23140436240440426,0.001209034539044066,0.37345058,Sulfolobaceae,family,
G_r062_substitution_titv_2pct,3,markers + neural network,0.45652175,0.072463766,0.7962963,0.074074075,0.7051066388987531,0.11952861952861953,297.0,0.6657716906891765,0.15959892043308777,0.0014241186925354231,0.42074302,Bacteria,superkingdom,
G_r017_chimera_5pct,3,markers + neural network,0.2536232,0.11594203,0.5648148,0.046296295,0.6741737821208897,0.08578980146948971,536.0,0.6291747362154981,0.14922874331018124,0.0012251342544321274,0.41851658,Geobacteraceae,family,
G_r045_substitution_titv_0p5pct,3,markers + neural network,0.46376812,0.072463766,0.9444444,0.055555556,1.0,0.0627177700348432,287.0,1.0,0.06479852605207798,0.0008949677454164096,0.57582444,Bacteria,superkingdom,
G_r079_chimera_5pct,3,markers + neural network,0.48550725,0.06521739,0.9537037,0.037037037,1.0,0.061224489795918366,294.0,0.968882448479945,0.05977773473591624,0.0010853140314407126,0.44963458,Bacteria,superkingdom,
G_r018_substitution_1pct,3,markers + neural network,0.9782609,0.42753622,0.6759259,0.5833333,0.9402040771102308,0.25057379255458967,639.0,0.9332575400349616,0.26662545926159364,0.0013612750671700103,0.50303525,Thermococcus,genus,
G_r056_substitution_titv_0p1pct,3,markers + neural network,0.5,0.1521739,0.9351852,0.23148148,0.9249585659349736,0.14344942273192146,402.0,0.9108840129001314,0.24080742167725558,0.001290038439601902,0.47318858,Thermotogae,class,
G_r069_chimera_40pct,3,markers + neural network,0.4347826,0.11594203,0.8611111,0.1388889,0.7504051863857374,0.07293354943273905,617.0,0.7125134556306145,0.12635332511241043,0.001164826553654137,0.49582607,Cyanobacteriota,phylum,
G_r012_substitution_titv_0p1pct,3,markers + neural network,0.28985506,0.06521739,0.6203704,0.06481481,0.6327937283961893,0.06294964028776978,278.0,0.6410166448514633,0.14144334076482057,0.0011924148469362377,0.37235096,Bacteria,superkingdom,
G_r038_indel_2pct,2,markers,0.32608697,1.173913,0.6851852,2.2037036,0.7054530373597756,2.4738534154647436,975.0,0.573082838036811,0.3281295759740169,0.0033046569556636446,0.09255386,Bacteroides,genus,
G_r071_substitution_5pct,2,markers,0.4710145,0.2536232,0.8611111,0.2962963,0.8261494252873564,0.31939655610884743,348.0,0.7795516917979508,0.23643173919512647,0.0012257438186012034,0.3498279,Spirochaetales,order,
G_r073_chimera_40pct,3,markers + neural network,0.7173913,0.028985508,0.4351852,0.009259259,0.744198312236287,0.026722924115788586,474.0,0.7368894893660425,0.06643616018539783,0.001038777936503076,0.47868562,Methanomicrobiaceae,family,
G_r027_chimera_20pct,3,markers + neural network,0.48550725,0.06521739,0.8611111,0.0,0.8923001651875457,0.010331384619774177,342.0,0.8814674824935698,0.0,0.001147530241274917,0.49972555,Synergistales,order,
G_r038_substitution_titv_0p5pct,3,markers + neural network,0.32608697,0.1521739,0.712963,0.46296296,0.7071567817970559,0.2826870988916468,864.0,0.6281741581473622,0.25401810834759436,0.0011575273321511358,0.33337358,Bacteroides,genus,
G_r068_chimera_10pct,3,markers + neural network,0.28985506,0.08695652,0.7037037,0.0,0.8413672721031868,0.0009900988918719906,1010.0,0.8294011042129299,0.0030533549095327003,0.0013240986646602894,0.7730461,Campylobacter,genus,
G_r050_substitution_titv_5pct,2,markers,0.45652175,0.23913044,0.8611111,0.2037037,0.7966589861751152,0.34754226614253314,434.0,0.7214382225487517,0.24366696894038303,0.0009227028759607345,0.3267142,Planctomycetaceae,family,
G_r063_indel_0p5pct,2,markers,0.5,0.5289855,0.9259259,0.7037037,0.9715302491103203,1.0100829643711076,281.0,0.9304837931574386,0.260857093440553,0.001753463687198437,0.2408612,Bacteria,superkingdom,
G_r011_chimera_5pct,3,markers + neural network,0.73913044,0.0,0.42592594,0.018518519,0.6888828741055782,0.012149532710280374,535.0,0.6882369853463817,0.0,0.0010123157861650898,0.5234452,Sulfolobaceae,family,
G_r002_chimera_5pct,3,markers + neural network,0.36956522,0.04347826,0.8148148,0.009259259,0.8119612068965517,0.014727010809142014,464.0,0.8053201901517432,0.015423942246974902,0.0011390807234933186,0.5185087,Microbacteriaceae,family,
G_r034_substitution_1pct,3,markers + neural network,0.49275362,0.08695652,0.9074074,0.06481481,0.9035532994923858,0.08121827411167512,197.0,0.8852171693457117,0.11729803273641604,0.0007512391362927437,0.3956109,Bacteria,superkingdom,
G_r044_substitution_1pct,3,markers + neural network,0.9637681,0.16666667,0.787037,0.14814815,0.8616803278688525,0.2035519021456359,488.0,0.8187209278240407,0.24019213028979272,0.001265406178359852,0.40814495,Halobacteria,class,
G_r001_uneven_coverage_20pct,3,markers + neural network,0.44927537,0.04347826,0.7407407,0.018518519,0.7366855803745452,0.12118849883208403,962.0,0.6973443355305373,0.19673735248821544,0.0011945828298729564,0.49062178,Lacticaseibacillus paracasei,species,
G_r050_none_control,3,markers + neural network,0.4710145,0.0942029,0.8888889,0.037037037,0.831430792264198,0.04908675799086758,438.0,0.818496134141788,0.056260841117576475,0.0007581444012671003,0.4661692,Planctomycetaceae,family,
G_r060_substitution_titv_2pct,2,markers,0.46376812,0.06521739,0.2037037,0.055555556,0.5601852053687686,0.09325396825396826,252.0,0.6569724114378506,0.11217710123337421,0.001276444719313935,0.3175657,Archaea,superkingdom,
G_r033_indel_1pct,2,markers,0.24637681,0.5,0.3888889,0.7222222,0.5376344086021505,1.1051374319206428,279.0,0.576530078867402,0.3613554492285856,0.0032129177871897245,0.1417901,Bacteria,superkingdom,
G_r026_indel_2pct,2,markers,0.6304348,1.4202899,0.7685185,1.4537038,0.8090452261306532,1.4505862135383951,199.0,0.6760594448446369,0.2966939803290348,0.0014471852431915079,0.15672366,Bacteria,superkingdom,
G_r029_indel_5pct,2,markers,0.19565217,0.1521739,0.3611111,0.24074075,0.40168539325842695,0.31179775280898875,178.0,0.6422889734506257,0.16447237224738676,0.0018754799982432214,0.1932021,Bacteria,superkingdom,
G_r015_substitution_titv_1pct,3,markers + neural network,0.39855072,0.06521739,0.8240741,0.074074075,0.7084555528031067,0.06304985337243402,341.0,0.6650837324725076,0.0819680907161468,0.0008691900389042345,0.38240555,Planctomycetia,class,
G_r044_substitution_0p1pct,3,markers + neural network,0.9637681,0.10144927,0.787037,0.11111111,0.8625254582484725,0.1086218575596081,491.0,0.8229961024220602,0.2028042473074885,0.0011689402365117915,0.44761276,Halobacteria,class,
G_r039_none_control,3,markers + neural network,0.35507247,0.11594203,0.6018519,0.018518519,0.6562781654327754,0.068297103459656,1012.0,0.6402043887673919,0.18315083522054543,0.0012970684879612829,0.52787954,Campylobacter,genus,
G_r072_substitution_1pct,3,markers + neural network,0.39130434,0.10869565,0.7314815,0.1388889,0.6877142303618625,0.16096599066435402,804.0,0.6283100784259593,0.22186206697217836,0.001405394539241075,0.45654756,Fusobacterium,genus,
G_r072_substitution_2pct,3,markers + neural network,0.39130434,0.17391305,0.7314815,0.25925925,0.6929777938954151,0.2652575082152429,822.0,0.6515906983013159,0.27470195017878135,0.001620608511594357,0.39926398,Fusobacterium,genus,
G_r010_uneven_coverage_10pct,3,markers + neural network,0.4347826,0.057971016,0.9166667,0.083333336,0.9326923076923077,0.09230769230769231,260.0,0.946400234770855,0.09255879690355062,0.0008797447526537117,0.5107724,Bacteria,superkingdom,
G_r066_chimera_20pct,3,markers + neural network,0.49275362,0.4347826,0.8981481,0.4722222,0.8634959806936405,0.13746348967092656,799.0,0.8417878901045933,0.1241170487914115,0.0011275912915257177,0.53689784,Micromonospora,genus,
G_r011_substitution_titv_2pct,3,markers + neural network,0.73913044,0.14492753,0.41666666,0.11111111,0.6796296218345905,0.12899106489744222,522.0,0.6460577266280694,0.1821443103426481,0.001159719369589557,0.43870246,Sulfolobaceae,family,
G_r002_substitution_titv_5pct,3,markers + neural network,0.36956522,0.123188406,0.7685185,0.14814815,0.7664497689931874,0.22939262472885033,461.0,0.7037544833144456,0.22461223909401373,0.0012906876462121508,0.38430768,Microbacteriaceae,family,
G_r070_none_control,2,markers,0.13768116,0.014492754,0.3611111,0.0,0.4966832630669893,0.009950248756218905,201.0,0.6182059582372449,0.06595036763905779,0.001067096866348218,0.407204,Bacteria,superkingdom,
G_r052_substitution_0p1pct,3,markers + neural network,0.20289855,0.036231883,0.5,0.0,0.6898907520731942,0.00819672131147541,366.0,0.6727916302776491,0.0,0.0011526877347012479,0.43786994,Bacteria,superkingdom,
G_r013_substitution_titv_1pct,2,markers,0.21014492,0.02173913,0.4537037,0.009259259,0.5328947368421053,0.08552631578947369,152.0,0.6411821999167825,0.13363551112742642,0.0007619309328345392,0.3318036,Bacteria,superkingdom,
G_r019_substitution_0p5pct,3,markers + neural network,0.36956522,0.014492754,0.6574074,0.037037037,0.6543770838265467,0.05757575757575758,495.0,0.6311658432828295,0.09328905970891949,0.0009782542665083026,0.39118248,Acidobacteriaceae,family,
G_r074_substitution_titv_0p5pct,3,markers + neural network,0.442029,0.028985508,0.7962963,0.0,0.8832599118942731,0.08370044052863436,227.0,0.8738094785696683,0.19855211038195753,0.001113114596327993,0.464983,Bacteria,superkingdom,
G_r041_indel_2pct,2,markers,0.23188406,0.5507246,0.6111111,1.3055556,0.6793478260869565,1.6290760869565217,184.0,0.6446512666783025,0.3262311664409398,0.0032514661291335703,0.12577198,Bacteria,superkingdom,
G_r076_indel_0p5pct,2,markers,0.48550725,0.5797101,0.8981481,0.6296296,0.8626865671641791,0.8228855417735541,335.0,0.8289787775247576,0.22929769000341,0.0016015103557730935,0.2314115,Bacteria,superkingdom,
G_r034_uneven_coverage_20pct,3,markers + neural network,0.49275362,0.17391305,0.9351852,0.2685185,0.9282296650717703,0.21610845903460488,209.0,0.9256545325604401,0.2035415513748242,0.0007371761326022706,0.32893655,Bacteria,superkingdom,
G_r040_uneven_coverage_20pct,3,markers + neural network,0.41304347,0.35507247,0.7685185,0.49074075,0.7216840536512668,0.24950321385117827,671.0,0.6834303350273149,0.21549336456658538,0.0009914391030180043,0.30958235,Cyanophyceae,class,
G_r043_chimera_10pct,3,markers + neural network,0.5072464,0.1884058,1.0,0.2962963,1.0,0.14815078453183345,703.0,0.9969378494558401,0.17958833966291632,0.0011241916531074183,0.6396653,Leptotrichia,genus,
G_r001_chimera_10pct,3,markers + neural network,0.44927537,0.04347826,0.7407407,0.0,0.7333485118129797,0.02129020607262327,912.0,0.721041758817401,0.035632511624587006,0.001209829763916244,0.5690119,Lacticaseibacillus,genus,
G_r043_chimera_5pct,3,markers + neural network,0.5072464,0.1884058,1.0,0.2962963,1.0,0.14815078453183345,703.0,0.9969378494558401,0.17958833966291632,0.0011241916531074183,0.6396653,Leptotrichia,genus,
G_r019_substitution_titv_0p5pct,3,markers + neural network,0.36956522,0.036231883,0.6574074,0.018518519,0.6597643303148675,0.05858585858585859,495.0,0.6324172550019709,0.09097036561855396,0.0009640098789017577,0.394517,Acidobacteriaceae,family,
G_r062_uneven_coverage_40pct,2,markers,0.46376812,0.3188406,0.8055556,0.6018519,0.7189716312056738,0.3404255319148936,282.0,0.6878076678899967,0.26594506017361824,0.0012424772238788084,0.3628833,Bacteria,superkingdom,
G_r038_uneven_coverage_5pct,3,markers + neural network,0.32608697,0.1521739,0.712963,0.37962964,0.708142732319079,0.25467200028268916,874.0,0.6310079045152615,0.24960980201398417,0.0010971205431680633,0.33803344,Bacteroides,genus,
G_r053_substitution_0p1pct,3,markers + neural network,1.0,0.007246377,0.5185185,0.018518519,1.0,0.024115755627009645,622.0,1.0,0.01954640175630533,0.0012495978337376042,0.7479758,Thermococcus,genus,
G_r036_indel_1pct,2,markers,0.26086956,0.49275362,0.5462963,0.8611111,0.6133238356957904,1.1522285385457414,703.0,0.6573029954397891,0.3003151534024178,0.00370930872454811,0.14839004,Leuconostoc,genus,
G_r015_chimera_5pct,3,markers + neural network,0.4057971,0.036231883,0.8425926,0.018518519,0.7303763112714213,0.027419354838709678,310.0,0.682018447482334,0.03675055892612755,0.0008077030855199794,0.40990704,Planctomycetia,class,
G_r046_none_control,3,markers + neural network,1.0,0.007246377,0.5185185,0.018518519,1.0,0.01171875,768.0,1.0,0.0,0.0011743517464487523,0.77708673,Sulfolobaceae,family,
G_r038_indel_0p1pct,2,markers,0.32608697,0.26086956,0.7037037,0.6018519,0.7161310241909443,0.5398775400715772,871.0,0.6648808034419771,0.3053506796445883,0.0014665727438399226,0.26165098,Bacteroides,genus,
G_r076_chimera_10pct,3,markers + neural network,0.48550725,0.08695652,0.9074074,0.0,0.9463636363636364,0.033939392783425074,275.0,0.9229204884567332,0.03990267739988378,0.000865180350987353,0.43471608,Bacteria,superkingdom,
G_r049_substitution_5pct,3,markers + neural network,0.23188406,0.10869565,0.537037,0.1388889,0.685128173828125,0.19861539400540865,650.0,0.6499261902463352,0.22648341102203007,0.0012266086743015485,0.4003974,Deinococcus,genus,
G_r052_uneven_coverage_10pct,3,markers + neural network,0.20289855,0.08695652,0.5,0.12037037,0.6894353647701076,0.12386157343296406,366.0,0.6584724522375146,0.16581684831220664,0.0011546801201377328,0.38796675,Bacteria,superkingdom,
G_r067_substitution_titv_5pct,2,markers,0.47826087,0.2536232,0.9907407,0.3148148,0.9777777188066124,0.5385334844174592,690.0,0.9660144257706815,0.27321348614164026,0.0015848342385004503,0.42849046,Weeksellaceae,family,
G_r009_chimera_20pct,3,markers + neural network,0.8115942,0.02173913,0.4814815,0.037037037,0.741406261920929,0.008138020522892475,512.0,0.7290839135623461,0.0,0.001104932938154985,0.50849026,Methanosarcinaceae,family,
G_r060_indel_1pct,2,markers,0.45652175,0.5,0.2037037,0.25925925,0.511049723756906,0.7099447513812155,181.0,0.6351564862413265,0.28657896975138114,0.002760392323614269,0.13933542,Archaea,superkingdom,
G_r036_substitution_titv_1pct,2,markers,0.26086956,0.007246377,0.5462963,0.046296295,0.5850031248590819,0.07034632034632035,693.0,0.6161797087253783,0.11822438557469803,0.0014393547094642865,0.436841,Leuconostoc,genus,
G_r005_uneven_coverage_10pct,3,markers + neural network,0.32608697,0.050724637,0.6018519,0.037037037,0.6223929208084191,0.0575418951791092,716.0,0.6411119086358552,0.09216058006269061,0.0011748148585899376,0.4452791,Synechococcales,order,
G_r010_substitution_titv_5pct,2,markers,0.4347826,0.08695652,0.8611111,0.1388889,0.8996350364963503,0.33211678832116787,274.0,0.8786839723308913,0.23706908079034406,0.001100461240114921,0.39618623,Bacteria,superkingdom,
G_r018_substitution_0p1pct,3,markers + neural network,0.98550725,0.29710144,0.6851852,0.4351852,0.9459009617326333,0.14162627483608264,619.0,0.9384166620874728,0.23288556959415124,0.0012298832376989623,0.5680179,Thermococcus,genus,
G_r018_chimera_40pct,3,markers + neural network,0.98550725,0.29710144,0.6851852,0.42592594,0.9461537109375,0.12946666259765624,625.0,0.9396810689387103,0.22238397939222188,0.0012145619289620556,0.57626635,Thermococcus,genus,
G_r000_substitution_1pct,3,markers + neural network,0.42028984,0.19565217,0.6759259,0.25925925,0.6462428774697077,0.19266080506875624,1501.0,0.6125696774914459,0.26027906985169164,0.0014608927995096348,0.39568838,Klebsiella,genus,
G_r015_indel_2pct,2,markers,0.39130434,0.6666667,0.787037,1.0648148,0.6980676623358243,1.3458936608355978,345.0,0.6697858852877688,0.36929298995004584,0.0018996175122755587,0.14993773,Planctomycetia,class,
G_r019_indel_5pct,2,markers,0.33333334,0.22463769,0.5648148,0.35185185,0.601593625498008,0.5936254980079682,251.0,0.6703569169489035,0.2745466353198692,0.0012225128313589828,0.19843036,Bacteria,superkingdom,
G_r064_substitution_0p1pct,3,markers + neural network,0.5072464,0.10144927,1.0,0.0,1.0,0.019688644251980626,728.0,1.0,0.010841840414240807,0.0011404906641394553,0.6730117,Xanthomonadaceae,family,
G_r069_substitution_0p5pct,3,markers + neural network,0.4347826,0.1594203,0.8611111,0.19444445,0.7493909157787843,0.14244186046511628,602.0,0.6864154954275334,0.21596386979512092,0.0012371313543522002,0.4594511,Cyanobacteriota,phylum,
G_r017_chimera_20pct,3,markers + neural network,0.2536232,0.11594203,0.5648148,0.046296295,0.6741737821208897,0.08578980146948971,536.0,0.629002822109509,0.14916027441494406,0.0012248060641684168,0.41839772,Geobacteraceae,family,
G_r021_indel_5pct,2,markers,0.39130434,0.42028984,0.6481481,0.6296296,0.7205330788552224,0.7813438209327491,444.0,0.6992208114985139,0.3064212119645127,0.0015274682598428902,0.26798114,Thermotogae,class,
G_r007_uneven_coverage_20pct,3,markers + neural network,0.2753623,0.02173913,0.5648148,0.037037037,0.7912558971996039,0.04841549295774648,568.0,0.7836929556693528,0.0626584644567947,0.0011518279936862763,0.63586766,Borrelia,genus,
G_r002_substitution_0p1pct,3,markers + neural network,0.36956522,0.04347826,0.8148148,0.009259259,0.8119612068965517,0.01795977148516425,464.0,0.8072168914132527,0.019363183541634195,0.001144613822862619,0.513009,Microbacteriaceae,family,
G_r046_substitution_0p1pct,3,markers + neural network,1.0,0.014492754,0.5185185,0.018518519,0.9993489583333334,0.027886283894379933,768.0,1.0,0.0,0.001191616223171646,0.7590378,Sulfolobaceae,family,
G_r060_indel_5pct,2,markers,0.36231884,0.1884058,0.16666667,0.14814815,0.44904458598726116,0.39490445859872614,157.0,0.6551870161823775,0.20063885242444285,0.0017320397490825986,0.1802893,Archaea,superkingdom,
G_r025_chimera_5pct,3,markers + neural network,0.8333333,0.04347826,0.6388889,0.018518519,0.829004329004329,0.06493506493506493,231.0,0.7913749827676271,0.20243379965566488,0.0010171810533293494,0.43659595,Archaea,superkingdom,
G_r009_indel_5pct,2,markers,0.6376812,0.67391306,0.4074074,0.6111111,0.6445087293209598,0.824791292694033,519.0,0.688692924175039,0.3045719503969053,0.0019221768739861099,0.20602457,Methanosarcinaceae,family,
G_r065_substitution_5pct,2,markers,0.49275362,0.2826087,0.9814815,0.41666666,0.9392251668195748,0.492822568584008,826.0,0.9233735093372344,0.2545326072218283,0.001914509683811019,0.4404745,Streptococcus,genus,
G_r059_indel_0p1pct,3,markers + neural network,0.3043478,0.19565217,0.6111111,0.12037037,0.6954022988505747,0.1896551724137931,261.0,0.6913889816599323,0.18815477082522192,0.0013834320327159567,0.32593235,Bacteria,superkingdom,
G_r050_uneven_coverage_5pct,3,markers + neural network,0.4710145,0.123188406,0.8888889,0.06481481,0.8261363636363637,0.08693181818181818,440.0,0.8096681851853171,0.08634318508273395,0.0007579219419335061,0.44124132,Planctomycetaceae,family,
G_r055_substitution_titv_1pct,2,markers,0.5072464,0.23913044,0.9814815,0.23148148,0.9260819999604764,0.335300722170439,593.0,0.903207683850311,0.26582195677159604,0.0012595373251426578,0.39439672,Desulfovibrionaceae,family,
G_r049_chimera_20pct,3,markers + neural network,0.24637681,0.028985508,0.5740741,0.0,0.7102295652834955,0.012724550898203593,668.0,0.710739546352545,0.00023642775469367994,0.0010849015240533856,0.5166771,Deinococcus,genus,
G_r005_indel_2pct,2,markers,0.3115942,0.73188406,0.5925926,1.0092592,0.6046377165421196,1.1576810886548914,575.0,0.6420467994772436,0.35221872510708924,0.0030008955741304263,0.15686938,Cyanophyceae,class,
G_r073_substitution_titv_0p5pct,3,markers + neural network,0.7173913,0.057971016,0.4351852,0.009259259,0.735304703251008,0.05716846014863701,465.0,0.7321429648735307,0.10452189656059327,0.0010827121523372338,0.4546309,Methanomicrobiaceae,family,
G_r022_uneven_coverage_10pct,3,markers + neural network,0.48550725,0.123188406,0.8240741,0.1388889,0.8067484662576687,0.2085889570552147,326.0,0.7695376945461212,0.2655326035200837,0.0010142353554912283,0.38088262,Bacteria,superkingdom,
G_r036_chimera_5pct,2,markers,0.26086956,0.007246377,0.5462963,0.0,0.57630742783299,0.020336605890603085,713.0,0.6074643056335536,0.06537387669083869,0.0012972335511768464,0.48337704,Leuconostoc,genus,
G_r078_indel_0p1pct,3,markers + neural network,0.442029,0.18115942,0.8055556,0.21296297,0.7206150894253857,0.21777260261864267,859.0,0.6334902986644255,0.25598411425982237,0.001786735842540526,0.44642642,Thermus,genus,
G_r056_chimera_10pct,3,markers + neural network,0.5,0.1521739,0.9351852,0.23148148,0.9249585659349736,0.139303473097768,402.0,0.9098005146234793,0.24056191484102016,0.0012765390183895864,0.47686118,Thermotogae,class,
G_r037_indel_0p1pct,2,markers,0.49275362,0.3188406,0.9444444,0.35185185,0.7748476610572697,0.32923112271036614,711.0,0.6461485713272415,0.25028402594451327,0.0014379247362703298,0.32373476,Streptomyces,genus,
G_r062_indel_1pct,2,markers,0.45652175,0.76811594,0.787037,0.9907407,0.7348178137651822,1.158906882591093,247.0,0.7213930774446184,0.2785864681457132,0.00316043628145539,0.1647342,Bacteria,superkingdom,
G_r073_indel_1pct,2,markers,0.6956522,0.8768116,0.4351852,0.537037,0.7317230666893116,1.2455715603298612,414.0,0.6800524285835771,0.21327103760500488,0.002571224516555877,0.15052749,Methanomicrobiales,order,
G_r029_substitution_0p5pct,2,markers,0.24637681,0.02173913,0.4351852,0.06481481,0.5693404661780372,0.05481283422459893,374.0,0.6384213884460965,0.08219966323042849,0.0013951273840352308,0.3998549,Bacteria,superkingdom,
G_r045_chimera_5pct,3,markers + neural network,0.46376812,0.050724637,0.9444444,0.009259259,1.0,0.003367003367003367,297.0,0.9950391376039706,0.0,0.0008727115769169811,0.6097546,Bacteria,superkingdom,
G_r045_substitution_1pct,3,markers + neural network,0.45652175,0.08695652,0.9444444,0.055555556,0.9924812030075187,0.07518796992481203,266.0,1.0,0.06131225258551397,0.0009452127318772404,0.5345857,Bacteria,superkingdom,
G_r061_substitution_titv_1pct,3,markers + neural network,0.442029,0.10869565,0.8425926,0.046296295,0.8767441860465116,0.10697674418604651,215.0,0.8524895006566338,0.12022700273452677,0.0007747228625262705,0.37989584,Bacteria,superkingdom,
G_r059_substitution_5pct,3,markers + neural network,0.28985506,0.2173913,0.5740741,0.21296297,0.6717687074829932,0.23809523809523808,294.0,0.6841944024640417,0.20975767515290025,0.0012689597083577356,0.31469166,Bacteria,superkingdom,
G_r058_chimera_10pct,3,markers + neural network,0.942029,0.007246377,0.5185185,0.037037037,0.8986546811501541,0.002242152466367713,446.0,0.8954759282319424,0.0,0.0009062415307472286,0.6562382,Methanobacteriaceae,family,
G_r005_substitution_1pct,3,markers + neural network,0.32608697,0.10869565,0.6018519,0.1388889,0.6213372604685196,0.0978367785788567,678.0,0.6258214845598632,0.16976889650696095,0.0012983151396666875,0.4332695,Synechococcales,order,
G_r027_substitution_0p1pct,3,markers + neural network,0.48550725,0.06521739,0.8611111,0.0,0.8923001651875457,0.01325536192509166,342.0,0.8832552814043031,0.0,0.0011616843374441372,0.49441624,Synergistales,order,
G_r003_substitution_1pct,3,markers + neural network,0.2753623,0.23188406,0.5462963,0.3148148,0.6461318051575932,0.24570200573065903,349.0,0.624620788787763,0.2443200082625738,0.0010555982350610046,0.32162917,Bacteroidota,phylum,
G_r027_indel_1pct,2,markers,0.4710145,0.7246377,0.8425926,0.9259259,0.8499025043688322,1.0930312307257402,342.0,0.8278625852153674,0.2555976559829508,0.002630450531489397,0.20133,Synergistales,order,
G_r011_substitution_titv_1pct,3,markers + neural network,0.73913044,0.06521739,0.42592594,0.074074075,0.6850012816254621,0.08471965966074832,541.0,0.6601711143599004,0.12030159110873428,0.0010984818514757158,0.4701252,Sulfolobaceae,family,
G_r037_chimera_10pct,3,markers + neural network,0.49275362,0.1521739,0.9444444,0.12037037,0.7681704413621946,0.08671679389207883,665.0,0.6964692251510476,0.09789475787440097,0.0011126009563119572,0.42125803,Streptomyces,genus,
G_r045_indel_2pct,2,markers,0.45652175,0.8115942,0.8981481,1.074074,0.9411764705882353,1.5168067226890756,238.0,0.9061958953362002,0.1760235756207304,0.002281887250224716,0.15786292,Bacteria,superkingdom,
G_r030_substitution_titv_2pct,3,markers + neural network,0.42753622,0.123188406,0.7777778,0.12037037,0.8173076923076923,0.125,208.0,0.7982642107209261,0.11220605773104808,0.000765927718685615,0.33998328,Bacteria,superkingdom,
G_r061_indel_5pct,2,markers,0.34057972,0.34057972,0.5185185,0.3425926,0.6369426751592356,0.6369426751592356,157.0,0.7025824874373594,0.2555285328395757,0.0008535762300796449,0.19773726,Bacteria,superkingdom,
G_r019_indel_0p1pct,3,markers + neural network,0.36956522,0.123188406,0.6574074,0.16666667,0.6614477908972538,0.20370369342842487,495.0,0.6500960756064755,0.22406030502495244,0.0012015972696760506,0.33145007,Acidobacteriaceae,family,
G_r029_substitution_titv_5pct,2,markers,0.24637681,0.050724637,0.42592594,0.14814815,0.5576997723495751,0.1608187134502924,342.0,0.6477777173935662,0.1751285321991688,0.0015150489719395358,0.33127198,Bacteria,superkingdom,
G_r016_chimera_20pct,3,markers + neural network,0.46376812,0.13768116,0.8981481,0.14814815,0.8908521609198778,0.07518796992481203,266.0,0.8829508045779075,0.14010380295542646,0.0013510041008852984,0.53615785,Bacteria,superkingdom,
G_r000_uneven_coverage_40pct,3,markers + neural network,0.42028984,0.21014492,0.6759259,0.21296297,0.6633585166467078,0.2687128442917427,1644.0,0.657066636213278,0.297242506965706,0.0012979847667543753,0.3381905,Klebsiella,genus,
G_r056_chimera_5pct,3,markers + neural network,0.5,0.1521739,0.9351852,0.23148148,0.9249585659349736,0.139303473097768,402.0,0.9098005146234793,0.24056191484102016,0.0012765390183895864,0.47686118,Thermotogae,class,
G_r038_chimera_10pct,3,markers + neural network,0.32608697,0.14492753,0.712963,0.37037036,0.7097860213813432,0.22233371559633028,872.0,0.6281520730531454,0.23396173898287323,0.0010996139601940856,0.35536546,Bacteroides,genus,
G_r056_uneven_coverage_40pct,2,markers,0.5,0.4710145,0.9351852,0.8333333,0.9250720461095101,0.6023055194777783,347.0,0.8575185641995433,0.2747685141826615,0.0012803356534457722,0.32408857,Thermotogae,class,
G_r066_uneven_coverage_40pct,2,markers,0.49275362,0.8695652,0.8981481,1.1388888,0.8725698993859512,0.6201292952249883,799.0,0.8421746847380251,0.30643400805813764,0.0011490245682283153,0.3556626,Micromonospora,genus,
G_r023_chimera_5pct,3,markers + neural network,0.9927536,0.0,0.5462963,0.027777778,1.0,0.007259528130671506,551.0,1.0,0.003139362216129364,0.0011639949774074991,0.66223806,Methanobacteriaceae,family,
G_r051_substitution_0p5pct,3,markers + neural network,0.5072464,0.17391305,0.9351852,0.19444445,0.9802431610942249,0.196048632218845,329.0,1.0,0.16599592428389628,0.0010335339760501913,0.4101218,Bacteria,superkingdom,
G_r073_uneven_coverage_20pct,3,markers + neural network,0.7173913,0.17391305,0.4351852,0.083333336,0.7426303854875284,0.19312170465516937,441.0,0.691080656279774,0.23243337040599948,0.0010470434543835758,0.37752807,Methanomicrobiales,order,
G_r003_uneven_coverage_40pct,2,markers,0.2753623,0.44927537,0.5462963,0.5555556,0.6556728232189973,0.5081354709917134,379.0,0.6354813698687074,0.3096995608859811,0.000926684692212591,0.2809428,Bacteroidota,phylum,
G_r074_substitution_2pct,3,markers + neural network,0.42753622,0.050724637,0.75,0.10185185,0.8737864077669902,0.19741100940889525,206.0,0.8761266196534467,0.2036029346931309,0.0012393160065152613,0.4005921,Bacteria,superkingdom,
G_r023_indel_0p5pct,2,markers,0.9927536,0.7463768,0.5277778,0.5185185,0.9777562862669246,1.059477756286267,517.0,0.9443427905772567,0.24013495692407427,0.0022657914527783674,0.28469604,Methanobacteriaceae,family,
G_r036_substitution_0p1pct,2,markers,0.26086956,0.007246377,0.5462963,0.009259259,0.5825635830902405,0.02503576537911302,699.0,0.6090545024395454,0.07349621144394727,0.0013153766777667323,0.4789609,Leuconostoc,genus,
G_r033_substitution_5pct,2,markers,0.22463769,0.1884058,0.37962964,0.18518518,0.5144356554887426,0.36811023622047245,254.0,0.628344893009465,0.28487497658700306,0.0016201290983231848,0.2533152,Bacteria,superkingdom,
G_r014_chimera_5pct,3,markers + neural network,0.4347826,0.028985508,0.7222222,0.0,0.6416957797493452,0.015521924348593591,859.0,0.6305985776640819,0.014044218846131655,0.0014464791858078778,0.52732146,Thermus,genus,
G_r063_uneven_coverage_10pct,3,markers + neural network,0.5072464,0.11594203,0.9351852,0.037037037,0.9847972972972973,0.09628378378378379,296.0,0.9940037336700598,0.09462192967633312,0.000984625205243226,0.44034055,Bacteria,superkingdom,
G_r061_indel_0p5pct,2,markers,0.442029,0.5,0.8518519,0.6296296,0.8556149732620321,0.7620320855614974,187.0,0.8189723432764067,0.21466337534165827,0.00131701334560808,0.22028956,Bacteria,superkingdom,
G_r049_substitution_titv_1pct,3,markers + neural network,0.24637681,0.050724637,0.5740741,0.018518519,0.7029282666230097,0.056783796229439285,683.0,0.6892507656517468,0.06013372200975323,0.0011238359143443415,0.48293683,Deinococcus,genus,
G_r030_substitution_2pct,3,markers + neural network,0.41304347,0.123188406,0.7685185,0.09259259,0.8130434782608695,0.14782608695652175,230.0,0.805964641125988,0.11820079382863466,0.0007826244128991769,0.3346132,Bacteria,superkingdom,
G_r011_substitution_titv_0p5pct,3,markers + neural network,0.73913044,0.028985508,0.42592594,0.055555556,0.6897479946573053,0.04846778998455455,533.0,0.6758552978335859,0.0499652618491661,0.0010491666820212067,0.49635026,Sulfolobaceae,family,
G_r038_uneven_coverage_20pct,2,markers,0.32608697,0.16666667,0.712963,0.5925926,0.7137672697089992,0.4039815817984832,923.0,0.6488028844297886,0.27884403867462526,0.0010961292559812594,0.31230122,Bacteroides,genus,
G_r056_substitution_2pct,2,markers,0.5,0.33333334,0.9351852,0.5,0.9145936728709966,0.39697345335092116,402.0,0.8702011521071975,0.2620059229305372,0.0015899787046630375,0.3607796,Thermotogae,class,
G_r038_substitution_titv_2pct,2,markers,0.32608697,0.2173913,0.7037037,0.5277778,0.7073013585641843,0.41775610687535836,872.0,0.6468868458257229,0.2843000823973458,0.0013144300140028242,0.29650277,Bacteroides,genus,
G_r025_substitution_titv_0p1pct,3,markers + neural network,0.8333333,0.04347826,0.6388889,0.018518519,0.8425531914893617,0.06595744680851064,235.0,0.8042750290150111,0.18344739111038547,0.0010248003870621536,0.43239987,Archaea,superkingdom,
G_r026_chimera_20pct,3,markers + neural network,0.6666667,0.26811594,0.8611111,0.25,0.9,0.15222222222222223,225.0,0.88066195821382,0.19383231788238314,0.0007582719838513734,0.3458367,Bacteria,superkingdom,
G_r049_substitution_titv_2pct,3,markers + neural network,0.24637681,0.07971015,0.5740741,0.055555556,0.6999757282935496,0.0890184630457931,686.0,0.6714494716977024,0.11744051655268747,0.0011603149827250565,0.46003404,Deinococcus,genus,
G_r066_substitution_titv_0p1pct,3,markers + neural network,0.49275362,0.4347826,0.8981481,0.4722222,0.8634959806936405,0.14956194289187166,799.0,0.8389691564756271,0.13654251737521073,0.0011368120657738144,0.52808565,Micromonospora,genus,
G_r052_substitution_titv_5pct,3,markers + neural network,0.18115942,0.10869565,0.4722222,0.06481481,0.6693989487945057,0.24180327868852458,366.0,0.6686040185496779,0.23443243572667155,0.0013183592037951915,0.32248345,Bacteria,superkingdom,
G_r031_substitution_titv_1pct,3,markers + neural network,0.5869565,0.06521739,0.42592594,0.09259259,0.6195857161182469,0.08898305084745763,177.0,0.6684946560236146,0.1101245227859246,0.0009026771238854615,0.2898708,Archaea,superkingdom,
G_r004_chimera_20pct,3,markers + neural network,0.44927537,0.07971015,0.8703704,0.027777778,0.8434408864667339,0.034274193548387094,620.0,0.8335782907855078,0.026400284035942134,0.001237554306987809,0.67178977,Helicobacter,genus,
G_r014_substitution_titv_1pct,3,markers + neural network,0.4347826,0.06521739,0.7222222,0.027777778,0.6410554435117142,0.05752813496883868,859.0,0.6206665899204028,0.08001096082854517,0.0015281644171903316,0.49620423,Thermus,genus,
G_r006_substitution_0p1pct,3,markers + neural network,0.44927537,0.04347826,0.9351852,0.0,1.0,0.045454545454545456,231.0,1.0,0.028376142454824116,0.0010850426092575208,0.6660039,Bacteria,superkingdom,
G_r061_substitution_0p5pct,3,markers + neural network,0.45652175,0.11594203,0.8518519,0.027777778,0.8669354838709677,0.09489247875828896,248.0,0.8398975133786444,0.11860492980933332,0.0007731333613721337,0.38183203,Bacteria,superkingdom,
G_r073_indel_0p1pct,3,markers + neural network,0.7173913,0.18115942,0.4351852,0.09259259,0.7540603248259861,0.2877030162412993,431.0,0.7185916686147414,0.2528740963537479,0.0013423234277208926,0.34565064,Methanomicrobiales,order,
G_r075_indel_5pct,2,markers,0.68115944,0.65217394,0.37962964,0.49074075,0.654636583830181,0.7143976311934622,532.0,0.676902031847219,0.2751281610426588,0.0014283783371339127,0.23824248,Sulfolobaceae,family,
G_r075_uneven_coverage_5pct,3,markers + neural network,0.9710145,0.10869565,0.5185185,0.083333336,0.8846603225875687,0.044793304131955515,637.0,0.8840800012333645,0.014605032365391811,0.0010221199040926744,0.6206948,Sulfolobaceae,family,
G_r041_indel_1pct,2,markers,0.23188406,0.35507247,0.6111111,0.8888889,0.7239263803680982,1.5393659907615989,326.0,0.7465393656782351,0.3356861666460668,0.0030589458173656287,0.14821905,Chlamydiia,class,
G_r078_substitution_1pct,3,markers + neural network,0.442029,0.06521739,0.8055556,0.06481481,0.7093773496449672,0.07118450590581177,878.0,0.6696526781151048,0.09646789234324805,0.0014927792980180636,0.5357719,Thermus,genus,
G_r042_chimera_10pct,3,markers + neural network,0.2826087,0.057971016,0.5833333,0.0,0.6888054284766678,0.018643306379155435,1113.0,0.6862595456518241,0.02361809122116604,0.0009063088696863368,0.57255524,Leptospira,genus,
G_r044_substitution_0p5pct,3,markers + neural network,0.9637681,0.13768116,0.787037,0.12037037,0.8545081967213115,0.145662573517346,488.0,0.8113808096245791,0.22312428574071413,0.001216127910852329,0.4274915,Halobacteria,class,
G_r023_substitution_2pct,3,markers + neural network,0.98550725,0.1521739,0.5462963,0.19444445,0.9805094401041666,0.22882136279926335,543.0,0.9883812146088572,0.20257705772611959,0.0013376776925403504,0.51972485,Methanobacteriaceae,family,
G_r076_substitution_0p1pct,3,markers + neural network,0.48550725,0.08695652,0.9074074,0.0,0.9342592592592592,0.02962962962962963,270.0,0.9106936571606152,0.024563127417668685,0.0008736726030940105,0.42864847,Bacteria,superkingdom,
G_r003_substitution_0p5pct,3,markers + neural network,0.2753623,0.18115942,0.5462963,0.22222222,0.64,0.1492857142857143,350.0,0.6292883902665061,0.21344773160921388,0.0009916158755952683,0.35443982,Bacteroidota,phylum,
G_r011_substitution_0p5pct,3,markers + neural network,0.73913044,0.057971016,0.42592594,0.055555556,0.6877512613932292,0.06404320752179181,540.0,0.6696303329907857,0.0820869125483678,0.0010789725536695363,0.48496792,Sulfolobaceae,family,
G_r034_substitution_0p5pct,3,markers + neural network,0.49275362,0.08695652,0.9444444,0.046296295,0.9293478260869565,0.07336956521739131,184.0,0.9092125211680144,0.10924555162892063,0.0007473507349661767,0.40913162,Bacteria,superkingdom,
G_r045_chimera_40pct,3,markers + neural network,0.46376812,0.050724637,0.9444444,0.009259259,1.0,0.003367003367003367,297.0,0.9950774508502354,0.0,0.0008723743622427474,0.6099871,Bacteria,superkingdom,
G_r075_substitution_1pct,3,markers + neural network,0.9710145,0.22463769,0.5185185,0.1574074,0.8806368951165714,0.1606354217047947,634.0,0.8621370847778212,0.16450878181537912,0.0011399480263941141,0.5433748,Sulfolobaceae,family,
G_r018_none_control,3,markers + neural network,0.98550725,0.29710144,0.6851852,0.42592594,0.9461537109375,0.12946666259765624,625.0,0.9396810689387103,0.22238397939222188,0.0012145619289620556,0.57626635,Thermococcus,genus,
G_r032_substitution_titv_0p5pct,3,markers + neural network,0.45652175,0.072463766,0.7962963,0.046296295,0.8456032407795725,0.08537832505863868,326.0,0.8501001915787743,0.0943603241937241,0.0011563509720354927,0.47077242,Bacteria,superkingdom,
G_r062_none_control,3,markers + neural network,0.46376812,0.050724637,0.8055556,0.009259259,0.730576479345336,0.015037593984962405,266.0,0.7082546721256251,0.021859772255744286,0.001267074602880277,0.4862783,Bacteria,superkingdom,
G_r028_indel_0p5pct,2,markers,0.42028984,0.54347825,0.6851852,0.6296296,0.8473520249221184,1.0269990249586254,321.0,0.8211931991853836,0.28130500302695366,0.0019055543460219397,0.20576902,Bacteria,superkingdom,
G_r044_indel_5pct,2,markers,0.8333333,0.78985506,0.6759259,0.6574074,0.7421875,1.0052827426365443,448.0,0.6833856829223324,0.2865446615560411,0.0018663900139770147,0.19415173,Halobacteria,class,
G_r073_indel_2pct,2,markers,0.6956522,1.0724638,0.39814815,0.6388889,0.7471783295711061,1.6086155738572234,443.0,0.6590251990820316,0.23932265888799148,0.0026414148691988795,0.13957936,Methanomicrobiales,order,
G_r003_indel_2pct,2,markers,0.2753623,0.9057971,0.5277778,1.3611112,0.6291666666666667,1.3349536471896701,360.0,0.568299937462931,0.3021911624807655,0.0022271157765915077,0.14567342,Bacteroidota,phylum,
G_r067_substitution_5pct,2,markers,0.4710145,0.3478261,0.9722222,0.5185185,0.9868973066221993,0.694212331711871,636.0,0.9737579630424706,0.2552143304933323,0.001730944722518877,0.38010353,Flavobacteriales,order,
G_r071_uneven_coverage_10pct,3,markers + neural network,0.48550725,0.17391305,0.8888889,0.10185185,0.8880802589126781,0.11656118948248369,316.0,0.9021970729320608,0.1037447441025181,0.0009980065524646145,0.48784867,Treponema,genus,
G_r054_substitution_0p1pct,3,markers + neural network,0.36956522,0.050724637,0.7314815,0.10185185,0.6600877192982456,0.17324561403508773,228.0,0.6712973933627769,0.2086540604624586,0.000752325866610398,0.30948007,Bacteria,superkingdom,
G_r045_uneven_coverage_40pct,2,markers,0.46376812,0.123188406,0.9444444,0.28703704,1.0,0.34837278106508873,338.0,1.0,0.28068669531326446,0.0008690503890253003,0.35900688,Bacteria,superkingdom,
G_r056_substitution_1pct,3,markers + neural network,0.5,0.23188406,0.9259259,0.3611111,0.9150793892996651,0.27190475463867186,420.0,0.89743994477482,0.25785948433611794,0.0014465473542821853,0.40324932,Thermotogae,class,
G_r050_substitution_0p5pct,3,markers + neural network,0.4710145,0.0942029,0.8888889,0.055555556,0.833145691467835,0.07469970256358653,444.0,0.8255621209122862,0.0771113294804058,0.0007940097098541744,0.4483197,Planctomycetaceae,family,
G_r039_indel_0p1pct,2,markers,0.35507247,0.23913044,0.6018519,0.2037037,0.6655008670369627,0.31301053616369195,1012.0,0.6613382940800872,0.3228187297953684,0.0017178038738776453,0.39467323,Campylobacter,genus,
G_r004_substitution_0p5pct,3,markers + neural network,0.44927537,0.10869565,0.8703704,0.074074075,0.842231209047379,0.09556450997629473,620.0,0.8200186801194183,0.10739481420123598,0.0013366752644379514,0.6160224,Helicobacter,genus,
G_r039_substitution_0p1pct,3,markers + neural network,0.35507247,0.11594203,0.6018519,0.027777778,0.656031129859653,0.07999011556150414,1012.0,0.6344781444394365,0.19978223305868212,0.0013197157155288607,0.5157854,Campylobacter,genus,
G_r068_substitution_titv_1pct,3,markers + neural network,0.28985506,0.13043478,0.7037037,0.055555556,0.8378194374613243,0.09610560955387532,1010.0,0.813354716628411,0.12043305305217422,0.0014647841477804452,0.6675393,Campylobacter,genus,
G_r020_indel_1pct,2,markers,0.19565217,0.46376812,0.42592594,0.5092593,0.5526820507999581,0.8046615425197557,522.0,0.6181219915122597,0.35171172719085364,0.0022916686926839707,0.17399862,Desulfovibrionales,order,
G_r052_chimera_10pct,3,markers + neural network,0.20289855,0.036231883,0.5,0.0,0.6885246318546149,0.0027322402743042494,366.0,0.6696600316020623,0.0,0.0011461134700546628,0.44003555,Bacteria,superkingdom,
G_r062_substitution_titv_5pct,3,markers + neural network,0.45652175,0.22463769,0.787037,0.22222222,0.6949317887512564,0.26169590643274854,342.0,0.6800618271742993,0.24395847885093858,0.001598822358537333,0.35848966,Synergistales,order,
G_r068_substitution_titv_2pct,3,markers + neural network,0.28985506,0.1884058,0.7037037,0.17592593,0.8378666339534344,0.20208744766688583,1010.0,0.7817476744540122,0.22999010340093806,0.0015951251100829423,0.58056706,Campylobacter,genus,
G_r072_uneven_coverage_40pct,2,markers,0.39130434,0.34057972,0.7314815,0.4722222,0.6946613087373621,0.3322303622376685,816.0,0.6810471813260204,0.2882678802177882,0.00119389697771336,0.42365414,Fusobacterium,genus,
G_r019_substitution_1pct,3,markers + neural network,0.36956522,0.028985508,0.6574074,0.06481481,0.6533669828164457,0.08686868686868687,495.0,0.6337133637798159,0.13155377329676024,0.0009975260850348044,0.37485582,Acidobacteriaceae,family,
G_r050_uneven_coverage_20pct,3,markers + neural network,0.4710145,0.33333334,0.8888889,0.35185185,0.833904109589041,0.28063165325008027,438.0,0.7779043783991983,0.24107320318739908,0.0007764537724941471,0.38294348,Planctomycetaceae,family,
G_r014_indel_0p5pct,2,markers,0.4347826,0.4347826,0.712963,0.6111111,0.6432329182365544,0.5813436305269282,846.0,0.7054136382156153,0.3241094051224106,0.0027461168361033045,0.24779412,Thermus,genus,
G_r009_substitution_titv_0p5pct,3,markers + neural network,0.8115942,0.036231883,0.4814815,0.046296295,0.7402668595314026,0.0445963516831398,512.0,0.7152400396799408,0.043040118737543244,0.0011594608085888337,0.48947102,Methanosarcinaceae,family,
G_r003_none_control,3,markers + neural network,0.2753623,0.18115942,0.5462963,0.2037037,0.6385542168674698,0.1197289156626506,332.0,0.6278062932279035,0.1966274865784223,0.0009373747750101287,0.37350193,Bacteroidota,phylum,
G_r029_substitution_0p1pct,2,markers,0.26086956,0.007246377,0.44444445,0.046296295,0.5903723610194568,0.025885558583106268,367.0,0.6340201072438711,0.03609633171077022,0.0013250741792198448,0.41659346,Bacteria,superkingdom,
G_r016_substitution_2pct,2,markers,0.46376812,0.20289855,0.8981481,0.39814815,0.8971119133574007,0.31137184115523464,277.0,0.8811541725554115,0.25565781361800316,0.0015784008307372793,0.43301472,Bacteria,superkingdom,
G_r076_none_control,3,markers + neural network,0.48550725,0.08695652,0.9074074,0.0,0.9463636363636364,0.033939392783425074,275.0,0.9229204884567332,0.03990267739988378,0.000865180350987353,0.43471608,Bacteria,superkingdom,
G_r023_indel_1pct,2,markers,0.9710145,1.057971,0.537037,0.7592593,0.9724371373307543,1.43036750483559,517.0,0.9207265918425334,0.21458283489126123,0.0026566906717481547,0.23756452,Methanobacteriaceae,family,
G_r027_indel_0p5pct,2,markers,0.47826087,0.5797101,0.8425926,0.7314815,0.8786549707602339,0.8384990134434394,342.0,0.876320062337451,0.254720951354705,0.002199071829182181,0.26169392,Synergistales,order,
G_r045_chimera_20pct,3,markers + neural network,0.46376812,0.050724637,0.9444444,0.009259259,1.0,0.003367003367003367,297.0,0.9950391376039706,0.0,0.0008727115769169811,0.6097546,Bacteria,superkingdom,
G_r056_uneven_coverage_10pct,3,markers + neural network,0.5,0.2753623,0.9351852,0.4537037,0.9254386208274148,0.25865231746691836,418.0,0.9189370027571595,0.260280718847292,0.0012678718736085911,0.43019757,Thermotogae,class,
G_r061_indel_0p1pct,3,markers + neural network,0.45652175,0.19565217,0.8518519,0.14814815,0.8956310679611651,0.2111650485436893,206.0,0.8892387481203012,0.15274905043243472,0.0009308358448098272,0.32461083,Bacteria,superkingdom,
G_r013_substitution_titv_5pct,2,markers,0.20289855,0.072463766,0.42592594,0.06481481,0.48,0.18,175.0,0.6478847074556522,0.18603273000358805,0.0007723398253596012,0.2769264,Bacteria,superkingdom,
G_r049_indel_5pct,2,markers,0.2173913,0.26811594,0.46296296,0.41666666,0.5546324577216295,0.534743248515979,662.0,0.6427774996542097,0.28871653469607433,0.0013660775647194156,0.23118784,Deinococcus,genus,
G_r015_chimera_40pct,3,markers + neural network,0.4057971,0.036231883,0.8425926,0.018518519,0.7303763112714213,0.027419354838709678,310.0,0.682018447482334,0.03675055892612755,0.0008077030855199794,0.40990704,Planctomycetia,class,
G_r058_substitution_titv_0p5pct,3,markers + neural network,0.942029,0.04347826,0.5185185,0.046296295,0.8964125286837864,0.05605381165919283,446.0,0.891267318949834,0.03246429144988741,0.0009510750472766913,0.6125781,Methanobacteriaceae,family,
G_r076_substitution_1pct,3,markers + neural network,0.48550725,0.123188406,0.9074074,0.046296295,0.9057093425605537,0.1300461317016179,289.0,0.9116381687207501,0.11828151978899965,0.0009349197546511164,0.3976296,Bacteria,superkingdom,
G_r064_indel_2pct,2,markers,0.49275362,0.79710144,0.9537037,1.0925926,0.942922467329005,1.3505472911910197,657.0,0.9433852161850189,0.2423980142009633,0.0023130245644052555,0.22542386,Xanthomonadaceae,family,
G_r073_substitution_titv_1pct,3,markers + neural network,0.71014494,0.06521739,0.42592594,0.027777778,0.7447257383966245,0.10249648114296958,474.0,0.7236663866912856,0.1584836372268241,0.001113998639370649,0.42842615,Methanomicrobiaceae,family,
G_r068_uneven_coverage_40pct,2,markers,0.28985506,0.23913044,0.7037037,0.37037036,0.8479647122896634,0.3522138155423678,1040.0,0.737139530897928,0.3538577527346501,0.0013319803355565844,0.43220064,Campylobacter,genus,
G_r009_substitution_titv_2pct,3,markers + neural network,0.8115942,0.14492753,0.49074075,0.1388889,0.7460822250572013,0.10051380370623345,519.0,0.7148097205724753,0.12014320846536378,0.001251662480413341,0.45022038,Methanosarcinaceae,family,
G_r038_indel_0p5pct,2,markers,0.32608697,0.5869565,0.7037037,1.1111112,0.7203585591179114,1.4132436279036875,939.0,0.6636296431340827,0.3213507821035888,0.0024332457863180577,0.14289172,Bacteroides,genus,
G_r020_indel_2pct,2,markers,0.19565217,0.39855072,0.4074074,0.5185185,0.528344671201814,0.7741496460237741,441.0,0.6245833888362836,0.34373560006374665,0.002255477153265969,0.16559617,Desulfovibrionales,order,
G_r060_substitution_titv_0p1pct,2,markers,0.46376812,0.014492754,0.2037037,0.0,0.5769720295913346,0.020038167938931296,262.0,0.6358877594901242,0.046022392673557976,0.0011262230765041051,0.36360797,Archaea,superkingdom,
G_r061_substitution_0p1pct,3,markers + neural network,0.44927537,0.10144927,0.8518519,0.009259259,0.8819742489270386,0.03862660944206009,233.0,0.8411504512206336,0.06799376068660035,0.0007445223405976716,0.4018827,Bacteria,superkingdom,
G_r024_substitution_titv_0p1pct,3,markers + neural network,0.5217391,0.28985506,0.962963,0.46296296,0.904331003706859,0.22505800464037123,431.0,0.8706138332985265,0.16633021390755592,0.0009285621702136023,0.39193326,Myxococcales,order,
G_r004_indel_0p1pct,3,markers + neural network,0.44927537,0.1884058,0.8703704,0.25,0.8417825359833848,0.28374548415312256,647.0,0.7790730026187702,0.2502385865415535,0.0016478871186391265,0.4914261,Helicobacter,genus,
G_r073_chimera_20pct,3,markers + neural network,0.7173913,0.028985508,0.4351852,0.009259259,0.744198312236287,0.026722924115788586,474.0,0.7368894893660425,0.06643616018539783,0.001038777936503076,0.47868562,Methanomicrobiaceae,family,
G_r077_substitution_titv_1pct,3,markers + neural network,0.4057971,0.057971016,0.712963,0.027777778,0.8044217687074829,0.12244897959183673,147.0,0.7694117303633241,0.1830346989558114,0.0007983385426290665,0.33828238,Bacteria,superkingdom,
G_r037_none_control,3,markers + neural network,0.49275362,0.1521739,0.9444444,0.12037037,0.7681704413621946,0.08671679389207883,665.0,0.6964692251510476,0.09789475787440097,0.0011126009563119572,0.42125803,Streptomyces,genus,
G_r059_uneven_coverage_10pct,3,markers + neural network,0.3043478,0.16666667,0.6111111,0.06481481,0.7089552238805971,0.04477611940298507,268.0,0.6998452527202619,0.003924575541564522,0.001122492368559398,0.38053426,Bacteria,superkingdom,
G_r011_substitution_5pct,2,markers,0.7173913,0.2826087,0.39814815,0.23148148,0.6515887964551694,0.3348909752391209,535.0,0.6658797276220436,0.278645965917082,0.0013775731950918942,0.3329712,Sulfolobaceae,family,
G_r033_uneven_coverage_20pct,2,markers,0.24637681,0.1884058,0.4074074,0.30555555,0.5666152577341339,0.1697530864197531,324.0,0.6548183751236395,0.19001563002517619,0.0012282017054632119,0.33717793,Bacteria,superkingdom,
G_r009_chimera_5pct,3,markers + neural network,0.8115942,0.02173913,0.4814815,0.037037037,0.741406261920929,0.008138020522892475,512.0,0.7290839135623461,0.0,0.001104932938154985,0.50849026,Methanosarcinaceae,family,
G_r021_substitution_titv_0p5pct,3,markers + neural network,0.5,0.08695652,0.9351852,0.037037037,0.9921104536489151,0.09714003944773175,507.0,1.0,0.08919085404836072,0.0012338223023168147,0.6314528,Thermotogales,order,
G_r036_chimera_40pct,2,markers,0.26086956,0.007246377,0.5462963,0.0,0.57630742783299,0.020336605890603085,713.0,0.6072690542748187,0.0670320510440428,0.0012979895147847583,0.48404536,Leuconostoc,genus,
G_r015_indel_0p1pct,3,markers + neural network,0.4057971,0.17391305,0.8425926,0.25925925,0.720381541424487,0.2946787225194724,332.0,0.6743539396706854,0.2473113597530353,0.0010494675737806316,0.32054287,Planctomycetia,class,
G_r040_uneven_coverage_40pct,2,markers,0.41304347,0.2826087,0.7685185,0.42592594,0.7580449672344604,0.4907407777991234,549.0,0.7117587223050352,0.2748641387969765,0.0009840164980303007,0.22067182,Cyanophyceae,class,
G_r058_substitution_1pct,3,markers + neural network,0.942029,0.11594203,0.5185185,0.09259259,0.8975336049169703,0.12832586006198762,446.0,0.8937124789078575,0.11760335292535487,0.0010311708801776416,0.5595191,Methanobacteriaceae,family,
G_r058_substitution_0p5pct,3,markers + neural network,0.942029,0.036231883,0.5185185,0.06481481,0.8975336049169703,0.06322869698562965,446.0,0.8951412991887246,0.038061416925689595,0.0009616537421881376,0.60836697,Methanobacteriaceae,family,
G_r041_substitution_titv_0p1pct,3,markers + neural network,0.23913044,0.014492754,0.6296296,0.0,0.7346278810964048,0.019417475728155338,206.0,0.7317614840442583,0.03917541948652665,0.0010208835781626835,0.53298444,Bacteria,superkingdom,
G_r022_chimera_40pct,3,markers + neural network,0.48550725,0.07971015,0.8240741,0.046296295,0.8170347003154574,0.12460567823343849,317.0,0.7864171429517666,0.23271271233324892,0.001020165306740084,0.42624095,Bacteria,superkingdom,
G_r031_chimera_20pct,3,markers + neural network,0.64492756,0.007246377,0.44444445,0.027777778,0.6462167377120878,0.010736196319018405,163.0,0.6483642903671499,0.026458677825973213,0.0008435400564368467,0.32625642,Archaea,superkingdom,
G_r057_uneven_coverage_20pct,3,markers + neural network,0.5217391,0.10144927,0.9814815,0.12037037,0.9568690095846646,0.1056975587107503,313.0,0.9593013070794157,0.11092495001558039,0.0009470477584983972,0.485963,Bacteria,superkingdom,
G_r018_indel_1pct,2,markers,0.98550725,2.1086957,0.6944444,2.1574075,0.9482225656877898,2.0366709029656107,647.0,0.8243255349102796,0.1998321010244391,0.003278315574436474,0.15265171,Thermococcus,genus,
G_r049_chimera_40pct,3,markers + neural network,0.24637681,0.028985508,0.5740741,0.0,0.7102295652834955,0.012724550898203593,668.0,0.710739546352545,0.00023642775469367994,0.0010849015240533856,0.5166771,Deinococcus,genus,
G_r038_indel_5pct,2,markers,0.3188406,0.5942029,0.6666667,1.1018518,0.6793528295762046,1.6252792614132332,716.0,0.5996067155100134,0.3071637272776917,0.00217234397728829,0.13349938,Bacteroidales,order,
G_r063_none_control,3,markers + neural network,0.5072464,0.06521739,0.9351852,0.0,0.9817518248175182,0.0072992700729927005,274.0,0.9591189814867416,0.005857240907244529,0.0009859420177469563,0.48748222,Bacteria,superkingdom,
G_r036_indel_0p5pct,2,markers,0.26086956,0.32608697,0.5462963,0.6296296,0.5972860909842111,0.8033216249692691,572.0,0.6637925356259056,0.31456093564044313,0.0029702034691432224,0.19603486,Lactobacillaceae,family,
G_r009_indel_0p1pct,3,markers + neural network,0.8115942,0.26086956,0.4814815,0.30555555,0.7542067805236934,0.22430957948541366,519.0,0.6928502928343401,0.24294053923449702,0.0014554114189319481,0.38877133,Methanosarcinaceae,family,
G_r013_uneven_coverage_40pct,2,markers,0.21014492,0.07971015,0.4537037,0.17592593,0.547752808988764,0.25,178.0,0.7051565238976762,0.19296362530854658,0.0007561315802778281,0.25470823,Bacteria,superkingdom,
G_r042_none_control,3,markers + neural network,0.2826087,0.057971016,0.5833333,0.0,0.6888054284766678,0.018643306379155435,1113.0,0.6862595456518241,0.02361809122116604,0.0009063088696863368,0.57255524,Leptospira,genus,
G_r037_substitution_titv_0p5pct,3,markers + neural network,0.49275362,0.16666667,0.9444444,0.1574074,0.7700200811162725,0.10973473855325051,666.0,0.6953539787117793,0.11794703069349025,0.0011539482513115021,0.4088213,Streptomyces,genus,
G_r020_chimera_10pct,2,markers,0.19565217,0.057971016,0.46296296,0.037037037,0.5600817521846262,0.01907356948228883,367.0,0.6108056448066176,0.030338506557248533,0.0011606930120153852,0.37629098,Desulfovibrionaceae,family,
G_r075_uneven_coverage_40pct,3,markers + neural network,0.9710145,0.2536232,0.5185185,0.09259259,0.9045478970396752,0.17231947456309998,612.0,0.8969135420271366,0.16327468599492034,0.0009930468034047674,0.49095073,Sulfolobaceae,family,
G_r008_substitution_0p5pct,3,markers + neural network,0.3478261,0.1521739,0.6296296,0.074074075,0.7658868443896198,0.1840267426786367,855.0,0.7223058377466554,0.255359051264731,0.0012307501251447885,0.46818045,Fusobacterium,genus,
G_r034_substitution_5pct,2,markers,0.4710145,0.17391305,0.8888889,0.2685185,0.901840490797546,0.3098159509202454,163.0,0.9006971319370973,0.20276609008688318,0.000762515500139788,0.32552096,Bacteria,superkingdom,
G_r057_uneven_coverage_10pct,3,markers + neural network,0.5217391,0.10144927,0.9814815,0.06481481,0.9549689440993789,0.03881987577639751,322.0,0.9582523320681553,0.03346755431745678,0.0009465186480177598,0.5624263,Bacteria,superkingdom,
G_r077_uneven_coverage_20pct,3,markers + neural network,0.4057971,0.02173913,0.712963,0.018518519,0.7702312138728323,0.03468208092485549,173.0,0.7035800838440609,0.18294281253243208,0.0007532730516714397,0.36484873,Bacteria,superkingdom,
G_r068_chimera_40pct,3,markers + neural network,0.28985506,0.08695652,0.7037037,0.0,0.8413672721031868,0.0009900988918719906,1010.0,0.8294011042129299,0.0030533549095327003,0.0013240986646602894,0.7730461,Campylobacter,genus,
G_r052_substitution_2pct,3,markers + neural network,0.20289855,0.10869565,0.5,0.055555556,0.6671795184795674,0.14307692307692307,325.0,0.6677016959587303,0.15876440306756534,0.001273654204198413,0.37146068,Bacteria,superkingdom,
G_r001_chimera_40pct,3,markers + neural network,0.44927537,0.04347826,0.7407407,0.0,0.7333485118129797,0.02129020607262327,912.0,0.721041758817401,0.035632511624587,0.001209829763916244,0.5690119,Lacticaseibacillus,genus,
G_r012_indel_0p5pct,2,markers,0.28985506,0.38405797,0.6203704,0.5925926,0.6237623762376238,0.7659515783731693,303.0,0.6566353199077506,0.34296734234704196,0.0022847503838138872,0.18705861,Bacteria,superkingdom,
G_r060_substitution_2pct,2,markers,0.46376812,0.050724637,0.2037037,0.037037037,0.5778947261341831,0.11754385964912281,285.0,0.6626966137636359,0.1325214614101396,0.001311584284883486,0.31603613,Archaea,superkingdom,
G_r009_substitution_titv_5pct,3,markers + neural network,0.7753623,0.20289855,0.4722222,0.14814815,0.7333012398956829,0.24412330818543773,519.0,0.6813586559715514,0.24393512403938877,0.0013736066270199478,0.36942205,Methanosarcinaceae,family,
G_r059_indel_5pct,2,markers,0.28985506,0.38405797,0.5277778,0.4351852,0.5926640926640927,0.5675675675675675,259.0,0.6713696919093795,0.2887597990863934,0.001275793779735743,0.21129173,Bacteria,superkingdom,
G_r019_chimera_40pct,3,markers + neural network,0.36956522,0.007246377,0.6574074,0.009259259,0.6584174878669508,0.022222222222222223,495.0,0.6227323049900885,0.046022727691340685,0.0009397106294552988,0.4077343,Acidobacteriaceae,family,
G_r040_substitution_titv_1pct,3,markers + neural network,0.41304347,0.14492753,0.7685185,0.18518518,0.7320153929256332,0.2129324546952224,607.0,0.6833281226131441,0.18752486187383913,0.0010985356816265454,0.3294551,Cyanophyceae,class,
G_r029_chimera_10pct,2,markers,0.26086956,0.0,0.44444445,0.037037037,0.5903723610194568,0.01634877384196185,367.0,0.6319611294074259,0.018709366835581935,0.0013179501244928564,0.4224574,Bacteria,superkingdom,
G_r027_substitution_titv_2pct,3,markers + neural network,0.47826087,0.13768116,0.8518519,0.12037037,0.867446364017955,0.11559454042311998,342.0,0.8737446968163197,0.10777707277816802,0.0012597145590605874,0.4352184,Synergistales,order,
G_r049_chimera_5pct,3,markers + neural network,0.24637681,0.028985508,0.5740741,0.0,0.7102295652834955,0.012724550898203593,668.0,0.710739546352545,0.00023642775469368688,0.0010849015240533856,0.5166771,Deinococcus,genus,
G_r018_indel_0p5pct,2,markers,0.98550725,1.5434783,0.6851852,1.5648148,0.9516666666666667,1.421496073404948,600.0,0.8842994241685833,0.2434395662992745,0.002624264885460031,0.2009404,Thermococcus,genus,
G_r008_indel_5pct,2,markers,0.3188406,0.442029,0.5555556,0.5833333,0.664454328727481,1.1752634156971002,791.0,0.6465569684659718,0.26759548529025184,0.0022318861469717345,0.16294251,Fusobacterium,genus,
G_r022_chimera_20pct,3,markers + neural network,0.48550725,0.07971015,0.8240741,0.046296295,0.8170347003154574,0.12460567823343849,317.0,0.7864171429517666,0.23271271233324892,0.001020165306740084,0.42624095,Bacteria,superkingdom,
G_r018_chimera_5pct,3,markers + neural network,0.98550725,0.29710144,0.6851852,0.42592594,0.9461537109375,0.12946666259765624,625.0,0.9396810689387103,0.22238397939222188,0.0012145619289620556,0.57626635,Thermococcus,genus,
G_r002_uneven_coverage_40pct,2,markers,0.36956522,0.35507247,0.8148148,0.6666667,0.8208955223880597,0.48098793924490274,469.0,0.7702215124445714,0.30332826030162136,0.0011432437823109965,0.36828756,Microbacteriaceae,family,
G_r072_substitution_titv_1pct,3,markers + neural network,0.39130434,0.057971016,0.7314815,0.018518519,0.6828756392833095,0.07752429396480662,789.0,0.6526144496468809,0.13740052783228587,0.0013060650135395604,0.5104382,Fusobacterium,genus,
G_r050_substitution_titv_0p1pct,3,markers + neural network,0.4710145,0.0942029,0.8888889,0.037037037,0.8238636363636364,0.053409090909090906,440.0,0.813144739860461,0.057080550647511545,0.0007680902431441881,0.4601895,Planctomycetaceae,family,
G_r026_substitution_titv_0p1pct,3,markers + neural network,0.6666667,0.26811594,0.8611111,0.25,0.8988888888888888,0.15222222222222223,225.0,0.8790730494868622,0.19157967906299564,0.0007628398873685505,0.34486634,Bacteria,superkingdom,
G_r004_indel_1pct,2,markers,0.44927537,0.8115942,0.8796296,1.3518518,0.8435801866319445,1.6417037398726853,675.0,0.8739021512315978,0.154144130061527,0.003673284652594002,0.17582035,Helicobacter,genus,
G_r026_substitution_0p1pct,3,markers + neural network,0.6666667,0.2753623,0.8611111,0.2685185,0.8976190476190476,0.1630952380952381,210.0,0.8782645349352605,0.19986403771725242,0.0007652325987346908,0.3415541,Bacteria,superkingdom,
G_r004_uneven_coverage_20pct,3,markers + neural network,0.44927537,0.19565217,0.8703704,0.2777778,0.8466397193170363,0.26357525240990426,620.0,0.792024685986976,0.2736314315866992,0.001246300425211953,0.5235412,Helicobacter,genus,
G_r003_substitution_titv_0p1pct,3,markers + neural network,0.2753623,0.1884058,0.5462963,0.21296297,0.6385542168674698,0.12876506024096385,332.0,0.6273433571195163,0.20095211273411204,0.0009455662881597212,0.36790812,Bacteroidota,phylum,
G_r025_indel_0p1pct,2,markers,0.8333333,0.24637681,0.6388889,0.1574074,0.8443396226415094,0.31957547169811323,212.0,0.8006222672275298,0.2484594262854872,0.001311057510198928,0.3484234,Archaea,superkingdom,
G_r060_indel_2pct,2,markers,0.44927537,0.51449275,0.19444445,0.28703704,0.5358974358974359,0.941025641025641,195.0,0.6072401526919615,0.33689018704478685,0.002819383724362849,0.12914161,Archaea,superkingdom,
G_r047_indel_2pct,2,markers,0.1884058,0.51449275,0.4351852,0.7407407,0.5838649329956639,1.212546511320026,627.0,0.588677712481027,0.35720836403260625,0.0027610962351531697,0.16186953,Chlorobiaceae,family,
G_r036_uneven_coverage_40pct,2,markers,0.26086956,0.072463766,0.5462963,0.2037037,0.5937893049091312,0.21639648870373449,705.0,0.6040196353826379,0.24992664506933684,0.0013126768077384755,0.35486338,Leuconostoc,genus,
G_r031_indel_0p1pct,3,markers + neural network,0.6376812,0.0942029,0.44444445,0.12962963,0.6635416984558106,0.171875,160.0,0.7087228497583793,0.16346264477539438,0.0010377113221000153,0.26687875,Archaea,superkingdom,
G_r048_substitution_titv_0p1pct,3,markers + neural network,0.3188406,0.036231883,0.6666667,0.0,0.7644230769230769,0.03952991351103171,156.0,0.7321266371451791,0.10791120332914264,0.0009103491839369815,0.39815992,Bacteria,superkingdom,
G_r079_uneven_coverage_20pct,3,markers + neural network,0.48550725,0.13043478,0.9537037,0.14814815,1.0,0.21055753714673459,281.0,1.0,0.11525599534564476,0.0010865955305131038,0.35246593,Bacteria,superkingdom,
G_r042_substitution_titv_1pct,3,markers + neural network,0.2826087,0.0942029,0.5648148,0.037037037,0.6913510825541891,0.10667864995718217,1113.0,0.6472846486442598,0.16231356164508765,0.001004186463089638,0.50212467,Leptospira,genus,
G_r079_substitution_titv_1pct,3,markers + neural network,0.48550725,0.07971015,0.9537037,0.10185185,0.992831541218638,0.13620071684587814,279.0,1.0,0.08594979995637259,0.0011580344655311733,0.39948633,Bacteria,superkingdom,
G_r057_substitution_0p1pct,3,markers + neural network,0.5217391,0.07971015,0.9814815,0.037037037,0.9385714285714286,0.017142857142857144,350.0,0.9369203884117009,0.019968151186123877,0.0009626494796243851,0.60162485,Bacteria,superkingdom,
G_r050_chimera_10pct,3,markers + neural network,0.4710145,0.0942029,0.8888889,0.037037037,0.831430792264198,0.04908675799086758,438.0,0.818496134141788,0.056260841117576475,0.0007581444012671003,0.4661692,Planctomycetaceae,family,
G_r067_indel_2pct,2,markers,0.47826087,1.0724638,1.0,1.7592592,0.9757257868219782,2.5343593104823574,666.0,0.8272474715977375,0.09920718007705381,0.0036794095377491033,0.13177778,Weeksellaceae,family,
G_r031_chimera_10pct,3,markers + neural network,0.64492756,0.007246377,0.44444445,0.027777778,0.6462167377120878,0.010736196319018405,163.0,0.6483642903671499,0.026458677825973213,0.0008435400564368467,0.32625642,Archaea,superkingdom,
G_r001_substitution_0p1pct,3,markers + neural network,0.44927537,0.04347826,0.7407407,0.009259259,0.738450410350269,0.031824871930591844,906.0,0.7231437625681049,0.05415652093659479,0.0012313276841068163,0.5592324,Lacticaseibacillus,genus,
G_r070_uneven_coverage_10pct,2,markers,0.13768116,0.10869565,0.3611111,0.11111111,0.5016103182437915,0.12077294685990338,207.0,0.6391021473196261,0.17155313886171056,0.0010821188140996262,0.37164357,Bacteria,superkingdom,
G_r044_uneven_coverage_20pct,2,markers,0.9637681,0.6884058,0.787037,0.6018519,0.8635416666666667,0.3840277671813965,480.0,0.7869710816281925,0.2614363006908787,0.0011525640381105217,0.361346,Halobacteria,class,
G_r075_substitution_0p5pct,3,markers + neural network,0.9710145,0.1594203,0.5185185,0.12037037,0.8871841550812007,0.11418822281003937,635.0,0.8767153416834836,0.10372011697821931,0.0011059327448108161,0.5803448,Sulfolobaceae,family,
G_r073_substitution_titv_0p1pct,3,markers + neural network,0.7173913,0.028985508,0.4351852,0.009259259,0.744198312236287,0.033052038039839214,474.0,0.7359044172509364,0.0759290245295139,0.0010447689659350066,0.47255173,Methanomicrobiaceae,family,
G_r010_uneven_coverage_20pct,3,markers + neural network,0.4347826,0.0942029,0.9166667,0.11111111,0.9232142857142858,0.19464285714285715,280.0,0.9306193311373406,0.20325141312921766,0.0008731850497496149,0.4566701,Bacteria,superkingdom,
G_r056_indel_0p1pct,2,markers,0.5,0.3188406,0.9351852,0.5833333,0.9248442605277089,0.4804127416878103,428.0,0.8686626328125957,0.2663062525596237,0.0016895661590655877,0.34956345,Thermotogae,class,
G_r073_uneven_coverage_5pct,3,markers + neural network,0.7173913,0.036231883,0.4351852,0.009259259,0.7468354430379747,0.049578059071729956,474.0,0.7376984396341718,0.0957204268542152,0.0010302033431207934,0.4613334,Methanomicrobiaceae,family,
G_r077_substitution_1pct,3,markers + neural network,0.4057971,0.036231883,0.712963,0.037037037,0.8086206896551724,0.11379310344827587,145.0,0.7581086825404454,0.21310067567758512,0.0008126073280201133,0.34060487,Bacteria,superkingdom,
G_r063_substitution_2pct,3,markers + neural network,0.5072464,0.1884058,0.9259259,0.1388889,0.9729241877256317,0.2328519855595668,277.0,1.0,0.20589624714243632,0.0010916090965720406,0.40220615,Bacteria,superkingdom,
G_r043_substitution_0p5pct,3,markers + neural network,0.5072464,0.24637681,1.0,0.3611111,0.999514828255777,0.2577389823991312,687.0,1.0,0.2570489345149004,0.0012340667310431386,0.5682703,Leptotrichia,genus,
G_r015_indel_1pct,2,markers,0.39130434,0.6376812,0.8333333,1.1018518,0.7077294833418252,1.230193207229393,345.0,0.682700988794314,0.3716989676907081,0.0018889565634176613,0.16683444,Planctomycetia,class,
G_r013_substitution_titv_2pct,2,markers,0.21014492,0.072463766,0.44444445,0.083333336,0.5646551724137931,0.15229885057471265,174.0,0.6709921921716866,0.16934366706039453,0.0007785851608746384,0.3043147,Bacteria,superkingdom,
G_r031_uneven_coverage_40pct,3,markers + neural network,0.64492756,0.2753623,0.44444445,0.2685185,0.6666666666666666,0.2515432098765432,162.0,0.7535446061689373,0.19181816738086516,0.0008790861966730214,0.23315442,Archaea,superkingdom,
G_r027_substitution_titv_5pct,3,markers + neural network,0.4710145,0.18115942,0.8055556,0.18518518,0.8230019731131214,0.17763156779328285,342.0,0.8040591642303203,0.15246803774366188,0.0012906438803192534,0.37922686,Synergistales,order,
G_r026_indel_0p1pct,2,markers,0.6594203,0.4710145,0.8611111,0.5,0.8899521531100478,0.458133971291866,209.0,0.8131231441182717,0.1935904446560291,0.0009573066467882155,0.2788085,Bacteria,superkingdom,
G_r037_chimera_5pct,3,markers + neural network,0.49275362,0.1521739,0.9444444,0.12037037,0.7681704413621946,0.08671679389207883,665.0,0.6964692251510476,0.09789475787440097,0.0011126009563119572,0.42125803,Streptomyces,genus,
G_r079_chimera_40pct,3,markers + neural network,0.48550725,0.06521739,0.9537037,0.037037037,1.0,0.061224489795918366,294.0,0.968882448479945,0.05977773473591624,0.0010853140314407126,0.44963458,Bacteria,superkingdom,
G_r039_substitution_titv_5pct,2,markers,0.35507247,0.28985506,0.5925926,0.23148148,0.6508105517142592,0.38919720682800113,1009.0,0.6755502036596885,0.32165888679922916,0.001836484271843594,0.3442249,Campylobacter,genus,
G_r064_indel_1pct,2,markers,0.5072464,0.8115942,1.0,1.0555556,0.9777455544437137,1.2520561495090257,689.0,0.9833327141046255,0.2507896021082907,0.0023740696421889213,0.24002296,Xanthomonadaceae,family,
G_r071_uneven_coverage_20pct,3,markers + neural network,0.48550725,0.10869565,0.8888889,0.12962963,0.888619234646794,0.1240561031600804,309.0,0.8982272057205726,0.09322758721274718,0.0009975435734480163,0.45573208,Treponema,genus,
G_r030_substitution_titv_1pct,3,markers + neural network,0.42028984,0.0942029,0.787037,0.06481481,0.8076923076923077,0.06009615384615385,208.0,0.773541601572835,0.0435309169797909,0.0007471108093338231,0.35981873,Bacteria,superkingdom,
G_r017_substitution_5pct,2,markers,0.2536232,0.3188406,0.5648148,0.30555555,0.6700871026338037,0.4515414166806349,536.0,0.6427603339235104,0.2916586540800091,0.0015930355400518474,0.2965286,Geobacteraceae,family,
G_r022_none_control,3,markers + neural network,0.48550725,0.07971015,0.8240741,0.046296295,0.8170347003154574,0.12460567823343849,317.0,0.7864171429517666,0.23271271233324892,0.001020165306740084,0.42624095,Bacteria,superkingdom,
G_r048_uneven_coverage_5pct,3,markers + neural network,0.3188406,0.036231883,0.6666667,0.0,0.7644230769230769,0.0309829070017888,156.0,0.73117041663037,0.09658394780173346,0.0008861679649543424,0.40053996,Bacteria,superkingdom,
G_r079_uneven_coverage_10pct,3,markers + neural network,0.48550725,0.08695652,0.9537037,0.06481481,1.0,0.13636363636363635,286.0,1.0,0.08545667652902933,0.0010841156288809361,0.40411505,Bacteria,superkingdom,
G_r014_substitution_1pct,3,markers + neural network,0.4347826,0.07971015,0.7222222,0.055555556,0.6440628637951106,0.07450523420873427,859.0,0.6245311479925245,0.12172402909993724,0.001570814228266126,0.4817033,Thermus,genus,
G_r073_substitution_titv_5pct,3,markers + neural network,0.68115944,0.17391305,0.4074074,0.09259259,0.7079757232011132,0.2671673983463402,466.0,0.6877279383694992,0.2472675293055099,0.001241807267251835,0.32882115,Methanomicrobiaceae,family,
G_r006_uneven_coverage_20pct,3,markers + neural network,0.44927537,0.28985506,0.9351852,0.32407406,1.0,0.2801635835799703,326.0,1.0,0.2501077003984963,0.0010711097887533471,0.51674217,Chlamydiia,class,
G_r049_substitution_0p5pct,3,markers + neural network,0.24637681,0.028985508,0.5740741,0.027777778,0.7140219682704902,0.043163673606461395,668.0,0.7022948845713728,0.039788375048047823,0.0011199775513425349,0.49298248,Deinococcus,genus,
G_r079_substitution_2pct,2,markers,0.47826087,0.17391305,0.9259259,0.22222222,0.9835766423357665,0.32968370757833887,274.0,1.0,0.1776585956998585,0.0012529445184830737,0.3406342,Bacteria,superkingdom,
G_r022_uneven_coverage_5pct,3,markers + neural network,0.48550725,0.13043478,0.8240741,0.083333336,0.804140127388535,0.15605095541401273,314.0,0.7739380061750265,0.25323151885795186,0.0010177588709004914,0.40269974,Bacteria,superkingdom,
G_r004_substitution_0p1pct,3,markers + neural network,0.44927537,0.08695652,0.8703704,0.037037037,0.8306419994212964,0.04493827254683883,675.0,0.8171130024806623,0.04505206922105613,0.0012557750712249673,0.66109586,Helicobacter,genus,
G_r054_substitution_1pct,3,markers + neural network,0.36231884,0.08695652,0.7222222,0.1388889,0.7085106382978723,0.22340425531914893,235.0,0.7179068826748738,0.18532133928258537,0.0007959518636091075,0.2897616,Bacteria,superkingdom,
G_r023_uneven_coverage_5pct,3,markers + neural network,0.9927536,0.014492754,0.5462963,0.027777778,1.0,0.051215277777777776,576.0,1.0,0.049449485949339234,0.0011670500823350778,0.6203735,Methanobacteriaceae,family,
G_r018_substitution_titv_0p1pct,3,markers + neural network,0.98550725,0.3043478,0.6851852,0.42592594,0.943663572653746,0.13533653357090095,624.0,0.9359693586462211,0.2301578577790548,0.0012196690318743578,0.57250804,Thermococcus,genus,
G_r017_uneven_coverage_5pct,3,markers + neural network,0.2536232,0.11594203,0.5648148,0.055555556,0.6741737821208897,0.11004353281277329,536.0,0.6346420167857003,0.18391096129233336,0.0012283691383662503,0.3999303,Geobacteraceae,family,
G_r015_substitution_2pct,3,markers + neural network,0.4057971,0.08695652,0.8425926,0.10185185,0.7341269992646717,0.19841271355038598,336.0,0.6714271495165041,0.21628814038586927,0.0009463757888972355,0.33640242,Planctomycetia,class,
G_r023_none_control,3,markers + neural network,0.9927536,0.0,0.5462963,0.027777778,1.0,0.007259528130671506,551.0,1.0,0.003139362216129364,0.0011639949774074991,0.66223806,Methanobacteriaceae,family,
G_r068_substitution_titv_5pct,2,markers,0.28985506,0.23913044,0.6851852,0.35185185,0.8228830469716893,0.42974424456605814,1010.0,0.7506016018946308,0.3157822975239611,0.0018813235193714944,0.4444072,Campylobacter,genus,
G_r041_uneven_coverage_20pct,3,markers + neural network,0.23913044,0.057971016,0.6296296,0.046296295,0.6907514450867052,0.07225433526011561,173.0,0.6871922829396497,0.11193982756648399,0.0009963325067040712,0.45529038,Bacteria,superkingdom,
G_r030_chimera_10pct,3,markers + neural network,0.42028984,0.08695652,0.7962963,0.055555556,0.8362068965517241,0.04310344827586207,232.0,0.797613206308688,0.06956417393088829,0.0007150425553680932,0.38561362,Bacteria,superkingdom,
G_r041_substitution_0p1pct,3,markers + neural network,0.23913044,0.014492754,0.6296296,0.009259259,0.7346278810964048,0.009708737864077669,206.0,0.733322134820273,0.025072331382019843,0.0010323028575604765,0.5275781,Bacteria,superkingdom,
G_r020_substitution_0p5pct,2,markers,0.19565217,0.057971016,0.46296296,0.046296295,0.5577505072033022,0.03812224562992896,529.0,0.6136367256934476,0.05328769454546698,0.001198620978055268,0.36429387,Desulfovibrionaceae,family,
G_r011_indel_0p1pct,3,markers + neural network,0.7463768,0.16666667,0.41666666,0.12962963,0.6942839047462025,0.19944341372912802,539.0,0.6606496242362516,0.24206079197637706,0.0012983782735145463,0.41151577,Sulfolobaceae,family,
G_r030_indel_2pct,2,markers,0.39855072,0.5869565,0.7222222,0.8518519,0.7211538461538461,0.9596153846153846,260.0,0.6697867923267757,0.28066275759412745,0.001278861839462295,0.1768706,Bacteria,superkingdom,
G_r014_indel_5pct,2,markers,0.38405797,0.38405797,0.6111111,0.4814815,0.535840228394861,0.5230875820382171,841.0,0.649769294464952,0.27420951101801927,0.002170958460448506,0.23101512,Thermus,genus,
G_r001_indel_0p1pct,3,markers + neural network,0.44927537,0.17391305,0.7407407,0.21296297,0.7412175153821243,0.2804778262123543,965.0,0.6660554720854713,0.2882025238255838,0.0016220525964048618,0.41398406,Lacticaseibacillus paracasei,species,
G_r069_uneven_coverage_5pct,3,markers + neural network,0.4347826,0.11594203,0.8611111,0.1388889,0.7476790450928382,0.08355437665782493,754.0,0.7074087472518553,0.13029036081588943,0.0011612752034755333,0.47940296,Cyanophyceae,class,
G_r039_indel_0p5pct,2,markers,0.35507247,0.5652174,0.6018519,0.4814815,0.6516096865926804,1.0148941450422142,818.0,0.665933908130464,0.3218475851569306,0.003014305597878456,0.21090288,Campylobacter,genus,
G_r041_substitution_0p5pct,3,markers + neural network,0.23913044,0.028985508,0.6296296,0.055555556,0.6989528795811518,0.08376963350785341,191.0,0.6916027425557392,0.13495327728896359,0.0010951088942483373,0.4973665,Bacteria,superkingdom,
G_r002_substitution_titv_1pct,3,markers + neural network,0.36956522,0.072463766,0.8055556,0.055555556,0.8129508939140286,0.07106782657243473,462.0,0.79386550348029,0.06780225098661243,0.0012076911556726441,0.4761898,Microbacteriaceae,family,
G_r005_substitution_titv_2pct,3,markers + neural network,0.32608697,0.11594203,0.6018519,0.11111111,0.6258696182914402,0.14094202898550726,690.0,0.6397547629237387,0.1886739631373547,0.0013940184809773056,0.40199405,Synechococcales,order,
G_r013_indel_0p5pct,2,markers,0.21014492,0.16666667,0.4351852,0.25925925,0.5521472392638037,0.3905930548357817,163.0,0.741734491392801,0.21332154872310338,0.0012325642645890742,0.20734088,Bacteria,superkingdom,
G_r003_substitution_titv_0p5pct,3,markers + neural network,0.2753623,0.20289855,0.5462963,0.23148148,0.6342857142857142,0.15642857142857142,350.0,0.6246183947950162,0.21763163732141938,0.0009787751252526638,0.35323235,Bacteroidota,phylum,
G_r072_substitution_0p5pct,3,markers + neural network,0.39130434,0.072463766,0.7314815,0.055555556,0.6868531470205269,0.08823529411764706,816.0,0.6528355643774564,0.14897255293342615,0.0012971963058876395,0.50347584,Fusobacterium,genus,
G_r016_substitution_titv_0p1pct,3,markers + neural network,0.46376812,0.14492753,0.8981481,0.16666667,0.8908521609198778,0.08646616541353383,266.0,0.8842946835956585,0.15012105771750336,0.0013657884083988947,0.52868617,Bacteria,superkingdom,
G_r055_uneven_coverage_5pct,3,markers + neural network,0.5072464,0.2173913,0.9814815,0.25925925,0.9208403573012313,0.26967166142790067,599.0,0.8986032851142954,0.25730411725626445,0.0011847654910275788,0.4138519,Desulfovibrionaceae,family,
G_r017_substitution_0p1pct,3,markers + neural network,0.2536232,0.11594203,0.5648148,0.046296295,0.6741737821208897,0.09231965221575837,536.0,0.6297944979065411,0.1551415623459921,0.0012402310065628207,0.41539857,Geobacteraceae,family,
G_r010_indel_5pct,2,markers,0.3478261,0.42753622,0.6944444,0.6111111,0.7866449511400652,0.9649837133550488,307.0,0.7937285564919223,0.3007045695700612,0.0014507830528091897,0.23001297,Bacteria,superkingdom,
G_r066_substitution_2pct,3,markers + neural network,0.49275362,0.6086956,0.8888889,0.6666667,0.8523206493522547,0.2664556962025316,790.0,0.8009514740404986,0.24385629388660135,0.0012845007380526505,0.4419513,Micromonospora,genus,
G_r035_substitution_5pct,3,markers + neural network,0.3768116,0.18115942,0.75,0.22222222,0.7110266159695817,0.20912547528517111,263.0,0.736939287233846,0.20089614047898346,0.0011733811773828396,0.35518995,Bacteria,superkingdom,
G_r069_substitution_titv_0p5pct,3,markers + neural network,0.4347826,0.123188406,0.8611111,0.17592593,0.7466124661246613,0.0975609756097561,738.0,0.7029026728595854,0.14605549180307162,0.0012295601710330313,0.4660587,Cyanophyceae,class,
G_r000_substitution_titv_0p1pct,3,markers + neural network,0.42028984,0.1594203,0.6759259,0.18518518,0.6504273054953619,0.11377061718571795,1644.0,0.6280390501804709,0.18121678490885115,0.0013130763160838594,0.4345507,Klebsiella,genus,
G_r018_substitution_titv_2pct,2,markers,0.9782609,0.48550725,0.6666667,0.6111111,0.9405623308316929,0.311698517085999,635.0,0.9255586574765353,0.2802790699142096,0.001386346299648585,0.48020265,Thermococcus,genus,
G_r043_substitution_2pct,2,markers,0.5,0.3043478,0.9907407,0.5925926,0.9928876244665719,0.5394737276210215,703.0,0.9811065939991797,0.2879672029755832,0.0014788890523495754,0.4268364,Leptotrichia,genus,
G_r012_chimera_40pct,3,markers + neural network,0.28985506,0.057971016,0.6203704,0.06481481,0.6309951672451102,0.05575539568345324,278.0,0.6385892664200017,0.1312253810578135,0.0011831172652837134,0.37485403,Bacteria,superkingdom,
G_r056_substitution_titv_0p5pct,3,markers + neural network,0.5,0.17391305,0.9351852,0.25,0.9254386208274148,0.1870016070644251,418.0,0.9118709836981911,0.25085910320585064,0.001347832836667128,0.44969678,Thermotogae,class,
G_r079_substitution_titv_2pct,3,markers + neural network,0.46376812,0.10144927,0.9166667,0.16666667,0.9809688581314879,0.2681660899653979,289.0,0.9973466758061318,0.15138605566426466,0.0012028531016473486,0.3638397,Bacteria,superkingdom,
G_r032_indel_0p5pct,2,markers,0.45652175,0.47826087,0.787037,0.712963,0.8317901234567902,1.01954726230951,324.0,0.8194990466705954,0.29412903889997477,0.0022652884633471908,0.21076651,Bacteria,superkingdom,
G_r029_substitution_5pct,2,markers,0.24637681,0.08695652,0.4351852,0.16666667,0.5455974842767296,0.24371069182389937,318.0,0.6529628773559489,0.22606787685809387,0.0016480313268433194,0.28290477,Bacteria,superkingdom,
G_r028_substitution_titv_5pct,2,markers,0.41304347,0.2173913,0.6666667,0.11111111,0.828125,0.3578125,320.0,0.7808924111920896,0.235127504199447,0.001162326398711903,0.32978696,Bacteria,superkingdom,
G_r003_substitution_5pct,2,markers,0.26811594,0.36231884,0.5462963,0.5277778,0.6305295760015089,0.4750778816199377,321.0,0.6429377555095326,0.2636554806721605,0.0012335976018791775,0.24910216,Bacteroidota,phylum,
G_r006_uneven_coverage_5pct,3,markers + neural network,0.44927537,0.050724637,0.9351852,0.0,1.0,0.015151515151515152,231.0,1.0,0.0,0.0010565958869060898,0.671662,Bacteria,superkingdom,
G_r037_substitution_titv_2pct,3,markers + neural network,0.49275362,0.23913044,0.9444444,0.21296297,0.7655677975066228,0.15881738108780172,637.0,0.6759193548926856,0.14793468823154976,0.0012668509107166524,0.37204427,Streptomyces,genus,
G_r020_substitution_titv_2pct,2,markers,0.19565217,0.072463766,0.44444445,0.10185185,0.5549396497631505,0.10558069669283353,442.0,0.6286610066376777,0.1423090185762266,0.0012365489440951507,0.34270787,Desulfovibrionales,order,
G_r061_indel_2pct,2,markers,0.42028984,0.615942,0.75,0.6851852,0.8086124401913876,1.0035885167464116,209.0,0.7706227660984575,0.23149160348449987,0.001472662744017069,0.17238526,Bacteria,superkingdom,
G_r033_chimera_5pct,2,markers,0.24637681,0.050724637,0.4074074,0.037037037,0.5761648745519713,0.043010752688172046,279.0,0.6341287256395516,0.10875529799082378,0.0012302741053632491,0.38011053,Bacteria,superkingdom,
G_r018_indel_2pct,2,markers,0.95652175,2.2971015,0.6574074,2.2870371,0.9222408026755853,2.3343685494617477,598.0,0.7574247300020449,0.1857002085024157,0.0035818780647922975,0.14376049,Thermococcus,genus,
G_r004_substitution_titv_0p1pct,3,markers + neural network,0.44927537,0.07971015,0.8703704,0.027777778,0.8434408864667339,0.04959677419354839,620.0,0.8314553277797244,0.04695139939284412,0.0012565039017944537,0.6587667,Helicobacter,genus,
G_r076_indel_2pct,2,markers,0.46376812,0.98550725,0.8703704,1.1666666,0.8637820512820513,1.4799679487179487,312.0,0.7731811151004342,0.26188362732561815,0.0017783585269602344,0.176356,Bacteria,superkingdom,
G_r065_uneven_coverage_40pct,2,markers,0.49275362,0.2536232,1.0,0.3148148,0.9987654320987654,0.3754967583550347,810.0,0.9986555747730432,0.2519030862916497,0.0013894547991768764,0.4763302,Streptococcus,genus,
G_r071_chimera_5pct,3,markers + neural network,0.48550725,0.08695652,0.8888889,0.018518519,0.8884333180328273,0.015247107304233105,317.0,0.8741531857222947,0.0011855778671325881,0.0010023254326320661,0.5209264,Treponema,genus,
G_r030_indel_0p1pct,3,markers + neural network,0.42028984,0.2173913,0.7962963,0.2037037,0.8211009174311926,0.2706422018348624,218.0,0.7960242334717276,0.17858180633123436,0.0008836083235161993,0.31666407,Bacteria,superkingdom,
G_r037_uneven_coverage_20pct,3,markers + neural network,0.49275362,0.16666667,0.9444444,0.12962963,0.7785185185185185,0.19777777777777777,675.0,0.6783225401224379,0.19408973544578675,0.0011007064597120353,0.36558536,Streptomyces,genus,
G_r039_substitution_0p5pct,3,markers + neural network,0.35507247,0.13043478,0.6018519,0.018518519,0.6568698807667367,0.1332674591908813,1012.0,0.6356245079136331,0.24614586844539293,0.0013979515925804937,0.4775952,Campylobacter,genus,
G_r048_substitution_2pct,3,markers + neural network,0.29710144,0.06521739,0.6018519,0.037037037,0.7128378378378378,0.1159909995826515,148.0,0.7150601540876372,0.14829094271412763,0.0009939526804209902,0.33620143,Bacteria,superkingdom,
G_r074_substitution_0p1pct,3,markers + neural network,0.4347826,0.028985508,0.7962963,0.0,0.8832599118942731,0.05066079295154185,227.0,0.8688361983512327,0.1715154461496151,0.0010976798914849458,0.4779523,Bacteria,superkingdom,
G_r033_chimera_10pct,2,markers,0.24637681,0.050724637,0.4074074,0.037037037,0.5761648745519713,0.043010752688172046,279.0,0.6341287256395516,0.10875529799082378,0.0012302741053632491,0.38011053,Bacteria,superkingdom,
G_r005_substitution_5pct,3,markers + neural network,0.32608697,0.16666667,0.6111111,0.18518518,0.6194902731739599,0.26761619190404795,667.0,0.6371666621557857,0.25698378296379754,0.0015168076736022497,0.3460506,Synechococcales,order,
G_r004_uneven_coverage_10pct,3,markers + neural network,0.44927537,0.10144927,0.8703704,0.083333336,0.8466398177608367,0.12701612903225806,620.0,0.8247391179256873,0.13850607934419482,0.0012529260892870512,0.6028112,Helicobacter,genus,
G_r016_substitution_titv_5pct,2,markers,0.45652175,0.24637681,0.8703704,0.3148148,0.8799638989169675,0.371239479698429,277.0,0.8439231728193716,0.2554980787559788,0.0016523223683052608,0.40249622,Bacteria,superkingdom,
G_r072_indel_0p1pct,3,markers + neural network,0.39130434,0.10869565,0.7314815,0.12962963,0.6883238250134038,0.23488562714819813,816.0,0.6484187763774897,0.2521293249342169,0.0015556403047423083,0.42336008,Fusobacterium,genus,
G_r022_substitution_titv_5pct,2,markers,0.4710145,0.23913044,0.7962963,0.3148148,0.7712712101750188,0.5075075075075075,333.0,0.7012988455784777,0.29552360377624143,0.0013216312067156964,0.2949092,Bacteria,superkingdom,
G_r075_chimera_10pct,3,markers + neural network,0.9710145,0.10869565,0.5185185,0.083333336,0.8832204311708861,0.03591772272617002,632.0,0.8779461562433445,0.007787724946735283,0.0010248193810352595,0.63590944,Sulfolobaceae,family,
G_r008_indel_0p5pct,2,markers,0.3478261,0.39855072,0.6296296,0.5,0.7780968508435302,1.1744598710662735,853.0,0.7484719592347562,0.25023193312948183,0.0024695323411764525,0.19160464,Fusobacterium,genus,
G_r006_chimera_20pct,3,markers + neural network,0.44927537,0.04347826,0.9351852,0.0,1.0,0.015151515151515152,231.0,1.0,0.0,0.0010676261949837244,0.68084866,Bacteria,superkingdom,
G_r032_substitution_titv_1pct,3,markers + neural network,0.45652175,0.07971015,0.7777778,0.037037037,0.8450920245398773,0.12065440452903327,326.0,0.8482824412121361,0.14000866540876597,0.0011793933460207465,0.4574495,Bacteria,superkingdom,
G_r014_substitution_5pct,3,markers + neural network,0.4347826,0.1884058,0.712963,0.18518518,0.6271853270354094,0.23553238974677193,864.0,0.6191409966431692,0.2520923173975842,0.0017869547962604067,0.3836933,Thermus,genus,
G_r067_uneven_coverage_40pct,2,markers,0.47826087,0.39130434,1.0,0.5925926,1.0,0.5394338493291316,683.0,0.9688494340677691,0.31224633032092614,0.0011293099053810833,0.3589699,Weeksellaceae,family,
G_r013_chimera_40pct,2,markers,0.21014492,0.014492754,0.4537037,0.0,0.577639751552795,0.018633540372670808,161.0,0.6361497951726625,0.05630913745815403,0.0007379904800268966,0.34431696,Bacteria,superkingdom,
G_r000_substitution_titv_0p5pct,3,markers + neural network,0.42028984,0.16666667,0.6759259,0.21296297,0.650766711455482,0.13831102877057672,1644.0,0.6253404963595818,0.21230904569010234,0.0013654949331682717,0.4207332,Klebsiella,genus,
G_r047_chimera_40pct,2,markers,0.19565217,0.08695652,0.46296296,0.1574074,0.5957556777859326,0.07129917381713109,644.0,0.6139916627695393,0.13232695298573605,0.001174295046409855,0.43593442,Chlorobiaceae,family,
G_r078_uneven_coverage_10pct,3,markers + neural network,0.442029,0.3043478,0.8055556,0.2777778,0.715133862389952,0.11086534315826452,859.0,0.6505306426000853,0.15972344694489043,0.001406202629784654,0.5125778,Thermus,genus,
G_r062_uneven_coverage_5pct,3,markers + neural network,0.46376812,0.050724637,0.8055556,0.009259259,0.7164352205064561,0.013888888888888888,288.0,0.6989262177917099,0.009328669928160165,0.0012619990521492127,0.47764176,Bacteria,superkingdom,
G_r065_indel_0p5pct,2,markers,0.49275362,0.6231884,1.0,0.9814815,0.9969287469287469,1.2142886599978886,814.0,1.0,0.21187895305793614,0.002880236286417991,0.28019717,Streptococcus,genus,
G_r048_uneven_coverage_20pct,3,markers + neural network,0.3188406,0.26086956,0.6666667,0.35185185,0.7448979591836735,0.2976190605942084,196.0,0.7791337376572853,0.2303641491968601,0.0009327985116509501,0.28225556,Bacteria,superkingdom,
G_r025_substitution_2pct,3,markers + neural network,0.8333333,0.2536232,0.6296296,0.18518518,0.8309426229508197,0.269808753592069,244.0,0.7900745792451278,0.23547541582649584,0.0012446725890659296,0.34426257,Archaea,superkingdom,
G_r077_indel_0p5pct,2,markers,0.4057971,0.2753623,0.6944444,0.37037036,0.7768959166511656,0.5714285714285714,189.0,0.8163757671337069,0.20501110182335852,0.0013112284098537603,0.21115972,Bacteria,superkingdom,
G_r016_indel_1pct,2,markers,0.45652175,1.0289855,0.8981481,1.5648148,0.908203125,1.8359375,256.0,0.8353155955350747,0.2907316049476425,0.0033689326129007734,0.17021993,Bacteria,superkingdom,
G_r056_indel_0p5pct,2,markers,0.49275362,0.76086956,0.9259259,1.2685186,0.9284643966160463,1.3054680642117276,445.0,0.8168758227067818,0.22756817713481364,0.0026850671456618343,0.19614498,Thermotogae,class,
G_r065_none_control,3,markers + neural network,0.49275362,0.072463766,1.0,0.046296295,1.0,0.024509805547611792,782.0,1.0,0.007190660090963891,0.0013812421663943334,0.7287102,Streptococcus,genus,
G_r074_uneven_coverage_20pct,3,markers + neural network,0.4347826,0.10144927,0.7962963,0.12037037,0.9093137254901961,0.16176470588235295,204.0,0.9005226225658103,0.18557674450928913,0.0010758895571375284,0.38314724,Bacteria,superkingdom,
G_r056_chimera_40pct,3,markers + neural network,0.5,0.1521739,0.9351852,0.23148148,0.9249585659349736,0.139303473097768,402.0,0.9097912813134814,0.24074843949216793,0.0012769608753024715,0.47686118,Thermotogae,class,
G_r045_indel_1pct,2,markers,0.442029,0.78985506,0.8981481,1.1574074,0.9776119402985075,1.5457089552238805,268.0,0.9224448268048497,0.16610429698605517,0.0021884531278188136,0.1766354,Bacteria,superkingdom,
G_r009_uneven_coverage_40pct,3,markers + neural network,0.8115942,0.26086956,0.4814815,0.12962963,0.7625742090810643,0.2914191519859994,505.0,0.6781060937954402,0.2903174247119519,0.0011171131106235863,0.33017737,Methanosarcinaceae,family,
G_r030_substitution_0p5pct,3,markers + neural network,0.42028984,0.10144927,0.8148148,0.083333336,0.8584905660377359,0.06839622641509434,212.0,0.8247250673152962,0.0781727752698406,0.000735184599181279,0.3690133,Bacteria,superkingdom,
G_r046_indel_2pct,2,markers,0.9492754,1.6086956,0.49074075,0.9537037,0.9467089912619006,2.0013667054169604,709.0,0.9293997042174509,0.08166015334702897,0.0033011943139241865,0.15621355,Sulfolobaceae,family,
G_r076_substitution_titv_0p1pct,3,markers + neural network,0.48550725,0.08695652,0.9074074,0.009259259,0.9474169741697417,0.0362853616805974,271.0,0.9235838022565912,0.03726220547380882,0.0008698124885000753,0.43278554,Bacteria,superkingdom,
G_r050_uneven_coverage_40pct,2,markers,0.4710145,0.19565217,0.8888889,0.19444445,0.8412162162162162,0.31381380235826645,444.0,0.8153480962050947,0.22356784108798594,0.0007692957666128651,0.3570066,Planctomycetaceae,family,
G_r014_none_control,3,markers + neural network,0.4347826,0.028985508,0.7222222,0.0,0.6416957797493452,0.015521924348593591,859.0,0.6305985776640819,0.014044218846131655,0.0014464791858078778,0.52732146,Thermus,genus,
G_r015_indel_0p5pct,2,markers,0.4057971,0.45652175,0.8425926,0.7777778,0.705091273063198,0.9135446685878963,347.0,0.6691094006171955,0.34006447630698927,0.0016207391816182952,0.19600613,Planctomycetia,class,
G_r049_indel_1pct,2,markers,0.24637681,0.46376812,0.5648148,0.712963,0.7075814383370536,0.9689974447838345,665.0,0.7394939625168904,0.3094958774953108,0.002277136372087802,0.19517982,Deinococcus,genus,
G_r073_substitution_2pct,3,markers + neural network,0.71014494,0.10869565,0.4351852,0.046296295,0.7447257383966245,0.20042194092827004,474.0,0.705375520291191,0.23395166107803197,0.0012108536151868602,0.388833,Methanomicrobiaceae,family,
G_r036_indel_0p1pct,2,markers,0.26086956,0.0942029,0.5462963,0.12962963,0.5811479991725954,0.2077329564163252,694.0,0.6026448289103266,0.2476043084802101,0.001723581390461489,0.36663008,Leuconostoc,genus,
G_r077_chimera_40pct,3,markers + neural network,0.4057971,0.02173913,0.712963,0.018518519,0.8167808219178082,0.03424657534246575,146.0,0.7624446481211469,0.15212074180933188,0.0007605262613427925,0.3681569,Bacteria,superkingdom,
G_r027_chimera_10pct,3,markers + neural network,0.48550725,0.06521739,0.8611111,0.0,0.8923001651875457,0.010331384619774177,342.0,0.8814674824935698,0.0,0.001147530241274917,0.49972555,Synergistales,order,
G_r047_chimera_5pct,2,markers,0.19565217,0.08695652,0.46296296,0.1574074,0.5957556777859326,0.07129917381713109,644.0,0.6139916627695393,0.13232695298573605,0.001174295046409855,0.43593442,Chlorobiaceae,family,
G_r025_uneven_coverage_5pct,3,markers + neural network,0.8333333,0.04347826,0.6388889,0.018518519,0.8286026200873362,0.06331877729257641,229.0,0.7950784036309182,0.18853032398341854,0.0009951780513480775,0.43316382,Archaea,superkingdom,
G_r044_none_control,3,markers + neural network,0.9637681,0.08695652,0.787037,0.083333336,0.8603960396039604,0.10165016249854966,505.0,0.8218471361381691,0.2054932877330911,0.0011560980213431644,0.45515493,Halobacteria,class,
G_r040_substitution_titv_5pct,2,markers,0.41304347,0.2826087,0.7685185,0.33333334,0.7245916515426497,0.46037508485105205,551.0,0.7086750787180662,0.25156620637328747,0.001336905200187981,0.24559483,Cyanophyceae,class,
G_r040_indel_1pct,2,markers,0.41304347,0.8333333,0.7685185,1.1944444,0.7533394235079406,1.5426533461051344,549.0,0.6709401979875945,0.19406309949709832,0.00253158794620881,0.1195891,Cyanophyceae,class,
G_r028_substitution_titv_0p5pct,3,markers + neural network,0.42753622,0.0942029,0.6851852,0.037037037,0.8477298064881384,0.061461794019933555,301.0,0.8552079306475517,0.06100619370732882,0.0010327299689992407,0.445719,Bacteria,superkingdom,
G_r045_uneven_coverage_10pct,3,markers + neural network,0.46376812,0.08695652,0.9444444,0.06481481,1.0,0.07912457912457913,297.0,1.0,0.07881072697659104,0.0008785975057763341,0.5465299,Bacteria,superkingdom,
G_r012_chimera_10pct,3,markers + neural network,0.28985506,0.057971016,0.6203704,0.06481481,0.6309951672451102,0.05575539568345324,278.0,0.6386058058171185,0.13117157420302764,0.0011835821443663395,0.37485376,Bacteria,superkingdom,
G_r076_substitution_titv_2pct,3,markers + neural network,0.48550725,0.13043478,0.9074074,0.12037037,0.9225589225589226,0.18686868686868688,297.0,0.9311316144034277,0.1445144624688839,0.0009354344365969745,0.3793078,Bacteria,superkingdom,
G_r060_substitution_1pct,2,markers,0.46376812,0.06521739,0.2037037,0.0,0.5782442748091603,0.0982824427480916,262.0,0.6586088420183278,0.12527830253214967,0.001269416806200025,0.3236743,Archaea,superkingdom,
G_r014_indel_1pct,2,markers,0.4347826,0.6086956,0.712963,0.8796296,0.6540071770334929,0.8328947222403933,836.0,0.7472369331376223,0.3363193576451226,0.003217442281572101,0.20378225,Thermus,genus,
G_r072_substitution_0p1pct,3,markers + neural network,0.39130434,0.072463766,0.7314815,0.027777778,0.6875232928474693,0.03902544364583754,773.0,0.6714189446166123,0.07924801824769687,0.0012020055104236878,0.54202014,Fusobacterium,genus,
G_r019_substitution_titv_5pct,3,markers + neural network,0.36231884,0.0942029,0.6481481,0.12037037,0.6743659143862517,0.21942934782608695,368.0,0.6725203252282306,0.20715626132417647,0.0010863440312873784,0.31952035,Bacteria,superkingdom,
G_r059_uneven_coverage_40pct,2,markers,0.3043478,0.26086956,0.6111111,0.2962963,0.7037037037037037,0.3296296296296296,270.0,0.7143004819707393,0.23108230024062276,0.0011207320386286872,0.29159406,Bacteria,superkingdom,
G_r054_substitution_titv_2pct,3,markers + neural network,0.36231884,0.0942029,0.712963,0.12037037,0.6743697478991597,0.20168067226890757,238.0,0.7058321460942747,0.17716404926109433,0.0008260003819500554,0.28028533,Bacteria,superkingdom,
G_r034_uneven_coverage_40pct,2,markers,0.49275362,0.5217391,0.9351852,0.7222222,0.8260869565217391,0.51147344838018,276.0,0.7738610627683389,0.2920907242004158,0.0007551831701084114,0.22531497,Bacteria,superkingdom,
G_r039_substitution_5pct,2,markers,0.3478261,0.32608697,0.5925926,0.22222222,0.6433213099200781,0.4891566331911453,913.0,0.67761544969575,0.32138689878281373,0.002047172116184395,0.3051697,Campylobacter,genus,
G_r055_substitution_titv_2pct,2,markers,0.5072464,0.2753623,0.9814815,0.4074074,0.9258943781942078,0.4255536418960285,587.0,0.9042300687535911,0.2731920263280094,0.0013448629386228796,0.35842758,Desulfovibrionaceae,family,
G_r075_chimera_5pct,3,markers + neural network,0.9710145,0.10869565,0.5185185,0.083333336,0.8832204311708861,0.03591772272617002,632.0,0.8779461562433445,0.00778772494673529,0.0010248193810352595,0.63590944,Sulfolobaceae,family,
G_r048_substitution_0p1pct,3,markers + neural network,0.3188406,0.04347826,0.6666667,0.009259259,0.791958041958042,0.04079254190404932,143.0,0.7602086239034654,0.0988311297691516,0.0009149938226305376,0.39370435,Bacteria,superkingdom,
G_r074_indel_1pct,2,markers,0.41304347,0.5,0.7314815,0.6944444,0.8333333333333334,0.9320987654320988,162.0,0.7896507486166203,0.24834552041843208,0.00254200204449593,0.1867887,Bacteria,superkingdom,
G_r059_substitution_2pct,3,markers + neural network,0.29710144,0.16666667,0.6018519,0.06481481,0.6946564885496184,0.13104325214415105,262.0,0.6744872324727231,0.13826728079194245,0.0012044720235314247,0.35361332,Bacteria,superkingdom,
G_r041_substitution_titv_5pct,2,markers,0.22463769,0.08695652,0.6296296,0.16666667,0.7107372283935547,0.36538461538461536,208.0,0.7553433727454721,0.2504551771835975,0.0015084868084484398,0.36030635,Bacteria,superkingdom,
G_r005_substitution_0p1pct,3,markers + neural network,0.32608697,0.057971016,0.6018519,0.037037037,0.6243787891586454,0.020511016899355687,711.0,0.6357633739674007,0.04169161031478459,0.001191175550023354,0.4717693,Synechococcales,order,
G_r033_uneven_coverage_40pct,2,markers,0.24637681,0.072463766,0.4074074,0.046296295,0.5936898027541321,0.18208092485549132,346.0,0.6888007334110569,0.13079543811795158,0.0011969415557105503,0.31281766,Bacteria,superkingdom,
G_r052_indel_0p1pct,3,markers + neural network,0.19565217,0.123188406,0.5,0.083333336,0.6863014116679153,0.2232876712328767,365.0,0.6676692576043997,0.2269472099534393,0.0014275020073562154,0.35132164,Bacteria,superkingdom,
G_r026_uneven_coverage_40pct,2,markers,0.6666667,0.89855075,0.8611111,0.7222222,0.8538251783027023,0.35860655737704916,244.0,0.8425779966953184,0.11346251474936742,0.0008146094605632225,0.27910024,Bacteria,superkingdom,
G_r041_uneven_coverage_10pct,3,markers + neural network,0.23913044,0.028985508,0.6296296,0.11111111,0.7219472450785117,0.13366336633663367,202.0,0.6995475608923342,0.19817971347563537,0.0010173541939388529,0.4738356,Bacteria,superkingdom,
G_r042_substitution_titv_0p5pct,3,markers + neural network,0.2826087,0.057971016,0.5833333,0.009259259,0.6922720389010557,0.05014974794619167,1113.0,0.6770164795936726,0.07385482125491383,0.0009555613766232543,0.5470614,Leptospira,genus,
G_r057_chimera_20pct,3,markers + neural network,0.5217391,0.072463766,0.9814815,0.027777778,0.9355300859598854,0.0,349.0,0.9308343994090938,0.0,0.0009531487300431865,0.61077005,Bacteria,superkingdom,
G_r014_uneven_coverage_20pct,3,markers + neural network,0.4347826,0.3043478,0.7222222,0.3425926,0.651327859997474,0.17648190328761007,866.0,0.6088962731836095,0.2342487689313239,0.0014559969060818744,0.41516426,Thermus,genus,
G_r019_indel_1pct,2,markers,0.36956522,0.41304347,0.6574074,0.6203704,0.6685184979679608,0.9542087747593119,495.0,0.650270599607619,0.3303375709930713,0.0020329732936094345,0.17510162,Acidobacteriaceae,family,
G_r067_substitution_titv_0p5pct,3,markers + neural network,0.47826087,0.07971015,1.0,0.037037037,1.0,0.11617791407968292,682.0,1.0,0.14872768379771228,0.0012081563432853153,0.6472265,Weeksellaceae,family,
G_r050_substitution_0p1pct,3,markers + neural network,0.4710145,0.0942029,0.8888889,0.037037037,0.831430792264198,0.06582952525517712,438.0,0.8174320542629141,0.07345839838623378,0.0007670353811269212,0.4610048,Planctomycetaceae,family,
G_r024_indel_1pct,2,markers,0.51449275,1.3695652,0.962963,2.1203704,0.902027027027027,1.9923986486486487,296.0,0.8159948303785506,0.2908422830304413,0.002164016796859824,0.13228284,Bacteria,superkingdom,
G_r007_substitution_2pct,2,markers,0.2753623,0.14492753,0.5555556,0.2037037,0.7937797546386719,0.3145833151681083,560.0,0.7266628171251126,0.26576761580586683,0.001434788645674526,0.4660652,Borreliaceae,family,
G_r046_uneven_coverage_20pct,3,markers + neural network,1.0,0.123188406,0.5185185,0.027777778,1.0,0.19963725407918295,768.0,0.9982469993931338,0.193859268647896,0.0011772902366335009,0.57755566,Sulfolobaceae,family,
G_r026_substitution_titv_5pct,2,markers,0.6594203,0.5,0.75,0.5277778,0.8222748815165877,0.46208530805687204,211.0,0.7785333564769301,0.21177989416558718,0.000828530690329857,0.2712253,Bacteria,superkingdom,
G_r013_uneven_coverage_5pct,2,markers,0.21014492,0.028985508,0.4537037,0.018518519,0.5797546012269938,0.04294478527607362,163.0,0.6405723101992638,0.08180312245512919,0.000745474858562998,0.32631254,Bacteria,superkingdom,
G_r072_uneven_coverage_5pct,3,markers + neural network,0.39130434,0.050724637,0.7314815,0.009259259,0.6875877333100991,0.052251137469928655,807.0,0.6652897361813324,0.08952563044686793,0.0011746110578988653,0.53949845,Fusobacterium,genus,
G_r014_substitution_titv_5pct,3,markers + neural network,0.42753622,0.13043478,0.7222222,0.14814815,0.6367012711099884,0.19120476702894956,866.0,0.6170950034337787,0.23035341076456578,0.0017609311827226338,0.4012269,Thermus,genus,
G_r006_substitution_0p5pct,3,markers + neural network,0.44927537,0.050724637,0.9351852,0.0,1.0,0.06018518518518518,216.0,1.0,0.04334268799876553,0.0011381626727926001,0.62947506,Bacteria,superkingdom,
G_r077_substitution_5pct,2,markers,0.36231884,0.14492753,0.5925926,0.1388889,0.7155797101449275,0.32608695652173914,138.0,0.7395357662906642,0.2275210736765398,0.0008375777024544451,0.25612515,Bacteria,superkingdom,
G_r072_indel_1pct,2,markers,0.39130434,0.6884058,0.7314815,1.0277778,0.7014131236849283,1.4131448417530392,802.0,0.7333350622617063,0.2595806850577526,0.0034975455094826942,0.1518815,Fusobacterium,genus,
G_r065_chimera_10pct,3,markers + neural network,0.49275362,0.072463766,1.0,0.046296295,1.0,0.024509805547611792,782.0,1.0,0.007190660090963891,0.0013812421663943334,0.7287102,Streptococcus,genus,
G_r000_uneven_coverage_20pct,3,markers + neural network,0.42028984,0.5,0.6759259,0.5833333,0.6565196224993787,0.2897629886371873,1509.0,0.6232624849481361,0.293142089444096,0.001311971797041528,0.35822314,Klebsiella,genus,
G_r045_uneven_coverage_20pct,3,markers + neural network,0.46376812,0.0942029,0.9444444,0.16666667,1.0,0.20430107526881722,279.0,1.0,0.20126969962672556,0.0008795682752930677,0.46567348,Bacteria,superkingdom,
G_r055_substitution_1pct,2,markers,0.5072464,0.2753623,0.9814815,0.3425926,0.9293345357035543,0.3623321030166123,546.0,0.9087457000538588,0.2684513408767849,0.001300012295639686,0.37776968,Desulfovibrionaceae,family,
G_r048_none_control,3,markers + neural network,0.3188406,0.036231883,0.6666667,0.0,0.7644230769230769,0.0309829070017888,156.0,0.7313848010880855,0.09474266601017703,0.0009041563323455735,0.4011087,Bacteria,superkingdom,
G_r040_indel_2pct,2,markers,0.41304347,1.0797101,0.7592593,1.6481482,0.7314159292035398,2.063274336283186,565.0,0.6131758460113236,0.24133643404776478,0.002728735346177989,0.10195206,Cyanophyceae,class,
G_r032_uneven_coverage_5pct,3,markers + neural network,0.45652175,0.04347826,0.7962963,0.0,0.8429292621034564,0.04090909090909091,330.0,0.8443045211437233,0.03330256589219983,0.0010981515493924115,0.48637962,Bacteria,superkingdom,
G_r010_uneven_coverage_40pct,2,markers,0.4347826,0.23188406,0.9166667,0.5277778,0.946058091286307,0.6182572614107884,241.0,0.8906570316925069,0.27951378585618997,0.0009151892812508259,0.33267325,Bacteria,superkingdom,
G_r053_uneven_coverage_20pct,3,markers + neural network,1.0,0.0942029,0.5185185,0.037037037,1.0,0.1562435511939736,601.0,1.0,0.13420236658133572,0.00123761073870949,0.59838116,Thermococcus,genus,
G_r022_substitution_0p1pct,3,markers + neural network,0.48550725,0.07971015,0.8240741,0.055555556,0.8007245744977679,0.13819875776397517,322.0,0.7659200824040531,0.24760987274153096,0.0010333874953355057,0.41862282,Bacteria,superkingdom,
G_r079_substitution_1pct,3,markers + neural network,0.48550725,0.14492753,0.9537037,0.10185185,0.9945054945054945,0.22222221290672217,273.0,1.0,0.13613505357167752,0.0011945045321747276,0.3777411,Bacteria,superkingdom,
G_r008_substitution_titv_2pct,2,markers,0.3478261,0.17391305,0.6296296,0.14814815,0.7730590537414904,0.315121682742794,863.0,0.7004087870412712,0.2900354341822494,0.0013580030188065978,0.4117375,Fusobacterium,genus,
G_r048_uneven_coverage_10pct,3,markers + neural network,0.3188406,0.0942029,0.6666667,0.12037037,0.7704081632653061,0.1349206392456885,147.0,0.7406856778091493,0.17461336548567724,0.0009204824228673731,0.34843498,Bacteria,superkingdom,
G_r054_uneven_coverage_40pct,2,markers,0.36956522,0.08695652,0.7314815,0.25925925,0.672576850187694,0.3067375886524823,282.0,0.7412889191410659,0.19808093046310402,0.0007262519738218597,0.24281396,Bacteria,superkingdom,
G_r074_substitution_titv_2pct,3,markers + neural network,0.42753622,0.08695652,0.7777778,0.09259259,0.8975609756097561,0.2048780487804878,205.0,0.901710651036753,0.23679393710328306,0.0012402239303295581,0.40442532,Bacteria,superkingdom,
G_r051_substitution_1pct,3,markers + neural network,0.5,0.2173913,0.9259259,0.21296297,0.9901185770750988,0.22529644268774704,253.0,1.0,0.169927213822864,0.0010550364622751612,0.38340536,Bacteria,superkingdom,
G_r024_indel_2pct,2,markers,0.5072464,1.615942,0.9351852,2.3796296,0.8960843373493976,2.1787149819983056,332.0,0.7789187127577191,0.28236898744948147,0.002207822479985787,0.12505308,Bacteria,superkingdom,
G_r077_uneven_coverage_5pct,3,markers + neural network,0.4057971,0.028985508,0.712963,0.06481481,0.7977707006369427,0.07961783439490445,157.0,0.7506508623516048,0.19358480068370162,0.0007657581753348409,0.34303087,Bacteria,superkingdom,
G_r004_substitution_1pct,3,markers + neural network,0.44927537,0.17391305,0.8703704,0.18518518,0.8350565923017448,0.18980797636632202,677.0,0.7900813383683021,0.21406660193236693,0.001425592593915285,0.567285,Helicobacter,genus,
G_r026_uneven_coverage_10pct,3,markers + neural network,0.6666667,0.42028984,0.8611111,0.33333334,0.8579545454545454,0.21875,264.0,0.8535312654236956,0.1875615903264954,0.0007824758627849378,0.32589257,Bacteria,superkingdom,
G_r006_chimera_10pct,3,markers + neural network,0.44927537,0.04347826,0.9351852,0.0,1.0,0.015151515151515152,231.0,1.0,0.0,0.0010676261949837244,0.68084866,Bacteria,superkingdom,
G_r034_indel_0p1pct,3,markers + neural network,0.49275362,0.1594203,0.9259259,0.22222222,0.9132653061224489,0.24744897959183673,196.0,0.9091410269986933,0.20654934983238102,0.0008826756816239366,0.33387548,Bacteria,superkingdom,
G_r019_none_control,3,markers + neural network,0.36956522,0.007246377,0.6574074,0.009259259,0.6584174878669508,0.022222222222222223,495.0,0.6227323049900885,0.046022727691340685,0.0009397106294552988,0.4077343,Acidobacteriaceae,family,
G_r013_substitution_titv_0p5pct,2,markers,0.21014492,0.02173913,0.44444445,0.027777778,0.5340909090909091,0.056818181818181816,176.0,0.6337203069581627,0.10789024837964509,0.000734867812269378,0.3315133,Bacteria,superkingdom,
G_r027_substitution_2pct,3,markers + neural network,0.46376812,0.1521739,0.8425926,0.12037037,0.8698830409356725,0.16505848176298085,342.0,0.879044072218673,0.14929357528663284,0.0013105644601129707,0.41383633,Synergistales,order,
G_r048_chimera_20pct,3,markers + neural network,0.3188406,0.036231883,0.6666667,0.0,0.7644230769230769,0.0309829070017888,156.0,0.7313848010880855,0.09474266601017703,0.0009041563323455735,0.4011087,Bacteria,superkingdom,
G_r052_none_control,3,markers + neural network,0.20289855,0.036231883,0.5,0.0,0.6885246318546149,0.0027322402743042494,366.0,0.6696600316020623,0.0,0.0011461134700546628,0.44003555,Bacteria,superkingdom,
G_r012_substitution_5pct,2,markers,0.28985506,0.1884058,0.6203704,0.28703704,0.6140065146579805,0.31026058631921827,307.0,0.6618608945378943,0.2560036066544068,0.0014773857245861065,0.2733939,Bacteria,superkingdom,
G_r031_none_control,3,markers + neural network,0.64492756,0.007246377,0.44444445,0.027777778,0.6462167377120878,0.010736196319018405,163.0,0.6483642903671499,0.026458677825973213,0.0008435400564368467,0.32625642,Archaea,superkingdom,
G_r001_substitution_titv_2pct,3,markers + neural network,0.44927537,0.0942029,0.7407407,0.055555556,0.7376676441146967,0.16483496996990615,919.0,0.6781385415801169,0.24236800882270257,0.0014449346783407997,0.47133207,Lacticaseibacillus,genus,
G_r016_substitution_5pct,2,markers,0.46376812,0.34057972,0.8888889,0.4074074,0.8647686832740213,0.400355871886121,281.0,0.8140865137202165,0.2648035756916176,0.001745252301247866,0.3817162,Bacteria,superkingdom,
G_r000_uneven_coverage_10pct,3,markers + neural network,0.42028984,0.1594203,0.6759259,0.24074075,0.6461376739543027,0.18476522658747266,1486.0,0.6206194600953839,0.24843233176604823,0.0012937593184083,0.3990051,Klebsiella,genus,
G_r007_uneven_coverage_10pct,3,markers + neural network,0.2753623,0.04347826,0.5648148,0.11111111,0.7934629083100982,0.11489988131573681,566.0,0.766439623232817,0.1876482668478422,0.00110672430643258,0.5860902,Borreliaceae,family,
G_r005_indel_1pct,2,markers,0.32608697,0.5869565,0.6018519,0.8981481,0.6113769433905253,1.070308411520634,627.0,0.656219440177918,0.35698204139845297,0.0029131022793821575,0.17135048,Cyanophyceae,class,
G_r026_substitution_5pct,2,markers,0.64492756,0.5362319,0.75,0.5925926,0.8391304347826087,0.5514492864194124,230.0,0.7668826521274098,0.22295641598769866,0.0008505001310553271,0.25748113,Bacteria,superkingdom,
G_r061_indel_1pct,2,markers,0.42753622,0.65217394,0.7777778,0.6759259,0.8584070796460177,1.0634218739197316,226.0,0.7965658687870738,0.23351570802928076,0.0015267296896952897,0.17874366,Bacteria,superkingdom,
G_r058_none_control,3,markers + neural network,0.942029,0.007246377,0.5185185,0.037037037,0.8986546811501541,0.002242152466367713,446.0,0.8954759282319424,0.0,0.0009062415307472286,0.6562382,Methanobacteriaceae,family,
G_r007_substitution_titv_2pct,3,markers + neural network,0.2753623,0.072463766,0.5648148,0.083333336,0.7927011424097522,0.15186780732253502,580.0,0.7649463223903656,0.219974310059104,0.0012945356011315615,0.57099634,Borrelia,genus,
G_r031_substitution_titv_0p5pct,3,markers + neural network,0.6304348,0.02173913,0.4351852,0.046296295,0.6740976321469446,0.042993630573248405,157.0,0.6644807265033164,0.06569170755927922,0.00085023481878952,0.31282806,Archaea,superkingdom,
G_r026_indel_1pct,2,markers,0.64492756,1.2971015,0.8055556,1.462963,0.8711656441717791,1.5644170843019076,163.0,0.726034757902172,0.3022783637764737,0.001522251452969217,0.16137189,Bacteria,superkingdom,
G_r006_chimera_5pct,3,markers + neural network,0.44927537,0.04347826,0.9351852,0.0,1.0,0.015151515151515152,231.0,1.0,0.0,0.0010676261949837244,0.68084866,Bacteria,superkingdom,
G_r048_substitution_1pct,3,markers + neural network,0.3115942,0.04347826,0.6574074,0.018518519,0.7705479452054794,0.08675798651290266,146.0,0.7446860991251294,0.15297580156744292,0.0009444098676897257,0.3774451,Bacteria,superkingdom,
G_r043_chimera_20pct,3,markers + neural network,0.5072464,0.1884058,1.0,0.2962963,1.0,0.14815078453183345,703.0,0.9969378494558401,0.17958833966291632,0.0011241916531074183,0.6396653,Leptotrichia,genus,
G_r041_chimera_10pct,3,markers + neural network,0.23913044,0.014492754,0.6296296,0.0,0.7290679787007553,0.014218009478672985,211.0,0.727461096672664,0.034483544656707756,0.0010083223708251114,0.5369664,Bacteria,superkingdom,
G_r010_uneven_coverage_5pct,3,markers + neural network,0.4347826,0.0942029,0.9166667,0.12962963,0.926056338028169,0.13380281690140844,284.0,0.941345235870928,0.16324823304277986,0.0008867628216422441,0.5189147,Bacteria,superkingdom,
G_r022_indel_2pct,2,markers,0.47826087,0.9202899,0.7962963,1.4074074,0.7395833492279053,1.76953125,320.0,0.6342191981272935,0.298035142755791,0.0027929612088394506,0.12508012,Bacteria,superkingdom,
G_r069_indel_2pct,2,markers,0.4347826,1.115942,0.8611111,1.9351852,0.765139368186043,1.8229368154642283,622.0,0.7185425310372834,0.2846565295913796,0.00336192979766724,0.12445209,Cyanophyceae,class,
G_r026_indel_0p5pct,2,markers,0.6594203,0.9637681,0.8518519,1.0833334,0.8743455497382199,1.1199824947337205,191.0,0.7675631138088991,0.2525635057526608,0.001348820108732305,0.1922409,Bacteria,superkingdom,
G_r028_substitution_0p1pct,3,markers + neural network,0.42753622,0.08695652,0.6851852,0.027777778,0.8477298064881384,0.04318936877076412,301.0,0.8521709020568995,0.0411102553434052,0.0010141392129697736,0.4567222,Bacteria,superkingdom,
G_r064_chimera_20pct,3,markers + neural network,0.5072464,0.10144927,1.0,0.0,1.0,0.014194140067467323,728.0,1.0,0.007758467133773254,0.0011333504266291912,0.6805078,Xanthomonadaceae,family,
G_r047_chimera_10pct,2,markers,0.19565217,0.08695652,0.46296296,0.1574074,0.5957556777859326,0.07129917381713109,644.0,0.6139916627695393,0.13232695298573605,0.001174295046409855,0.43593442,Chlorobiaceae,family,
G_r030_substitution_5pct,3,markers + neural network,0.4057971,0.19565217,0.7222222,0.21296297,0.7586206896551724,0.27996717180524555,203.0,0.7630927977098245,0.16957753265235717,0.0007812992784377831,0.2826561,Bacteria,superkingdom,
G_r079_uneven_coverage_5pct,3,markers + neural network,0.48550725,0.11594203,0.9537037,0.12037037,1.0,0.1151866102770949,259.0,0.9995522124911538,0.0951729894120211,0.0010888710432698605,0.4158373,Bacteria,superkingdom,
G_r005_substitution_titv_1pct,3,markers + neural network,0.32608697,0.0942029,0.6018519,0.055555556,0.6300387271614962,0.07969961609951286,688.0,0.6326988876045323,0.13867060820287452,0.0012832674444920621,0.43629503,Synechococcales,order,
G_r017_substitution_1pct,3,markers + neural network,0.2536232,0.1521739,0.5648148,0.12962963,0.684825731360394,0.1802234235017196,552.0,0.6252009683965875,0.22577645712806452,0.0013403290369945911,0.37315616,Geobacteraceae,family,
G_r020_indel_0p1pct,2,markers,0.19565217,0.123188406,0.46296296,0.19444445,0.5504101047616432,0.17223198594024605,569.0,0.61434664925602,0.18714929790166487,0.0014237104188567723,0.3165329,Desulfovibrionaceae,family,
G_r032_substitution_titv_5pct,2,markers,0.44927537,0.23188406,0.7222222,0.3148148,0.8199890735102635,0.36002177818148745,306.0,0.7757571987241215,0.243262306132996,0.0013971202675548797,0.34149364,Bacteria,superkingdom,
G_r021_uneven_coverage_5pct,3,markers + neural network,0.5,0.07971015,0.9537037,0.046296295,1.0,0.10736875154035594,527.0,1.0,0.09390047426469761,0.0012060689692152886,0.62292117,Thermotogales,order,
G_r054_indel_0p1pct,2,markers,0.36956522,0.10869565,0.7314815,0.23148148,0.6804347826086956,0.3826086956521739,230.0,0.705709179739064,0.22461068437005208,0.0009530813328715571,0.25002018,Bacteria,superkingdom,
G_r016_uneven_coverage_40pct,2,markers,0.46376812,0.71014494,0.8981481,1.1203704,0.9080459331643993,0.675287312474744,232.0,0.8276567764606408,0.27799930555256763,0.001357239659156339,0.40459764,Bacteria,superkingdom,
G_r044_substitution_titv_1pct,3,markers + neural network,0.9637681,0.18115942,0.787037,0.14814815,0.856620072842596,0.19494344136434164,501.0,0.8222559758682861,0.2402852222868418,0.0012501747138575266,0.41713887,Halobacteria,class,
G_r060_substitution_0p5pct,2,markers,0.46376812,0.04347826,0.2037037,0.027777778,0.5782442748091603,0.04134860293555806,262.0,0.645053839631866,0.07904187133552457,0.0011736614900229988,0.35123265,Archaea,superkingdom,
G_r036_substitution_1pct,2,markers,0.26086956,0.028985508,0.5462963,0.018518519,0.5869754509711921,0.10926193921852388,691.0,0.6057678084513262,0.1879132856414851,0.0014824446351152656,0.42371875,Leuconostoc,genus,
G_r044_indel_0p1pct,2,markers,0.9637681,0.3478261,0.787037,0.2685185,0.8503937007874016,0.39977036123200665,508.0,0.7535298559546655,0.26515621047915966,0.0014995329078932593,0.3338724,Halobacteria,class,
G_r027_substitution_titv_0p5pct,3,markers + neural network,0.48550725,0.072463766,0.8611111,0.037037037,0.8893761885793585,0.05126705504300302,342.0,0.888874715388139,0.04223870136287522,0.0011816049172378544,0.4741728,Synergistales,order,
G_r037_indel_5pct,2,markers,0.4710145,0.64492756,0.8240741,0.9351852,0.6504734193263032,0.7857499058471132,669.0,0.611223483702945,0.29998281081453265,0.0016546452153238804,0.1958764,Streptomyces,genus,
G_r021_substitution_0p5pct,3,markers + neural network,0.49275362,0.072463766,0.9351852,0.037037037,0.9914530315812993,0.09796186970065567,507.0,1.0,0.08541209103263732,0.0012448189360273034,0.6278115,Thermotogales,order,
G_r062_uneven_coverage_20pct,3,markers + neural network,0.46376812,0.050724637,0.8055556,0.018518519,0.706140350877193,0.05555555555555555,342.0,0.6896547557031817,0.04767502467432644,0.001282421885265288,0.41950554,Synergistales,order,
G_r017_uneven_coverage_10pct,3,markers + neural network,0.2536232,0.1594203,0.5648148,0.055555556,0.6897868669689443,0.1439609290439748,563.0,0.632798326012289,0.20838943476696908,0.0012268349865173461,0.37987906,Geobacteraceae,family,
G_r057_uneven_coverage_5pct,3,markers + neural network,0.5217391,0.07971015,0.9814815,0.06481481,0.9568690095846646,0.020234292307600807,313.0,0.9543102409514828,0.00848361727549235,0.0009580588450387722,0.5801827,Bacteria,superkingdom,
G_r023_substitution_titv_1pct,3,markers + neural network,1.0,0.0942029,0.5555556,0.074074075,0.9945553539019963,0.08968542275541275,551.0,0.9993315554609336,0.08234680554924989,0.0012281521808866526,0.59679395,Methanobacteriaceae,family,
G_r050_indel_1pct,2,markers,0.46376812,0.81884056,0.8425926,1.0833334,0.8266752577319587,1.3437040663257087,388.0,0.792114680361879,0.2628360476170575,0.0017516478297347079,0.1686816,Planctomycetia,class,
G_r040_substitution_0p1pct,3,markers + neural network,0.41304347,0.11594203,0.7685185,0.12962963,0.7171086684775985,0.10062402496099844,641.0,0.6916089596316712,0.1256829805914275,0.0010059306788639472,0.3655911,Cyanophyceae,class,
G_r012_uneven_coverage_5pct,3,markers + neural network,0.28985506,0.057971016,0.6203704,0.06481481,0.6246958823099623,0.07116788321167883,274.0,0.642498496773994,0.1410348503340518,0.0011896476305336104,0.363687,Bacteria,superkingdom,
G_r038_substitution_titv_0p1pct,3,markers + neural network,0.32608697,0.14492753,0.712963,0.37037036,0.710359415876756,0.22993121015916176,872.0,0.6272938614899325,0.23266120177868932,0.0011116406987794155,0.35223433,Bacteroides,genus,
G_r060_chimera_5pct,2,markers,0.46376812,0.014492754,0.2037037,0.0,0.5769720295913346,0.019083969465648856,262.0,0.6341090586845892,0.047199891494640024,0.0011218306308079114,0.3667904,Archaea,superkingdom,
G_r052_chimera_40pct,3,markers + neural network,0.20289855,0.036231883,0.5,0.0,0.6885246318546149,0.0027322402743042494,366.0,0.6696600316020623,0.0,0.0011461134700546628,0.44003555,Bacteria,superkingdom,
G_r048_substitution_titv_5pct,3,markers + neural network,0.3043478,0.123188406,0.5833333,0.1388889,0.6598837209302325,0.2664728608242301,172.0,0.7324583032662579,0.2351841434421552,0.0009552473579746898,0.30721453,Bacteria,superkingdom,
G_r029_uneven_coverage_40pct,2,markers,0.26086956,0.014492754,0.44444445,0.11111111,0.5942265628989226,0.119281045751634,306.0,0.6738130782887293,0.12977155201703416,0.0012933549542703613,0.34585053,Bacteria,superkingdom,
G_r074_chimera_20pct,3,markers + neural network,0.4347826,0.028985508,0.7962963,0.0,0.8876651982378855,0.04478707922712822,227.0,0.8677156607798968,0.1659717528670035,0.0010831531104561953,0.4839902,Bacteria,superkingdom,
G_r020_uneven_coverage_10pct,2,markers,0.19565217,0.10144927,0.46296296,0.083333336,0.526564785486746,0.0665938864628821,458.0,0.6102369715663926,0.0872551954150591,0.0011634779325987333,0.342033,Desulfovibrionales,order,
G_r077_chimera_20pct,3,markers + neural network,0.4057971,0.02173913,0.712963,0.018518519,0.8167808219178082,0.03424657534246575,146.0,0.7624446481211469,0.15212074180933188,0.0007605262613427925,0.3681569,Bacteria,superkingdom,
G_r067_chimera_10pct,3,markers + neural network,0.47826087,0.057971016,1.0,0.037037037,1.0,0.04551184880751525,661.0,1.0,0.07439957863179761,0.0011334119627325362,0.7004202,Weeksellaceae,family,
G_r068_indel_0p5pct,2,markers,0.28985506,0.5652174,0.7037037,0.7777778,0.8519903350940515,1.130733181685389,829.0,0.9259551720563761,0.26879797472725664,0.0030054053159399583,0.25142688,Campylobacter,genus,
G_r012_uneven_coverage_20pct,3,markers + neural network,0.28985506,0.072463766,0.6203704,0.09259259,0.6414473684210527,0.12801535505997508,304.0,0.6726341326128107,0.17458747860351548,0.0011877662401658688,0.32003438,Bacteria,superkingdom,
G_r061_chimera_20pct,3,markers + neural network,0.44927537,0.0942029,0.8518519,0.0,0.8687258687258688,0.05019305019305019,259.0,0.8301333324767637,0.08507050776250843,0.0007359390343653329,0.40452978,Bacteria,superkingdom,
G_r046_substitution_titv_2pct,3,markers + neural network,0.9927536,0.16666667,0.5185185,0.1388889,0.9839409192403158,0.21486234664916992,768.0,0.9793395294874556,0.19339274116934624,0.0013635263318166307,0.58534604,Sulfolobaceae,family,
G_r051_substitution_titv_1pct,3,markers + neural network,0.5,0.19565217,0.9074074,0.21296297,0.9629080118694362,0.22057367432365077,337.0,0.9946623791698406,0.17066512167855402,0.001048812058367933,0.38780466,Bacteria,superkingdom,
G_r005_substitution_titv_0p5pct,3,markers + neural network,0.32608697,0.06521739,0.6018519,0.037037037,0.6244117736816406,0.033823529411764704,680.0,0.6367221790607269,0.06295224689019835,0.00121585377010974,0.46283647,Synechococcales,order,
G_r034_uneven_coverage_10pct,3,markers + neural network,0.49275362,0.08695652,0.9351852,0.046296295,0.8744493392070485,0.08149779735682819,227.0,0.8495437464690644,0.11844808923292366,0.000720414743969973,0.39597628,Bacteria,superkingdom,
G_r027_substitution_0p5pct,3,markers + neural network,0.48550725,0.08695652,0.8611111,0.037037037,0.8893761885793585,0.05945419289215266,342.0,0.8949936972330889,0.04459593162031217,0.0012004770454634812,0.47470632,Synergistales,order,
G_r070_substitution_titv_1pct,2,markers,0.13768116,0.028985508,0.35185185,0.018518519,0.46859903381642515,0.03864734299516908,207.0,0.6258006040124169,0.07158482572006983,0.0011861299813608146,0.36741734,Bacteria,superkingdom,
G_r003_substitution_titv_5pct,2,markers,0.2753623,0.3115942,0.5462963,0.39814815,0.6227134146341463,0.37271341463414637,328.0,0.6384102323658938,0.26165264872919813,0.0011512396858886795,0.26482207,Bacteroidota,phylum,
G_r053_chimera_10pct,3,markers + neural network,1.0,0.0,0.5185185,0.018518519,1.0,0.008842443729903537,622.0,1.0,0.0070966372810715855,0.0012391662173751197,0.7598083,Thermococcus,genus,
G_r024_chimera_20pct,3,markers + neural network,0.5217391,0.28985506,0.962963,0.4537037,0.904331003706859,0.22080432511261058,431.0,0.8695749450542363,0.166581604399674,0.0009172022219604385,0.394311,Myxococcales,order,
G_r075_chimera_40pct,3,markers + neural network,0.9710145,0.10869565,0.5185185,0.083333336,0.8832204311708861,0.03591772272617002,632.0,0.8779461562433445,0.007787724946735283,0.0010248193810352595,0.63590944,Sulfolobaceae,family,
G_r048_indel_0p1pct,3,markers + neural network,0.3188406,0.13768116,0.6666667,0.14814815,0.7940140845070423,0.23356805720799406,142.0,0.8009534464180708,0.20514892536207505,0.0011115394201727375,0.3267568,Bacteria,superkingdom,
G_r011_uneven_coverage_40pct,2,markers,0.73913044,0.2826087,0.42592594,0.11111111,0.6903462846841496,0.32439897027861536,513.0,0.668559382611803,0.27741127009435096,0.0010447537028951174,0.35376456,Sulfolobaceae,family,
G_r046_uneven_coverage_5pct,3,markers + neural network,1.0,0.24637681,0.5185185,0.22222222,1.0,0.17129218578338623,768.0,0.9881260891317675,0.13440685284390402,0.001194344808815622,0.65030414,Sulfolobaceae,family,
G_r051_substitution_titv_2pct,3,markers + neural network,0.5,0.20289855,0.9166667,0.19444445,0.9414656488249833,0.257372654155496,373.0,0.9671151967531502,0.19675429694782323,0.001071446254394217,0.3629421,Bacteria,superkingdom,
G_r019_chimera_10pct,3,markers + neural network,0.36956522,0.007246377,0.6574074,0.009259259,0.6584174878669508,0.022222222222222223,495.0,0.6227323049900885,0.046022727691340685,0.0009397106294552988,0.4077343,Acidobacteriaceae,family,
G_r018_chimera_20pct,3,markers + neural network,0.98550725,0.29710144,0.6851852,0.42592594,0.9461537109375,0.12946666259765624,625.0,0.9396810689387103,0.22238397939222188,0.0012145619289620556,0.57626635,Thermococcus,genus,
G_r015_uneven_coverage_40pct,3,markers + neural network,0.4057971,0.072463766,0.8425926,0.14814815,0.6938674428696449,0.18570721680049726,337.0,0.6936706267402951,0.17183452064277108,0.0007912940461010079,0.31626782,Planctomycetia,class,
G_r055_chimera_40pct,3,markers + neural network,0.5072464,0.21014492,0.9814815,0.23148148,0.9175691570185582,0.248796648927544,554.0,0.8934864568356108,0.2508669487201217,0.0011862448109993904,0.4299132,Desulfovibrionaceae,family,
G_r011_uneven_coverage_5pct,3,markers + neural network,0.73913044,0.028985508,0.42592594,0.018518519,0.6876347719196018,0.04496623929692895,543.0,0.6810675047315017,0.047543819462822885,0.001014173657497298,0.49765947,Sulfolobaceae,family,
G_r047_substitution_1pct,2,markers,0.19565217,0.123188406,0.46296296,0.21296297,0.5993836671802774,0.15626604641530842,649.0,0.6230703748246404,0.2109835682939058,0.0013156507402056147,0.38969037,Chlorobiaceae,family,
G_r070_chimera_5pct,2,markers,0.13768116,0.014492754,0.3611111,0.0,0.4966832630669893,0.009950248756218905,201.0,0.6182059582372449,0.06595036763905779,0.001067096866348218,0.407204,Bacteria,superkingdom,
G_r078_substitution_0p5pct,3,markers + neural network,0.442029,0.06521739,0.8055556,0.037037037,0.7078199794526734,0.043256263512407425,865.0,0.6873019565158286,0.05533548231300541,0.0014591670489236173,0.5610494,Thermus,genus,
G_r075_substitution_5pct,2,markers,0.9130435,0.3043478,0.49074075,0.25925925,0.8382405635484459,0.38536803213013354,557.0,0.7648008565278427,0.2632690493116838,0.0013479645560765903,0.3938528,Sulfolobaceae,family,
G_r009_uneven_coverage_10pct,3,markers + neural network,0.8115942,0.036231883,0.4814815,0.037037037,0.7417968511581421,0.0445963554084301,512.0,0.7238753260903551,0.03333705579520472,0.0010801924608244342,0.48047507,Methanosarcinaceae,family,
G_r020_chimera_5pct,2,markers,0.19565217,0.057971016,0.46296296,0.037037037,0.5600817521846262,0.01907356948228883,367.0,0.6108603421744798,0.030109201104783566,0.001160206756040515,0.37606677,Desulfovibrionaceae,family,
G_r050_substitution_2pct,3,markers + neural network,0.4710145,0.22463769,0.8888889,0.2037037,0.8314350797266514,0.24126804499528404,439.0,0.7820990298023851,0.21934572309773914,0.0008859333999302886,0.3719036,Planctomycetaceae,family,
G_r013_substitution_1pct,2,markers,0.20289855,0.04347826,0.4351852,0.027777778,0.5573248407643312,0.06369426751592357,157.0,0.6478491583136792,0.09377957969005604,0.0007452767047944399,0.32292938,Bacteria,superkingdom,
G_r002_substitution_2pct,3,markers + neural network,0.3768116,0.123188406,0.7962963,0.11111111,0.7952937229423765,0.1387119495691514,471.0,0.7724420499342828,0.16820084039056243,0.001245685104675174,0.44018835,Microbacteriaceae,family,
G_r002_chimera_40pct,3,markers + neural network,0.36956522,0.04347826,0.8148148,0.009259259,0.8119612068965517,0.014727010809142014,464.0,0.8051645985565307,0.015524073492354552,0.001138711850202032,0.5183524,Microbacteriaceae,family,
G_r015_substitution_1pct,3,markers + neural network,0.4057971,0.06521739,0.8425926,0.055555556,0.7041170483543759,0.11557539304097493,336.0,0.65375035548235,0.1437660693474521,0.0008736380312767125,0.37411013,Planctomycetia,class,
G_r015_substitution_titv_0p1pct,3,markers + neural network,0.4057971,0.050724637,0.8425926,0.037037037,0.7067448680351907,0.030791788856304986,341.0,0.666279509883148,0.04942491244392946,0.0008176456567055186,0.40505856,Planctomycetia,class,
G_r014_uneven_coverage_40pct,2,markers,0.4347826,0.3115942,0.7222222,0.32407406,0.6569091233039839,0.3262125063713373,866.0,0.6518517531805785,0.28802122872592695,0.0014421416190298667,0.3852809,Thermus,genus,
G_r041_indel_0p1pct,2,markers,0.23913044,0.08695652,0.6296296,0.17592593,0.6991667175292968,0.3425,200.0,0.7115755084425263,0.26987343038648537,0.0013828715767933365,0.38563484,Bacteria,superkingdom,
G_r019_uneven_coverage_20pct,3,markers + neural network,0.36956522,0.028985508,0.6574074,0.11111111,0.6306089547964243,0.1528846153846154,520.0,0.6294428074607723,0.20588214491862022,0.0009307729744864864,0.34661952,Acidobacteriaceae,family,
G_r033_substitution_titv_0p1pct,2,markers,0.24637681,0.050724637,0.4074074,0.037037037,0.568645120524674,0.05755395683453238,278.0,0.6347218885831916,0.12569286762733967,0.0012463656810576553,0.3726856,Bacteria,superkingdom,
G_r040_none_control,3,markers + neural network,0.41304347,0.11594203,0.7685185,0.12962963,0.7163437503638459,0.0875558867362146,671.0,0.6954380995800926,0.10829363638927506,0.000996599487745884,0.37027666,Cyanophyceae,class,
G_r013_indel_5pct,2,markers,0.13768116,0.08695652,0.24074075,0.11111111,0.30689655172413793,0.15862068965517243,145.0,0.64068879683004,0.0991984906026398,0.0006331222925691436,0.18918654,Bacteria,superkingdom,
G_r015_chimera_20pct,3,markers + neural network,0.4057971,0.036231883,0.8425926,0.018518519,0.7303763112714213,0.027419354838709678,310.0,0.682018447482334,0.03675055892612755,0.0008077030855199794,0.40990704,Planctomycetia,class,
G_r034_substitution_2pct,3,markers + neural network,0.47826087,0.14492753,0.8796296,0.1574074,0.8894472361809045,0.13735342744606824,199.0,0.8747959892150613,0.148902905013363,0.00078584590809919,0.35980245,Bacteria,superkingdom,
G_r026_substitution_titv_0p5pct,3,markers + neural network,0.6666667,0.2753623,0.8611111,0.2685185,0.8955555555555555,0.2011111111111111,225.0,0.8859465309701885,0.20289205593610696,0.0007795888669315325,0.33833998,Bacteria,superkingdom,
G_r009_uneven_coverage_5pct,3,markers + neural network,0.8115942,0.036231883,0.4814815,0.046296295,0.741406261920929,0.02571614645421505,512.0,0.71762134068699,0.0,0.0011056646191570795,0.48899147,Methanosarcinaceae,family,
G_r025_substitution_titv_2pct,3,markers + neural network,0.8043478,0.1884058,0.6203704,0.10185185,0.8225108225108225,0.2619047619047619,231.0,0.7776972802880114,0.24752495797348292,0.0011891603004412139,0.36360148,Archaea,superkingdom,
G_r036_chimera_10pct,2,markers,0.26086956,0.007246377,0.5462963,0.0,0.57630742783299,0.020336605890603085,713.0,0.6074643056335536,0.06537387669083869,0.0012972335511768464,0.48337704,Leuconostoc,genus,
G_r074_substitution_5pct,3,markers + neural network,0.36956522,0.13768116,0.6944444,0.18518518,0.8046875,0.265625,160.0,0.7944123255747775,0.2114005080048753,0.001344635168973701,0.33527812,Bacteria,superkingdom,
G_r055_indel_5pct,2,markers,0.4347826,0.89855075,0.8240741,1.1944444,0.7983963170002416,1.4626002360865014,582.0,0.7296473353925966,0.25074825890362074,0.002037926249290564,0.17876932,Desulfovibrionaceae,family,
G_r012_substitution_titv_1pct,3,markers + neural network,0.28985506,0.07971015,0.6111111,0.12037037,0.636390905586078,0.12589928057553956,278.0,0.6424451600306268,0.19839904563189398,0.001263076467495422,0.3444337,Bacteria,superkingdom,
G_r079_substitution_titv_0p5pct,3,markers + neural network,0.48550725,0.07971015,0.9444444,0.055555556,0.9967532467532467,0.08387445474599863,308.0,0.9789957990924318,0.059942693087136865,0.0011147537237915337,0.42393547,Bacteria,superkingdom,
G_r023_substitution_0p5pct,3,markers + neural network,1.0,0.036231883,0.5555556,0.046296295,0.9963702359346642,0.06336963328172854,551.0,1.0,0.0588409106992916,0.001207530222625496,0.61745125,Methanobacteriaceae,family,
G_r056_substitution_0p5pct,3,markers + neural network,0.5,0.18115942,0.9351852,0.2777778,0.9230462763298071,0.22169060227973608,418.0,0.909411420366436,0.26219153157137004,0.0013794721051334925,0.4341821,Thermotogae,class,
G_r063_indel_1pct,2,markers,0.49275362,0.71014494,0.9166667,0.8796296,0.9698581560283688,1.375886524822695,282.0,0.927293027676651,0.28128396362524144,0.002005272682569936,0.20196564,Bacteria,superkingdom,
G_r062_indel_0p5pct,2,markers,0.46376812,0.57246375,0.8055556,0.6574074,0.6993127147766323,0.761168384879725,291.0,0.708453083416168,0.2950982600757777,0.0026302331139475507,0.22008947,Bacteria,superkingdom,
G_r030_indel_0p5pct,2,markers,0.42028984,0.42753622,0.7685185,0.537037,0.8073170731707318,0.7463414634146341,205.0,0.7694427739601525,0.25889469360492096,0.0012196670112937136,0.2130928,Bacteria,superkingdom,
G_r014_uneven_coverage_10pct,3,markers + neural network,0.4347826,0.036231883,0.7222222,0.09259259,0.6442956358229045,0.07421420256111758,859.0,0.6258411095807667,0.09521839740176036,0.0014306414886031695,0.48960653,Thermus,genus,
G_r071_none_control,3,markers + neural network,0.48550725,0.08695652,0.8888889,0.018518519,0.8884333180328273,0.015247107304233105,317.0,0.8741531857222947,0.0011855778671325881,0.0010023254326320661,0.5209264,Treponema,genus,
G_r058_uneven_coverage_40pct,2,markers,0.942029,0.41304347,0.5185185,0.1388889,0.899103139013453,0.3644244959536155,446.0,0.8866604374117293,0.25884731822809703,0.0009297736627217253,0.47852817,Methanobacteriaceae,family,
G_r078_substitution_titv_2pct,3,markers + neural network,0.442029,0.11594203,0.8055556,0.09259259,0.7094474171991337,0.1067201192709452,873.0,0.6605041042607935,0.14823575808780168,0.0015679125606997675,0.50911963,Thermus,genus,
G_r074_indel_0p1pct,3,markers + neural network,0.4347826,0.17391305,0.7962963,0.18518518,0.8923611111111112,0.2908950558415166,216.0,0.8982430497902921,0.2164257763719616,0.0014309009228221433,0.36951625,Bacteria,superkingdom,
G_r012_chimera_20pct,3,markers + neural network,0.28985506,0.057971016,0.6203704,0.06481481,0.6237834735508383,0.05656934306569343,274.0,0.6361369218141691,0.13660656489328002,0.0011840470234489658,0.37487078,Bacteria,superkingdom,
G_r055_chimera_10pct,3,markers + neural network,0.5072464,0.21014492,0.9814815,0.23148148,0.9175691570185582,0.248796648927544,554.0,0.8934864568356108,0.2508669487201217,0.0011862448109993904,0.4299132,Desulfovibrionaceae,family,
G_r006_uneven_coverage_10pct,3,markers + neural network,0.44927537,0.072463766,0.9351852,0.018518519,1.0,0.03823954099184507,231.0,1.0,0.006787775659648311,0.0010497349537989956,0.6384018,Bacteria,superkingdom,
G_r067_uneven_coverage_10pct,3,markers + neural network,0.47826087,0.072463766,1.0,0.09259259,1.0,0.11888553082672443,661.0,1.0,0.12005673446444715,0.0011432397217835154,0.64132684,Weeksellaceae,family,
G_r020_substitution_2pct,2,markers,0.19565217,0.123188406,0.44444445,0.12037037,0.5348373047774229,0.11945979502978246,543.0,0.6166794213768755,0.14126403381600477,0.0012764219340345145,0.32229272,Desulfovibrionales,order,
G_r070_indel_1pct,2,markers,0.13768116,0.3188406,0.35185185,0.44444445,0.49777777777777776,0.981481458875868,225.0,0.6263224298425024,0.3421867753580132,0.003009121179788339,0.12130813,Bacteria,superkingdom,
G_r032_chimera_5pct,3,markers + neural network,0.45652175,0.04347826,0.7962963,0.0,0.8429292621034564,0.03939393939393939,330.0,0.838958381044328,0.03740035525120098,0.001105563698761872,0.49814633,Bacteria,superkingdom,
G_r043_indel_1pct,2,markers,0.5072464,1.2391304,1.0,2.3148148,0.9929337529411093,2.4599414847747623,684.0,0.8621968849763315,0.12365084574421376,0.0032364929231440765,0.13335572,Leptotrichia,genus,
G_r052_chimera_5pct,3,markers + neural network,0.20289855,0.036231883,0.5,0.0,0.6885246318546149,0.0027322402743042494,366.0,0.6696600316020623,0.0,0.0011461134700546628,0.44003555,Bacteria,superkingdom,
G_r061_uneven_coverage_5pct,3,markers + neural network,0.44927537,0.0942029,0.8518519,0.009259259,0.8800904977375565,0.058823529411764705,221.0,0.8494458837419964,0.08757853095432336,0.0007423727407511468,0.38057503,Bacteria,superkingdom,
G_r017_indel_2pct,2,markers,0.2536232,0.8405797,0.5555556,1.25,0.6672436053936298,1.6925960834209735,520.0,0.5987778970096476,0.31327200376627046,0.003160023276781345,0.12304778,Geobacteraceae,family,
G_r046_substitution_titv_0p5pct,3,markers + neural network,1.0,0.0942029,0.5185185,0.06481481,0.9953993161519369,0.06845858693122864,768.0,0.996793358792913,0.04098229038261729,0.0012272471644933628,0.7145214,Sulfolobaceae,family,
G_r027_substitution_5pct,3,markers + neural network,0.46376812,0.26811594,0.8240741,0.2962963,0.8245614035087719,0.29678362573099415,342.0,0.7906869749275028,0.2231924222447808,0.001409118907513466,0.34959581,Synergistales,order,
G_r057_chimera_10pct,3,markers + neural network,0.5217391,0.072463766,0.9814815,0.027777778,0.9355300859598854,0.0,349.0,0.9308343994090938,0.0,0.0009531487300431865,0.61077005,Bacteria,superkingdom,
G_r022_indel_0p5pct,2,markers,0.48550725,0.5217391,0.8240741,0.7314815,0.7740213523131673,1.0373665480427046,281.0,0.7123367115454056,0.2576999003436973,0.002152612782982194,0.17986523,Bacteria,superkingdom,
G_r028_substitution_5pct,2,markers,0.4057971,0.23913044,0.6481481,0.12962963,0.810580204778157,0.39078498293515357,293.0,0.781030357187372,0.24381306054334492,0.00120247165448568,0.31147432,Bacteria,superkingdom,
G_r007_substitution_5pct,2,markers,0.2753623,0.2173913,0.5555556,0.2777778,0.7801201347832207,0.5284384237753378,555.0,0.7490046924021265,0.31036981973117733,0.0016851403301837175,0.34738353,Borreliaceae,family,
G_r011_indel_2pct,2,markers,0.6956522,1.0289855,0.39814815,0.712963,0.6486720354908491,1.063413095664218,502.0,0.679338397262908,0.278043954691519,0.0025006300352006764,0.1783276,Sulfolobaceae,family,
G_r071_chimera_10pct,3,markers + neural network,0.48550725,0.08695652,0.8888889,0.018518519,0.8884333180328273,0.015247107304233105,317.0,0.8741531857222947,0.0011855778671325881,0.0010023254326320661,0.5209264,Treponema,genus,
G_r006_substitution_2pct,2,markers,0.442029,0.18115942,0.9351852,0.17592593,1.0,0.4077519261559775,215.0,1.0,0.25700998475003645,0.0013898298590489593,0.479971,Bacteria,superkingdom,
G_r024_chimera_40pct,3,markers + neural network,0.5217391,0.28985506,0.962963,0.4537037,0.904331003706859,0.22080432511261058,431.0,0.8695879921485938,0.16611429573125042,0.0009174294209255018,0.3942656,Myxococcales,order,
G_r068_uneven_coverage_10pct,3,markers + neural network,0.28985506,0.10144927,0.7037037,0.083333336,0.8432177855236695,0.08632838183110303,1010.0,0.8160990098345193,0.10651320712936284,0.001315948683643805,0.68728626,Campylobacter,genus,
G_r029_none_control,2,markers,0.26086956,0.0,0.44444445,0.037037037,0.5903723610194568,0.01634877384196185,367.0,0.6319611294074259,0.018709366835581935,0.0013179501244928564,0.4224574,Bacteria,superkingdom,
G_r004_indel_0p5pct,2,markers,0.44927537,0.5942029,0.8796296,0.9351852,0.846185064935065,1.1228084811916599,616.0,0.897996792121031,0.23380167756309927,0.0028302574419079274,0.2480797,Helicobacter,genus,
G_r012_uneven_coverage_10pct,3,markers + neural network,0.28985506,0.13043478,0.6203704,0.16666667,0.6282287822878229,0.18450184501845018,271.0,0.6382507608131489,0.2344546140406374,0.0011943164735798686,0.3335825,Bacteria,superkingdom,
G_r025_none_control,3,markers + neural network,0.8333333,0.04347826,0.6388889,0.018518519,0.829004329004329,0.06493506493506493,231.0,0.7913749827676271,0.20243379965566488,0.0010171810533293494,0.43659595,Archaea,superkingdom,
G_r022_chimera_5pct,3,markers + neural network,0.48550725,0.07971015,0.8240741,0.046296295,0.8170347003154574,0.12460567823343849,317.0,0.7864171429517666,0.23271271233324892,0.001020165306740084,0.42624095,Bacteria,superkingdom,
G_r060_substitution_titv_1pct,2,markers,0.46376812,0.02173913,0.2037037,0.009259259,0.5843137254901961,0.0633986977969899,255.0,0.6547735488892784,0.0910736236578899,0.0011991376750609233,0.346405,Archaea,superkingdom,
G_r037_indel_2pct,2,markers,0.49275362,1.0507246,0.9444444,1.4722222,0.7630491271499515,1.3830749038578003,645.0,0.7458558701933751,0.29108818088469884,0.002589906162628662,0.14215022,Streptomyces,genus,
G_r016_substitution_titv_2pct,3,markers + neural network,0.46376812,0.1884058,0.8981481,0.21296297,0.8727758007117438,0.17615658362989323,281.0,0.8667565420623777,0.21235430963144122,0.001497439146734252,0.47195527,Bacteria,superkingdom,
G_r072_indel_0p5pct,2,markers,0.39130434,0.442029,0.7314815,0.7407407,0.6899494310998736,0.9681256049502213,791.0,0.7314287899067019,0.29460145254880393,0.0027732427604468175,0.20267771,Fusobacterium,genus,
G_r026_substitution_titv_2pct,2,markers,0.6594203,0.38405797,0.8425926,0.39814815,0.8789473684210526,0.3447368421052632,190.0,0.8198930006925582,0.2096460749659995,0.0008250503828881984,0.30487,Bacteria,superkingdom,
G_r067_substitution_0p5pct,3,markers + neural network,0.47826087,0.0942029,1.0,0.083333336,0.9977203647416414,0.15265958142497982,658.0,1.0,0.16659278285381593,0.0012250477287209715,0.623145,Weeksellaceae,family,
G_r079_substitution_0p5pct,3,markers + neural network,0.48550725,0.08695652,0.9537037,0.083333336,1.0,0.1512455516014235,281.0,1.0,0.12322769923969043,0.0011389206354228045,0.40905535,Bacteria,superkingdom,
G_r045_substitution_titv_0p1pct,3,markers + neural network,0.46376812,0.057971016,0.9444444,0.027777778,0.9962121212121212,0.015151515151515152,264.0,0.9945264463166681,0.015759268683238903,0.0008821535877955265,0.600077,Bacteria,superkingdom,
G_r000_none_control,3,markers + neural network,0.42028984,0.1521739,0.6759259,0.18518518,0.6510355780014446,0.10270005943131273,1644.0,0.6270883076464987,0.1725577056530794,0.0012996201959893934,0.44373822,Klebsiella,genus,
G_r066_substitution_titv_2pct,3,markers + neural network,0.49275362,0.5507246,0.8796296,0.6018519,0.8680293245135613,0.27693919055866745,795.0,0.822327891880106,0.23225529774841924,0.001266215473865747,0.45799488,Micromonospora,genus,
G_r040_chimera_10pct,3,markers + neural network,0.41304347,0.11594203,0.7685185,0.12962963,0.7163437503638459,0.0875558867362146,671.0,0.6954380995800926,0.10829363638927506,0.000996599487745884,0.37027666,Cyanophyceae,class,
G_r035_substitution_0p5pct,3,markers + neural network,0.41304347,0.057971016,0.8148148,0.046296295,0.7468879668049793,0.03734439834024896,241.0,0.7186254564628531,0.11572080103459276,0.0010656441173732972,0.4411932,Bacteria,superkingdom,
G_r014_substitution_0p1pct,3,markers + neural network,0.4347826,0.04347826,0.7222222,0.009259259,0.6411137075723953,0.023670933715678206,859.0,0.6260415685737308,0.028515269612739216,0.0014594909925767642,0.5176962,Thermus,genus,
G_r017_indel_0p1pct,2,markers,0.2536232,0.21014492,0.5648148,0.17592593,0.6803400255668186,0.3157389342441669,521.0,0.6407720172053619,0.28535060263945045,0.0015805575666239802,0.3219862,Geobacteraceae,family,
G_r078_uneven_coverage_5pct,3,markers + neural network,0.442029,0.04347826,0.8055556,0.037037037,0.7085328559654985,0.040886322197886564,865.0,0.6876785375818966,0.05430992416553908,0.0013959598761964362,0.56115,Thermus,genus,
G_r011_uneven_coverage_10pct,3,markers + neural network,0.73913044,0.123188406,0.42592594,0.018518519,0.6942411333601052,0.0903426838812427,535.0,0.6594880205693572,0.1273191326029534,0.001009458562686687,0.47652838,Sulfolobaceae,family,
G_r070_substitution_titv_5pct,2,markers,0.13043478,0.036231883,0.35185185,0.10185185,0.4679144385026738,0.17914438502673796,187.0,0.6372431395133866,0.1758661208222424,0.001511020365865784,0.27354813,Bacteria,superkingdom,
G_r040_indel_5pct,2,markers,0.39130434,0.65217394,0.7314815,0.9444444,0.6747863247863248,1.1860399555956196,585.0,0.6261626662041985,0.2719100585805077,0.0017610950685944832,0.15482682,Cyanophyceae,class,
G_r066_uneven_coverage_20pct,2,markers,0.49275362,0.46376812,0.8981481,0.5648148,0.8683980433305304,0.33827696455285905,799.0,0.8298812789005525,0.2697248487788838,0.001132410057728819,0.45664683,Micromonospora,genus,
G_r056_substitution_titv_5pct,2,markers,0.5,0.36231884,0.8888889,0.5648148,0.8816425120772947,0.5058373713838882,414.0,0.7974747708290877,0.26165501923458934,0.0016418671049478755,0.3206215,Thermotogae,class,
G_r067_substitution_titv_1pct,3,markers + neural network,0.47826087,0.13768116,1.0,0.12962963,0.9945904173106646,0.17470376016183467,647.0,0.9970574124054565,0.18301852258611423,0.0012486956683308904,0.6054466,Weeksellaceae,family,
G_r032_none_control,3,markers + neural network,0.45652175,0.04347826,0.7962963,0.0,0.8429292621034564,0.03939393939393939,330.0,0.838958381044328,0.03740035525120099,0.001105563698761872,0.49814633,Bacteria,superkingdom,
G_r016_chimera_10pct,3,markers + neural network,0.46376812,0.13768116,0.8981481,0.14814815,0.8908521609198778,0.07518796992481203,266.0,0.8829508045779075,0.14010380295542646,0.0013510041008852984,0.53615785,Bacteria,superkingdom,
G_r055_indel_0p5pct,2,markers,0.5072464,0.8768116,0.9814815,1.3796296,0.9352941176470588,1.616143798828125,510.0,0.8706487460269638,0.1989918025758607,0.0024736093276906627,0.15986373,Desulfovibrionaceae,family,
G_r013_indel_1pct,2,markers,0.21014492,0.24637681,0.39814815,0.3611111,0.49707602339181284,0.5497076023391813,171.0,0.703686806096496,0.29040030833770003,0.0012982294316003827,0.17490822,Bacteria,superkingdom,
G_r039_substitution_titv_0p1pct,3,markers + neural network,0.35507247,0.123188406,0.6018519,0.027777778,0.6519856448216056,0.0769243495551753,1009.0,0.6323181446465307,0.18994993671911717,0.0013183431562823408,0.51838136,Campylobacter,genus,
G_r024_substitution_titv_0p5pct,3,markers + neural network,0.5217391,0.3115942,0.962963,0.46296296,0.9020108180920099,0.26488785179474517,431.0,0.8707088028849195,0.19914627097047416,0.0009624148160080301,0.37527022,Myxococcales,order,
G_r054_chimera_40pct,3,markers + neural network,0.36956522,0.050724637,0.7314815,0.083333336,0.6567796610169492,0.13453389830508475,236.0,0.6696892756078043,0.18015428160308833,0.0007445355100034857,0.31340364,Bacteria,superkingdom,
G_r071_substitution_titv_5pct,3,markers + neural network,0.46376812,0.19565217,0.8240741,0.2685185,0.816403746980974,0.252628795732083,317.0,0.7818797305455799,0.20414172185451712,0.0011471946176394225,0.3722658,Treponema,genus,
G_r071_indel_5pct,2,markers,0.42028984,0.5,0.6944444,0.6481481,0.6816939890710383,0.6755464480874317,366.0,0.7361463798163338,0.2595759846045721,0.0013666607232998952,0.2240096,Spirochaetales,order,
G_r058_chimera_40pct,3,markers + neural network,0.942029,0.007246377,0.5185185,0.037037037,0.8986546811501541,0.002242152466367713,446.0,0.8954759282319424,0.0,0.0009062415307472286,0.6562382,Methanobacteriaceae,family,
G_r001_uneven_coverage_10pct,3,markers + neural network,0.44927537,0.057971016,0.7407407,0.037037037,0.732576202234456,0.09421415971350794,965.0,0.6939509150385257,0.15848206101069448,0.0012042160869297645,0.5097633,Lacticaseibacillus paracasei,species,
G_r059_substitution_titv_1pct,3,markers + neural network,0.3043478,0.13768116,0.6018519,0.018518519,0.7049808429118773,0.06896551724137931,261.0,0.6827086153738744,0.0670624668050755,0.0011655161975955306,0.38085574,Bacteria,superkingdom,
G_r066_indel_5pct,2,markers,0.45652175,0.82608694,0.7962963,1.212963,0.7253633338034315,0.9131698400513028,734.0,0.7097669624699432,0.2919269482362592,0.0016239843457533606,0.2142368,Micromonospora,genus,
G_r053_substitution_1pct,3,markers + neural network,1.0,0.050724637,0.5185185,0.055555556,0.9972543229381178,0.10118067205639608,607.0,1.0,0.08621631681359052,0.0013577572244433634,0.6566348,Thermococcaceae,family,
G_r006_substitution_titv_0p1pct,3,markers + neural network,0.44927537,0.04347826,0.9351852,0.018518519,1.0,0.0367965367965368,231.0,1.0,0.014196048071331395,0.0010798176849753818,0.6666353,Bacteria,superkingdom,
G_r007_substitution_titv_1pct,3,markers + neural network,0.2753623,0.036231883,0.5648148,0.046296295,0.7936912858989876,0.0798708956006547,568.0,0.7805948184906191,0.12359835445334535,0.001209682509183068,0.61563015,Borreliaceae,family,
G_r020_uneven_coverage_20pct,2,markers,0.19565217,0.0942029,0.46296296,0.11111111,0.5579229990641276,0.11900252284425678,528.0,0.6258190973534773,0.1471618998326313,0.001167419553001091,0.3290861,Desulfovibrionaceae,family,
G_r049_substitution_2pct,3,markers + neural network,0.24637681,0.08695652,0.5648148,0.074074075,0.7075646597330253,0.09692532496082311,683.0,0.6794774262380909,0.1393103082387768,0.0011757484347322822,0.45790768,Deinococcus,genus,
G_r041_substitution_titv_2pct,3,markers + neural network,0.23913044,0.057971016,0.6296296,0.083333336,0.708994708994709,0.17989417989417988,189.0,0.7098457838533905,0.19733194616131067,0.0012515530219980998,0.43321475,Bacteria,superkingdom,
G_r002_chimera_20pct,3,markers + neural network,0.36956522,0.04347826,0.8148148,0.009259259,0.8119612068965517,0.014727010809142014,464.0,0.8053201901517432,0.015423942246974902,0.0011390807234933186,0.5185087,Microbacteriaceae,family,
G_r002_substitution_0p5pct,3,markers + neural network,0.36956522,0.057971016,0.8055556,0.046296295,0.8035714285714286,0.06024531162146366,462.0,0.7920945643916675,0.08044205484708093,0.001173754812874268,0.49604103,Microbacteriaceae,family,
G_r055_substitution_2pct,2,markers,0.5072464,0.28985506,0.9814815,0.4537037,0.9225489512211135,0.44946776317949055,595.0,0.8868989354896355,0.26723030026988565,0.0013855566927442162,0.33672753,Desulfovibrionaceae,family,
G_r009_substitution_2pct,3,markers + neural network,0.8115942,0.10144927,0.4814815,0.11111111,0.7451171875,0.1611328125,512.0,0.6919314724829592,0.18132671067096306,0.0013210615882382393,0.42558014,Methanosarcinaceae,family,
G_r008_chimera_10pct,3,markers + neural network,0.3478261,0.08695652,0.6296296,0.027777778,0.7619492558707968,0.10900584438390899,855.0,0.7296583942126933,0.2116891487061322,0.001131860828263021,0.52118266,Fusobacterium,genus,
G_r053_substitution_titv_5pct,2,markers,0.9927536,0.22463769,0.5277778,0.17592593,0.9840579846232232,0.36442905285685356,598.0,0.9791394801773142,0.2536878119151964,0.001540035994566775,0.4978543,Thermococcus,genus,
G_r024_substitution_2pct,2,markers,0.5217391,0.42028984,0.962963,0.6574074,0.907888602767909,0.44122197622489484,431.0,0.851230252211802,0.23714475002747112,0.0010907822312687802,0.33444193,Myxococcales,order,
G_r017_substitution_titv_5pct,2,markers,0.2536232,0.22463769,0.5648148,0.25925925,0.682669100554093,0.38197462109551916,552.0,0.6446195074182774,0.27463634854279806,0.0015145980670249848,0.30741876,Geobacteraceae,family,
G_r028_chimera_5pct,3,markers + neural network,0.42753622,0.07971015,0.6851852,0.009259259,0.8477298064881384,0.023255813953488372,301.0,0.8496144700079412,0.015576055354538938,0.0010014759443699916,0.46295217,Bacteria,superkingdom,
G_r076_uneven_coverage_40pct,2,markers,0.48550725,0.26811594,0.9074074,0.18518518,0.9428251121076233,0.3071748878923767,223.0,0.9415919089934228,0.1744526266877568,0.0008657685589254765,0.3243856,Bacteria,superkingdom,
G_r076_substitution_0p5pct,3,markers + neural network,0.48550725,0.10869565,0.9074074,0.046296295,0.904639175257732,0.08877434353648182,291.0,0.8999992499470473,0.08119060854788299,0.0009048108608184215,0.40897295,Bacteria,superkingdom,
G_r078_chimera_5pct,3,markers + neural network,0.442029,0.04347826,0.8055556,0.0,0.7070492430229407,0.007610789613227624,865.0,0.6977742353847678,0.0,0.0013958969329811296,0.5859698,Thermus,genus,
G_r061_none_control,3,markers + neural network,0.44927537,0.0942029,0.8518519,0.0,0.8687258687258688,0.05019305019305019,259.0,0.8301333324767637,0.08507050776250843,0.0007359390343653329,0.40452978,Bacteria,superkingdom,
G_r053_substitution_titv_0p1pct,3,markers + neural network,1.0,0.007246377,0.5185185,0.027777778,1.0,0.014737406727585379,622.0,1.0,0.011238181040894336,0.0012468526715369505,0.75157046,Thermococcus,genus,
G_r007_substitution_titv_0p1pct,3,markers + neural network,0.2753623,0.014492754,0.5648148,0.018518519,0.7899024950247419,0.011187607573149742,581.0,0.7845713856659288,0.04120729536197318,0.0011325433346844377,0.68285227,Borrelia,genus,
G_r001_uneven_coverage_40pct,3,markers + neural network,0.44927537,0.0942029,0.7407407,0.074074075,0.7422083299829022,0.2631876605561857,923.0,0.6669696096249329,0.3148466921084843,0.0011905535910840474,0.4061676,Lacticaseibacillus,genus,
G_r052_substitution_5pct,3,markers + neural network,0.18115942,0.11594203,0.4814815,0.055555556,0.6784188197209284,0.2948717948717949,312.0,0.6799148693232966,0.23003996024373294,0.00132186547827337,0.31001267,Bacteria,superkingdom,
G_r036_chimera_20pct,2,markers,0.26086956,0.007246377,0.5462963,0.0,0.57630742783299,0.020336605890603085,713.0,0.6074643056335536,0.06537387669083869,0.0012972335511768464,0.48337704,Leuconostoc,genus,
G_r039_indel_1pct,2,markers,0.35507247,0.73188406,0.5925926,0.6388889,0.6619984269544432,1.5528122308686023,889.0,0.6415309576652933,0.2878208002725277,0.0038924711701844392,0.14445198,Campylobacter,genus,
G_r065_indel_0p1pct,2,markers,0.49275362,0.26811594,1.0,0.37962964,0.9948119325551232,0.3303980647976451,771.0,0.9945866313557106,0.2509206590544036,0.0017668956609701422,0.5135801,Streptococcus,genus,
G_r047_none_control,2,markers,0.19565217,0.08695652,0.46296296,0.1574074,0.5957556777859326,0.07129917381713109,644.0,0.6139916627695393,0.13232695298573605,0.001174295046409855,0.43593442,Chlorobiaceae,family,
G_r036_none_control,2,markers,0.26086956,0.007246377,0.5462963,0.0,0.57630742783299,0.020336605890603085,713.0,0.6074643056335536,0.06537387669083869,0.0012972335511768464,0.48337704,Leuconostoc,genus,
G_r008_chimera_5pct,3,markers + neural network,0.3478261,0.08695652,0.6296296,0.027777778,0.7619492558707968,0.10900584438390899,855.0,0.7296583942126933,0.2116891487061322,0.001131860828263021,0.52118266,Fusobacterium,genus,
G_r053_indel_2pct,2,markers,0.9710145,1.6376811,0.5092593,0.962963,0.9612341772151899,1.9943754944620253,632.0,0.9032578403344625,0.17184998496765358,0.003391511446625704,0.18868266,Thermococcus,genus,
G_r046_indel_5pct,2,markers,0.76086956,0.8115942,0.44444445,0.6203704,0.8040371533506405,1.1400474406177212,644.0,0.8541946762891117,0.22454720081899635,0.002095327672801155,0.21446627,Sulfolobaceae,family,
G_r009_substitution_titv_0p1pct,3,markers + neural network,0.8115942,0.02173913,0.4814815,0.037037037,0.741894543170929,0.013997395522892475,512.0,0.7263901959168839,0.0,0.0011088986014592649,0.50736314,Methanosarcinaceae,family,
G_r067_substitution_titv_2pct,3,markers + neural network,0.48550725,0.1884058,1.0,0.2037037,0.9948377581120944,0.282350050664581,678.0,0.9988441812406319,0.23918720131587196,0.0013542668273037422,0.5465367,Weeksellaceae,family,
G_r051_substitution_titv_5pct,2,markers,0.47826087,0.36956522,0.8888889,0.3888889,0.9226415094339623,0.4339622641509434,265.0,0.9178390932726496,0.2182365846754825,0.0011102073150892281,0.31809014,Bacteria,superkingdom,
G_r070_substitution_titv_0p5pct,2,markers,0.13768116,0.014492754,0.3611111,0.009259259,0.4775475220359051,0.010362694300518135,193.0,0.6182192571854805,0.06650167785311648,0.0011413175145325429,0.3895336,Bacteria,superkingdom,
G_r064_uneven_coverage_5pct,3,markers + neural network,0.5072464,0.10144927,1.0,0.037037037,1.0,0.07646520321185772,728.0,1.0,0.07110702194124104,0.0011412017732519862,0.6283829,Xanthomonadaceae,family,
G_r051_substitution_2pct,3,markers + neural network,0.5,0.24637681,0.9259259,0.21296297,0.9817073170731707,0.2757452367767086,246.0,1.0,0.1984320195924206,0.0011048316935329857,0.35303026,Bacteria,superkingdom,
G_r072_chimera_10pct,3,markers + neural network,0.39130434,0.050724637,0.7314815,0.0,0.6826643756436154,0.016687789646240545,789.0,0.6791626597833117,0.046000941914696024,0.0011765818818215144,0.56002253,Fusobacterium,genus,
G_r028_indel_1pct,2,markers,0.42028984,0.65217394,0.6944444,0.6851852,0.860248447204969,1.3478260869565217,322.0,0.8330894106217896,0.2601719347239832,0.0021714385780579634,0.17748056,Bacteria,superkingdom,
G_r041_substitution_1pct,3,markers + neural network,0.23913044,0.04347826,0.6296296,0.06481481,0.7290679787007553,0.0995260663507109,211.0,0.7178946201714366,0.1612412503559806,0.0011601987868157567,0.46770018,Bacteria,superkingdom,
G_r023_substitution_titv_5pct,3,markers + neural network,0.9202899,0.23188406,0.5277778,0.1388889,0.9314713251023066,0.2793040013575292,546.0,0.9283233687561488,0.21651226002006677,0.001338135958279487,0.45728073,Methanobacteriaceae,family,
G_r008_substitution_titv_5pct,2,markers,0.3478261,0.23913044,0.6203704,0.17592593,0.7533490955475253,0.5147245318654318,841.0,0.7178956672678927,0.3081228582289425,0.0015833786256534167,0.32912892,Fusobacterium,genus,
G_r061_substitution_titv_0p5pct,3,markers + neural network,0.442029,0.123188406,0.8425926,0.055555556,0.8847826086956522,0.08260869565217391,230.0,0.8548549128801015,0.1129629448891658,0.0007572383498307658,0.3863536,Bacteria,superkingdom,
G_r046_chimera_20pct,3,markers + neural network,1.0,0.007246377,0.5185185,0.018518519,1.0,0.01171875,768.0,1.0,0.0,0.0011743517464487523,0.77708673,Sulfolobaceae,family,
G_r071_uneven_coverage_40pct,3,markers + neural network,0.48550725,0.16666667,0.8888889,0.12962963,0.894288202076007,0.26947997110274136,391.0,0.8980391243077593,0.20201055369708848,0.0009558276594014805,0.42315406,Treponema,genus,
G_r068_substitution_1pct,3,markers + neural network,0.28985506,0.1594203,0.7037037,0.10185185,0.841737411045792,0.13915841886312655,1010.0,0.8068931371772974,0.17752034443635814,0.0015227134643593329,0.64693147,Campylobacter,genus,
G_r021_chimera_5pct,3,markers + neural network,0.5,0.06521739,0.9537037,0.027777778,1.0,0.045857991927709334,507.0,1.0,0.033925862692457204,0.0012008324011853492,0.67255783,Thermotogales,order,
G_r037_substitution_0p1pct,3,markers + neural network,0.49275362,0.1594203,0.9537037,0.14814815,0.7757443250709187,0.09394826372406319,683.0,0.7025567828295283,0.10303808832979669,0.0011212857762661996,0.41781402,Streptomyces,genus,
G_r054_indel_1pct,2,markers,0.33333334,0.41304347,0.6851852,0.787037,0.6576354679802956,1.0172413793103448,203.0,0.6281432868550222,0.2817643964738747,0.0015475679612255546,0.14905109,Bacteria,superkingdom,
G_r009_none_control,3,markers + neural network,0.8115942,0.02173913,0.4814815,0.037037037,0.741406261920929,0.008138020522892475,512.0,0.7290839135623461,0.0,0.001104932938154985,0.50849026,Methanosarcinaceae,family,
G_r040_substitution_2pct,3,markers + neural network,0.41304347,0.2173913,0.7685185,0.25925925,0.7160053071521577,0.27420634920634923,630.0,0.6997877606521852,0.20503795479502432,0.0012127720819810174,0.2958662,Cyanophyceae,class,
G_r047_substitution_titv_5pct,2,markers,0.19565217,0.16666667,0.4537037,0.24074075,0.5866719759427584,0.2568108974358974,624.0,0.6287507399506103,0.24112860388328494,0.0014349920226725264,0.34070435,Chlorobiaceae,family,
G_r062_substitution_2pct,3,markers + neural network,0.46376812,0.10869565,0.7962963,0.1388889,0.7290026446965736,0.16338582677165353,254.0,0.6882400770351058,0.19375331888704836,0.0014777281207309552,0.40935472,Bacteria,superkingdom,
G_r069_indel_0p5pct,2,markers,0.4347826,0.615942,0.8611111,1.0092592,0.7535885167464115,1.0743753776976177,627.0,0.7637581304225378,0.31158527956912824,0.002511278798886467,0.19478555,Cyanophyceae,class,
G_r051_substitution_5pct,2,markers,0.48550725,0.35507247,0.8796296,0.37037036,0.8820058997050148,0.4247787610619469,339.0,0.8786736336013764,0.2039104501366286,0.0011385000601220833,0.3053704,Bacteria,superkingdom,
G_r074_indel_0p5pct,2,markers,0.42753622,0.3768116,0.7407407,0.44444445,0.8561643835616438,0.6522070479719606,219.0,0.8525050725210517,0.20693528792772675,0.0021653314545943157,0.24692214,Bacteria,superkingdom,
G_r035_substitution_titv_2pct,3,markers + neural network,0.4057971,0.13768116,0.7962963,0.14814815,0.7581967213114754,0.12192622950819672,244.0,0.7321203851196407,0.1751894274199168,0.0010971590396890137,0.40686136,Bacteria,superkingdom,
G_r028_substitution_1pct,3,markers + neural network,0.42753622,0.123188406,0.6851852,0.09259259,0.8493909360562448,0.14451827242524917,301.0,0.8471436728937597,0.151879739429029,0.001076108399734664,0.41706237,Bacteria,superkingdom,
G_r029_indel_1pct,2,markers,0.2536232,0.2753623,0.4351852,0.49074075,0.5734024443156979,0.9705525926975389,386.0,0.6285706603418376,0.3739696211934275,0.0030963905916266857,0.1880338,Bacteria,superkingdom,
G_r062_substitution_titv_0p1pct,3,markers + neural network,0.46376812,0.050724637,0.8055556,0.009259259,0.730576479345336,0.018796992481203006,266.0,0.708707263463848,0.027761899421547644,0.001275273691898417,0.48259676,Bacteria,superkingdom,
G_r025_indel_5pct,2,markers,0.5942029,0.45652175,0.5092593,0.4814815,0.640625,0.7586805820465088,192.0,0.6401851733609976,0.27726640383286405,0.0016568384865509782,0.19202021,Archaea,superkingdom,
G_r004_substitution_titv_5pct,2,markers,0.44927537,0.2173913,0.8703704,0.28703704,0.8265866761443497,0.37816090276395004,667.0,0.7482264959988221,0.2735544642944721,0.0017521086890451665,0.44170934,Helicobacter,genus,
G_r003_indel_0p5pct,2,markers,0.2753623,0.5652174,0.5462963,0.9444444,0.6756756756756757,0.8581081081081081,370.0,0.6645674911036141,0.2595770697357773,0.0018655654952515193,0.17499685,Bacteroidota,phylum,
G_r005_uneven_coverage_20pct,3,markers + neural network,0.32608697,0.10869565,0.6018519,0.027777778,0.6302810047948083,0.10731589516928029,688.0,0.643473380654118,0.1490499163697774,0.0011732185160867369,0.4240578,Synechococcales,order,
G_r064_indel_0p5pct,2,markers,0.5072464,0.64492756,0.9907407,0.8148148,0.9829001367989056,0.999329030758379,731.0,0.9925247525530999,0.25355951343517225,0.0021029743456601815,0.28449613,Xanthomonadaceae,family,
G_r077_none_control,3,markers + neural network,0.4057971,0.02173913,0.712963,0.018518519,0.8167808219178082,0.03424657534246575,146.0,0.7624446481211469,0.15212074180933188,0.0007605262613427925,0.3681569,Bacteria,superkingdom,
G_r002_substitution_1pct,3,markers + neural network,0.36956522,0.06521739,0.8055556,0.06481481,0.8089080021299165,0.09446839628548458,464.0,0.7953812652728699,0.1227839890455382,0.0012106421420029377,0.4735811,Microbacteriaceae,family,
G_r006_none_control,3,markers + neural network,0.44927537,0.04347826,0.9351852,0.0,1.0,0.015151515151515152,231.0,1.0,0.0,0.0010676261949837244,0.68084866,Bacteria,superkingdom,
G_r037_indel_1pct,2,markers,0.49275362,0.8695652,0.9259259,1.3148148,0.7806859205776173,1.2298436354213673,554.0,0.7536660350540472,0.28412050924565085,0.0024995988181655136,0.14790227,Streptomyces,genus,
G_r046_indel_0p5pct,2,markers,0.9927536,0.8623188,0.5185185,0.5555556,0.9870239602157528,1.1517126516495504,709.0,1.0,0.24588060715911933,0.0024597458568690156,0.2903407,Sulfolobaceae,family,
G_r018_uneven_coverage_5pct,3,markers + neural network,0.98550725,0.29710144,0.6851852,0.4814815,0.9513869794827063,0.14761520435123382,618.0,0.9459065365729473,0.23336967701870415,0.0012119974035575507,0.5725142,Thermococcus,genus,
G_r011_chimera_40pct,3,markers + neural network,0.73913044,0.0,0.42592594,0.018518519,0.6888828741055782,0.012149532710280374,535.0,0.688212387783981,0.0,0.0010128577111041504,0.5234452,Sulfolobaceae,family,
G_r016_substitution_titv_0p5pct,3,markers + neural network,0.46376812,0.16666667,0.8981481,0.18518518,0.8908521609198778,0.11654135338345864,266.0,0.8873274852211382,0.19296670446272085,0.001404509213791647,0.51719433,Bacteria,superkingdom,
G_r046_chimera_10pct,3,markers + neural network,1.0,0.007246377,0.5185185,0.018518519,1.0,0.01171875,768.0,1.0,0.0,0.0011743517464487523,0.77708673,Sulfolobaceae,family,
G_r013_none_control,2,markers,0.21014492,0.014492754,0.4537037,0.0,0.577639751552795,0.018633540372670808,161.0,0.6361497951726625,0.05630913745815403,0.0007379904800268966,0.34431696,Bacteria,superkingdom,
G_r053_substitution_5pct,2,markers,0.95652175,0.26811594,0.5,0.1574074,0.9708265802269044,0.4567955177838837,617.0,0.9588232532456961,0.2662667109797045,0.0016476463528324035,0.46795425,Thermococcus,genus,
G_r039_chimera_5pct,3,markers + neural network,0.35507247,0.11594203,0.6018519,0.018518519,0.6562781654327754,0.068297103459656,1012.0,0.6402043887673919,0.18315083522054543,0.0012970684879612829,0.52787954,Campylobacter,genus,
G_r068_indel_0p1pct,2,markers,0.28985506,0.2536232,0.7037037,0.2685185,0.8466808356861076,0.3113613921816986,1010.0,0.78645649065226,0.27520680851265683,0.0017937411468081615,0.5301282,Campylobacter,genus,
G_r049_uneven_coverage_10pct,3,markers + neural network,0.24637681,0.036231883,0.5740741,0.027777778,0.7107649690112082,0.09338905891024234,658.0,0.6770528800045849,0.14018420727229483,0.0010797038945550845,0.46226397,Deinococcus,genus,
G_r010_none_control,3,markers + neural network,0.4347826,0.057971016,0.9166667,0.06481481,0.9299242424242424,0.0625,264.0,0.9346153674544435,0.07603384998570782,0.0008887607242522585,0.54463196,Bacteria,superkingdom,
G_r030_chimera_5pct,3,markers + neural network,0.42028984,0.08695652,0.7962963,0.055555556,0.8362068965517241,0.04310344827586207,232.0,0.797613206308688,0.06956417393088829,0.0007150425553680932,0.38561362,Bacteria,superkingdom,
G_r053_indel_0p5pct,2,markers,1.0,0.9347826,0.5185185,0.6018519,0.99836867862969,1.2560241599650794,613.0,1.0,0.23473711319522989,0.002641070792227894,0.25194985,Thermococcus,genus,
G_r027_substitution_titv_0p1pct,3,markers + neural network,0.48550725,0.07971015,0.8611111,0.0,0.8923001651875457,0.01471734883492453,342.0,0.8827501251344486,0.0,0.0011538209506834593,0.49407238,Synergistales,order,
G_r005_uneven_coverage_5pct,3,markers + neural network,0.32608697,0.06521739,0.6018519,0.018518519,0.6297405037337435,0.041916164809358336,668.0,0.6374003298315027,0.09377978331191222,0.0011837521561199986,0.45911002,Synechococcales,order,
G_r047_uneven_coverage_20pct,3,markers + neural network,0.19565217,0.11594203,0.46296296,0.3148148,0.6013199231639412,0.21001552795031056,644.0,0.616383695756985,0.2546951577834456,0.0011818265206119621,0.36181194,Chlorobiaceae,family,
G_r064_chimera_40pct,3,markers + neural network,0.5072464,0.10144927,1.0,0.0,1.0,0.014194140067467323,728.0,1.0,0.007758467133773254,0.0011333504266291912,0.6805078,Xanthomonadaceae,family,
G_r054_substitution_titv_1pct,3,markers + neural network,0.36231884,0.04347826,0.712963,0.074074075,0.6634980988593155,0.16730038022813687,263.0,0.688886320059825,0.1800037434125367,0.0007892744150888969,0.2980568,Bacteria,superkingdom,
G_r024_substitution_1pct,2,markers,0.5217391,0.35507247,0.962963,0.5648148,0.8996906324771606,0.351701493053038,431.0,0.8475649266780948,0.2346608892197896,0.0010145569784900516,0.35710117,Myxococcales,order,
G_r035_indel_0p5pct,2,markers,0.41304347,0.49275362,0.8055556,0.6851852,0.7662835249042146,0.6347381474871289,261.0,0.7957437780144399,0.2520399215414813,0.0018807283974596242,0.2406654,Bacteria,superkingdom,
G_r004_substitution_titv_0p5pct,3,markers + neural network,0.44927537,0.08695652,0.8703704,0.074074075,0.840215080015121,0.07258064516129033,620.0,0.8283866752430484,0.07472474932582525,0.0013002337359636343,0.63825077,Helicobacter,genus,
G_r016_indel_5pct,2,markers,0.39130434,0.6666667,0.712963,1.1296296,0.741106719367589,1.158102766798419,253.0,0.7152301602911252,0.3449286704281678,0.002323015314719636,0.21078786,Bacteria,superkingdom,
G_r052_substitution_titv_2pct,3,markers + neural network,0.20289855,0.07971015,0.5092593,0.055555556,0.6871585116360357,0.1051912568306011,366.0,0.6678909692439741,0.12780120350704632,0.001252616557329341,0.38598153,Bacteria,superkingdom,
G_r076_substitution_titv_5pct,3,markers + neural network,0.45652175,0.23188406,0.8333333,0.19444445,0.9018181818181819,0.28909090909090907,275.0,0.9055772926550706,0.18334841512692013,0.0009290009122737491,0.33928704,Bacteria,superkingdom,
G_r042_uneven_coverage_20pct,3,markers + neural network,0.2826087,0.18115942,0.5833333,0.28703704,0.6953642674640611,0.17187031131549024,1113.0,0.632782567709932,0.23463016395702,0.000907929705901883,0.4779283,Leptospira,genus,
G_r067_substitution_0p1pct,3,markers + neural network,0.47826087,0.057971016,1.0,0.046296295,0.9992435703479576,0.06568331004271168,661.0,1.0,0.09420705446256022,0.001152837055983541,0.68352306,Weeksellaceae,family,
G_r042_uneven_coverage_40pct,3,markers + neural network,0.2826087,0.38405797,0.5833333,0.6851852,0.6988543487302056,0.26587303415248764,1113.0,0.6417327261775849,0.2704351138340221,0.0009023650838715518,0.43115318,Leptospira,genus,
G_r052_substitution_0p5pct,3,markers + neural network,0.20289855,0.04347826,0.5,0.027777778,0.6786085467472255,0.04984423676012461,321.0,0.658642895047232,0.053731309780238025,0.0011886270481025795,0.4168633,Bacteria,superkingdom,
G_r062_substitution_0p1pct,3,markers + neural network,0.46376812,0.050724637,0.8055556,0.009259259,0.730576479345336,0.015037593984962405,266.0,0.7091713499082943,0.021697544842063703,0.0012721201961222092,0.4837336,Bacteria,superkingdom,
G_r063_indel_0p1pct,2,markers,0.5072464,0.22463769,0.9351852,0.2685185,0.9898648648648649,0.35923421705091324,296.0,1.0,0.22481335111580622,0.0012514050078356615,0.37542936,Bacteria,superkingdom,
G_r075_substitution_titv_1pct,3,markers + neural network,0.9710145,0.1594203,0.5185185,0.12962963,0.8809749297856162,0.10876505565793024,637.0,0.8686867078733712,0.09944835624810539,0.0011041883713962882,0.57943445,Sulfolobaceae,family,
G_r012_substitution_titv_0p5pct,3,markers + neural network,0.28985506,0.057971016,0.6203704,0.12037037,0.6137865623063474,0.08120869104315134,353.0,0.6395254274720967,0.16652721124434064,0.0012282105362984561,0.35718268,Bacteria,superkingdom,
G_r031_substitution_titv_2pct,3,markers + neural network,0.5797101,0.11594203,0.4351852,0.12037037,0.6087824655864054,0.15718562874251496,167.0,0.6930740584320609,0.15583876186364465,0.0009238772046689272,0.27305686,Archaea,superkingdom,
G_r016_uneven_coverage_5pct,3,markers + neural network,0.46376812,0.23913044,0.8981481,0.25,0.8745551601423488,0.1298932384341637,281.0,0.8719357270671392,0.1835529616792761,0.0013523788323546412,0.50871336,Bacteria,superkingdom,
G_r003_uneven_coverage_10pct,3,markers + neural network,0.2753623,0.18115942,0.5462963,0.21296297,0.6271676300578035,0.14619461235972497,346.0,0.630503334555857,0.216980441438804,0.0009336714865100672,0.3534991,Bacteroidota,phylum,
G_r030_substitution_titv_5pct,3,markers + neural network,0.4057971,0.1884058,0.7407407,0.19444445,0.7346938775510204,0.21768706963986767,245.0,0.7502770833664749,0.1727556685572485,0.000751616266502562,0.29377526,Bacteria,superkingdom,
G_r076_indel_5pct,2,markers,0.4057971,0.49275362,0.6759259,0.5925926,0.7446894926183364,0.702614428950291,204.0,0.7452224099245639,0.2382311488708927,0.001007444121470889,0.21975029,Bacteria,superkingdom,
G_r029_substitution_1pct,2,markers,0.26086956,0.007246377,0.44444445,0.046296295,0.5903723610194568,0.06130790190735695,367.0,0.6459443789161712,0.08668878135007077,0.0014461831095786478,0.38425568,Bacteria,superkingdom,
G_r056_substitution_0p1pct,3,markers + neural network,0.5,0.1594203,0.9351852,0.25925925,0.9237147848404462,0.15547263681592038,402.0,0.9088898423857116,0.25108277683968605,0.0012934132949049808,0.4655268,Thermotogae,class,
G_r001_none_control,3,markers + neural network,0.44927537,0.04347826,0.7407407,0.0,0.7333485118129797,0.02129020607262327,912.0,0.721041758817401,0.035632511624587006,0.001209829763916244,0.5690119,Lacticaseibacillus,genus,
G_r038_uneven_coverage_40pct,2,markers,0.32608697,0.45652175,0.712963,1.2777778,0.7139175886960374,0.7434376510148196,970.0,0.6381130446872083,0.3401335113337189,0.001113596636954016,0.26636258,Bacteroides,genus,
G_r020_substitution_0p1pct,2,markers,0.19565217,0.057971016,0.46296296,0.037037037,0.5574127906976745,0.024709302325581394,344.0,0.6147548986233802,0.045461294210791335,0.0011665280837138286,0.37521976,Desulfovibrionales,order,
G_r051_substitution_titv_0p5pct,3,markers + neural network,0.5072464,0.17391305,0.9351852,0.16666667,0.9752650176678446,0.1495877592807945,283.0,1.0,0.12839766848997702,0.0010188217486331067,0.4054538,Bacteria,superkingdom,
G_r058_substitution_0p1pct,3,markers + neural network,0.942029,0.028985508,0.5185185,0.055555556,0.8986546811501541,0.019431988754614587,446.0,0.8963609710417911,0.0,0.0009213539520492947,0.6427117,Methanobacteriaceae,family,
G_r009_substitution_1pct,3,markers + neural network,0.8115942,0.123188406,0.4814815,0.09259259,0.751862513077282,0.08734746797006714,519.0,0.7222470203597482,0.10562012274883442,0.0012199371739791019,0.46210828,Methanosarcinaceae,family,
G_r054_substitution_titv_0p1pct,3,markers + neural network,0.36231884,0.050724637,0.7314815,0.083333336,0.6543478260869565,0.13804347826086957,230.0,0.6716384165644094,0.1793819324624891,0.0007487645607329523,0.31158698,Bacteria,superkingdom,
G_r067_chimera_40pct,3,markers + neural network,0.47826087,0.057971016,1.0,0.037037037,1.0,0.04551184880751525,661.0,1.0,0.07439957863179761,0.0011334119627325362,0.7004202,Weeksellaceae,family,
G_r007_none_control,3,markers + neural network,0.2753623,0.014492754,0.5648148,0.018518519,0.7899024950247419,0.00774526678141136,581.0,0.7850697592193865,0.03866169893000558,0.0011255306824572895,0.68791544,Borrelia,genus,
G_r058_substitution_titv_0p1pct,3,markers + neural network,0.942029,0.007246377,0.5185185,0.037037037,0.8986546811501541,0.01569506726457399,446.0,0.8960608729129057,0.0,0.0009213539520492947,0.64529914,Methanobacteriaceae,family,
G_r076_indel_1pct,2,markers,0.48550725,0.8623188,0.8611111,0.9814815,0.8613138686131386,1.22992700729927,274.0,0.8066956200095325,0.25821269665836033,0.0018036750296902564,0.18798713,Bacteria,superkingdom,
G_r066_substitution_titv_1pct,3,markers + neural network,0.49275362,0.5,0.8981481,0.537037,0.8599916918853645,0.21401752190237797,799.0,0.818345118602495,0.20224341020701533,0.0012107345440678773,0.494555,Micromonospora,genus,
G_r065_substitution_0p5pct,3,markers + neural network,0.49275362,0.08695652,1.0,0.06481481,0.9986631484728735,0.07903345066085361,773.0,1.0,0.059304307385771436,0.001459051646166099,0.67306584,Streptococcus,genus,
G_r078_substitution_titv_0p1pct,3,markers + neural network,0.442029,0.057971016,0.8055556,0.027777778,0.7070492430229407,0.015703276264874232,865.0,0.693106965043887,0.007476296459244802,0.0013998513152275352,0.5805293,Thermus,genus,
G_r065_chimera_20pct,3,markers + neural network,0.49275362,0.072463766,1.0,0.046296295,1.0,0.024509805547611792,782.0,1.0,0.007190660090963891,0.0013812421663943334,0.7287102,Streptococcus,genus,
G_r013_substitution_titv_0p1pct,2,markers,0.21014492,0.014492754,0.4537037,0.009259259,0.5744047619047619,0.03273809523809524,168.0,0.635183020072402,0.07489279741013816,0.0007369495907743903,0.34137198,Bacteria,superkingdom,
G_r028_uneven_coverage_20pct,3,markers + neural network,0.42753622,0.1594203,0.6851852,0.055555556,0.8580952671595982,0.17605442592075893,350.0,0.8583089962686984,0.15516038781937577,0.0010040805365993193,0.37707877,Bacteria,superkingdom,
G_r039_uneven_coverage_10pct,3,markers + neural network,0.35507247,0.13768116,0.6018519,0.074074075,0.6574310182111537,0.12720684006280109,1012.0,0.6418685083887578,0.2263308727363334,0.0013026836656070925,0.49815893,Campylobacter,genus,
G_r007_substitution_0p1pct,3,markers + neural network,0.2753623,0.028985508,0.5648148,0.037037037,0.7907630802226764,0.022375215146299483,581.0,0.7826555917758913,0.053393892924378454,0.0011416597825797303,0.67479336,Borrelia,genus,
G_r079_indel_2pct,2,markers,0.4710145,1.0289855,0.9351852,1.5833334,0.9732142857142857,2.0845238821847096,280.0,0.8331370862618925,0.22770195305570218,0.0025873332057645003,0.13360818,Bacteria,superkingdom,
G_r044_substitution_titv_0p1pct,3,markers + neural network,0.9637681,0.10144927,0.787037,0.10185185,0.8620331950207469,0.10961272211984975,482.0,0.8244366097751892,0.21074202409653306,0.0011689402365117915,0.44973347,Halobacteria,class,
G_r002_substitution_titv_0p1pct,3,markers + neural network,0.36956522,0.04347826,0.8148148,0.009259259,0.808982683982684,0.020202019513943494,462.0,0.800644567075533,0.025946218599976777,0.0011438760762800457,0.5149996,Microbacteriaceae,family,
G_r029_indel_0p1pct,2,markers,0.26086956,0.02173913,0.44444445,0.09259259,0.5684438040345822,0.12752161383285301,347.0,0.6436496279652373,0.1511863386639194,0.0016267190383122017,0.34917563,Bacteria,superkingdom,
G_r032_indel_1pct,2,markers,0.442029,0.7463768,0.7592593,0.962963,0.8644366197183099,1.4483568433304908,284.0,0.8302344352644002,0.2915591817372231,0.002618482944361587,0.16747989,Bacteria,superkingdom,
G_r000_indel_5pct,2,markers,0.39855072,0.7463768,0.6388889,1.0648148,0.5962232297152732,1.133731603465479,1519.0,0.6158022920982503,0.2927245318069811,0.002965530305236894,0.1570219,Klebsiella,genus,
G_r038_substitution_1pct,2,markers,0.32608697,0.20289855,0.712963,0.5185185,0.7059284525963018,0.3685029646427573,894.0,0.6470175507631027,0.2689628128530646,0.0012598471235001731,0.3142284,Bacteroides,genus,
G_r036_indel_2pct,2,markers,0.26086956,0.557971,0.5462963,0.9722222,0.5989325026835292,1.2751376569763688,484.0,0.6244132346859649,0.25774374141394624,0.004103945456070779,0.12962137,Lactobacillales,order,
G_r025_substitution_1pct,3,markers + neural network,0.82608694,0.10869565,0.6388889,0.10185185,0.828,0.176,250.0,0.7987172012222092,0.23699725075217198,0.0011505193936534215,0.38246605,Archaea,superkingdom,
G_r018_uneven_coverage_40pct,2,markers,0.98550725,0.8405797,0.6851852,0.712963,0.9494038488408826,0.5114567639482893,643.0,0.9241367537896829,0.29068717578306413,0.0011663429957073802,0.40351936,Thermococcus,genus,
G_r003_chimera_40pct,3,markers + neural network,0.2753623,0.18115942,0.5462963,0.2037037,0.6385542168674698,0.1197289156626506,332.0,0.6277255415004254,0.19569961434060668,0.0009378175595047012,0.37343732,Bacteroidota,phylum,
G_r076_substitution_titv_0p5pct,3,markers + neural network,0.47826087,0.0942029,0.9074074,0.018518519,0.9346289752650176,0.08510011329246495,283.0,0.9321198212298539,0.09042026219992441,0.000897090631630551,0.41521955,Bacteria,superkingdom,
G_r065_substitution_2pct,3,markers + neural network,0.49275362,0.19565217,0.9907407,0.23148148,0.9826432710310148,0.2972665018538759,797.0,0.9818741432225842,0.2283525714017747,0.00169545369617331,0.5378966,Streptococcus,genus,
G_r060_chimera_20pct,2,markers,0.46376812,0.014492754,0.2037037,0.0,0.5769720295913346,0.019083969465648856,262.0,0.6341090586845892,0.047199891494640024,0.0011218306308079114,0.3667904,Archaea,superkingdom,
G_r043_substitution_5pct,2,markers,0.5,0.5217391,0.9814815,0.8703704,0.975346687211094,0.9651772333036402,649.0,0.946285273199281,0.2497211416811347,0.0017753305377868874,0.32037073,Leptotrichia,genus,
G_r079_substitution_5pct,2,markers,0.48550725,0.29710144,0.9074074,0.4074074,0.9577464788732394,0.5950704225352113,284.0,0.8973351753251014,0.17982016659767036,0.0013610365232338492,0.2755636,Bacteria,superkingdom,
G_r019_indel_2pct,2,markers,0.36231884,0.5072464,0.6481481,0.6851852,0.629101069893424,0.9557087214912955,508.0,0.6268042974175899,0.3353797825815536,0.0019996254629868196,0.17751433,Acidobacteriaceae,family,
G_r059_chimera_10pct,3,markers + neural network,0.3043478,0.11594203,0.6111111,0.009259259,0.7030716723549488,0.023890784982935155,293.0,0.6909116956515982,0.0,0.0011189271354965222,0.40523013,Bacteria,superkingdom,
G_r008_none_control,3,markers + neural network,0.3478261,0.08695652,0.6296296,0.027777778,0.7619492558707968,0.10900584438390899,855.0,0.7296583942126933,0.2116891487061322,0.001131860828263021,0.52118266,Fusobacterium,genus,
G_r051_uneven_coverage_20pct,2,markers,0.5072464,0.5652174,0.9444444,0.5462963,0.9978070175438597,0.41885964912280704,228.0,1.0,0.19247431743973176,0.0010319778750733843,0.35275602,Bacteria,superkingdom,
G_r050_substitution_5pct,2,markers,0.45652175,0.34057972,0.8333333,0.30555555,0.7958909838979694,0.43548387096774194,434.0,0.7343605786134528,0.25992316095417484,0.0009540473473309504,0.29978848,Planctomycetaceae,family,
G_r026_substitution_titv_1pct,3,markers + neural network,0.6594203,0.3188406,0.8518519,0.33333334,0.8571428571428571,0.24134199134199133,231.0,0.8365942337481729,0.2091395225071581,0.0007952502504189964,0.31798947,Bacteria,superkingdom,
G_r059_none_control,3,markers + neural network,0.3043478,0.11594203,0.6111111,0.009259259,0.7030716723549488,0.023890784982935155,293.0,0.6909116956515982,0.0,0.0011189271354965222,0.40523013,Bacteria,superkingdom,
G_r068_substitution_titv_0p1pct,3,markers + neural network,0.28985506,0.08695652,0.7037037,0.0,0.8413672721031868,0.011551154486023554,1010.0,0.829307441061502,0.019374108937795086,0.001337891359083834,0.75865865,Campylobacter,genus,
G_r062_chimera_20pct,3,markers + neural network,0.46376812,0.050724637,0.8055556,0.009259259,0.730576479345336,0.015037593984962405,266.0,0.7082546721256251,0.021859772255744286,0.001267074602880277,0.4862783,Bacteria,superkingdom,
G_r021_indel_2pct,2,markers,0.47826087,0.8623188,0.8611111,1.1944444,0.9010624372626681,1.4618194701662102,502.0,0.8696298752350671,0.23442738652095801,0.0026037097477070777,0.225204,Thermotogales,order,
G_r051_chimera_10pct,3,markers + neural network,0.5072464,0.1521739,0.9444444,0.12037037,0.9832826747720365,0.11550151975683891,329.0,0.9997402484317153,0.1071556408184029,0.0010046753761166793,0.42906174,Bacteria,superkingdom,
G_r016_uneven_coverage_20pct,3,markers + neural network,0.46376812,0.19565217,0.8981481,0.32407406,0.8908521609198778,0.21052631578947367,266.0,0.8899678743358141,0.23353819868680833,0.0013124006312664636,0.46880817,Bacteria,superkingdom,
G_r069_substitution_titv_2pct,3,markers + neural network,0.4347826,0.18115942,0.8611111,0.2962963,0.7632849651834239,0.20676327028136324,690.0,0.7060359713163283,0.24165102985284498,0.001380605278250451,0.41248047,Cyanophyceae,class,
G_r071_indel_0p5pct,2,markers,0.47826087,0.49275362,0.8703704,0.6944444,0.8879781420765027,0.9140254786757173,366.0,0.8596038248575264,0.2886883776793275,0.0019136987248436095,0.2603322,Treponema,genus,
G_r017_none_control,3,markers + neural network,0.2536232,0.11594203,0.5648148,0.046296295,0.6741737821208897,0.08578980146948971,536.0,0.6291747362154981,0.14922874331018124,0.0012251342544321274,0.41851658,Geobacteraceae,family,
G_r018_substitution_titv_5pct,2,markers,0.9710145,0.7463768,0.6759259,0.8425926,0.9246326255490206,0.5407326348571284,619.0,0.8772314340747998,0.2893404375302629,0.0015929518265553565,0.38296732,Thermococcus,genus,
G_r001_indel_5pct,2,markers,0.39855072,0.5797101,0.6759259,0.7962963,0.6540156844942028,0.9260519218235456,911.0,0.7086706077218131,0.29231465994447314,0.0023712139023392867,0.19644696,Lacticaseibacillus,genus,
G_r047_substitution_titv_0p1pct,2,markers,0.19565217,0.0942029,0.46296296,0.1574074,0.5957556777859326,0.08294513655005034,644.0,0.6113840305900249,0.14814161369775708,0.0011945714778969518,0.42828673,Chlorobiaceae,family,
G_r023_chimera_20pct,3,markers + neural network,0.9927536,0.0,0.5462963,0.027777778,1.0,0.007259528130671506,551.0,1.0,0.003139362216129364,0.0011639949774074991,0.66223806,Methanobacteriaceae,family,
G_r032_chimera_40pct,3,markers + neural network,0.45652175,0.04347826,0.7962963,0.0,0.8429292621034564,0.03939393939393939,330.0,0.838958381044328,0.03740035525120098,0.001105563698761872,0.49814633,Bacteria,superkingdom,
G_r051_substitution_titv_0p1pct,3,markers + neural network,0.5072464,0.1594203,0.9351852,0.12962963,0.9832826747720365,0.12411348290718797,329.0,1.0,0.11280498910648154,0.0010094851427722646,0.426063,Bacteria,superkingdom,
G_r026_substitution_0p5pct,3,markers + neural network,0.6666667,0.28985506,0.8518519,0.2962963,0.8706896551724138,0.21443965517241378,232.0,0.8557904789726255,0.20698489573248433,0.0007806764630070509,0.32904395,Bacteria,superkingdom,
G_r072_indel_2pct,2,markers,0.39130434,0.82608694,0.712963,1.25,0.6967661843371036,1.6713537719119247,804.0,0.6994885292712713,0.2055804208633336,0.0038956900898728017,0.11703735,Fusobacterium,genus,
G_r024_uneven_coverage_40pct,2,markers,0.5217391,0.6376812,0.962963,1.2592592,0.9051043517075116,0.7521268132114631,431.0,0.8612170142940309,0.28512026659263184,0.0009178026614735476,0.26391616,Myxococcales,order,
G_r067_chimera_20pct,3,markers + neural network,0.47826087,0.057971016,1.0,0.037037037,1.0,0.04551184880751525,661.0,1.0,0.07439957863179761,0.0011334119627325362,0.7004202,Weeksellaceae,family,
G_r009_indel_2pct,2,markers,0.7753623,1.268116,0.4722222,1.0555556,0.7332439678284183,1.3948614616496313,373.0,0.7271752416279658,0.29007822038390274,0.0030448704442823907,0.14737701,Methanomicrobia,class,
G_r074_substitution_titv_5pct,3,markers + neural network,0.4057971,0.07971015,0.75,0.12962963,0.8608247422680413,0.2809278350515464,194.0,0.8472854631691635,0.21763588770070222,0.0013128578354733098,0.3473787,Bacteria,superkingdom,
G_r066_substitution_1pct,3,markers + neural network,0.5,0.51449275,0.8888889,0.6203704,0.8584897228713626,0.2345014627048459,799.0,0.8169581733745541,0.2169038974518975,0.001214485367490832,0.47580647,Micromonospora,genus,
G_r030_chimera_40pct,3,markers + neural network,0.42028984,0.08695652,0.7962963,0.055555556,0.8362068965517241,0.04310344827586207,232.0,0.7975674949884848,0.07027091636154023,0.0007145125015835357,0.38561362,Bacteria,superkingdom,
G_r078_substitution_0p1pct,3,markers + neural network,0.442029,0.04347826,0.8055556,0.0,0.7108576032850478,0.01248070928785536,864.0,0.7009057680755386,0.006690460840420874,0.0014071010160126118,0.58061594,Thermus,genus,
G_r068_uneven_coverage_20pct,3,markers + neural network,0.28985506,0.2173913,0.7037037,0.2962963,0.8446016519376547,0.17839934094117418,1010.0,0.7915660046839106,0.24101369401974312,0.001333293487780825,0.5929045,Campylobacter,genus,
G_r053_none_control,3,markers + neural network,1.0,0.0,0.5185185,0.018518519,1.0,0.008842443729903537,622.0,1.0,0.0070966372810715925,0.0012391662173751197,0.7598083,Thermococcus,genus,
G_r010_substitution_titv_1pct,3,markers + neural network,0.442029,0.07971015,0.9166667,0.12037037,0.9318181818181818,0.13636363636363635,264.0,0.9472099926620844,0.1531323581458528,0.0009513172730837479,0.49754062,Bacteria,superkingdom,
G_r060_uneven_coverage_40pct,2,markers,0.46376812,0.0942029,0.2037037,0.055555556,0.5788804265378996,0.23282442748091603,262.0,0.6808903145763161,0.18031271716739122,0.001113171377565267,0.28208098,Archaea,superkingdom,
G_r066_chimera_10pct,3,markers + neural network,0.49275362,0.4347826,0.8981481,0.4722222,0.8634959806936405,0.13746348967092656,799.0,0.8418845237203377,0.12379363972925281,0.001127435007216428,0.5366507,Micromonospora,genus,
G_r013_chimera_20pct,2,markers,0.21014492,0.014492754,0.4537037,0.0,0.577639751552795,0.018633540372670808,161.0,0.6361497951726625,0.056309137458154045,0.0007379904800268966,0.34431696,Bacteria,superkingdom,
G_r016_indel_2pct,2,markers,0.45652175,1.2536232,0.8888889,1.9537038,0.875,2.0276639344262297,244.0,0.7754390307690123,0.2689087957293583,0.003610570827798509,0.14823298,Bacteria,superkingdom,
G_r034_indel_1pct,2,markers,0.45652175,0.615942,0.8796296,0.8333333,0.9044943820224719,1.077247191011236,178.0,0.8897233038263705,0.2726030391440245,0.0013214826265273932,0.19366226,Bacteria,superkingdom,
G_r023_substitution_1pct,3,markers + neural network,0.9782609,0.08695652,0.5555556,0.06481481,0.9926215277777778,0.12731480598449707,576.0,0.9977904126511052,0.12064295181731075,0.001273520489061197,0.5767771,Methanobacteriaceae,family,
G_r047_substitution_5pct,2,markers,0.1884058,0.1884058,0.42592594,0.25925925,0.5761128301205842,0.34717908112899115,644.0,0.6220627714863781,0.28316131523547905,0.001528842934127088,0.3071749,Chlorobiaceae,family,
G_r002_indel_0p1pct,3,markers + neural network,0.36956522,0.123188406,0.8148148,0.19444445,0.8156565216196564,0.23953825054746686,462.0,0.7738921649688417,0.2618962780574159,0.0014324015652759006,0.40273324,Microbacteriaceae,family,
G_r048_indel_1pct,2,markers,0.3043478,0.3043478,0.6203704,0.49074075,0.676056338028169,0.7089201877934272,213.0,0.7539538289565374,0.28045447310089455,0.0017544049810855633,0.19895081,Bacteria,superkingdom,
G_r073_substitution_1pct,3,markers + neural network,0.7173913,0.14492753,0.42592594,0.09259259,0.7412186817456318,0.14408602150537633,465.0,0.712894664085044,0.1943483992250949,0.0011635910496682967,0.4119592,Methanomicrobiaceae,family,
G_r031_uneven_coverage_5pct,3,markers + neural network,0.64492756,0.050724637,0.44444445,0.037037037,0.6767337466246329,0.05201342281879195,149.0,0.6682697420353111,0.0776468488367224,0.0008395020796273036,0.31463516,Archaea,superkingdom,
G_r013_substitution_5pct,2,markers,0.19565217,0.0942029,0.42592594,0.11111111,0.4778481012658228,0.2120253164556962,158.0,0.6513120913363744,0.18683029737258536,0.0007494402618044648,0.25395617,Bacteria,superkingdom,
G_r048_indel_0p5pct,2,markers,0.3188406,0.2753623,0.6574074,0.42592594,0.7638036809815951,0.6114519271382525,163.0,0.7791099660597947,0.25531974369769783,0.0015360269547955937,0.21784009,Bacteria,superkingdom,
G_r037_substitution_titv_1pct,3,markers + neural network,0.49275362,0.19565217,0.9444444,0.2037037,0.7730243068335629,0.15932117914356358,658.0,0.6782563549756528,0.15917756805299096,0.0011994491558543804,0.39445806,Streptomyces,genus,
G_r040_uneven_coverage_10pct,3,markers + neural network,0.41304347,0.13768116,0.7685185,0.22222222,0.7300872552999693,0.16189306730529485,611.0,0.6855909282108517,0.15340943838532978,0.0010020105761213785,0.33565477,Cyanophyceae,class,
G_r059_chimera_40pct,3,markers + neural network,0.3043478,0.11594203,0.6111111,0.009259259,0.7030716723549488,0.023890784982935155,293.0,0.6908179884425649,0.0,0.0011181374903762,0.4051725,Bacteria,superkingdom,
G_r021_chimera_10pct,3,markers + neural network,0.5,0.06521739,0.9537037,0.027777778,1.0,0.045857991927709334,507.0,1.0,0.033925862692457204,0.0012008324011853492,0.67255783,Thermotogales,order,
G_r001_uneven_coverage_5pct,3,markers + neural network,0.44927537,0.050724637,0.7407407,0.0,0.730610298267769,0.047453224039375165,962.0,0.7133754526339844,0.07721517208088965,0.0012062358341345138,0.5494701,Lacticaseibacillus paracasei,species,
G_r066_chimera_40pct,3,markers + neural network,0.49275362,0.4347826,0.8981481,0.4722222,0.8634959806936405,0.13746348967092656,799.0,0.8417863255027661,0.1244476167463631,0.0011272787229071382,0.5368481,Micromonospora,genus,
G_r041_substitution_2pct,3,markers + neural network,0.23913044,0.08695652,0.6296296,0.16666667,0.7208157953833729,0.28270042194092826,237.0,0.7379117002867961,0.2520408374233549,0.0013440491851202223,0.39755654,Bacteria,superkingdom,
G_r063_uneven_coverage_5pct,3,markers + neural network,0.5072464,0.06521739,0.9351852,0.018518519,0.9858657243816255,0.054770318021201414,283.0,0.9835063148763276,0.04985130760667213,0.0009901215090101058,0.4658065,Bacteria,superkingdom,
G_r054_indel_2pct,2,markers,0.34057972,0.41304347,0.6388889,0.7314815,0.6990521327014217,1.2748815165876777,211.0,0.6226121350743052,0.30935773146675344,0.0014849407949141167,0.14569515,Bacteria,superkingdom,
G_r038_none_control,3,markers + neural network,0.32608697,0.14492753,0.712963,0.37037036,0.7097860213813432,0.22233371559633028,872.0,0.6281520730531454,0.23396173898287323,0.0010996139601940856,0.35536546,Bacteroides,genus,
G_r024_indel_5pct,2,markers,0.48550725,0.9130435,0.8611111,1.4166666,0.7853828306264501,1.1728538283062646,431.0,0.7258371935553061,0.309104506695627,0.0013859843033102999,0.19015512,Myxococcales,order,
G_r015_uneven_coverage_20pct,3,markers + neural network,0.4057971,0.057971016,0.8425926,0.046296295,0.7001013016628277,0.08358662613981763,329.0,0.6598842971006107,0.09679697781478719,0.0007923531165053433,0.3632971,Planctomycetia,class,
G_r034_substitution_titv_5pct,3,markers + neural network,0.46376812,0.17391305,0.7962963,0.19444445,0.8670520231213873,0.24566473988439305,173.0,0.8505115503589737,0.19721656617737776,0.0007457953744355499,0.32923457,Bacteria,superkingdom,
G_r037_chimera_20pct,3,markers + neural network,0.49275362,0.1521739,0.9444444,0.12037037,0.7681704413621946,0.08671679389207883,665.0,0.6964692251510476,0.09789475787440097,0.0011126009563119572,0.42125803,Streptomyces,genus,
G_r008_indel_1pct,2,markers,0.3478261,0.7463768,0.6203704,0.8796296,0.7663598932371549,1.7465544718174846,815.0,0.6979254144111371,0.20505669173621055,0.003121734221848537,0.12199424,Fusobacterium,genus,
G_r005_none_control,3,markers + neural network,0.32608697,0.050724637,0.6018519,0.018518519,0.6253333423755787,0.011604937800654658,675.0,0.6376440325352521,0.03630409893045492,0.0011791373938836536,0.47954074,Synechococcales,order,
G_r005_substitution_titv_5pct,3,markers + neural network,0.3188406,0.14492753,0.6018519,0.23148148,0.6052249637155298,0.2766086262784606,689.0,0.6326514212455548,0.24385699537423508,0.0015192153048301897,0.35681322,Synechococcales,order,
G_r055_substitution_0p1pct,3,markers + neural network,0.51449275,0.2173913,0.9814815,0.25925925,0.9200056327603298,0.26238175584796275,599.0,0.8981217246340759,0.2573283219432835,0.0012013408810766604,0.42116502,Desulfovibrionaceae,family,
G_r015_uneven_coverage_5pct,3,markers + neural network,0.4057971,0.036231883,0.8425926,0.018518519,0.7303763112714213,0.04032258064516129,310.0,0.6817613366569456,0.04944534201160785,0.0007986452186194726,0.40089938,Planctomycetia,class,
G_r001_substitution_1pct,3,markers + neural network,0.44927537,0.08695652,0.7407407,0.009259259,0.7316365999788851,0.12335135794974662,925.0,0.6807653352420087,0.2005575358500318,0.0013566559847922799,0.49736354,Lacticaseibacillus,genus,
G_r042_chimera_20pct,3,markers + neural network,0.2826087,0.057971016,0.5833333,0.0,0.6888054284766678,0.018643306379155435,1113.0,0.6862595456518241,0.023618091221166034,0.0009063088696863368,0.57255524,Leptospira,genus,
G_r038_substitution_2pct,2,markers,0.32608697,0.24637681,0.7037037,0.5925926,0.7108702680429517,0.5180131004366813,916.0,0.6366896700931307,0.2958562032927824,0.0013828899105654713,0.27786732,Bacteroides,genus,
G_r012_substitution_2pct,3,markers + neural network,0.28985506,0.08695652,0.6203704,0.12962963,0.6140684410646388,0.1920152091254753,263.0,0.6474604180309365,0.22599627674722986,0.0013514034931944026,0.3191561,Bacteria,superkingdom,
G_r032_uneven_coverage_10pct,3,markers + neural network,0.45652175,0.050724637,0.7962963,0.027777778,0.8267759229316086,0.05081967213114754,305.0,0.8271161182034976,0.03683523286140522,0.0010982532685752933,0.46013603,Bacteria,superkingdom,
G_r061_substitution_1pct,3,markers + neural network,0.442029,0.13043478,0.8518519,0.06481481,0.8781512605042017,0.12394957983193278,238.0,0.854231917994365,0.126895395939033,0.0007925252754526025,0.36840037,Bacteria,superkingdom,
G_r045_indel_5pct,2,markers,0.41304347,0.4347826,0.7222222,0.5833333,0.8266932270916335,0.9442231075697212,251.0,0.831031522275735,0.2663029804744127,0.0013845357539667151,0.22862987,Bacteria,superkingdom,
G_r048_substitution_5pct,3,markers + neural network,0.29710144,0.10144927,0.5925926,0.083333336,0.6666666666666666,0.1918238993710692,159.0,0.7235218634485352,0.18942696211681295,0.0009707294869532099,0.30691138,Bacteria,superkingdom,
G_r049_substitution_1pct,3,markers + neural network,0.24637681,0.04347826,0.5740741,0.018518519,0.7037290343773782,0.0776255707762557,657.0,0.6797932820834884,0.11305163108780489,0.001138567845805784,0.4811416,Deinococcus,genus,
G_r020_substitution_5pct,2,markers,0.19565217,0.11594203,0.41666666,0.12962963,0.5151435712610151,0.19765012258026682,383.0,0.6299050757026885,0.18308225704748682,0.0013080285724010833,0.2690603,Desulfovibrionaceae,family,
G_r016_chimera_40pct,3,markers + neural network,0.46376812,0.13768116,0.8981481,0.14814815,0.8908521609198778,0.07518796992481203,266.0,0.8832214186936843,0.14034513963480635,0.001351708115528803,0.53635794,Bacteria,superkingdom,
G_r014_substitution_titv_0p1pct,3,markers + neural network,0.4347826,0.036231883,0.7222222,0.0,0.6416957797493452,0.021924717184828378,859.0,0.6276195782235677,0.023529928847443628,0.0014587681144229373,0.52308637,Thermus,genus,
G_r015_substitution_titv_5pct,2,markers,0.39855072,0.16666667,0.8148148,0.25925925,0.7312703583061889,0.36536375163820745,307.0,0.6917964413041416,0.25580562603444035,0.0010034147499090125,0.2968624,Planctomycetia,class,
G_r074_substitution_1pct,3,markers + neural network,0.42753622,0.072463766,0.7592593,0.09259259,0.866504854368932,0.1108414270345447,206.0,0.8644578244230466,0.19976345546410465,0.001182116806214557,0.43109465,Bacteria,superkingdom,
G_r014_chimera_10pct,3,markers + neural network,0.4347826,0.028985508,0.7222222,0.0,0.6416957797493452,0.015521924348593591,859.0,0.6305985776640819,0.014044218846131655,0.0014464791858078778,0.52732146,Thermus,genus,
G_r017_substitution_titv_0p1pct,3,markers + neural network,0.2536232,0.11594203,0.5648148,0.046296295,0.6741737821208897,0.09169776404081885,536.0,0.6290699780499484,0.15810791558614457,0.0012372772941894243,0.41524065,Geobacteraceae,family,
G_r035_substitution_titv_5pct,3,markers + neural network,0.39855072,0.2173913,0.7777778,0.19444445,0.7522727272727273,0.21136363636363636,220.0,0.7422481605873041,0.20323005540956623,0.001142599160237256,0.3596793,Bacteria,superkingdom,
G_r043_indel_0p1pct,2,markers,0.5072464,0.36956522,1.0,0.6296296,0.9995258705714349,0.5641773381239998,703.0,0.9887911624631982,0.2867658006665637,0.0015197865367265154,0.43034312,Leptotrichia,genus,
G_r034_chimera_10pct,3,markers + neural network,0.49275362,0.06521739,0.9351852,0.009259259,0.9293478260869565,0.021739130434782608,184.0,0.8898042798474749,0.0695009977921326,0.0007298529289966253,0.4244397,Bacteria,superkingdom,
G_r048_substitution_0p5pct,3,markers + neural network,0.32608697,0.04347826,0.6574074,0.018518519,0.7377300613496932,0.05112474827678657,163.0,0.7084170592814723,0.10860884392615217,0.0009149938226305376,0.38908568,Bacteria,superkingdom,
G_r017_substitution_titv_0p5pct,3,markers + neural network,0.2536232,0.11594203,0.5648148,0.074074075,0.67589119225465,0.11703635760464201,541.0,0.6347366284555899,0.18890609230866762,0.0012746909842524467,0.40221864,Geobacteraceae,family,
G_r007_uneven_coverage_5pct,3,markers + neural network,0.2753623,0.04347826,0.5648148,0.083333336,0.7936115947248988,0.08631458964827113,587.0,0.7756438398408487,0.14771280160658862,0.001132042204136262,0.61704,Borrelia,genus,
G_r039_indel_2pct,2,markers,0.35507247,0.9492754,0.5925926,0.9814815,0.6129160063391442,1.7751188202629755,631.0,0.5485640096044412,0.28406471217618334,0.004397869970468111,0.1127837,Campylobacter,genus,
G_r006_substitution_1pct,3,markers + neural network,0.442029,0.11594203,0.9351852,0.11111111,1.0,0.19785276073619631,326.0,1.0,0.1836091643969891,0.001252240186285967,0.5608103,Chlamydiia,class,
G_r021_substitution_0p1pct,3,markers + neural network,0.5,0.072463766,0.9537037,0.037037037,0.9990138067061144,0.06623932125535473,507.0,1.0,0.05342590459968276,0.0012135884962895158,0.6569829,Thermotogales,order,
G_r058_chimera_20pct,3,markers + neural network,0.942029,0.007246377,0.5185185,0.037037037,0.8986546811501541,0.002242152466367713,446.0,0.8954759282319424,0.0,0.0009062415307472286,0.6562382,Methanobacteriaceae,family,
G_r000_chimera_10pct,3,markers + neural network,0.42028984,0.1521739,0.6759259,0.18518518,0.6510355780014446,0.10270005943131273,1644.0,0.6270883076464987,0.1725577056530794,0.0012996201959893934,0.44373822,Klebsiella,genus,
G_r065_uneven_coverage_5pct,3,markers + neural network,0.49275362,0.0942029,1.0,0.11111111,1.0,0.05704315301730548,788.0,1.0,0.023372768904870125,0.0013843812717238828,0.69680774,Streptococcus,genus,
G_r062_substitution_0p5pct,3,markers + neural network,0.46376812,0.072463766,0.8055556,0.027777778,0.7067690904636839,0.03924914675767918,293.0,0.6856208986407453,0.06365112631914038,0.0013131156412129101,0.4649757,Bacteria,superkingdom,
G_r050_substitution_titv_0p5pct,3,markers + neural network,0.46376812,0.123188406,0.8796296,0.074074075,0.8233487177554364,0.08755760368663594,434.0,0.8085593606585654,0.0939285716986959,0.0007940097098541744,0.43939987,Planctomycetaceae,family,
G_r064_chimera_5pct,3,markers + neural network,0.5072464,0.10144927,1.0,0.0,1.0,0.014194140067467323,728.0,1.0,0.007758467133773254,0.0011333504266291912,0.6805078,Xanthomonadaceae,family,
G_r069_uneven_coverage_20pct,3,markers + neural network,0.4347826,0.123188406,0.8611111,0.18518518,0.7540584415584416,0.18831168831168832,616.0,0.6836939560255927,0.2404099837108539,0.001170694220726493,0.41881242,Cyanobacteriota,phylum,
G_r031_chimera_40pct,3,markers + neural network,0.64492756,0.007246377,0.44444445,0.027777778,0.6462167377120878,0.010736196319018405,163.0,0.6483642903671499,0.026458677825973213,0.0008435400564368467,0.32625642,Archaea,superkingdom,
G_r056_indel_5pct,2,markers,0.4347826,0.8405797,0.7592593,1.2037038,0.733634983252616,1.2266213257388292,442.0,0.634674119505284,0.2740065415565406,0.0023142455184167287,0.20039667,Thermotogae,class,
G_r016_indel_0p5pct,2,markers,0.46376812,0.71014494,0.8888889,1.2407408,0.8870967741935484,1.2067448680351907,341.0,0.8547785269279291,0.266129537919278,0.0027650911466399358,0.22285782,Bacteria,superkingdom,
